X,Y,Z,LINE,STN_CORR,Elev_trim[0],Elev_trim[1],Elev_trim[2],Elev_trim[3],Elev_trim[4],Elev_trim[5],Elev_trim[6],Elev_trim[7],Elev_trim[8],Elev_trim[9],Elev_trim[10],Elev_trim[11],Elev_trim[12],Elev_trim[13],Elev_trim[14],Elev_trim[15],Elev_trim[16],Elev_trim[17],Elev_trim[18],Elev_trim[19],Elev_trim[20],Elev_trim[21],Elev_trim[22],Elev_trim[23],Elev_trim[24],Elev_trim[25],Elev_trim[26],Elev_trim[27],Elev_trim[28],Elev_trim[29],Elev_trim[30],Elev_trim[31],Elev_trim[32],Elev_trim[33],Elev_trim[34],Elev_trim[35],Elev_trim[36],Elev_trim[37],Elev_trim[38],Elev_trim[39],Elev_trim[40],Elev_trim[41],Elev_trim[42],Elev_trim[43],Elev_trim[44],Elev_trim[45],Elev_trim[46],Elev_trim[47],Elev_trim[48],Elev_trim[49],Elev_trim[50],Elev_trim[51],Elev_trim[52],Elev_trim[53],Elev_trim[54],Elev_trim[55],Elev_trim[56],Elev_trim[57],Elev_trim[58],Elev_trim[59],Elev_trim[60],Res_trim[0],Res_trim[1],Res_trim[2],Res_trim[3],Res_trim[4],Res_trim[5],Res_trim[6],Res_trim[7],Res_trim[8],Res_trim[9],Res_trim[10],Res_trim[11],Res_trim[12],Res_trim[13],Res_trim[14],Res_trim[15],Res_trim[16],Res_trim[17],Res_trim[18],Res_trim[19],Res_trim[20],Res_trim[21],Res_trim[22],Res_trim[23],Res_trim[24],Res_trim[25],Res_trim[26],Res_trim[27],Res_trim[28],Res_trim[29],Res_trim[30],Res_trim[31],Res_trim[32],Res_trim[33],Res_trim[34],Res_trim[35],Res_trim[36],Res_trim[37],Res_trim[38],Res_trim[39],Res_trim[40],Res_trim[41],Res_trim[42],Res_trim[43],Res_trim[44],Res_trim[45],Res_trim[46],Res_trim[47],Res_trim[48],Res_trim[49],Res_trim[50],Res_trim[51],Res_trim[52],Res_trim[53],Res_trim[54],Res_trim[55],Res_trim[56],Res_trim[57],Res_trim[58],Res_trim[59],Res_trim[60]
262898.176802841,3842553.43449336,599.961578420995,L1_1,9.5,599.961578420995,594.92991381871,589.646665986312,584.099255762294,578.274475027074,572.158455255094,565.736634494515,558.993722695906,551.913665307368,544.479605049402,536.673841778538,528.477790344131,519.871936338003,510.835789631569,501.347835589814,491.385483845971,480.925014514935,469.941521717348,458.408854279881,446.299553470541,433.584787620734,420.234283478437,406.216254129025,391.497323312142,376.042445954415,359.814824728802,342.775822441908,324.884870040669,306.099370019369,286.374594997003,265.663581223519,243.918411469986,221.228214000445,197.403506657427,172.387563947258,146.12082410158,118.540747263619,89.5816665837598,59.1746318699075,27.2472454203625,,,,,,,,,,,,,,,,,,,,,,16.5960925737539,12.9442631525909,8.22752335332101,5.78016307211298,4.39128452642942,3.52100239118337,3.08958019573807,3.08780178904773,3.52120878867595,4.41472507828718,5.80113525343955,7.69682160162204,10.0738337695946,12.8318423258067,15.7874088399285,18.7018517237351,21.340904097715,23.5306057949506,25.1802929111157,26.272726069365,26.8398595690139,26.9405617176567,26.6461788388846,26.0327207293956,25.1764574006062,24.1506176391339,23.0224606468297,21.8507575046223,20.684042640494,19.5599515305788,18.5055885878756,17.5385826832169,16.6686580525897,15.8984971264954,15.2251183067652,14.6419037587949,14.1398520818558,13.7086163792935,13.3373059323124,13.0151460916235,,,,,,,,,,,,,,,,,,,,,
262903.131978466,3842556.82762768,599.764414356877,L1_1,15.5,599.764414356877,594.73553783637,589.455217489838,583.910881125979,578.089327943927,571.976697102773,565.558434719561,558.819259217188,551.743124939696,544.31318394833,536.511745907396,528.320235964415,519.719150524285,510.688010812148,501.205314114405,491.248482581774,480.793809472512,469.816402707787,458.290125604826,446.187534646716,433.479814140701,420.136707609385,406.126445751504,391.415670800728,375.969357102414,359.750727719183,342.721166866792,324.840127971781,306.065037132019,286.351191750269,265.651654099431,243.918411469986,221.228214000445,197.403506657427,172.387563947258,146.12082410158,118.540747263619,89.5816665837598,59.1746318699075,27.2472454203625,,,,,,,,,,,,,,,,,,,,,,13.5066878877896,11.835478120906,9.06911405349699,6.94505944234114,5.23147790928721,3.92580213468468,3.18534448947127,3.01469746726966,3.36944044390892,4.24438234497918,5.66369840164346,7.64088894610251,10.1425351842984,13.0574796925623,16.1843408230367,19.2609179690548,22.0305282709541,24.3053470965437,25.9921528698765,27.0799791862649,27.6112966123852,27.6559173206926,27.2944769322632,26.6099444062139,25.6833272550907,24.5907980738622,23.4012479230835,22.1741828090689,20.9583010385888,19.7910566524535,18.6991859600998,17.699854838905,16.802270986878,16.0086164024249,15.3154541815504,14.715730547144,14.200031630753,13.7576225809382,13.3772496179373,13.0478025570739,,,,,,,,,,,,,,,,,,,,,
262908.500085393,3842560.50352319,599.369825089508,L1_1,22,599.369825089508,594.346528425304,589.072066927889,583.533882355605,577.718788554705,571.612940063761,565.20179914827,558.470101187004,551.401818327675,543.980121325379,536.187339472969,528.004918527938,519.413376535655,510.392257443759,500.920082397267,490.974298598451,480.531225609694,469.5659989715,458.052511001395,445.963348632786,433.269728145746,419.941426634353,405.946710047392,391.252257631082,375.823082593957,359.622448804975,342.611783326544,324.750584574192,305.996325884222,286.304354259754,265.627784054063,243.918411469986,221.228214000445,197.403506657427,172.387563947258,146.12082410158,118.540747263619,89.5816665837598,59.1746318699075,27.2472454203625,,,,,,,,,,,,,,,,,,,,,,9.58295818795778,10.2329963954077,10.9010495464156,9.73370415056321,7.12716507479777,4.70281587932508,3.30222646386596,2.832673018502,3.06050967077082,3.90350054380473,5.37814804963121,7.50508048090384,10.2481085709755,13.4771063796779,16.9538492905311,20.3660632227704,23.4085545928726,25.8629507547464,27.629748617528,28.7107706618862,29.1704584289523,29.1015312131947,28.6039922063637,27.7752270309935,26.7059786269464,25.478411138744,24.1646920048321,22.8257673817759,21.5106233676489,20.2563135817519,19.0888045968121,18.0243078339616,17.0709766857472,16.2299800734017,15.4969625998947,14.8639911772444,14.3208192043298,13.8559276402467,13.4573280914932,13.1132320769164,,,,,,,,,,,,,,,,,,,,,
262913.455260957,3842563.89665733,598.975235822138,L1_1,28,598.975235822138,593.957519014237,588.688916365941,583.15688358523,577.348249165484,571.24918302475,564.845163576979,558.12094315682,551.060511715653,543.647058702428,535.862933038542,527.689601091461,519.107602547026,510.096504075369,500.63485068013,490.700114615128,480.268641746876,469.315595235212,457.814896397965,445.739162618855,433.05964215079,419.746145659322,405.76697434328,391.088844461436,375.6768080855,359.494169890767,342.502399786297,324.661041176604,305.927614636426,286.25751676924,265.603914008694,243.918411469986,221.228214000445,197.403506657427,172.387563947258,146.12082410158,118.540747263619,89.5816665837598,59.1746318699075,27.2472454203625,,,,,,,,,,,,,,,,,,,,,,9.00514640677814,10.6971316467731,13.5437025785316,12.7752489996969,8.8124696213662,5.23258708583229,3.31617325296558,2.66141502678621,2.81782191249959,3.64298461334175,5.16149516923821,7.41513508251779,10.3763737877542,13.9029493150351,17.7222077828998,21.4707674666632,24.7916292291767,27.4320640362942,29.2836198613235,30.3599539770417,30.7478155547421,30.5637086415531,29.9278631962834,28.952671482904,27.7389024282142,26.37478577583,24.9357149285586,23.4839871252179,22.0687888682441,20.7267141623271,19.4829201908676,18.3526410671415,17.3429653138521,16.4540571617718,15.6806606639623,15.0139759072903,14.4429319325977,13.9552246727135,13.5381272441391,13.1791668306546,,,,,,,,,,,,,,,,,,,,,
262918.823367752,3842567.57255246,598.580646554768,L1_1,34.5,598.580646554768,593.56850960317,588.305765803992,582.779884814855,576.977709776262,570.885425985738,564.488528005689,557.771785126636,550.719205103632,543.313996079477,535.538526604114,527.374283654983,518.801828558396,509.800750706979,500.349618962992,490.425930631805,480.006057884059,469.065191498925,457.577281794535,445.514976604925,432.849556155835,419.55086468429,405.587238639168,390.92543129179,375.530533577043,359.365890976558,342.39301624605,324.571497779016,305.85890338863,286.210679278725,265.580043963325,243.918411469986,221.228214000445,197.403506657427,172.387563947258,146.12082410158,118.540747263619,89.5816665837598,59.1746318699075,27.2472454203625,,,,,,,,,,,,,,,,,,,,,,11.5846392792938,13.4725997295679,16.3425495998943,14.6544404162627,9.5733687189798,5.42689430802293,3.31409098943963,2.59595852304522,2.72858446440193,3.55428198337723,5.11468521350884,7.47693030772115,10.6293776931881,14.4250840164321,18.562159348852,22.6287191527951,26.2161160932202,29.0355472377448,30.9673188092779,32.0352382279571,32.347641919555,32.0447919361671,31.2673802151293,30.1430055665859,28.7825284779652,27.2801901046383,25.7144909954411,24.1489566848994,22.6328688541031,21.202293987062,19.8815393404293,18.6848418198534,17.6182155924429,16.6808258073452,15.8665304889339,15.1656726225032,14.5663634089422,14.0555117452473,13.6196483529562,13.245610289228,,,,,,,,,,,,,,,,,,,,,
262923.778543255,3842570.96568643,598.288735442671,L1_1,40.5,598.288735442671,593.280726383526,588.022316871423,582.500986883716,576.703590396622,570.616324085175,564.224694458155,557.513483349784,550.466711685994,543.067601439015,535.298535679687,527.141016632392,518.575621632733,509.581956883091,500.138608895967,490.223093509486,479.811802353681,468.879946640087,457.401498140812,445.349127216574,432.694137746124,419.406398802151,405.45427291098,390.80454072525,375.422321930234,359.270992195467,342.312095973961,324.50525494138,305.808071857171,286.17602961875,265.562385268409,243.918411469986,221.228214000445,197.403506657427,172.387563947258,146.12082410158,118.540747263619,89.5816665837598,59.1746318699075,27.2472454203625,,,,,,,,,,,,,,,,,,,,,,10.853395762244,12.2343956946919,14.397646004403,13.1847668972595,9.02472248483882,5.3780657610402,3.4070810137735,2.71190397584886,2.85140708366786,3.69633124664912,5.30392986801937,7.76070988062166,11.0721724244803,15.093727202732,19.5030500947093,23.8477322168665,27.6724295290694,30.6530127463158,32.6560887606797,33.7121741974548,33.9484304781952,33.5272444758648,32.608989700094,31.3361561296886,29.8295813141753,28.1894695977862,26.4974121756593,24.8181558233024,23.2010910022419,21.681780773179,20.2837148880233,19.0201736536104,17.8961432986729,16.9098232083766,16.0542056059832,15.3187928420383,14.6908840220512,14.1566060170944,13.7017458409261,13.3124463360639,,,,,,,,,,,,,,,,,,,,,
262929.14665005,3842574.64158157,598.099943915382,L1_1,47,598.099943915382,593.094604542619,587.838998201217,582.320611542745,576.52630555135,570.442284260385,564.054061904872,557.346428431582,550.303413284629,542.908247380328,535.143323180812,526.990152771319,518.429323841353,509.440453464888,500.0021395696,490.091909979547,479.686168909992,468.760140786958,457.287811257774,445.24186525213,432.593621946204,419.312966474981,405.368278230198,390.726355573175,375.352336783301,359.209617053933,342.259761338097,324.46241283647,305.77519690976,286.153620186716,265.550964627519,243.918411469986,221.228214000445,197.403506657427,172.387563947258,146.12082410158,118.540747263619,89.5816665837598,59.1746318699075,27.2472454203625,,,,,,,,,,,,,,,,,,,,,,7.57055703807435,8.72762871868702,10.8813888461051,10.8960598884722,8.32042900066121,5.48796420343467,3.74217234164843,3.08009263531732,3.23203443931952,4.10699844970199,5.76774059674602,8.30937437949076,11.7510323960542,15.9543586196739,20.5849311563641,25.159412461625,29.1830765629214,32.2990860124259,34.3587137242149,35.3956962864918,35.5528038738545,35.0124027793888,33.9533559793426,32.5324555181878,30.8802357749761,29.1027238620442,27.2845378630595,25.4916185770391,23.7734699508644,22.1651725397158,20.6894306631051,19.358609885182,18.1767175913514,17.141020451895,16.243662935692,15.4733204821352,14.8164838738432,14.2585025691359,13.784418683833,13.3796766798924,,,,,,,,,,,,,,,,,,,,,
262934.101825432,3842578.03471519,597.911152388094,L1_1,53,597.911152388094,592.908482701712,587.655679531011,582.140236201775,576.349020706078,570.268244435595,563.883429351588,557.179373513381,550.140114883264,542.748893321641,534.988110681936,526.839288910247,518.283026049973,509.298950046685,499.865670243233,489.960726449608,479.560535466302,468.64033493383,457.174124374735,445.134603287686,432.493106146283,419.219534147811,405.282283549415,390.6481704211,375.282351636368,359.1482419124,342.207426702234,324.419570731559,305.74232196235,286.131210754681,265.539543986629,243.918411469986,221.228214000445,197.403506657427,172.387563947258,146.12082410158,118.540747263619,89.5816665837598,59.1746318699075,27.2472454203625,,,,,,,,,,,,,,,,,,,,,,8.39661989705549,9.10985508700129,10.428707430164,10.3945399119313,8.42130150584297,6.01011356390987,4.37611372164813,3.71317515928,3.86676865829111,4.76872687315476,6.47682984093126,9.08600563968436,12.6246948038085,16.9627152597102,21.7611359123419,26.5158857125836,30.7010778690871,33.9301202027154,36.036887906163,37.0539551863624,37.1355222203134,36.4810585250783,35.2863532730643,33.7218014904629,31.9274169831258,30.0150720974344,28.0725217319876,26.167049277439,24.3484105426795,22.6513279241972,21.097834536916,19.6994833073174,18.4593981633973,17.3739798926383,16.434550597331,15.6289709900262,14.9429341826598,14.3610164904416,13.8675183550248,13.4471835266626,,,,,,,,,,,,,,,,,,,,,
262939.469931962,3842581.71060957,597.722360860805,L1_1,59.5,597.722360860805,592.722360860805,587.472360860805,581.959860860805,576.171735860805,570.094204610805,563.712796798305,557.01231859518,549.976816481899,542.589539262954,534.832898183061,526.688425049174,518.136728258592,509.157446628482,499.729200916866,489.829542919669,479.434902022612,468.520529080702,457.060437491697,445.027341323242,432.392590346363,419.126101820641,405.196288868633,390.569985269024,375.212366489435,359.086866770867,342.15509206637,324.376728626648,305.70944701494,286.108801322647,265.528123345739,243.918411469986,221.228214000445,197.403506657427,172.387563947258,146.12082410158,118.540747263619,89.5816665837598,59.1746318699075,27.2472454203625,,,,,,,,,,,,,,,,,,,,,,13.461722306179,13.007887198096,12.3849550935949,11.3386158721131,9.17800799337785,6.83757390496145,5.22848300648446,4.55385772362609,4.70804626190797,5.63297652564576,7.37868157562393,10.0370366690131,13.6435285712484,18.077296034067,23.000481269832,27.8961988634555,32.21381425967,35.5392003906812,37.6870605504579,38.685175558015,38.6956967310953,37.9327716055328,36.607787731455,34.9041424579439,32.9711533350463,30.9265823974834,28.86144431741,26.8445205955834,24.9259659122936,23.1402750683834,21.5089284350933,20.0427742854984,18.744153776834,17.6086691914213,16.6268410162916,15.7857234848319,15.0702206709914,14.4641392742676,13.9510410698881,13.5149666875764,,,,,,,,,,,,,,,,,,,,,
262944.425107221,3842585.10374284,597.743022876807,L1_1,65.5,597.743022876807,592.742730696837,587.492423907869,581.979601779452,576.191138544615,570.113252148035,563.731471431627,557.030601679398,549.994688439558,542.606979537726,534.849885190802,526.704936126532,518.152739609048,509.17293326569,499.744136605165,489.843900111613,479.448651793383,468.533641059242,457.072879788394,445.039080454004,432.403591152894,419.136327386729,405.205700432255,390.578542130058,375.22002591275,359.093583884578,342.160819754997,324.381417418936,305.713044966073,286.111253890566,265.529373261285,243.918411469986,221.228214000445,197.403506657427,172.387563947258,146.12082410158,118.540747263619,89.5816665837598,59.1746318699075,27.2472454203625,,,,,,,,,,,,,,,,,,,,,,16.2712674356327,15.5540190997223,14.1027334556956,12.1762375493694,9.71023698812814,7.43623665184904,5.94224760698205,5.34078080281682,5.54419247659424,6.51113232988542,8.29541903798791,10.9930506075205,14.6496935041834,19.1564232882105,24.1809767258674,29.1993115072526,33.6402234505259,37.0628782905474,39.2605927118652,40.2528368524399,40.206506508478,39.3483125740409,37.9041796942789,36.0702262640558,34.0052126043441,31.8331021444208,29.6485460225647,27.5221778715852,25.5048540569419,23.6310853234833,21.9219976979581,20.3878939557133,19.0304890010403,17.8446764020163,16.820193573002,15.9432997661469,15.1981151463076,14.5676841220823,14.0348344235933,13.5829034519142,,,,,,,,,,,,,,,,,,,,,
262949.793213752,3842588.77963722,597.973660501312,L1_1,72,597.973660501312,592.970106892537,587.716375603323,582.199957749649,576.407719003291,570.325868319615,563.939925101755,557.234684723003,550.194182325312,542.801654807737,535.039500914284,526.889239326157,518.331464658625,509.345801257715,499.910854686761,490.004160787258,479.602132192781,468.680002168579,457.211765643167,445.170117291485,432.526386522219,419.25046921449,405.310756041374,390.674057209602,375.305523436241,359.168562974213,342.224754489083,324.433755579697,305.753206724841,286.138630427242,265.543325314764,243.918411469986,221.228214000445,197.403506657427,172.387563947258,146.12082410158,118.540747263619,89.5816665837598,59.1746318699075,27.2472454203625,,,,,,,,,,,,,,,,,,,,,,13.9295039221736,14.1892185809557,13.62731570635,11.5865546052912,9.24805025115687,7.34532953250436,6.19519318030427,5.82271270658457,6.16868053048119,7.22695085020085,9.07239254879188,11.817207793956,15.5242949199015,20.1013080416286,25.2257441712627,30.3698323853111,34.9433701974901,38.4781424723285,40.7438841167482,41.7491916498336,41.6636508014681,40.7253504829483,39.1743007758073,37.2194331391564,35.0293037536647,32.7345082035286,30.4337806376822,28.2000031078571,26.0850601056196,24.1237354236352,22.3370074237991,20.7347984857217,19.3183575689661,18.0819589501665,17.0145730171857,16.101672986493,15.3265989698664,14.6716396478374,14.1188927069606,13.6509922391337,,,,,,,,,,,,,,,,,,,,,
262954.748388889,3842592.17277014,598.204298125817,L1_1,78,598.204298125817,593.197483088237,587.940327298778,582.420313719846,576.624299461968,570.538484491195,564.148378771884,557.438767766607,550.393676211067,542.996330077749,535.229116637766,527.073542525783,518.510189708201,509.51866924974,500.077572768356,490.164421462903,479.755612592178,468.826363277916,457.350651497941,445.301154128967,432.649181891544,419.36461104225,405.415811650492,390.769572289146,375.391020959732,359.243542063848,342.288689223169,324.486093740457,305.793368483609,286.166006963918,265.557277368243,243.918411469986,221.228214000445,197.403506657427,172.387563947258,146.12082410158,118.540747263619,89.5816665837598,59.1746318699075,27.2472454203625,,,,,,,,,,,,,,,,,,,,,,12.8182847683695,12.9659784825204,12.1964410589862,10.209101525129,8.24626727656842,6.80674111948099,6.03657686034326,5.92611982262164,6.44475749576519,7.61673203932287,9.53880191820714,12.3426279547345,16.1114146599935,20.7721109566232,26.0143842339418,31.3080499524636,36.0434283992189,39.7228864890497,42.0898094535263,43.1393005434355,43.041797811311,42.0458921077747,40.4056285335926,38.3431889711808,36.0376090019287,33.6268706986973,31.2144857568643,28.8761666337966,26.6652923409358,24.6172792641216,22.7532278523386,21.0828970444723,19.607266686293,18.32010511244,17.2096381485503,16.2605603281494,15.4554387481182,14.7758149012309,14.2030604583654,13.7191075056011,,,,,,,,,,,,,,,,,,,,,
262960.116495156,3842595.84866377,598.434935750322,L1_1,84.5,598.434935750322,593.424859283937,588.164278994233,582.640669690043,576.840879920644,570.751100662775,564.356832442012,557.642850810212,550.593170096821,543.191005347761,535.418732361247,527.257845725409,518.688914757778,509.691537241765,500.244290849952,490.324682138549,479.909092991575,468.972724387252,457.489537352714,445.432190966448,432.771977260869,419.478752870011,405.520867259611,390.86508736869,375.476518483223,359.318521153483,342.352623957256,324.538431901217,305.833530242377,286.193383500594,265.571229421723,243.918411469986,221.228214000445,197.403506657427,172.387563947258,146.12082410158,118.540747263619,89.5816665837598,59.1746318699075,27.2472454203625,,,,,,,,,,,,,,,,,,,,,,13.2432210484301,12.4003367557507,10.6547186783823,8.87403146420645,7.33256700613019,6.2426636699238,5.71738440188272,5.77180510253276,6.40462783517614,7.65953638459688,9.64609376764319,12.5091768410368,16.3489302809206,21.1108021783971,26.4969386285936,31.9741818115195,36.911009296526,40.7768324186478,43.2851782933108,44.4149999917728,44.3361064149908,43.3071690228206,41.5966323595623,39.4406767016947,37.0297050968862,34.5099739666342,31.9905495457227,29.5506035770678,27.2455029355201,25.1116713014017,23.1706093599264,21.4321347996118,19.8971609051105,18.5590652472145,17.4053481244118,16.4199307502831,15.5846126092878,14.8801956296469,14.2873295195846,13.7872458963463,,,,,,,,,,,,,,,,,,,,,
262965.071670171,3842599.24179635,598.859333059626,L1_1,90.5,598.859333059626,593.843255223723,588.576373496025,583.046147681942,577.239410577155,571.142336617128,564.7404089591,558.018384918171,550.960259675195,543.54922817007,535.76764508969,527.59698285529,519.01778750917,510.009632395744,500.551069526647,490.619578514095,480.191512950915,469.242044109576,457.745101826171,445.673312428595,432.99793356114,419.688785750313,405.714180548944,391.040845087507,375.633842852998,359.456490506763,342.470270543217,324.634739581494,305.907432071684,286.243759186384,265.596902656819,243.918411469986,221.228214000445,197.403506657427,172.387563947258,146.12082410158,118.540747263619,89.5816665837598,59.1746318699075,27.2472454203625,,,,,,,,,,,,,,,,,,,,,,12.1685243200547,11.4002383718185,9.92564563993255,8.46048056877882,7.09296600565705,6.05554278792654,5.52445886778628,5.5575283921309,6.17365220276001,7.42478365203577,9.42359750929707,12.3192271953853,16.221867862009,21.0917305682837,26.6418350041567,32.3343602514625,37.5128543242083,41.6095492660482,44.3037992928718,45.5549478554338,45.5300129935605,44.4968607086697,42.7384505578692,40.5056916001618,38.0013364768062,35.3809267892752,32.7599883321565,30.2219217740558,27.8246773602026,25.6061254514209,23.5885082477714,21.7819608155382,20.1875624770665,18.7984311095522,17.6013580431424,16.5794964926978,15.7138819327302,14.9845838408059,14.3715386876258,13.8552792368904,,,,,,,,,,,,,,,,,,,,,
262970.439776437,3842602.91768998,599.477619987937,L1_1,97,599.477619987937,594.452799004413,589.176736971714,583.63687183738,577.820013446328,571.712312135725,565.299225759591,558.56548506465,551.495057334963,544.071108218791,536.27596164681,528.091057746231,519.496908650622,510.473052100233,500.998002722325,491.049200875521,480.602958936377,469.634404900275,458.117423162369,446.024592337567,433.327119971526,419.994773987182,405.995810703621,391.296899255882,375.863042235756,359.657492364623,342.641664999935,324.775046267011,306.015096597442,286.317149444394,265.634304933693,243.918411469986,221.228214000445,197.403506657427,172.387563947258,146.12082410158,118.540747263619,89.5816665837598,59.1746318699075,27.2472454203625,,,,,,,,,,,,,,,,,,,,,,10.0272419172358,10.2540127525601,10.1268851932651,9.05430645193109,7.59910360036668,6.31122236074927,5.52779215395636,5.36191942919931,5.83475333688957,6.99049544194637,8.936709726034,11.8221016245148,15.7635109101326,20.7341088699754,26.4572479847206,32.3893040399663,37.8456857207465,42.2164351684039,45.1413452784367,46.5557694355053,46.6211834791983,45.6134928770466,43.8302272432416,41.5377749409026,38.9522747795061,36.2396205498064,33.5227465627638,30.8900828352963,28.4027759577735,26.1005936070348,24.006867311032,22.1323121778636,20.4784094325614,19.0381475390765,17.7976223940705,16.7392224261238,15.8432213297442,15.0889625839865,14.4556779624301,13.9232027800007,,,,,,,,,,,,,,,,,,,,,
262975.39495133,3842606.31082221,600.095906916247,L1_1,103,600.095906916247,595.062342785103,589.777100447403,584.227595992817,578.400616315502,572.282287654321,565.858042560082,559.11258521113,552.029854994731,544.592988267511,536.784278203931,528.585132637172,519.976029792074,510.936471804722,501.444935918003,491.478823236947,481.014404921838,470.026765690974,458.489744498567,446.37587224654,433.656306381911,420.300762224051,406.277440858297,391.552953424257,376.092241618514,359.858494222483,342.813059456652,324.915352952528,306.122761123199,286.390539702403,265.671707210567,243.918411469986,221.228214000445,197.403506657427,172.387563947258,146.12082410158,118.540747263619,89.5816665837598,59.1746318699075,27.2472454203625,,,,,,,,,,,,,,,,,,,,,,9.49391617200232,10.0730567493893,10.7747609367979,10.230583553932,8.64448548392796,6.89781864348652,5.66906672951693,5.18257097207789,5.43755556470128,6.44224945136994,8.28735320833244,11.1200686155522,15.0659712754419,20.1137755506786,25.9998844896774,32.1766350686986,37.9305663845016,42.6060448514671,45.7982702492638,47.4135927704656,47.6040961474759,46.6515010903477,44.8671153996146,42.5330225210868,39.8795133929779,37.0837757337043,34.2771031976019,31.5537683815743,28.9787625433901,26.5942444040753,24.4249968169559,22.482600884315,20.7691990239425,19.2777868766903,17.9937799359335,16.8988061332968,15.9723810180675,15.1931281496229,14.5395825509986,13.9908849795686,,,,,,,,,,,,,,,,,,,,,
262980.763057332,3842609.98671508,600.714193844557,L1_1,109.5,600.714193844557,595.671886565793,590.377463923092,584.818320148255,578.981219184676,572.852263172918,566.416859360572,559.659685357609,552.564652654498,545.114868316232,537.292594761052,529.079207528113,520.455150933527,511.399891509212,501.891869113681,491.908445598373,481.4258509073,470.419126481674,458.862065834766,446.727152155512,433.985492792296,420.60675046092,406.559071012974,391.809007592631,376.321441001271,360.059496080343,342.984453913369,325.055659638046,306.230425648957,286.463929960413,265.709109487442,243.918411469986,221.228214000445,197.403506657427,172.387563947258,146.12082410158,118.540747263619,89.5816665837598,59.1746318699075,27.2472454203625,,,,,,,,,,,,,,,,,,,,,,10.4467793730433,10.6835774506636,11.4257819197263,11.5470555596249,9.94012310275128,7.6221360104727,5.82468268896633,4.96095170220803,4.97743399911216,5.81365032522556,7.5315995307837,10.2781129336637,14.1929002753431,19.2861223016165,25.313068199256,31.7268129043557,37.7867509798041,42.7893585759024,46.2802455948788,48.1310736628746,48.4798773331838,47.6113168580324,45.8492613265795,43.4914777769562,40.7830606258621,37.9133836932885,35.0230351232656,32.2129418033069,29.5525893230812,27.0870202869963,24.8428316201369,22.8327572246721,21.059863065532,19.517288691037,18.1897809917847,17.0582090986886,16.1013327396224,15.2970614717765,14.6232410303415,14.058320093687,,,,,,,,,,,,,,,,,,,,,
262985.718232103,3842613.37984696,601.497762504982,L1_1,115.5,601.497762504982,596.444374842411,591.138317796712,585.566957898727,579.717030005844,573.574605718316,567.125060216412,560.353037439412,553.242413523563,545.776258411921,537.936795544697,529.705359534112,521.062351722997,511.987193521327,502.458277409573,492.452915492232,481.947285479023,470.916373965154,459.333916875592,447.172336931552,434.402677990309,420.994536102005,406.915987119285,392.133510687429,376.61191043398,360.314230167859,343.201665888432,325.233473395034,306.366871276966,286.556939052994,265.756510217823,243.918411469986,221.228214000445,197.403506657427,172.387563947258,146.12082410158,118.540747263619,89.5816665837598,59.1746318699075,27.2472454203625,,,,,,,,,,,,,,,,,,,,,,8.68605335283751,9.25767826453342,11.0854778538433,12.4870730590798,11.1059209819839,8.21885744366204,5.85207175858306,4.65150364174684,4.47364343403226,5.16798291743188,6.76387783440963,9.41088849201029,13.2680186934089,18.3726393780181,24.5058200783365,31.1290454963451,37.4806345293642,42.8112486355299,46.614689193723,48.7231584447439,49.2555201817136,48.4953773577203,46.7767871903025,44.412259735924,41.6617067456435,38.7272256179709,35.7594322176335,32.8666272627707,30.1234016176098,27.578161248934,25.259693777378,23.18217582968,21.3498664608014,19.7561933827459,18.3852395306561,17.2171109071926,16.2298124448799,15.4005490471958,14.7064838180972,14.1253745583391,,,,,,,,,,,,,,,,,,,,,
262991.086338105,3842617.05573983,602.447205861164,L1_1,122,602.447205861164,597.380392193546,592.060237842547,586.474075773998,580.608605602021,574.449861921446,567.983181056842,561.193166149008,554.063650495782,546.577659059895,538.717368052213,530.464062494147,521.798091658178,512.698822280411,503.144589433755,493.112644944766,482.579103231328,471.518884432218,459.905654693153,447.711763467134,434.908177679814,421.464412603129,407.348459272609,392.526708275563,376.963869728664,360.622889254421,343.464859756466,325.448928783613,306.532201262117,286.669637364547,265.813945272098,243.918411469986,221.228214000445,197.403506657427,172.387563947258,146.12082410158,118.540747263619,89.5816665837598,59.1746318699075,27.2472454203625,,,,,,,,,,,,,,,,,,,,,,5.45860373721263,6.77430729934235,10.502884946933,13.6288375910308,12.408998993281,8.75484198058328,5.7758989125713,4.28411522260416,3.96210393672577,4.54583173351276,6.03079604177587,8.57150813222173,12.3487736673931,17.4306564225022,23.6300845335579,30.4257396080777,37.0434559530304,42.6926808236557,46.8146182777886,49.197450731058,49.9352679002331,49.3059773535208,47.6509089604544,45.2960033335252,42.5157777093784,39.5254585607892,36.4863537407867,33.5148244515244,30.6911611432231,28.0676056991044,25.675509044223,23.5307784570595,21.6391348386319,19.9944357024306,18.5801017462182,17.3754696782379,16.3577894229906,15.5035697196037,14.789297545918,14.1920411339137,,,,,,,,,,,,,,,,,,,,,
262996.041512754,3842620.44887137,603.396649217346,L1_1,128,603.396649217346,598.316409544681,592.982157888382,587.381193649269,581.500181198199,575.325118124577,568.841301897273,562.033294858604,554.884887468001,547.379059707868,539.497940559729,531.222765454183,522.533831593359,513.410451039494,503.830901457936,493.772374397301,483.210920983633,472.121394899282,460.477392510713,448.251190002716,435.413677369319,421.934289104252,407.780931425932,392.919905863696,377.315829023348,360.931548340983,343.728053624499,325.664384172192,306.697531247269,286.782335676099,265.871380326372,243.918411469986,221.228214000445,197.403506657427,172.387563947258,146.12082410158,118.540747263619,89.5816665837598,59.1746318699075,27.2472454203625,,,,,,,,,,,,,,,,,,,,,,5.17861544774641,6.9949163158504,12.2818997713659,16.3963627201714,14.258531191491,9.30790244839479,5.65264065961493,3.92743947916562,3.5136823600142,4.02051084988475,5.41372153021333,7.85347869268677,11.5405097840569,16.5723399634138,22.7963292396693,29.7162786432813,36.5564874864323,42.4941416224311,46.9211972554019,49.5796522802791,50.5337915976969,50.0506083619928,48.4748187789647,46.1435177882334,43.3448673597234,40.307138498838,37.2026709532285,34.1563969900592,31.2548048942844,28.5544024256854,26.0894485156119,23.8778546965976,21.9270664717393,20.2315077556847,18.7739455654891,17.5329412446766,16.484987926829,15.6059041678117,14.8715086304257,14.2581851266594,,,,,,,,,,,,,,,,,,,,,
263001.409618492,3842624.12476349,604.346092573528,L1_1,134.5,604.346092573528,599.252426895816,593.904077934217,588.288311524539,582.391756794377,576.200374327707,569.699422737703,562.873423568199,555.70612444022,548.180460355842,540.278513067245,531.981468414218,523.26957152854,514.122079798578,504.517213482118,494.432103849835,483.842738735938,472.723905366345,461.049130328274,448.790616538298,435.919177058824,422.404165605376,408.213403579256,393.31310345183,377.667788318032,361.240207427545,343.991247492533,325.879839560771,306.86286123242,286.895033987652,265.928815380646,243.918411469986,221.228214000445,197.403506657427,172.387563947258,146.12082410158,118.540747263619,89.5816665837598,59.1746318699075,27.2472454203625,,,,,,,,,,,,,,,,,,,,,,7.83959317460489,10.5568004467459,17.6131208991776,21.179758097958,16.5594283963874,9.84237055787992,5.52314525037065,3.62916230265139,3.16390945703435,3.61871680521461,4.93675235684108,7.28267109302123,10.8727514843779,15.8304282629836,22.038084352019,29.0315519914564,36.0451364903827,42.2344413359384,46.9471734199104,49.8778176712101,51.0559089860689,50.7320223663746,49.2500160076351,46.9555686776237,44.1493237858534,41.0723826443238,37.9083763892328,34.7912722228306,31.814231086578,29.0384408604775,26.5014042600353,24.2233051625851,22.2135739486866,20.4673366227336,18.9667126009279,17.6894806126133,16.6113747589628,15.7075291270041,14.9531021231223,14.3237982671099,,,,,,,,,,,,,,,,,,,,,
263006.364793019,3842627.51789468,605.397098295868,L1_1,140.5,605.397098295868,600.288570427545,594.924616165807,589.292464190981,583.378704617415,577.169257065169,570.649337135312,563.803421208962,556.615209486294,549.067587177493,541.142583753252,532.821330157798,524.084013882572,514.909831793585,505.276940600149,495.16240484704,484.542142306276,473.390866638474,461.682027187282,449.38774576353,436.478750268591,422.924304998905,408.692137465734,393.748361555905,378.057396850584,361.581883909998,344.282595322382,326.118342305385,307.045876637539,287.0197876863,265.992394287499,243.918411469986,221.228214000445,197.403506657427,172.387563947258,146.12082410158,118.540747263619,89.5816665837598,59.1746318699075,27.2472454203625,,,,,,,,,,,,,,,,,,,,,,9.06743790041201,12.055536487326,19.3196205418613,22.1852208764714,16.7873474588217,9.69793812304051,5.2929555196232,3.40324322172003,2.93916143843556,3.36890907919034,4.6337869103562,6.90215447901252,10.399721831643,15.2699086561833,21.4276327175142,28.4447603283884,35.5762543479105,41.9686405062668,46.9336840588326,50.1200496312133,51.5192212343057,51.3602696239548,49.9815678835531,47.7341770887163,44.9294617404831,41.820609408979,38.6024820281429,35.4183319008337,32.3683392226938,29.5187016556919,26.9104655204624,24.5663403637466,22.4979883545316,20.7013703379003,19.1579521119852,17.8447235860308,16.7366600778896,15.8082181476993,15.0339037440253,14.3887455393057,,,,,,,,,,,,,,,,,,,,,
263011.732898757,3842631.19378679,606.54984174224,L1_1,147,606.54984174224,601.425013018023,596.043942857595,590.393819189145,584.461189337274,578.231927992808,571.69120358112,564.823442948847,557.61229428496,550.040588187879,542.090296785944,533.742490813913,524.977294543279,515.773838459114,506.110209570741,495.963399237949,485.309248388517,474.122389996614,462.376188685116,450.042677308043,437.092490362116,423.494794068893,409.217212961009,394.22575279773,378.484719626288,361.956634796273,344.602145724758,326.379932199666,307.246607998321,287.156617586908,266.062127654924,243.918411469986,221.228214000445,197.403506657427,172.387563947258,146.12082410158,118.540747263619,89.5816665837598,59.1746318699075,27.2472454203625,,,,,,,,,,,,,,,,,,,,,,7.452715605321,9.60990197043199,14.9234751742941,17.6073647583531,14.1231491018442,8.61899767718638,4.89852999269721,3.22989469828712,2.82743628592835,3.26048518433403,4.49473955554834,6.70241088686058,10.113096738965,14.884917965263,20.962803988661,27.9576178385012,35.1543412011814,41.702339279219,46.8860232934624,50.3105908682423,51.9267501047755,51.9373091182079,50.6706419157388,48.4799773626037,45.6855782257453,42.5519135872627,39.2849689964032,36.0374969999618,32.9170206671315,29.995065649843,27.3165148082451,24.9068522625975,22.7802154846466,20.9335302956008,19.3476011409641,17.9986219475843,16.8608087309186,15.9079470868184,15.1138979264857,14.4530179063483,,,,,,,,,,,,,,,,,,,,,
263016.688073163,3842634.58691763,607.702585188611,L1_1,153,607.702585188611,602.5614556085,597.163269549383,591.49517418731,585.543674057133,579.294598920448,572.733070026928,565.843464688732,558.609379083627,551.013589198266,543.038009818637,534.663651470027,525.870575203986,516.637845124643,506.943478541333,496.764393628858,486.076354470759,474.853913354754,463.07035018295,450.697608852555,437.706230455641,424.065283138881,409.742288456283,394.703144039555,378.912042401991,362.331385682548,344.921696127133,326.641522093948,307.447339359103,287.293447487516,266.13186102235,243.918411469986,221.228214000445,197.403506657427,172.387563947258,146.12082410158,118.540747263619,89.5816665837598,59.1746318699075,27.2472454203625,,,,,,,,,,,,,,,,,,,,,,8.77096573130295,9.78790253089966,12.1871267306031,13.333527697822,11.0787110737172,7.2995215156683,4.4858915442185,3.13590121352487,2.83148606886863,3.29010706014685,4.51394387935374,6.67756705259776,10.0097449189472,14.678651457364,20.6558290626639,27.5914685023971,34.8067622546387,41.4640741225664,46.8295266650128,50.4690868591276,52.2920124215634,52.471341107936,51.3214595362043,49.194527880678,46.4175870956316,43.2653336998924,39.9544844453889,36.6473057466851,33.4588652775773,30.4662665360087,27.7184619979998,25.243926418151,23.0595064121789,21.1632079967192,19.5351731629811,18.1507930788353,16.9835231017716,16.0064859516784,15.1929086077515,14.5164822895885,,,,,,,,,,,,,,,,,,,,,
263022.056178636,3842638.262809,608.855328634983,L1_1,159.5,608.855328634983,603.697898198977,598.282596241171,592.596529185474,586.626158776992,580.357269848087,573.774936472736,566.863486428617,559.606463882293,551.986590208652,543.98572285133,535.584812126141,526.763855864693,517.501851790172,507.776747511926,497.565388019767,486.843460553,475.585436712895,463.764511680784,451.352540397068,438.319970549166,424.635772208869,410.267363951557,395.18053528138,379.339365177694,362.706136568823,345.241246529509,326.903111988229,307.648070719885,287.430277388125,266.201594389776,243.918411469986,221.228214000445,197.403506657427,172.387563947258,146.12082410158,118.540747263619,89.5816665837598,59.1746318699075,27.2472454203625,,,,,,,,,,,,,,,,,,,,,,15.4460280314578,13.7501577751071,11.9130448892431,10.8975907874736,8.81688282982624,6.15556294861923,4.12664619219762,3.11101111010592,2.92852933854447,3.43171381561994,4.66097404412984,6.79217247951815,10.0505866876071,14.6115167233908,20.4705932385439,27.3172069722341,34.5130755588396,41.2414156762911,46.7576638847763,50.5925825784428,52.6138651397605,52.9619742815194,51.9338588294533,49.8776885812047,47.1253138633371,43.9606627230145,40.6108041313701,37.2475350064681,33.9936638649361,30.9321170436246,28.1161465620829,25.5774280854059,23.3357509004861,21.3903154666187,19.7205998388906,18.3011853444098,17.1047655267079,16.1038087264728,15.2709191111882,14.5791289762633,,,,,,,,,,,,,,,,,,,,,
263027.011352919,3842641.65593949,610.071322850405,L1_1,165.5,610.071322850405,604.896697134272,599.463340132333,593.758315280297,587.768039185659,581.47824928629,574.873969891951,567.939476527896,560.658258495639,553.012979561768,544.985436681203,536.556516656611,527.706150630789,518.413266303676,508.655737760207,498.410332789564,487.65265757039,476.357098590257,464.496761661117,452.04340788552,438.967386421143,425.237563883548,410.821250219072,395.684120871373,379.790135056289,363.101449950451,345.578330589321,327.179055260134,307.859816164488,287.57461511406,266.27515401111,243.918411469986,221.228214000445,197.403506657427,172.387563947258,146.12082410158,118.540747263619,89.5816665837598,59.1746318699075,27.2472454203625,,,,,,,,,,,,,,,,,,,,,,20.3589057032919,17.6924037666268,13.7342657924432,10.8360533758443,8.09705106598481,5.6573561377715,3.99082534873004,3.19058883154091,3.10881714153021,3.65745029864971,4.89659507146959,6.99930907900375,10.1859542567168,14.6370967220942,20.3697300573558,27.1104172713123,34.2623110910535,41.0339174912063,46.6758977462402,50.6882310064763,52.8984392167621,53.4132456940894,52.5097362429368,50.5296602616762,47.8078613249534,44.6363855885992,41.2521647991815,37.836417351503,34.5197818433665,31.3911723095123,28.5083380758196,25.9063460297625,23.608133367394,21.6142062474247,19.9033723564289,18.4494017517882,17.2242312193763,16.1996847523336,15.3477552517842,14.6408261826189,,,,,,,,,,,,,,,,,,,,,
263032.379458393,3842645.33183086,611.350558382404,L1_1,172,611.350558382404,606.15784309558,600.705492044415,594.980523440691,588.969306406782,582.657528521177,576.030161741291,569.071426622412,561.764754747588,554.092749279024,546.037143537031,537.578757507938,528.697452177391,519.372081580316,509.580442453388,499.299221370113,488.503939232675,477.168892988364,465.267094431838,452.770205947486,439.648473038916,425.870653484918,411.40394295322,396.213896894937,380.26434853374,363.517322754482,345.932945686262,327.469349764631,308.082574046919,287.726459543321,266.352539314542,243.918411469986,221.228214000445,197.403506657427,172.387563947258,146.12082410158,118.540747263619,89.5816665837598,59.1746318699075,27.2472454203625,,,,,,,,,,,,,,,,,,,,,,20.0100744287279,19.7896450552429,17.1557657001365,12.5614989697969,8.55146059487943,5.71791378421244,4.06625044470064,3.35291815217207,3.33728976581367,3.92444087009222,5.17267511011691,7.24736497668588,10.36293928415,14.703770869004,20.305872952075,26.9309504319888,34.0234764333001,40.8198509577686,46.5702578906698,50.7476281526781,53.1408651672499,53.8223418148965,53.0474064812606,51.149358945957,48.4644695269182,45.2919261696624,41.8781074737586,38.4135767581609,35.036909543726,31.8431788792123,28.8948313434374,26.2305181701804,23.8765282634623,21.8347840501325,20.0834176354463,18.5953879660725,17.3418812902312,16.2940872771868,15.4233997293804,14.7015636628238,,,,,,,,,,,,,,,,,,,,,
263037.334632554,3842648.724961,612.629793914403,L1_1,178,612.629793914403,607.418989056888,601.947643956496,596.202731601086,590.170573627904,583.836807756064,577.186353590632,570.203376716928,562.871250999538,555.17251899628,547.088850392858,538.600998359265,529.688753723993,520.330896856957,510.505147146569,500.188109950662,489.35522089496,477.980687386472,466.03742720256,453.497004009453,440.32955965669,426.503743086289,411.986635687368,396.7436729185,380.73856201119,363.933195558514,346.287560783204,327.759644269128,308.305331929349,287.878303972581,266.429924617975,243.918411469986,221.228214000445,197.403506657427,172.387563947258,146.12082410158,118.540747263619,89.5816665837598,59.1746318699075,27.2472454203625,,,,,,,,,,,,,,,,,,,,,,25.4363083279388,25.179366220138,21.5317898192,15.0454343013707,9.61009913683255,6.12477929168708,4.28651231031077,3.55739700622719,3.56616379428382,4.1750752099773,5.42448083716405,7.46775416622993,10.5126846074575,14.7464103899624,20.2218820603473,26.7333156062771,33.764436490874,40.5794632627431,46.4303414795764,50.7660630502719,53.3390927866947,54.187925137224,53.54532078836,51.7347768401041,49.0927608754417,45.9247560161572,42.4861415480803,38.9767039067132,35.5430017895184,32.2864001196914,29.2742093277846,26.5488229069999,24.1400640058348,22.051371293813,20.260213322924,18.7387461504799,17.4574141616592,16.3867893739577,15.4976834147098,14.761214611659,,,,,,,,,,,,,,,,,,,,,
263042.702737764,3842652.40085162,613.909029446402,L1_1,184.5,613.909029446402,608.680135018195,603.189795868578,597.42493976148,591.371840849027,585.016086990951,578.342545439972,571.335326811443,563.977747251488,556.252288713536,548.140557248685,539.623239210593,530.680055270595,521.289712133598,511.429851839751,501.076998531211,490.206502557245,478.79248178458,466.807759973282,454.223802071419,441.010646274463,427.136832687659,412.569328421515,397.273448942064,381.21277548864,364.349068362545,346.642175880145,328.049938773625,308.52808981178,288.030148401842,266.507309921407,243.918411469986,221.228214000445,197.403506657427,172.387563947258,146.12082410158,118.540747263619,89.5816665837598,59.1746318699075,27.2472454203625,,,,,,,,,,,,,,,,,,,,,,36.4458614594756,33.4318415039506,26.0708116034436,17.6978291254088,10.9525177308202,6.73988789247898,4.60410856832905,3.78230749291449,3.77312655304998,4.38184029192557,5.62135861403821,7.62908024037011,10.6043481794121,14.7352713740716,20.089589095589,26.491705063842,33.4627309295705,40.2944143259606,46.2421266140254,50.7334193230795,53.4861363703918,54.5052869116167,54.0003147265997,52.2837535644714,49.6912155426548,46.533767140989,43.0754319596719,39.5251530864612,36.0375537938696,32.720446674575,29.6461809269686,26.8610505179759,24.3985915858582,22.2638608330395,20.4336815916445,18.87941981255,17.5707893332885,16.4777630701335,15.5705879784351,14.8197680156532,,,,,,,,,,,,,,,,,,,,,
263047.657911803,3842655.79398141,615.136617269817,L1_1,190.5,615.136617269817,609.89036361717,604.381797281891,598.597802629847,592.524608245202,586.147754141324,579.452057332252,572.421575682727,565.039569950726,557.288463932124,549.149802612593,540.604208227084,531.631334122301,522.209816312278,512.317222611754,501.929999226204,491.023414671376,479.571500888807,467.54699141711,454.921256471827,441.664234779281,427.744362002107,413.128495586075,397.781835849241,381.667843125565,364.748150765705,346.982473787853,328.328512961107,308.741854093025,288.175862281538,266.581570879477,243.918411469986,221.228214000445,197.403506657427,172.387563947258,146.12082410158,118.540747263619,89.5816665837598,59.1746318699075,27.2472454203625,,,,,,,,,,,,,,,,,,,,,,38.1409690175923,35.3772542793405,28.2069097836744,19.4197536916037,11.99782831465,7.28703873974747,4.89673283619434,3.96744643064189,3.9169774904095,4.50627725039022,5.72303188498736,7.68873590471082,10.5937993730665,14.6263409956176,19.8674185000264,26.1694813801607,33.0886090022937,39.9425744332147,45.9904320973424,50.6398368229521,53.575545768417,54.7698056793812,54.4085997856424,52.7928394874513,50.2565500639519,47.1158500176939,43.6431246617665,40.0563800013444,36.5183701832429,33.1434908734119,30.0092705177766,27.1660493080684,24.6512276664163,22.4715785065123,20.6033086137759,19.0170158516954,17.6817107670161,16.5667886511473,15.6419499649735,14.8771019830213,,,,,,,,,,,,,,,,,,,,,
263053.026017012,3842659.46987203,616.312417446504,L1_1,197,616.312417446504,611.049536894523,605.523512314943,599.721186506383,593.628744407396,587.23168020346,580.514762789326,573.461999504486,566.056598055404,558.280926533868,550.116471436255,541.543793583761,532.542481838643,523.091104506269,513.167158307276,502.747014798333,491.805864113944,480.317655895335,468.255037265795,455.589287704778,442.290250665711,428.32626177469,413.664073439118,398.268775686768,382.1037130468,365.130397274833,347.308415714269,328.595335075676,308.946600405153,288.315429001104,266.652699026853,243.918411469986,221.228214000445,197.403506657427,172.387563947258,146.12082410158,118.540747263619,89.5816665837598,59.1746318699075,27.2472454203625,,,,,,,,,,,,,,,,,,,,,,31.3029416909727,31.8100903647,28.69378125143,20.6131292727302,12.884293428289,7.80472393848267,5.18472708139844,4.13476893751857,4.02152198887074,4.57126652664325,5.74979768964112,7.66388145386213,10.4948631644134,14.4298206023931,19.5614704677939,25.7683072213731,32.6396356273088,39.5185965699034,45.668613368194,50.4787759381148,53.6017123118521,54.9770759242399,54.7668983395201,53.2596667576584,50.7870709369274,47.6697881142984,44.1883337209118,40.5697325395497,36.9849668163647,33.5551706070997,30.3632092730232,27.4636221952118,24.8978285155843,22.674419338272,20.7690172141532,19.1514779527595,17.7901384366384,16.6538385289463,15.7117512713903,14.9332055755753,,,,,,,,,,,,,,,,,,,,,
263057.98119093,3842662.86300147,617.488217623191,L1_1,203,617.488217623191,612.208710171876,606.665227347995,600.84457038292,594.732880569591,588.315606265595,581.5774682464,574.502423326245,567.073626160083,559.273389135612,551.083140259918,542.483378940439,533.453629554986,523.97239270026,514.017094002798,503.564030370463,492.588313556511,481.063810901862,468.96308311448,456.257318937729,442.916266552141,428.908161547273,414.199651292162,398.755715524295,382.539582968035,365.512643783961,347.634357640685,328.862157190244,309.151346717281,288.45499572067,266.723827174229,243.918411469986,221.228214000445,197.403506657427,172.387563947258,146.12082410158,118.540747263619,89.5816665837598,59.1746318699075,27.2472454203625,,,,,,,,,,,,,,,,,,,,,,31.8852631807129,32.6553529718627,29.8852290491894,21.6659185188236,13.5903367050534,8.22818956589667,5.42573450600764,4.26633753215931,4.08354388858582,4.5794135673771,5.70393171305625,7.5529261788678,10.3007607470907,14.1341052168445,19.1567331687093,25.2717024138364,32.0998662723403,39.0086718874957,45.2657734492992,50.2421372760199,53.558709176379,55.1225667470461,55.071429127907,53.6808334995104,51.2796271369148,48.1926620880976,44.7083943341733,41.062859912926,37.4353316353841,33.9538043225976,30.7066322739926,27.7526931479063,25.1375632907085,22.8717421177254,20.9303157272365,19.2824353526845,17.8957939913707,16.7387041454695,15.7798375449584,14.9879649433633,,,,,,,,,,,,,,,,,,,,,
263063.349295875,3842666.53889133,618.664017799878,L1_1,209.5,618.664017799878,613.367883449229,607.806942381047,601.967954259456,595.837016731785,589.399532327731,582.640173703474,575.542847148004,568.090654264761,560.265851737356,552.04980908358,543.422964297116,534.364777271328,524.853680894251,514.86702969832,504.381045942593,493.370762999079,481.809965908389,469.671128963165,456.92535017068,443.542282438571,429.490061319856,414.735229145205,399.242655361822,382.97545288927,365.89489029309,347.960299567101,329.128979304812,309.356093029409,288.594562440236,266.794955321605,243.918411469986,221.228214000445,197.403506657427,172.387563947258,146.12082410158,118.540747263619,89.5816665837598,59.1746318699075,27.2472454203625,,,,,,,,,,,,,,,,,,,,,,41.2845906662457,38.8629050105366,31.9378461178901,22.5058421675505,14.0714244579701,8.54846473195383,5.63066922034227,4.38484658187787,4.13300363959786,4.56475375158391,5.62070946129055,7.38999713606395,10.0427168443796,13.7662317611101,18.6749656922286,24.6953183450042,31.478689346714,38.4167160845801,44.781864763414,49.9276053916286,53.4433432614479,55.2030895896856,55.319432987853,54.0541359578569,51.7325403489164,48.6832284147523,45.2023978308808,41.5350976430417,37.8689766888493,34.3390331930247,31.0392762446981,28.0330707809974,25.3702929248687,23.0634445354625,21.0871287607498,19.4098332647963,17.9986383489042,16.8213585497007,15.8461910316986,15.0413691327336,,,,,,,,,,,,,,,,,,,,,
263068.304469671,3842669.93202044,619.787576438161,L1_1,215.5,619.787576438161,614.47555393173,608.897930299978,603.041425486638,596.892095432631,590.435298875924,583.655662491382,576.537044287612,569.062495173654,561.214218603998,552.973528205859,544.320803287813,535.235442123865,525.695812901719,515.679202218466,505.161761001051,494.118447722765,482.522968780564,470.347715891254,457.563700357477,444.140484047013,430.046106921024,415.247010938737,399.707960157335,383.391956836863,366.260153350367,348.271759689547,329.383946345685,309.551742334631,288.727928123024,266.862923200836,243.918411469986,221.228214000445,197.403506657427,172.387563947258,146.12082410158,118.540747263619,89.5816665837598,59.1746318699075,27.2472454203625,,,,,,,,,,,,,,,,,,,,,,40.0644208018076,37.7818765331892,31.1213564959803,22.0525390588988,13.9797661736345,8.64227895915158,5.76091904277191,4.48302287820902,4.17440551889018,4.53651671798454,5.5105916963015,7.18432667434247,9.72704318111326,13.3288580001664,18.1154100825767,24.035938236107,30.771673018051,37.7381511917072,44.2127915417499,49.5317120498244,53.2525811836981,55.2158068502279,55.5081171855696,54.3767821930516,52.1430469467165,49.1388361611606,45.6678987231139,41.9842523855956,38.2840000757535,34.709269905091,31.3598616082887,28.3037563300331,25.5952510393869,23.2489441625335,21.2390141990817,19.5333348572514,18.0984180752947,16.9016142646636,15.9106721809936,15.0933124921547,,,,,,,,,,,,,,,,,,,,,
263073.672574616,3842673.6079103,620.85885203037,L1_1,222,620.85885203037,615.531680698668,609.938150800381,604.064944407179,597.898077694317,591.422867645813,584.623897094882,577.484978016406,569.989112984005,562.118454699985,553.854263501763,545.176862743631,536.065591947592,526.49875761175,516.453581559117,505.906146703852,494.831340105824,483.202793177895,470.992818903569,458.172345915526,444.710849278082,430.576277808765,415.734977765983,400.151612721061,383.789079423894,366.608419461868,348.56872650174,329.627048893606,309.738287405066,288.855087842099,266.927728300983,243.918411469986,221.228214000445,197.403506657427,172.387563947258,146.12082410158,118.540747263619,89.5816665837598,59.1746318699075,27.2472454203625,,,,,,,,,,,,,,,,,,,,,,29.0962165489526,29.8119894028154,27.3891868685077,20.2478956452314,13.2653282499939,8.47899339246109,5.80310047430599,4.55773209616863,4.20996864944224,4.50070236652406,5.38332740345717,6.94917640648356,9.36948694498718,12.8386606664964,17.4940106688547,23.3073058174437,29.9893212563624,36.9798319602642,43.562025602491,49.05530633138,52.985593337821,55.1590629441192,55.6356077425034,54.6470264326138,52.50967794552,49.5583209022835,46.1040057281765,42.4096556010924,38.6799056979807,35.0641496257939,31.6681234795423,28.5645598627909,25.8123019376387,23.428142823256,21.3859003319913,19.6528877583658,18.1950957346998,16.9794452806103,15.9732636545413,15.1437843169829,,,,,,,,,,,,,,,,,,,,,
263078.62774829,3842677.00103905,621.93012762258,L1_1,228,621.93012762258,616.587807465606,610.978371300784,605.08846332772,598.904059956003,592.410436415701,585.592131698383,578.4329117452,570.915730794357,563.022690795972,554.734998797668,546.032922199449,536.895741771318,527.301702321782,517.227960899768,506.650532406654,495.544232488884,483.882617575225,471.637921915884,458.780991473575,445.281214509151,431.106448696506,416.222944593229,400.595265284788,384.186202010924,366.956685573368,348.865693313933,329.870151441527,309.924832475501,288.982247561174,266.992533401129,243.918411469986,221.228214000445,197.403506657427,172.387563947258,146.12082410158,118.540747263619,89.5816665837598,59.1746318699075,27.2472454203625,,,,,,,,,,,,,,,,,,,,,,28.045340597343,28.284278781545,25.2986815199275,18.5809808487931,12.4230307934269,8.22222654143926,5.80776894605594,4.62423991701902,4.24390217957933,4.45844158634263,5.24079274058492,6.6888558237345,8.97677763755663,12.3038666227929,16.8194855058977,22.5179408765276,29.1395371714566,36.1486969422595,42.8351809179993,48.5024060338872,52.6447418289996,55.0337075797557,55.7015389896524,54.8636439487733,52.8306993076962,49.9397288995357,46.5087581602512,42.809480179643,39.0550801447839,35.4023097623305,31.962958071375,28.8146201021035,26.0207892588113,23.6005398150385,21.5274018024202,19.7681992917064,18.2884499977756,17.0546841380008,16.0338407783872,15.1926911330475,,,,,,,,,,,,,,,,,,,,,
263083.995852971,3842680.67692816,623.001403214789,L1_1,234.5,623.001403214789,617.643934232544,612.018591801186,606.111982248261,599.910042217689,593.398005185589,586.560366301884,579.380845473993,571.842348604709,563.926926891959,555.615734093573,546.888981655267,537.725891595045,528.104647031813,518.002340240419,507.394918109455,496.257124871943,484.562441972556,472.283024928199,459.389637031624,445.851579740221,431.636619584247,416.710911420475,401.038917848514,384.583324597955,367.304951684868,349.162660126127,330.113253989449,310.111377545936,289.109407280248,267.057338501276,243.918411469986,221.228214000445,197.403506657427,172.387563947258,146.12082410158,118.540747263619,89.5816665837598,59.1746318699075,27.2472454203625,,,,,,,,,,,,,,,,,,,,,,38.5126642460911,33.8884308626175,25.0171111945848,17.2298556752512,11.5719849227448,7.91111116511124,5.77318591020445,4.66773237562199,4.25956595011231,4.39599932430236,5.07467557084547,6.40136353945307,8.55267462463707,11.7324997005193,16.1022702245027,21.6789035083812,28.232496192109,35.2529485256411,42.0379510272819,47.8762344525189,52.2312499377182,54.8396168993232,55.7050544633724,55.025501489198,53.1049788948831,50.282061478427,46.881332486332,43.1830743946021,39.409021150114,35.7233725881557,32.2440905750652,29.0537461261007,26.2205823045749,23.7660432224005,21.6634523848661,19.8792211652869,18.378445892183,17.1273062910873,16.0923873074232,15.2400227637107,,,,,,,,,,,,,,,,,,,,,
263088.951026523,3842684.07005656,623.945125011221,L1_1,240.5,623.945125011221,618.574310932062,612.934956148945,607.013633626673,600.796244978287,594.267986897482,587.413315912636,580.215911378548,572.658636617756,564.723498118924,556.391602695151,547.643112500188,538.457197795478,528.811987355532,518.684516393589,508.050671883549,496.885135148007,485.161321575687,472.851317324752,459.92581286127,446.354033174614,432.103664503625,417.140777399086,401.429745939321,384.933162906567,367.611750722176,349.424267928565,330.327410995274,310.275711215318,289.221426446364,267.114427438962,243.918411469986,221.228214000445,197.403506657427,172.387563947258,146.12082410158,118.540747263619,89.5816665837598,59.1746318699075,27.2472454203625,,,,,,,,,,,,,,,,,,,,,,37.5473676528563,32.3169414599852,23.1508216959018,15.9203452453247,10.9259066734384,7.71134584999966,5.78136759596808,4.72016342352331,4.26738374596449,4.31847447086472,4.89221638870118,6.09875014832588,8.11424128547156,11.1455444390813,15.3655881507481,20.8138559999277,27.2906499589326,34.3124744458152,41.186734376653,47.1892965161797,51.7538439918278,54.5822556719551,55.6490636926713,55.1336780964198,53.3324015449637,50.5845070086402,47.2205656900566,43.5291702553114,39.7405118602878,36.0262630435788,32.5106335894529,29.2812521538787,26.4111615413322,23.9242504394169,21.7937455592014,19.9857170270796,18.4649006253745,17.1971719894039,16.1487939015712,15.2856955333743,,,,,,,,,,,,,,,,,,,,,
263094.319131203,3842687.74594567,624.760884612181,L1_1,247,624.760884612181,619.378534939615,613.727067783422,607.793027269418,601.562284729714,595.020005063025,588.150611413002,580.937748080477,573.364241581327,565.412059757218,557.062268841905,548.294988380825,539.089343896692,529.423417188352,519.274194144595,508.61750994865,497.427991542908,485.678997216879,473.342553174548,460.389286930101,446.788357373431,432.507381338928,417.5123565027,401.76758042466,385.235565542719,367.87694991668,349.650403509339,330.512529781632,310.417762367538,289.318256582741,267.163775508703,243.918411469986,221.228214000445,197.403506657427,172.387563947258,146.12082410158,118.540747263619,89.5816665837598,59.1746318699075,27.2472454203625,,,,,,,,,,,,,,,,,,,,,,24.2533433795231,23.4675929610084,19.9181499588807,14.8119367214078,10.6066527212845,7.70364782935083,5.87103710756417,4.79340183612433,4.2685666447123,4.22592573314196,4.69595561413867,5.78687200097513,7.67054791986571,10.5547763182352,14.6230530176583,19.9370731851371,26.3276095502315,33.3390285971291,40.2906572060616,46.4479029734783,51.2163429007664,54.2635532045324,55.534255066887,55.188160570902,53.5126278938483,50.8466235904466,47.5260273982091,43.8473952849658,40.0492493491242,36.3107437730317,32.7624066482045,29.4970051847496,26.5924290910809,24.0750883010487,21.9182261906999,20.0876455249832,18.5477837704419,17.2642592617503,16.2030453481308,15.3296998125388,,,,,,,,,,,,,,,,,,,,,
263099.274304633,3842691.13907373,625.576644213141,L1_1,253,625.576644213141,620.182758947169,614.519179417897,608.572420912163,602.328324481141,595.772023228569,588.887906913368,581.659584782407,574.069846544897,566.100621395513,557.732934988659,548.946864261462,539.721489997906,530.034847021171,519.8638718956,509.184348013751,497.970847937809,486.19667285807,473.833789024344,460.852760998931,447.222681572248,432.911098174231,417.883935606313,402.105414909999,385.53796817887,368.142149111184,349.876539090113,330.697648567989,310.559813519759,289.415086719118,267.213123578444,243.918411469986,221.228214000445,197.403506657427,172.387563947258,146.12082410158,118.540747263619,89.5816665837598,59.1746318699075,27.2472454203625,,,,,,,,,,,,,,,,,,,,,,20.5333165110108,20.6057812494075,18.7659910908421,14.7365037901033,10.8735532479985,7.99133382867816,6.08375911817679,4.90615319286162,4.27708127965372,4.13407863456637,4.50495100057784,5.48847108325986,7.24826743729646,9.99072674155487,13.9082514747377,19.0835735524376,25.3776666001562,32.3639991202379,39.376556559793,45.6735356761526,50.6348855100639,53.8949093821017,55.3681952991065,55.1936341590723,53.6483011076081,51.0696882922835,47.7981468210564,44.1376886443667,40.3349201202709,36.5764050037729,32.9989921081763,29.7006205039978,26.7640540915574,24.2182881318492,22.0366734792525,20.1848281163959,18.6269539369092,17.3284563222334,16.2550562074955,15.3719675941354,,,,,,,,,,,,,,,,,,,,,
263104.64240905,3842694.81496208,626.392403814101,L1_1,259.5,626.392403814101,620.986982954722,615.311291052374,609.351814554908,603.094364232569,596.524041394113,589.625202413734,582.381421484336,574.775451508468,566.789183033807,558.403601135413,549.598740142099,540.353636099119,530.646276853991,520.453549646606,509.751186078852,498.51370433271,486.714348499261,474.325024874139,461.316235067762,447.657005771066,433.314815009534,418.255514709927,402.443249395338,385.840370815021,368.407348305687,350.102674670887,330.882767354347,310.70186467198,289.511916855494,267.262471648185,243.918411469986,221.228214000445,197.403506657427,172.387563947258,146.12082410158,118.540747263619,89.5816665837598,59.1746318699075,27.2472454203625,,,,,,,,,,,,,,,,,,,,,,23.2706298942231,22.5328099865312,19.9967681689408,15.9570735091503,11.8213832907748,8.60291933267616,6.43240078712261,5.0698006580628,4.30561751273355,4.05645892657111,4.33262227037247,5.21650740892097,6.86013443713343,9.46632549729512,13.2345237481505,18.2668931701041,24.4539086791572,31.399179609908,38.4542198273041,44.8736451440408,50.0146770736959,53.4796607497526,55.1528382109948,55.1511301110767,53.7398922873145,51.2538629426657,48.0369310654548,44.3999900841289,40.5974404998687,36.8231616943165,33.2203120642971,29.8920291606817,26.925977797627,24.3538001440807,22.1490460984931,20.2772314136591,18.7023852143462,17.3897443485183,16.3048134459073,15.4124902994382,,,,,,,,,,,,,,,,,,,,,
263109.597582358,3842698.2080898,627.104420888401,L1_1,265.5,627.104420888401,621.688931450658,616.002667541028,610.032090435917,603.76298447555,597.180423217164,590.26873389586,583.01146010849,575.391322631752,567.390178281177,558.988976713073,550.167715066563,540.905390337729,531.179949372452,520.968236358912,510.245937694695,498.987524097267,487.166189819968,474.753788828803,461.720767788081,448.036095695322,433.667189997925,418.579839015659,402.738120484279,386.10431602633,368.638821345483,350.300051930595,331.044344044962,310.825850765047,289.596432821137,267.305543980031,243.918411469986,221.228214000445,197.403506657427,172.387563947258,146.12082410158,118.540747263619,89.5816665837598,59.1746318699075,27.2472454203625,,,,,,,,,,,,,,,,,,,,,,22.3843559642057,22.1852932063269,20.5832758130153,16.9059387172342,12.6142023071636,9.12971712017531,6.74102058719315,5.22012918340581,4.33889923002259,3.99797334507513,4.19220329603885,4.98850989690565,6.52713333546727,9.00607881537267,12.6297570340276,17.5174586425715,23.5877213532596,30.4749424657506,37.5511565067104,44.0715968119748,49.3744114601549,53.0319695185851,54.8983740963141,55.0676114566327,53.7919030439068,51.401884997587,48.2439273635963,44.6350729508972,40.8371139377289,37.051046594299,33.4262640142486,30.0710825941275,27.0780457691589,24.4814733889713,22.2552080731501,20.3647392345629,18.7739799123604,17.4480421678594,16.3522475942892,15.4512111210101,,,,,,,,,,,,,,,,,,,,,
263114.965686775,3842701.88397815,627.712565878771,L1_1,272,627.712565878771,622.288476709768,616.593183082314,610.613124773488,604.334063549221,597.74104926374,590.818384263986,583.549586014243,575.917347852014,567.903497781673,559.488955207814,550.653685505264,541.376652317585,531.635767470522,521.407838381107,510.66851283722,499.39222101614,487.552114604005,475.120002871264,462.066285551885,448.359882366538,433.968159021923,418.856849510077,402.989974522639,386.329755785829,368.836526112179,350.468634954846,331.182349239647,310.931749238688,289.66861923768,267.342332736623,243.918411469986,221.228214000445,197.403506657427,172.387563947258,146.12082410158,118.540747263619,89.5816665837598,59.1746318699075,,,,,,,,,,,,,,,,,,,,,,,17.6654616860426,18.5476067671495,18.828731822658,16.3098559328409,12.582538042251,9.27771380812491,6.89535627673092,5.31907810356741,4.36815177473542,3.95940308388375,4.0865031606556,4.80694566590679,6.25105190229049,8.61153014652453,12.0959139695787,16.8382035570333,22.7831927365335,29.5962496768093,36.6726107977634,43.2722917922441,48.7182129997093,52.5550149761968,54.6070803050112,54.9446101255908,53.8053112923516,51.5143537610076,48.4194882024907,44.8431343003866,41.0540425587862,37.2601039037629,33.6168562348835,30.2377689555376,27.2202354457865,24.6012808743984,22.355132811036,20.4473277859367,18.8417181135278,17.5033342876446,16.3973476244656,,,,,,,,,,,,,,,,,,,,,,
263119.920859961,3842705.27710551,628.320710869141,L1_1,278,628.320710869141,622.888021968877,617.1836986236,611.19415911106,604.905142622892,598.301675310316,591.368034632111,584.087711919996,576.443373072275,568.416817282169,559.988933702556,551.139655943963,541.847914297441,532.091585568592,521.847440403301,511.091087979746,499.796917935012,487.938039388042,475.486216913724,462.411803315689,448.683669037753,434.26912804592,419.133860004496,403.241828561,386.555195545329,369.034230878875,350.637217979098,331.320354434332,311.037647712328,289.740805654224,267.379121493214,243.918411469986,221.228214000445,197.403506657427,172.387563947258,146.12082410158,118.540747263619,89.5816665837598,59.1746318699075,,,,,,,,,,,,,,,,,,,,,,,16.9935046060983,17.3990063184148,17.1533452754735,14.9946149398747,11.9163015462532,9.04835333483855,6.86242982881326,5.34160695677863,4.38061271049767,3.93548653712597,4.01387105144024,4.67226693274691,6.03454307487845,8.2883708684947,11.6426344025387,16.2431781362819,22.0584323370937,28.784014524614,35.8404353925461,42.4966126752439,48.0645521761777,52.0640676510449,54.2908634168753,54.7909519906543,53.7863956678048,51.5955593547453,48.5664041694094,45.0259234850191,41.2492787837256,37.4509278524536,33.7923861685771,30.3921945407214,27.3525438845516,24.7131749302887,22.4487583618437,20.5249334117763,18.9055398890384,17.5555649679105,16.4400647467315,,,,,,,,,,,,,,,,,,,,,,
263125.288964114,3842708.95299312,628.928855859511,L1_1,284.5,628.928855859511,623.487567227987,617.774214164887,611.775193448631,605.476221696563,598.862301356892,591.917685000237,584.625837825749,576.969398292537,568.930136782665,560.488912197298,551.625626382664,542.319176277297,532.547403666662,522.287042425496,511.513663122271,500.201614853885,488.32396417208,475.852430956184,462.757321079494,449.007455708969,434.570097069918,419.410870498914,403.49368259936,386.780635304829,369.231935645571,350.80580100335,331.458359629017,311.143546185969,289.812992070768,267.415910249806,243.918411469986,221.228214000445,197.403506657427,172.387563947258,146.12082410158,118.540747263619,89.5816665837598,59.1746318699075,,,,,,,,,,,,,,,,,,,,,,,20.9443206469842,19.3173585426564,16.4744486323775,13.8022791172433,11.0735974466338,8.61546117469337,6.6856427324116,5.28707576300764,4.36535942789343,3.91450259101026,3.96301443178727,4.57312160614789,5.86589603896376,8.024775478012,11.2587304781699,15.7228765552428,21.4065628792667,28.034425247837,35.0536273800972,41.7455846567803,47.4155455835678,51.5615566238067,53.9519744910167,54.6084860024336,53.7365609767537,51.6465149381471,48.6853826789167,45.1839221698578,41.4231411418026,37.6237194734339,33.9529690605303,30.5344132710442,27.4749864675566,24.8171509020062,22.5360712383433,20.5975405960495,18.965430861925,17.6047221705212,16.4803896227688,,,,,,,,,,,,,,,,,,,,,,
263130.244137178,3842712.34612013,629.524295430453,L1_1,290.5,629.524295430453,624.074586734022,618.352392602769,612.344088764954,606.035369735248,599.411214754056,592.455852023805,585.152721157041,577.484433746939,569.432731966332,560.978445096695,552.101443883576,542.780592609801,532.993698772337,522.717460243,511.927409787196,500.597856808602,488.701826181078,476.210994022178,463.095620255333,449.324477800145,434.864778222199,419.682093665355,403.740274880669,387.001365156748,369.425509946632,350.970861976009,331.593481606856,311.247232219245,289.883670362253,267.451930412412,243.918411469986,221.228214000445,197.403506657427,172.387563947258,146.12082410158,118.540747263619,89.5816665837598,59.1746318699075,,,,,,,,,,,,,,,,,,,,,,,20.6006016710168,18.851120879489,15.7916926138986,13.070285534609,10.5018880062537,8.25193987914989,6.48785808438898,5.19560170568015,4.32748085233705,3.89013720929434,3.92484638928793,4.50015194889199,5.73637263517367,7.81346003877783,10.9394752703243,15.2763258486561,20.8312204882977,27.3557737912656,34.3241966302605,41.0332851540241,46.7855220799842,51.0606140921405,53.6015077917211,54.4059927622625,53.6623483970471,51.671855078379,48.7796108116219,45.3192372419554,41.5769568310912,37.779278800103,34.0990619507911,30.664657523243,27.5876601442109,24.9132340216743,22.6170603750207,20.6651225369319,19.0213588938998,17.6507741276963,16.5182912131959,,,,,,,,,,,,,,,,,,,,,,
263135.612241331,3842716.02200773,630.107038714711,L1_1,297,630.107038714711,624.64908949058,618.918242805243,612.900853785639,606.582595315054,599.948423920941,592.982543957121,585.668369995111,577.988487335001,569.924610541884,561.457539909112,552.567115744702,543.232170372071,533.430477730808,523.138700457482,512.33233432049,500.985649876648,489.071631210614,476.561911611279,463.426706031976,449.634740173709,435.153176022528,419.947533663788,403.981609187111,387.217388486601,369.614956751065,351.132403428752,331.725722440323,311.348707402473,289.95284161273,267.4871825335,243.918411469986,221.228214000445,197.403506657427,172.387563947258,146.12082410158,118.540747263619,89.5816665837598,59.1746318699075,,,,,,,,,,,,,,,,,,,,,,,15.7163638586273,15.8556842508977,15.01966158707,12.7595187809964,10.2316382774235,8.00871942853162,6.29963864253784,5.07270711863236,4.25805964964744,3.84843591513435,3.8844490218836,4.43825642444515,5.63048841825762,7.63847866399946,10.6688800672372,14.888444976646,20.3194642996247,26.7382918883958,33.6459347326007,40.3567015851506,46.1738076494674,50.561943448813,53.2407587805705,54.1848544084031,53.5649675154706,51.6725273981942,48.8497793786392,45.4323479446135,41.7110453558914,37.9178073192769,34.2307830155007,30.7829891480064,27.6905909131014,25.0014296797876,22.6917206563344,20.7276698284285,19.0733139846148,17.6937117973863,16.5537623159592,,,,,,,,,,,,,,,,,,,,,,
263140.567414273,3842719.4151344,630.689781998968,L1_1,303,630.689781998968,625.223592247138,619.484093007716,613.457618806323,607.129820894861,600.485633087825,593.509235890438,586.184018833181,578.492540923062,570.416489117436,561.93663472153,553.032787605828,543.68374813434,533.867256689279,523.559940671964,512.737258853784,501.373442944694,489.441436240151,476.91282920038,463.75779180862,449.945002547272,435.441573822858,420.212973662222,404.222943493554,387.433411816454,369.804403555498,351.293944881494,331.85796327379,311.450182585701,290.022012863208,267.522434654589,243.918411469986,221.228214000445,197.403506657427,172.387563947258,146.12082410158,118.540747263619,89.5816665837598,59.1746318699075,,,,,,,,,,,,,,,,,,,,,,,14.9998625853342,15.3275641337956,14.88079714343,12.8263401912109,10.2675976647772,7.94321358435784,6.17286042428819,4.9477264845022,4.16742030722146,3.78881203100653,3.83623265823432,4.37961927990967,5.53931942968408,7.49052150223048,10.438175536344,14.5522615390832,19.8674717365708,26.1822529699956,33.023282677034,39.7235564020877,45.5899473327097,50.0754160422682,52.8787758399476,53.9526425290251,53.4503467882032,51.6529264347319,48.8989636095923,45.5253183667791,41.8267540981729,38.0401540373811,34.3486334103664,30.8896844163124,27.7839184810408,25.0817988610045,22.7600752390659,20.7851865030756,19.1212884848208,17.7335195199583,16.5867840029288,,,,,,,,,,,,,,,,,,,,,,
263145.935518162,3842723.09102125,631.272525283225,L1_1,309.5,631.272525283225,625.798095003695,620.049943210189,614.014383827008,607.677046474667,601.02284225471,594.035927823755,586.699667671251,578.996594511123,570.908367692988,562.415729533947,553.498459466953,544.13532589661,534.30403564775,523.981180886446,513.142183387078,501.761236012741,489.811241269687,477.263746789481,464.088877585264,450.255264920836,435.729971623187,420.478413660655,404.464277799997,387.649435146306,369.993850359931,351.455486334236,331.990204107257,311.551657768929,290.091184113685,267.557686775678,243.918411469986,221.228214000445,197.403506657427,172.387563947258,146.12082410158,118.540747263619,89.5816665837598,59.1746318699075,,,,,,,,,,,,,,,,,,,,,,,18.3191524529129,17.1407845391567,15.1760585222126,13.1322939923949,10.5590981686946,8.04045400303674,6.10485967445944,4.82178712472106,4.05518898816384,3.70796824067877,3.77468280147591,4.31717473721968,5.45444961643317,7.35988562406588,10.236625537616,14.256634515301,19.4646851332449,25.6787616242964,32.449770938942,39.1299808220051,45.0322878140061,49.6009160308895,52.5162931290417,53.7104133851173,53.3195399588595,51.6139506782665,48.9278611549449,45.5986552039864,41.9244310778931,38.1465463919928,34.4527532831071,30.9848222009109,27.8676820487441,25.1543572739237,22.8221269999544,20.837669154485,19.1652766343247,17.7701915013678,16.6173512898216,,,,,,,,,,,,,,,,,,,,,,
263150.890690982,3842726.48414757,631.881312820745,L1_1,315.5,631.881312820745,626.398273723745,620.641082671896,614.596032067454,608.24872893279,601.584060641392,594.586158935425,587.238362144159,579.523175513331,571.42222955096,562.916236290471,553.984943366958,544.607085797269,534.760335349096,524.421247378514,513.565205009403,502.166360521836,490.197573809891,477.630347762349,464.434760412429,450.579393695014,436.031258641728,420.755716835777,404.71639793953,387.875113098469,370.191764015356,351.624247478087,332.128355113954,311.657668131615,290.163446800159,267.59451440213,243.918411469986,221.228214000445,197.403506657427,172.387563947258,146.12082410158,118.540747263619,89.5816665837598,59.1746318699075,,,,,,,,,,,,,,,,,,,,,,,17.181636325069,16.3222906503641,15.2001908897359,13.8443842371621,11.2289231711247,8.33193324845575,6.10567532282028,4.70817444554789,3.93546503982012,3.61652113950391,3.70617027228896,4.2537677619903,5.37590503079146,7.2443064402383,10.0602945586955,13.9969110497186,19.1070232037346,25.2256312765919,31.9259745689176,38.5793795233833,44.5063736715111,49.1450494344665,52.1599416723382,53.4640962746464,53.1774005013615,51.5593037176737,48.9391587921703,45.6542188898577,42.0053107234606,38.2377714398651,34.5436318644891,31.0686905519297,27.9420389021613,25.2191906219871,22.8779192223035,20.8851367683171,19.2052848042838,17.8037269115576,16.6454583346437,,,,,,,,,,,,,,,,,,,,,,
263156.258794871,3842730.16003442,632.516197891113,L1_1,322,632.516197891113,627.02418093345,621.257563127905,615.202614432082,608.844918301468,602.169337364323,595.159977380321,587.800149397119,580.072330014756,571.958119663276,563.438198794222,554.492281881714,545.099069123582,535.236195727543,524.880178661702,514.006360742569,502.588851927479,490.600467671635,478.012664202998,464.79547056093,450.917417236758,436.345461246378,421.044907456479,404.979325977085,388.110465423721,370.398161842689,351.800243082605,332.272428384517,311.768222951525,290.238807246883,267.632920757009,243.918411469986,221.228214000445,197.403506657427,172.387563947258,146.12082410158,118.540747263619,89.5816665837598,59.1746318699075,,,,,,,,,,,,,,,,,,,,,,,12.2606936926599,13.4191415207126,15.5051406836571,15.438853194801,12.4989474593589,8.87506294686559,6.19065096669516,4.62195744106086,3.82475129563478,3.52838667836236,3.64075334832998,4.19601414108389,5.30745265818587,7.14505983524312,9.90819337262636,13.7701675439905,18.790248700309,24.8182089232735,31.4477546272416,38.0687657942423,44.0105550443846,48.707309199614,51.8099795635796,53.2143335691157,53.0246761317884,51.489675261806,48.9334166986232,45.6924271954498,42.0696850108478,38.3140236162262,34.6213919598581,31.141361710505,28.0070283760875,25.2763181868951,22.9274593748259,20.9275904711006,19.2413108967496,17.8341225762941,16.6711023061691,,,,,,,,,,,,,,,,,,,,,,
263161.21396757,3842733.5531604,633.151082961481,L1_1,328,633.151082961481,627.650088143155,621.874043583913,615.80919679671,609.441107670146,602.754614087253,595.733795825216,588.361936650078,580.621484516182,572.494009775592,563.960161297972,554.999620396471,545.591052449895,535.71205610599,525.33910994489,514.447516475735,503.011343333122,491.003361533379,478.394980643648,465.156180709431,451.255440778503,436.659663851028,421.33409807718,405.24225401464,388.345817748972,370.604559670021,351.976238687123,332.416501655079,311.878777771434,290.314167693606,267.671327111887,243.918411469986,221.228214000445,197.403506657427,172.387563947258,146.12082410158,118.540747263619,89.5816665837598,59.1746318699075,,,,,,,,,,,,,,,,,,,,,,,11.9688395445931,13.9779094838337,17.8167103482051,18.178643684951,14.1900461394112,9.51035964587088,6.29811229067514,4.55936555990891,3.73994517647832,3.46317110587573,3.59474832011777,4.15589115232542,5.25700171257627,7.06638743597882,9.78132664508283,13.5748463280589,18.5113259022083,24.4533654214891,31.0131698035229,37.5981223905303,43.5467445953786,48.2909834051385,51.47030947589,52.9649602194611,52.8647002005161,51.4077163419846,48.9126029392288,45.7146795631933,42.1185092337104,38.3759333912736,34.6864350898951,31.2030817824916,28.0628057938949,25.3258341791716,22.9708030354669,20.9650638022427,19.2733743693099,17.861389631394,16.6942872811456,,,,,,,,,,,,,,,,,,,,,,
263166.582071194,3842737.22904649,633.785968031849,L1_1,334.5,633.785968031849,628.27599535286,622.490524039922,616.415779161338,610.037297038823,603.339890810184,596.307614270112,588.923723903037,581.170639017608,573.029899887907,564.482123801722,555.506958911227,546.083035776207,536.187916484437,525.798041228078,514.888672208901,503.433834738765,491.406255395122,478.777297084298,465.516890857931,451.593464320247,436.973866455679,421.623288697882,405.505182052195,388.581170074224,370.810957497354,352.152234291641,332.560574925642,311.989332591343,290.38952814033,267.709733466765,243.918411469986,221.228214000445,197.403506657427,172.387563947258,146.12082410158,118.540747263619,89.5816665837598,59.1746318699075,,,,,,,,,,,,,,,,,,,,,,,15.3714911286383,17.8581111729709,22.2472419682906,21.6095449052549,15.8485121518672,10.0450721918906,6.38989411269404,4.53279342144829,3.70350230677621,3.44161802504199,3.5845109355494,4.1455184307727,5.23322596108451,7.01418718348795,9.6832395642181,13.4124376259895,18.2700528647848,24.1297528344723,30.6204010826962,37.16577729318,43.1138002187034,47.8955558966631,51.1409331168744,52.7163050045158,52.6979420419989,51.3139034330261,48.8771319094108,45.7213029277474,42.1520251845649,38.4236692013916,34.7388711013411,31.2539184097296,28.1094100541455,25.3677593135112,23.007960233288,20.9975607207084,19.301476042683,17.885527786986,16.7150125175092,,,,,,,,,,,,,,,,,,,,,,
263171.537243771,3842740.62217212,634.484432007895,L1_1,340.5,634.484432007895,628.964582403857,623.168740319617,617.083106131165,610.693190233291,603.983778540523,596.938896263116,589.541769871839,581.774787160999,573.619455314616,565.056356875914,556.065103515277,546.624287486608,536.711430656506,526.302930984899,515.374006329711,503.898635441764,491.84949600942,479.197899605458,465.913723381298,451.96533834593,437.319534058794,421.941439557301,405.794440330734,388.840091142838,371.038024495547,352.345854515892,332.719076037254,312.110958634684,290.472435361986,267.751985925652,243.918411469986,221.228214000445,197.403506657427,172.387563947258,146.12082410158,118.540747263619,89.5816665837598,59.1746318699075,,,,,,,,,,,,,,,,,,,,,,,16.6562950259642,19.1611361131247,23.1697336777298,21.8064745758147,15.7391733230438,9.93314319704725,6.33807896146939,4.52819352241314,3.72758420166393,3.47903795605909,3.62231442432657,4.17295969737545,5.24027491847039,6.98923083690269,9.61186126453576,13.2786773621462,18.0608715002744,23.8416337922978,30.2646221814793,36.7685541764726,42.7103964482769,47.5212529643564,50.8230672950218,52.4700359157275,52.5260949529245,51.2097072058682,48.8281686155543,45.7131448862836,42.1708189059989,38.4576297433296,34.7789776909363,31.2940749513023,28.1469817953703,25.4021944262454,23.039003169812,21.0251291499182,19.32564678465,17.9065554369303,16.7332908192067,,,,,,,,,,,,,,,,,,,,,,
263176.905347396,3842744.29805822,635.246450970171,L1_1,347,635.246450970171,629.71582571494,623.908669196948,617.811154853056,611.40876479197,604.686255227829,597.627620185481,590.216053391015,582.433908256827,574.262655865929,565.682840855486,556.674035094521,547.214789045508,537.282580694044,526.853761925007,515.903502217518,504.405729524654,492.333068197147,479.656773803265,466.346664689689,452.371050120435,437.696654822717,422.288539760113,406.11001894438,389.122572087859,371.285752888513,352.557092729199,332.89199956192,312.243651736277,290.562886519351,267.798083041579,243.918411469986,221.228214000445,197.403506657427,172.387563947258,146.12082410158,118.540747263619,89.5816665837598,59.1746318699075,,,,,,,,,,,,,,,,,,,,,,,14.9008947190341,16.7790170445506,19.4484949171717,18.1613705350341,13.652734885858,9.12345495191747,6.13889318242237,4.55407499382902,3.82263101438993,3.58405130211063,3.71385231169527,4.24130009705146,5.2793705670726,6.99151897447119,9.56639905869747,13.172241215956,17.8820973387394,23.5871178075127,29.9439211923585,36.4047235499717,42.3351560761942,47.1671303193286,50.5161740563004,52.2259263780843,52.3491302497329,51.0951975721468,48.7658107873593,45.6902955493852,42.1749593419353,38.4778625109268,34.8067882724626,31.3235772515201,28.1755414721091,25.4291547176475,23.0639418990539,21.0477748581339,19.3458894360817,17.9244736481369,16.7491228127457,,,,,,,,,,,,,,,,,,,,,,
263181.860519851,3842747.6911835,636.008469932448,L1_1,353,636.008469932448,630.467069026024,624.648598074279,618.539203574947,612.124339350648,605.388731915135,598.316344107845,590.890336910192,583.093029352655,574.905856417242,566.309324835058,557.282966673765,547.805290604407,537.853730731581,527.404592865114,516.432998105324,504.912823607544,492.816640384875,480.115648001073,466.779605998081,452.776761894939,438.07377558664,422.635639962925,406.425597558026,389.405053032881,371.533481281479,352.768330942507,333.064923086586,312.376344837869,290.653337676717,267.844180157507,243.918411469986,221.228214000445,197.403506657427,172.387563947258,146.12082410158,118.540747263619,89.5816665837598,59.1746318699075,,,,,,,,,,,,,,,,,,,,,,,16.3726706919312,16.6064447117406,16.3319044560624,14.4418840836169,11.3196343729904,8.19038873387331,5.95111755090598,4.65216563688922,3.99826678792026,3.75537452174998,3.85309015631851,4.34220303753127,5.34090023515934,7.01052449599048,9.53559897919651,13.0814629077943,17.7221889460678,23.3554847958924,29.6490801684484,36.0670160317652,41.9828521101155,46.8297887232867,50.2182664327581,51.982904020976,52.1665128589467,50.9701260919072,48.6899197359515,45.6526656115884,42.1643974040571,38.4843561093979,34.8223324309569,31.3425047052115,28.1952071782256,25.4487528597476,23.0828645273283,21.0655628476334,19.3622511702282,17.9393177109009,16.7625340419803,,,,,,,,,,,,,,,,,,,,,,
263187.228623211,3842751.36706884,636.770488894724,L1_1,359.5,636.770488894724,631.218312337108,625.38852695161,619.267252296838,612.839913909327,606.091208602441,599.00506803021,591.564620429368,583.752150448484,575.549056968555,566.93580881463,557.891898253009,548.395792163306,538.424880769119,527.955423805222,516.96249399313,505.419917690434,493.300212572603,480.574522198881,467.212547306472,453.182473669443,438.450896350562,422.982740165737,406.741176171672,389.687533977902,371.781209674445,352.979569155814,333.237846611252,312.509037939462,290.743788834082,267.890277273434,243.918411469986,221.228214000445,197.403506657427,172.387563947258,146.12082410158,118.540747263619,89.5816665837598,59.1746318699075,,,,,,,,,,,,,,,,,,,,,,,23.89967489691,19.9861065308943,14.8485735725904,11.9453586069487,9.59750186274727,7.4790141870578,5.86578812081183,4.83073032234571,4.24138855713524,3.9759846175835,4.0240526729067,4.46207370675964,5.41372349283009,7.03726817477188,9.51233763455856,13.0008167355221,17.5769392801036,23.1435097768955,29.3775174949139,35.7532559265991,41.6516214147351,46.5076808573194,49.9281341885222,51.740082560797,51.977624557292,50.8340713390928,48.6002070364952,45.6000507216573,42.1389848637258,38.4770078342672,34.8255489507597,31.3508321852219,28.2059771299836,25.4609958694766,23.0957796646758,21.0785005686237,19.3747375873281,17.9510913168605,16.7735266965706,,,,,,,,,,,,,,,,,,,,,,
263192.183795544,3842754.76019377,637.47188794877,L1_1,365.5,637.47188794877,631.909792961393,626.069593224648,619.937383501065,613.498563291302,606.737802071052,599.639002789789,592.185263544463,584.358837336871,576.141089818899,567.512454925029,558.452388286465,548.939318315972,538.950594846956,528.462435204488,517.449867579897,505.886671574076,493.745315767965,480.996892171547,467.611047395309,453.555910380259,438.798016514457,423.302227955364,407.031649968317,389.947543081918,372.009230851198,353.174003008943,333.397013774574,312.631175078487,290.827044447596,267.932707285161,243.918411469986,221.228214000445,197.403506657427,172.387563947258,146.12082410158,118.540747263619,89.5816665837598,59.1746318699075,,,,,,,,,,,,,,,,,,,,,,,25.803029679403,21.3336384695429,15.1839684921314,11.6636824643927,9.30222571655465,7.44342007983397,6.05919828371348,5.12512157035578,4.53377606030088,4.21431082175265,4.19640299061749,4.57516304501757,5.47623979088876,7.05314513860151,9.48010098504045,12.9153908652134,17.4328934487172,22.9392506315175,29.1189354946057,35.4549188649484,41.33473337099,46.1957355637244,49.6421234420227,51.4949497101683,51.7807820637363,50.6859102361371,48.4959458243222,45.5319888889769,42.0984342536118,38.4556753333653,34.8164260939744,31.3486564899235,28.2079999758929,25.4660324989414,23.1028165353116,21.0866889021779,19.3834222007418,17.9598466079009,16.7821381607164,,,,,,,,,,,,,,,,,,,,,,
263197.551898905,3842758.43607912,638.112524506818,L1_1,372,638.112524506818,632.541370327436,626.691658439085,620.549460956316,614.100153599408,607.328380874656,600.218019513665,592.752140084626,584.912966684134,576.681834613617,568.039145939575,558.964322831831,549.435758568699,539.430766092411,528.925523992308,517.895019787201,506.312990371838,494.151859485706,481.382672055269,467.975025253309,453.896996111251,439.115065512091,423.594038382972,407.296959897398,390.185027487544,372.217498457199,353.351592975335,333.542392219379,312.742731425625,290.903087592183,267.971461567069,243.918411469986,221.228214000445,197.403506657427,172.387563947258,146.12082410158,118.540747263619,89.5816665837598,59.1746318699075,,,,,,,,,,,,,,,,,,,,,,,20.8389877124291,20.0754191475334,17.1508207999981,13.3695793847329,10.3365435643144,8.08460137928044,6.52951250496622,5.5064579938525,4.83586837499807,4.4349908336894,4.34369817494515,4.66307728277581,5.51602708895159,7.05005076661533,9.43400498795312,12.8227108542838,17.2892224413284,22.7427434035748,28.8735489918185,35.1719616755887,41.0317615691509,45.8932495545815,49.3594427474547,51.2467804898105,51.5754086801999,50.5252275551773,48.3768568505847,45.4482998789926,42.0426339423807,38.4202943303879,34.79493363016,31.3359726069942,28.201285142621,25.4638773423575,23.1039888945819,21.0901386558161,19.3883128081674,17.9655887031606,16.7883719323715,,,,,,,,,,,,,,,,,,,,,,
263202.507071116,3842761.8292037,638.753161064866,L1_1,378,638.753161064866,633.172947693478,627.313723653522,621.161538411567,614.701743907514,607.918959678259,600.797036237542,593.319016624788,585.467096031396,577.222579408336,568.565836954121,559.476257377197,549.932198821426,539.910937337866,529.388612780129,518.340171994505,506.739309169599,494.558403203448,481.76845193899,468.339003111308,454.238081842243,439.432114509725,423.88584881058,407.562269826478,390.422511893171,372.425766063199,353.529182941728,333.687770664184,312.854287772762,290.97913073677,268.010215848977,243.918411469986,221.228214000445,197.403506657427,172.387563947258,146.12082410158,118.540747263619,89.5816665837598,59.1746318699075,,,,,,,,,,,,,,,,,,,,,,,21.8419490268301,22.110067852453,20.3951964825988,16.2101045077021,12.1743393225602,9.13873165065326,7.13952225028079,5.88751746327217,5.08493858082194,4.59336357096142,4.43523188888327,4.70463084234417,5.51782115410106,7.01627035520445,9.36441981419648,12.7143094344901,17.1380537312716,22.5464544267113,28.6341900050782,34.8977934109414,40.7369745528925,45.5955584917688,49.0765553825956,50.9930673103416,51.3598466170322,50.3510233429698,48.2423861783992,45.3487202021121,41.9715232620718,38.3709315112838,34.7612229738651,31.3130014604658,28.186080109147,25.4547524313154,23.0994737990101,21.0889834544874,19.3895071122829,17.9683899490396,16.7922816555464,,,,,,,,,,,,,,,,,,,,,,
263207.875174213,3842765.50508829,639.393797622914,L1_1,384.5,639.393797622914,633.804525059521,627.935788867959,621.773615866818,615.30333421562,608.509538481863,601.376052961418,593.88589316495,586.021225378659,577.763324203054,569.092527968668,559.988191922563,550.428639074153,540.391108583322,529.851701567949,518.785324201808,507.16562796736,494.96494692119,482.154231822711,468.702980969308,454.579167573235,439.749163507358,424.177659238188,407.827579755559,390.659996298798,372.6340336692,353.706772908121,333.833149108989,312.9658441199,291.055173881356,268.048970130886,243.918411469986,221.228214000445,197.403506657427,172.387563947258,146.12082410158,118.540747263619,89.5816665837598,59.1746318699075,,,,,,,,,,,,,,,,,,,,,,,27.056772098483,26.6957179816299,24.3299129601025,19.525520399875,14.343682335885,10.344196227971,7.76739114606134,6.21602683788106,5.25871350464557,4.68044813425738,4.46885468117408,4.70165745100192,5.48597004834783,6.9577871666977,9.27825124379846,12.597274673951,16.9859007815108,22.3556833210275,28.4045818269181,34.6345526116097,40.4512102557846,45.3026311962843,48.7929833753968,50.7331991361221,51.1335291985874,50.1628446916541,48.0922025205758,45.233022242361,41.8849527721882,38.3074964625207,34.7152518204429,31.2797375134007,28.1624003688554,25.4386795023078,23.0892917322371,21.0832394963015,19.3870168156004,17.9682588235978,16.7938730618233,,,,,,,,,,,,,,,,,,,,,,
263212.830346302,3842768.89821253,639.835344765414,L1_1,390.5,639.835344765414,634.239828318039,628.364536048295,622.195479165064,615.717969437672,608.916584223909,601.775129749459,594.276602551286,586.403148993205,578.136022757219,569.455540209434,560.34103353426,550.770801525327,540.722057915948,530.170877126099,519.092137296759,507.459460475951,495.245149814102,482.420123619162,468.953846114474,454.814254734552,439.967683785634,424.378784289269,408.010439818087,390.823678123346,372.777578343867,353.829173575415,333.933348568539,313.042732311321,291.107585241241,268.075680817657,243.918411469986,221.228214000445,197.403506657427,172.387563947258,146.12082410158,118.540747263619,89.5816665837598,59.1746318699075,,,,,,,,,,,,,,,,,,,,,,,25.978185443645,26.0899542904836,24.8645796852375,20.7613194264151,15.4293011483022,11.0189784414284,8.1184158893818,6.3757286986331,5.31605459610251,4.68450206652749,4.4437496835774,4.65734478717019,5.42502685315427,6.87925124529821,9.17935288823733,12.473942677483,16.8331410127812,22.168831788261,28.1815823104193,34.3782842683772,40.1704739536903,45.0110363529696,48.506163704778,50.465537328377,50.8956332591689,49.9604513772358,47.9264460802067,45.1015701797853,41.7833671066319,38.2304533160776,34.6574777186394,31.2366191092228,28.1306408415311,25.4159845920429,23.0736994365215,21.073097842091,19.3809813016203,17.9652951922478,16.793216753894,,,,,,,,,,,,,,,,,,,,,,
263218.198449399,3842772.57409712,640.077741116406,L1_1,397,640.077741116406,634.478796960985,628.599905597792,622.427069666439,615.945591938519,609.140040324203,601.994211129171,594.491090474387,586.612813786865,578.340623264966,569.654823216972,560.534733166578,550.958638613665,540.903739333106,530.34609508852,519.260568631704,507.620765852047,495.398972933407,482.566090368835,469.091563676035,454.943310648594,440.087644969782,424.489196007029,408.110824596138,390.913534614703,372.856380134196,353.896367929664,333.988355114905,313.084941659408,291.136357531136,268.090344196451,243.918411469986,221.228214000445,197.403506657427,172.387563947258,146.12082410158,118.540747263619,89.5816665837598,59.1746318699075,,,,,,,,,,,,,,,,,,,,,,,19.5648947064615,20.9409104068392,22.1990697834527,19.8585453292145,15.3275757602976,11.1040292458605,8.18212183931033,6.38411931294404,5.28459815643917,4.63312013833206,4.38394279122063,4.59222861139156,5.3531010047428,6.79718190578573,9.08294795810617,12.3580557660026,16.6916000449006,21.9954024632461,27.9722123675709,34.1336933251043,39.897583402105,44.722252868566,48.2167574789451,50.1903234808606,50.6462382165374,49.7438981945106,47.7451956945397,44.9544692538599,41.6668861552515,38.139920560108,34.5880043438575,31.18372897237,28.0908643460072,25.3867144291967,23.0527307839683,21.0585826318358,19.3714172774582,17.959510033909,16.7903204126092,,,,,,,,,,,,,,,,,,,,,,
263223.153621367,3842775.96722101,640.320137467399,L1_1,403,640.320137467399,634.71776560393,628.835275147288,622.658660167814,616.173214439367,609.363496424496,602.213292508883,594.705578397489,586.822478580525,578.545223772713,569.85410622451,560.728432798897,551.146475702003,541.085420750265,530.52131305094,519.428999966648,507.782071228143,495.552796052711,482.712057118508,469.229281237595,455.072366562637,440.20760615393,424.599607724788,408.211209374189,391.00339110606,372.935181924525,353.963562283913,334.04336166127,313.127151007495,291.165129821032,268.105007575245,243.918411469986,221.228214000445,197.403506657427,172.387563947258,146.12082410158,118.540747263619,89.5816665837598,59.1746318699075,,,,,,,,,,,,,,,,,,,,,,,18.1091966707827,19.3780377846907,20.6654884516057,18.7741024667279,14.7437754888896,10.8225799454159,8.02873518476077,6.27421770284623,5.19080974005301,4.54992907665935,4.30936366698323,4.52255191478696,5.28347633328169,6.72258265517063,8.99808523482825,12.2567231044759,16.5663663232609,21.8385273870076,27.7779899962991,33.9012806644536,39.6326960876978,44.4366476379169,47.9256549954607,49.909019619196,50.3872329598902,49.5153088734328,47.5505973462188,44.7937014666092,41.5372500147687,38.03734240339,34.5079669611649,31.1219174557336,28.0436896186398,25.3513216188408,23.0267123626736,21.0399320074536,19.3584989687583,17.951027600574,16.785272027382,,,,,,,,,,,,,,,,,,,,,,
263228.5217242,3842779.64310485,640.562533818391,L1_1,409.5,640.562533818391,634.956734246876,629.070644696785,622.890250669189,616.400836940214,609.58695252479,602.432373888595,594.92006632059,587.032143374185,578.749824280459,570.053389232048,560.922132431215,551.334312790341,541.267102167424,530.69653101336,519.597431301593,507.943376604238,495.706619172016,482.858023868182,469.366998799156,455.201422476679,440.327567338079,424.710019442548,408.311594152241,391.093247597418,373.013983714854,354.030756638162,334.098368207636,313.169360355583,291.193902110927,268.119670954039,243.918411469986,221.228214000445,197.403506657427,172.387563947258,146.12082410158,118.540747263619,89.5816665837598,59.1746318699075,,,,,,,,,,,,,,,,,,,,,,,21.9301896036854,21.5534413437982,20.4447607204363,17.8704972046185,13.9892433912347,10.3525567740469,7.74835823587957,6.09696738550678,5.06932278159368,4.46120557155106,4.24084973861121,4.46550277055743,5.23104917048364,6.66891726259918,8.93715065632819,12.1812157032529,16.4673483690512,21.7064908422778,27.6054515126423,33.6859098225964,39.3792456570279,44.1565510840325,47.6344138324101,49.622689513831,50.1193871893255,49.2752827618657,47.3431487202827,44.6196935085308,41.394819878787,37.9230119639562,34.4175882656391,31.0513398351628,27.9892194244912,25.3098741566022,22.9956895702156,21.0171764132373,19.3422468356652,17.9398618405245,16.7780807151392,,,,,,,,,,,,,,,,,,,,,,
263233.476896046,3842783.03622839,640.717205215552,L1_1,415.5,640.717205215552,635.109218447776,629.22083234161,623.038026930137,616.54608124809,609.72953828194,602.572168167483,595.056929547303,587.165928996114,578.880378417366,570.18055030968,561.04573079661,551.454170307887,541.383031794727,530.808336355909,519.704906145151,508.046304423854,495.804772616493,482.951164218763,469.454875401147,455.283772142651,440.404113721229,424.780472378737,408.375648969119,391.150584389021,373.064266579918,354.07363288036,334.133467495824,313.196293842061,291.21226150561,268.129027552337,243.918411469986,221.228214000445,197.403506657427,172.387563947258,146.12082410158,118.540747263619,89.5816665837598,59.1746318699075,,,,,,,,,,,,,,,,,,,,,,,21.3333625626763,20.8455061632276,19.5680266523328,16.9993857366354,13.302284635656,9.88725390790459,7.45621183484825,5.91744939383891,4.95829450037528,4.39124218018727,4.19526947757879,4.43379105985881,5.20603328626436,6.64461110747641,8.9069445091164,12.1366602509075,16.3980041161019,21.6013133829446,27.4556735122163,33.4883421077236,39.1382615242492,43.8836167239574,47.3454105890532,49.3343122372237,49.8460257630654,49.0271951214563,47.1260292465952,44.4352801048791,41.2419768943333,37.7988417055965,34.3183397504325,30.9730694837275,27.9282215439268,25.2629213168594,22.9600591931581,20.9906013305179,19.322862416664,17.9261578326598,16.7688488698898,,,,,,,,,,,,,,,,,,,,,,
263238.844998878,3842786.71211223,640.78392493825,L1_1,422,640.78392493825,635.174994692037,629.285617933513,623.101772337062,616.608734460789,609.791044690703,602.632470432112,595.115967460592,587.223639340496,578.936694814394,570.235403061988,561.099046721962,551.505872564934,541.433039700055,530.856565191931,519.751266958402,508.090703813196,495.84711251073,482.991341643141,469.492782232172,455.319294850654,440.437133100061,424.810863261938,408.403279931909,391.175317435379,373.085956814022,354.092128161597,334.148608076551,313.207911987253,291.220181093489,268.133063655038,243.918411469986,221.228214000445,197.403506657427,172.387563947258,146.12082410158,118.540747263619,89.5816665837598,59.1746318699075,,,,,,,,,,,,,,,,,,,,,,,16.4929093423387,17.3704518985885,18.0038240306146,16.0934147471553,12.6550763202804,9.43557840986142,7.17103916785117,5.7521853267686,4.87002550953874,4.34894950958846,4.17928207362245,4.43271807443675,5.21294243980026,6.65368073946866,8.91108592431114,12.1262858430952,16.3611692282123,21.5254637821773,27.330804251519,33.3104472810709,38.9113562578742,43.6192080531045,47.0597734928862,49.0448121845891,49.5679116332591,48.771683991749,46.8997786547814,44.2409162251251,41.0790988505954,37.6651348092126,34.2104509488868,30.8872696127693,27.8608069417572,25.2105378981988,22.9198717468616,20.9602407875946,19.3003688816772,17.9099312409205,16.7575870721861,,,,,,,,,,,,,,,,,,,,,,
263243.800170602,3842790.10523543,640.850644660948,L1_1,428,640.850644660948,635.240770936298,629.350403525415,623.165517743988,616.671387673489,609.852551099466,602.692772696741,595.175005373881,587.281349684877,578.993011211423,570.290255814296,561.152362647313,551.557574821981,541.483047605382,530.904794027954,519.797627771653,508.135103202538,495.889452404967,483.031519067518,469.530689063196,455.354817558658,440.470152478893,424.84125414514,408.430910894699,391.200050481736,373.107647048125,354.110623442834,334.163748657278,313.219530132444,291.228100681368,268.137099757739,243.918411469986,221.228214000445,197.403506657427,172.387563947258,146.12082410158,118.540747263619,89.5816665837598,59.1746318699075,,,,,,,,,,,,,,,,,,,,,,,16.3172617996107,17.1543422738887,17.6660016797198,15.6376438598594,12.1979861192372,9.08202495136726,6.94788937769336,5.63603197839479,4.82539791955349,4.34603487077439,4.19916844697431,4.46555221418051,5.25334042168135,6.69665824610477,8.9494537902935,12.1495914661318,16.3562319029486,21.4785298454998,27.230969503271,33.1531913724784,38.700514922647,43.3663482542325,46.7813778355979,48.7585981185504,49.2896307634294,48.5131827445323,46.6684404193994,44.0401031404617,40.9090934880644,37.5241881438486,34.0956519159508,30.7951883707392,27.7878425564763,25.1533323432812,22.8755632130248,20.9264123350235,19.2749966664224,17.8913415267003,16.7444059654514,,,,,,,,,,,,,,,,,,,,,,
263249.168273171,3842793.78111851,640.917364383646,L1_1,434.5,640.917364383646,635.306547180559,629.415189117317,623.229263150913,616.734040886189,609.914057508229,602.75307496137,595.234043287169,587.339060029258,579.049327608451,570.345108566604,561.205678572665,551.609277079028,541.53305551071,530.953022863976,519.843988584905,508.17950259188,495.931792299205,483.071696491895,469.56859589422,455.390340266662,440.503171857725,424.871645028342,408.458541857489,391.224783528094,373.129337282229,354.129118724071,334.178889238004,313.231148277635,291.236020269247,268.14113586044,243.918411469986,221.228214000445,197.403506657427,172.387563947258,146.12082410158,118.540747263619,89.5816665837598,59.1746318699075,,,,,,,,,,,,,,,,,,,,,,,20.2045602640895,19.9244634626704,18.6260062284777,15.6828604042031,11.9375943637945,8.82591622165713,6.78733545958506,5.56821719712521,4.82115309442267,4.37745097629243,4.24901443074117,4.52600896508504,5.32076143226174,6.76705545129284,9.01582057973197,12.2010120875635,16.3786950707198,21.457350931602,27.1543867525059,33.0159799652143,38.5059944494539,43.1257857645659,46.511173567325,48.4766336657952,49.0120668390464,48.252465446641,46.4326766315492,43.8333983070593,40.7324170880854,37.376358869117,33.9742061003629,30.6970065639883,27.709447145587,25.091382727695,22.8271858656626,20.8891517713227,19.2467702924693,17.870405360168,16.7293171542752,,,,,,,,,,,,,,,,,,,,,,
263254.123444773,3842797.17424136,641.04080179289,L1_1,440.5,641.04080179289,635.428239070948,629.535048212909,623.347197811968,616.84995489098,610.027849823943,602.864639503553,595.343268667145,587.445829288916,579.153517941775,570.446591027277,561.304317767055,551.704930843821,541.625574574426,531.04225049156,519.929760204552,508.261645403193,496.010124861766,483.146028293268,469.638726896345,455.456060429576,440.564260639468,424.927870859855,408.509661591262,391.270541859238,373.169466140614,354.163336636058,334.206900656275,313.252642877502,291.250672209791,268.148603008694,243.918411469986,221.228214000445,197.403506657427,172.387563947258,146.12082410158,118.540747263619,89.5816665837598,59.1746318699075,,,,,,,,,,,,,,,,,,,,,,,21.100751546044,20.6665012665255,18.8871234681928,15.4875114528761,11.6299628795572,8.60157594224606,6.67884453773888,5.54814616387266,4.85426489891146,4.43715923139718,4.32143370285954,4.60642015772909,5.40765493804431,6.85762779948394,9.10349097385964,12.2747403088753,16.4240014103882,21.4589163658425,27.0997699597052,32.8992785182948,38.3298707281032,42.9009055904398,46.2534686599138,48.2037146871416,48.7400871259632,47.9941565859588,46.1966347725776,43.6243446910565,40.5519725243833,37.2239435084734,33.8478538095728,30.5939731838196,27.6265051558527,25.0253263908683,22.7751962049526,20.8487833200169,19.2159219151343,17.8472920839655,16.7124406559507,,,,,,,,,,,,,,,,,,,,,,
263259.491547342,3842800.85012445,641.220985420821,L1_1,447,641.220985420821,635.605874736137,629.710008517218,623.519348987353,617.019156480994,610.193954349318,603.027492111058,595.502706760885,587.601682143204,579.305606294638,570.594726653644,561.4483030306,551.844558226404,541.760626181999,531.172497535373,520.054962456415,508.38155062351,496.12446819896,483.254531653182,469.741098280115,455.551993238395,440.653432944589,425.009944636093,408.584281912171,391.337336052054,373.228042898931,354.213285088152,334.247789386833,313.284018900449,291.272059889746,268.159502928507,243.918411469986,221.228214000445,197.403506657427,172.387563947258,146.12082410158,118.540747263619,89.5816665837598,59.1746318699075,,,,,,,,,,,,,,,,,,,,,,,17.9205331650129,18.4029246356332,17.7174953154597,14.639952825774,11.1016044670499,8.34116181532261,6.58782477449948,5.54929800407978,4.90043012063089,4.50307599886894,4.39697377916422,4.68956801640634,5.49834511151577,6.95379930030716,9.1989827247947,12.3587353453207,16.4820291940307,21.4753807147909,27.0616159392779,32.7996741981826,38.1703571198149,42.691023732011,46.0082236852017,47.9401208160081,48.4740926612265,47.738668922901,45.9606914157085,43.4132659390952,40.3680281952905,37.0671581922514,33.716761451669,30.4862121402284,27.5391069519048,24.9552285564333,22.7196414915009,20.8053410692635,19.1824755784452,17.8220187963619,16.6937888588132,,,,,,,,,,,,,,,,,,,,,,
263264.446718823,3842804.24324695,641.401169048753,L1_1,453,641.401169048753,635.783510401325,629.884968821526,623.691500162737,617.188358071008,610.360058874693,603.190344718563,595.662144854626,587.757534997492,579.457694647501,570.74286228001,561.592288294146,551.984185608988,541.895677789572,531.302744579185,520.180164708279,508.501455843827,496.238811536153,483.363035013096,469.843469663885,455.647926047214,440.74260524971,425.09201841233,408.658902233081,391.40413024487,373.286619657248,354.263233540245,334.288678117392,313.315394923396,291.2934475697,268.17040284832,243.918411469986,221.228214000445,197.403506657427,172.387563947258,146.12082410158,118.540747263619,89.5816665837598,59.1746318699075,,,,,,,,,,,,,,,,,,,,,,,16.9194871647506,17.1034782380644,16.1862658894737,13.5116388847785,10.5136293354695,8.102962011247,6.51820820134122,5.55168212071264,4.93304396924226,4.55015900112001,4.45463725707374,4.75820114041961,5.57836659744558,7.04320250974014,9.29177676105974,12.4443891682934,16.5462613167785,21.5024500529423,27.0378403083648,32.7171223762644,38.0291306736308,42.4991203403605,45.77925233755,47.6900550790186,48.2183080625794,47.4899502220859,45.7283486424881,43.2031410189015,40.1830196492617,36.9079273951934,33.582407498795,30.3748345641915,27.4480733858015,24.8816856724735,22.6609567324854,20.7591460604981,19.1466654930769,17.7947506032268,16.6734767504998,,,,,,,,,,,,,,,,,,,,,,
263269.814821128,3842807.91912929,641.581352676684,L1_1,459.5,641.581352676684,635.961146066513,630.059929125834,623.863651338121,617.357559661022,610.526163400069,603.353197326067,595.821582948366,587.91338785178,579.609783000364,570.890997906377,561.736273557691,552.123812991571,542.030729397145,531.432991622997,520.305366960142,508.621361064145,496.353154873347,483.47153837301,469.945841047655,455.743858856033,440.83177755483,425.174092188567,408.73352255399,391.470924437685,373.345196415565,354.313181992338,334.32956684795,313.346770946343,291.314835249655,268.181302768133,243.918411469986,221.228214000445,197.403506657427,172.387563947258,146.12082410158,118.540747263619,89.5816665837598,59.1746318699075,,,,,,,,,,,,,,,,,,,,,,,18.1480726915138,16.8430648424328,14.601289532719,12.404347522274,10.0154188196742,7.92350859635064,6.45188142358782,5.51826657742256,4.91377952938124,4.54554695972519,4.46770794949654,4.79017288903914,5.62853004030012,7.10866933572579,9.3664688927527,12.5182501066562,16.605534484484,21.5314682145086,27.0222463590936,32.6475666583275,37.9037918237256,42.3239435783818,45.5660177159245,47.4533810290589,47.972794352026,47.2481470704745,45.4997785985853,42.9941378405062,39.997098307219,36.7463791719268,33.4448979468565,30.2599265372602,27.3534726261082,24.8047512783512,22.5991833580098,20.7102295489289,19.1085153236565,17.7655053437313,16.6515171452584,,,,,,,,,,,,,,,,,,,,,,
263274.769992486,3842811.31225144,641.816812278784,L1_1,465.5,641.816812278784,636.193276052596,630.288563015099,624.088614325727,617.578668201886,610.743224771853,603.566009170319,596.029932788708,588.117052588016,579.80852837729,571.084577956027,561.924430013702,552.30627467426,542.207211567846,531.603195306111,520.46897823129,508.778050302727,496.502575977736,483.613327936496,470.079617493194,455.869221527727,440.948305763986,425.281344212058,408.831034582534,391.558209471534,373.421743104983,354.378453420106,334.382999250984,313.387772373406,291.342784151949,268.19554651942,243.918411469986,221.228214000445,197.403506657427,172.387563947258,146.12082410158,118.540747263619,89.5816665837598,59.1746318699075,,,,,,,,,,,,,,,,,,,,,,,16.7775931141864,15.5647648692137,13.737699909771,12.0818914843879,9.97747399081672,7.92531770502234,6.40508916097185,5.43068387066079,4.81836865633097,4.4681640199379,4.41937245783134,4.77186106711788,5.63743495461596,7.14057829765526,9.4151774893512,12.5743192166342,16.6558639388222,21.5604676870205,27.0147323275768,32.5924762543776,37.7970182458765,42.1689884151161,45.372448376564,47.2341194174988,47.7413930904841,47.0167514462479,45.2780194902096,42.7888056861606,39.812339820335,36.5841594738081,33.3055079494999,30.1424546846952,27.2560226806138,24.72496315921,22.5347245875706,20.6588856199742,19.0682368821069,17.7344372072,16.6280224133003,,,,,,,,,,,,,,,,,,,,,,
263280.138094791,3842814.98813377,642.107436886831,L1_1,472,642.107436886831,636.479790960545,630.570762737944,624.366283104213,617.851579488796,611.011140692608,603.82867995661,596.287096183813,588.368433222375,580.053837112866,571.323511197881,562.156668987147,552.531484665877,542.425041128543,531.813275414342,520.670921414431,508.971449714525,496.687004429623,483.788336880476,470.244735953872,456.023954980938,441.092134959357,425.413723936696,408.951392362903,391.665944210421,373.516223650314,354.459017062201,334.448950144683,313.43837988129,291.377281104726,268.213127389335,243.918411469986,221.228214000445,197.403506657427,172.387563947258,146.12082410158,118.540747263619,89.5816665837598,59.1746318699075,,,,,,,,,,,,,,,,,,,,,,,13.3041842259599,13.7060349925434,13.9380355565151,12.7951252190079,10.5303267155292,8.15033573077571,6.38071206919603,5.28119916887445,4.63779046208164,4.30926657018551,4.30104883989825,4.69469076172241,5.59650613321095,7.13048034763836,9.42982482235433,12.6052083456875,16.6908619707471,21.5842747396648,27.0113949536198,32.5491193248836,37.7070382783403,42.0331896917795,45.1979573622373,47.0319816704565,47.5239890132366,46.7957441206245,45.0631007840082,42.5871958346611,39.6288027694698,36.4213282982459,33.1642961708983,30.0224740272575,27.1557732172929,24.6423641228449,22.4676162808916,20.6051435605539,19.0258533206192,17.7015643147978,16.6030063868153,,,,,,,,,,,,,,,,,,,,,,
263285.093266028,3842818.38125558,642.398061494878,L1_1,478,642.398061494878,636.766305868493,630.852962460789,624.643951882699,618.124490775705,611.279056613362,604.091350742901,596.544259578917,588.619813856734,580.299145848442,571.562444439735,562.388907960593,552.756694657494,542.64287068924,532.023355522573,520.872864597573,509.164849126322,496.87143288151,483.963345824456,470.40985441455,456.178688434149,441.235964154727,425.546103661335,409.071750143273,391.773678949307,373.610704195644,354.539580704297,334.514901038383,313.488987389173,291.411778057503,268.230708259249,243.918411469986,221.228214000445,197.403506657427,172.387563947258,146.12082410158,118.540747263619,89.5816665837598,59.1746318699075,,,,,,,,,,,,,,,,,,,,,,,12.2735050465657,13.3577488789295,14.843207005195,14.1357113514397,11.4735193614746,8.51325533346013,6.352382689302,5.0748700854167,4.3889684890378,4.08575353345944,4.12552933525592,4.56745943484613,5.51173618098042,7.08261405938876,9.41361860237582,12.6135794540063,16.7129929447914,21.6054201554634,27.0150114967992,32.5206011559966,37.6372425215567,41.9200987610416,45.0460899968406,46.8503481025591,47.323669464177,46.5878315018505,44.8573194577006,42.391203450704,39.4480242913723,36.2591163842185,33.0222338976672,29.9007483943216,27.053326249064,24.5574121542884,22.3982004091643,20.5492626061358,18.9815584740778,17.667028265933,16.5765726172535,,,,,,,,,,,,,,,,,,,,,,
263290.461368069,3842822.05713716,642.688686102925,L1_1,484.5,642.688686102925,637.052820776442,631.135162183634,624.921620661186,618.397402062615,611.546972534116,604.354021529192,596.801422974022,588.871194491093,580.544454584018,571.801377681589,562.621146934039,552.981904649111,542.860700249937,532.233435630804,521.074807780714,509.35824853812,497.055861333396,484.138354768436,470.574972875228,456.33342188736,441.379793350098,425.678483385973,409.192107923642,391.881413688194,373.705184740974,354.620144346393,334.580851932083,313.539594897057,291.44627501028,268.248289129164,243.918411469986,221.228214000445,197.403506657427,172.387563947258,146.12082410158,118.540747263619,89.5816665837598,59.1746318699075,,,,,,,,,,,,,,,,,,,,,,,13.5415600658954,14.4093957060287,16.0213583819666,15.6945125263753,12.5900046673194,8.92979322542736,6.30956958962702,4.83504941096102,4.10400399929733,3.82617404229393,3.914494039379,4.40575731013716,5.39425356376551,7.00491882806542,9.37207865756358,12.602983325625,16.7241881960982,21.624594747075,27.0254503923855,32.5063571454357,37.5869284972519,41.8290514468282,44.9162996523704,46.6888089414387,47.1401469077291,46.3928213624511,44.6605562022819,42.2007622613799,39.2699735926069,36.0975193308227,32.8793354443429,29.7773041246962,26.9487143760661,24.4701407375655,22.3265077980662,20.4912697606516,18.9353751345338,17.6308471898411,16.5487352269622,,,,,,,,,,,,,,,,,,,,,,
263295.416539184,3842825.45025862,643.004519551349,L1_1,490.5,643.004519551349,637.364188048505,631.441839970519,625.223374488634,618.693985732655,611.838127538876,604.639476435409,597.080892776769,589.144379935196,580.811041451545,572.061036043711,562.873530365485,553.226649403348,543.097424393105,532.461738132349,521.294267558555,509.568423456072,497.256287148465,484.328544025477,470.754413746339,456.501576953245,441.536098320496,425.82234575611,409.322905563505,391.998493361269,373.807860548921,354.707696095956,334.652523420343,313.594592110949,291.483764236085,268.267394967479,243.918411469986,221.228214000445,197.403506657427,172.387563947258,146.12082410158,118.540747263619,89.5816665837598,59.1746318699075,,,,,,,,,,,,,,,,,,,,,,,11.6166259471198,12.8559205157228,15.6891909046172,16.5343555652519,13.3955527209189,9.19783492871074,6.20506600687014,4.58147914193619,3.82332946834694,3.57160628064419,3.70301878682616,4.23796785170514,5.2668734841039,6.91582598368675,9.32007208402648,12.5852723480026,16.7337576632764,21.6490776051367,27.0484970881332,32.51114813057,37.5601679798166,41.7636068865496,44.8117083589777,46.5500722061374,46.9757308113541,46.2126518425797,44.4744047646325,42.0171755307588,39.0957074080051,35.9373812648884,32.7362824987945,29.652698581789,26.8423861141609,24.3809074039659,22.2528185613828,20.4313766654663,18.8874624773987,17.5931436207646,16.519587762093,,,,,,,,,,,,,,,,,,,,,,
263300.784641225,3842829.1261402,643.345567079142,L1_1,497,643.345567079142,637.700412849592,631.773000908566,625.549218370487,619.014246705505,612.152526457274,604.947720196631,597.382673622956,589.439374720597,581.098910873121,572.34142383327,563.146062441427,553.490932979992,543.353047045485,532.708266814253,521.531247571459,509.795377366525,497.472713651345,484.533916750406,470.948180004419,456.683156421134,441.704881658684,425.977693158112,409.464145232511,392.12491991063,373.918733322655,354.802237405281,334.729916692038,313.653979943134,291.524246356784,268.288026091117,243.918411469986,221.228214000445,197.403506657427,172.387563947258,146.12082410158,118.540747263619,89.5816665837598,59.1746318699075,,,,,,,,,,,,,,,,,,,,,,,7.84700835809905,9.74169222723027,14.4705296516159,16.9643419294439,13.9834530792826,9.3476311693334,6.07349678132855,4.35405256201555,3.58575650782199,3.35696784745635,3.52139404007332,4.08999617546232,5.15163644889816,6.83387979720243,9.27275051094826,12.5721774645274,16.7500871793924,21.6842536630317,27.0871412991167,32.536290270646,37.5572660461756,41.7235605684094,44.7319201060428,46.4337212707437,46.8300632543982,46.0470478361148,44.2986663749441,41.8403083891259,38.9251431098508,35.7786585540185,32.5930613937741,29.5269395233452,26.7343619319359,24.2897384899788,22.1771598585322,20.3696087690598,18.8378428439948,17.5539359331539,16.4891448077132,,,,,,,,,,,,,,,,,,,,,,
263305.739812218,3842832.51926132,643.686614606935,L1_1,503,643.686614606935,638.03663765068,632.104161846612,625.87506225234,619.334507678356,612.466925375671,605.255963957853,597.684454469144,589.734369505999,581.386780294697,572.62181162283,563.418594517369,553.755216556636,543.608669697865,532.954795496157,521.768227584362,510.022331276979,497.689140154225,484.739289475335,471.1419462625,456.864735889022,441.873664996872,426.133040560113,409.605384901517,392.251346459991,374.029606096388,354.896778714606,334.807309963734,313.713367775319,291.564728477483,268.308657214755,243.918411469986,221.228214000445,197.403506657427,172.387563947258,146.12082410158,118.540747263619,89.5816665837598,59.1746318699075,,,,,,,,,,,,,,,,,,,,,,,7.39597426611269,9.65212529047579,15.2986764127013,18.0206126465024,14.4693253067259,9.38049829122108,5.94362406234817,4.19197355834626,3.42904508700663,3.21619834468373,3.39979414462583,3.98858064614803,5.07204996324831,6.77937141891991,9.24709120935833,12.5773212167657,16.7836314167881,21.7378652931524,27.1470273468576,32.5859348939842,37.5813423312969,41.7113060822741,44.6787805803314,46.3411758139896,46.7042324917547,45.8968451601625,44.1340092709204,41.670701673002,38.7587293498879,35.6217416325472,32.4500278269219,29.4003582670395,26.6249412437158,24.1968913545108,22.0997409735599,20.3061332563794,18.7866499878895,17.513327502307,16.4574868105074,,,,,,,,,,,,,,,,,,,,,,
263311.107913996,3842836.19514215,644.027662134728,L1_1,509.5,644.027662134728,638.372862451767,632.435322784658,626.200906134194,619.654768651206,612.781324294069,605.564207719075,597.986235315331,590.0293642914,581.674649716273,572.902199412389,563.691126593311,554.019500133279,543.864292350246,533.20132417806,522.005207597266,510.249285187432,497.905566657106,484.944662200264,471.33571252058,457.046315356911,442.042448335059,426.288387962115,409.746624570523,392.377773009352,374.140478870122,354.991320023931,334.88470323543,313.772755607504,291.605210598181,268.329288338393,243.918411469986,221.228214000445,197.403506657427,172.387563947258,146.12082410158,118.540747263619,89.5816665837598,59.1746318699075,,,,,,,,,,,,,,,,,,,,,,,9.82409138654666,12.4426681766435,18.0599538419961,19.2837317351864,14.6169841262529,9.26980566754431,5.84975841353772,4.13058159111883,3.38089107566099,3.17174656545405,3.35791226422675,3.95185955812757,5.04498478959768,6.76765475196419,9.25640808130964,12.6114417813438,16.8422554939623,21.8149948957091,27.2309073366744,32.6611490272036,37.6324259735033,41.7263504390658,44.6516175683026,46.2717772910867,46.5976759582323,45.7615964462726,43.9800951086308,41.5081096508542,38.5962966678229,35.4665237613501,32.307125133932,29.272935381758,26.5141283738707,24.1023832406432,22.0205845600471,20.2409732531323,18.7339051205418,17.4713368735115,16.4246292659572,,,,,,,,,,,,,,,,,,,,,,
263316.063084867,3842839.58826291,644.32436504581,L1_1,515.5,644.32436504581,638.665369709937,632.723424607271,626.484382249472,619.933387773782,613.054843574308,605.83237216486,598.24877718494,590.286002456024,581.925088990663,573.146129852033,563.928222756471,554.249420306132,544.086677733275,533.415798031776,522.211374345202,510.446729474299,498.093852359851,485.12333138968,471.504284371001,457.204285001388,442.189285663294,426.423536358296,409.869499588048,392.487760979287,374.236935440088,355.07356862393,334.952033466963,313.824421552148,291.640429041592,268.347236905509,243.918411469986,221.228214000445,197.403506657427,172.387563947258,146.12082410158,118.540747263619,89.5816665837598,59.1746318699075,,,,,,,,,,,,,,,,,,,,,,,11.2113312214044,13.5290808679028,17.8969689113799,18.0655037588601,13.6552040455898,8.8947277681884,5.80536333356847,4.19725016120864,3.46257359633502,3.23847026585941,3.40672276551682,3.98887222143433,5.07846811004818,6.80595026003786,9.30698445879325,12.6797154833861,16.9299803735001,21.9186160631661,27.3409062805218,32.7634009155396,37.7114744364112,41.7692316420194,44.6506423744386,46.2254944220864,46.5102109728899,45.6410630651873,43.8366903898753,41.3523532092362,38.4377441631126,35.313000059122,32.1644206053674,29.1447910419546,26.4020737135862,24.0063657241278,21.9398343604863,20.1742550115125,18.6797139823846,17.4280538414592,16.3906461635381,,,,,,,,,,,,,,,,,,,,,,
263321.431186645,3842843.26414374,644.576808661724,L1_1,522,644.576808661724,638.914243540208,632.968550162617,626.725572116147,620.170445167353,613.287561871119,606.060534410074,598.472155575976,590.504357800173,582.138170135581,573.353673087758,564.129951187545,554.445043192321,544.275889797335,533.598278732601,522.386787114629,510.614720915759,498.254051406946,485.275348422692,471.647710289225,457.338690249085,442.314219206938,426.538524612683,409.974045288716,392.58134199855,374.319003543877,355.143548166469,335.009320020191,313.868380466599,291.670393935328,268.362508077493,243.918411469986,221.228214000445,197.403506657427,172.387563947258,146.12082410158,118.540747263619,89.5816665837598,59.1746318699075,,,,,,,,,,,,,,,,,,,,,,,10.7656326871913,12.2353534403406,14.7670974790114,14.7007155647588,11.7608046500975,8.30486229508414,5.8294708474621,4.40686444354891,3.68465769834543,3.42187642580157,3.54839754253099,4.10044768696863,5.17318419928688,6.89524446004078,9.40010136043129,12.783494617842,17.0479517497392,22.0494468327143,27.4772232071722,32.8924230433601,37.8179013052152,41.8392182231442,44.6751194860373,46.2016698115105,46.4412944733204,45.5348214885238,43.7034808251592,41.2032094252637,38.2829212162726,35.1610777550148,32.0218653780322,29.0159073229802,26.2887798831367,23.9088534274095,21.8575108987768,20.1060006782451,18.6240974543346,17.3834969237159,16.3555529499874,,,,,,,,,,,,,,,,,,,,,,
263326.386357395,3842846.65726416,644.829252277638,L1_1,528,644.829252277638,639.16311737048,633.213675717964,626.966761982822,620.407502560924,613.52028016793,606.288696655287,598.695533967012,590.722713144323,582.351251280499,573.561216323484,564.331679618619,554.64066607851,544.465101861396,533.780759433426,522.562199884057,510.78271235722,498.414250454042,485.427365455704,471.791136207449,457.473095496782,442.439152750581,426.653512867071,410.078590989385,392.674923017814,374.401071647665,355.213527709009,335.066606573419,313.91233938105,291.700358829063,268.377779249477,243.918411469986,221.228214000445,197.403506657427,172.387563947258,146.12082410158,118.540747263619,89.5816665837598,59.1746318699075,,,,,,,,,,,,,,,,,,,,,,,12.9401888705321,12.995856477065,12.9320352735589,12.0692666265857,10.1113843678352,7.81520151854541,5.97298383275995,4.75389793978536,4.0307853536691,3.70274428011689,3.76358326249327,4.26865879383854,5.31333352464189,7.02212577798023,9.5248397363681,12.9143539664284,17.1900784919997,22.2033611739595,27.6371626382645,33.0463818621831,37.9502632793736,41.9349731794934,44.7236879431507,46.198933399143,46.3896333657571,45.4417293230543,43.5795221891819,41.0599555727364,38.1313230832476,35.010429755173,31.8792831110847,28.8862266521267,26.1742724366028,23.8099137382112,21.7736942781102,20.0362958161588,18.5671374550206,17.3377387456935,16.3194131818778,,,,,,,,,,,,,,,,,,,,,,
263331.754458908,3842850.33314424,645.081695893551,L1_1,534.5,645.081695893551,639.411991200751,633.45880127331,627.207951849498,620.644559954495,613.752998464741,606.5168589005,598.918912358047,590.941068488472,582.564332425417,573.76875955921,564.533408049692,554.836288964699,544.654313925456,533.96324013425,522.737612653485,510.950703798681,498.574449501137,485.579382488716,471.934562125673,457.607500744479,442.564086294225,426.768501121458,410.183136690053,392.768504037078,374.483139751453,355.283507251548,335.123893126647,313.956298295502,291.730323722799,268.393050421461,243.918411469986,221.228214000445,197.403506657427,172.387563947258,146.12082410158,118.540747263619,89.5816665837598,59.1746318699075,,,,,,,,,,,,,,,,,,,,,,,19.179464105645,16.5317980936035,12.8471642681207,10.6859984919262,9.01511712474876,7.48769449888526,6.19533173990027,5.18647872484871,4.45878199905307,4.04772265053302,4.02529764076106,4.47134279004419,5.48055491680894,7.17142565512371,9.6689404349168,13.0627962350556,17.3493947107233,22.3755049686688,27.8174374156808,33.2230342408866,38.1069681198355,42.0553146296379,44.7954423333174,46.2165813231447,46.3546806146706,45.3613650609036,43.464492955899,40.9223544001905,37.9827846583236,34.86094974793,31.7366143642871,28.7557237238046,26.05854861007,23.7095576249629,21.6884027087779,19.9651614084219,18.5088547964712,17.2907979028753,16.2822428121374,,,,,,,,,,,,,,,,,,,,,,
263336.709629536,3842853.72626431,645.267107132104,L1_1,540.5,645.267107132104,639.594780553324,633.638837645604,627.385097592498,620.818670536737,613.923922128188,606.684436299211,599.082976178786,591.101443052339,582.72083326957,573.921192997663,564.68157071216,554.979967312382,544.793283742615,534.09726599436,522.866447358692,511.07408779124,498.692110245416,485.691033822301,472.03990357803,457.706216821546,442.655845727237,426.852956078213,410.259921946738,392.837236108689,374.543415978737,355.334904842288,335.165968149016,313.988584621081,291.752331916749,268.404266577201,243.918411469986,221.228214000445,197.403506657427,172.387563947258,146.12082410158,118.540747263619,89.5816665837598,59.1746318699075,,,,,,,,,,,,,,,,,,,,,,,24.3848552638736,20.5223512074235,14.4406912364727,10.6567967687442,8.61984874369881,7.37232826435991,6.4362126292607,5.60412875196139,4.87509183691488,4.38346876753707,4.27836886158224,4.66624509040688,5.64138849538375,7.31611502298945,9.81068867473597,13.2118888713119,17.5132642508817,22.5568212615687,28.0116261590699,33.4176317965359,38.2841824939206,42.1968440782382,44.8872343999109,46.2517062297825,46.3338222089347,45.2914832010745,43.3565712466507,40.7890109343399,37.8362944745376,34.7119533072383,31.5934358451047,28.6241648656222,25.9414955339815,23.6077565036582,21.6016619503941,19.8926454054711,18.4493089577371,17.2427356718636,16.2440971386293,,,,,,,,,,,,,,,,,,,,,,
263342.07773105,3842857.40214439,645.385468936763,L1_1,547,645.385468936763,639.71146861286,633.753768272761,627.498182915657,620.929818290698,614.033035434492,606.791413435475,599.187710336507,591.20382208259,582.820739415978,574.018502616035,564.776153976095,555.071687904159,544.881998528625,534.182824684314,522.948692147788,511.152852984436,498.767221862916,485.76230918532,472.107150873845,457.769234646795,442.714422608393,426.906869968071,410.308939695733,392.881112909778,374.581894784525,355.36771575301,335.192827769919,314.009195387673,291.766381386315,268.411426684889,243.918411469986,221.228214000445,197.403506657427,172.387563947258,146.12082410158,118.540747263619,89.5816665837598,59.1746318699075,,,,,,,,,,,,,,,,,,,,,,,26.1504073295929,23.496439860631,16.8497912999241,11.3014624538767,8.58101593349567,7.32315529990381,6.58707967231395,5.90039365829108,5.19040396014122,4.64464276487078,4.476808856347,4.81994475755693,5.77018400088487,7.43574964652751,9.9337361537439,13.3489566838462,17.6723873070931,22.7409180860659,28.2155906750326,33.6275980168833,38.4803095056947,42.3585340014916,44.9983587840883,46.3037884082946,46.3266506671103,45.2317574902591,43.2555000797017,40.6597300010869,37.6917134621626,34.5633498749083,31.4496957796696,28.4915268369075,25.8231097148697,23.5045200347956,21.5134891808777,19.8187680561473,18.3885206343347,17.1935714063937,16.2049924284066,,,,,,,,,,,,,,,,,,,,,,
263347.032901556,3842860.79526411,645.503830741422,L1_1,553,645.503830741422,639.828156672395,633.868698899918,627.611268238816,621.04096604466,614.142148740795,606.898390571738,599.292444494227,591.306201112841,582.920645562386,574.115812234408,564.870737240031,555.163408495935,544.970713314635,534.268383374269,523.030936936885,511.231618177632,498.842333480416,485.83358454834,472.174398169659,457.832252472045,442.77299948955,426.96078385793,410.357957444729,392.924989710868,374.620373590314,355.400526663732,335.219687390822,314.029806154265,291.780430855881,268.418586792578,243.918411469986,221.228214000445,197.403506657427,172.387563947258,146.12082410158,118.540747263619,89.5816665837598,59.1746318699075,,,,,,,,,,,,,,,,,,,,,,,28.2778088819645,25.3933512603975,17.8838922363965,11.5419004873376,8.50631131257333,7.22971150177353,6.59735981925417,6.00852999765352,5.3310526287296,4.76926148069967,4.57412298501855,4.89773276494672,5.84009730987508,7.50904939041934,10.0212988198899,13.4611621130276,17.8173261461248,22.9209894593315,28.4242338921277,33.8486798135623,38.69133071334,42.5363588410147,45.1247997131803,46.3689710796909,46.3296703210554,45.1792076847873,43.1588749371701,40.5326673339297,37.5477040769909,34.4142146486126,31.3047822601846,28.3574272152036,25.7031730584099,23.3997396755741,21.4238481941072,19.7435425214253,18.3265251449233,17.143349397222,16.1649747797989,,,,,,,,,,,,,,,,,,,,,,
263352.401002806,3842864.47114344,645.62219254608,L1_1,559.5,645.62219254608,639.944844731931,633.983629527075,627.724353561976,621.152113798621,614.251262047099,607.005367708001,599.397178651948,591.408580143093,583.020551708794,574.213121852781,564.965320503967,555.255129087712,545.059428100645,534.353942064224,523.113181725982,511.310383370828,498.917445097916,485.904859911359,472.241645465474,457.895270297294,442.831576370706,427.014697747788,410.406975193725,392.968866511958,374.658852396103,355.433337574455,335.246547011724,314.050416920857,291.794480325447,268.425746900267,243.918411469986,221.228214000445,197.403506657427,172.387563947258,146.12082410158,118.540747263619,89.5816665837598,59.1746318699075,,,,,,,,,,,,,,,,,,,,,,,29.2570677703983,25.2088781203887,17.2438183502,11.3488478386642,8.41910437680469,7.14007282603902,6.51187638024601,5.94495893063695,5.28988084828195,4.74213830303352,4.55554322497285,4.88711975232547,5.84063796150006,7.52711654475713,10.0659440948004,13.5425949535237,17.9437441621331,23.094175723592,28.6358981604602,34.0800477573928,38.9168937204914,42.7301801505367,45.2664689513304,46.4471443474343,46.3427357136158,45.1336641239236,43.0665269639396,40.4076755894762,37.4041509546003,34.2644676558049,31.1586474142976,28.2218436040553,25.5816817495521,23.2934246070566,21.3327558773373,19.6669892229793,18.2633434737702,17.0920891324554,16.1240611845085,,,,,,,,,,,,,,,,,,,,,,
263357.356173191,3842867.86426282,645.687264836732,L1_1,565.5,645.687264836732,640.008996840355,634.046815444159,627.786524978153,621.213219988848,614.311249750076,607.064180999367,599.454758811122,591.464865513464,583.075477550924,574.266620190257,565.017319961556,555.30555472142,545.108201219278,534.400980042028,523.158397805916,511.353686457999,498.958739542685,485.944045281606,472.278616307473,457.929915884633,442.863780440651,427.04433822447,410.43392389748,392.992988854141,374.680007058634,355.451376173352,335.261313743807,314.061748192783,291.802204364209,268.429683344206,243.918411469986,221.228214000445,197.403506657427,172.387563947258,146.12082410158,118.540747263619,89.5816665837598,59.1746318699075,,,,,,,,,,,,,,,,,,,,,,,26.9889685754202,23.520971449383,16.6381428997991,11.3358510708923,8.50400587085878,7.13982720023455,6.3983325484125,5.76222741042892,5.09921323193787,4.57982310361546,4.42883381535457,4.79168006773989,5.77348910956956,7.49081609781614,10.0682005181444,13.5935969412113,18.0517002100195,23.2599721338104,28.8491693388125,34.3191536687516,39.1533459028527,42.9355022477528,45.4184574305822,46.5334549441424,46.3614059817024,45.0913127346113,42.9753671355921,40.2823831181967,37.2593089880809,34.1128850667333,31.0104707124579,28.0842428759398,25.4583079902053,23.1853930244543,21.2401268566743,19.5890831549006,18.1989892592454,17.0398228779923,16.0822888420603,,,,,,,,,,,,,,,,,,,,,,
263362.724274441,3842871.54014214,645.699149635091,L1_1,572,645.699149635091,640.0207135767,634.05835571539,627.797879961014,621.224380418919,614.322205899719,607.074922654559,599.465275247142,591.475145469353,583.085509202675,574.276391122663,565.026817138651,555.314764455438,545.117109138064,534.409571054822,523.166656067417,511.361595330642,498.966281557029,485.951202094734,472.285368659326,457.936243552146,442.869662189608,427.049751758943,410.438845806744,392.997394556936,374.683870744637,355.454670741723,335.264010738664,314.063817735451,291.803615082078,268.430402296036,243.918411469986,221.228214000445,197.403506657427,172.387563947258,146.12082410158,118.540747263619,89.5816665837598,59.1746318699075,,,,,,,,,,,,,,,,,,,,,,,22.6766837623475,21.1937878847258,16.5329990836816,11.7158626419789,8.85201763565425,7.28158886545198,6.30602989635911,5.51294975825075,4.8061810745644,4.3172166677784,4.21736944217047,4.62689982837214,5.64933433173495,7.40790234946641,10.0339101260528,13.6186724741773,18.1447389315017,23.4212299792013,29.0663666518414,34.5678535409041,39.4020996812665,43.1533150393527,45.5813782101736,46.6282122626184,46.3857768866652,45.0521217857828,42.8853028019958,40.1566830138208,37.1130863118,33.9594012279834,30.8602121803654,27.9446058524026,25.3330487062301,23.0756533050952,21.1459774301445,19.5098450097074,18.1334838134615,16.9865700041833,16.0396740047841,,,,,,,,,,,,,,,,,,,,,,
263367.679444703,3842874.93326117,645.711034433451,L1_1,578,645.711034433451,640.032430313046,634.069895986621,627.809234943874,621.23554084899,614.333162049362,607.085664309752,599.475791683162,591.485425425242,583.095540854426,574.28616205507,565.036314315746,555.323974189455,545.12601705685,534.418162067615,523.174914328918,511.369504203286,498.973823571372,485.958358907863,472.292121011179,457.94257121966,442.875543938565,427.055165293415,410.443767716008,393.001800259731,374.68773443064,355.457965310094,335.266707733521,314.065887278119,291.805025799947,268.431121247867,243.918411469986,221.228214000445,197.403506657427,172.387563947258,146.12082410158,118.540747263619,89.5816665837598,59.1746318699075,,,,,,,,,,,,,,,,,,,,,,,20.2514025152106,19.4002349720037,16.1059693706497,12.142496772597,9.39638116738127,7.57013107172333,6.26455497572314,5.24877524316121,4.47100997803923,4.0074456488474,3.96209807082908,4.42362532154151,5.49223656079868,7.29796837315322,9.97934663718982,13.6311204548291,18.2330829471885,23.5848561000941,29.2909817824011,34.8264348026205,39.6607937404243,43.3794224262728,45.7500716839179,46.7260484967919,46.4108371760324,45.0117765100329,42.7928462930704,40.0278952735679,36.9635243578158,33.8026415060632,30.706925940667,27.8022952446954,25.2054896987681,22.9639547151938,21.0501731714686,19.4292168733738,18.0668149380076,16.9323440367082,15.99624316103,,,,,,,,,,,,,,,,,,,,,,
263373.047545689,3842878.60913975,645.722919231811,L1_1,584.5,645.722919231811,640.044147049392,634.081436257852,627.820589926734,621.246701279061,614.344118199004,607.096405964944,599.486308119182,591.495705381131,583.105572506178,574.295932987476,565.04581149284,555.333183923472,545.134924975636,534.426753080408,523.183172590418,511.377413075929,498.981365585716,485.965515720992,472.298873363032,457.948898887173,442.881425687522,427.060578827888,410.448689625273,393.006205962526,374.691598116643,355.461259878465,335.269404728378,314.067956820787,291.806436517816,268.431840199697,243.918411469986,221.228214000445,197.403506657427,172.387563947258,146.12082410158,118.540747263619,89.5816665837598,59.1746318699075,,,,,,,,,,,,,,,,,,,,,,,21.0591440722526,18.8185391306939,15.2076027017064,12.4776652553288,10.1272023487185,8.01877427264528,6.28896305226766,4.99821695870242,4.13151928121244,3.68702680287628,3.69330197365864,4.20606687483237,5.32197187576415,7.17769483721893,9.91879553442862,13.6430738198202,18.3267756176885,23.7588834229017,29.5292035360958,35.0994824798709,39.932673686476,43.6159930355465,45.9258827588381,46.8277169889129,46.4369468024855,44.970400612057,42.6980020229079,39.8959801391422,36.8105764005211,33.6425676089633,30.5505869276492,27.6572993453775,25.0756311599571,22.8503073155478,20.9527308675681,19.3472190742649,17.9990040284458,16.8771651694684,15.9520136874315,,,,,,,,,,,,,,,,,,,,,,
263378.00271583,3842882.00225843,645.775577250349,L1_1,590.5,645.775577250349,640.096060434963,634.132567778808,627.870900489845,621.296149836435,614.392661650353,607.143999054968,599.532903329813,591.5412528184,583.150019781417,574.339225092585,565.087890669311,555.373989524874,545.174393323214,534.464817311472,523.219762499142,511.412454946196,499.014782015603,485.99722543848,472.328791032501,457.976934906223,442.907485973631,427.084564594409,410.470497146227,393.025726325635,374.708716964014,355.475857134311,335.281354313124,314.077126350877,291.812686990517,268.43502566214,243.918411469986,221.228214000445,197.403506657427,172.387563947258,146.12082410158,118.540747263619,89.5816665837598,59.1746318699075,,,,,,,,,,,,,,,,,,,,,,,16.424866501574,15.3275528932059,14.1392659019183,13.3238718425761,11.3614763489179,8.7310030385182,6.41362355723964,4.79738941788662,3.832039445806,3.39964874526887,3.44957239032481,4.00768370639289,5.16804597044699,7.07341695545292,9.87546203328648,13.6740756346761,18.4409559790218,23.953490002442,29.7861641743414,35.3875862117057,40.2147805159973,43.8577428617539,46.1023952361086,46.9266390462946,46.4580361751896,44.9228167050746,42.5966120491787,39.7577713953935,36.6519252773021,33.4775323391351,30.3900768441488,27.5088730549512,24.942985372865,22.7344119368074,20.8534797205787,19.2637681143239,17.930022939877,16.8210367479074,15.9070037171607,,,,,,,,,,,,,,,,,,,,,,
263383.370816817,3842885.678137,645.869017745622,L1_1,597,645.869017745622,640.188179595421,634.223299537711,627.960175477115,621.383895213489,614.478800936682,607.228451946035,599.615585505855,591.622075743666,583.228890493368,574.416045980555,565.162559242101,555.446398166725,545.244429037579,534.532361451977,523.284690487094,511.474635973967,499.074078735184,486.053493634462,472.381879278703,458.026684205157,442.953729377933,427.127126809349,410.509194112334,393.06036478047,374.739093982012,355.501759643631,335.302558588331,314.093397480266,291.823778316798,268.440678195156,243.918411469986,221.228214000445,197.403506657427,172.387563947258,146.12082410158,118.540747263619,89.5816665837598,59.1746318699075,,,,,,,,,,,,,,,,,,,,,,,9.87156971048225,11.1044698494597,13.9971547109114,15.5522730721904,13.5738463400836,9.86204703520656,6.68491418073576,4.67401164617893,3.59706488825364,3.1675618293558,3.25138311858489,3.847691349535,5.0487091509903,7.00237680306093,9.86520073388369,13.7380296667001,18.5870915419172,24.1775248212906,30.0682661463522,35.6951050386823,40.5098985439768,44.1063059912413,46.2804408628397,47.0231207571575,46.4741000040228,44.8688644139311,42.4884625046877,39.6130615433935,36.4874012565992,33.3074137288237,30.2253188441967,27.3569765138693,24.8075396932646,22.6162738072509,20.7524351581807,19.1788840650912,17.8598927910216,16.7639786874469,15.861230912791,,,,,,,,,,,,,,,,,,,,,,
263388.325986836,3842889.07125534,645.962458240894,L1_1,603,645.962458240894,640.280298755879,634.314031296613,628.049450464384,621.471640590544,614.564940223011,607.312904837101,599.698267681897,591.702898668932,583.307761205318,574.492866868524,565.237227814891,555.518806808575,545.314464751944,534.599905592481,523.349618475046,511.536817001738,499.133375454765,486.109761830443,472.434967524906,458.076433504091,442.999972782236,427.169689024288,410.547891078442,393.095003235304,374.76947100001,355.52766215295,335.323762863538,314.109668609655,291.834869643078,268.446330728172,243.918411469986,221.228214000445,197.403506657427,172.387563947258,146.12082410158,118.540747263619,89.5816665837598,59.1746318699075,,,,,,,,,,,,,,,,,,,,,,,8.75196754462159,11.0486810631489,16.6550129437887,19.687262442832,16.6051513610462,11.199177623956,7.01752117713699,4.619809881511,3.44288281699921,3.01234789767484,3.12127228213706,3.7488888796448,4.98666818547369,6.98648379831062,9.90800095481614,13.851638638697,18.7773299661901,24.4378097061058,30.377005565339,36.0189599837191,40.8116115570614,44.3533336781728,46.4510214165873,47.108499104442,46.4774476419328,44.8021250281886,42.3684621879053,39.4579839457056,36.3141870570109,33.1302424435192,30.0549717415842,27.200731700085,24.6687472298201,22.4955637431007,20.6494109496909,19.0924695181061,17.7885714560042,16.7059827065554,15.8147057376678,,,,,,,,,,,,,,,,,,,,,,
263393.694087558,3842892.74713316,646.055898736167,L1_1,609.5,646.055898736167,640.372417916338,634.404763055516,628.138725451654,621.559385967598,614.65107950934,607.397357728168,599.780949857938,591.783721594197,583.386631917269,574.569687756494,565.31189638768,555.591215450426,545.384500466309,534.667449732986,523.414546462997,511.598998029509,499.192672174346,486.166030026425,472.488055771108,458.126182803025,443.046216186538,427.212251239227,410.58658804455,393.129641690139,374.799848018008,355.55356466227,335.344967138745,314.125939739044,291.845960969358,268.451983261187,243.918411469986,221.228214000445,197.403506657427,172.387563947258,146.12082410158,118.540747263619,89.5816665837598,59.1746318699075,,,,,,,,,,,,,,,,,,,,,,,11.0242278843833,14.3833187803904,22.1732375549224,25.0612868013079,19.70968323837,12.4146002844279,7.33590508031271,4.63077254654444,3.37658785859506,2.94202700565014,3.06802821007685,3.72106183040465,4.99241929042134,7.03638683085434,10.0139922213619,14.023826982475,19.01884702238,24.7395431734596,30.7157339712419,36.3610205153,41.1207269683569,44.5989372252763,46.6138351505158,47.1822653579031,46.4675044309365,44.722048514736,42.2361351537367,39.2921576358416,36.1320008072146,32.9458274440072,29.8789195486246,27.0400788902511,24.5265860674876,22.3722833657347,20.5444218871875,19.0045451443361,17.7160806856653,16.6470692500348,15.7674458930889,,,,,,,,,,,,,,,,,,,,,,
263398.649257455,3842896.14025115,646.151718863275,L1_1,615.5,646.151718863275,640.46688305844,634.497805463364,628.230273988534,621.649365939963,614.739412488963,607.483961365413,599.865737685686,591.866602821972,583.467511215073,574.648465027828,565.388466531222,555.665468109785,545.456319767276,534.736714007642,523.481127960026,511.662762610029,499.253478992532,486.223731194161,472.542496005871,458.177199058166,443.093637263076,427.255897378232,410.626270499146,393.165162276105,374.830998641912,355.58012682601,335.366711419312,314.14262524228,291.857334756396,268.457779746217,243.918411469986,221.228214000445,197.403506657427,172.387563947258,146.12082410158,118.540747263619,89.5816665837598,59.1746318699075,,,,,,,,,,,,,,,,,,,,,,,11.2430990901809,14.6370719498985,22.4984957117317,25.4465825292159,20.0683430600784,12.6451159776594,7.44305084993963,4.67206638899865,3.39535732556056,2.9604107030571,3.09783093876175,3.77170312624605,5.0740179455,7.15990123695806,10.1898508966652,14.2591355679512,19.3130970607742,25.0804925758616,31.0785372144642,36.7123367130158,41.4263423409849,44.831447994548,46.7574923808686,47.2340845949889,46.4354261186604,44.6214363772468,42.0858902064367,39.1114049676608,35.9378200999934,32.7520649288156,29.6957621708483,26.8741260212232,24.3805077010874,22.2461056971471,20.437280324425,18.9150109199479,17.6423753776537,16.5872261719436,15.7194578915946,,,,,,,,,,,,,,,,,,,,,,
263404.017358178,3842899.81612897,646.249912926179,L1_1,622,646.249912926179,640.563688566698,634.593152989242,628.324090632914,621.74157515877,614.829933910918,607.572710600674,599.952626124918,591.951537425373,583.550394290852,574.729193999604,565.466933693794,555.741560372694,545.529918385539,534.807694299025,523.549359008187,511.728106952806,499.315792294656,486.282861903599,472.598284992988,458.229479236848,443.1422331929,427.300624846755,410.666936083303,393.201562881678,374.862921019971,355.60734706518,335.388994412649,314.159724127491,291.868990328075,268.463719838689,243.918411469986,221.228214000445,197.403506657427,172.387563947258,146.12082410158,118.540747263619,89.5816665837598,59.1746318699075,,,,,,,,,,,,,,,,,,,,,,,9.1807417417103,11.5073923087085,17.2194136312089,20.4865340669565,17.4758074086974,11.8064013050277,7.31138245866517,4.73349016273329,3.49386675697045,3.06424106119844,3.2085534888562,3.89912575506919,5.22970280246042,7.35496003769469,10.4332365142386,14.5550967107635,19.65760769027,25.4582436434451,31.4630918317061,37.0707057069557,41.7264162604783,45.0490247292156,46.8803818344215,47.2625937729194,46.3800978019239,44.4994077147391,41.917055958509,38.915234587766,35.7313022299748,32.5487317052568,29.5053685469111,26.7028083411004,24.2304911729693,22.1170352189035,20.3280033985915,18.8238890072494,17.5674780853645,16.5264743930601,15.6707595576999,,,,,,,,,,,,,,,,,,,,,,
263408.972527953,3842903.20924662,646.348106989083,L1_1,628,646.348106989083,640.660494074955,634.68850051512,628.417907277294,621.833784377577,614.920455332873,607.661459835935,600.039514564149,592.036472028775,583.633277366631,574.809922971381,565.545400856367,555.817652635604,545.603517003802,534.878674590409,523.617590056348,511.793451295583,499.37810559678,486.341992613037,472.654073980106,458.281759415529,443.190829122724,427.345352315278,410.707601667459,393.23796348725,374.89484339803,355.63456730435,335.411277405985,314.176823012702,291.880645899755,268.469659931161,243.918411469986,221.228214000445,197.403506657427,172.387563947258,146.12082410158,118.540747263619,89.5816665837598,59.1746318699075,,,,,,,,,,,,,,,,,,,,,,,10.2793389511366,11.4672493302235,14.4498002148089,16.4438792292846,14.7027841466243,10.7041103303564,7.10020600271814,4.82631919382228,3.65957562538898,3.24001205158138,3.38812252200749,4.09196274764618,5.44803397324362,7.609611281383,10.731489664454,14.8982328541524,20.0379869647172,25.8574634209118,31.8532939824766,37.4196849400086,42.004792372618,45.2364919383409,46.9688962748101,47.2561246123616,46.2919333540003,44.3483924479566,41.7238532236458,38.6993791939783,35.5094177407103,32.3337433903759,29.3063591358634,26.5252709851003,24.0760353991926,21.9847872572835,20.2164354293465,18.7310998320186,17.4913541342792,16.4648058348895,15.6213581961841,,,,,,,,,,,,,,,,,,,,,,
263414.340628412,3842906.88512369,646.446301051987,L1_1,634.5,646.446301051987,640.757299583212,634.783848040998,628.511723921674,621.925993596384,615.010976754828,607.750209071196,600.126403003381,592.121406632176,583.71616044241,574.890651943157,565.62386801894,555.893744898513,545.677115622064,534.949654881793,523.685821104509,511.85879563836,499.440418898904,486.401123322475,472.709862967224,458.334039594211,443.239425052547,427.3900797838,410.748267251616,393.274364092823,374.92676577609,355.66178754352,335.433560399322,314.193921897913,291.892301471435,268.475600023632,243.918411469986,221.228214000445,197.403506657427,172.387563947258,146.12082410158,118.540747263619,89.5816665837598,59.1746318699075,,,,,,,,,,,,,,,,,,,,,,,16.6348472387346,15.4452262376243,14.5354694654855,14.4192120828394,12.7266605953094,9.72416058216208,6.8747906945532,4.93080505628055,3.86416936054733,3.46403436501223,3.61672427831038,4.33227532125979,5.71174995587049,7.90690524457599,11.0682202483227,15.2733092212279,20.4407848871787,26.2668749092175,32.2400771132522,37.752189794599,42.2560249003947,45.3897037700561,47.0199073705145,47.2123372813327,46.1691992042875,44.1671195063759,41.5053648195851,38.4631924909213,35.2717297439783,32.1068264632447,29.0985836234317,26.3414461171907,23.9171213636135,21.8493701400542,20.1025977474174,18.6366684689434,17.4140281323679,16.4022419469325,15.5712710104287,,,,,,,,,,,,,,,,,,,,,,
263419.295798066,3842910.27824098,646.331866829608,L1_1,640.5,646.331866829608,640.644483566319,634.672731139865,628.402391092089,621.818534041923,614.90548413925,607.646781741443,600.025144223745,592.022424830163,583.619569466901,574.796571335476,565.53242329748,555.805067857585,545.591344645694,534.866935273209,523.6063054321,511.782644098935,499.367799699112,486.332213079298,472.644847128493,458.273112880148,443.182791919386,427.337954910585,410.700876051345,393.231943249142,374.88956380683,355.630065392401,335.407592057252,314.173995055344,291.878718203342,268.468677508739,243.918411469986,221.228214000445,197.403506657427,172.387563947258,146.12082410158,118.540747263619,89.5816665837598,59.1746318699075,,,,,,,,,,,,,,,,,,,,,,,20.5363620672059,18.662500237281,16.0702749404195,14.2626599341715,11.938505613454,9.16620941589994,6.71963617511695,5.02588627680281,4.06163653504204,3.69239066061475,3.85652404329105,4.58668109487003,5.99008834682107,8.21761430526861,11.4152865239894,15.6532324269513,20.8401372853606,26.6620985881131,32.6008084982307,38.0475891254918,42.4617341347374,45.4927297365624,47.0200166695058,47.120311176565,46.003272531992,43.948994175903,41.2567046530463,38.2031682085749,35.0157838851729,31.8663301028834,28.8809925728045,26.1507008372033,23.7533880183693,21.7105842126446,19.986386852102,18.5405471670305,17.3354821900438,16.3387824918418,15.5205089801731,,,,,,,,,,,,,,,,,,,,,,
263424.663898525,3842913.95411805,646.004866026184,L1_1,647,646.004866026184,640.322106855958,634.355209727221,628.089967742046,621.511463657613,614.604034368959,607.351233615871,599.73579282513,591.739579994851,583.343556523058,574.527731877676,565.271116000024,555.55166932849,545.346250323379,534.630560368013,523.379085914878,511.565037739086,499.160287154505,486.135299040695,472.459061521195,458.099012125719,443.02096026047,427.189005801958,410.56545362052,393.110723830011,374.783257549976,355.53941795594,335.333386382202,314.117053229776,291.83990341973,268.448896119181,243.918411469986,221.228214000445,197.403506657427,172.387563947258,146.12082410158,118.540747263619,89.5816665837598,59.1746318699075,,,,,,,,,,,,,,,,,,,,,,,19.0310528358803,19.1647753036034,17.9740905698328,15.0710174949038,11.849253888637,8.87522024058827,6.57606956727886,5.05850965662241,4.20056005447346,3.88122721915981,4.0714814257438,4.82481558456598,6.25656929163649,8.51827675184135,11.7520830920754,16.0204353196025,21.221692373934,27.031918583438,32.9270257415368,38.299629763355,42.6173485950266,45.5422604827368,46.9668635533688,46.9783978279798,45.7930348028194,43.6932839213803,40.9774141794835,37.9190365467887,34.7414365235254,31.6121913602522,28.6535715978473,25.9530471683446,23.5848608441801,21.5684611132966,19.8678350140239,18.4427662213132,17.2557429908028,16.2744499049281,15.4690903391351,,,,,,,,,,,,,,,,,,,,,,
263429.619068058,3842917.347235,645.67786522276,L1_1,653,645.67786522276,639.999730145597,634.037688314576,627.777544392004,621.204393273303,614.302584598668,607.0556854903,599.446441426514,591.456735159539,583.067543579215,574.258892419875,565.009808702568,555.298270799395,545.101156001064,534.394185462816,523.151866397656,511.347431379238,498.952774609899,485.938385002093,472.273275913896,457.92491137129,442.859128601554,427.040056693331,410.430031189696,392.98950441088,374.676951293123,355.448770519478,335.259180707151,314.060111404208,291.801088636117,268.429114729622,243.918411469986,221.228214000445,197.403506657427,172.387563947258,146.12082410158,118.540747263619,89.5816665837598,59.1746318699075,,,,,,,,,,,,,,,,,,,,,,,21.4618971302552,21.4789146954928,19.7011320000679,15.8620999513674,11.9099855986731,8.64941628115078,6.37526456170679,4.98188052200487,4.23392758328963,3.98648207439048,4.22283039617755,5.01261956481779,6.48061651799735,8.78093468787704,12.0528028486119,16.3510505697382,21.5634700619584,27.3562937389323,33.2007480004777,38.4925406598213,42.709426489622,45.5272029276775,46.8516113299822,46.7798110892549,45.5334731518891,43.3964159222766,40.6650244148571,37.6091409820341,34.4476179352891,31.3437384793223,28.4158975706865,25.7482319762731,23.4113987560246,21.4229322896574,19.7469157563477,18.3433217346905,17.1748226967958,16.2092642918945,15.4170375823425,,,,,,,,,,,,,,,,,,,,,,
263434.987168253,3842921.02311132,645.350864419336,L1_1,659.5,645.350864419336,639.677353435237,633.720166901932,627.465121041962,620.897322888993,614.001134828377,606.760137364729,599.157090027899,591.173890324227,582.791530635372,573.990052962074,564.748501405111,555.0448722703,544.856061678749,534.15781055762,522.924646880434,511.129825019389,498.745262065292,485.74147096349,472.087490306598,457.750810616862,442.697296942638,426.891107584703,410.294608758872,392.868284991749,374.57064503627,355.358123083017,335.184975032101,314.00316957864,291.762273852505,268.409333340064,243.918411469986,221.228214000445,197.403506657427,172.387563947258,146.12082410158,118.540747263619,89.5816665837598,59.1746318699075,,,,,,,,,,,,,,,,,,,,,,,26.7735093958292,25.0705953307906,21.2018946411909,16.5649669321986,11.9998367116479,8.40973609692531,6.09085631949142,4.78808046741584,4.15298551623617,3.99658708201735,4.29861965476528,5.13923692261524,6.65283100330274,8.99754266830819,12.310550540259,16.6391758834983,21.8604704211537,27.6310692338559,33.4186127840689,38.623684835695,42.7359794606219,45.4461350962219,46.6733127665089,46.5239767134729,45.2242838439857,43.0582689405947,40.3195261024523,37.2735359925671,34.1344134452653,31.0610658350708,28.1680607766777,25.5363321005369,23.2330644442076,21.2740495743816,19.6236720681939,18.2422490167892,17.0927501542262,16.1432486799988,15.3643683215558,,,,,,,,,,,,,,,,,,,,,,
263439.942337664,3842924.41622792,644.791407341165,L1_1,665.5,644.791407341165,639.125807596326,633.176927864245,626.93060414556,620.371964240941,613.48539234109,606.254491846248,598.662046326663,590.689978531099,582.319307345756,573.530102601147,564.301437619307,554.611339388375,544.436736245897,533.753402946294,522.535902981711,510.7575280189,498.390234307948,485.404575911448,471.769634595123,457.452946212982,442.420423411733,426.636274470423,410.062918082047,392.660893874252,374.388768456067,355.203036766973,335.058018493424,313.905749306198,291.695866659611,268.375489880694,243.918411469986,221.228214000445,197.403506657427,172.387563947258,146.12082410158,118.540747263619,89.5816665837598,59.1746318699075,,,,,,,,,,,,,,,,,,,,,,,26.78403271272,25.3553116852329,21.8246634114659,16.9910999317044,11.9397531175206,8.06441036594486,5.7163329354074,4.50417402659884,3.9839733916043,3.92760977826044,4.30668559311841,5.20754924668018,6.77291630577213,9.16515642625961,12.5197808264007,16.8768113988892,22.1027919896175,27.8453980097692,33.5699284177033,38.6834813282591,42.689132019797,45.2930872111331,46.4277857793476,46.2082041392315,44.8638833653555,42.6780224610427,39.9405917684873,36.9121808990465,33.8019298657216,30.7643293126966,27.9102208584013,25.3174694903213,23.0499417424773,21.1218768468083,19.4981579476481,18.139597626995,17.0095676599295,16.0764397889814,15.3111148617143,,,,,,,,,,,,,,,,,,,,,,
263445.31043786,3842928.09210424,644.000178905793,L1_1,672,644.000178905793,638.345767861046,632.408636264062,626.174648087228,619.628960501553,612.755988536594,605.539367973388,597.96191638202,590.005592211085,581.651451831603,572.879604433146,563.669164664767,553.998202907969,543.843693063331,533.181457726461,521.986110622748,510.230996163849,497.888125982004,484.928112291068,471.320097915585,457.031682821328,442.028846972358,426.275869330939,409.73524280745,392.367584957786,374.131544215638,354.983701436384,334.878466518167,313.767969854038,291.601948356704,268.327625784503,243.918411469986,221.228214000445,197.403506657427,172.387563947258,146.12082410158,118.540747263619,89.5816665837598,59.1746318699075,,,,,,,,,,,,,,,,,,,,,,,21.5556065764129,22.2743397610469,21.5146533205892,17.0984669604123,11.7053567252465,7.6364209802864,5.30644410135072,4.19213033815801,3.78039963914929,3.819737825616,4.27602623938974,5.23921542281519,6.85802802570751,9.29786502573299,12.6920098190145,17.0729932436961,22.2970901953724,28.0038497889333,33.6576573529837,38.6738178938083,42.5701495234346,45.0690140808573,46.1158455443427,45.8332374291404,44.4529591754995,42.2563004490751,39.5287684308434,36.5255359475115,33.4505390781117,30.4538158375531,27.6425877404978,25.0917906728024,22.8621317615536,20.9664860649189,19.3704267492315,18.0354084737616,16.9253060219607,16.0088605742377,15.2572946243686,,,,,,,,,,,,,,,,,,,,,,
263450.265607149,3842931.48522049,643.20895047042,L1_1,678,643.20895047042,637.565728125766,631.640344663878,625.418692028896,618.885956762166,612.026584732098,604.824244100527,597.261786437378,589.321205891071,580.983596317449,572.229106265146,563.036891710227,553.385066427563,543.250649880766,532.609512506628,521.436318263784,509.704464308797,497.386017656061,484.451648670689,470.870561236048,456.610419429674,441.637270532982,425.915464191456,409.407567532853,392.07427604132,373.87431997521,354.764366105795,334.698914542909,313.630190401879,291.508030053797,268.279761688311,243.918411469986,221.228214000445,197.403506657427,172.387563947258,146.12082410158,118.540747263619,89.5816665837598,59.1746318699075,,,,,,,,,,,,,,,,,,,,,,,19.7478957450426,21.0534810716349,21.2385530358156,16.9522192487168,11.3604132376029,7.23947756500771,4.97015892629012,3.94176304848615,3.61212783606712,3.72420130746694,4.24272697779212,5.25947029146094,6.92600822051643,9.40832508218489,12.8359699290741,17.2333194770563,22.4465390677789,28.107994131736,33.6826560218337,38.5955977195333,42.3804611232584,44.7760167314014,45.7401459778655,45.4020240258758,43.9944918085038,41.7958892764142,39.0864927149443,36.1156104647435,33.0818059949338,30.1306911444187,27.3659705247386,24.8598162540321,22.6699584159561,20.8080852551203,19.2406205919206,17.9297837202735,16.8400434357597,15.9405717251409,15.202952069883,,,,,,,,,,,,,,,,,,,,,,
263455.63370708,3842935.16109606,642.417722035048,L1_1,684.5,642.417722035048,636.785688390485,630.872053063695,624.662735970565,618.142953022778,611.297180927602,604.109120227667,596.561656492736,588.636819571057,580.315740803295,571.578608097145,562.404618755688,552.771929947157,542.6576066982,532.037567286795,520.88652590482,509.177932453746,496.883909330118,483.975185050309,470.42102455651,456.189156038021,441.245694093607,425.555059051972,409.079892258256,391.780967124854,373.617095734782,354.545030775206,334.519362567651,313.492410949719,291.41411175089,268.231897592119,243.918411469986,221.228214000445,197.403506657427,172.387563947258,146.12082410158,118.540747263619,89.5816665837598,59.1746318699075,,,,,,,,,,,,,,,,,,,,,,,20.8833387439625,21.4487808218791,20.7378200064179,16.4231684011309,10.9539424750649,6.9547759874532,4.76911746646068,3.7981887979539,3.514896786855,3.67006557953412,4.2303978274467,5.28788876868267,6.99376687014869,9.51164465458811,12.9652541048824,17.3697797150708,22.5613389859281,28.1661786393339,33.6515503290433,38.4540036234392,42.1241290754364,44.4173193477524,45.3032822605752,44.9166693940944,43.4901896142299,41.2981611766336,38.6148513249441,35.6832472759016,32.6963635819513,29.7954097412625,27.0806788348055,24.6217498392519,22.4735550203284,20.6467631294034,19.1088001933073,17.822766287085,16.7538116205979,15.8715964982106,15.1481035326328,,,,,,,,,,,,,,,,,,,,,,
263460.588876248,3842938.55421197,641.612837981811,L1_1,690.5,641.612837981811,635.992186140376,630.09050170687,623.893733051689,617.387125963748,610.55518852141,603.381654206956,595.849443176778,587.940621595092,579.636358934321,570.916883140512,561.761433557013,552.148211494338,542.05432832853,531.455751004432,520.327244814128,508.642313314309,496.3731352395,483.49049826095,469.963729433472,455.76062216462,440.847359532326,425.188433768418,408.746561716313,391.482596061604,373.355432124159,354.321909989842,334.336711748809,313.352253595724,291.318572534985,268.183207421209,243.918411469986,221.228214000445,197.403506657427,172.387563947258,146.12082410158,118.540747263619,89.5816665837598,59.1746318699075,,,,,,,,,,,,,,,,,,,,,,,19.3027089468487,19.7065436109844,19.1362876850658,15.5465702732268,10.6575256133634,6.88995605572155,4.75440358497962,3.78477423091268,3.50137524820331,3.66635128499142,4.24656436844866,5.33105905089058,7.06713142213372,9.61295822265225,13.0843840345807,17.4864609649355,22.6454306928787,28.1825346133377,33.5689578685885,38.2543076841734,41.8070422665655,43.9992019400433,44.8115988153842,44.3832301981386,42.9455110690512,40.7677880235252,38.117673825331,35.2314678375764,32.2965103858356,29.4496441128604,26.7878783710953,24.3783577182007,22.2734070146298,20.4828368722377,18.9751787369679,17.714505485978,16.6667163817749,15.8020090482959,15.0928039669898,,,,,,,,,,,,,,,,,,,,,,
263465.956976179,3842942.23008754,640.794310342952,L1_1,697,640.794310342952,635.185233237534,629.295702276845,623.111694768122,616.618486883963,609.800618605595,602.64185691331,595.12515713641,587.232622370665,578.945460866632,570.243941287399,561.107345729203,551.513920393098,541.440823790187,530.864072357131,519.758483352422,508.097614897478,495.853703019786,482.99759554821,469.498682703055,455.324824215643,440.442272803859,424.815593821487,408.407580889996,391.17916731193,373.089333054961,354.095007085144,334.150964816836,313.209720435112,291.221413834302,268.133691903452,243.918411469986,221.228214000445,197.403506657427,172.387563947258,146.12082410158,118.540747263619,89.5816665837598,59.1746318699075,,,,,,,,,,,,,,,,,,,,,,,15.5939863586808,16.4713846740758,16.9770187100062,14.5885732995781,10.5584451131793,7.0600080047945,4.91098710655608,3.87741722357954,3.54976199499565,3.69782896063272,4.28251238337073,5.38519157553767,7.14559657203931,9.71375752863613,13.1959514098629,17.5864894845032,22.7021388539981,28.1603840581151,33.438078853582,37.9995194362795,41.4319792051724,43.5241775384939,44.2673089274496,43.8036024758133,42.3620334299232,40.2060421101602,37.5959568641672,34.7610306906561,31.8828078129284,29.0937984341648,26.4878511999746,24.1298317281702,22.0696433919959,20.3163937041264,18.8398172238319,17.6050453501001,16.5787892669844,15.7318318889567,15.0370694055385,,,,,,,,,,,,,,,,,,,,,,
263470.912145225,3842945.6232031,639.975782704092,L1_1,703,639.975782704092,634.378280334691,628.50090284682,622.329656484555,615.849847804177,609.04604868978,601.902059619664,594.400871096041,586.524623146237,578.254562798943,569.570999434285,560.453257901393,550.879629291857,540.827319251844,530.272393709831,519.189721890717,507.552916480647,495.334270800073,482.504692835471,469.033635972639,454.889026266665,440.037186075392,424.442753874556,408.068600063678,390.875738562257,372.823233985764,353.868104180446,333.965217884863,313.0671872745,291.124255133619,268.084176385694,243.918411469986,221.228214000445,197.403506657427,172.387563947258,146.12082410158,118.540747263619,89.5816665837598,59.1746318699075,,,,,,,,,,,,,,,,,,,,,,,14.3173343186865,14.9469949396769,15.5568694332282,14.1468013450501,10.8633342886233,7.47814080634982,5.18207805281266,4.01032017765175,3.6068860471739,3.7272144844719,4.31373164363955,5.43456455894721,7.21920348565659,9.80798863764564,13.2968651542078,17.6693472252518,22.7333172139948,28.1037156304861,33.2647107448273,37.696825347652,41.0070180168441,43.0006695263983,43.6786398235884,43.1853750731519,41.7464074029365,39.618495719692,37.0541809071146,34.2754127607181,31.4578633914043,28.7297660799688,26.181929912044,23.8770775822732,21.8628673343984,20.147837235951,18.7029918247753,17.4945758066307,16.4901619916636,15.661158033154,14.9809629978224,,,,,,,,,,,,,,,,,,,,,,
263476.280244893,3842949.29907791,639.157255065233,L1_1,709.5,639.157255065233,633.571327431849,627.706103416795,621.547618200989,615.081208724392,608.291478773966,601.162262326018,593.676585055673,585.81662392181,577.563664731254,568.898057581171,559.799170073584,550.245338190617,540.213814713501,529.68071506253,518.620960429011,507.008218063815,494.81483858036,482.011790122732,468.568589242222,454.453228317687,439.632099346926,424.069913927626,407.729619237361,390.572309812583,372.557134916566,353.641201275748,333.77947095289,312.924654113888,291.027096432936,268.034660867937,243.918411469986,221.228214000445,197.403506657427,172.387563947258,146.12082410158,118.540747263619,89.5816665837598,59.1746318699075,,,,,,,,,,,,,,,,,,,,,,,15.6327499833073,15.1931463623463,15.0374935206986,14.4758520983167,11.7107701247112,8.14592292249289,5.51324564819474,4.12936612538002,3.63387600348291,3.72933674630271,4.3244263603067,5.46925074450587,7.281576914256,9.89147440330966,13.3844671333866,17.7335857777313,22.7385500427371,28.0129893290352,33.0500134661612,37.3478882961819,40.5341139032404,42.4307200626847,43.0475551288555,42.5303173268022,41.1001430695896,39.0063827196702,36.4933172999253,33.7753536849826,31.0222229769005,28.3579376413026,25.8703858381547,23.6202811839845,21.6532066485928,19.9772556001601,18.5647639551471,17.3831397644158,16.4008644516989,15.5900079583767,14.9244983845501,,,,,,,,,,,,,,,,,,,,,,
263481.235413818,3842952.69219313,638.396961590049,L1_1,715.5,638.396961590049,632.821785207878,626.967850006599,620.821218045255,614.367254485844,607.590592748463,600.475097924213,593.00382835875,585.158995315014,576.921920619091,568.272992188372,559.191617336117,549.656173741249,539.643957966638,529.131131403297,518.092663511788,506.502272225704,494.332361375316,481.553954982408,468.136628269855,454.048435221674,439.255832521084,423.723599685465,407.414755208065,390.290468506794,372.309967470461,353.43044138231,333.606938989752,312.792261477566,290.936850089771,267.988668132586,243.918411469986,221.228214000445,197.403506657427,172.387563947258,146.12082410158,118.540747263619,89.5816665837598,59.1746318699075,,,,,,,,,,,,,,,,,,,,,,,14.1749149266582,14.2573634607663,15.4227207174709,16.0800008583579,13.2757393195226,8.98093703855791,5.79048540569286,4.16088533687487,3.59053514915101,3.68244780061228,4.3024532009272,5.48242214958207,7.32918502555428,9.96309315653291,13.459709630016,17.7820787638081,22.722498727886,27.8945115649999,32.8017353486428,36.9615888062731,40.0228375576128,41.8240513496816,42.3833827763218,41.8468920881464,40.4305554079181,38.3757552155386,35.9181791634061,33.2645550913046,30.578659168979,27.980340901356,25.5546623617742,23.3604432113379,21.4413467880262,19.8051180745092,18.4254521543672,17.270955597289,16.3110470376352,15.5184835339729,14.8677459832749,,,,,,,,,,,,,,,,,,,,,,
263486.603513485,3842956.36806794,637.694718357267,L1_1,722,637.694718357267,632.129472342322,626.285964026631,620.150280295154,613.707812377104,606.943221063152,599.840400183502,592.382438259869,584.551578240054,576.329175219249,567.695652047404,558.630452716966,549.111993420007,539.117611158199,528.623509783302,517.604703339659,506.034956573834,493.886722469718,481.131076660396,467.737648560608,453.674549055831,438.908294575814,423.403727371797,407.123931807579,390.03014646515,372.0816718556,353.235773515572,333.447580258543,312.669977338662,290.853494272788,267.946187053619,243.918411469986,221.228214000445,197.403506657427,172.387563947258,146.12082410158,118.540747263619,89.5816665837598,59.1746318699075,,,,,,,,,,,,,,,,,,,,,,,10.7150936121301,12.4756741143317,16.9386639816527,19.3402454686581,15.696417044248,9.95139454801918,5.98824009445209,4.10843867589848,3.49028377422896,3.59925712866306,4.25738738771733,5.48072268780359,7.36631285232754,10.0252912455508,13.5236480447605,17.8149012046107,22.6847007650726,27.747759742114,32.5197017883796,36.5383049427274,39.4740892124797,41.1819081853599,41.6874987290297,41.1364318740197,39.7388276750393,37.7276015009825,35.3295534134151,32.7436211173493,30.1276227358567,27.59730473127,25.2349960673137,23.0977318132171,21.2274067268216,19.6315092084839,18.2851160073221,17.1580649289548,16.2207387591679,15.4466047897877,14.8107187414873,,,,,,,,,,,,,,,,,,,,,,
263491.558682288,3842959.76118281,636.992475124485,L1_1,728,636.992475124485,631.437159476767,625.604078046663,619.479342545054,613.048370268364,606.295849377841,599.205702442791,591.761048160988,583.944161165095,575.736429819408,567.118311906436,558.069288097816,548.567813098764,538.591264349761,528.115888163307,517.11674316753,505.567640921964,493.44108356412,480.708198338384,467.338668851361,453.300662889987,438.560756630544,423.083855058129,406.833108407094,389.769824423506,371.85337624074,353.041105648835,333.288221527334,312.547693199759,290.770138455805,267.903705974653,243.918411469986,221.228214000445,197.403506657427,172.387563947258,146.12082410158,118.540747263619,89.5816665837598,59.1746318699075,,,,,,,,,,,,,,,,,,,,,,,10.0987077932025,12.9623577473193,20.0882976826144,23.3013838586621,17.8814990731812,10.5306068746025,5.95890113069289,3.95690616164329,3.35007685340823,3.50062567028913,4.20780774929382,5.47975896100132,7.40603197471784,10.089165308304,13.5858618103463,17.8405138646821,22.6329894767587,27.5805406862968,32.2122293038814,36.0870883249461,38.8974788550528,40.5139953050539,40.9691575668167,40.4073119085136,39.0321718599431,37.0678663454969,34.7321692238946,32.2162001706389,29.6718579388983,27.2108429818686,24.9128352354219,22.8331799954784,21.0121126074873,19.4569336646387,18.1441070643112,17.0447095049321,16.1301025048699,15.3744798167323,14.7534889311512,,,,,,,,,,,,,,,,,,,,,,
263496.926781692,3842963.43705688,636.290231891702,L1_1,734.5,636.290231891702,630.744846611211,624.922192066695,618.808404794953,612.388928159625,605.648477692529,598.571004702079,591.139658062107,583.336744090136,575.143684419566,566.540971765468,557.508123478665,548.023632777522,538.064917541322,527.608266543311,516.6287829954,505.100325270094,492.995444658522,480.285320016372,466.939689142114,452.926776724144,438.213218685274,422.763982744462,406.542285006608,389.509502381862,371.625080625879,352.846437782097,333.128862796125,312.425409060855,290.686782638821,267.861224895686,243.918411469986,221.228214000445,197.403506657427,172.387563947258,146.12082410158,118.540747263619,89.5816665837598,59.1746318699075,,,,,,,,,,,,,,,,,,,,,,,10.9274641648932,14.7015524098344,23.551471757226,26.0048433718012,18.6478273299375,10.3801091871267,5.67213706302841,3.73393398609417,3.19904799744115,3.40964763331365,4.17087509240848,5.49152708653859,7.45597428868053,10.1588260334966,13.6477601856572,17.8584412593969,22.5658831999705,27.3912262268659,31.878173381325,35.6075433963818,38.2933032566703,39.8210775275008,40.2293455173225,39.6605493796013,38.3115190909135,36.3973406880987,34.1266658425611,31.6827899126275,29.2117422372299,26.8212377073146,24.5883890977386,22.5669414849655,20.7955756146764,19.2814711722737,18.0024819767629,16.9309288249147,16.039165057463,15.302126179468,14.6960676702023,,,,,,,,,,,,,,,,,,,,,,
263501.881950373,3842966.8301714,635.600995414454,L1_1,740.5,635.600995414454,630.065356573666,624.252935790838,618.149893968869,611.741700055801,605.01309644708,597.948062657922,590.529777179307,582.740577426761,574.561917686588,565.974324959407,556.957352595866,547.489531614148,537.548319583344,527.110046951,516.149860687039,504.641665109879,492.558059753862,479.870274130044,466.548099225035,452.559815574776,437.872117742003,422.450035017592,406.256848156961,389.254001953297,371.401013439451,352.655375499912,332.972455663397,312.305389835056,290.604970715297,267.819530639551,243.918411469986,221.228214000445,197.403506657427,172.387563947258,146.12082410158,118.540747263619,89.5816665837598,59.1746318699075,,,,,,,,,,,,,,,,,,,,,,,10.5656951948282,13.8339206754041,21.269124831874,23.0841512413773,16.5107883039606,9.24496493549031,5.13675541861732,3.47364204054545,3.0661070831883,3.35033906738083,4.1669296599721,5.53301616918766,7.5300576591854,10.2456052754784,13.7186693383509,17.8766548700179,22.4907641175132,27.1873899359913,31.5258443625834,35.1088366709449,37.6713060014347,39.1129620454509,39.4773812480399,38.9045265938622,37.584064373701,35.7219545412556,33.5177589416941,31.1470282443481,28.7500096586164,26.4305112638507,24.2631346845706,22.3000750177851,20.5785476287024,19.1056487524145,17.8606035833107,16.8169692819222,15.9480929731063,15.2296574365944,14.6385308389566,,,,,,,,,,,,,,,,,,,,,,
263507.250049778,3842970.50604546,634.92475098981,L1_1,747,634.92475098981,629.398674869114,623.596294942383,617.503796019315,611.106672150094,604.389692087411,597.336863021595,589.931392502488,582.155648457425,573.991117210109,565.418359400428,556.416963700262,546.965498215089,537.041459455656,526.621218758252,515.679966025978,504.19165065709,492.128919519757,479.463051825558,466.163890746649,452.199771613795,437.537446524297,422.142005180325,405.976791769155,389.003317687425,371.18116990161,352.467914726503,332.818996792641,312.187632962087,290.524700940004,267.778622316817,243.918411469986,221.228214000445,197.403506657427,172.387563947258,146.12082410158,118.540747263619,89.5816665837598,59.1746318699075,,,,,,,,,,,,,,,,,,,,,,,9.57089081974758,11.6180677894929,16.1233428924938,17.2127526268095,12.7341516425883,7.52600324669131,4.45344428217687,3.19775181463117,2.95485835218407,3.32228853753915,4.1939516408033,5.60056941123419,7.62304561348165,10.3432123543276,13.7920315878672,17.8891674168885,22.4029055063412,26.9659217151335,31.1537045869495,34.5906622519954,37.0319732329863,38.3905380683002,38.7142834690029,38.140230406875,36.8506830413714,35.0424429969444,32.9060419282945,30.6093813313712,28.287018320033,26.038933738043,23.9372727397542,22.0327283982666,20.3611362521021,18.929543240947,17.7185259677536,16.702868278707,15.8569112876257,15.1570896267303,14.5808882436123,,,,,,,,,,,,,,,,,,,,,,
263512.205218337,3842973.89915964,634.248506565166,L1_1,753,634.248506565166,628.731993164562,622.939654093927,616.857698069761,610.471644244386,603.766287727743,596.725663385267,589.333007825668,581.570719488089,573.420316733631,564.86239384145,555.876574804659,546.44146481603,536.534599327968,526.132390565504,515.210071364917,503.7416362043,491.699779285652,479.055829521072,465.779682268263,451.839727652813,437.202775306591,421.833975343058,405.696735381348,388.752633421553,370.961326363768,352.280453953094,332.665537921886,312.069876089118,290.444431164711,267.737713994084,243.918411469986,221.228214000445,197.403506657427,172.387563947258,146.12082410158,118.540747263619,89.5816665837598,59.1746318699075,,,,,,,,,,,,,,,,,,,,,,,10.9972595080449,12.0969503437656,14.0980704386928,13.6243669747908,9.95505967540832,6.1342029469753,3.88433533361624,2.98305028284201,2.89157877726327,3.33646358174528,4.25722150946804,5.69680105445476,7.7361948066579,10.4523815924036,13.8687703516339,17.8977953471507,22.3056317152809,26.7320037693429,30.7687651955013,34.0614793473027,36.3845819701973,37.6632042023461,37.9489787352027,37.3756955177303,36.1182715083065,34.3644943820286,32.2960632078581,30.0733912290204,27.8254609004239,25.6485055151424,23.6122649432896,21.7659589973951,20.1440959807329,18.7536851532603,17.5766160119228,16.5888770705848,15.7657892532154,15.0845350235677,14.5232158923425,,,,,,,,,,,,,,,,,,,,,,
263517.573317478,3842977.57503295,633.572262140522,L1_1,759.5,633.572262140522,628.06531146001,622.283013245472,616.211600120207,609.836616338679,603.142883368075,596.11446374894,588.734623148849,580.985790518753,572.849516257152,564.306428282471,555.336185909056,545.917431416971,536.027739200281,525.643562372756,514.740176703856,503.29162175151,491.270639051547,478.648607216586,465.395473789877,451.479683691832,436.868104088885,421.525945505791,405.416678993542,388.501949155681,370.741482825927,352.092993179685,332.51207905113,311.952119216149,290.364161389418,267.69680567135,243.918411469986,221.228214000445,197.403506657427,172.387563947258,146.12082410158,118.540747263619,89.5816665837598,59.1746318699075,,,,,,,,,,,,,,,,,,,,,,,16.6856552716559,15.9728611269006,14.5346518006053,11.9717608730206,8.25332562408428,5.16361243340292,3.4583806761418,2.82625350928375,2.86179039338109,3.37464385373183,4.33732536125568,5.80241692982524,7.85139546841634,10.5571165573313,13.9357948374768,17.8928876272068,22.1927874957532,26.4824808538773,30.3700254574322,33.5215687279411,35.7300152721308,36.9320239518514,37.1824948126267,36.6118281154922,35.387593814617,33.6887355551794,31.6883268679927,29.5394564042683,27.3656478417657,25.2594651552461,23.2882921702298,21.499901012199,19.9275245792694,18.5781449970629,17.4349232941033,16.4750294610607,15.6747487666931,15.0120074208754,14.4655219512623,,,,,,,,,,,,,,,,,,,,,,
263522.528485915,3842980.96814677,632.883980799108,L1_1,765.5,632.883980799108,627.386763051797,621.61468441712,615.554001850709,609.190285155978,602.50838262651,595.492384970568,588.12558743183,580.390450016155,572.268555729695,563.740566728913,554.786178278092,545.38407040473,535.5118571377,525.146033207318,514.261918080417,502.833597197171,490.833860269763,478.234136495984,465.004426533516,451.113231072925,436.527475839305,421.212432844003,405.131637698936,388.246802796616,370.51772614918,351.902195669372,332.355888665574,311.832266311586,290.282462839898,267.655169194626,243.918411469986,221.228214000445,197.403506657427,172.387563947258,146.12082410158,118.540747263619,89.5816665837598,59.1746318699075,,,,,,,,,,,,,,,,,,,,,,,19.9279020510218,18.6836821983471,15.6138040164389,11.4988742215946,7.43531082011351,4.62604814289677,3.20990573996533,2.74437745772859,2.86805221768611,3.43150735650402,4.4256058771272,5.90825016920541,7.96054100190459,10.6511347017447,13.989089041505,17.8730255251573,22.065702091742,26.2212877089785,29.9635851028519,32.9785476840295,35.0766923158239,36.2055430686128,36.4229481831431,35.8559303604802,34.6649479099891,33.0204071606827,31.0870467262544,29.0108747773777,26.9101059822873,24.8737098274382,22.9667519027914,21.2355680524166,19.7121464055329,18.4034326587114,17.2938034795176,16.3615699268872,15.5839560629867,14.9396188828479,14.4078832320496,,,,,,,,,,,,,,,,,,,,,,
263527.896585056,3842984.64402009,632.183651911263,L1_1,772,632.183651911263,626.696337460575,620.934657287352,614.884893105468,608.53264071449,601.862775703962,594.859417442909,587.505891268803,579.784688785991,571.677426179039,563.164800441739,554.226543417574,544.841373542202,534.98694517306,524.639795385461,513.775288108483,502.367555467655,490.389436194786,477.812410958274,464.606534459936,450.740364136681,436.180885297263,420.893432515875,404.841607095417,387.987190403936,370.290052877881,351.708058475524,332.196964353048,311.710315524449,290.19933425442,267.612803920889,243.918411469986,221.228214000445,197.403506657427,172.387563947258,146.12082410158,118.540747263619,89.5816665837598,59.1746318699075,,,,,,,,,,,,,,,,,,,,,,,18.932065837347,18.8927233031341,16.4732128653086,11.5235611380472,7.10631940774164,4.36717145445131,3.08567857260159,2.71115299969346,2.88858489371829,3.48569375372297,4.50171695367723,5.99626974636894,8.04881570113231,10.7232480831211,14.021182959699,17.8342152319709,21.9232111966068,25.9491491131019,29.5511077225192,32.4343063330197,34.426338025767,35.4851834751001,35.6714603117949,35.1088772106025,33.9510215548617,32.3600555426577,30.4926594504298,28.487993922031,26.459108569512,24.4914505901863,22.6478042136686,20.9730797407257,19.4980488684273,18.2296104043461,17.1532997647584,16.2485274137517,15.4934300786719,14.8673806833723,14.3503053487129,,,,,,,,,,,,,,,,,,,,,,
263532.851753372,3842988.03713357,631.483323023418,L1_1,778,631.483323023418,626.005911869353,620.254630157584,614.215784360227,607.874996273001,601.217168781415,594.226449915249,586.886195105775,579.178927555827,571.086296628382,562.589034154565,553.666908557057,544.298676679673,534.46203320842,524.133557563605,513.288658136548,501.901513738139,489.94501211981,477.390685420564,464.208642386355,450.367497200437,435.834294755222,420.574432187747,404.551576491897,387.727578011256,370.062379606582,351.513921281675,332.038040040522,311.588364737311,290.116205668941,267.570438647151,243.918411469986,221.228214000445,197.403506657427,172.387563947258,146.12082410158,118.540747263619,89.5816665837598,59.1746318699075,,,,,,,,,,,,,,,,,,,,,,,21.2745107288265,20.734551315159,17.2820295295863,11.6480635871122,7.00797257557802,4.27097853062763,3.03956683664174,2.70451199785935,2.90857191621739,3.52550305330848,4.55665871159379,6.06026588664225,8.11252381035971,10.7717941115509,14.032098473751,17.7780360033384,21.7684375859026,25.6706881944339,29.138539552514,31.895766683671,33.7863816602505,34.7783890959871,34.9350766789633,34.3770305210215,33.2513276251825,31.712295234661,29.9089185481353,27.9737842942976,26.0149500994179,24.1144260193342,22.3327411138086,20.7133784971587,19.285910511984,18.0571641009804,17.0137543997826,16.136138699399,15.4033345854076,14.7954061688501,14.2928660949102,,,,,,,,,,,,,,,,,,,,,,
263538.21985225,3842991.71300613,630.782994135573,L1_1,784.5,630.782994135573,625.315486278131,619.574603027816,613.546675614985,607.217351831513,600.571561858868,593.59348238759,586.266498942748,578.573166325664,570.495167077726,562.013267867391,553.107273696539,543.755979817144,533.93712124378,523.627319741748,512.802028164614,501.435472008623,489.500588044833,476.968959882854,463.810750312775,449.994630264192,435.487704213181,420.255431859618,404.261545888378,387.467965618576,369.834706335283,351.319784087826,331.879115727996,311.466413950174,290.033077083462,267.528073373413,243.918411469986,221.228214000445,197.403506657427,172.387563947258,146.12082410158,118.540747263619,89.5816665837598,59.1746318699075,,,,,,,,,,,,,,,,,,,,,,,26.488118383096,24.0383258011942,18.302081798959,12.0230673240615,7.14257790388648,4.30904990936101,3.05022640370176,2.71090573726541,2.9193700362645,3.54594933275139,4.58875921744149,6.10161577707467,8.15558891287792,10.8025715052379,14.0287608431835,17.7117443268856,21.6082098692677,25.3917399487496,28.730461206661,31.3662850800715,33.1591642879429,34.0867518583916,34.2148842875005,33.6611561781964,32.5664313611181,31.0775631574733,29.3361716428241,27.4685246516559,25.5778514530101,23.7428069317858,22.0216913150625,20.4565611571041,19.0758037112279,17.8861454701826,16.8752031368445,16.0244273859511,15.3136841968535,14.723703876992,14.2355694917205,,,,,,,,,,,,,,,,,,,,,,
263543.175020444,3842995.10611926,630.129143973111,L1_1,790.5,630.129143973111,624.670882160231,618.939707256708,612.921973608008,606.603353276873,599.968801929182,593.002523014105,585.687930153276,578.007607649404,569.943269020339,561.475713459821,552.584780121277,543.249300115806,533.447046110061,523.154679404029,512.347694362695,501.000360069295,489.085659061224,476.57522300275,463.439265141353,449.646509386885,435.164115844694,419.957602625394,403.990763745128,387.22558292085,369.622143055357,351.13853119659,331.730738744884,311.352556670593,289.955465492588,267.488519755682,243.918411469986,221.228214000445,197.403506657427,172.387563947258,146.12082410158,118.540747263619,89.5816665837598,59.1746318699075,,,,,,,,,,,,,,,,,,,,,,,28.0037859851307,25.6728605177739,19.7205793280799,12.8377688518434,7.49511682826108,4.43702759018901,3.0893193396459,2.71732832081836,2.91767747201939,3.54935479705778,4.60335107028028,6.12689247209777,8.18459226810936,10.8214298466961,14.0160332239072,17.6394028386203,21.446280387222,25.1162949201261,28.3314556085792,30.85108239818,32.550330185415,33.4160133200314,33.5163993576196,32.9662982365381,31.9007577090101,30.4596049535248,28.7774982048506,26.9746816051691,25.1497439794919,23.3780740633399,21.7157695362065,20.2034552495756,18.8683340487357,17.7169899419738,16.7379597415914,15.9136199911397,15.2246379125884,14.6523845943839,14.1784926115837,,,,,,,,,,,,,,,,,,,,,,
263548.543119321,3842998.78199183,629.52166639963,L1_1,797,629.52166639963,624.071994880121,618.349839784635,612.341576934376,606.032900941603,599.408791149192,592.45347586716,585.150394821027,577.482159722587,569.430512869225,560.976283673195,552.099343017364,542.778555328741,532.991728255686,522.715559828979,511.925582980937,500.596107290492,488.700157815526,476.209410866811,463.09412657066,449.323078059702,434.863477123195,419.680896139864,403.739186107366,387.000390573243,369.424655262414,350.970133186043,331.592885005854,311.246774416655,289.883358297997,267.451771373405,243.918411469986,221.228214000445,197.403506657427,172.387563947258,146.12082410158,118.540747263619,89.5816665837598,59.1746318699075,,,,,,,,,,,,,,,,,,,,,,,25.6766249560405,25.3566816028112,21.30991383175,13.9892158239992,8.0158739408881,4.63327850325658,3.15414242864959,2.73290488926431,2.91934680348469,3.55498536618236,4.62111317338919,6.15695127239811,8.21971048142565,10.8471141489468,14.0104628158179,17.5747114147019,21.2932052332676,24.8519197901711,27.946595986827,30.3533715723853,31.9618260796626,32.7673223419986,32.8402996324222,32.2928729738006,31.2545856999096,29.8586283836951,28.2330656756079,26.4923956901333,24.7307465467786,23.0203267323343,21.4150575409512,19.9541260539624,18.6635511866432,17.5497341758142,16.6020500216569,15.803733703485,15.1362063603582,14.5814531773074,14.1216359384744,,,,,,,,,,,,,,,,,,,,,,
263553.498287394,3843002.17510461,628.91418882615,L1_1,803,628.91418882615,623.47310760001,617.759972312563,611.761180260744,605.462448606334,598.848780369203,591.904428720215,584.612859488779,576.95671179577,568.917756718111,560.476853886569,551.61390591345,542.307810541675,532.536410401312,522.27644025393,511.503471599179,500.19185451169,488.314656569827,475.843598730871,462.748987999967,448.999646732518,434.562838401697,419.404189654334,403.487608469603,386.775198225636,369.22716746947,350.801735175496,331.455031266823,311.140992162717,289.811251103406,267.415022991128,243.918411469986,221.228214000445,197.403506657427,172.387563947258,146.12082410158,118.540747263619,89.5816665837598,59.1746318699075,,,,,,,,,,,,,,,,,,,,,,,27.2701502558623,27.1137189882465,22.9358169396435,14.961686862583,8.45778009170182,4.81060084561796,3.22128589994893,2.75838673920074,2.93413438646058,3.57495260914101,4.65320341731918,6.20044289425999,8.26666652245902,10.8826744635575,14.0130668026503,17.5175543169353,21.1487329197501,24.5990514897682,27.5774263538293,29.875779154709,31.3970509115684,32.1444486830459,32.1903713805829,31.6444346820133,30.6310943510091,29.2773737564113,27.7051642068597,26.0235356012724,24.3223519641955,22.6707369275803,21.1204595897858,19.7092580790229,18.4619674462952,17.3847596139219,16.4677537414608,15.6949714714816,15.0485373854604,14.5110156533175,14.0650758332709,,,,,,,,,,,,,,,,,,,,,,
263558.866386008,3843005.85097642,628.30671125267,L1_1,809.5,628.30671125267,622.8742203199,617.170104840491,611.180783587112,604.891996271064,598.288769589213,591.35538157327,584.07532415653,576.431263868953,568.405000566997,559.977424099943,551.128468809537,541.83706575461,532.081092546937,521.83732067888,511.081360217421,499.787601732888,487.929155324129,475.477786594932,462.403849429274,448.676215405335,434.262199680198,419.127483168804,403.23603083184,386.550005878029,369.029679676527,350.633337164949,331.317177527793,311.035209908779,289.739143908815,267.378274608852,243.918411469986,221.228214000445,197.403506657427,172.387563947258,146.12082410158,118.540747263619,89.5816665837598,59.1746318699075,,,,,,,,,,,,,,,,,,,,,,,32.9941748386134,30.9949555521505,24.3111392354286,15.505293525951,8.73173894201967,4.95944653191056,3.30657803884841,2.8166124569107,2.98673923712461,3.63399615938063,4.72334244463284,6.27938193181055,8.34534872777566,10.9455028859045,14.0383445248067,17.4792802379671,21.0211350992322,24.3633037413206,27.2275127275093,29.420435884976,30.8572063759475,31.5480346547108,31.5669418352887,31.0211474573027,30.0303719611901,28.7158992450017,27.193842675902,25.5681474298987,23.9246041906509,22.3293451072852,20.8320116995055,19.4688839984019,18.2636117116141,17.2220886143479,16.3350865852944,15.5873436540201,14.9616366159507,14.4410737071898,14.0088107124825,,,,,,,,,,,,,,,,,,,,,,
263563.821553959,3843009.24408886,627.779572078629,L1_1,815.5,627.779572078629,622.354535380138,616.658246846722,610.677143886635,604.396985778543,597.802819765048,590.878945450877,583.608877420998,575.975305989625,567.960055986683,559.544043483594,550.707230355351,541.428576570695,531.685990096807,521.456274299225,510.715072711763,499.436811044928,487.594636294751,475.160352807066,462.104355144996,448.395557599823,434.001320177391,418.887370883838,403.017724125607,386.354595029464,368.858309478514,350.487209650017,331.197554830095,310.943417269177,289.676572830213,267.3463861693,243.918411469986,221.228214000445,197.403506657427,172.387563947258,146.12082410158,118.540747263619,89.5816665837598,59.1746318699075,,,,,,,,,,,,,,,,,,,,,,,31.4444032122428,29.3572931922796,23.063802346248,15.0284021451509,8.69212093418715,5.04550040745003,3.40378489541767,2.9072362549068,3.07668883358713,3.72952604642211,4.82606577696845,6.3855391692723,8.44554837691393,11.0245620488835,14.075689029965,17.4508729242453,20.9038209747434,24.1408145961098,26.8954747786327,28.9878398242975,30.3439766245315,30.9803577967808,30.972470419713,30.4253992920031,29.4545897112471,28.176095901637,26.7007031232376,25.1275594748801,23.5385808832035,21.9970088917437,20.5503883278138,19.2335299701028,18.0688898484584,17.0620318161246,16.2042857299652,15.481029335651,14.875636391406,14.3717243696151,13.9529102782762,,,,,,,,,,,,,,,,,,,,,,
263569.189652573,3843012.91996067,627.332746448931,L1_1,822,627.332746448931,621.914028277101,616.22437419668,610.250237412237,603.977393788572,597.390907983724,590.475097888634,583.213497288789,575.588816658952,567.582901997622,559.176691603227,550.350170689112,541.082323729291,531.351084421478,521.133283148276,510.404591811413,499.139465907707,487.311083708815,474.891282399979,461.850491025702,448.15766008271,433.780187592569,418.683841477921,402.83267805754,386.188956466141,368.713048795171,350.363345740653,331.096157533409,310.865609915803,289.623534917316,267.319356168905,243.918411469986,221.228214000445,197.403506657427,172.387563947258,146.12082410158,118.540747263619,89.5816665837598,59.1746318699075,,,,,,,,,,,,,,,,,,,,,,,24.2737875041515,23.8319060789079,20.3352803768814,14.047916804041,8.52243659020438,5.13273341135968,3.53999575270684,3.04529334813537,3.21435390838679,3.86973150335707,4.96831731044029,6.52494591862182,8.57244860806693,11.1241707702381,14.1285656449452,17.4350143064898,20.7987985439736,23.9330352153139,26.5823109100125,28.5786291397756,29.8577252431189,30.4415854715838,30.4069992083332,29.8571625041936,28.9036903468558,27.6579026292878,26.225694386944,24.701735735761,23.1642605625142,21.673718524672,20.2755884274175,19.0032011766179,17.8778094923865,16.9045962978222,16.0753565264003,15.3760313667251,14.7905372126306,14.3029658625857,13.8973710281334,,,,,,,,,,,,,,,,,,,,,,
263574.144820403,3843016.31307277,626.885920819234,L1_1,828,626.885920819234,621.473521174065,615.790501546638,609.823330937839,603.557801798601,596.978996202401,590.071250326391,582.81811715658,575.202327328278,567.205748008562,558.80933972286,549.993111022872,540.736070887886,531.016178746149,520.810291997327,510.094110911063,498.842120770485,487.027531122879,474.622211992893,461.596626906407,447.919762565597,433.559055007747,418.480312072004,402.647631989474,386.023317902817,368.567788111827,350.239481831289,330.994760236723,310.787802562428,289.570497004419,267.29232616851,243.918411469986,221.228214000445,197.403506657427,172.387563947258,146.12082410158,118.540747263619,89.5816665837598,59.1746318699075,27.2472454203625,,,,,,,,,,,,,,,,,,,,,,22.0143612481914,21.8056069274055,18.9824030897502,13.4890352190566,8.47570031422928,5.26922618010944,3.70747829606988,3.20822627833394,3.37203057423305,4.02448156629651,5.11923714562178,6.66750253768999,8.69800263728848,11.2195140778031,14.1764315642181,17.4161068379282,20.6954661498349,23.7337520097511,26.2851541386523,28.1921526598994,29.3990591356895,29.9329139717691,29.8719061603236,29.3177833223905,28.3789030589883,27.1624029577842,25.7697443292457,24.2914586156526,22.8023027956876,21.3600225758767,20.0080602552219,18.7782557234321,17.6906535668414,16.7500077143857,15.9484789938906,15.2724934468327,14.7064524249182,14.2348847675457,13.8422580128826,13.512339386236,,,,,,,,,,,,,,,,,,,,,
263579.512918753,3843019.98894383,626.439095189536,L1_1,834.5,626.439095189536,621.033014071029,615.356628896596,609.396424463442,603.13820980863,596.567084421077,589.667402764147,582.42273702437,574.815837997605,566.828594019501,558.441987842492,549.636051356633,540.389818046481,530.681273070821,520.487300846378,509.783630010712,498.544775633264,486.743978536943,474.353141585806,461.342762787113,447.681865048484,433.337922422924,418.276782666087,402.462585921407,385.857679339493,368.422527428484,350.115617921924,330.893362940036,310.709995209054,289.517459091523,267.265296168115,243.918411469986,221.228214000445,197.403506657427,172.387563947258,146.12082410158,118.540747263619,89.5816665837598,59.1746318699075,27.2472454203625,,,,,,,,,,,,,,,,,,,,,,23.9564964859721,22.6918742231693,18.7555425076809,13.366828373439,8.60127677685596,5.47520208022246,3.90428518325494,3.38358831098391,3.53289035339644,4.17580871869635,5.26173239221825,6.79814027387144,8.80969423383915,11.3008354854702,14.2123018671061,17.3897120344785,20.591447928947,23.542015329961,26.0038678378823,27.8286239926457,28.9682609755233,29.4545626019347,29.3673131827142,28.8072995083393,27.880209957187,26.689550554663,25.3327969995697,23.8966724428328,22.4526557070839,21.0558746496518,19.7477655265646,18.55866953854,17.5074108756362,16.5982601920671,15.8236493890307,15.170412101485,14.6233776064714,14.1674758289037,13.7875654321267,13.4678181647323,,,,,,,,,,,,,,,,,,,,,
263584.468086461,3843023.38205557,626.232682599868,L1_1,840.5,626.232682599868,620.829520345823,615.156199979075,609.199213593989,602.94437788965,596.376800400093,589.480844036059,582.240089853823,574.637297962475,566.65436647656,558.272288416349,549.471106453127,540.229865391745,530.526562277293,520.338094007119,509.640202323435,498.407416055568,486.612990474308,474.228843613984,461.225489410644,447.571967497137,433.235769487955,418.182761578314,402.377103273191,385.781162052811,368.355423771413,350.058398575945,330.846522120703,310.674051842699,289.492958050795,267.252809569295,243.918411469986,221.228214000445,197.403506657427,172.387563947258,146.12082410158,118.540747263619,89.5816665837598,59.1746318699075,27.2472454203625,,,,,,,,,,,,,,,,,,,,,,23.71454101265,22.3560105543093,18.5704112999124,13.5260938462368,8.88736427967193,5.72796199427161,4.09315738954,3.52754968441366,3.65117360785984,4.27901465332141,5.35428935515198,6.87996225995743,8.87616690901406,11.3428801055828,14.2172037290905,17.3428051819905,20.4787824999243,23.3536665864554,25.7367729512029,27.4877358414495,28.5656317171016,29.0070077410701,28.893674757734,28.3260854874711,27.4079105174474,26.2395925815801,24.9150736673935,23.5175826602881,22.115505791238,20.7614473504148,19.4948637730702,18.3445950127888,17.3282269838522,16.4494847269025,15.70098323555,15.0698864359435,14.5413958244783,14.100807104768,13.7333466654155,13.423573897037,,,,,,,,,,,,,,,,,,,,,
263589.836184812,3843027.05792663,626.265939035347,L1_1,847,626.265939035347,620.86230650462,615.188492347357,609.23098748223,602.975607373848,596.407458260046,589.510901690554,582.269517292587,574.666063674723,566.682437375965,558.299629762269,549.497681767888,540.255636373788,530.551488709983,520.362133662988,509.663310863643,498.429546924331,486.634094788054,474.248870044962,461.244384064716,447.589673785458,433.252227992237,418.197909909354,402.390875922328,385.79349023595,368.366235265253,350.067617546022,330.854068940829,310.679842905376,289.49690556815,267.254821364064,243.918411469986,221.228214000445,197.403506657427,172.387563947258,146.12082410158,118.540747263619,89.5816665837598,59.1746318699075,27.2472454203625,,,,,,,,,,,,,,,,,,,,,,21.297984407133,20.781922877894,18.3627652327597,13.9404573502902,9.32143891722299,6.00420014526161,4.24260697321207,3.60673402234923,3.69467446665784,4.30452982053829,5.37082842031919,6.8908077874484,8.87932974661983,11.3316377538029,14.1810606294346,17.2688253074392,20.3537156815924,23.1669017514472,25.4832139692769,27.1693732473628,28.1912182104668,28.5902700595351,28.4509226278808,27.8739898139228,26.9618027440078,25.8123124721218,24.5163705173635,23.1540144204431,21.7907140106152,20.4766373670172,19.2492832215286,18.1359852554098,17.1530723518997,16.3036625496771,15.5804677985767,14.9709073662544,14.460499485171,14.0348712165326,13.6795940213667,13.3795985121674,,,,,,,,,,,,,,,,,,,,,
263594.791352398,3843030.45103803,626.299195470825,L1_1,853,626.299195470825,620.895092663417,615.220784715639,609.262761370471,603.006836858045,596.438116119998,589.540959345049,582.298944731352,574.69482938697,566.710508275369,558.326971108188,549.524257082648,540.281407355831,530.576415142673,520.386173318858,509.686419403851,498.451677793094,486.6551991018,474.26889647594,461.263278718788,447.607380073778,433.268686496518,418.213058240394,402.404648571465,385.805818419088,368.377046759093,350.076836516099,330.861615760954,310.685633968053,289.500853085506,267.256833158832,243.918411469986,221.228214000445,197.403506657427,172.387563947258,146.12082410158,118.540747263619,89.5816665837598,59.1746318699075,27.2472454203625,,,,,,,,,,,,,,,,,,,,,,20.5750132068474,20.5273252413803,18.9406721610552,14.7828689858313,9.89791840652539,6.26325341693953,4.31383901187041,3.59083800838944,3.64027056623453,4.23428323356834,5.2970016932305,6.81937249868113,8.81059081955562,11.2610537884216,14.1001410809224,17.1659547838747,20.2157229686609,22.9818082826673,25.243334356402,26.873394045152,27.8444823888308,28.203465080901,28.0379662883744,27.4498729952175,26.5408155146303,25.4067869188628,24.1359488491177,22.8054167683013,21.4779078036857,20.2012191095318,19.01090821266,17.932797294204,16.9819471813948,16.1608223584577,15.4621480813051,14.8735279520948,14.3807433038995,13.9697187804583,13.6263513874973,13.3359289723325,,,,,,,,,,,,,,,,,,,,,
263600.159450486,3843034.12690834,626.332451906304,L1_1,859.5,626.332451906304,620.927878822214,615.25307708392,609.294535258712,603.038066342243,596.468773979951,589.571016999543,582.328372170116,574.723595099217,566.738579174774,558.354312454108,549.550832397409,540.307178337875,530.601341575364,520.410212974727,509.709527944059,498.473808661858,486.676303415546,474.288922906919,461.28217337286,447.625086362098,433.285145000799,418.228206571434,402.418421220601,385.818146602227,368.387858252934,350.086055486176,330.86916258108,310.69142503073,289.504800602862,267.2588449536,243.918411469986,221.228214000445,197.403506657427,172.387563947258,146.12082410158,118.540747263619,89.5816665837598,59.1746318699075,27.2472454203625,,,,,,,,,,,,,,,,,,,,,,20.1431847623338,20.5933461701546,19.7418823061185,15.6035268310701,10.3185325525517,6.34726771068316,4.23191967599355,3.44423466948793,3.4694984614952,4.05701927778222,5.12457889709138,6.65901364686275,8.66464372888522,11.1272767948009,13.9721470403395,17.0333412249382,20.0650542950711,22.7992671467943,25.0181991790667,26.6007354647152,27.5260810767796,27.8469422535605,27.6548950960118,27.0536416949932,26.1447503880476,25.0227743077526,23.7735665176779,22.4715717837336,21.1769054093507,19.9350501670268,18.7796339892979,17.7349611052573,16.8148082692286,16.020937656801,15.3460065997282,14.7777348126898,14.3021163173867,13.9053399441308,13.5736097542253,13.292556646118,,,,,,,,,,,,,,,,,,,,,
263605.11461795,3843037.5200194,626.666195099655,L1_1,865.5,626.666195099655,621.256902578888,615.577145432082,609.613400427937,603.351468173584,596.776439306514,589.87265899609,582.623689670145,575.012271877902,567.020283196048,558.6286950801,549.817527558356,540.565801660524,530.851489467801,520.651461665441,509.941432472963,498.695901820862,486.888094636155,474.489897092213,461.471789671074,447.802776878879,433.450313447073,418.380226843677,402.556635910111,385.941865429867,368.496356425611,350.178571971142,330.944898293949,310.749540932897,289.544415703792,267.279034213232,243.918411469986,221.228214000445,197.403506657427,172.387563947258,146.12082410158,118.540747263619,89.5816665837598,59.1746318699075,27.2472454203625,,,,,,,,,,,,,,,,,,,,,,20.4562848331985,20.8205852270982,19.878341559479,15.6677156906535,10.2289544256566,6.14008838627819,3.98167380729038,3.18637998762317,3.21187770948776,3.80374995301829,4.88294271681744,6.43649651224954,8.4654242879812,10.9512964282576,13.8148784573777,16.8852833831027,19.9123224073288,22.6262949185523,24.8116417504082,26.352715521237,27.2355659829497,27.5191876388134,27.299685392006,26.6831534648491,25.7716016023134,24.6585389972498,23.4278045909297,22.1513761782281,20.8868767484301,19.6775284970816,18.5550490232325,17.5422212891802,16.6515170038068,15.8839432096008,15.2320238881052,14.6835358371044,14.2246403849117,13.8417631663794,13.521399808388,13.2495108358634,,,,,,,,,,,,,,,,,,,,,
263610.482716038,3843041.1958897,627.30007674082,L1_1,872,627.30007674082,621.881820548805,616.192651547189,610.219024095492,603.946715271211,597.360791005715,590.445570526945,583.184589024236,575.560558446391,567.555326339655,559.149832627582,550.324064229904,541.057007412344,531.326597753905,521.109667612544,510.381890964115,499.117725483264,487.290351728371,474.871609285734,461.831929720964,448.140266177956,433.764019457798,418.668960401632,402.819148392657,386.176845783234,368.70242804334,350.35428941645,331.088743858217,310.859921022071,289.619657044119,267.317379867269,243.918411469986,221.228214000445,197.403506657427,172.387563947258,146.12082410158,118.540747263619,89.5816665837598,59.1746318699075,,,,,,,,,,,,,,,,,,,,,,,21.4680945157458,21.3614702058587,19.6900458815636,15.2097194660889,9.75331224618388,5.71523632627255,3.61460939537598,2.85674730002326,2.89873205469575,3.49923863483948,4.59128952969981,6.16651297935237,8.22413164679026,10.7416092054974,13.6347531988036,16.7266468544044,19.7612420028751,22.4657016692584,24.6256960832398,26.130678523316,26.9736916553238,27.2204918755655,26.9723004855794,26.3381710046214,25.4210345550117,24.3137244408569,23.0983324465161,21.8445500543824,20.6076011534078,19.4284910483237,18.3370396853989,17.3545020166232,16.4920236147908,15.7498060423531,15.1201777685391,14.5909149760002,14.1483025822117,13.7789770119635,13.4697104280949,,,,,,,,,,,,,,,,,,,,,,
263615.437883381,3843044.58900041,627.933958381985,L1_1,878,627.933958381985,622.506738518722,616.808157662295,610.824647763048,604.541962368837,597.945142704917,591.0184820578,583.745488378327,576.108845014881,568.090369483262,559.670970175063,550.830600901453,541.548213164163,531.801706040009,521.567873559646,510.822349455266,499.539549145667,487.692608820587,475.253321479254,462.192069770854,448.477755477034,434.077725468523,418.957693959587,403.081660875204,386.411826136601,368.908499661069,350.530006861759,331.232589422485,310.970301111246,289.694898384446,267.355725521305,243.918411469986,221.228214000445,197.403506657427,172.387563947258,146.12082410158,118.540747263619,89.5816665837598,59.1746318699075,,,,,,,,,,,,,,,,,,,,,,,23.3876102620428,23.0619432451097,20.6657978904104,15.3689467655908,9.49899790763557,5.36459803116617,3.2814548786495,2.54928151217542,2.6003913172724,3.2020687810471,4.30066827882613,5.89420542204767,7.98047917165302,10.53222990939,13.4595091860336,16.5784809155705,19.6262309366814,22.3259063673797,24.4638838641283,25.9345715052181,26.7381247156327,26.9473216843371,26.6688059458214,26.0148808238719,25.0896521398953,23.9854819886344,22.7828766013949,21.5493490358792,20.3377951481239,19.187035723278,18.1249979343064,17.171407413953,16.3360793305062,15.6183798874585,15.0103891347717,14.4998366828248,14.0730964459457,13.716993093758,13.4185624222493,,,,,,,,,,,,,,,,,,,,,,
263620.805981205,3843048.26486997,628.567840023151,L1_1,884.5,628.567840023151,623.131656488639,617.423663777402,611.430271430603,605.137209466464,598.529494404118,591.591393588655,584.306387732418,576.65713158337,568.625412626869,560.192107722544,551.337137573002,542.039418915983,532.276814326113,522.026079506749,511.262807946417,499.961372808069,488.094865912803,475.635033672774,462.552209820744,448.815244776112,434.391431479249,419.246427517542,403.34417335775,386.646806489968,369.114571278797,350.705724307068,331.376434986752,311.080681200421,289.770139724773,267.394071175342,243.918411469986,221.228214000445,197.403506657427,172.387563947258,146.12082410158,118.540747263619,89.5816665837598,59.1746318699075,,,,,,,,,,,,,,,,,,,,,,,28.169626443151,27.3111589504098,23.419353918252,16.5068403566,9.69811620871442,5.2182380843659,3.05348749006847,2.30810668240916,2.34868922353992,2.93729794596419,4.03107519638784,5.63540068039801,7.74698796888791,10.3330091908305,13.2967129335967,16.4464009035672,19.5113124688143,22.2096689605438,24.3279611459624,25.7653543598049,26.5292170591463,26.6996013265407,26.3888608366952,25.7128093110416,24.776945454872,23.6733306974012,22.4810194588375,21.2654340376656,20.0771987618638,18.9529732329424,17.9187933094433,16.9928522177108,16.183629775017,15.4896291891773,14.9026335296657,14.4102827781727,13.9990071462663,13.6557986516226,13.3679441035036,,,,,,,,,,,,,,,,,,,,,,
263625.761148427,3843051.65798033,629.480717867831,L1_1,890.5,629.480717867831,624.031625398341,618.310078305377,612.302453857765,605.994448187772,599.37104223428,592.416465983112,585.114160919387,577.446740602475,569.395949269718,560.942618370323,552.066620925958,542.746823609375,532.961036426962,522.685959885429,511.89712951682,500.56885762978,488.674172148388,476.184752392926,463.070861649691,449.301276369295,434.843211824878,419.662244053241,403.722227893022,386.985210924792,369.411343108151,350.958781900677,331.58359263283,311.23964390159,289.878497733789,267.449294257597,243.918411469986,221.228214000445,197.403506657427,172.387563947258,146.12082410158,118.540747263619,89.5816665837598,59.1746318699075,,,,,,,,,,,,,,,,,,,,,,,31.7702449562692,31.0780197567282,26.5528941064101,18.1624167047027,10.2906002137698,5.31147842028593,2.96796504672849,2.16238829737953,2.16987655155005,2.7316153361913,3.81017641987148,5.41815880081713,7.55133476182804,10.1701078784142,13.1694399454955,16.3488219684926,19.4292403190237,22.1239860141491,24.219924591954,25.6213098340632,26.3429485927663,26.472229328563,26.1271747001699,25.4270361453241,24.4786472959319,23.3737519265998,22.1899650971698,20.9906562374601,19.8242068032412,18.7251324974019,17.7176010704906,16.8182897499018,16.0343328428591,15.3633459323945,14.7967901129889,14.322188512499,13.9260065252948,13.5953894622269,13.3178659175016,,,,,,,,,,,,,,,,,,,,,,
263631.12924625,3843055.33384989,630.671481787025,L1_1,897,630.671481787025,625.205550817076,619.46632329863,613.440134404261,607.112636065174,600.468762809132,593.492695890289,586.167825625503,578.476711847478,570.401042380552,561.92158944028,553.018163852994,543.669566986343,533.85354027636,523.546712230878,512.724542783122,501.361264862978,489.429823046827,476.901809139868,463.747394537562,449.935259205139,435.432517106096,420.204637902101,404.215364737906,387.426627915501,369.798454251976,351.288871905275,331.853810441239,311.446995904,290.0198406399,267.521327612595,243.918411469986,221.228214000445,197.403506657427,172.387563947258,146.12082410158,118.540747263619,89.5816665837598,59.1746318699075,,,,,,,,,,,,,,,,,,,,,,,33.132457693728,33.2644479179906,29.206257576516,19.8987057409222,11.1179996566944,5.59695382775275,3.00768801448713,2.10311751459539,2.05922472308385,2.58348615818768,3.63824080587387,5.24312009596911,7.39377636151572,10.0432423180593,13.0769353724841,16.2846564634912,19.3787460134708,22.0675181800299,24.1384141190751,25.5010774921985,26.1779830847413,26.2639312731626,25.8825773193788,25.1565297090129,24.1938858419143,23.0860388683049,21.9091637639205,20.7246057508915,19.5785268362383,18.5033144719954,17.5212913141135,16.6476371669256,15.8881354399968,15.2394950983706,14.6928340029875,14.2355349055715,13.8540789665523,13.5357515908001,13.2683152054143,,,,,,,,,,,,,,,,,,,,,,
263636.084413351,3843058.7269599,631.862245706219,L1_1,903,631.862245706219,626.379476235811,620.622568291882,614.577814950757,608.230823942576,601.566483383985,594.568925797466,587.22149033162,579.506683092482,571.406135491387,562.900560510237,553.96970678003,544.592310363312,534.746044125758,524.407464576327,513.551956049424,502.153672096177,490.185473945266,477.61886588681,464.423927425432,450.569242040984,436.021822387314,420.747031750961,404.70850158279,387.86804490621,370.185565395802,351.618961909873,332.124028249647,311.654347906411,290.161183546012,267.593360967594,243.918411469986,221.228214000445,197.403506657427,172.387563947258,146.12082410158,118.540747263619,89.5816665837598,59.1746318699075,,,,,,,,,,,,,,,,,,,,,,,39.720560008171,38.8864491538653,32.7627849322508,21.8777068790215,12.1399302113838,6.03354767795583,3.14640199566612,2.11248955519187,2.00446721863995,2.48569685007894,3.51284374002211,5.11175061644723,7.2783808328285,9.95767628406251,13.024165636803,16.2571331416766,19.3602606377946,22.0375095605927,24.0778392480848,25.3971137063082,26.0258737143459,26.0662836343582,25.6473162215617,24.8945639759355,23.9170900461746,22.8057478004539,21.6351882859835,20.4647131803963,19.338283588318,18.2861967320478,17.3289628516978,16.480294214513,15.7446476421352,15.1178308019298,14.5906155174815,14.1502367336316,13.7831816345085,13.4768703656609,13.2192954432358,,,,,,,,,,,,,,,,,,,,,,
263641.452510911,3843062.40282871,633.053009625413,L1_1,909.5,633.053009625413,627.553401654545,621.778813285134,615.715495497253,609.349011819978,602.664203958838,595.645155704642,588.275155037736,580.536654337485,572.411228602221,563.879531580194,554.921249707065,545.51505374028,535.638547975156,525.268216921776,514.379369315727,502.946079329375,490.941124843706,478.335922633753,465.100460313302,451.203224876829,436.611127668533,421.289425599821,405.201638427674,388.30946189692,370.572676539627,351.949051914471,332.394246058056,311.861699908821,290.302526452124,267.665394322592,243.918411469986,221.228214000445,197.403506657427,172.387563947258,146.12082410158,118.540747263619,89.5816665837598,59.1746318699075,,,,,,,,,,,,,,,,,,,,,,,55.2934816307456,50.3623705666104,38.2507603924533,24.5656866906632,13.4984938235463,6.64330018808618,3.37656480204199,2.17696746511805,1.99121440130338,2.42435855797464,3.42093212229506,5.0116042875522,7.19305840188007,9.90169832382006,13.000009425706,16.255997999644,19.364652875227,22.0261111961944,24.0316599043611,25.304100822755,25.8823799788132,25.87595756133,25.4188136010078,24.6391710506294,23.6467811596339,22.5317897632138,21.3672572175459,20.210436123814,19.103116944726,18.0735534535731,17.1404822091778,16.3161801156419,15.6038169930667,14.9983190231355,14.4901108627803,14.0662750280534,13.7132977709666,13.418730648903,13.1707929802132,,,,,,,,,,,,,,,,,,,,,,
263646.40767789,3843065.79593837,634.322473856618,L1_1,915.5,634.322473856618,628.804914490268,623.0114771556,616.928367954199,610.541103292727,603.834475398182,596.79251610891,589.398458855174,581.634698738752,573.482750616508,564.923205088152,555.935682283378,546.498783338366,536.590039446103,526.185858359227,515.261468218007,503.790858569726,491.746718439031,479.100371301801,465.82170680771,451.879109088914,437.239381484178,421.867667499206,405.727367814985,388.780053146553,370.985372744699,352.300958322753,332.682323179709,312.082756279513,290.453211034307,267.742188526842,243.918411469986,221.228214000445,197.403506657427,172.387563947258,146.12082410158,118.540747263619,89.5816665837598,59.1746318699075,,,,,,,,,,,,,,,,,,,,,,,61.6612100659318,56.5010077476732,43.202027380154,27.7441961610709,15.2129651353479,7.42545210271502,3.68127721651298,2.27605150932368,1.99892276410591,2.37979911994025,3.34444681807702,4.92689540743687,7.12465566372498,9.86460962614087,12.9954113420518,16.2726528063421,19.3827147306574,22.0229874371126,23.9885574404253,25.2103485656045,25.7361883551249,25.6826345662013,25.188121420764,24.3829097311117,23.3769821078028,22.2595032558323,21.1018244907471,19.9591356497558,18.8711063289848,17.8640171406737,16.9549023468213,16.1546672530101,15.4652430043072,14.8807081936803,14.3911649693933,13.9835580182585,13.644379343477,13.3613141601888,13.1228082213382,,,,,,,,,,,,,,,,,,,,,,
263651.775775451,3843069.47180718,635.670474539332,L1_1,922,635.670474539332,630.133853199614,624.32040079291,618.216275765871,611.806944487479,605.077146645168,598.010858910742,590.591256789594,582.800674562389,574.620563223824,566.03144631833,557.012873567562,547.543372179255,537.600395721533,527.160270440925,516.198138896286,504.687900774416,492.602150746452,479.912113217089,466.587573811259,452.596807435137,437.906502740209,422.481682810535,406.285621884377,389.279757911911,371.423600740821,352.674635711177,332.988222430052,312.317488484869,290.613217842428,267.823733667864,243.918411469986,221.228214000445,197.403506657427,172.387563947258,146.12082410158,118.540747263619,89.5816665837598,59.1746318699075,,,,,,,,,,,,,,,,,,,,,,,55.4342531345479,54.9225684636044,46.8939845061673,31.3623005654278,17.3519215184423,8.4133499316982,4.06249798615767,2.40110397236325,2.01657122475026,2.34040477697,3.2712563881198,4.84473257693048,7.05953603088359,9.83236931813476,12.9963279465423,16.2934157114151,19.4015406080544,22.0164837471835,23.9385279631198,25.1076896654566,25.5809137373629,25.4814938587671,24.9516960202139,24.1232292635754,23.1058901475511,21.9876368274048,20.8380391325081,19.7102476323601,18.6418885955588,17.6573625244269,16.7720884547692,15.9956750874613,15.3288761135863,14.7649659269015,14.2937535659477,13.9020653955067,13.5764086621947,13.3046049459168,13.0753266710866,,,,,,,,,,,,,,,,,,,,,,
263656.730942308,3843072.8649165,637.018475222046,L1_1,928,637.018475222046,631.46279190896,625.62932443022,619.504183577543,613.072785682231,606.319817892154,599.229201712574,591.784054724014,583.966650386027,575.75837583114,567.139687548508,558.090064851745,548.587961020144,538.610751996963,528.134682522623,517.134809574566,505.584942979105,493.457583053872,480.723855132378,467.353440814808,453.31450578136,438.57362399624,423.095698121864,406.843875953768,389.779462677268,371.861828736943,353.048313099602,333.294121680394,312.552220690225,290.773224650548,267.905278808887,243.918411469986,221.228214000445,197.403506657427,172.387563947258,146.12082410158,118.540747263619,89.5816665837598,59.1746318699075,,,,,,,,,,,,,,,,,,,,,,,56.4816620277849,57.0641162926305,50.6730321227272,34.940319117438,19.5950590109337,9.46639364856885,4.45909046346164,2.52126863806993,2.02476990106664,2.29132544500716,3.18823815377071,4.75216996516094,6.98395650635436,9.79005760118581,12.9866873367981,16.3012608889029,19.403508374808,21.9889529207592,23.8646179101554,24.980537835041,25.4028190992687,25.2608782806258,24.6999648079813,23.8524883040179,22.8275528855901,21.7116567155437,20.5725196862138,19.4613020659781,18.4136962663225,17.4523509589343,16.5911938977069,15.8386414942069,15.1943512429789,14.6508599662271,14.1977326860186,13.8217109612396,13.5093394143082,13.2485849272108,13.0283490880759,,,,,,,,,,,,,,,,,,,,,,
263662.099039605,3843076.54078456,638.36647590476,L1_1,934.5,638.36647590476,632.791730618306,626.93824806753,620.792091389214,614.338626876983,607.562489139141,600.447544514406,592.976852658434,585.132626209664,576.896188438455,568.247928778686,559.167256135929,549.632549861033,539.621108272393,529.109094604321,518.071480252845,506.481985183795,494.313015361293,481.535597047666,468.119307818357,454.032204127583,439.240745252271,423.709713433192,407.40213002316,390.279167442626,372.300056733066,353.421990488027,333.600020930737,312.786952895582,290.933231458669,267.98682394991,243.918411469986,221.228214000445,197.403506657427,172.387563947258,146.12082410158,118.540747263619,89.5816665837598,59.1746318699075,,,,,,,,,,,,,,,,,,,,,,,65.8293495521828,63.8448441091598,54.4746673324758,37.947405919419,21.5776855808328,10.4303972833261,4.81697098410565,2.61762889055905,2.01705692465385,2.23118126578525,3.09593801694595,4.64908359728844,6.8947056485075,9.73007842983186,12.9546724840601,16.2813631786555,19.3725099519056,21.9247474258998,23.752970944773,24.8175164235349,25.1931018359501,25.0142714677611,24.4282568466601,23.5674178393948,22.5397268230141,21.4300530388059,20.3042732501767,19.2116660372227,18.1861440609681,17.2487621937867,16.4120999385175,15.6834960584306,15.0616185846842,14.5383551446481,14.1030761008818,13.7424728159328,13.4431522189414,13.1932367018111,12.981859797401,,,,,,,,,,,,,,,,,,,,,,
263667.054206341,3843079.93389353,639.465572340195,L1_1,940.5,639.465572340195,633.875284816078,628.005482915755,621.842190920416,615.37073432531,608.575704900449,601.440924004345,593.949404063435,586.08330812548,577.823907390627,569.151536619031,560.045547308856,550.484258533172,540.444905318704,529.903584443512,518.835197524561,507.213391259662,495.010494681518,482.197453274467,468.743759797064,454.61738164579,439.784684586953,424.210352675174,407.857304167805,390.686603235069,372.657367255695,353.726669477353,333.849436810094,312.978342509472,291.063693493819,268.053312027383,243.918411469986,221.228214000445,197.403506657427,172.387563947258,146.12082410158,118.540747263619,89.5816665837598,59.1746318699075,,,,,,,,,,,,,,,,,,,,,,,66.5842582491749,64.7798033955236,56.0303595339134,39.7649293217141,22.892521949579,11.0932934357066,5.05433327359279,2.66328490968522,1.98601192998639,2.15976319854217,2.99682986969001,4.53751757475544,6.79038505552523,9.64571295546323,12.8881829374058,16.2175599445249,19.2902491555913,21.8053560306056,23.5863311039053,24.6034956035688,24.939075062732,24.7313747737942,24.1284161536312,23.2616854180196,22.237586717226,21.139211924626,20.0306369850919,18.9594127076111,17.9578636363166,17.0456470630493,16.2341644528672,15.529808614052,14.9303933676977,14.4272677194602,14.0096698208374,13.6642856269299,13.377813637301,13.1385487129851,12.9358616599816,,,,,,,,,,,,,,,,,,,,,,
263672.422303638,3843083.60976159,640.315917763673,L1_1,947,640.315917763673,634.713605570709,628.831177768096,622.654628575353,616.169251922972,609.359606437973,602.209478678723,594.701844531511,586.818828676938,578.541662029637,569.850637049971,560.725060821321,551.143205781239,541.082257989152,530.518262807462,519.426067866687,507.779263178873,495.550118256668,482.709516088353,469.226883811623,455.070119921056,440.20551783596,424.59768564661,408.209461847792,391.001826859034,372.933810120837,353.962392545731,334.042404091869,313.126416215314,291.164628944932,268.10475231103,243.918411469986,221.228214000445,197.403506657427,172.387563947258,146.12082410158,118.540747263619,89.5816665837598,59.1746318699075,,,,,,,,,,,,,,,,,,,,,,,57.7436897356722,59.2992575726772,55.437927728875,40.6013510891934,23.6138124304974,11.4537440407364,5.16568549911576,2.66150926397341,1.9392373001266,2.08654313787292,2.90155334851859,4.42813635777632,6.67955035240955,9.54137272267264,12.7865750484564,16.1045418429954,19.148149949245,21.6207892913053,23.3549645587293,24.3300674487361,24.6340767789483,24.4072314318371,23.7969203952083,22.9328713047822,21.919511423685,20.83806823469,19.7509216470777,18.7041014805718,17.72857584507,16.8428287158668,16.0572740055509,15.3775043900481,14.8006240929172,14.3175592064711,13.9174829923347,13.5871241829894,13.3133017729281,13.0845013622321,12.8903374034258,,,,,,,,,,,,,,,,,,,,,,
263677.377470252,3843087.00287022,641.166263187152,L1_1,953,641.166263187152,635.55192632534,629.656872620437,623.467066230289,616.967769520634,610.143507975496,602.978033353101,595.454284999587,587.554349228397,579.259416668647,570.54973748091,561.404574333786,551.802153029305,541.719610659601,531.132941171411,520.016938208812,508.345135098083,496.089741831818,483.221578902239,469.710007826182,455.522858196321,440.626351084968,424.985018618047,408.561619527779,391.317050482999,373.210252985979,354.198115614108,334.235371373644,313.274489921157,291.265564396045,268.156192594678,243.918411469986,221.228214000445,197.403506657427,172.387563947258,146.12082410158,118.540747263619,89.5816665837598,59.1746318699075,,,,,,,,,,,,,,,,,,,,,,,58.5263089985793,60.279613988986,56.4515971569766,41.1721897074848,23.8334866585825,11.5182967307675,5.15938085090362,2.62479626876845,1.88848039024981,2.02209569866021,2.82010069167728,4.33007507784904,6.56918500894246,9.4205017350706,12.6491422061739,15.9378721945896,18.9392668884803,21.363090283905,23.0511551892768,23.9904645476087,24.2725209643291,24.0373883779657,23.4302810065203,22.578271207466,21.5834165050322,20.525023295708,19.4639113241374,18.4448084212195,17.4975808207773,16.6397810551661,15.8810385567372,15.2263094685388,14.6721293793442,14.2091133425307,13.826443681496,13.5109468759116,13.2495992541618,13.0310942659394,12.8452971510709,,,,,,,,,,,,,,,,,,,,,,
263682.745567285,3843090.67873752,642.016608610629,L1_1,959.5,642.016608610629,636.39024707997,630.482567472778,624.279503885226,617.766287118296,610.92740951302,603.74658802748,596.206725467663,588.289869779855,579.977171307657,571.248837911849,562.08408784625,552.461100277372,542.356963330049,531.747619535361,520.607808550938,508.911007017294,496.629365406968,483.733641716125,470.193131840741,455.975596471587,441.047184333975,425.372351589483,408.913777207766,391.632274106963,373.486695851121,354.433838682486,334.428338655419,313.422563626999,291.366499847158,268.207632878325,243.918411469986,221.228214000445,197.403506657427,172.387563947258,146.12082410158,118.540747263619,89.5816665837598,59.1746318699075,,,,,,,,,,,,,,,,,,,,,,,72.1364965502296,70.1107986447882,60.0961476958297,41.8760477909336,23.7129856901537,11.3508300742474,5.06530426757214,2.5706511674719,1.84578956390218,1.97631576354779,2.76183318489252,4.25244142394755,6.46734689518143,9.28887806060616,12.4784629866145,15.7167984038606,18.6602365277743,21.0274865294404,22.6698807589876,23.5802008102148,23.8508075873695,23.6191654670767,23.026612080397,22.1966136896295,21.228471859455,20.1995465419763,19.1692688330771,18.1813155038497,17.2647300295251,16.4363948462161,15.705373056308,15.0761596507288,14.5448610863826,14.1018909797363,13.7365190757095,13.4357251765295,13.1866813083583,12.9783061823265,12.8007222895202,,,,,,,,,,,,,,,,,,,,,,
263687.700733778,3843094.0718458,642.778370765447,L1_1,965.5,642.778370765447,637.141237215089,631.222246987213,625.007307247943,618.48162052171,611.629649459166,604.435079843494,596.880781747038,588.94876874576,580.620155094417,571.875110760508,562.692814209903,553.051402831768,542.927920884726,532.298264840332,521.137125993718,509.417930204774,497.112774626383,484.192361269071,470.625927243895,456.381171517459,441.424178004702,425.719334816307,409.229249468492,391.914659853286,373.73434075732,354.645005706556,334.601203903253,313.555212009786,291.456920521645,268.253714459097,243.918411469986,221.228214000445,197.403506657427,172.387563947258,146.12082410158,118.540747263619,89.5816665837598,59.1746318699075,,,,,,,,,,,,,,,,,,,,,,,73.2308327081272,71.1051292817393,60.1982339896641,41.110777622314,22.9948168590795,10.9813538607903,4.92902945142393,2.52564215020089,1.82713172326709,1.96079784978704,2.73606191950869,4.20224949075735,6.37805640235659,9.14714758049282,12.2722450199801,15.4372869283032,18.3067558506411,20.6105314422916,22.2089716964819,23.098229228396,23.368608289479,23.152563812524,22.5859917510081,21.7879304419188,20.8546329514954,19.8615331968699,18.8668524638056,17.9134725495598,17.0298822065361,16.2325462328266,15.5301760714418,14.9269729619774,14.4187572840791,13.9958510788562,13.647687138036,13.3614539497985,13.1245533437839,12.9261486319558,12.7566287102408,,,,,,,,,,,,,,,,,,,,,,
263693.068830811,3843097.74771311,643.451859016759,L1_1,972,643.451859016759,637.805201721142,631.876211560746,625.650771892329,619.114060240491,612.250513006062,605.043788409911,597.476727583952,589.531313716696,581.188629156076,572.428810367426,563.231000639343,553.573300424857,543.432715199645,532.785100713174,521.605105502378,509.866110531043,497.540165811141,484.597923855244,471.008569801552,456.739748045176,441.757485200981,426.026109214575,409.50816442885,392.164322403839,373.953288277577,354.831702445001,334.754037320797,313.672488940383,291.536863140948,268.294456051542,243.918411469986,221.228214000445,197.403506657427,172.387563947258,146.12082410158,118.540747263619,89.5816665837598,59.1746318699075,,,,,,,,,,,,,,,,,,,,,,,60.1482343648486,61.7538134820039,55.8464123069877,38.5079270277951,21.5725224491948,10.3991315916077,4.75748386771664,2.49563435721778,1.83592936509765,1.97694869102787,2.742186190471,4.17695723292686,6.29725667332797,8.99027106510162,12.0249937247644,15.0939696098285,17.8740857025795,20.1083664340069,21.6654461107074,22.5423016970975,22.8242477300881,22.6363506604897,22.1075260933222,21.3515837936435,20.4614526804778,19.5106723050825,18.5564459601244,17.6411270792053,16.7929271251098,16.0281527073725,15.3553831223811,14.7786963913838,14.2937726305558,13.8909547496972,13.5599140202596,13.288103416179,13.0631891376788,12.8745987374204,12.7129968670186,,,,,,,,,,,,,,,,,,,,,,
263698.023997304,3843101.14082139,644.12534726807,L1_1,978,644.12534726807,638.469166227196,632.530176134278,626.294236536714,619.746499959272,612.871376552958,605.652496976328,598.072673420866,590.113858687632,581.757103217736,572.982509974344,563.769187068784,554.095198017945,543.937509514565,533.271936586015,522.073085011038,510.314290857312,497.9675569959,485.003486441417,471.39121235921,457.098324572892,442.090792397259,426.332883612844,409.787079389209,392.413984954391,374.172235797833,355.018399183447,334.906870738341,313.789765870981,291.616805760252,268.335197643986,243.918411469986,221.228214000445,197.403506657427,172.387563947258,146.12082410158,118.540747263619,89.5816665837598,59.1746318699075,,,,,,,,,,,,,,,,,,,,,,,61.6972385933365,61.8439046975988,53.4699034685902,35.8136564772936,19.9630576191162,9.76716905837165,4.60331027203425,2.49966992848421,1.88040068853572,2.02788926425441,2.77933493972033,4.17233696184173,6.21866111702212,8.81151464148637,11.7311045720806,14.6837343097593,17.3623249256595,19.5240427457712,21.0443027231882,21.9181465250783,22.2231977032834,22.0751675817743,21.5948276314855,20.8902106286019,20.0507559694391,19.1481706741335,18.2388208780416,17.3647572820367,16.5541554717003,15.823387998022,15.1810976286686,14.6313981221937,14.1699568728596,13.7872408697383,13.473233491754,13.2157035608634,13.0026169373477,12.8236838367638,12.6698514338215,,,,,,,,,,,,,,,,,,,,,,
263703.392094338,3843104.81668869,644.798835519382,L1_1,984.5,644.798835519382,639.13313073325,633.184140707811,626.9377011811,620.378939678053,613.492240099854,606.261205542745,598.668619257781,590.696403658568,582.325577279395,573.536209581263,564.307373498224,554.617095611034,544.442303829484,533.758772458856,522.541064519698,510.762471183581,498.394948180658,485.40904902759,471.773854916867,457.456901100609,442.424099593538,426.639658011113,410.065994349567,392.663647504944,374.391183318089,355.205095921892,335.059704155885,313.907042801578,291.696748379555,268.375939236431,243.918411469986,221.228214000445,197.403506657427,172.387563947258,146.12082410158,118.540747263619,89.5816665837598,59.1746318699075,,,,,,,,,,,,,,,,,,,,,,,79.7413798619223,71.5023589085262,52.3508973851719,32.7165228532661,18.0685072809465,9.04329753206618,4.44673497885324,2.52811192205084,1.95396775768155,2.10615294531476,2.83748265639855,4.17622616705684,6.1297494145793,8.5998201679037,11.3822143328638,14.2014408676009,16.7692874503106,18.8574283182756,20.3464043723099,21.2268303188506,21.566325564601,21.4695732831529,21.0481868374599,20.4039172440509,19.6225437374185,18.7739801760354,17.9139140245894,17.0843026227905,16.3135165550972,15.6182119700666,15.0072856258297,14.485040785597,14.0472682503455,13.6846695343255,13.3876094492745,13.1442225958035,12.9428087990327,12.7733794567108,12.6271716201505,,,,,,,,,,,,,,,,,,,,,,
263708.34726083,3843108.20979698,645.135301610816,L1_1,990.5,645.135301610816,639.464838883714,633.510853020258,627.259167863629,620.694898449169,613.802415563985,606.565308534542,598.966346153628,590.987435653667,582.609579628708,573.812830802502,564.576244534985,554.877828954092,544.694492594155,534.001989416221,522.77486107939,510.986376325717,498.608467334361,485.611662893437,471.965018230467,457.636041334348,442.590615593424,426.792918565453,410.205336686084,392.788375712746,374.500566690741,355.298367217636,335.136057770876,313.965632851778,291.736686686725,268.396293213419,243.918411469986,221.228214000445,197.403506657427,172.387563947258,146.12082410158,118.540747263619,89.5816665837598,59.1746318699075,,,,,,,,,,,,,,,,,,,,,,,93.687197094416,78.2425958918376,51.6851033756204,31.0587101457215,17.0815883213369,8.66245085622187,4.3615690202004,2.54287829046374,1.99405408031257,2.14822582140913,2.8670959017502,4.17493137706321,6.07763853181386,8.48204816089355,11.1925070153705,13.9432583413531,16.4557167568199,18.5085091549398,19.9841648496002,20.8705195263534,21.2297838956462,21.1609039559017,20.7708298534244,20.1581701951297,19.4069157623539,18.586139612859,17.751247881435,16.944204945609,16.1935256216538,15.5160467266144,14.9208223207989,14.4122718970372,13.9862764836943,13.6336766801728,13.3450322053444,13.108663837058,12.9130402178063,12.7483240690332,12.6058972509974,,,,,,,,,,,,,,,,,,,,,,
