X,Y,Z,LINE,STN_CORR,Elev_trim,Res_trim
264611.838266924,3843726.88363798,676.558252730483,L1_3,2084.5,676.558252730483,29.9443808798146
264611.838266924,3843726.88363798,676.558252730483,L1_3,2084.5,671.558252730483,27.4015248304541
264611.838266924,3843726.88363798,676.558252730483,L1_3,2084.5,666.308252730483,21.4141340465214
264611.838266924,3843726.88363798,676.558252730483,L1_3,2084.5,660.795752730483,14.9228877982655
264611.838266924,3843726.88363798,676.558252730483,L1_3,2084.5,655.007627730483,9.90005738695133
264611.838266924,3843726.88363798,676.558252730483,L1_3,2084.5,648.930096480483,6.91946540330605
264611.838266924,3843726.88363798,676.558252730483,L1_3,2084.5,642.548688667983,5.58288458725156
264611.838266924,3843726.88363798,676.558252730483,L1_3,2084.5,635.848210464858,5.30779100184842
264611.838266924,3843726.88363798,676.558252730483,L1_3,2084.5,628.812708351577,5.68314726438642
264611.838266924,3843726.88363798,676.558252730483,L1_3,2084.5,621.425431132631,6.42702177039461
264611.838266924,3843726.88363798,676.558252730483,L1_3,2084.5,613.668790052739,7.32187669694307
264611.838266924,3843726.88363798,676.558252730483,L1_3,2084.5,605.524316918852,8.21381871397432
264611.838266924,3843726.88363798,676.558252730483,L1_3,2084.5,596.97262012827,9.02089814616832
264611.838266924,3843726.88363798,676.558252730483,L1_3,2084.5,587.993338498159,9.71632785715089
264611.838266924,3843726.88363798,676.558252730483,L1_3,2084.5,578.565092786543,10.3014855018453
264611.838266924,3843726.88363798,676.558252730483,L1_3,2084.5,568.665434789346,10.7863750511418
264611.838266924,3843726.88363798,676.558252730483,L1_3,2084.5,558.270793892289,11.179513877711
264611.838266924,3843726.88363798,676.558252730483,L1_3,2084.5,547.35642095038,11.4834718250136
264611.838266924,3843726.88363798,676.558252730483,L1_3,2084.5,535.896329361374,11.6939247588029
264611.838266924,3843726.88363798,676.558252730483,L1_3,2084.5,523.863233192919,11.8016903735747
264611.838266924,3843726.88363798,676.558252730483,L1_3,2084.5,511.228482216041,11.7971706169984
264611.838266924,3843726.88363798,676.558252730483,L1_3,2084.5,497.961993690319,11.6757482367305
264611.838266924,3843726.88363798,676.558252730483,L1_3,2084.5,484.032180738311,11.4421440802863
264611.838266924,3843726.88363798,676.558252730483,L1_3,2084.5,469.405877138702,11.1121514113679
264611.838266924,3843726.88363798,676.558252730483,L1_3,2084.5,454.048258359113,10.7112808750328
264611.838266924,3843726.88363798,676.558252730483,L1_3,2084.5,437.922758640544,10.2711020506274
264611.838266924,3843726.88363798,676.558252730483,L1_3,2084.5,420.990983936047,9.82475937329728
264611.838266924,3843726.88363798,676.558252730483,L1_3,2084.5,403.212620496326,9.40302156007053
264611.838266924,3843726.88363798,676.558252730483,L1_3,2084.5,384.545338884618,9.03158049524768
264611.838266924,3843726.88363798,676.558252730483,L1_3,2084.5,364.944693192325,8.72966424266022
264611.838266924,3843726.88363798,676.558252730483,L1_3,2084.5,344.364015215417,8.5096424844877
264611.838266924,3843726.88363798,676.558252730483,L1_3,2084.5,322.754303339663,8.37725125828079
264611.838266924,3843726.88363798,676.558252730483,L1_3,2084.5,300.064105870122,8.33213002930133
264611.838266924,3843726.88363798,676.558252730483,L1_3,2084.5,276.239398527104,8.36862651268733
264611.838266924,3843726.88363798,676.558252730483,L1_3,2084.5,251.223455816935,8.47672521512056
264611.838266924,3843726.88363798,676.558252730483,L1_3,2084.5,224.956715971258,8.64297951888162
264611.838266924,3843726.88363798,676.558252730483,L1_3,2084.5,197.376639133297,8.85155996858276
264611.838266924,3843726.88363798,676.558252730483,L1_3,2084.5,168.417558453437,9.08542143694488
264611.838266924,3843726.88363798,676.558252730483,L1_3,2084.5,138.010523739585,9.32756588263126
264611.838266924,3843726.88363798,676.558252730483,L1_3,2084.5,106.08313729004,9.56231240636978
264611.838266924,3843726.88363798,676.558252730483,L1_3,2084.5,,
264611.838266924,3843726.88363798,676.558252730483,L1_3,2084.5,,
264611.838266924,3843726.88363798,676.558252730483,L1_3,2084.5,,
264611.838266924,3843726.88363798,676.558252730483,L1_3,2084.5,,
264611.838266924,3843726.88363798,676.558252730483,L1_3,2084.5,,
264611.838266924,3843726.88363798,676.558252730483,L1_3,2084.5,,
264611.838266924,3843726.88363798,676.558252730483,L1_3,2084.5,,
264611.838266924,3843726.88363798,676.558252730483,L1_3,2084.5,,
264611.838266924,3843726.88363798,676.558252730483,L1_3,2084.5,,
264611.838266924,3843726.88363798,676.558252730483,L1_3,2084.5,,
264611.838266924,3843726.88363798,676.558252730483,L1_3,2084.5,,
264611.838266924,3843726.88363798,676.558252730483,L1_3,2084.5,,
264611.838266924,3843726.88363798,676.558252730483,L1_3,2084.5,,
264611.838266924,3843726.88363798,676.558252730483,L1_3,2084.5,,
264611.838266924,3843726.88363798,676.558252730483,L1_3,2084.5,,
264611.838266924,3843726.88363798,676.558252730483,L1_3,2084.5,,
264611.838266924,3843726.88363798,676.558252730483,L1_3,2084.5,,
264611.838266924,3843726.88363798,676.558252730483,L1_3,2084.5,,
264611.838266924,3843726.88363798,676.558252730483,L1_3,2084.5,,
264611.838266924,3843726.88363798,676.558252730483,L1_3,2084.5,,
264611.838266924,3843726.88363798,676.558252730483,L1_3,2084.5,,
264616.793422387,3843730.27671481,676.720942364278,L1_3,2090.5,676.720942364278,25.4977001810126
264616.793422387,3843730.27671481,676.720942364278,L1_3,2090.5,671.718641782753,23.7101850018618
264616.793422387,3843730.27671481,676.720942364278,L1_3,2090.5,666.466226172152,18.8142314718257
264616.793422387,3843730.27671481,676.720942364278,L1_3,2090.5,660.95118978102,13.0359711708706
264616.793422387,3843730.27671481,676.720942364278,L1_3,2090.5,655.160401570332,8.59033416033846
264616.793422387,3843730.27671481,676.720942364278,L1_3,2090.5,649.080073949109,6.02467415664649
264616.793422387,3843730.27671481,676.720942364278,L1_3,2090.5,642.695729946826,4.94243085416428
264616.793422387,3843730.27671481,676.720942364278,L1_3,2090.5,635.992168744428,4.81916427843189
264616.793422387,3843730.27671481,676.720942364278,L1_3,2090.5,628.95342948191,5.29958308808553
264616.793422387,3843730.27671481,676.720942364278,L1_3,2090.5,621.562753256267,6.13292240966822
264616.793422387,3843730.27671481,676.720942364278,L1_3,2090.5,613.802543219341,7.1101311997237
264616.793422387,3843730.27671481,676.720942364278,L1_3,2090.5,605.654322680569,8.0741342210968
264616.793422387,3843730.27671481,676.720942364278,L1_3,2090.5,597.098691114858,8.93874364685819
264616.793422387,3843730.27671481,676.720942364278,L1_3,2090.5,588.115277970862,9.67633652670555
264616.793422387,3843730.27671481,676.720942364278,L1_3,2090.5,578.682694169666,10.2904841820301
264616.793422387,3843730.27671481,676.720942364278,L1_3,2090.5,568.77848117841,10.7946469946725
264616.793422387,3843730.27671481,676.720942364278,L1_3,2090.5,558.379057537591,11.2006331170629
264616.793422387,3843730.27671481,676.720942364278,L1_3,2090.5,547.459662714732,11.5133887342705
264616.793422387,3843730.27671481,676.720942364278,L1_3,2090.5,535.994298150729,11.72985759137
264616.793422387,3843730.27671481,676.720942364278,L1_3,2090.5,523.955665358526,11.8412080035994
264616.793422387,3843730.27671481,676.720942364278,L1_3,2090.5,511.315100926714,11.8376782042656
264616.793422387,3843730.27671481,676.720942364278,L1_3,2090.5,498.04250827331,11.7144248994345
264616.793422387,3843730.27671481,676.720942364278,L1_3,2090.5,484.106285987237,11.4762350296794
264616.793422387,3843730.27671481,676.720942364278,L1_3,2090.5,469.473252586859,11.1394075253009
264616.793422387,3843730.27671481,676.720942364278,L1_3,2090.5,454.108567516463,10.7303225144897
264616.793422387,3843730.27671481,676.720942364278,L1_3,2090.5,437.975648192547,10.2815703114166
264616.793422387,3843730.27671481,676.720942364278,L1_3,2090.5,421.036082902435,9.82723755479313
264616.793422387,3843730.27671481,676.720942364278,L1_3,2090.5,403.249539347818,9.39879565462602
264616.793422387,3843730.27671481,676.720942364278,L1_3,2090.5,384.57366861547,9.02234332044722
264616.793422387,3843730.27671481,676.720942364278,L1_3,2090.5,364.964004346504,8.71724449996153
264616.793422387,3843730.27671481,676.720942364278,L1_3,2090.5,344.37385686409,8.49579845665377
264616.793422387,3843730.27671481,676.720942364278,L1_3,2090.5,322.754303339663,8.36353525955482
264616.793422387,3843730.27671481,676.720942364278,L1_3,2090.5,300.064105870122,8.31977872040743
264616.793422387,3843730.27671481,676.720942364278,L1_3,2090.5,276.239398527104,8.35852295672728
264616.793422387,3843730.27671481,676.720942364278,L1_3,2090.5,251.223455816935,8.46942432930112
264616.793422387,3843730.27671481,676.720942364278,L1_3,2090.5,224.956715971258,8.63872706217337
264616.793422387,3843730.27671481,676.720942364278,L1_3,2090.5,197.376639133297,8.85032402616051
264616.793422387,3843730.27671481,676.720942364278,L1_3,2090.5,168.417558453437,9.08693245036044
264616.793422387,3843730.27671481,676.720942364278,L1_3,2090.5,138.010523739585,9.33136882357746
264616.793422387,3843730.27671481,676.720942364278,L1_3,2090.5,106.08313729004,9.56783033853026
264616.793422387,3843730.27671481,676.720942364278,L1_3,2090.5,,
264616.793422387,3843730.27671481,676.720942364278,L1_3,2090.5,,
264616.793422387,3843730.27671481,676.720942364278,L1_3,2090.5,,
264616.793422387,3843730.27671481,676.720942364278,L1_3,2090.5,,
264616.793422387,3843730.27671481,676.720942364278,L1_3,2090.5,,
264616.793422387,3843730.27671481,676.720942364278,L1_3,2090.5,,
264616.793422387,3843730.27671481,676.720942364278,L1_3,2090.5,,
264616.793422387,3843730.27671481,676.720942364278,L1_3,2090.5,,
264616.793422387,3843730.27671481,676.720942364278,L1_3,2090.5,,
264616.793422387,3843730.27671481,676.720942364278,L1_3,2090.5,,
264616.793422387,3843730.27671481,676.720942364278,L1_3,2090.5,,
264616.793422387,3843730.27671481,676.720942364278,L1_3,2090.5,,
264616.793422387,3843730.27671481,676.720942364278,L1_3,2090.5,,
264616.793422387,3843730.27671481,676.720942364278,L1_3,2090.5,,
264616.793422387,3843730.27671481,676.720942364278,L1_3,2090.5,,
264616.793422387,3843730.27671481,676.720942364278,L1_3,2090.5,,
264616.793422387,3843730.27671481,676.720942364278,L1_3,2090.5,,
264616.793422387,3843730.27671481,676.720942364278,L1_3,2090.5,,
264616.793422387,3843730.27671481,676.720942364278,L1_3,2090.5,,
264616.793422387,3843730.27671481,676.720942364278,L1_3,2090.5,,
264616.793422387,3843730.27671481,676.720942364278,L1_3,2090.5,,
264622.161507473,3843733.95254803,677.046542315494,L1_3,2097.0,677.046542315494,18.5432046797928
264622.161507473,3843733.95254803,677.046542315494,L1_3,2097.0,672.039637450248,17.8609729078984
264622.161507473,3843733.95254803,677.046542315494,L1_3,2097.0,666.78238734174,14.3846144270591
264622.161507473,3843733.95254803,677.046542315494,L1_3,2097.0,661.262274727807,9.56217622885359
264622.161507473,3843733.95254803,677.046542315494,L1_3,2097.0,655.466156483177,6.15874203067301
264622.161507473,3843733.95254803,677.046542315494,L1_3,2097.0,649.380232326315,4.38535356873691
264622.161507473,3843733.95254803,677.046542315494,L1_3,2097.0,642.990011961611,3.76630896706028
264622.161507473,3843733.95254803,677.046542315494,L1_3,2097.0,636.280280578671,3.90209357956864
264622.161507473,3843733.95254803,677.046542315494,L1_3,2097.0,629.235062626584,4.55648037106289
264622.161507473,3843733.95254803,677.046542315494,L1_3,2097.0,621.837583776893,5.54359540409204
264622.161507473,3843733.95254803,677.046542315494,L1_3,2097.0,614.070230984717,6.67120669067945
264622.161507473,3843733.95254803,677.046542315494,L1_3,2097.0,605.914510552932,7.77336485657194
264622.161507473,3843733.95254803,677.046542315494,L1_3,2097.0,597.351004099559,8.75210115960969
264622.161507473,3843733.95254803,677.046542315494,L1_3,2097.0,588.359322323516,9.57552493755638
264622.161507473,3843733.95254803,677.046542315494,L1_3,2097.0,578.918056458671,10.2501191240642
264622.161507473,3843733.95254803,677.046542315494,L1_3,2097.0,569.004727300585,10.7955964458207
264622.161507473,3843733.95254803,677.046542315494,L1_3,2097.0,558.595731684593,11.2300876657447
264622.161507473,3843733.95254803,677.046542315494,L1_3,2097.0,547.666286287803,11.5631650357531
264622.161507473,3843733.95254803,677.046542315494,L1_3,2097.0,536.190368621172,11.7942024079049
264622.161507473,3843733.95254803,677.046542315494,L1_3,2097.0,524.140655071211,11.9149567986893
264622.161507473,3843733.95254803,677.046542315494,L1_3,2097.0,511.488455843751,11.9152344245486
264622.161507473,3843733.95254803,677.046542315494,L1_3,2097.0,498.203646654918,11.7896782820402
264622.161507473,3843733.95254803,677.046542315494,L1_3,2097.0,484.254597006643,11.5432108891223
264622.161507473,3843733.95254803,677.046542315494,L1_3,2097.0,469.608094875955,11.1932122255358
264622.161507473,3843733.95254803,677.046542315494,L1_3,2097.0,454.229267638732,10.7679158344192
264622.161507473,3843733.95254803,677.046542315494,L1_3,2097.0,438.081499039649,10.302077514645
264622.161507473,3843733.95254803,677.046542315494,L1_3,2097.0,421.126342010611,9.83176974659649
264622.161507473,3843733.95254803,677.046542315494,L1_3,2097.0,403.323427130121,9.38993118907358
264622.161507473,3843733.95254803,677.046542315494,L1_3,2097.0,384.630366505606,9.0035018182996
264622.161507473,3843733.95254803,677.046542315494,L1_3,2097.0,365.002652849866,8.6921223039206
264622.161507473,3843733.95254803,677.046542315494,L1_3,2097.0,344.393553511339,8.46794288548188
264622.161507473,3843733.95254803,677.046542315494,L1_3,2097.0,322.754303339663,8.33607106086236
264622.161507473,3843733.95254803,677.046542315494,L1_3,2097.0,300.064105870122,8.29517970899997
264622.161507473,3843733.95254803,677.046542315494,L1_3,2097.0,276.239398527104,8.33853711821305
264622.161507473,3843733.95254803,677.046542315494,L1_3,2097.0,251.223455816935,8.45513768192427
264622.161507473,3843733.95254803,677.046542315494,L1_3,2097.0,224.956715971258,8.6306059769016
264622.161507473,3843733.95254803,677.046542315494,L1_3,2097.0,197.376639133297,8.84828024510853
264622.161507473,3843733.95254803,677.046542315494,L1_3,2097.0,168.417558453437,9.09040371481396
264622.161507473,3843733.95254803,677.046542315494,L1_3,2097.0,138.010523739585,9.33942328702842
264622.161507473,3843733.95254803,677.046542315494,L1_3,2097.0,106.08313729004,9.5792946700408
264622.161507473,3843733.95254803,677.046542315494,L1_3,2097.0,,
264622.161507473,3843733.95254803,677.046542315494,L1_3,2097.0,,
264622.161507473,3843733.95254803,677.046542315494,L1_3,2097.0,,
264622.161507473,3843733.95254803,677.046542315494,L1_3,2097.0,,
264622.161507473,3843733.95254803,677.046542315494,L1_3,2097.0,,
264622.161507473,3843733.95254803,677.046542315494,L1_3,2097.0,,
264622.161507473,3843733.95254803,677.046542315494,L1_3,2097.0,,
264622.161507473,3843733.95254803,677.046542315494,L1_3,2097.0,,
264622.161507473,3843733.95254803,677.046542315494,L1_3,2097.0,,
264622.161507473,3843733.95254803,677.046542315494,L1_3,2097.0,,
264622.161507473,3843733.95254803,677.046542315494,L1_3,2097.0,,
264622.161507473,3843733.95254803,677.046542315494,L1_3,2097.0,,
264622.161507473,3843733.95254803,677.046542315494,L1_3,2097.0,,
264622.161507473,3843733.95254803,677.046542315494,L1_3,2097.0,,
264622.161507473,3843733.95254803,677.046542315494,L1_3,2097.0,,
264622.161507473,3843733.95254803,677.046542315494,L1_3,2097.0,,
264622.161507473,3843733.95254803,677.046542315494,L1_3,2097.0,,
264622.161507473,3843733.95254803,677.046542315494,L1_3,2097.0,,
264622.161507473,3843733.95254803,677.046542315494,L1_3,2097.0,,
264622.161507473,3843733.95254803,677.046542315494,L1_3,2097.0,,
264622.161507473,3843733.95254803,677.046542315494,L1_3,2097.0,,
264627.116662876,3843737.34562469,677.37214226671,L1_3,2103.0,677.37214226671,14.5168117431237
264627.116662876,3843737.34562469,677.37214226671,L1_3,2103.0,672.360633117744,14.2980322389881
264627.116662876,3843737.34562469,677.37214226671,L1_3,2103.0,667.098548511329,11.1419203405046
264627.116662876,3843737.34562469,677.37214226671,L1_3,2103.0,661.573359674594,6.76270849529538
264627.116662876,3843737.34562469,677.37214226671,L1_3,2103.0,655.771911396022,4.22051450638773
264627.116662876,3843737.34562469,677.37214226671,L1_3,2103.0,649.680390703521,3.10531532378941
264627.116662876,3843737.34562469,677.37214226671,L1_3,2103.0,643.284293976396,2.84736763544336
264627.116662876,3843737.34562469,677.37214226671,L1_3,2103.0,636.568392412914,3.17019635481553
264627.116662876,3843737.34562469,677.37214226671,L1_3,2103.0,629.516695771258,3.94558607930955
264627.116662876,3843737.34562469,677.37214226671,L1_3,2103.0,622.112414297519,5.045084329228
264627.116662876,3843737.34562469,677.37214226671,L1_3,2103.0,614.337918750093,6.29036052003091
264627.116662876,3843737.34562469,677.37214226671,L1_3,2103.0,606.174698425296,7.50538345671451
264627.116662876,3843737.34562469,677.37214226671,L1_3,2103.0,597.603317084259,8.57948245498947
264627.116662876,3843737.34562469,677.37214226671,L1_3,2103.0,588.60336667617,9.47560765949388
264627.116662876,3843737.34562469,677.37214226671,L1_3,2103.0,579.153418747677,10.2022742150268
264627.116662876,3843737.34562469,677.37214226671,L1_3,2103.0,569.230973422759,10.784548436218
264627.116662876,3843737.34562469,677.37214226671,L1_3,2103.0,558.812405831596,11.2459638942613
264627.116662876,3843737.34562469,677.37214226671,L1_3,2103.0,547.872909860874,11.5998220503856
264627.116662876,3843737.34562469,677.37214226671,L1_3,2103.0,536.386439091616,11.8471143293602
264627.116662876,3843737.34562469,677.37214226671,L1_3,2103.0,524.325644783895,11.9794976669574
264627.116662876,3843737.34562469,677.37214226671,L1_3,2103.0,511.661810760788,11.9858111833193
264627.116662876,3843737.34562469,677.37214226671,L1_3,2103.0,498.364785036525,11.8598333336397
264627.116662876,3843737.34562469,677.37214226671,L1_3,2103.0,484.40290802605,11.6064650334193
264627.116662876,3843737.34562469,677.37214226671,L1_3,2103.0,469.742937165051,11.2441781798518
264627.116662876,3843737.34562469,677.37214226671,L1_3,2103.0,454.349967761002,10.8031859735277
264627.116662876,3843737.34562469,677.37214226671,L1_3,2103.0,438.18734988675,10.3205735082597
264627.116662876,3843737.34562469,677.37214226671,L1_3,2103.0,421.216601118786,9.83453610272212
264627.116662876,3843737.34562469,677.37214226671,L1_3,2103.0,403.397314912424,9.37956643045098
264627.116662876,3843737.34562469,677.37214226671,L1_3,2103.0,384.687064395743,8.9834794656214
264627.116662876,3843737.34562469,677.37214226671,L1_3,2103.0,365.041301353228,8.66619082724382
264627.116662876,3843737.34562469,677.37214226671,L1_3,2103.0,344.413250158588,8.43968266747595
264627.116662876,3843737.34562469,677.37214226671,L1_3,2103.0,322.754303339663,8.30861564627219
264627.116662876,3843737.34562469,677.37214226671,L1_3,2103.0,300.064105870122,8.27097507386404
264627.116662876,3843737.34562469,677.37214226671,L1_3,2103.0,276.239398527104,8.3192708056941
264627.116662876,3843737.34562469,677.37214226671,L1_3,2103.0,251.223455816935,8.44182346040178
264627.116662876,3843737.34562469,677.37214226671,L1_3,2103.0,224.956715971258,8.62363512603548
264627.116662876,3843737.34562469,677.37214226671,L1_3,2103.0,197.376639133297,8.84749267860381
264627.116662876,3843737.34562469,677.37214226671,L1_3,2103.0,168.417558453437,9.09517031880805
264627.116662876,3843737.34562469,677.37214226671,L1_3,2103.0,138.010523739585,9.34875216123593
264627.116662876,3843737.34562469,677.37214226671,L1_3,2103.0,106.08313729004,9.59196155251536
264627.116662876,3843737.34562469,677.37214226671,L1_3,2103.0,,
264627.116662876,3843737.34562469,677.37214226671,L1_3,2103.0,,
264627.116662876,3843737.34562469,677.37214226671,L1_3,2103.0,,
264627.116662876,3843737.34562469,677.37214226671,L1_3,2103.0,,
264627.116662876,3843737.34562469,677.37214226671,L1_3,2103.0,,
264627.116662876,3843737.34562469,677.37214226671,L1_3,2103.0,,
264627.116662876,3843737.34562469,677.37214226671,L1_3,2103.0,,
264627.116662876,3843737.34562469,677.37214226671,L1_3,2103.0,,
264627.116662876,3843737.34562469,677.37214226671,L1_3,2103.0,,
264627.116662876,3843737.34562469,677.37214226671,L1_3,2103.0,,
264627.116662876,3843737.34562469,677.37214226671,L1_3,2103.0,,
264627.116662876,3843737.34562469,677.37214226671,L1_3,2103.0,,
264627.116662876,3843737.34562469,677.37214226671,L1_3,2103.0,,
264627.116662876,3843737.34562469,677.37214226671,L1_3,2103.0,,
264627.116662876,3843737.34562469,677.37214226671,L1_3,2103.0,,
264627.116662876,3843737.34562469,677.37214226671,L1_3,2103.0,,
264627.116662876,3843737.34562469,677.37214226671,L1_3,2103.0,,
264627.116662876,3843737.34562469,677.37214226671,L1_3,2103.0,,
264627.116662876,3843737.34562469,677.37214226671,L1_3,2103.0,,
264627.116662876,3843737.34562469,677.37214226671,L1_3,2103.0,,
264627.116662876,3843737.34562469,677.37214226671,L1_3,2103.0,,
264632.484747831,3843741.02145755,677.697742217925,L1_3,2109.5,677.697742217925,19.2329352169669
264632.484747831,3843741.02145755,677.697742217925,L1_3,2109.5,672.681628785239,15.5382893497618
264632.484747831,3843741.02145755,677.697742217925,L1_3,2109.5,667.414709680918,9.12674159050008
264632.484747831,3843741.02145755,677.697742217925,L1_3,2109.5,661.884444621381,4.98341750925934
264632.484747831,3843741.02145755,677.697742217925,L1_3,2109.5,656.077666308867,3.08819838881397
264632.484747831,3843741.02145755,677.697742217925,L1_3,2109.5,649.980549080727,2.3784668833912
264632.484747831,3843741.02145755,677.697742217925,L1_3,2109.5,643.57857599118,2.32666298064488
264632.484747831,3843741.02145755,677.697742217925,L1_3,2109.5,636.856504247156,2.75310891250602
264632.484747831,3843741.02145755,677.697742217925,L1_3,2109.5,629.798328915931,3.59641701100228
264632.484747831,3843741.02145755,677.697742217925,L1_3,2109.5,622.387244818145,4.76171017431249
264632.484747831,3843741.02145755,677.697742217925,L1_3,2109.5,614.605606515469,6.07672642177716
264632.484747831,3843741.02145755,677.697742217925,L1_3,2109.5,606.43488629766,7.35717452774051
264632.484747831,3843741.02145755,677.697742217925,L1_3,2109.5,597.85563006896,8.4843690553279
264632.484747831,3843741.02145755,677.697742217925,L1_3,2109.5,588.847411028825,9.41948445193012
264632.484747831,3843741.02145755,677.697742217925,L1_3,2109.5,579.388781036683,10.1740302010485
264632.484747831,3843741.02145755,677.697742217925,L1_3,2109.5,569.457219544934,10.7775151640007
264632.484747831,3843741.02145755,677.697742217925,L1_3,2109.5,559.029079978598,11.2570496021273
264632.484747831,3843741.02145755,677.697742217925,L1_3,2109.5,548.079533433945,11.6276782451315
264632.484747831,3843741.02145755,677.697742217925,L1_3,2109.5,536.582509562059,11.8902640829337
264632.484747831,3843741.02145755,677.697742217925,L1_3,2109.5,524.510634496579,12.0349945272254
264632.484747831,3843741.02145755,677.697742217925,L1_3,2109.5,511.835165677825,12.0487583208231
264632.484747831,3843741.02145755,677.697742217925,L1_3,2109.5,498.525923418133,11.923837751914
264632.484747831,3843741.02145755,677.697742217925,L1_3,2109.5,484.551219045457,11.6647894250517
264632.484747831,3843741.02145755,677.697742217925,L1_3,2109.5,469.877779454147,11.2910977077451
264632.484747831,3843741.02145755,677.697742217925,L1_3,2109.5,454.470667883271,10.8350255747461
264632.484747831,3843741.02145755,677.697742217925,L1_3,2109.5,438.293200733852,10.3361120447082
264632.484747831,3843741.02145755,677.697742217925,L1_3,2109.5,421.306860226961,9.83478355240741
264632.484747831,3843741.02145755,677.697742217925,L1_3,2109.5,403.471202694726,9.36714697929489
264632.484747831,3843741.02145755,677.697742217925,L1_3,2109.5,384.74376228588,8.96190484355086
264632.484747831,3843741.02145755,677.697742217925,L1_3,2109.5,365.079949856591,8.63923189643939
264632.484747831,3843741.02145755,677.697742217925,L1_3,2109.5,344.432946805837,8.41091534242618
264632.484747831,3843741.02145755,677.697742217925,L1_3,2109.5,322.754303339663,8.28114043894046
264632.484747831,3843741.02145755,677.697742217925,L1_3,2109.5,300.064105870122,8.24717920548416
264632.484747831,3843741.02145755,677.697742217925,L1_3,2109.5,276.239398527104,8.30076456792265
264632.484747831,3843741.02145755,677.697742217925,L1_3,2109.5,251.223455816935,8.4295372752396
264632.484747831,3843741.02145755,677.697742217925,L1_3,2109.5,224.956715971258,8.61787785697897
264632.484747831,3843741.02145755,677.697742217925,L1_3,2109.5,197.376639133297,8.84802596496136
264632.484747831,3843741.02145755,677.697742217925,L1_3,2109.5,168.417558453437,9.10129371772729
264632.484747831,3843741.02145755,677.697742217925,L1_3,2109.5,138.010523739585,9.35941101896859
264632.484747831,3843741.02145755,677.697742217925,L1_3,2109.5,106.08313729004,9.60587896399414
264632.484747831,3843741.02145755,677.697742217925,L1_3,2109.5,,
264632.484747831,3843741.02145755,677.697742217925,L1_3,2109.5,,
264632.484747831,3843741.02145755,677.697742217925,L1_3,2109.5,,
264632.484747831,3843741.02145755,677.697742217925,L1_3,2109.5,,
264632.484747831,3843741.02145755,677.697742217925,L1_3,2109.5,,
264632.484747831,3843741.02145755,677.697742217925,L1_3,2109.5,,
264632.484747831,3843741.02145755,677.697742217925,L1_3,2109.5,,
264632.484747831,3843741.02145755,677.697742217925,L1_3,2109.5,,
264632.484747831,3843741.02145755,677.697742217925,L1_3,2109.5,,
264632.484747831,3843741.02145755,677.697742217925,L1_3,2109.5,,
264632.484747831,3843741.02145755,677.697742217925,L1_3,2109.5,,
264632.484747831,3843741.02145755,677.697742217925,L1_3,2109.5,,
264632.484747831,3843741.02145755,677.697742217925,L1_3,2109.5,,
264632.484747831,3843741.02145755,677.697742217925,L1_3,2109.5,,
264632.484747831,3843741.02145755,677.697742217925,L1_3,2109.5,,
264632.484747831,3843741.02145755,677.697742217925,L1_3,2109.5,,
264632.484747831,3843741.02145755,677.697742217925,L1_3,2109.5,,
264632.484747831,3843741.02145755,677.697742217925,L1_3,2109.5,,
264632.484747831,3843741.02145755,677.697742217925,L1_3,2109.5,,
264632.484747831,3843741.02145755,677.697742217925,L1_3,2109.5,,
264632.484747831,3843741.02145755,677.697742217925,L1_3,2109.5,,
264637.439903174,3843744.41453403,677.988142714814,L1_3,2115.5,677.988142714814,15.1522172333888
264637.439903174,3843744.41453403,677.988142714814,L1_3,2115.5,672.967922751167,11.9071043612679
264637.439903174,3843744.41453403,677.988142714814,L1_3,2115.5,667.696691789338,7.08201061722918
264637.439903174,3843744.41453403,677.988142714814,L1_3,2115.5,662.161899279418,4.18425077837252
264637.439903174,3843744.41453403,677.988142714814,L1_3,2115.5,656.350367144001,2.76536992693363
264637.439903174,3843744.41453403,677.988142714814,L1_3,2115.5,650.248258401814,2.22617881557694
264637.439903174,3843744.41453403,677.988142714814,L1_3,2115.5,643.841044222517,2.24730218790595
264637.439903174,3843744.41453403,677.988142714814,L1_3,2115.5,637.113469334255,2.71595308764171
264637.439903174,3843744.41453403,677.988142714814,L1_3,2115.5,630.049515701581,3.59276352650343
264637.439903174,3843744.41453403,677.988142714814,L1_3,2115.5,622.632364387272,4.78605129238318
264637.439903174,3843744.41453403,677.988142714814,L1_3,2115.5,614.844355507249,6.11852424147953
264637.439903174,3843744.41453403,677.988142714814,L1_3,2115.5,606.666946183224,7.40242956701244
264637.439903174,3843744.41453403,677.988142714814,L1_3,2115.5,598.080666392997,8.52178819967383
264637.439903174,3843744.41453403,677.988142714814,L1_3,2115.5,589.06507261326,9.44445677965301
264637.439903174,3843744.41453403,677.988142714814,L1_3,2115.5,579.598699144535,10.188496312813
264637.439903174,3843744.41453403,677.988142714814,L1_3,2115.5,569.659007002375,10.7874773191567
264637.439903174,3843744.41453403,677.988142714814,L1_3,2115.5,559.222330253106,11.2696933175149
264637.439903174,3843744.41453403,677.988142714814,L1_3,2115.5,548.263819666374,11.6490390840182
264637.439903174,3843744.41453403,677.988142714814,L1_3,2115.5,536.757383550305,11.9236587882982
264637.439903174,3843744.41453403,677.988142714814,L1_3,2115.5,524.675625628433,12.0802567927197
264637.439903174,3843744.41453403,677.988142714814,L1_3,2115.5,511.989779810467,12.1023471802763
264637.439903174,3843744.41453403,677.988142714814,L1_3,2115.5,498.669641701603,11.9798073857863
264637.439903174,3843744.41453403,677.988142714814,L1_3,2115.5,484.683496687296,11.7163632009803
264637.439903174,3843744.41453403,677.988142714814,L1_3,2115.5,469.998044422273,11.3323372224481
264637.439903174,3843744.41453403,677.988142714814,L1_3,2115.5,454.578319544,10.8620541606574
264637.439903174,3843744.41453403,677.988142714814,L1_3,2115.5,438.387608421812,10.347591965773
264637.439903174,3843744.41453403,677.988142714814,L1_3,2115.5,421.387361743515,9.83168769608412
264637.439903174,3843744.41453403,677.988142714814,L1_3,2115.5,403.537102731304,9.35210012562825
264637.439903174,3843744.41453403,677.988142714814,L1_3,2115.5,384.794330768482,8.93841905766615
264637.439903174,3843744.41453403,677.988142714814,L1_3,2115.5,365.114420207518,8.61105554943225
264637.439903174,3843744.41453403,677.988142714814,L1_3,2115.5,344.450514118507,8.3815727305372
264637.439903174,3843744.41453403,677.988142714814,L1_3,2115.5,322.754303339663,8.25365554452442
264637.439903174,3843744.41453403,677.988142714814,L1_3,2115.5,300.064105870122,8.22384817961706
264637.439903174,3843744.41453403,677.988142714814,L1_3,2115.5,276.239398527104,8.28310122309388
264637.439903174,3843744.41453403,677.988142714814,L1_3,2115.5,251.223455816935,8.41837523262127
264637.439903174,3843744.41453403,677.988142714814,L1_3,2115.5,224.956715971258,8.61343407440515
264637.439903174,3843744.41453403,677.988142714814,L1_3,2115.5,197.376639133297,8.84997696909075
264637.439903174,3843744.41453403,677.988142714814,L1_3,2115.5,168.417558453437,9.10886253267238
264637.439903174,3843744.41453403,677.988142714814,L1_3,2115.5,138.010523739585,9.37147708537383
264637.439903174,3843744.41453403,677.988142714814,L1_3,2115.5,106.08313729004,9.62111099892009
264637.439903174,3843744.41453403,677.988142714814,L1_3,2115.5,,
264637.439903174,3843744.41453403,677.988142714814,L1_3,2115.5,,
264637.439903174,3843744.41453403,677.988142714814,L1_3,2115.5,,
264637.439903174,3843744.41453403,677.988142714814,L1_3,2115.5,,
264637.439903174,3843744.41453403,677.988142714814,L1_3,2115.5,,
264637.439903174,3843744.41453403,677.988142714814,L1_3,2115.5,,
264637.439903174,3843744.41453403,677.988142714814,L1_3,2115.5,,
264637.439903174,3843744.41453403,677.988142714814,L1_3,2115.5,,
264637.439903174,3843744.41453403,677.988142714814,L1_3,2115.5,,
264637.439903174,3843744.41453403,677.988142714814,L1_3,2115.5,,
264637.439903174,3843744.41453403,677.988142714814,L1_3,2115.5,,
264637.439903174,3843744.41453403,677.988142714814,L1_3,2115.5,,
264637.439903174,3843744.41453403,677.988142714814,L1_3,2115.5,,
264637.439903174,3843744.41453403,677.988142714814,L1_3,2115.5,,
264637.439903174,3843744.41453403,677.988142714814,L1_3,2115.5,,
264637.439903174,3843744.41453403,677.988142714814,L1_3,2115.5,,
264637.439903174,3843744.41453403,677.988142714814,L1_3,2115.5,,
264637.439903174,3843744.41453403,677.988142714814,L1_3,2115.5,,
264637.439903174,3843744.41453403,677.988142714814,L1_3,2115.5,,
264637.439903174,3843744.41453403,677.988142714814,L1_3,2115.5,,
264637.439903174,3843744.41453403,677.988142714814,L1_3,2115.5,,
264642.807988129,3843748.09036688,678.243280556061,L1_3,2122.0,678.243280556061,6.95462979456871
264642.807988129,3843748.09036688,678.243280556061,L1_3,2122.0,673.21945270794,6.84978536496357
264642.807988129,3843748.09036688,678.243280556061,L1_3,2122.0,667.944433467412,5.99894884698521
264642.807988129,3843748.09036688,678.243280556061,L1_3,2122.0,662.405663264858,4.49058484961533
264642.807988129,3843748.09036688,678.243280556061,L1_3,2122.0,656.589954552177,3.27140384691304
264642.807988129,3843748.09036688,678.243280556061,L1_3,2122.0,650.483460403861,2.6798374758271
264642.807988129,3843748.09036688,678.243280556061,L1_3,2122.0,644.07164154813,2.65815826935917
264642.807988129,3843748.09036688,678.243280556061,L1_3,2122.0,637.339231749612,3.12405643770624
264642.807988129,3843748.09036688,678.243280556061,L1_3,2122.0,630.270201461168,4.01405095052869
264642.807988129,3843748.09036688,678.243280556061,L1_3,2122.0,622.847719658302,5.20425889858127
264642.807988129,3843748.09036688,678.243280556061,L1_3,2122.0,615.054113765293,6.49821484420539
264642.807988129,3843748.09036688,678.243280556061,L1_3,2122.0,606.870827577633,7.71155520591222
264642.807988129,3843748.09036688,678.243280556061,L1_3,2122.0,598.27837708059,8.74647759801813
264642.807988129,3843748.09036688,678.243280556061,L1_3,2122.0,589.256304058696,9.59001058169697
264642.807988129,3843748.09036688,678.243280556061,L1_3,2122.0,579.783127385706,10.2724119593128
264642.807988129,3843748.09036688,678.243280556061,L1_3,2122.0,569.836291879067,10.831484311769
264642.807988129,3843748.09036688,678.243280556061,L1_3,2122.0,559.392114597096,11.2940554584988
264642.807988129,3843748.09036688,678.243280556061,L1_3,2122.0,548.425728451026,11.6694247260578
264642.807988129,3843748.09036688,678.243280556061,L1_3,2122.0,536.911022997653,11.9498452643553
264642.807988129,3843748.09036688,678.243280556061,L1_3,2122.0,524.820582271611,12.1160245681466
264642.807988129,3843748.09036688,678.243280556061,L1_3,2122.0,512.125619509267,12.1462912746995
264642.807988129,3843748.09036688,678.243280556061,L1_3,2122.0,498.795908608806,12.0269319197078
264642.807988129,3843748.09036688,678.243280556061,L1_3,2122.0,484.799712163322,11.7601674801165
264642.807988129,3843748.09036688,678.243280556061,L1_3,2122.0,470.103705895564,11.3668604928741
264642.807988129,3843748.09036688,678.243280556061,L1_3,2122.0,454.672899314418,10.8833300285115
264642.807988129,3843748.09036688,678.243280556061,L1_3,2122.0,438.470552404214,10.3542256564285
264642.807988129,3843748.09036688,678.243280556061,L1_3,2122.0,421.4580881485,9.82463395747634
264642.807988129,3843748.09036688,678.243280556061,L1_3,2122.0,403.595000680001,9.33397909004205
264642.807988129,3843748.09036688,678.243280556061,L1_3,2122.0,384.838758838077,8.91272336166274
264642.807988129,3843748.09036688,678.243280556061,L1_3,2122.0,365.144704904056,8.58148251132083
264642.807988129,3843748.09036688,678.243280556061,L1_3,2122.0,344.465948273334,8.35156546345167
264642.807988129,3843748.09036688,678.243280556061,L1_3,2122.0,322.754303339663,8.22613532689871
264642.807988129,3843748.09036688,678.243280556061,L1_3,2122.0,300.064105870122,8.20099875162243
264642.807988129,3843748.09036688,678.243280556061,L1_3,2122.0,276.239398527104,8.26632447203958
264642.807988129,3843748.09036688,678.243280556061,L1_3,2122.0,251.223455816935,8.40839693166055
264642.807988129,3843748.09036688,678.243280556061,L1_3,2122.0,224.956715971258,8.61037020418958
264642.807988129,3843748.09036688,678.243280556061,L1_3,2122.0,197.376639133297,8.85341287806458
264642.807988129,3843748.09036688,678.243280556061,L1_3,2122.0,168.417558453437,9.11794048032152
264642.807988129,3843748.09036688,678.243280556061,L1_3,2122.0,138.010523739585,9.38500720553788
264642.807988129,3843748.09036688,678.243280556061,L1_3,2122.0,106.08313729004,9.63770602101513
264642.807988129,3843748.09036688,678.243280556061,L1_3,2122.0,,
264642.807988129,3843748.09036688,678.243280556061,L1_3,2122.0,,
264642.807988129,3843748.09036688,678.243280556061,L1_3,2122.0,,
264642.807988129,3843748.09036688,678.243280556061,L1_3,2122.0,,
264642.807988129,3843748.09036688,678.243280556061,L1_3,2122.0,,
264642.807988129,3843748.09036688,678.243280556061,L1_3,2122.0,,
264642.807988129,3843748.09036688,678.243280556061,L1_3,2122.0,,
264642.807988129,3843748.09036688,678.243280556061,L1_3,2122.0,,
264642.807988129,3843748.09036688,678.243280556061,L1_3,2122.0,,
264642.807988129,3843748.09036688,678.243280556061,L1_3,2122.0,,
264642.807988129,3843748.09036688,678.243280556061,L1_3,2122.0,,
264642.807988129,3843748.09036688,678.243280556061,L1_3,2122.0,,
264642.807988129,3843748.09036688,678.243280556061,L1_3,2122.0,,
264642.807988129,3843748.09036688,678.243280556061,L1_3,2122.0,,
264642.807988129,3843748.09036688,678.243280556061,L1_3,2122.0,,
264642.807988129,3843748.09036688,678.243280556061,L1_3,2122.0,,
264642.807988129,3843748.09036688,678.243280556061,L1_3,2122.0,,
264642.807988129,3843748.09036688,678.243280556061,L1_3,2122.0,,
264642.807988129,3843748.09036688,678.243280556061,L1_3,2122.0,,
264642.807988129,3843748.09036688,678.243280556061,L1_3,2122.0,,
264642.807988129,3843748.09036688,678.243280556061,L1_3,2122.0,,
264647.76314335,3843751.48344302,678.498418397308,L1_3,2128.0,678.498418397308,6.39417144329406
264647.76314335,3843751.48344302,678.498418397308,L1_3,2128.0,673.470982664712,6.81112730274315
264647.76314335,3843751.48344302,678.498418397308,L1_3,2128.0,668.192175145486,7.19891765761722
264647.76314335,3843751.48344302,678.498418397308,L1_3,2128.0,662.649427250299,6.31443947036341
264647.76314335,3843751.48344302,678.498418397308,L1_3,2128.0,656.829541960353,4.8324506699873
264647.76314335,3843751.48344302,678.498418397308,L1_3,2128.0,650.718662405909,3.87608284776215
264647.76314335,3843751.48344302,678.498418397308,L1_3,2128.0,644.302238873743,3.65954265209991
264647.76314335,3843751.48344302,678.498418397308,L1_3,2128.0,637.564994164969,4.06336404720753
264647.76314335,3843751.48344302,678.498418397308,L1_3,2128.0,630.490887220756,4.93439704468733
264647.76314335,3843751.48344302,678.498418397308,L1_3,2128.0,623.063074929332,6.0748514487604
264647.76314335,3843751.48344302,678.498418397308,L1_3,2128.0,615.263872023337,7.257072299483
264647.76314335,3843751.48344302,678.498418397308,L1_3,2128.0,607.074708972043,8.3111925732924
264647.76314335,3843751.48344302,678.498418397308,L1_3,2128.0,598.476087768184,9.17499528853932
264647.76314335,3843751.48344302,678.498418397308,L1_3,2128.0,589.447535504131,9.86648208901607
264647.76314335,3843751.48344302,678.498418397308,L1_3,2128.0,579.967555626876,10.4322007735102
264647.76314335,3843751.48344302,678.498418397308,L1_3,2128.0,570.013576755759,10.9132183016906
264647.76314335,3843751.48344302,678.498418397308,L1_3,2128.0,559.561898941085,11.3317412314753
264647.76314335,3843751.48344302,678.498418397308,L1_3,2128.0,548.587637235678,11.688893019365
264647.76314335,3843751.48344302,678.498418397308,L1_3,2128.0,537.064662445001,11.9678289501842
264647.76314335,3843751.48344302,678.498418397308,L1_3,2128.0,524.965538914789,12.1406933173311
264647.76314335,3843751.48344302,678.498418397308,L1_3,2128.0,512.261459208067,12.1787319579315
264647.76314335,3843751.48344302,678.498418397308,L1_3,2128.0,498.922175516009,12.0633535437025
264647.76314335,3843751.48344302,678.498418397308,L1_3,2128.0,484.915927639348,11.7945062526505
264647.76314335,3843751.48344302,678.498418397308,L1_3,2128.0,470.209367368854,11.3932204242429
264647.76314335,3843751.48344302,678.498418397308,L1_3,2128.0,454.767479084836,10.8976868112661
264647.76314335,3843751.48344302,678.498418397308,L1_3,2128.0,438.553496386616,10.3551219862732
264647.76314335,3843751.48344302,678.498418397308,L1_3,2128.0,421.528814553485,9.81298133901342
264647.76314335,3843751.48344302,678.498418397308,L1_3,2128.0,403.652898628698,9.31235411152173
264647.76314335,3843751.48344302,678.498418397308,L1_3,2128.0,384.883186907672,8.88455350190581
264647.76314335,3843751.48344302,678.498418397308,L1_3,2128.0,365.174989600594,8.55037286797743
264647.76314335,3843751.48344302,678.498418397308,L1_3,2128.0,344.481382428162,8.32084470750785
264647.76314335,3843751.48344302,678.498418397308,L1_3,2128.0,322.754303339663,8.19859579080238
264647.76314335,3843751.48344302,678.498418397308,L1_3,2128.0,300.064105870122,8.17869138095361
264647.76314335,3843751.48344302,678.498418397308,L1_3,2128.0,276.239398527104,8.25052176298205
264647.76314335,3843751.48344302,678.498418397308,L1_3,2128.0,251.223455816935,8.39970326832996
264647.76314335,3843751.48344302,678.498418397308,L1_3,2128.0,224.956715971258,8.60879105045705
264647.76314335,3843751.48344302,678.498418397308,L1_3,2128.0,197.376639133297,8.85843465807363
264647.76314335,3843751.48344302,678.498418397308,L1_3,2128.0,168.417558453437,9.12861925055255
264647.76314335,3843751.48344302,678.498418397308,L1_3,2128.0,138.010523739585,9.40008034891704
264647.76314335,3843751.48344302,678.498418397308,L1_3,2128.0,106.08313729004,9.6557290586893
264647.76314335,3843751.48344302,678.498418397308,L1_3,2128.0,,
264647.76314335,3843751.48344302,678.498418397308,L1_3,2128.0,,
264647.76314335,3843751.48344302,678.498418397308,L1_3,2128.0,,
264647.76314335,3843751.48344302,678.498418397308,L1_3,2128.0,,
264647.76314335,3843751.48344302,678.498418397308,L1_3,2128.0,,
264647.76314335,3843751.48344302,678.498418397308,L1_3,2128.0,,
264647.76314335,3843751.48344302,678.498418397308,L1_3,2128.0,,
264647.76314335,3843751.48344302,678.498418397308,L1_3,2128.0,,
264647.76314335,3843751.48344302,678.498418397308,L1_3,2128.0,,
264647.76314335,3843751.48344302,678.498418397308,L1_3,2128.0,,
264647.76314335,3843751.48344302,678.498418397308,L1_3,2128.0,,
264647.76314335,3843751.48344302,678.498418397308,L1_3,2128.0,,
264647.76314335,3843751.48344302,678.498418397308,L1_3,2128.0,,
264647.76314335,3843751.48344302,678.498418397308,L1_3,2128.0,,
264647.76314335,3843751.48344302,678.498418397308,L1_3,2128.0,,
264647.76314335,3843751.48344302,678.498418397308,L1_3,2128.0,,
264647.76314335,3843751.48344302,678.498418397308,L1_3,2128.0,,
264647.76314335,3843751.48344302,678.498418397308,L1_3,2128.0,,
264647.76314335,3843751.48344302,678.498418397308,L1_3,2128.0,,
264647.76314335,3843751.48344302,678.498418397308,L1_3,2128.0,,
264647.76314335,3843751.48344302,678.498418397308,L1_3,2128.0,,
264653.131228043,3843755.15927513,678.753556238555,L1_3,2134.5,678.753556238555,7.85083347272728
264653.131228043,3843755.15927513,678.753556238555,L1_3,2134.5,673.722512621485,9.1437871588366
264653.131228043,3843755.15927513,678.753556238555,L1_3,2134.5,668.439916823561,10.9597380722037
264653.131228043,3843755.15927513,678.753556238555,L1_3,2134.5,662.89319123574,10.0472706601763
264653.131228043,3843755.15927513,678.753556238555,L1_3,2134.5,657.069129368529,7.71023758901042
264653.131228043,3843755.15927513,678.753556238555,L1_3,2134.5,650.953864407957,6.06038123192876
264653.131228043,3843755.15927513,678.753556238555,L1_3,2134.5,644.532836199356,5.49268121755533
264653.131228043,3843755.15927513,678.753556238555,L1_3,2134.5,637.790756580325,5.7528168493114
264653.131228043,3843755.15927513,678.753556238555,L1_3,2134.5,630.711572980343,6.52900989547963
264653.131228043,3843755.15927513,678.753556238555,L1_3,2134.5,623.278430200362,7.51732463980409
264653.131228043,3843755.15927513,678.753556238555,L1_3,2134.5,615.473630281382,8.46388359790251
264653.131228043,3843755.15927513,678.753556238555,L1_3,2134.5,607.278590366452,9.23567139564329
264653.131228043,3843755.15927513,678.753556238555,L1_3,2134.5,598.673798455777,9.8236646244
264653.131228043,3843755.15927513,678.753556238555,L1_3,2134.5,589.638766949567,10.2828020657254
264653.131228043,3843755.15927513,678.753556238555,L1_3,2134.5,580.151983868047,10.6741803464006
264653.131228043,3843755.15927513,678.753556238555,L1_3,2134.5,570.190861632451,11.0377312439135
264653.131228043,3843755.15927513,678.753556238555,L1_3,2134.5,559.731683285075,11.3865874588608
264653.131228043,3843755.15927513,678.753556238555,L1_3,2134.5,548.74954602033,11.7099484907411
264653.131228043,3843755.15927513,678.753556238555,L1_3,2134.5,537.218301892348,11.9788603408909
264653.131228043,3843755.15927513,678.753556238555,L1_3,2134.5,525.110495557967,12.154520917832
264653.131228043,3843755.15927513,678.753556238555,L1_3,2134.5,512.397298906867,12.1992617504269
264653.131228043,3843755.15927513,678.753556238555,L1_3,2134.5,499.048442423212,12.0883008876067
264653.131228043,3843755.15927513,678.753556238555,L1_3,2134.5,485.032143115374,11.8184748972932
264653.131228043,3843755.15927513,678.753556238555,L1_3,2134.5,470.315028842145,11.4105314433026
264653.131228043,3843755.15927513,678.753556238555,L1_3,2134.5,454.862058855254,10.9043465825016
264653.131228043,3843755.15927513,678.753556238555,L1_3,2134.5,438.636440369018,10.349648230977
264653.131228043,3843755.15927513,678.753556238555,L1_3,2134.5,421.59954095847,9.79624632228254
264653.131228043,3843755.15927513,678.753556238555,L1_3,2134.5,403.710796577395,9.28687604773279
264653.131228043,3843755.15927513,678.753556238555,L1_3,2134.5,384.927614977267,8.85367225315455
264653.131228043,3843755.15927513,678.753556238555,L1_3,2134.5,365.205274297132,8.5175785473125
264653.131228043,3843755.15927513,678.753556238555,L1_3,2134.5,344.49681658299,8.28933159558561
264653.131228043,3843755.15927513,678.753556238555,L1_3,2134.5,322.754303339663,8.17101328769286
264653.131228043,3843755.15927513,678.753556238555,L1_3,2134.5,300.064105870122,8.15694444535234
264653.131228043,3843755.15927513,678.753556238555,L1_3,2134.5,276.239398527104,8.23573964141732
264653.131228043,3843755.15927513,678.753556238555,L1_3,2134.5,251.223455816935,8.39235724621352
264653.131228043,3843755.15927513,678.753556238555,L1_3,2134.5,224.956715971258,8.60876702642894
264653.131228043,3843755.15927513,678.753556238555,L1_3,2134.5,197.376639133297,8.86511320654515
264653.131228043,3843755.15927513,678.753556238555,L1_3,2134.5,168.417558453437,9.14096478872178
264653.131228043,3843755.15927513,678.753556238555,L1_3,2134.5,138.010523739585,9.41675483545447
264653.131228043,3843755.15927513,678.753556238555,L1_3,2134.5,106.08313729004,9.67522946059791
264653.131228043,3843755.15927513,678.753556238555,L1_3,2134.5,,
264653.131228043,3843755.15927513,678.753556238555,L1_3,2134.5,,
264653.131228043,3843755.15927513,678.753556238555,L1_3,2134.5,,
264653.131228043,3843755.15927513,678.753556238555,L1_3,2134.5,,
264653.131228043,3843755.15927513,678.753556238555,L1_3,2134.5,,
264653.131228043,3843755.15927513,678.753556238555,L1_3,2134.5,,
264653.131228043,3843755.15927513,678.753556238555,L1_3,2134.5,,
264653.131228043,3843755.15927513,678.753556238555,L1_3,2134.5,,
264653.131228043,3843755.15927513,678.753556238555,L1_3,2134.5,,
264653.131228043,3843755.15927513,678.753556238555,L1_3,2134.5,,
264653.131228043,3843755.15927513,678.753556238555,L1_3,2134.5,,
264653.131228043,3843755.15927513,678.753556238555,L1_3,2134.5,,
264653.131228043,3843755.15927513,678.753556238555,L1_3,2134.5,,
264653.131228043,3843755.15927513,678.753556238555,L1_3,2134.5,,
264653.131228043,3843755.15927513,678.753556238555,L1_3,2134.5,,
264653.131228043,3843755.15927513,678.753556238555,L1_3,2134.5,,
264653.131228043,3843755.15927513,678.753556238555,L1_3,2134.5,,
264653.131228043,3843755.15927513,678.753556238555,L1_3,2134.5,,
264653.131228043,3843755.15927513,678.753556238555,L1_3,2134.5,,
264653.131228043,3843755.15927513,678.753556238555,L1_3,2134.5,,
264653.131228043,3843755.15927513,678.753556238555,L1_3,2134.5,,
264658.086383144,3843758.55235092,679.05655343689,L1_3,2140.5,679.05655343689,10.0067776955885
264658.086383144,3843758.55235092,679.05655343689,L1_3,2140.5,674.021225159878,11.8820800385615
264658.086383144,3843758.55235092,679.05655343689,L1_3,2140.5,668.734130469017,14.6533478050878
264658.086383144,3843758.55235092,679.05655343689,L1_3,2140.5,663.182681043612,13.9126739428054
264658.086383144,3843758.55235092,679.05655343689,L1_3,2140.5,657.353659146936,11.2978496354438
264658.086383144,3843758.55235092,679.05655343689,L1_3,2140.5,651.233186155427,9.27693973425622
264658.086383144,3843758.55235092,679.05655343689,L1_3,2140.5,644.806689514343,8.41493448454069
264658.086383144,3843758.55235092,679.05655343689,L1_3,2140.5,638.058868041204,8.4470371920457
264658.086383144,3843758.55235092,679.05655343689,L1_3,2140.5,630.973655494409,8.96212205874605
264658.086383144,3843758.55235092,679.05655343689,L1_3,2140.5,623.534182320274,9.59430130428987
264658.086383144,3843758.55235092,679.05655343689,L1_3,2140.5,615.722735487431,10.1113670443684
264658.086383144,3843758.55235092,679.05655343689,L1_3,2140.5,607.520716312947,10.4476547478046
264658.086383144,3843758.55235092,679.05655343689,L1_3,2140.5,598.908596179739,10.6522536627009
264658.086383144,3843758.55235092,679.05655343689,L1_3,2140.5,589.86587003987,10.8075866174104
264658.086383144,3843758.55235092,679.05655343689,L1_3,2140.5,580.371007593008,10.9776913091922
264658.086383144,3843758.55235092,679.05655343689,L1_3,2140.5,570.401402023802,11.1927791721373
264658.086383144,3843758.55235092,679.05655343689,L1_3,2140.5,559.933316176137,11.4516552677312
264658.086383144,3843758.55235092,679.05655343689,L1_3,2140.5,548.941826036088,11.728469589825
264658.086383144,3843758.55235092,679.05655343689,L1_3,2140.5,537.400761389036,11.9800883595275
264658.086383144,3843758.55235092,679.05655343689,L1_3,2140.5,525.282643509632,12.1551583277147
264658.086383144,3843758.55235092,679.05655343689,L1_3,2140.5,512.558619736258,12.205756127101
264658.086383144,3843758.55235092,679.05655343689,L1_3,2140.5,499.198394774215,12.0998371350592
264658.086383144,3843758.55235092,679.05655343689,L1_3,2140.5,485.17015856407,11.8303677453788
264658.086383144,3843758.55235092,679.05655343689,L1_3,2140.5,470.440510543418,11.4173645478229
264658.086383144,3843758.55235092,679.05655343689,L1_3,2140.5,454.974380121733,10.9021764730825
264658.086383144,3843758.55235092,679.05655343689,L1_3,2140.5,438.734943178964,10.3369572368172
264658.086383144,3843758.55235092,679.05655343689,L1_3,2140.5,421.683534389056,9.77383218735495
264658.086383144,3843758.55235092,679.05655343689,L1_3,2140.5,403.779555159653,9.25715219031778
264658.086383144,3843758.55235092,679.05655343689,L1_3,2140.5,384.98037696878,8.81984499681593
264658.086383144,3843758.55235092,679.05655343689,L1_3,2140.5,365.241239868364,8.48298194754326
264658.086383144,3843758.55235092,679.05655343689,L1_3,2140.5,344.515145912926,8.25699315091144
264658.086383144,3843758.55235092,679.05655343689,L1_3,2140.5,322.754303339663,8.14341754997777
264658.086383144,3843758.55235092,679.05655343689,L1_3,2140.5,300.064105870122,8.13583120500291
264658.086383144,3843758.55235092,679.05655343689,L1_3,2140.5,276.239398527104,8.22207637261648
264658.086383144,3843758.55235092,679.05655343689,L1_3,2140.5,251.223455816935,8.38646899930901
264658.086383144,3843758.55235092,679.05655343689,L1_3,2140.5,224.956715971258,8.61040938326585
264658.086383144,3843758.55235092,679.05655343689,L1_3,2140.5,197.376639133297,8.8735533859732
264658.086383144,3843758.55235092,679.05655343689,L1_3,2140.5,168.417558453437,9.15507133288207
264658.086383144,3843758.55235092,679.05655343689,L1_3,2140.5,138.010523739585,9.43511132031991
264658.086383144,3843758.55235092,679.05655343689,L1_3,2140.5,106.08313729004,9.69627258044198
264658.086383144,3843758.55235092,679.05655343689,L1_3,2140.5,,
264658.086383144,3843758.55235092,679.05655343689,L1_3,2140.5,,
264658.086383144,3843758.55235092,679.05655343689,L1_3,2140.5,,
264658.086383144,3843758.55235092,679.05655343689,L1_3,2140.5,,
264658.086383144,3843758.55235092,679.05655343689,L1_3,2140.5,,
264658.086383144,3843758.55235092,679.05655343689,L1_3,2140.5,,
264658.086383144,3843758.55235092,679.05655343689,L1_3,2140.5,,
264658.086383144,3843758.55235092,679.05655343689,L1_3,2140.5,,
264658.086383144,3843758.55235092,679.05655343689,L1_3,2140.5,,
264658.086383144,3843758.55235092,679.05655343689,L1_3,2140.5,,
264658.086383144,3843758.55235092,679.05655343689,L1_3,2140.5,,
264658.086383144,3843758.55235092,679.05655343689,L1_3,2140.5,,
264658.086383144,3843758.55235092,679.05655343689,L1_3,2140.5,,
264658.086383144,3843758.55235092,679.05655343689,L1_3,2140.5,,
264658.086383144,3843758.55235092,679.05655343689,L1_3,2140.5,,
264658.086383144,3843758.55235092,679.05655343689,L1_3,2140.5,,
264658.086383144,3843758.55235092,679.05655343689,L1_3,2140.5,,
264658.086383144,3843758.55235092,679.05655343689,L1_3,2140.5,,
264658.086383144,3843758.55235092,679.05655343689,L1_3,2140.5,,
264658.086383144,3843758.55235092,679.05655343689,L1_3,2140.5,,
264658.086383144,3843758.55235092,679.05655343689,L1_3,2140.5,,
264663.454467837,3843762.22818303,679.407516058726,L1_3,2147.0,679.407516058726,11.8278633410003
264663.454467837,3843762.22818303,679.407516058726,L1_3,2147.0,674.367224846431,12.920446118882
264663.454467837,3843762.22818303,679.407516058726,L1_3,2147.0,669.074919073521,15.0173222785652
264663.454467837,3843762.22818303,679.407516058726,L1_3,2147.0,663.517998011966,15.8106576949
264663.454467837,3843762.22818303,679.407516058726,L1_3,2147.0,657.683230897333,14.9391588163265
264663.454467837,3843762.22818303,679.407516058726,L1_3,2147.0,651.556725426969,13.6684792220814
264663.454467837,3843762.22818303,679.407516058726,L1_3,2147.0,645.123894683086,12.8068724347565
264663.454467837,3843762.22818303,679.407516058726,L1_3,2147.0,638.369422402009,12.4510346101511
264663.454467837,3843762.22818303,679.407516058726,L1_3,2147.0,631.277226506879,12.3681958628014
264663.454467837,3843762.22818303,679.407516058726,L1_3,2147.0,623.830420816991,12.3051624627856
264663.454467837,3843762.22818303,679.407516058726,L1_3,2147.0,616.01127484261,12.1363481279076
264663.454467837,3843762.22818303,679.407516058726,L1_3,2147.0,607.801171569509,11.8748887246149
264663.454467837,3843762.22818303,679.407516058726,L1_3,2147.0,599.180563132753,11.6031872592151
264663.454467837,3843762.22818303,679.407516058726,L1_3,2147.0,590.12892427416,11.4025653577047
264663.454467837,3843762.22818303,679.407516058726,L1_3,2147.0,580.624703472637,11.3204549911091
264663.454467837,3843762.22818303,679.407516058726,L1_3,2147.0,570.645271631037,11.3669569850811
264663.454467837,3843762.22818303,679.407516058726,L1_3,2147.0,560.166868197358,11.5219108430752
264663.454467837,3843762.22818303,679.407516058726,L1_3,2147.0,549.164544591995,11.7425759675061
264663.454467837,3843762.22818303,679.407516058726,L1_3,2147.0,537.612104806363,11.970820956546
264663.454467837,3843762.22818303,679.407516058726,L1_3,2147.0,525.48204303145,12.1421029819269
264663.454467837,3843762.22818303,679.407516058726,L1_3,2147.0,512.745478167792,12.1975316047213
264663.454467837,3843762.22818303,679.407516058726,L1_3,2147.0,499.37208506095,12.0970637345908
264663.454467837,3843762.22818303,679.407516058726,L1_3,2147.0,485.330022298766,11.8291733531951
264663.454467837,3843762.22818303,679.407516058726,L1_3,2147.0,470.585856398473,11.4127196080558
264663.454467837,3843762.22818303,679.407516058726,L1_3,2147.0,455.104482203166,10.8902813851491
264663.454467837,3843762.22818303,679.407516058726,L1_3,2147.0,438.849039298093,10.3163113600948
264663.454467837,3843762.22818303,679.407516058726,L1_3,2147.0,421.780824247767,9.74517429896524
264663.454467837,3843762.22818303,679.407516058726,L1_3,2147.0,403.859198444924,9.22278064680861
264663.454467837,3843762.22818303,679.407516058726,L1_3,2147.0,385.041491351939,8.78280786284983
264663.454467837,3843762.22818303,679.407516058726,L1_3,2147.0,365.282898904304,8.44642825650561
264663.454467837,3843762.22818303,679.407516058726,L1_3,2147.0,344.536376834289,8.22375704361248
264663.454467837,3843762.22818303,679.407516058726,L1_3,2147.0,322.754303339663,8.11579620051696
264663.454467837,3843762.22818303,679.407516058726,L1_3,2147.0,300.064105870122,8.11538109456633
264663.454467837,3843762.22818303,679.407516058726,L1_3,2147.0,276.239398527104,8.20958796531519
264663.454467837,3843762.22818303,679.407516058726,L1_3,2147.0,251.223455816935,8.3821086718246
264663.454467837,3843762.22818303,679.407516058726,L1_3,2147.0,224.956715971258,8.61379316865146
264663.454467837,3843762.22818303,679.407516058726,L1_3,2147.0,197.376639133297,8.88382895425957
264663.454467837,3843762.22818303,679.407516058726,L1_3,2147.0,168.417558453437,9.1710070874078
264663.454467837,3843762.22818303,679.407516058726,L1_3,2147.0,138.010523739585,9.4552094913215
264663.454467837,3843762.22818303,679.407516058726,L1_3,2147.0,106.08313729004,9.71890841735957
264663.454467837,3843762.22818303,679.407516058726,L1_3,2147.0,,
264663.454467837,3843762.22818303,679.407516058726,L1_3,2147.0,,
264663.454467837,3843762.22818303,679.407516058726,L1_3,2147.0,,
264663.454467837,3843762.22818303,679.407516058726,L1_3,2147.0,,
264663.454467837,3843762.22818303,679.407516058726,L1_3,2147.0,,
264663.454467837,3843762.22818303,679.407516058726,L1_3,2147.0,,
264663.454467837,3843762.22818303,679.407516058726,L1_3,2147.0,,
264663.454467837,3843762.22818303,679.407516058726,L1_3,2147.0,,
264663.454467837,3843762.22818303,679.407516058726,L1_3,2147.0,,
264663.454467837,3843762.22818303,679.407516058726,L1_3,2147.0,,
264663.454467837,3843762.22818303,679.407516058726,L1_3,2147.0,,
264663.454467837,3843762.22818303,679.407516058726,L1_3,2147.0,,
264663.454467837,3843762.22818303,679.407516058726,L1_3,2147.0,,
264663.454467837,3843762.22818303,679.407516058726,L1_3,2147.0,,
264663.454467837,3843762.22818303,679.407516058726,L1_3,2147.0,,
264663.454467837,3843762.22818303,679.407516058726,L1_3,2147.0,,
264663.454467837,3843762.22818303,679.407516058726,L1_3,2147.0,,
264663.454467837,3843762.22818303,679.407516058726,L1_3,2147.0,,
264663.454467837,3843762.22818303,679.407516058726,L1_3,2147.0,,
264663.454467837,3843762.22818303,679.407516058726,L1_3,2147.0,,
264663.454467837,3843762.22818303,679.407516058726,L1_3,2147.0,,
264668.409622817,3843765.62125848,679.758478680562,L1_3,2153.0,679.758478680562,12.2401640034445
264668.409622817,3843765.62125848,679.758478680562,L1_3,2153.0,674.713224532983,12.3523517365163
264668.409622817,3843765.62125848,679.758478680562,L1_3,2153.0,669.415707678026,13.513508500827
264668.409622817,3843765.62125848,679.758478680562,L1_3,2153.0,663.853314980321,15.7746038657757
264668.409622817,3843765.62125848,679.758478680562,L1_3,2153.0,658.01280264773,17.5923663058891
264668.409622817,3843765.62125848,679.758478680562,L1_3,2153.0,651.88026469851,18.2346398383756
264668.409622817,3843765.62125848,679.758478680562,L1_3,2153.0,645.441099851829,17.9177757694473
264668.409622817,3843765.62125848,679.758478680562,L1_3,2153.0,638.679976762814,17.1362194476312
264668.409622817,3843765.62125848,679.758478680562,L1_3,2153.0,631.580797519348,16.1966712804129
264668.409622817,3843765.62125848,679.758478680562,L1_3,2153.0,624.126659313709,15.207625070048
264668.409622817,3843765.62125848,679.758478680562,L1_3,2153.0,616.299814197788,14.2225093877048
264668.409622817,3843765.62125848,679.758478680562,L1_3,2153.0,608.081626826071,13.3112404624956
264668.409622817,3843765.62125848,679.758478680562,L1_3,2153.0,599.452530085768,12.550184576396
264668.409622817,3843765.62125848,679.758478680562,L1_3,2153.0,590.39197850845,11.99346751067
264668.409622817,3843765.62125848,679.758478680562,L1_3,2153.0,580.878399352266,11.6602571108778
264668.409622817,3843765.62125848,679.758478680562,L1_3,2153.0,570.889141238272,11.5371467926387
264668.409622817,3843765.62125848,679.758478680562,L1_3,2153.0,560.400420218579,11.5851598441828
264668.409622817,3843765.62125848,679.758478680562,L1_3,2153.0,549.387263147902,11.7459200162198
264668.409622817,3843765.62125848,679.758478680562,L1_3,2153.0,537.82344822369,11.9475270367312
264668.409622817,3843765.62125848,679.758478680562,L1_3,2153.0,525.681442553268,12.1129848335659
264668.409622817,3843765.62125848,679.758478680562,L1_3,2153.0,512.932336599325,12.1726098765458
264668.409622817,3843765.62125848,679.758478680562,L1_3,2153.0,499.545775347685,12.0781389873514
264668.409622817,3843765.62125848,679.758478680562,L1_3,2153.0,485.489886033462,11.8131793580585
264668.409622817,3843765.62125848,679.758478680562,L1_3,2153.0,470.731202253529,11.3950862171021
264668.409622817,3843765.62125848,679.758478680562,L1_3,2153.0,455.234584284599,10.8674160403834
264668.409622817,3843765.62125848,679.758478680562,L1_3,2153.0,438.963135417222,10.2867549927229
264668.409622817,3843765.62125848,679.758478680562,L1_3,2153.0,421.878114106477,9.70959526208753
264668.409622817,3843765.62125848,679.758478680562,L1_3,2153.0,403.938841730194,9.1833239822528
264668.409622817,3843765.62125848,679.758478680562,L1_3,2153.0,385.102605735097,8.74231391893952
264668.409622817,3843765.62125848,679.758478680562,L1_3,2153.0,365.324557940245,8.40781277924797
264668.409622817,3843765.62125848,679.758478680562,L1_3,2153.0,344.557607755651,8.18961803948602
264668.409622817,3843765.62125848,679.758478680562,L1_3,2153.0,322.754303339663,8.08820713773493
264668.409622817,3843765.62125848,679.758478680562,L1_3,2153.0,300.064105870122,8.09568874228492
264668.409622817,3843765.62125848,679.758478680562,L1_3,2153.0,276.239398527104,8.19838893336292
264668.409622817,3843765.62125848,679.758478680562,L1_3,2153.0,251.223455816935,8.37939761404766
264668.409622817,3843765.62125848,679.758478680562,L1_3,2153.0,224.956715971258,8.6190373616316
264668.409622817,3843765.62125848,679.758478680562,L1_3,2153.0,197.376639133297,8.89604992723128
264668.409622817,3843765.62125848,679.758478680562,L1_3,2153.0,168.417558453437,9.18886855563605
264668.409622817,3843765.62125848,679.758478680562,L1_3,2153.0,138.010523739585,9.47713044905775
264668.409622817,3843765.62125848,679.758478680562,L1_3,2153.0,106.08313729004,9.74320223970057
264668.409622817,3843765.62125848,679.758478680562,L1_3,2153.0,,
264668.409622817,3843765.62125848,679.758478680562,L1_3,2153.0,,
264668.409622817,3843765.62125848,679.758478680562,L1_3,2153.0,,
264668.409622817,3843765.62125848,679.758478680562,L1_3,2153.0,,
264668.409622817,3843765.62125848,679.758478680562,L1_3,2153.0,,
264668.409622817,3843765.62125848,679.758478680562,L1_3,2153.0,,
264668.409622817,3843765.62125848,679.758478680562,L1_3,2153.0,,
264668.409622817,3843765.62125848,679.758478680562,L1_3,2153.0,,
264668.409622817,3843765.62125848,679.758478680562,L1_3,2153.0,,
264668.409622817,3843765.62125848,679.758478680562,L1_3,2153.0,,
264668.409622817,3843765.62125848,679.758478680562,L1_3,2153.0,,
264668.409622817,3843765.62125848,679.758478680562,L1_3,2153.0,,
264668.409622817,3843765.62125848,679.758478680562,L1_3,2153.0,,
264668.409622817,3843765.62125848,679.758478680562,L1_3,2153.0,,
264668.409622817,3843765.62125848,679.758478680562,L1_3,2153.0,,
264668.409622817,3843765.62125848,679.758478680562,L1_3,2153.0,,
264668.409622817,3843765.62125848,679.758478680562,L1_3,2153.0,,
264668.409622817,3843765.62125848,679.758478680562,L1_3,2153.0,,
264668.409622817,3843765.62125848,679.758478680562,L1_3,2153.0,,
264668.409622817,3843765.62125848,679.758478680562,L1_3,2153.0,,
264668.409622817,3843765.62125848,679.758478680562,L1_3,2153.0,,
264673.777707248,3843769.29708984,680.109441302398,L1_3,2159.5,680.109441302398,9.84645147437215
264673.777707248,3843769.29708984,680.109441302398,L1_3,2159.5,675.059224219536,9.69926901975865
264673.777707248,3843769.29708984,680.109441302398,L1_3,2159.5,669.756496282531,10.5003255827559
264673.777707248,3843769.29708984,680.109441302398,L1_3,2159.5,664.188631948675,13.1207087901901
264673.777707248,3843769.29708984,680.109441302398,L1_3,2159.5,658.342374398127,16.4649049341834
264673.777707248,3843769.29708984,680.109441302398,L1_3,2159.5,652.203803970052,19.0799023226683
264673.777707248,3843769.29708984,680.109441302398,L1_3,2159.5,645.758305020572,20.1541094096131
264673.777707248,3843769.29708984,680.109441302398,L1_3,2159.5,638.990531123619,19.8493570993407
264673.777707248,3843769.29708984,680.109441302398,L1_3,2159.5,631.884368531818,18.7395057549319
264673.777707248,3843769.29708984,680.109441302398,L1_3,2159.5,624.422897810427,17.3004852527997
264673.777707248,3843769.29708984,680.109441302398,L1_3,2159.5,616.588353552966,15.8190802131119
264673.777707248,3843769.29708984,680.109441302398,L1_3,2159.5,608.362082082633,14.4644410937213
264673.777707248,3843769.29708984,680.109441302398,L1_3,2159.5,599.724497038782,13.3401242357986
264673.777707248,3843769.29708984,680.109441302398,L1_3,2159.5,590.655032742739,12.5000648557805
264673.777707248,3843769.29708984,680.109441302398,L1_3,2159.5,581.132095231894,11.9551606711084
264673.777707248,3843769.29708984,680.109441302398,L1_3,2159.5,571.133010845507,11.6818628383933
264673.777707248,3843769.29708984,680.109441302398,L1_3,2159.5,560.633972239801,11.6308917072423
264673.777707248,3843769.29708984,680.109441302398,L1_3,2159.5,549.609981703809,11.733677137008
264673.777707248,3843769.29708984,680.109441302398,L1_3,2159.5,538.034791641017,11.9080402579657
264673.777707248,3843769.29708984,680.109441302398,L1_3,2159.5,525.880842075086,12.0666337807841
264673.777707248,3843769.29708984,680.109441302398,L1_3,2159.5,513.119195030858,12.1300241060808
264673.777707248,3843769.29708984,680.109441302398,L1_3,2159.5,499.719465634419,12.0420293690124
264673.777707248,3843769.29708984,680.109441302398,L1_3,2159.5,485.649749768158,11.7812826142111
264673.777707248,3843769.29708984,680.109441302398,L1_3,2159.5,470.876548108584,11.3633854424181
264673.777707248,3843769.29708984,680.109441302398,L1_3,2159.5,455.364686366032,10.8326220343495
264673.777707248,3843769.29708984,680.109441302398,L1_3,2159.5,439.077231536351,10.247509719269
264673.777707248,3843769.29708984,680.109441302398,L1_3,2159.5,421.975403965187,9.66651365169265
264673.777707248,3843769.29708984,680.109441302398,L1_3,2159.5,404.018485015464,9.13838376618125
264673.777707248,3843769.29708984,680.109441302398,L1_3,2159.5,385.163720118256,8.69811732049625
264673.777707248,3843769.29708984,680.109441302398,L1_3,2159.5,365.366216976186,8.36700715866639
264673.777707248,3843769.29708984,680.109441302398,L1_3,2159.5,344.578838677014,8.15453256962577
264673.777707248,3843769.29708984,680.109441302398,L1_3,2159.5,322.754303339663,8.06066382254316
264673.777707248,3843769.29708984,680.109441302398,L1_3,2159.5,300.064105870122,8.07680334221436
264673.777707248,3843769.29708984,680.109441302398,L1_3,2159.5,276.239398527104,8.18854942799095
264673.777707248,3843769.29708984,680.109441302398,L1_3,2159.5,251.223455816935,8.37841622289648
264673.777707248,3843769.29708984,680.109441302398,L1_3,2159.5,224.956715971258,8.62622462068842
264673.777707248,3843769.29708984,680.109441302398,L1_3,2159.5,197.376639133297,8.91029509396188
264673.777707248,3843769.29708984,680.109441302398,L1_3,2159.5,168.417558453437,9.20872682946361
264673.777707248,3843769.29708984,680.109441302398,L1_3,2159.5,138.010523739585,9.50093530594034
264673.777707248,3843769.29708984,680.109441302398,L1_3,2159.5,106.08313729004,9.76920386816101
264673.777707248,3843769.29708984,680.109441302398,L1_3,2159.5,,
264673.777707248,3843769.29708984,680.109441302398,L1_3,2159.5,,
264673.777707248,3843769.29708984,680.109441302398,L1_3,2159.5,,
264673.777707248,3843769.29708984,680.109441302398,L1_3,2159.5,,
264673.777707248,3843769.29708984,680.109441302398,L1_3,2159.5,,
264673.777707248,3843769.29708984,680.109441302398,L1_3,2159.5,,
264673.777707248,3843769.29708984,680.109441302398,L1_3,2159.5,,
264673.777707248,3843769.29708984,680.109441302398,L1_3,2159.5,,
264673.777707248,3843769.29708984,680.109441302398,L1_3,2159.5,,
264673.777707248,3843769.29708984,680.109441302398,L1_3,2159.5,,
264673.777707248,3843769.29708984,680.109441302398,L1_3,2159.5,,
264673.777707248,3843769.29708984,680.109441302398,L1_3,2159.5,,
264673.777707248,3843769.29708984,680.109441302398,L1_3,2159.5,,
264673.777707248,3843769.29708984,680.109441302398,L1_3,2159.5,,
264673.777707248,3843769.29708984,680.109441302398,L1_3,2159.5,,
264673.777707248,3843769.29708984,680.109441302398,L1_3,2159.5,,
264673.777707248,3843769.29708984,680.109441302398,L1_3,2159.5,,
264673.777707248,3843769.29708984,680.109441302398,L1_3,2159.5,,
264673.777707248,3843769.29708984,680.109441302398,L1_3,2159.5,,
264673.777707248,3843769.29708984,680.109441302398,L1_3,2159.5,,
264673.777707248,3843769.29708984,680.109441302398,L1_3,2159.5,,
264678.732862107,3843772.69016494,680.485606655716,L1_3,2165.5,680.485606655716,8.49464520240872
264678.732862107,3843772.69016494,680.485606655716,L1_3,2165.5,675.430070247695,7.90751993299827
264678.732862107,3843772.69016494,680.485606655716,L1_3,2165.5,670.121757019272,7.66891565277841
264678.732862107,3843772.69016494,680.485606655716,L1_3,2165.5,664.548028129428,8.93867121765554
264678.732862107,3843772.69016494,680.485606655716,L1_3,2165.5,658.695612795092,11.3144294273599
264678.732862107,3843772.69016494,680.485606655716,L1_3,2165.5,652.550576694039,14.1414503850064
264678.732862107,3843772.69016494,680.485606655716,L1_3,2165.5,646.098288787933,16.5995745461221
264678.732862107,3843772.69016494,680.485606655716,L1_3,2165.5,639.323386486522,18.030621871788
264678.732862107,3843772.69016494,680.485606655716,L1_3,2165.5,632.209739070041,18.2719732982394
264678.732862107,3843772.69016494,680.485606655716,L1_3,2165.5,624.740409282735,17.5905426745788
264678.732862107,3843772.69016494,680.485606655716,L1_3,2165.5,616.897613006064,16.4015568858798
264678.732862107,3843772.69016494,680.485606655716,L1_3,2165.5,608.66267691556,15.0675765760613
264678.732862107,3843772.69016494,680.485606655716,L1_3,2165.5,600.01599402053,13.8375538683228
264678.732862107,3843772.69016494,680.485606655716,L1_3,2165.5,590.936976980749,12.8524402886854
264678.732862107,3843772.69016494,680.485606655716,L1_3,2165.5,581.404009088979,12.1683287927334
264678.732862107,3843772.69016494,680.485606655716,L1_3,2165.5,571.394392802621,11.7815222339722
264678.732862107,3843772.69016494,680.485606655716,L1_3,2165.5,560.884295701944,11.6487707107518
264678.732862107,3843772.69016494,680.485606655716,L1_3,2165.5,549.848693746234,11.7004146280462
264678.732862107,3843772.69016494,680.485606655716,L1_3,2165.5,538.261311692738,11.8493380626473
264678.732862107,3843772.69016494,680.485606655716,L1_3,2165.5,526.094560536567,12.0010337953371
264678.732862107,3843772.69016494,680.485606655716,L1_3,2165.5,513.319471822588,12.0680772436345
264678.732862107,3843772.69016494,680.485606655716,L1_3,2165.5,499.90562867291,11.9871242389908
264678.732862107,3843772.69016494,680.485606655716,L1_3,2165.5,485.821093365748,11.7319634368204
264678.732862107,3843772.69016494,680.485606655716,L1_3,2165.5,471.032331293227,11.3162717742047
264678.732862107,3843772.69016494,680.485606655716,L1_3,2165.5,455.504131117081,10.7848041785031
264678.732862107,3843772.69016494,680.485606655716,L1_3,2165.5,439.199520932128,10.197760787536
264678.732862107,3843772.69016494,680.485606655716,L1_3,2165.5,422.079680237927,9.61537852704948
264678.732862107,3843772.69016494,680.485606655716,L1_3,2165.5,404.103847509015,9.08763119903549
264678.732862107,3843772.69016494,680.485606655716,L1_3,2165.5,385.229223143658,8.6500607665938
264678.732862107,3843772.69016494,680.485606655716,L1_3,2165.5,365.410867560034,8.32397602978892
264678.732862107,3843772.69016494,680.485606655716,L1_3,2165.5,344.601594197228,8.11854582384919
264678.732862107,3843772.69016494,680.485606655716,L1_3,2165.5,322.754303339663,8.03326131412934
264678.732862107,3843772.69016494,680.485606655716,L1_3,2165.5,300.064105870122,8.0588474993037
264678.732862107,3843772.69016494,680.485606655716,L1_3,2165.5,276.239398527104,8.18020303650551
264678.732862107,3843772.69016494,680.485606655716,L1_3,2165.5,251.223455816935,8.3792985314645
264678.732862107,3843772.69016494,680.485606655716,L1_3,2165.5,224.956715971258,8.63548192759826
264678.732862107,3843772.69016494,680.485606655716,L1_3,2165.5,197.376639133297,8.92667925695072
264678.732862107,3843772.69016494,680.485606655716,L1_3,2165.5,168.417558453437,9.23068097287364
264678.732862107,3843772.69016494,680.485606655716,L1_3,2165.5,138.010523739585,9.52670553886523
264678.732862107,3843772.69016494,680.485606655716,L1_3,2165.5,106.08313729004,9.79697797855084
264678.732862107,3843772.69016494,680.485606655716,L1_3,2165.5,,
264678.732862107,3843772.69016494,680.485606655716,L1_3,2165.5,,
264678.732862107,3843772.69016494,680.485606655716,L1_3,2165.5,,
264678.732862107,3843772.69016494,680.485606655716,L1_3,2165.5,,
264678.732862107,3843772.69016494,680.485606655716,L1_3,2165.5,,
264678.732862107,3843772.69016494,680.485606655716,L1_3,2165.5,,
264678.732862107,3843772.69016494,680.485606655716,L1_3,2165.5,,
264678.732862107,3843772.69016494,680.485606655716,L1_3,2165.5,,
264678.732862107,3843772.69016494,680.485606655716,L1_3,2165.5,,
264678.732862107,3843772.69016494,680.485606655716,L1_3,2165.5,,
264678.732862107,3843772.69016494,680.485606655716,L1_3,2165.5,,
264678.732862107,3843772.69016494,680.485606655716,L1_3,2165.5,,
264678.732862107,3843772.69016494,680.485606655716,L1_3,2165.5,,
264678.732862107,3843772.69016494,680.485606655716,L1_3,2165.5,,
264678.732862107,3843772.69016494,680.485606655716,L1_3,2165.5,,
264678.732862107,3843772.69016494,680.485606655716,L1_3,2165.5,,
264678.732862107,3843772.69016494,680.485606655716,L1_3,2165.5,,
264678.732862107,3843772.69016494,680.485606655716,L1_3,2165.5,,
264678.732862107,3843772.69016494,680.485606655716,L1_3,2165.5,,
264678.732862107,3843772.69016494,680.485606655716,L1_3,2165.5,,
264678.732862107,3843772.69016494,680.485606655716,L1_3,2165.5,,
264684.100946538,3843776.36599631,680.887040734538,L1_3,2172.0,680.887040734538,8.43434995053137
264684.100946538,3843776.36599631,680.887040734538,L1_3,2172.0,675.825827678264,7.48781398352182
264684.100946538,3843776.36599631,680.887040734538,L1_3,2172.0,670.511553969177,6.11247584129292
264684.100946538,3843776.36599631,680.887040734538,L1_3,2172.0,664.931566574635,5.64177215484629
264684.100946538,3843776.36599631,680.887040734538,L1_3,2172.0,659.072579810366,6.19951295328681
264684.100946538,3843776.36599631,680.887040734538,L1_3,2172.0,652.920643707883,7.80777855759397
264684.100946538,3843776.36599631,680.887040734538,L1_3,2172.0,646.461110800276,10.2967556834956
264684.100946538,3843776.36599631,680.887040734538,L1_3,2172.0,639.678601247289,13.0163754520175
264684.100946538,3843776.36599631,680.887040734538,L1_3,2172.0,632.556966216653,15.0828312845411
264684.100946538,3843776.36599631,680.887040734538,L1_3,2172.0,625.079249434485,15.9858370068021
264684.100946538,3843776.36599631,680.887040734538,L1_3,2172.0,617.227646813208,15.819738556258
264684.100946538,3843776.36599631,680.887040734538,L1_3,2172.0,608.983464060868,15.004880479478
264684.100946538,3843776.36599631,680.887040734538,L1_3,2172.0,600.327072170911,13.9682563210889
264684.100946538,3843776.36599631,680.887040734538,L1_3,2172.0,591.237860686455,13.0060810071659
264684.100946538,3843776.36599631,680.887040734538,L1_3,2172.0,581.694188627777,12.2738040907201
264684.100946538,3843776.36599631,680.887040734538,L1_3,2172.0,571.673332966165,11.8213447458523
264684.100946538,3843776.36599631,680.887040734538,L1_3,2172.0,561.151434521473,11.6306824763697
264684.100946538,3843776.36599631,680.887040734538,L1_3,2172.0,550.103441154545,11.6418762847471
264684.100946538,3843776.36599631,680.887040734538,L1_3,2172.0,538.503048119272,11.7692115941799
264684.100946538,3843776.36599631,680.887040734538,L1_3,2172.0,526.322635432235,11.9148779275079
264684.100946538,3843776.36599631,680.887040734538,L1_3,2172.0,513.533202110846,11.9857249878256
264684.100946538,3843776.36599631,680.887040734538,L1_3,2172.0,500.104297123387,11.9123777011487
264684.100946538,3843776.36599631,680.887040734538,L1_3,2172.0,486.003946886556,11.6641454573341
264684.100946538,3843776.36599631,680.887040734538,L1_3,2172.0,471.198579137883,11.252713386423
264684.100946538,3843776.36599631,680.887040734538,L1_3,2172.0,455.652943001776,10.7230610094755
264684.100946538,3843776.36599631,680.887040734538,L1_3,2172.0,439.330025058864,10.1367918322648
264684.100946538,3843776.36599631,680.887040734538,L1_3,2172.0,422.190961218806,9.55567238689773
264684.100946538,3843776.36599631,680.887040734538,L1_3,2172.0,404.194944186746,9.03072963226774
264684.100946538,3843776.36599631,680.887040734538,L1_3,2172.0,385.299126303082,8.59795470261568
264684.100946538,3843776.36599631,680.887040734538,L1_3,2172.0,365.458517525235,8.27864013757691
264684.100946538,3843776.36599631,680.887040734538,L1_3,2172.0,344.625878308496,8.08165503707816
264684.100946538,3843776.36599631,680.887040734538,L1_3,2172.0,322.754303339663,8.00604480726123
264684.100946538,3843776.36599631,680.887040734538,L1_3,2172.0,300.064105870122,8.04189374309995
264684.100946538,3843776.36599631,680.887040734538,L1_3,2172.0,276.239398527104,8.17343650187177
264684.100946538,3843776.36599631,680.887040734538,L1_3,2172.0,251.223455816935,8.38213598069399
264684.100946538,3843776.36599631,680.887040734538,L1_3,2172.0,224.956715971258,8.64689848870137
264684.100946538,3843776.36599631,680.887040734538,L1_3,2172.0,197.376639133297,8.94528520717419
264684.100946538,3843776.36599631,680.887040734538,L1_3,2172.0,168.417558453437,9.25480417464233
264684.100946538,3843776.36599631,680.887040734538,L1_3,2172.0,138.010523739585,9.55450268178518
264684.100946538,3843776.36599631,680.887040734538,L1_3,2172.0,106.08313729004,9.82657393412974
264684.100946538,3843776.36599631,680.887040734538,L1_3,2172.0,,
264684.100946538,3843776.36599631,680.887040734538,L1_3,2172.0,,
264684.100946538,3843776.36599631,680.887040734538,L1_3,2172.0,,
264684.100946538,3843776.36599631,680.887040734538,L1_3,2172.0,,
264684.100946538,3843776.36599631,680.887040734538,L1_3,2172.0,,
264684.100946538,3843776.36599631,680.887040734538,L1_3,2172.0,,
264684.100946538,3843776.36599631,680.887040734538,L1_3,2172.0,,
264684.100946538,3843776.36599631,680.887040734538,L1_3,2172.0,,
264684.100946538,3843776.36599631,680.887040734538,L1_3,2172.0,,
264684.100946538,3843776.36599631,680.887040734538,L1_3,2172.0,,
264684.100946538,3843776.36599631,680.887040734538,L1_3,2172.0,,
264684.100946538,3843776.36599631,680.887040734538,L1_3,2172.0,,
264684.100946538,3843776.36599631,680.887040734538,L1_3,2172.0,,
264684.100946538,3843776.36599631,680.887040734538,L1_3,2172.0,,
264684.100946538,3843776.36599631,680.887040734538,L1_3,2172.0,,
264684.100946538,3843776.36599631,680.887040734538,L1_3,2172.0,,
264684.100946538,3843776.36599631,680.887040734538,L1_3,2172.0,,
264684.100946538,3843776.36599631,680.887040734538,L1_3,2172.0,,
264684.100946538,3843776.36599631,680.887040734538,L1_3,2172.0,,
264684.100946538,3843776.36599631,680.887040734538,L1_3,2172.0,,
264684.100946538,3843776.36599631,680.887040734538,L1_3,2172.0,,
264689.056101277,3843779.75907107,681.28847481336,L1_3,2178.0,681.28847481336,7.55380685976606
264689.056101277,3843779.75907107,681.28847481336,L1_3,2178.0,676.221585108834,6.94731394544483
264689.056101277,3843779.75907107,681.28847481336,L1_3,2178.0,670.901350919082,5.30565920689983
264689.056101277,3843779.75907107,681.28847481336,L1_3,2178.0,665.315105019842,3.86493341939419
264689.056101277,3843779.75907107,681.28847481336,L1_3,2178.0,659.44954682564,3.44975331453912
264689.056101277,3843779.75907107,681.28847481336,L1_3,2178.0,653.290710721727,4.09554368407745
264689.056101277,3843779.75907107,681.28847481336,L1_3,2178.0,646.82393281262,5.85954965544686
264689.056101277,3843779.75907107,681.28847481336,L1_3,2178.0,640.033816008057,8.57544529277093
264689.056101277,3843779.75907107,681.28847481336,L1_3,2178.0,632.904193363265,11.4956023569496
264689.056101277,3843779.75907107,681.28847481336,L1_3,2178.0,625.418089586235,13.6485406163515
264689.056101277,3843779.75907107,681.28847481336,L1_3,2178.0,617.557680620352,14.5777823362643
264689.056101277,3843779.75907107,681.28847481336,L1_3,2178.0,609.304251206176,14.4749177906613
264689.056101277,3843779.75907107,681.28847481336,L1_3,2178.0,600.638150321291,13.804758463741
264689.056101277,3843779.75907107,681.28847481336,L1_3,2178.0,591.538744392161,12.9854147353043
264689.056101277,3843779.75907107,681.28847481336,L1_3,2178.0,581.984368166575,12.2787885145513
264689.056101277,3843779.75907107,681.28847481336,L1_3,2178.0,571.95227312971,11.8028459805542
264689.056101277,3843779.75907107,681.28847481336,L1_3,2178.0,561.418573341001,11.5765450247385
264689.056101277,3843779.75907107,681.28847481336,L1_3,2178.0,550.358188562857,11.5576601228911
264689.056101277,3843779.75907107,681.28847481336,L1_3,2178.0,538.744784545806,11.6671758387798
264689.056101277,3843779.75907107,681.28847481336,L1_3,2178.0,526.550710327902,11.8075149058908
264689.056101277,3843779.75907107,681.28847481336,L1_3,2178.0,513.746932399103,11.8820655166803
264689.056101277,3843779.75907107,681.28847481336,L1_3,2178.0,500.302965573864,11.816663310328
264689.056101277,3843779.75907107,681.28847481336,L1_3,2178.0,486.186800407364,11.5766030620088
264689.056101277,3843779.75907107,681.28847481336,L1_3,2178.0,471.364826982538,11.1715418305862
264689.056101277,3843779.75907107,681.28847481336,L1_3,2178.0,455.80175488647,10.6464032184317
264689.056101277,3843779.75907107,681.28847481336,L1_3,2178.0,439.4605291856,10.0638561528683
264689.056101277,3843779.75907107,681.28847481336,L1_3,2178.0,422.302242199686,9.48690009439916
264689.056101277,3843779.75907107,681.28847481336,L1_3,2178.0,404.286040864476,8.96740561023061
264689.056101277,3843779.75907107,681.28847481336,L1_3,2178.0,385.369029462506,8.54169939216676
264689.056101277,3843779.75907107,681.28847481336,L1_3,2178.0,365.506167490437,8.23102241828128
264689.056101277,3843779.75907107,681.28847481336,L1_3,2178.0,344.650162419765,8.04396005633621
264689.056101277,3843779.75907107,681.28847481336,L1_3,2178.0,322.754303339663,7.97915392146899
264689.056101277,3843779.75907107,681.28847481336,L1_3,2178.0,300.064105870122,8.02609654215298
264689.056101277,3843779.75907107,681.28847481336,L1_3,2178.0,276.239398527104,8.16840508627534
264689.056101277,3843779.75907107,681.28847481336,L1_3,2178.0,251.223455816935,8.38707600933009
264689.056101277,3843779.75907107,681.28847481336,L1_3,2178.0,224.956715971258,8.66060961983434
264689.056101277,3843779.75907107,681.28847481336,L1_3,2178.0,197.376639133297,8.9662322039636
264689.056101277,3843779.75907107,681.28847481336,L1_3,2178.0,168.417558453437,9.28119709838393
264689.056101277,3843779.75907107,681.28847481336,L1_3,2178.0,138.010523739585,9.58440849359391
264689.056101277,3843779.75907107,681.28847481336,L1_3,2178.0,106.08313729004,9.8580550136493
264689.056101277,3843779.75907107,681.28847481336,L1_3,2178.0,,
264689.056101277,3843779.75907107,681.28847481336,L1_3,2178.0,,
264689.056101277,3843779.75907107,681.28847481336,L1_3,2178.0,,
264689.056101277,3843779.75907107,681.28847481336,L1_3,2178.0,,
264689.056101277,3843779.75907107,681.28847481336,L1_3,2178.0,,
264689.056101277,3843779.75907107,681.28847481336,L1_3,2178.0,,
264689.056101277,3843779.75907107,681.28847481336,L1_3,2178.0,,
264689.056101277,3843779.75907107,681.28847481336,L1_3,2178.0,,
264689.056101277,3843779.75907107,681.28847481336,L1_3,2178.0,,
264689.056101277,3843779.75907107,681.28847481336,L1_3,2178.0,,
264689.056101277,3843779.75907107,681.28847481336,L1_3,2178.0,,
264689.056101277,3843779.75907107,681.28847481336,L1_3,2178.0,,
264689.056101277,3843779.75907107,681.28847481336,L1_3,2178.0,,
264689.056101277,3843779.75907107,681.28847481336,L1_3,2178.0,,
264689.056101277,3843779.75907107,681.28847481336,L1_3,2178.0,,
264689.056101277,3843779.75907107,681.28847481336,L1_3,2178.0,,
264689.056101277,3843779.75907107,681.28847481336,L1_3,2178.0,,
264689.056101277,3843779.75907107,681.28847481336,L1_3,2178.0,,
264689.056101277,3843779.75907107,681.28847481336,L1_3,2178.0,,
264689.056101277,3843779.75907107,681.28847481336,L1_3,2178.0,,
264689.056101277,3843779.75907107,681.28847481336,L1_3,2178.0,,
264694.424185446,3843783.43490168,681.689908892182,L1_3,2184.5,681.689908892182,10.2366395073644
264694.424185446,3843783.43490168,681.689908892182,L1_3,2184.5,676.617342539404,8.55120109945089
264694.424185446,3843783.43490168,681.689908892182,L1_3,2184.5,671.291147868986,5.33472085571083
264694.424185446,3843783.43490168,681.689908892182,L1_3,2184.5,665.698643465048,3.14004614694929
264694.424185446,3843783.43490168,681.689908892182,L1_3,2184.5,659.826513840914,2.33574924506982
264694.424185446,3843783.43490168,681.689908892182,L1_3,2184.5,653.660777735572,2.54535953609655
264694.424185446,3843783.43490168,681.689908892182,L1_3,2184.5,647.186754824963,3.74238628767242
264694.424185446,3843783.43490168,681.689908892182,L1_3,2184.5,640.389030768824,6.00961959761918
264694.424185446,3843783.43490168,681.689908892182,L1_3,2184.5,633.251420509878,8.95801946562649
264694.424185446,3843783.43490168,681.689908892182,L1_3,2184.5,625.756929737985,11.6395702253605
264694.424185446,3843783.43490168,681.689908892182,L1_3,2184.5,617.887714427496,13.2768323725968
264694.424185446,3843783.43490168,681.689908892182,L1_3,2184.5,609.625038351484,13.765415963559
264694.424185446,3843783.43490168,681.689908892182,L1_3,2184.5,600.949228471671,13.469553230795
264694.424185446,3843783.43490168,681.689908892182,L1_3,2184.5,591.839628097867,12.8379534470319
264694.424185446,3843783.43490168,681.689908892182,L1_3,2184.5,582.274547705373,12.1999297654626
264694.424185446,3843783.43490168,681.689908892182,L1_3,2184.5,572.231213293254,11.7309135654629
264694.424185446,3843783.43490168,681.689908892182,L1_3,2184.5,561.68571216053,11.4871808751226
264694.424185446,3843783.43490168,681.689908892182,L1_3,2184.5,550.612935971169,11.4474234050371
264694.424185446,3843783.43490168,681.689908892182,L1_3,2184.5,538.98652097234,11.5426625497588
264694.424185446,3843783.43490168,681.689908892182,L1_3,2184.5,526.77878522357,11.6783263052459
264694.424185446,3843783.43490168,681.689908892182,L1_3,2184.5,513.960662687361,11.7563754774391
264694.424185446,3843783.43490168,681.689908892182,L1_3,2184.5,500.501634024342,11.6991117123378
264694.424185446,3843783.43490168,681.689908892182,L1_3,2184.5,486.369653928171,11.4683624390455
264694.424185446,3843783.43490168,681.689908892182,L1_3,2184.5,471.531074827193,11.0717794176875
264694.424185446,3843783.43490168,681.689908892182,L1_3,2184.5,455.950566771165,10.5539567934415
264694.424185446,3843783.43490168,681.689908892182,L1_3,2184.5,439.591033312336,9.97825483871098
264694.424185446,3843783.43490168,681.689908892182,L1_3,2184.5,422.413523180566,9.40856330048463
264694.424185446,3843783.43490168,681.689908892182,L1_3,2184.5,404.377137542206,8.89735044985234
264694.424185446,3843783.43490168,681.689908892182,L1_3,2184.5,385.438932621929,8.48114353297687
264694.424185446,3843783.43490168,681.689908892182,L1_3,2184.5,365.553817455639,8.18108864098634
264694.424185446,3843783.43490168,681.689908892182,L1_3,2184.5,344.674446531033,8.0055038958562
264694.424185446,3843783.43490168,681.689908892182,L1_3,2184.5,322.754303339663,7.95267339922103
264694.424185446,3843783.43490168,681.689908892182,L1_3,2184.5,300.064105870122,8.01155801305964
264694.424185446,3843783.43490168,681.689908892182,L1_3,2184.5,276.239398527104,8.16521570258836
264694.424185446,3843783.43490168,681.689908892182,L1_3,2184.5,251.223455816935,8.39422362954284
264694.424185446,3843783.43490168,681.689908892182,L1_3,2184.5,224.956715971258,8.67671342136529
264694.424185446,3843783.43490168,681.689908892182,L1_3,2184.5,197.376639133297,8.9896076326459
264694.424185446,3843783.43490168,681.689908892182,L1_3,2184.5,168.417558453437,9.30993476269657
264694.424185446,3843783.43490168,681.689908892182,L1_3,2184.5,138.010523739585,9.61648490215057
264694.424185446,3843783.43490168,681.689908892182,L1_3,2184.5,106.08313729004,9.89147050540247
264694.424185446,3843783.43490168,681.689908892182,L1_3,2184.5,,
264694.424185446,3843783.43490168,681.689908892182,L1_3,2184.5,,
264694.424185446,3843783.43490168,681.689908892182,L1_3,2184.5,,
264694.424185446,3843783.43490168,681.689908892182,L1_3,2184.5,,
264694.424185446,3843783.43490168,681.689908892182,L1_3,2184.5,,
264694.424185446,3843783.43490168,681.689908892182,L1_3,2184.5,,
264694.424185446,3843783.43490168,681.689908892182,L1_3,2184.5,,
264694.424185446,3843783.43490168,681.689908892182,L1_3,2184.5,,
264694.424185446,3843783.43490168,681.689908892182,L1_3,2184.5,,
264694.424185446,3843783.43490168,681.689908892182,L1_3,2184.5,,
264694.424185446,3843783.43490168,681.689908892182,L1_3,2184.5,,
264694.424185446,3843783.43490168,681.689908892182,L1_3,2184.5,,
264694.424185446,3843783.43490168,681.689908892182,L1_3,2184.5,,
264694.424185446,3843783.43490168,681.689908892182,L1_3,2184.5,,
264694.424185446,3843783.43490168,681.689908892182,L1_3,2184.5,,
264694.424185446,3843783.43490168,681.689908892182,L1_3,2184.5,,
264694.424185446,3843783.43490168,681.689908892182,L1_3,2184.5,,
264694.424185446,3843783.43490168,681.689908892182,L1_3,2184.5,,
264694.424185446,3843783.43490168,681.689908892182,L1_3,2184.5,,
264694.424185446,3843783.43490168,681.689908892182,L1_3,2184.5,,
264694.424185446,3843783.43490168,681.689908892182,L1_3,2184.5,,
264699.379340063,3843786.82797609,681.996748107067,L1_3,2190.5,681.996748107067,9.72188472480995
264699.379340063,3843786.82797609,681.996748107067,L1_3,2190.5,676.91984276469,8.35007526156443
264699.379340063,3843786.82797609,681.996748107067,L1_3,2190.5,671.589092155193,5.33779300466286
264699.379340063,3843786.82797609,681.996748107067,L1_3,2190.5,665.991804015222,3.0114671946666
264699.379340063,3843786.82797609,681.996748107067,L1_3,2190.5,660.114651468252,2.06829658099107
264699.379340063,3843786.82797609,681.996748107067,L1_3,2190.5,653.943641293933,2.12818757447439
264699.379340063,3843786.82797609,681.996748107067,L1_3,2190.5,647.464080610899,3.09468891107702
264699.379340063,3843786.82797609,681.996748107067,L1_3,2190.5,640.660541893713,5.07923947886308
264699.379340063,3843786.82797609,681.996748107067,L1_3,2190.5,633.516826240667,7.84112199037287
264699.379340063,3843786.82797609,681.996748107067,L1_3,2190.5,626.01592480497,10.5608992388919
264699.379340063,3843786.82797609,681.996748107067,L1_3,2190.5,618.139978297487,12.4290094699999
264699.379340063,3843786.82797609,681.996748107067,L1_3,2190.5,609.87023446463,13.2055572465213
264699.379340063,3843786.82797609,681.996748107067,L1_3,2190.5,601.187003440131,13.1443964196281
264699.379340063,3843786.82797609,681.996748107067,L1_3,2190.5,592.069610864406,12.6562827411632
264699.379340063,3843786.82797609,681.996748107067,L1_3,2190.5,582.496348659896,12.0826391645808
264699.379340063,3843786.82797609,681.996748107067,L1_3,2190.5,572.444423345159,11.6274368199707
264699.379340063,3843786.82797609,681.996748107067,L1_3,2190.5,561.889901764686,11.3729693863633
264699.379340063,3843786.82797609,681.996748107067,L1_3,2190.5,550.80765410519,11.3159205307249
264699.379340063,3843786.82797609,681.996748107067,L1_3,2190.5,539.171294062718,11.3976473305377
264699.379340063,3843786.82797609,681.996748107067,L1_3,2190.5,526.953116018123,11.5278672633538
264699.379340063,3843786.82797609,681.996748107067,L1_3,2190.5,514.124029071298,11.6084439512123
264699.379340063,3843786.82797609,681.996748107067,L1_3,2190.5,500.653487777132,11.5590976758544
264699.379340063,3843786.82797609,681.996748107067,L1_3,2190.5,486.509419418257,11.3386182035905
264699.379340063,3843786.82797609,681.996748107067,L1_3,2190.5,471.658147641439,10.952619938154
264699.379340063,3843786.82797609,681.996748107067,L1_3,2190.5,456.06431227578,10.4450399857661
264699.379340063,3843786.82797609,681.996748107067,L1_3,2190.5,439.690785141838,9.87949449744703
264699.379340063,3843786.82797609,681.996748107067,L1_3,2190.5,422.498581651199,9.32036753723906
264699.379340063,3843786.82797609,681.996748107067,L1_3,2190.5,404.446767986028,8.82044472637264
264699.379340063,3843786.82797609,681.996748107067,L1_3,2190.5,385.492363637598,8.41630355698733
264699.379340063,3843786.82797609,681.996748107067,L1_3,2190.5,365.590239071747,8.1289493325095
264699.379340063,3843786.82797609,681.996748107067,L1_3,2190.5,344.693008277604,7.96645303681193
264699.379340063,3843786.82797609,681.996748107067,L1_3,2190.5,322.754303339663,7.92678969491125
264699.379340063,3843786.82797609,681.996748107067,L1_3,2190.5,300.064105870122,7.99846297933681
264699.379340063,3843786.82797609,681.996748107067,L1_3,2190.5,276.239398527104,8.16404458025192
264699.379340063,3843786.82797609,681.996748107067,L1_3,2190.5,251.223455816935,8.40374078375111
264699.379340063,3843786.82797609,681.996748107067,L1_3,2190.5,224.956715971258,8.69535329024486
264699.379340063,3843786.82797609,681.996748107067,L1_3,2190.5,197.376639133297,9.01553444964817
264699.379340063,3843786.82797609,681.996748107067,L1_3,2190.5,168.417558453437,9.34111921031939
264699.379340063,3843786.82797609,681.996748107067,L1_3,2190.5,138.010523739585,9.65081318491318
264699.379340063,3843786.82797609,681.996748107067,L1_3,2190.5,106.08313729004,9.92688184690179
264699.379340063,3843786.82797609,681.996748107067,L1_3,2190.5,,
264699.379340063,3843786.82797609,681.996748107067,L1_3,2190.5,,
264699.379340063,3843786.82797609,681.996748107067,L1_3,2190.5,,
264699.379340063,3843786.82797609,681.996748107067,L1_3,2190.5,,
264699.379340063,3843786.82797609,681.996748107067,L1_3,2190.5,,
264699.379340063,3843786.82797609,681.996748107067,L1_3,2190.5,,
264699.379340063,3843786.82797609,681.996748107067,L1_3,2190.5,,
264699.379340063,3843786.82797609,681.996748107067,L1_3,2190.5,,
264699.379340063,3843786.82797609,681.996748107067,L1_3,2190.5,,
264699.379340063,3843786.82797609,681.996748107067,L1_3,2190.5,,
264699.379340063,3843786.82797609,681.996748107067,L1_3,2190.5,,
264699.379340063,3843786.82797609,681.996748107067,L1_3,2190.5,,
264699.379340063,3843786.82797609,681.996748107067,L1_3,2190.5,,
264699.379340063,3843786.82797609,681.996748107067,L1_3,2190.5,,
264699.379340063,3843786.82797609,681.996748107067,L1_3,2190.5,,
264699.379340063,3843786.82797609,681.996748107067,L1_3,2190.5,,
264699.379340063,3843786.82797609,681.996748107067,L1_3,2190.5,,
264699.379340063,3843786.82797609,681.996748107067,L1_3,2190.5,,
264699.379340063,3843786.82797609,681.996748107067,L1_3,2190.5,,
264699.379340063,3843786.82797609,681.996748107067,L1_3,2190.5,,
264699.379340063,3843786.82797609,681.996748107067,L1_3,2190.5,,
264704.747424232,3843790.50380671,682.209157893884,L1_3,2197.0,682.209157893884,6.2132428498106
264704.747424232,3843790.50380671,682.209157893884,L1_3,2197.0,677.129248881143,6.08883837197065
264704.747424232,3843790.50380671,682.209157893884,L1_3,2197.0,671.795344417766,4.89168610623424
264704.747424232,3843790.50380671,682.209157893884,L1_3,2197.0,666.19474473122,3.16791353691991
264704.747424232,3843790.50380671,682.209157893884,L1_3,2197.0,660.314115060347,2.29944643240564
264704.747424232,3843790.50380671,682.209157893884,L1_3,2197.0,654.13945390593,2.38623042591007
264704.747424232,3843790.50380671,682.209157893884,L1_3,2197.0,647.656059693792,3.38960506093805
264704.747424232,3843790.50380671,682.209157893884,L1_3,2197.0,640.848495771047,5.35291558612558
264704.747424232,3843790.50380671,682.209157893884,L1_3,2197.0,633.700553652165,7.96662947682837
264704.747424232,3843790.50380671,682.209157893884,L1_3,2197.0,626.195214427339,10.4719569996817
264704.747424232,3843790.50380671,682.209157893884,L1_3,2197.0,618.314608241271,12.1960327222652
264704.747424232,3843790.50380671,682.209157893884,L1_3,2197.0,610.0399717459,12.9490030767232
264704.747424232,3843790.50380671,682.209157893884,L1_3,2197.0,601.351603425761,12.9356033159801
264704.747424232,3843790.50380671,682.209157893884,L1_3,2197.0,592.228816689615,12.5026538244174
264704.747424232,3843790.50380671,682.209157893884,L1_3,2197.0,582.649890616661,11.9596785815666
264704.747424232,3843790.50380671,682.209157893884,L1_3,2197.0,572.59201824006,11.5081095832605
264704.747424232,3843790.50380671,682.209157893884,L1_3,2197.0,562.031252244628,11.2404880337969
264704.747424232,3843790.50380671,682.209157893884,L1_3,2197.0,550.942447949425,11.1651907706706
264704.747424232,3843790.50380671,682.209157893884,L1_3,2197.0,539.299203439462,11.2321295368882
264704.747424232,3843790.50380671,682.209157893884,L1_3,2197.0,527.073796704001,11.3553733095557
264704.747424232,3843790.50380671,682.209157893884,L1_3,2197.0,514.237119631766,11.4373294919954
264704.747424232,3843790.50380671,682.209157893884,L1_3,2197.0,500.75860870592,11.395738340559
264704.747424232,3843790.50380671,682.209157893884,L1_3,2197.0,486.606172233782,11.1866294017986
264704.747424232,3843790.50380671,682.209157893884,L1_3,2197.0,471.746113938037,10.8134897735218
264704.747424232,3843790.50380671,682.209157893884,L1_3,2197.0,456.143052727504,10.3192490613994
264704.747424232,3843790.50380671,682.209157893884,L1_3,2197.0,439.759838456445,9.76732739323104
264704.747424232,3843790.50380671,682.209157893884,L1_3,2197.0,422.557463471833,9.22219423291518
264704.747424232,3843790.50380671,682.209157893884,L1_3,2197.0,404.49496973799,8.73666744577604
264704.747424232,3843790.50380671,682.209157893884,L1_3,2197.0,385.529351317455,8.34722626797867
264704.747424232,3843790.50380671,682.209157893884,L1_3,2197.0,365.615451975893,8.07469454955652
264704.747424232,3843790.50380671,682.209157893884,L1_3,2197.0,344.705857667254,7.92692172792972
264704.747424232,3843790.50380671,682.209157893884,L1_3,2197.0,322.754303339663,7.90162737521299
264704.747424232,3843790.50380671,682.209157893884,L1_3,2197.0,300.064105870122,7.98693744007035
264704.747424232,3843790.50380671,682.209157893884,L1_3,2197.0,276.239398527104,8.16501393440607
264704.747424232,3843790.50380671,682.209157893884,L1_3,2197.0,251.223455816935,8.41574160333134
264704.747424232,3843790.50380671,682.209157893884,L1_3,2197.0,224.956715971258,8.71663292205476
264704.747424232,3843790.50380671,682.209157893884,L1_3,2197.0,197.376639133297,9.0441037117044
264704.747424232,3843790.50380671,682.209157893884,L1_3,2197.0,168.417558453437,9.3748268658851
264704.747424232,3843790.50380671,682.209157893884,L1_3,2197.0,138.010523739585,9.68745506909585
264704.747424232,3843790.50380671,682.209157893884,L1_3,2197.0,106.08313729004,9.96433727949675
264704.747424232,3843790.50380671,682.209157893884,L1_3,2197.0,,
264704.747424232,3843790.50380671,682.209157893884,L1_3,2197.0,,
264704.747424232,3843790.50380671,682.209157893884,L1_3,2197.0,,
264704.747424232,3843790.50380671,682.209157893884,L1_3,2197.0,,
264704.747424232,3843790.50380671,682.209157893884,L1_3,2197.0,,
264704.747424232,3843790.50380671,682.209157893884,L1_3,2197.0,,
264704.747424232,3843790.50380671,682.209157893884,L1_3,2197.0,,
264704.747424232,3843790.50380671,682.209157893884,L1_3,2197.0,,
264704.747424232,3843790.50380671,682.209157893884,L1_3,2197.0,,
264704.747424232,3843790.50380671,682.209157893884,L1_3,2197.0,,
264704.747424232,3843790.50380671,682.209157893884,L1_3,2197.0,,
264704.747424232,3843790.50380671,682.209157893884,L1_3,2197.0,,
264704.747424232,3843790.50380671,682.209157893884,L1_3,2197.0,,
264704.747424232,3843790.50380671,682.209157893884,L1_3,2197.0,,
264704.747424232,3843790.50380671,682.209157893884,L1_3,2197.0,,
264704.747424232,3843790.50380671,682.209157893884,L1_3,2197.0,,
264704.747424232,3843790.50380671,682.209157893884,L1_3,2197.0,,
264704.747424232,3843790.50380671,682.209157893884,L1_3,2197.0,,
264704.747424232,3843790.50380671,682.209157893884,L1_3,2197.0,,
264704.747424232,3843790.50380671,682.209157893884,L1_3,2197.0,,
264704.747424232,3843790.50380671,682.209157893884,L1_3,2197.0,,
264709.702578729,3843793.89688078,682.4215676807,L1_3,2203.0,682.4215676807,6.72172253859158
264709.702578729,3843793.89688078,682.4215676807,L1_3,2203.0,677.338654997597,6.4167294873898
264709.702578729,3843793.89688078,682.4215676807,L1_3,2203.0,672.001596680339,5.20762225182021
264709.702578729,3843793.89688078,682.4215676807,L1_3,2203.0,666.397685447219,3.72023650462713
264709.702578729,3843793.89688078,682.4215676807,L1_3,2203.0,660.513578652442,3.01069227213546
264709.702578729,3843793.89688078,682.4215676807,L1_3,2203.0,654.335266517926,3.29196331529242
264709.702578729,3843793.89688078,682.4215676807,L1_3,2203.0,647.848038776685,4.56204828014599
264709.702578729,3843793.89688078,682.4215676807,L1_3,2203.0,641.036449648381,6.69135723629114
264709.702578729,3843793.89688078,682.4215676807,L1_3,2203.0,633.884281063662,9.15868838735875
264709.702578729,3843793.89688078,682.4215676807,L1_3,2203.0,626.374504049708,11.2548311929756
264709.702578729,3843793.89688078,682.4215676807,L1_3,2203.0,618.489238185055,12.5584203550705
264709.702578729,3843793.89688078,682.4215676807,L1_3,2203.0,610.20970902717,13.0413709798029
264709.702578729,3843793.89688078,682.4215676807,L1_3,2203.0,601.516203411391,12.9060407570056
264709.702578729,3843793.89688078,682.4215676807,L1_3,2203.0,592.388022514823,12.4302077885052
264709.702578729,3843793.89688078,682.4215676807,L1_3,2203.0,582.803432573426,11.8673787872676
264709.702578729,3843793.89688078,682.4215676807,L1_3,2203.0,572.73961313496,11.3946285809086
264709.702578729,3843793.89688078,682.4215676807,L1_3,2203.0,562.17260272457,11.1012339657606
264709.702578729,3843793.89688078,682.4215676807,L1_3,2203.0,551.077241793661,11.0004818110178
264709.702578729,3843793.89688078,682.4215676807,L1_3,2203.0,539.427112816206,11.0479462465667
264709.702578729,3843793.89688078,682.4215676807,L1_3,2203.0,527.194477389878,11.1610778021419
264709.702578729,3843793.89688078,682.4215676807,L1_3,2203.0,514.350210192235,11.2426899519939
264709.702578729,3843793.89688078,682.4215676807,L1_3,2203.0,500.863729634709,11.2086279166299
264709.702578729,3843793.89688078,682.4215676807,L1_3,2203.0,486.702925049306,11.0121357605546
264709.702578729,3843793.89688078,682.4215676807,L1_3,2203.0,471.834080234634,10.6543222765692
264709.702578729,3843793.89688078,682.4215676807,L1_3,2203.0,456.221793179228,10.1766823579195
264709.702578729,3843793.89688078,682.4215676807,L1_3,2203.0,439.828891771051,9.64196349413746
264709.702578729,3843793.89688078,682.4215676807,L1_3,2203.0,422.616345292466,9.11431248610277
264709.702578729,3843793.89688078,682.4215676807,L1_3,2203.0,404.543171489952,8.64630539848621
264709.702578729,3843793.89688078,682.4215676807,L1_3,2203.0,385.566338997311,8.27419013255785
264709.702578729,3843793.89688078,682.4215676807,L1_3,2203.0,365.640664880039,8.0185829299488
264709.702578729,3843793.89688078,682.4215676807,L1_3,2203.0,344.718707056903,7.88714672082926
264709.702578729,3843793.89688078,682.4215676807,L1_3,2203.0,322.754303339663,7.8774075066424
264709.702578729,3843793.89688078,682.4215676807,L1_3,2203.0,300.064105870122,7.97718942101143
264709.702578729,3843793.89688078,682.4215676807,L1_3,2203.0,276.239398527104,8.16831459804518
264709.702578729,3843793.89688078,682.4215676807,L1_3,2203.0,251.223455816935,8.43039713077467
264709.702578729,3843793.89688078,682.4215676807,L1_3,2203.0,224.956715971258,8.74070121613171
264709.702578729,3843793.89688078,682.4215676807,L1_3,2203.0,197.376639133297,9.07544101597104
264709.702578729,3843793.89688078,682.4215676807,L1_3,2203.0,168.417558453437,9.41115939181268
264709.702578729,3843793.89688078,682.4215676807,L1_3,2203.0,138.010523739585,9.72648892353118
264709.702578729,3843793.89688078,682.4215676807,L1_3,2203.0,106.08313729004,10.0038943646946
264709.702578729,3843793.89688078,682.4215676807,L1_3,2203.0,,
264709.702578729,3843793.89688078,682.4215676807,L1_3,2203.0,,
264709.702578729,3843793.89688078,682.4215676807,L1_3,2203.0,,
264709.702578729,3843793.89688078,682.4215676807,L1_3,2203.0,,
264709.702578729,3843793.89688078,682.4215676807,L1_3,2203.0,,
264709.702578729,3843793.89688078,682.4215676807,L1_3,2203.0,,
264709.702578729,3843793.89688078,682.4215676807,L1_3,2203.0,,
264709.702578729,3843793.89688078,682.4215676807,L1_3,2203.0,,
264709.702578729,3843793.89688078,682.4215676807,L1_3,2203.0,,
264709.702578729,3843793.89688078,682.4215676807,L1_3,2203.0,,
264709.702578729,3843793.89688078,682.4215676807,L1_3,2203.0,,
264709.702578729,3843793.89688078,682.4215676807,L1_3,2203.0,,
264709.702578729,3843793.89688078,682.4215676807,L1_3,2203.0,,
264709.702578729,3843793.89688078,682.4215676807,L1_3,2203.0,,
264709.702578729,3843793.89688078,682.4215676807,L1_3,2203.0,,
264709.702578729,3843793.89688078,682.4215676807,L1_3,2203.0,,
264709.702578729,3843793.89688078,682.4215676807,L1_3,2203.0,,
264709.702578729,3843793.89688078,682.4215676807,L1_3,2203.0,,
264709.702578729,3843793.89688078,682.4215676807,L1_3,2203.0,,
264709.702578729,3843793.89688078,682.4215676807,L1_3,2203.0,,
264709.702578729,3843793.89688078,682.4215676807,L1_3,2203.0,,
264715.070662636,3843797.57271065,682.633977467516,L1_3,2209.5,682.633977467516,7.85467014377356
264715.070662636,3843797.57271065,682.633977467516,L1_3,2209.5,677.548061114051,7.58431753069596
264715.070662636,3843797.57271065,682.633977467516,L1_3,2209.5,672.207848942913,6.38309387767587
264715.070662636,3843797.57271065,682.633977467516,L1_3,2209.5,666.600626163217,4.88022929728599
264715.070662636,3843797.57271065,682.633977467516,L1_3,2209.5,660.713042244537,4.29903078910242
264715.070662636,3843797.57271065,682.633977467516,L1_3,2209.5,654.531079129922,4.92729449340953
264715.070662636,3843797.57271065,682.633977467516,L1_3,2209.5,648.040017859577,6.64353240922695
264715.070662636,3843797.57271065,682.633977467516,L1_3,2209.5,641.224403525715,8.97349043599275
264715.070662636,3843797.57271065,682.633977467516,L1_3,2209.5,634.06800847516,11.1492682085453
264715.070662636,3843797.57271065,682.633977467516,L1_3,2209.5,626.553793672077,12.6289931407315
264715.070662636,3843797.57271065,682.633977467516,L1_3,2209.5,618.663868128839,13.3294664400245
264715.070662636,3843797.57271065,682.633977467516,L1_3,2209.5,610.37944630844,13.3996592150838
264715.070662636,3843797.57271065,682.633977467516,L1_3,2209.5,601.680803397021,13.0370397186054
264715.070662636,3843797.57271065,682.633977467516,L1_3,2209.5,592.547228340031,12.4464024820432
264715.070662636,3843797.57271065,682.633977467516,L1_3,2209.5,582.956974530191,11.8180294839105
264715.070662636,3843797.57271065,682.633977467516,L1_3,2209.5,572.88720802986,11.2961872604997
264715.070662636,3843797.57271065,682.633977467516,L1_3,2209.5,562.313953204512,10.9600652840695
264715.070662636,3843797.57271065,682.633977467516,L1_3,2209.5,551.212035637896,10.8234209818115
264715.070662636,3843797.57271065,682.633977467516,L1_3,2209.5,539.55502219295,10.8449448382305
264715.070662636,3843797.57271065,682.633977467516,L1_3,2209.5,527.315158075756,10.9441591698056
264715.070662636,3843797.57271065,682.633977467516,L1_3,2209.5,514.463300752703,11.0236856281871
264715.070662636,3843797.57271065,682.633977467516,L1_3,2209.5,500.968850563497,10.9971869687527
264715.070662636,3843797.57271065,682.633977467516,L1_3,2209.5,486.799677864831,10.8148671666031
264715.070662636,3843797.57271065,682.633977467516,L1_3,2209.5,471.922046531231,10.4751003983486
264715.070662636,3843797.57271065,682.633977467516,L1_3,2209.5,456.300533630951,10.0174900261791
264715.070662636,3843797.57271065,682.633977467516,L1_3,2209.5,439.897945085658,9.50363955658014
264715.070662636,3843797.57271065,682.633977467516,L1_3,2209.5,422.6752271131,8.99698496937223
264715.070662636,3843797.57271065,682.633977467516,L1_3,2209.5,404.591373241914,8.5496104985671
264715.070662636,3843797.57271065,682.633977467516,L1_3,2209.5,385.603326677168,8.19742013766797
264715.070662636,3843797.57271065,682.633977467516,L1_3,2209.5,365.665877784185,7.96080992153051
264715.070662636,3843797.57271065,682.633977467516,L1_3,2209.5,344.731556446553,7.84729997061004
264715.070662636,3843797.57271065,682.633977467516,L1_3,2209.5,322.754303339663,7.85428759753387
264715.070662636,3843797.57271065,682.633977467516,L1_3,2209.5,300.064105870122,7.96936685366872
264715.070662636,3843797.57271065,682.633977467516,L1_3,2209.5,276.239398527104,8.17408432139209
264715.070662636,3843797.57271065,682.633977467516,L1_3,2209.5,251.223455816935,8.44783310998651
264715.070662636,3843797.57271065,682.633977467516,L1_3,2209.5,224.956715971258,8.76766913765535
264715.070662636,3843797.57271065,682.633977467516,L1_3,2209.5,197.376639133297,9.10964041618415
264715.070662636,3843797.57271065,682.633977467516,L1_3,2209.5,168.417558453437,9.45019423547837
264715.070662636,3843797.57271065,682.633977467516,L1_3,2209.5,138.010523739585,9.76797607011854
264715.070662636,3843797.57271065,682.633977467516,L1_3,2209.5,106.08313729004,10.0455993026879
264715.070662636,3843797.57271065,682.633977467516,L1_3,2209.5,,
264715.070662636,3843797.57271065,682.633977467516,L1_3,2209.5,,
264715.070662636,3843797.57271065,682.633977467516,L1_3,2209.5,,
264715.070662636,3843797.57271065,682.633977467516,L1_3,2209.5,,
264715.070662636,3843797.57271065,682.633977467516,L1_3,2209.5,,
264715.070662636,3843797.57271065,682.633977467516,L1_3,2209.5,,
264715.070662636,3843797.57271065,682.633977467516,L1_3,2209.5,,
264715.070662636,3843797.57271065,682.633977467516,L1_3,2209.5,,
264715.070662636,3843797.57271065,682.633977467516,L1_3,2209.5,,
264715.070662636,3843797.57271065,682.633977467516,L1_3,2209.5,,
264715.070662636,3843797.57271065,682.633977467516,L1_3,2209.5,,
264715.070662636,3843797.57271065,682.633977467516,L1_3,2209.5,,
264715.070662636,3843797.57271065,682.633977467516,L1_3,2209.5,,
264715.070662636,3843797.57271065,682.633977467516,L1_3,2209.5,,
264715.070662636,3843797.57271065,682.633977467516,L1_3,2209.5,,
264715.070662636,3843797.57271065,682.633977467516,L1_3,2209.5,,
264715.070662636,3843797.57271065,682.633977467516,L1_3,2209.5,,
264715.070662636,3843797.57271065,682.633977467516,L1_3,2209.5,,
264715.070662636,3843797.57271065,682.633977467516,L1_3,2209.5,,
264715.070662636,3843797.57271065,682.633977467516,L1_3,2209.5,,
264715.070662636,3843797.57271065,682.633977467516,L1_3,2209.5,,
264720.025817012,3843800.96578437,682.829177324959,L1_3,2215.5,682.829177324959,10.1935775740884
264720.025817012,3843800.96578437,682.829177324959,L1_3,2215.5,677.740500665411,9.97108228832362
264720.025817012,3843800.96578437,682.829177324959,L1_3,2215.5,672.397390172886,8.39172668143153
264720.025817012,3843800.96578437,682.829177324959,L1_3,2215.5,666.787124155734,6.36279896357406
264720.025817012,3843800.96578437,682.829177324959,L1_3,2215.5,660.896344837725,5.75285267398931
264720.025817012,3843800.96578437,682.829177324959,L1_3,2215.5,654.711026553815,6.76607980490918
264720.025817012,3843800.96578437,682.829177324959,L1_3,2215.5,648.21644235571,8.96674033113295
264720.025817012,3843800.96578437,682.829177324959,L1_3,2215.5,641.3971289477,11.4345526430494
264720.025817012,3843800.96578437,682.829177324959,L1_3,2215.5,634.236849869289,13.2306792601837
264720.025817012,3843800.96578437,682.829177324959,L1_3,2215.5,626.718556836957,14.0772393483646
264720.025817012,3843800.96578437,682.829177324959,L1_3,2215.5,618.824349153009,14.2034593999003
264720.025817012,3843800.96578437,682.829177324959,L1_3,2215.5,610.535431084863,13.87774457755
264720.025817012,3843800.96578437,682.829177324959,L1_3,2215.5,601.832067113311,13.2763823969225
264720.025817012,3843800.96578437,682.829177324959,L1_3,2215.5,592.69353494318,12.5427493348191
264720.025817012,3843800.96578437,682.829177324959,L1_3,2215.5,583.098076164543,11.8178806984975
264720.025817012,3843800.96578437,682.829177324959,L1_3,2215.5,573.022844446974,11.220775509056
264720.025817012,3843800.96578437,682.829177324959,L1_3,2215.5,562.443851143527,10.8226188315434
264720.025817012,3843800.96578437,682.829177324959,L1_3,2215.5,551.335908174907,10.6370252504567
264720.025817012,3843800.96578437,682.829177324959,L1_3,2215.5,539.672568057857,10.6243957966291
264720.025817012,3843800.96578437,682.829177324959,L1_3,2215.5,527.426060934954,10.7050430605522
264720.025817012,3843800.96578437,682.829177324959,L1_3,2215.5,514.567228455905,10.7805007942275
264720.025817012,3843800.96578437,682.829177324959,L1_3,2215.5,501.065454352905,10.7616563915997
264720.025817012,3843800.96578437,682.829177324959,L1_3,2215.5,486.888591544754,10.5952064485549
264720.025817012,3843800.96578437,682.829177324959,L1_3,2215.5,472.002885596196,10.2763244407697
264720.025817012,3843800.96578437,682.829177324959,L1_3,2215.5,456.372894350209,9.84222962314802
264720.025817012,3843800.96578437,682.829177324959,L1_3,2215.5,439.961403541924,9.35291240649534
264720.025817012,3843800.96578437,682.829177324959,L1_3,2215.5,422.729338193224,8.87072774647072
264720.025817012,3843800.96578437,682.829177324959,L1_3,2215.5,404.635669577089,8.44703895777162
264720.025817012,3843800.96578437,682.829177324959,L1_3,2215.5,385.637317530148,8.11730981737058
264720.025817012,3843800.96578437,682.829177324959,L1_3,2215.5,365.689047880859,7.90171370858332
264720.025817012,3843800.96578437,682.829177324959,L1_3,2215.5,344.743364749106,7.80767560630227
264720.025817012,3843800.96578437,682.829177324959,L1_3,2215.5,322.754303339663,7.83252811980909
264720.025817012,3843800.96578437,682.829177324959,L1_3,2215.5,300.064105870122,7.96370268921792
264720.025817012,3843800.96578437,682.829177324959,L1_3,2215.5,276.239398527104,8.18253081545154
264720.025817012,3843800.96578437,682.829177324959,L1_3,2215.5,251.223455816935,8.46823152966932
264720.025817012,3843800.96578437,682.829177324959,L1_3,2215.5,224.956715971258,8.79769163669315
264720.025817012,3843800.96578437,682.829177324959,L1_3,2215.5,197.376639133297,9.14682932685469
264720.025817012,3843800.96578437,682.829177324959,L1_3,2215.5,168.417558453437,9.49203220121633
264720.025817012,3843800.96578437,682.829177324959,L1_3,2215.5,138.010523739585,9.81199312721714
264720.025817012,3843800.96578437,682.829177324959,L1_3,2215.5,106.08313729004,10.0895073628579
264720.025817012,3843800.96578437,682.829177324959,L1_3,2215.5,,
264720.025817012,3843800.96578437,682.829177324959,L1_3,2215.5,,
264720.025817012,3843800.96578437,682.829177324959,L1_3,2215.5,,
264720.025817012,3843800.96578437,682.829177324959,L1_3,2215.5,,
264720.025817012,3843800.96578437,682.829177324959,L1_3,2215.5,,
264720.025817012,3843800.96578437,682.829177324959,L1_3,2215.5,,
264720.025817012,3843800.96578437,682.829177324959,L1_3,2215.5,,
264720.025817012,3843800.96578437,682.829177324959,L1_3,2215.5,,
264720.025817012,3843800.96578437,682.829177324959,L1_3,2215.5,,
264720.025817012,3843800.96578437,682.829177324959,L1_3,2215.5,,
264720.025817012,3843800.96578437,682.829177324959,L1_3,2215.5,,
264720.025817012,3843800.96578437,682.829177324959,L1_3,2215.5,,
264720.025817012,3843800.96578437,682.829177324959,L1_3,2215.5,,
264720.025817012,3843800.96578437,682.829177324959,L1_3,2215.5,,
264720.025817012,3843800.96578437,682.829177324959,L1_3,2215.5,,
264720.025817012,3843800.96578437,682.829177324959,L1_3,2215.5,,
264720.025817012,3843800.96578437,682.829177324959,L1_3,2215.5,,
264720.025817012,3843800.96578437,682.829177324959,L1_3,2215.5,,
264720.025817012,3843800.96578437,682.829177324959,L1_3,2215.5,,
264720.025817012,3843800.96578437,682.829177324959,L1_3,2215.5,,
264720.025817012,3843800.96578437,682.829177324959,L1_3,2215.5,,
264725.39390092,3843804.64161424,683.00719823366,L1_3,2222.0,683.00719823366,13.5307561754021
264725.39390092,3843804.64161424,683.00719823366,L1_3,2222.0,677.916004194215,12.8775735717656
264725.39390092,3843804.64161424,683.00719823366,L1_3,2222.0,672.570250452797,9.96850547934653
264725.39390092,3843804.64161424,683.00719823366,L1_3,2222.0,666.957209024308,7.04023178560262
264725.39390092,3843804.64161424,683.00719823366,L1_3,2222.0,661.063515524395,6.34818438707083
264725.39390092,3843804.64161424,683.00719823366,L1_3,2222.0,654.875137349486,7.6296840317877
264725.39390092,3843804.64161424,683.00719823366,L1_3,2222.0,648.377340265832,10.1797220016681
264725.39390092,3843804.64161424,683.00719823366,L1_3,2222.0,641.554653327995,12.803147770739
264725.39390092,3843804.64161424,683.00719823366,L1_3,2222.0,634.390832043266,14.4644039698243
264725.39390092,3843804.64161424,683.00719823366,L1_3,2222.0,626.868819694301,15.0259687337268
264725.39390092,3843804.64161424,683.00719823366,L1_3,2222.0,618.970706727887,14.870426882182
264725.39390092,3843804.64161424,683.00719823366,L1_3,2222.0,610.677688113153,14.3243364181843
264725.39390092,3843804.64161424,683.00719823366,L1_3,2222.0,601.970018567682,13.5591286769895
264725.39390092,3843804.64161424,683.00719823366,L1_3,2222.0,592.826965544937,12.6962369716929
264725.39390092,3843804.64161424,683.00719823366,L1_3,2222.0,583.226759871056,11.8610818019852
264725.39390092,3843804.64161424,683.00719823366,L1_3,2222.0,573.14654391348,11.1678372583931
264725.39390092,3843804.64161424,683.00719823366,L1_3,2222.0,562.562317158025,10.6891005659519
264725.39390092,3843804.64161424,683.00719823366,L1_3,2222.0,551.448879064798,10.4411359574034
264725.39390092,3843804.64161424,683.00719823366,L1_3,2222.0,539.779769066909,10.3858490763134
264725.39390092,3843804.64161424,683.00719823366,L1_3,2222.0,527.527203569126,10.4432897030155
264725.39390092,3843804.64161424,683.00719823366,L1_3,2222.0,514.662009796454,10.5129150852015
264725.39390092,3843804.64161424,683.00719823366,L1_3,2222.0,501.153556335148,10.50209938629
264725.39390092,3843804.64161424,683.00719823366,L1_3,2222.0,486.969680200777,10.3534599136465
264725.39390092,3843804.64161424,683.00719823366,L1_3,2222.0,472.076610259687,10.0584530768541
264725.39390092,3843804.64161424,683.00719823366,L1_3,2222.0,456.438886821543,9.65141763119939
264725.39390092,3843804.64161424,683.00719823366,L1_3,2222.0,440.019277211491,9.19028643079444
264725.39390092,3843804.64161424,683.00719823366,L1_3,2222.0,422.778687120937,8.73599279367954
264725.39390092,3843804.64161424,683.00719823366,L1_3,2222.0,404.676067525855,8.33897495057168
264725.39390092,3843804.64161424,683.00719823366,L1_3,2222.0,385.66831695102,8.03417706751361
264725.39390092,3843804.64161424,683.00719823366,L1_3,2222.0,365.710178847442,7.84155736870428
264725.39390092,3843804.64161424,683.00719823366,L1_3,2222.0,344.754133838685,7.76849609237756
264725.39390092,3843804.64161424,683.00719823366,L1_3,2222.0,322.754303339663,7.81232338896697
264725.39390092,3843804.64161424,683.00719823366,L1_3,2222.0,300.064105870122,7.96037086847204
264725.39390092,3843804.64161424,683.00719823366,L1_3,2222.0,276.239398527104,8.19380949403774
264725.39390092,3843804.64161424,683.00719823366,L1_3,2222.0,251.223455816935,8.4917282186403
264725.39390092,3843804.64161424,683.00719823366,L1_3,2222.0,224.956715971258,8.83088478580358
264725.39390092,3843804.64161424,683.00719823366,L1_3,2222.0,197.376639133297,9.18710424970466
264725.39390092,3843804.64161424,683.00719823366,L1_3,2222.0,168.417558453437,9.53674991759976
264725.39390092,3843804.64161424,683.00719823366,L1_3,2222.0,138.010523739585,9.85859901482856
264725.39390092,3843804.64161424,683.00719823366,L1_3,2222.0,106.08313729004,10.1356624258882
264725.39390092,3843804.64161424,683.00719823366,L1_3,2222.0,,
264725.39390092,3843804.64161424,683.00719823366,L1_3,2222.0,,
264725.39390092,3843804.64161424,683.00719823366,L1_3,2222.0,,
264725.39390092,3843804.64161424,683.00719823366,L1_3,2222.0,,
264725.39390092,3843804.64161424,683.00719823366,L1_3,2222.0,,
264725.39390092,3843804.64161424,683.00719823366,L1_3,2222.0,,
264725.39390092,3843804.64161424,683.00719823366,L1_3,2222.0,,
264725.39390092,3843804.64161424,683.00719823366,L1_3,2222.0,,
264725.39390092,3843804.64161424,683.00719823366,L1_3,2222.0,,
264725.39390092,3843804.64161424,683.00719823366,L1_3,2222.0,,
264725.39390092,3843804.64161424,683.00719823366,L1_3,2222.0,,
264725.39390092,3843804.64161424,683.00719823366,L1_3,2222.0,,
264725.39390092,3843804.64161424,683.00719823366,L1_3,2222.0,,
264725.39390092,3843804.64161424,683.00719823366,L1_3,2222.0,,
264725.39390092,3843804.64161424,683.00719823366,L1_3,2222.0,,
264725.39390092,3843804.64161424,683.00719823366,L1_3,2222.0,,
264725.39390092,3843804.64161424,683.00719823366,L1_3,2222.0,,
264725.39390092,3843804.64161424,683.00719823366,L1_3,2222.0,,
264725.39390092,3843804.64161424,683.00719823366,L1_3,2222.0,,
264725.39390092,3843804.64161424,683.00719823366,L1_3,2222.0,,
264725.39390092,3843804.64161424,683.00719823366,L1_3,2222.0,,
264730.349055175,3843808.03468762,683.185219142361,L1_3,2228.0,683.185219142361,13.3088481294137
264730.349055175,3843808.03468762,683.185219142361,L1_3,2228.0,678.091507723018,12.2204869627783
264730.349055175,3843808.03468762,683.185219142361,L1_3,2228.0,672.743110732708,8.82054929914394
264730.349055175,3843808.03468762,683.185219142361,L1_3,2228.0,667.127293892882,6.05119478402132
264730.349055175,3843808.03468762,683.185219142361,L1_3,2228.0,661.230686211065,5.57862972486458
264730.349055175,3843808.03468762,683.185219142361,L1_3,2228.0,655.039248145157,6.92469331846217
264730.349055175,3843808.03468762,683.185219142361,L1_3,2228.0,648.538238175954,9.51299659476554
264730.349055175,3843808.03468762,683.185219142361,L1_3,2228.0,641.71217770829,12.2996957554945
264730.349055175,3843808.03468762,683.185219142361,L1_3,2228.0,634.544814217243,14.2505949800766
264730.349055175,3843808.03468762,683.185219142361,L1_3,2228.0,627.019082551644,15.0956764038589
264730.349055175,3843808.03468762,683.185219142361,L1_3,2228.0,619.117064302765,15.1183736505107
264730.349055175,3843808.03468762,683.185219142361,L1_3,2228.0,610.819945141442,14.6324747221959
264730.349055175,3843808.03468762,683.185219142361,L1_3,2228.0,602.107970022053,13.8372580626004
264730.349055175,3843808.03468762,683.185219142361,L1_3,2228.0,592.960396146695,12.8881517217166
264730.349055175,3843808.03468762,683.185219142361,L1_3,2228.0,583.355443577568,11.9412999647431
264730.349055175,3843808.03468762,683.185219142361,L1_3,2228.0,573.270243379986,11.135290141641
264730.349055175,3843808.03468762,683.185219142361,L1_3,2228.0,562.680783172524,10.5586073193904
264730.349055175,3843808.03468762,683.185219142361,L1_3,2228.0,551.561849954689,10.2352234644804
264730.349055175,3843808.03468762,683.185219142361,L1_3,2228.0,539.886970075962,10.1290817900524
264730.349055175,3843808.03468762,683.185219142361,L1_3,2228.0,527.628346203299,10.1590423142998
264730.349055175,3843808.03468762,683.185219142361,L1_3,2228.0,514.756791137002,10.2214494016428
264730.349055175,3843808.03468762,683.185219142361,L1_3,2228.0,501.241658317391,10.2193565189425
264730.349055175,3843808.03468762,683.185219142361,L1_3,2228.0,487.0507688568,10.0906760772247
264730.349055175,3843808.03468762,683.185219142361,L1_3,2228.0,472.150334923178,9.82261262472274
264730.349055175,3843808.03468762,683.185219142361,L1_3,2228.0,456.504879292876,9.44614482087225
264730.349055175,3843808.03468762,683.185219142361,L1_3,2228.0,440.077150881059,9.01673887149642
264730.349055175,3843808.03468762,683.185219142361,L1_3,2228.0,422.82803604865,8.59360695746421
264730.349055175,3843808.03468762,683.185219142361,L1_3,2228.0,404.716465474622,8.22609210810572
264730.349055175,3843808.03468762,683.185219142361,L1_3,2228.0,385.699316371891,7.94856121858376
264730.349055175,3843808.03468762,683.185219142361,L1_3,2228.0,365.731309814025,7.78077380112938
264730.349055175,3843808.03468762,683.185219142361,L1_3,2228.0,344.764902928265,7.73011664638574
264730.349055175,3843808.03468762,683.185219142361,L1_3,2228.0,322.754303339663,7.79397419134044
264730.349055175,3843808.03468762,683.185219142361,L1_3,2228.0,300.064105870122,7.95963171975699
264730.349055175,3843808.03468762,683.185219142361,L1_3,2228.0,276.239398527104,8.20814599498601
264730.349055175,3843808.03468762,683.185219142361,L1_3,2228.0,251.223455816935,8.51851586214855
264730.349055175,3843808.03468762,683.185219142361,L1_3,2228.0,224.956715971258,8.86740833641121
264730.349055175,3843808.03468762,683.185219142361,L1_3,2228.0,197.376639133297,9.23059281462492
264730.349055175,3843808.03468762,683.185219142361,L1_3,2228.0,168.417558453437,9.58444568565337
264730.349055175,3843808.03468762,683.185219142361,L1_3,2228.0,138.010523739585,9.90786539001007
264730.349055175,3843808.03468762,683.185219142361,L1_3,2228.0,106.08313729004,10.1841136220293
264730.349055175,3843808.03468762,683.185219142361,L1_3,2228.0,,
264730.349055175,3843808.03468762,683.185219142361,L1_3,2228.0,,
264730.349055175,3843808.03468762,683.185219142361,L1_3,2228.0,,
264730.349055175,3843808.03468762,683.185219142361,L1_3,2228.0,,
264730.349055175,3843808.03468762,683.185219142361,L1_3,2228.0,,
264730.349055175,3843808.03468762,683.185219142361,L1_3,2228.0,,
264730.349055175,3843808.03468762,683.185219142361,L1_3,2228.0,,
264730.349055175,3843808.03468762,683.185219142361,L1_3,2228.0,,
264730.349055175,3843808.03468762,683.185219142361,L1_3,2228.0,,
264730.349055175,3843808.03468762,683.185219142361,L1_3,2228.0,,
264730.349055175,3843808.03468762,683.185219142361,L1_3,2228.0,,
264730.349055175,3843808.03468762,683.185219142361,L1_3,2228.0,,
264730.349055175,3843808.03468762,683.185219142361,L1_3,2228.0,,
264730.349055175,3843808.03468762,683.185219142361,L1_3,2228.0,,
264730.349055175,3843808.03468762,683.185219142361,L1_3,2228.0,,
264730.349055175,3843808.03468762,683.185219142361,L1_3,2228.0,,
264730.349055175,3843808.03468762,683.185219142361,L1_3,2228.0,,
264730.349055175,3843808.03468762,683.185219142361,L1_3,2228.0,,
264730.349055175,3843808.03468762,683.185219142361,L1_3,2228.0,,
264730.349055175,3843808.03468762,683.185219142361,L1_3,2228.0,,
264730.349055175,3843808.03468762,683.185219142361,L1_3,2228.0,,
264735.71713882,3843811.71051674,683.363240051062,L1_3,2234.5,683.363240051062,12.915586035937
264735.71713882,3843811.71051674,683.363240051062,L1_3,2234.5,678.267011251822,10.2555244121925
264735.71713882,3843811.71051674,683.363240051062,L1_3,2234.5,672.915971012619,6.28435919872096
264735.71713882,3843811.71051674,683.363240051062,L1_3,2234.5,667.297378761456,4.39163813132558
264735.71713882,3843811.71051674,683.363240051062,L1_3,2234.5,661.397856897735,4.2831082959356
264735.71713882,3843811.71051674,683.363240051062,L1_3,2234.5,655.203358940828,5.47152698964613
264735.71713882,3843811.71051674,683.363240051062,L1_3,2234.5,648.699136086075,7.7290872436246
264735.71713882,3843811.71051674,683.363240051062,L1_3,2234.5,641.869702088585,10.4764901607433
264735.71713882,3843811.71051674,683.363240051062,L1_3,2234.5,634.698796391221,12.8704926661232
264735.71713882,3843811.71051674,683.363240051062,L1_3,2234.5,627.169345408988,14.3816918136446
264735.71713882,3843811.71051674,683.363240051062,L1_3,2234.5,619.263421877644,14.9643021419259
264735.71713882,3843811.71051674,683.363240051062,L1_3,2234.5,610.962202169732,14.7992194984159
264735.71713882,3843811.71051674,683.363240051062,L1_3,2234.5,602.245921476425,14.1065367439352
264735.71713882,3843811.71051674,683.363240051062,L1_3,2234.5,593.093826748452,13.1154524183366
264735.71713882,3843811.71051674,683.363240051062,L1_3,2234.5,583.484127284081,12.0558428888128
264735.71713882,3843811.71051674,683.363240051062,L1_3,2234.5,573.393942846491,11.1205084999523
264735.71713882,3843811.71051674,683.363240051062,L1_3,2234.5,562.799249187022,10.4289166789912
264735.71713882,3843811.71051674,683.363240051062,L1_3,2234.5,551.674820844579,10.0177953590558
264735.71713882,3843811.71051674,683.363240051062,L1_3,2234.5,539.994171085014,9.85339988661235
264735.71713882,3843811.71051674,683.363240051062,L1_3,2234.5,527.729488837471,9.85228725038825
264735.71713882,3843811.71051674,683.363240051062,L1_3,2234.5,514.851572477551,9.9065965459337
264735.71713882,3843811.71051674,683.363240051062,L1_3,2234.5,501.329760299634,9.91426002053153
264735.71713882,3843811.71051674,683.363240051062,L1_3,2234.5,487.131857512822,9.80787670145124
264735.71713882,3843811.71051674,683.363240051062,L1_3,2234.5,472.22405958667,9.56988316087085
264735.71713882,3843811.71051674,683.363240051062,L1_3,2234.5,456.570871764209,9.22744137810491
264735.71713882,3843811.71051674,683.363240051062,L1_3,2234.5,440.135024550626,8.83317612663617
264735.71713882,3843811.71051674,683.363240051062,L1_3,2234.5,422.877384976363,8.44431994517085
264735.71713882,3843811.71051674,683.363240051062,L1_3,2234.5,404.756863423388,8.10898338003196
264735.71713882,3843811.71051674,683.363240051062,L1_3,2234.5,385.730315792763,7.86091929606056
264735.71713882,3843811.71051674,683.363240051062,L1_3,2234.5,365.752440780607,7.71971460350993
264735.71713882,3843811.71051674,683.363240051062,L1_3,2234.5,344.775672017844,7.69281422719373
264735.71713882,3843811.71051674,683.363240051062,L1_3,2234.5,322.754303339663,7.77770936230177
264735.71713882,3843811.71051674,683.363240051062,L1_3,2234.5,300.064105870122,7.96168209653501
264735.71713882,3843811.71051674,683.363240051062,L1_3,2234.5,276.239398527104,8.22571129976117
264735.71713882,3843811.71051674,683.363240051062,L1_3,2234.5,251.223455816935,8.54874145205675
264735.71713882,3843811.71051674,683.363240051062,L1_3,2234.5,224.956715971258,8.90738481366666
264735.71713882,3843811.71051674,683.363240051062,L1_3,2234.5,197.376639133297,9.27739382702641
264735.71713882,3843811.71051674,683.363240051062,L1_3,2234.5,168.417558453437,9.63519667637631
264735.71713882,3843811.71051674,683.363240051062,L1_3,2234.5,138.010523739585,9.95985004734509
264735.71713882,3843811.71051674,683.363240051062,L1_3,2234.5,106.08313729004,10.2349021949186
264735.71713882,3843811.71051674,683.363240051062,L1_3,2234.5,,
264735.71713882,3843811.71051674,683.363240051062,L1_3,2234.5,,
264735.71713882,3843811.71051674,683.363240051062,L1_3,2234.5,,
264735.71713882,3843811.71051674,683.363240051062,L1_3,2234.5,,
264735.71713882,3843811.71051674,683.363240051062,L1_3,2234.5,,
264735.71713882,3843811.71051674,683.363240051062,L1_3,2234.5,,
264735.71713882,3843811.71051674,683.363240051062,L1_3,2234.5,,
264735.71713882,3843811.71051674,683.363240051062,L1_3,2234.5,,
264735.71713882,3843811.71051674,683.363240051062,L1_3,2234.5,,
264735.71713882,3843811.71051674,683.363240051062,L1_3,2234.5,,
264735.71713882,3843811.71051674,683.363240051062,L1_3,2234.5,,
264735.71713882,3843811.71051674,683.363240051062,L1_3,2234.5,,
264735.71713882,3843811.71051674,683.363240051062,L1_3,2234.5,,
264735.71713882,3843811.71051674,683.363240051062,L1_3,2234.5,,
264735.71713882,3843811.71051674,683.363240051062,L1_3,2234.5,,
264735.71713882,3843811.71051674,683.363240051062,L1_3,2234.5,,
264735.71713882,3843811.71051674,683.363240051062,L1_3,2234.5,,
264735.71713882,3843811.71051674,683.363240051062,L1_3,2234.5,,
264735.71713882,3843811.71051674,683.363240051062,L1_3,2234.5,,
264735.71713882,3843811.71051674,683.363240051062,L1_3,2234.5,,
264735.71713882,3843811.71051674,683.363240051062,L1_3,2234.5,,
264740.672292955,3843815.10358977,683.624711653359,L1_3,2240.5,683.624711653359,8.13692131466077
264740.672292955,3843815.10358977,683.624711653359,L1_3,2240.5,678.524785404419,6.46279782287443
264740.672292955,3843815.10358977,683.624711653359,L1_3,2240.5,673.169862843032,4.30074748709554
264740.672292955,3843815.10358977,683.624711653359,L1_3,2240.5,667.547194153575,3.44053960907985
264740.672292955,3843815.10358977,683.624711653359,L1_3,2240.5,661.643392029645,3.49917234941782
264740.672292955,3843815.10358977,683.624711653359,L1_3,2240.5,655.444399799519,4.31979533859475
264740.672292955,3843815.10358977,683.624711653359,L1_3,2240.5,648.935457957887,5.98976058091747
264740.672292955,3843815.10358977,683.624711653359,L1_3,2240.5,642.101069024173,8.40888176630525
264740.672292955,3843815.10358977,683.624711653359,L1_3,2240.5,634.924960643773,11.0714707225906
264740.672292955,3843815.10358977,683.624711653359,L1_3,2240.5,627.390046844353,13.2875263207916
264740.672292955,3843815.10358977,683.624711653359,L1_3,2240.5,619.478387354963,14.5946650992889
264740.672292955,3843815.10358977,683.624711653359,L1_3,2240.5,611.171144891103,14.9051181205541
264740.672292955,3843815.10358977,683.624711653359,L1_3,2240.5,602.448540304049,14.3994524812577
264740.672292955,3843815.10358977,683.624711653359,L1_3,2240.5,593.289805487643,13.3881192145382
264740.672292955,3843815.10358977,683.624711653359,L1_3,2240.5,583.673133930417,12.204442430437
264740.672292955,3843815.10358977,683.624711653359,L1_3,2240.5,573.57562879533,11.1197121083823
264740.672292955,3843815.10358977,683.624711653359,L1_3,2240.5,562.973248403488,10.29628397745
264740.672292955,3843815.10358977,683.624711653359,L1_3,2240.5,551.840748992054,9.78654366500043
264740.672292955,3843815.10358977,683.624711653359,L1_3,2240.5,540.151624610048,9.55808587839044
264740.672292955,3843815.10358977,683.624711653359,L1_3,2240.5,527.878044008943,9.52353548898769
264740.672292955,3843815.10358977,683.624711653359,L1_3,2240.5,514.990784377781,9.56964659172379
264740.672292955,3843815.10358977,683.624711653359,L1_3,2240.5,501.459161765062,9.58850694364836
264740.672292955,3843815.10358977,683.624711653359,L1_3,2240.5,487.250958021707,9.50689574198602
264740.672292955,3843815.10358977,683.624711653359,L1_3,2240.5,472.332344091184,9.3020460693811
264740.672292955,3843815.10358977,683.624711653359,L1_3,2240.5,456.667799464135,8.9969125753127
264740.672292955,3843815.10358977,683.624711653359,L1_3,2240.5,440.220027605733,8.64096450122445
264740.672292955,3843815.10358977,683.624711653359,L1_3,2240.5,422.949867154411,8.28924378330971
264740.672292955,3843815.10358977,683.624711653359,L1_3,2240.5,404.816198680524,7.98852545885176
264740.672292955,3843815.10358977,683.624711653359,L1_3,2240.5,385.775846782942,7.77193150719155
264740.672292955,3843815.10358977,683.624711653359,L1_3,2240.5,365.78347729048,7.65890798765417
264740.672292955,3843815.10358977,683.624711653359,L1_3,2240.5,344.791489323396,7.65700669674651
264740.672292955,3843815.10358977,683.624711653359,L1_3,2240.5,322.754303339663,7.76387289537959
264740.672292955,3843815.10358977,683.624711653359,L1_3,2240.5,300.064105870122,7.96681286599158
264740.672292955,3843815.10358977,683.624711653359,L1_3,2240.5,276.239398527104,8.24674938929695
264740.672292955,3843815.10358977,683.624711653359,L1_3,2240.5,251.223455816935,8.5826061669565
264740.672292955,3843815.10358977,683.624711653359,L1_3,2240.5,224.956715971258,8.9509763048675
264740.672292955,3843815.10358977,683.624711653359,L1_3,2240.5,197.376639133297,9.32763374876101
264740.672292955,3843815.10358977,683.624711653359,L1_3,2240.5,168.417558453437,9.68909722583002
264740.672292955,3843815.10358977,683.624711653359,L1_3,2240.5,138.010523739585,10.0146198429796
264740.672292955,3843815.10358977,683.624711653359,L1_3,2240.5,106.08313729004,10.2880723490217
264740.672292955,3843815.10358977,683.624711653359,L1_3,2240.5,,
264740.672292955,3843815.10358977,683.624711653359,L1_3,2240.5,,
264740.672292955,3843815.10358977,683.624711653359,L1_3,2240.5,,
264740.672292955,3843815.10358977,683.624711653359,L1_3,2240.5,,
264740.672292955,3843815.10358977,683.624711653359,L1_3,2240.5,,
264740.672292955,3843815.10358977,683.624711653359,L1_3,2240.5,,
264740.672292955,3843815.10358977,683.624711653359,L1_3,2240.5,,
264740.672292955,3843815.10358977,683.624711653359,L1_3,2240.5,,
264740.672292955,3843815.10358977,683.624711653359,L1_3,2240.5,,
264740.672292955,3843815.10358977,683.624711653359,L1_3,2240.5,,
264740.672292955,3843815.10358977,683.624711653359,L1_3,2240.5,,
264740.672292955,3843815.10358977,683.624711653359,L1_3,2240.5,,
264740.672292955,3843815.10358977,683.624711653359,L1_3,2240.5,,
264740.672292955,3843815.10358977,683.624711653359,L1_3,2240.5,,
264740.672292955,3843815.10358977,683.624711653359,L1_3,2240.5,,
264740.672292955,3843815.10358977,683.624711653359,L1_3,2240.5,,
264740.672292955,3843815.10358977,683.624711653359,L1_3,2240.5,,
264740.672292955,3843815.10358977,683.624711653359,L1_3,2240.5,,
264740.672292955,3843815.10358977,683.624711653359,L1_3,2240.5,,
264740.672292955,3843815.10358977,683.624711653359,L1_3,2240.5,,
264740.672292955,3843815.10358977,683.624711653359,L1_3,2240.5,,
264746.0403766,3843818.7794189,683.969512537745,L1_3,2247.0,683.969512537745,3.75010579192193
264746.0403766,3843818.7794189,683.969512537745,L1_3,2247.0,678.864710486173,3.77135658553389
264746.0403766,3843818.7794189,683.969512537745,L1_3,2247.0,673.504668332023,3.78058858813969
264746.0403766,3843818.7794189,683.969512537745,L1_3,2247.0,667.876624070166,3.67878197212832
264746.0403766,3843818.7794189,683.969512537745,L1_3,2247.0,661.967177595216,3.55638828524785
264746.0403766,3843818.7794189,683.969512537745,L1_3,2247.0,655.762258796518,3.80078915440523
264746.0403766,3843818.7794189,683.969512537745,L1_3,2247.0,649.247094057885,4.81409389630617
264746.0403766,3843818.7794189,683.969512537745,L1_3,2247.0,642.406171082321,6.78766266697079
264746.0403766,3843818.7794189,683.969512537745,L1_3,2247.0,635.223201957978,9.51144680009423
264746.0403766,3843818.7794189,683.969512537745,L1_3,2247.0,627.681084377419,12.2845283583933
264746.0403766,3843818.7794189,683.969512537745,L1_3,2247.0,619.761860917831,14.2903021064524
264746.0403766,3843818.7794189,683.969512537745,L1_3,2247.0,611.446676285264,15.100103977641
264746.0403766,3843818.7794189,683.969512537745,L1_3,2247.0,602.715732421068,14.7880618942466
264746.0403766,3843818.7794189,683.969512537745,L1_3,2247.0,593.548241363663,13.735203666468
264746.0403766,3843818.7794189,683.969512537745,L1_3,2247.0,583.922375753388,12.3950925989302
264746.0403766,3843818.7794189,683.969512537745,L1_3,2247.0,573.815216862599,11.1328371888991
264746.0403766,3843818.7794189,683.969512537745,L1_3,2247.0,563.20270002727,10.1591627739492
264746.0403766,3843818.7794189,683.969512537745,L1_3,2247.0,552.059557350175,9.5409120037782
264746.0403766,3843818.7794189,683.969512537745,L1_3,2247.0,540.359257539225,9.24393186915892
264746.0403766,3843818.7794189,683.969512537745,L1_3,2247.0,528.073942737728,9.17449525139264
264746.0403766,3843818.7794189,683.969512537745,L1_3,2247.0,515.174362196156,9.21268889517269
264746.0403766,3843818.7794189,683.969512537745,L1_3,2247.0,501.629802627505,9.24418986715208
264746.0403766,3843818.7794189,683.969512537745,L1_3,2247.0,487.408015080421,9.18963102842856
264746.0403766,3843818.7794189,683.969512537745,L1_3,2247.0,472.475138155984,9.02072714378043
264746.0403766,3843818.7794189,683.969512537745,L1_3,2247.0,456.795617385325,8.75590120540293
264746.0403766,3843818.7794189,683.969512537745,L1_3,2247.0,440.332120576132,8.44118282833025
264746.0403766,3843818.7794189,683.969512537745,L1_3,2247.0,423.04544892648,8.12922692236348
264746.0403766,3843818.7794189,683.969512537745,L1_3,2247.0,404.894443694346,7.86537870826087
264746.0403766,3843818.7794189,683.969512537745,L1_3,2247.0,385.835888200604,7.68211261361445
264746.0403766,3843818.7794189,683.969512537745,L1_3,2247.0,365.824404932176,7.5987603262866
264746.0403766,3843818.7794189,683.969512537745,L1_3,2247.0,344.812347500326,7.62302177850719
264746.0403766,3843818.7794189,683.969512537745,L1_3,2247.0,322.754303339663,7.75273579126509
264746.0403766,3843818.7794189,683.969512537745,L1_3,2247.0,300.064105870122,7.97525181386952
264746.0403766,3843818.7794189,683.969512537745,L1_3,2247.0,276.239398527104,8.27145105598874
264746.0403766,3843818.7794189,683.969512537745,L1_3,2247.0,251.223455816935,8.62026754109946
264746.0403766,3843818.7794189,683.969512537745,L1_3,2247.0,224.956715971258,8.99830975678764
264746.0403766,3843818.7794189,683.969512537745,L1_3,2247.0,197.376639133297,9.38141147755633
264746.0403766,3843818.7794189,683.969512537745,L1_3,2247.0,168.417558453437,9.74622157360254
264746.0403766,3843818.7794189,683.969512537745,L1_3,2247.0,138.010523739585,10.0722282699742
264746.0403766,3843818.7794189,683.969512537745,L1_3,2247.0,106.08313729004,10.3436607049088
264746.0403766,3843818.7794189,683.969512537745,L1_3,2247.0,,
264746.0403766,3843818.7794189,683.969512537745,L1_3,2247.0,,
264746.0403766,3843818.7794189,683.969512537745,L1_3,2247.0,,
264746.0403766,3843818.7794189,683.969512537745,L1_3,2247.0,,
264746.0403766,3843818.7794189,683.969512537745,L1_3,2247.0,,
264746.0403766,3843818.7794189,683.969512537745,L1_3,2247.0,,
264746.0403766,3843818.7794189,683.969512537745,L1_3,2247.0,,
264746.0403766,3843818.7794189,683.969512537745,L1_3,2247.0,,
264746.0403766,3843818.7794189,683.969512537745,L1_3,2247.0,,
264746.0403766,3843818.7794189,683.969512537745,L1_3,2247.0,,
264746.0403766,3843818.7794189,683.969512537745,L1_3,2247.0,,
264746.0403766,3843818.7794189,683.969512537745,L1_3,2247.0,,
264746.0403766,3843818.7794189,683.969512537745,L1_3,2247.0,,
264746.0403766,3843818.7794189,683.969512537745,L1_3,2247.0,,
264746.0403766,3843818.7794189,683.969512537745,L1_3,2247.0,,
264746.0403766,3843818.7794189,683.969512537745,L1_3,2247.0,,
264746.0403766,3843818.7794189,683.969512537745,L1_3,2247.0,,
264746.0403766,3843818.7794189,683.969512537745,L1_3,2247.0,,
264746.0403766,3843818.7794189,683.969512537745,L1_3,2247.0,,
264746.0403766,3843818.7794189,683.969512537745,L1_3,2247.0,,
264746.0403766,3843818.7794189,683.969512537745,L1_3,2247.0,,
264750.995530613,3843822.17249159,684.31431342213,L1_3,2253.0,684.31431342213,3.11779128175625
264750.995530613,3843822.17249159,684.31431342213,L1_3,2253.0,679.204635567927,3.84145667748644
264750.995530613,3843822.17249159,684.31431342213,L1_3,2253.0,673.839473821015,5.26988297367141
264750.995530613,3843822.17249159,684.31431342213,L1_3,2253.0,668.206053986757,5.44711934324933
264750.995530613,3843822.17249159,684.31431342213,L1_3,2253.0,662.290963160786,4.42239518489226
264750.995530613,3843822.17249159,684.31431342213,L1_3,2253.0,656.080117793516,3.77478367730336
264750.995530613,3843822.17249159,684.31431342213,L1_3,2253.0,649.558730157883,4.18158736819853
264750.995530613,3843822.17249159,684.31431342213,L1_3,2253.0,642.711273140469,5.79134294753612
264750.995530613,3843822.17249159,684.31431342213,L1_3,2253.0,635.521443272183,8.52005672593384
264750.995530613,3843822.17249159,684.31431342213,L1_3,2253.0,627.972121910484,11.7184294736694
264750.995530613,3843822.17249159,684.31431342213,L1_3,2253.0,620.045334480699,14.3142535020829
264750.995530613,3843822.17249159,684.31431342213,L1_3,2253.0,611.722207679425,15.5429731213377
264750.995530613,3843822.17249159,684.31431342213,L1_3,2253.0,602.982924538088,15.3484917652368
264750.995530613,3843822.17249159,684.31431342213,L1_3,2253.0,593.806677239683,14.1823220795506
264750.995530613,3843822.17249159,684.31431342213,L1_3,2253.0,584.171617576358,12.6296963178146
264750.995530613,3843822.17249159,684.31431342213,L1_3,2253.0,574.054804929867,11.1546247622039
264750.995530613,3843822.17249159,684.31431342213,L1_3,2253.0,563.432151651052,10.0127925492367
264750.995530613,3843822.17249159,684.31431342213,L1_3,2253.0,552.278365708296,9.27888863202558
264750.995530613,3843822.17249159,684.31431342213,L1_3,2253.0,540.566890468402,8.91147560587764
264750.995530613,3843822.17249159,684.31431342213,L1_3,2253.0,528.269841466513,8.80731888463397
264750.995530613,3843822.17249159,684.31431342213,L1_3,2253.0,515.35794001453,8.83858788822992
264750.995530613,3843822.17249159,684.31431342213,L1_3,2253.0,501.800443489947,8.88426119077451
264750.995530613,3843822.17249159,684.31431342213,L1_3,2253.0,487.565072139136,8.85878152714473
264750.995530613,3843822.17249159,684.31431342213,L1_3,2253.0,472.617932220784,8.72823272386937
264750.995530613,3843822.17249159,684.31431342213,L1_3,2253.0,456.923435306514,8.50629735691694
264750.995530613,3843822.17249159,684.31431342213,L1_3,2253.0,440.444213546531,8.23533995557049
264750.995530613,3843822.17249159,684.31431342213,L1_3,2253.0,423.141030698549,7.96545924200441
264750.995530613,3843822.17249159,684.31431342213,L1_3,2253.0,404.972688708168,7.74048123051564
264750.995530613,3843822.17249159,684.31431342213,L1_3,2253.0,385.895929618267,7.59220906608401
264750.995530613,3843822.17249159,684.31431342213,L1_3,2253.0,365.865332573872,7.53987509654833
264750.995530613,3843822.17249159,684.31431342213,L1_3,2253.0,344.833205677256,7.59135419708223
264750.995530613,3843822.17249159,684.31431342213,L1_3,2253.0,322.754303339663,7.74470249675657
264750.995530613,3843822.17249159,684.31431342213,L1_3,2253.0,300.064105870122,7.98732704120061
264750.995530613,3843822.17249159,684.31431342213,L1_3,2253.0,276.239398527104,8.30008224195861
264750.995530613,3843822.17249159,684.31431342213,L1_3,2253.0,251.223455816935,8.66193820829719
264750.995530613,3843822.17249159,684.31431342213,L1_3,2253.0,224.956715971258,9.04955070348848
264750.995530613,3843822.17249159,684.31431342213,L1_3,2253.0,197.376639133297,9.43885128789503
264750.995530613,3843822.17249159,684.31431342213,L1_3,2253.0,168.417558453437,9.8066591450869
264750.995530613,3843822.17249159,684.31431342213,L1_3,2253.0,138.010523739585,10.1327357016535
264750.995530613,3843822.17249159,684.31431342213,L1_3,2253.0,106.08313729004,10.4017044498571
264750.995530613,3843822.17249159,684.31431342213,L1_3,2253.0,,
264750.995530613,3843822.17249159,684.31431342213,L1_3,2253.0,,
264750.995530613,3843822.17249159,684.31431342213,L1_3,2253.0,,
264750.995530613,3843822.17249159,684.31431342213,L1_3,2253.0,,
264750.995530613,3843822.17249159,684.31431342213,L1_3,2253.0,,
264750.995530613,3843822.17249159,684.31431342213,L1_3,2253.0,,
264750.995530613,3843822.17249159,684.31431342213,L1_3,2253.0,,
264750.995530613,3843822.17249159,684.31431342213,L1_3,2253.0,,
264750.995530613,3843822.17249159,684.31431342213,L1_3,2253.0,,
264750.995530613,3843822.17249159,684.31431342213,L1_3,2253.0,,
264750.995530613,3843822.17249159,684.31431342213,L1_3,2253.0,,
264750.995530613,3843822.17249159,684.31431342213,L1_3,2253.0,,
264750.995530613,3843822.17249159,684.31431342213,L1_3,2253.0,,
264750.995530613,3843822.17249159,684.31431342213,L1_3,2253.0,,
264750.995530613,3843822.17249159,684.31431342213,L1_3,2253.0,,
264750.995530613,3843822.17249159,684.31431342213,L1_3,2253.0,,
264750.995530613,3843822.17249159,684.31431342213,L1_3,2253.0,,
264750.995530613,3843822.17249159,684.31431342213,L1_3,2253.0,,
264750.995530613,3843822.17249159,684.31431342213,L1_3,2253.0,,
264750.995530613,3843822.17249159,684.31431342213,L1_3,2253.0,,
264750.995530613,3843822.17249159,684.31431342213,L1_3,2253.0,,
264756.363613997,3843825.84831996,684.659114306515,L1_3,2259.5,684.659114306515,4.33141466168616
264756.363613997,3843825.84831996,684.659114306515,L1_3,2259.5,679.544560649682,6.07105641092362
264756.363613997,3843825.84831996,684.659114306515,L1_3,2259.5,674.174279310007,9.3754735887279
264756.363613997,3843825.84831996,684.659114306515,L1_3,2259.5,668.535483903348,8.6848332505308
264756.363613997,3843825.84831996,684.659114306515,L1_3,2259.5,662.614748726356,5.68034094171595
264756.363613997,3843825.84831996,684.659114306515,L1_3,2259.5,656.397976790515,3.97762487788217
264756.363613997,3843825.84831996,684.659114306515,L1_3,2259.5,649.870366257882,3.96270391328143
264756.363613997,3843825.84831996,684.659114306515,L1_3,2259.5,643.016375198617,5.41356557312897
264756.363613997,3843825.84831996,684.659114306515,L1_3,2259.5,635.819684586388,8.24447823907312
264756.363613997,3843825.84831996,684.659114306515,L1_3,2259.5,628.263159443549,11.8328766971232
264756.363613997,3843825.84831996,684.659114306515,L1_3,2259.5,620.328808043567,14.8980298687912
264756.363613997,3843825.84831996,684.659114306515,L1_3,2259.5,611.997739073586,16.3896523500214
264756.363613997,3843825.84831996,684.659114306515,L1_3,2259.5,603.250116655107,16.1593812665948
264756.363613997,3843825.84831996,684.659114306515,L1_3,2259.5,594.065113115703,14.7577855089156
264756.363613997,3843825.84831996,684.659114306515,L1_3,2259.5,584.420859399329,12.9132673106554
264756.363613997,3843825.84831996,684.659114306515,L1_3,2259.5,574.294392997136,11.1833647177207
264756.363613997,3843825.84831996,684.659114306515,L1_3,2259.5,563.661603274834,9.85582453383211
264756.363613997,3843825.84831996,684.659114306515,L1_3,2259.5,552.497174066417,9.00123409687556
264756.363613997,3843825.84831996,684.659114306515,L1_3,2259.5,540.774523397578,8.56321169666808
264756.363613997,3843825.84831996,684.659114306515,L1_3,2259.5,528.465740195298,8.42536867767407
264756.363613997,3843825.84831996,684.659114306515,L1_3,2259.5,515.541517832904,8.45083664987432
264756.363613997,3843825.84831996,684.659114306515,L1_3,2259.5,501.97108435239,8.51189589285809
264756.363613997,3843825.84831996,684.659114306515,L1_3,2259.5,487.722129197851,8.51701712347446
264756.363613997,3843825.84831996,684.659114306515,L1_3,2259.5,472.760726285584,8.42670718204134
264756.363613997,3843825.84831996,684.659114306515,L1_3,2259.5,457.051253227704,8.2497764713705
264756.363613997,3843825.84831996,684.659114306515,L1_3,2259.5,440.55630651693,8.02472551333869
264756.363613997,3843825.84831996,684.659114306515,L1_3,2259.5,423.236612470618,7.79892889343632
264756.363613997,3843825.84831996,684.659114306515,L1_3,2259.5,405.050933721989,7.61459395336858
264756.363613997,3843825.84831996,684.659114306515,L1_3,2259.5,385.95597103593,7.50281591602004
264756.363613997,3843825.84831996,684.659114306515,L1_3,2259.5,365.906260215567,7.48272738293756
264756.363613997,3843825.84831996,684.659114306515,L1_3,2259.5,344.854063854187,7.56239044326013
264756.363613997,3843825.84831996,684.659114306515,L1_3,2259.5,322.754303339663,7.74008930494192
264756.363613997,3843825.84831996,684.659114306515,L1_3,2259.5,300.064105870122,8.00329647082136
264756.363613997,3843825.84831996,684.659114306515,L1_3,2259.5,276.239398527104,8.33285175589532
264756.363613997,3843825.84831996,684.659114306515,L1_3,2259.5,251.223455816935,8.70778401162617
264756.363613997,3843825.84831996,684.659114306515,L1_3,2259.5,224.956715971258,9.10482828642275
264756.363613997,3843825.84831996,684.659114306515,L1_3,2259.5,197.376639133297,9.50005126368466
264756.363613997,3843825.84831996,684.659114306515,L1_3,2259.5,168.417558453437,9.8704815462676
264756.363613997,3843825.84831996,684.659114306515,L1_3,2259.5,138.010523739585,10.1961922481256
264756.363613997,3843825.84831996,684.659114306515,L1_3,2259.5,106.08313729004,10.462236617179
264756.363613997,3843825.84831996,684.659114306515,L1_3,2259.5,,
264756.363613997,3843825.84831996,684.659114306515,L1_3,2259.5,,
264756.363613997,3843825.84831996,684.659114306515,L1_3,2259.5,,
264756.363613997,3843825.84831996,684.659114306515,L1_3,2259.5,,
264756.363613997,3843825.84831996,684.659114306515,L1_3,2259.5,,
264756.363613997,3843825.84831996,684.659114306515,L1_3,2259.5,,
264756.363613997,3843825.84831996,684.659114306515,L1_3,2259.5,,
264756.363613997,3843825.84831996,684.659114306515,L1_3,2259.5,,
264756.363613997,3843825.84831996,684.659114306515,L1_3,2259.5,,
264756.363613997,3843825.84831996,684.659114306515,L1_3,2259.5,,
264756.363613997,3843825.84831996,684.659114306515,L1_3,2259.5,,
264756.363613997,3843825.84831996,684.659114306515,L1_3,2259.5,,
264756.363613997,3843825.84831996,684.659114306515,L1_3,2259.5,,
264756.363613997,3843825.84831996,684.659114306515,L1_3,2259.5,,
264756.363613997,3843825.84831996,684.659114306515,L1_3,2259.5,,
264756.363613997,3843825.84831996,684.659114306515,L1_3,2259.5,,
264756.363613997,3843825.84831996,684.659114306515,L1_3,2259.5,,
264756.363613997,3843825.84831996,684.659114306515,L1_3,2259.5,,
264756.363613997,3843825.84831996,684.659114306515,L1_3,2259.5,,
264756.363613997,3843825.84831996,684.659114306515,L1_3,2259.5,,
264756.363613997,3843825.84831996,684.659114306515,L1_3,2259.5,,
264761.31876789,3843829.24139231,685.056444904577,L1_3,2265.5,685.056444904577,5.00332159107755
264761.31876789,3843829.24139231,685.056444904577,L1_3,2265.5,679.936272626496,6.99145619504628
264761.31876789,3843829.24139231,685.056444904577,L1_3,2265.5,674.56009173451,10.629573163335
264761.31876789,3843829.24139231,685.056444904577,L1_3,2265.5,668.915101797925,9.53135089421572
264761.31876789,3843829.24139231,685.056444904577,L1_3,2265.5,662.987862364511,5.99648871677677
264761.31876789,3843829.24139231,685.056444904577,L1_3,2265.5,656.764260959426,4.08932791059643
264761.31876789,3843829.24139231,685.056444904577,L1_3,2265.5,650.229479484087,4.06533143566032
264761.31876789,3843829.24139231,685.056444904577,L1_3,2265.5,643.367958934981,5.64818999006976
264761.31876789,3843829.24139231,685.056444904577,L1_3,2265.5,636.16336235842,8.79004803637241
264761.31876789,3843829.24139231,685.056444904577,L1_3,2265.5,628.598535953031,12.8146451228411
264761.31876789,3843829.24139231,685.056444904577,L1_3,2265.5,620.655468227372,16.2154601922916
264761.31876789,3843829.24139231,685.056444904577,L1_3,2265.5,612.31524711543,17.7408354268049
264761.31876789,3843829.24139231,685.056444904577,L1_3,2265.5,603.558014947891,17.2525678322891
264761.31876789,3843829.24139231,685.056444904577,L1_3,2265.5,594.362921171975,15.4564997764587
264761.31876789,3843829.24139231,685.056444904577,L1_3,2265.5,584.708072707263,13.2305057896099
264761.31876789,3843829.24139231,685.056444904577,L1_3,2265.5,574.570481819316,11.2064394941686
264761.31876789,3843829.24139231,685.056444904577,L1_3,2265.5,563.926011386972,9.68152307931833
264761.31876789,3843829.24139231,685.056444904577,L1_3,2265.5,552.74931743301,8.70620424080305
264761.31876789,3843829.24139231,685.056444904577,L1_3,2265.5,541.01378878135,8.20060578424754
264761.31876789,3843829.24139231,685.056444904577,L1_3,2265.5,528.691483697107,8.03179210750751
264761.31876789,3843829.24139231,685.056444904577,L1_3,2265.5,515.753063358652,8.05320471630863
264761.31876789,3843829.24139231,685.056444904577,L1_3,2265.5,502.167722003274,8.1308400669627
264761.31876789,3843829.24139231,685.056444904577,L1_3,2265.5,487.903113580127,8.16772159046637
264761.31876789,3843829.24139231,685.056444904577,L1_3,2265.5,472.925274735823,8.11903434286776
264761.31876789,3843829.24139231,685.056444904577,L1_3,2265.5,457.198543949304,7.98870352002361
264761.31876789,3843829.24139231,685.056444904577,L1_3,2265.5,440.685476623459,7.81122710176181
264761.31876789,3843829.24139231,685.056444904577,L1_3,2265.5,423.346755931321,7.63111572186885
264761.31876789,3843829.24139231,685.056444904577,L1_3,2265.5,405.141099204577,7.4888686312236
264761.31876789,3843829.24139231,685.056444904577,L1_3,2265.5,386.025159641496,7.41483183127732
264761.31876789,3843829.24139231,685.056444904577,L1_3,2265.5,365.95342310026,7.42802430075853
264761.31876789,3843829.24139231,685.056444904577,L1_3,2265.5,344.878099731963,7.53669156533346
264761.31876789,3843829.24139231,685.056444904577,L1_3,2265.5,322.754303339663,7.73934397722379
264761.31876789,3843829.24139231,685.056444904577,L1_3,2265.5,300.064105870122,8.02351696825438
264761.31876789,3843829.24139231,685.056444904577,L1_3,2265.5,276.239398527104,8.3700405031447
264761.31876789,3843829.24139231,685.056444904577,L1_3,2265.5,251.223455816935,8.75802217737239
264761.31876789,3843829.24139231,685.056444904577,L1_3,2265.5,224.956715971258,9.16430618361388
264761.31876789,3843829.24139231,685.056444904577,L1_3,2265.5,197.376639133297,9.5651301493846
264761.31876789,3843829.24139231,685.056444904577,L1_3,2265.5,168.417558453437,9.93777026389045
264761.31876789,3843829.24139231,685.056444904577,L1_3,2265.5,138.010523739585,10.2626495964911
264761.31876789,3843829.24139231,685.056444904577,L1_3,2265.5,106.08313729004,10.525286049237
264761.31876789,3843829.24139231,685.056444904577,L1_3,2265.5,,
264761.31876789,3843829.24139231,685.056444904577,L1_3,2265.5,,
264761.31876789,3843829.24139231,685.056444904577,L1_3,2265.5,,
264761.31876789,3843829.24139231,685.056444904577,L1_3,2265.5,,
264761.31876789,3843829.24139231,685.056444904577,L1_3,2265.5,,
264761.31876789,3843829.24139231,685.056444904577,L1_3,2265.5,,
264761.31876789,3843829.24139231,685.056444904577,L1_3,2265.5,,
264761.31876789,3843829.24139231,685.056444904577,L1_3,2265.5,,
264761.31876789,3843829.24139231,685.056444904577,L1_3,2265.5,,
264761.31876789,3843829.24139231,685.056444904577,L1_3,2265.5,,
264761.31876789,3843829.24139231,685.056444904577,L1_3,2265.5,,
264761.31876789,3843829.24139231,685.056444904577,L1_3,2265.5,,
264761.31876789,3843829.24139231,685.056444904577,L1_3,2265.5,,
264761.31876789,3843829.24139231,685.056444904577,L1_3,2265.5,,
264761.31876789,3843829.24139231,685.056444904577,L1_3,2265.5,,
264761.31876789,3843829.24139231,685.056444904577,L1_3,2265.5,,
264761.31876789,3843829.24139231,685.056444904577,L1_3,2265.5,,
264761.31876789,3843829.24139231,685.056444904577,L1_3,2265.5,,
264761.31876789,3843829.24139231,685.056444904577,L1_3,2265.5,,
264761.31876789,3843829.24139231,685.056444904577,L1_3,2265.5,,
264761.31876789,3843829.24139231,685.056444904577,L1_3,2265.5,,
264766.686851273,3843832.91722068,685.506224156187,L1_3,2272.0,685.506224156187,4.40160079259902
264766.686851273,3843832.91722068,685.506224156187,L1_3,2272.0,680.379691584505,5.39354380584316
264766.686851273,3843832.91722068,685.506224156187,L1_3,2272.0,674.996832384239,7.19647046796174
264766.686851273,3843832.91722068,685.506224156187,L1_3,2272.0,669.34483022396,6.95409575215252
264766.686851273,3843832.91722068,685.506224156187,L1_3,2272.0,663.410227955667,5.14650651202176
264766.686851273,3843832.91722068,685.506224156187,L1_3,2272.0,657.178895573959,4.10982780212524
264766.686851273,3843832.91722068,685.506224156187,L1_3,2272.0,650.635996573165,4.53873105979541
264766.686851273,3843832.91722068,685.506224156187,L1_3,2272.0,643.765952622332,6.59683127987735
264766.686851273,3843832.91722068,685.506224156187,L1_3,2272.0,636.552406473958,10.3204903723552
264766.686851273,3843832.91722068,685.506224156187,L1_3,2272.0,628.978183018164,14.8405474238955
264766.686851273,3843832.91722068,685.506224156187,L1_3,2272.0,621.025248389581,18.3861018664995
264766.686851273,3843832.91722068,685.506224156187,L1_3,2272.0,612.674667029569,19.6388353725648
264766.686851273,3843832.91722068,685.506224156187,L1_3,2272.0,603.906556601556,18.62104137672
264766.686851273,3843832.91722068,685.506224156187,L1_3,2272.0,594.700040652143,16.2562395328166
264766.686851273,3843832.91722068,685.506224156187,L1_3,2272.0,585.033198905259,13.5628311380901
264766.686851273,3843832.91722068,685.506224156187,L1_3,2272.0,574.88301507103,11.2138517106136
264766.686851273,3843832.91722068,685.506224156187,L1_3,2272.0,564.22532204509,9.48702056416977
264766.686851273,3843832.91722068,685.506224156187,L1_3,2272.0,553.034744367854,8.39530036439824
264766.686851273,3843832.91722068,685.506224156187,L1_3,2272.0,541.284637806755,7.82732746903842
264766.686851273,3843832.91722068,685.506224156187,L1_3,2272.0,528.947025917602,7.63101435577792
264766.686851273,3843832.91722068,685.506224156187,L1_3,2272.0,515.99253343399,7.65004661428287
264766.686851273,3843832.91722068,685.506224156187,L1_3,2272.0,502.390316326199,7.74495162881851
264766.686851273,3843832.91722068,685.506224156187,L1_3,2272.0,488.107988363017,7.81409921258545
264766.686851273,3843832.91722068,685.506224156187,L1_3,2272.0,473.111544001677,7.80777100004306
264766.686851273,3843832.91722068,685.506224156187,L1_3,2272.0,457.365277422269,7.72506915619521
264766.686851273,3843832.91722068,685.506224156187,L1_3,2272.0,440.831697513892,7.59637253837773
264766.686851273,3843832.91722068,685.506224156187,L1_3,2272.0,423.471438610095,7.46318683709262
264766.686851273,3843832.91722068,685.506224156187,L1_3,2272.0,405.243166761108,7.36420082444909
264766.686851273,3843832.91722068,685.506224156187,L1_3,2272.0,386.103481319673,7.32895192084062
264766.686851273,3843832.91722068,685.506224156187,L1_3,2272.0,366.006811606165,7.37631346794531
264766.686851273,3843832.91722068,685.506224156187,L1_3,2272.0,344.905308406982,7.51469440254881
264766.686851273,3843832.91722068,685.506224156187,L1_3,2272.0,322.754303339663,7.74281677639759
264766.686851273,3843832.91722068,685.506224156187,L1_3,2272.0,300.064105870122,8.04826767310591
264766.686851273,3843832.91722068,685.506224156187,L1_3,2272.0,276.239398527104,8.41186832368875
264766.686851273,3843832.91722068,685.506224156187,L1_3,2272.0,251.223455816935,8.81282320331993
264766.686851273,3843832.91722068,685.506224156187,L1_3,2272.0,224.956715971258,9.22811338403896
264766.686851273,3843832.91722068,685.506224156187,L1_3,2272.0,197.376639133297,9.6341825064682
264766.686851273,3843832.91722068,685.506224156187,L1_3,2272.0,168.417558453437,10.0085917513784
264766.686851273,3843832.91722068,685.506224156187,L1_3,2272.0,138.010523739585,10.3321515578875
264766.686851273,3843832.91722068,685.506224156187,L1_3,2272.0,106.08313729004,10.5908796101429
264766.686851273,3843832.91722068,685.506224156187,L1_3,2272.0,,
264766.686851273,3843832.91722068,685.506224156187,L1_3,2272.0,,
264766.686851273,3843832.91722068,685.506224156187,L1_3,2272.0,,
264766.686851273,3843832.91722068,685.506224156187,L1_3,2272.0,,
264766.686851273,3843832.91722068,685.506224156187,L1_3,2272.0,,
264766.686851273,3843832.91722068,685.506224156187,L1_3,2272.0,,
264766.686851273,3843832.91722068,685.506224156187,L1_3,2272.0,,
264766.686851273,3843832.91722068,685.506224156187,L1_3,2272.0,,
264766.686851273,3843832.91722068,685.506224156187,L1_3,2272.0,,
264766.686851273,3843832.91722068,685.506224156187,L1_3,2272.0,,
264766.686851273,3843832.91722068,685.506224156187,L1_3,2272.0,,
264766.686851273,3843832.91722068,685.506224156187,L1_3,2272.0,,
264766.686851273,3843832.91722068,685.506224156187,L1_3,2272.0,,
264766.686851273,3843832.91722068,685.506224156187,L1_3,2272.0,,
264766.686851273,3843832.91722068,685.506224156187,L1_3,2272.0,,
264766.686851273,3843832.91722068,685.506224156187,L1_3,2272.0,,
264766.686851273,3843832.91722068,685.506224156187,L1_3,2272.0,,
264766.686851273,3843832.91722068,685.506224156187,L1_3,2272.0,,
264766.686851273,3843832.91722068,685.506224156187,L1_3,2272.0,,
264766.686851273,3843832.91722068,685.506224156187,L1_3,2272.0,,
264766.686851273,3843832.91722068,685.506224156187,L1_3,2272.0,,
264771.642005045,3843836.31029268,685.956003407797,L1_3,2278.0,685.956003407797,5.4381247542208
264771.642005045,3843836.31029268,685.956003407797,L1_3,2278.0,680.823110542515,5.47768228441824
264771.642005045,3843836.31029268,685.956003407797,L1_3,2278.0,675.433573033968,5.475064862319
264771.642005045,3843836.31029268,685.956003407797,L1_3,2278.0,669.774558649994,5.05663539019812
264771.642005045,3843836.31029268,685.956003407797,L1_3,2278.0,663.832593546822,4.39224627253679
264771.642005045,3843836.31029268,685.956003407797,L1_3,2278.0,657.593530188491,4.33093076924113
264771.642005045,3843836.31029268,685.956003407797,L1_3,2278.0,651.042513662243,5.52136222102181
264771.642005045,3843836.31029268,685.956003407797,L1_3,2278.0,644.163946309683,8.41993740563877
264771.642005045,3843836.31029268,685.956003407797,L1_3,2278.0,636.941450589495,12.9892470094998
264771.642005045,3843836.31029268,685.956003407797,L1_3,2278.0,629.357830083298,17.9753865319356
264771.642005045,3843836.31029268,685.956003407797,L1_3,2278.0,621.395028551791,21.3622523588358
264771.642005045,3843836.31029268,685.956003407797,L1_3,2278.0,613.034086943708,21.9729090182865
264771.642005045,3843836.31029268,685.956003407797,L1_3,2278.0,604.255098255221,20.1523923358433
264771.642005045,3843836.31029268,685.956003407797,L1_3,2278.0,595.03716013231,17.0748705273294
264771.642005045,3843836.31029268,685.956003407797,L1_3,2278.0,585.358325103254,13.8618887841276
264771.642005045,3843836.31029268,685.956003407797,L1_3,2278.0,575.195548322744,11.1820443067371
264771.642005045,3843836.31029268,685.956003407797,L1_3,2278.0,564.524632703209,9.26355040886322
264771.642005045,3843836.31029268,685.956003407797,L1_3,2278.0,553.320171302698,8.06753203157162
264771.642005045,3843836.31029268,685.956003407797,L1_3,2278.0,541.55548683216,7.44611150773702
264771.642005045,3843836.31029268,685.956003407797,L1_3,2278.0,529.202568138096,7.22732725697089
264771.642005045,3843836.31029268,685.956003407797,L1_3,2278.0,516.232003509329,7.24604393073797
264771.642005045,3843836.31029268,685.956003407797,L1_3,2278.0,502.612910649123,7.35866621931992
264771.642005045,3843836.31029268,685.956003407797,L1_3,2278.0,488.312863145907,7.46003013503056
264771.642005045,3843836.31029268,685.956003407797,L1_3,2278.0,473.29781326753,7.49614065846106
264771.642005045,3843836.31029268,685.956003407797,L1_3,2278.0,457.532010895235,7.46146229176435
264771.642005045,3843836.31029268,685.956003407797,L1_3,2278.0,440.977918404324,7.38220061728185
264771.642005045,3843836.31029268,685.956003407797,L1_3,2278.0,423.596121288868,7.29673427342242
264771.642005045,3843836.31029268,685.956003407797,L1_3,2278.0,405.34523431764,7.24183512944542
264771.642005045,3843836.31029268,685.956003407797,L1_3,2278.0,386.181802997849,7.24615690468311
264771.642005045,3843836.31029268,685.956003407797,L1_3,2278.0,366.06020011207,7.3283748563406
264771.642005045,3843836.31029268,685.956003407797,L1_3,2278.0,344.932517082001,7.49702147571276
264771.642005045,3843836.31029268,685.956003407797,L1_3,2278.0,322.754303339663,7.75099923138897
264771.642005045,3843836.31029268,685.956003407797,L1_3,2278.0,300.064105870122,8.07793053227994
264771.642005045,3843836.31029268,685.956003407797,L1_3,2278.0,276.239398527104,8.45862756786754
264771.642005045,3843836.31029268,685.956003407797,L1_3,2278.0,251.223455816935,8.87240564208619
264771.642005045,3843836.31029268,685.956003407797,L1_3,2278.0,224.956715971258,9.29640861705913
264771.642005045,3843836.31029268,685.956003407797,L1_3,2278.0,197.376639133297,9.70731888855553
264771.642005045,3843836.31029268,685.956003407797,L1_3,2278.0,168.417558453437,10.0830180259965
264771.642005045,3843836.31029268,685.956003407797,L1_3,2278.0,138.010523739585,10.4047402660744
264771.642005045,3843836.31029268,685.956003407797,L1_3,2278.0,106.08313729004,10.6590371100176
264771.642005045,3843836.31029268,685.956003407797,L1_3,2278.0,,
264771.642005045,3843836.31029268,685.956003407797,L1_3,2278.0,,
264771.642005045,3843836.31029268,685.956003407797,L1_3,2278.0,,
264771.642005045,3843836.31029268,685.956003407797,L1_3,2278.0,,
264771.642005045,3843836.31029268,685.956003407797,L1_3,2278.0,,
264771.642005045,3843836.31029268,685.956003407797,L1_3,2278.0,,
264771.642005045,3843836.31029268,685.956003407797,L1_3,2278.0,,
264771.642005045,3843836.31029268,685.956003407797,L1_3,2278.0,,
264771.642005045,3843836.31029268,685.956003407797,L1_3,2278.0,,
264771.642005045,3843836.31029268,685.956003407797,L1_3,2278.0,,
264771.642005045,3843836.31029268,685.956003407797,L1_3,2278.0,,
264771.642005045,3843836.31029268,685.956003407797,L1_3,2278.0,,
264771.642005045,3843836.31029268,685.956003407797,L1_3,2278.0,,
264771.642005045,3843836.31029268,685.956003407797,L1_3,2278.0,,
264771.642005045,3843836.31029268,685.956003407797,L1_3,2278.0,,
264771.642005045,3843836.31029268,685.956003407797,L1_3,2278.0,,
264771.642005045,3843836.31029268,685.956003407797,L1_3,2278.0,,
264771.642005045,3843836.31029268,685.956003407797,L1_3,2278.0,,
264771.642005045,3843836.31029268,685.956003407797,L1_3,2278.0,,
264771.642005045,3843836.31029268,685.956003407797,L1_3,2278.0,,
264771.642005045,3843836.31029268,685.956003407797,L1_3,2278.0,,
264777.010088167,3843839.98612031,686.405782659407,L1_3,2284.5,686.405782659407,9.29661239114609
264777.010088167,3843839.98612031,686.405782659407,L1_3,2284.5,681.266529500524,7.85470253221332
264777.010088167,3843839.98612031,686.405782659407,L1_3,2284.5,675.870313683697,5.77228983319438
264777.010088167,3843839.98612031,686.405782659407,L1_3,2284.5,670.204287076029,4.59667698611297
264777.010088167,3843839.98612031,686.405782659407,L1_3,2284.5,664.254959137978,4.2214315809954
264777.010088167,3843839.98612031,686.405782659407,L1_3,2284.5,658.008164803023,4.85462056247627
264777.010088167,3843839.98612031,686.405782659407,L1_3,2284.5,651.449030751321,6.98187638094148
264777.010088167,3843839.98612031,686.405782659407,L1_3,2284.5,644.561939997035,11.0529078607592
264777.010088167,3843839.98612031,686.405782659407,L1_3,2284.5,637.330494705033,16.6610206643649
264777.010088167,3843839.98612031,686.405782659407,L1_3,2284.5,629.737477148432,21.9815520976835
264777.010088167,3843839.98612031,686.405782659407,L1_3,2284.5,621.764808714,24.8608249883835
264777.010088167,3843839.98612031,686.405782659407,L1_3,2284.5,613.393506857847,24.4977691859283
264777.010088167,3843839.98612031,686.405782659407,L1_3,2284.5,604.603639908887,21.6792154552294
264777.010088167,3843839.98612031,686.405782659407,L1_3,2284.5,595.374279612478,17.8180024393034
264777.010088167,3843839.98612031,686.405782659407,L1_3,2284.5,585.683451301249,14.0830941555242
264777.010088167,3843839.98612031,686.405782659407,L1_3,2284.5,575.508081574458,11.0942186752156
264777.010088167,3843839.98612031,686.405782659407,L1_3,2284.5,564.823943361328,9.00768250820591
264777.010088167,3843839.98612031,686.405782659407,L1_3,2284.5,553.605598237542,7.72515314848215
264777.010088167,3843839.98612031,686.405782659407,L1_3,2284.5,541.826335857566,7.0612998938311
264777.010088167,3843839.98612031,686.405782659407,L1_3,2284.5,529.458110358591,6.82557496235668
264777.010088167,3843839.98612031,686.405782659407,L1_3,2284.5,516.471473584667,6.84582391598081
264777.010088167,3843839.98612031,686.405782659407,L1_3,2284.5,502.835504972048,6.97605497304913
264777.010088167,3843839.98612031,686.405782659407,L1_3,2284.5,488.517737928797,7.10889832074702
264777.010088167,3843839.98612031,686.405782659407,L1_3,2284.5,473.484082533384,7.18684368394765
264777.010088167,3843839.98612031,686.405782659407,L1_3,2284.5,457.6987443682,7.19998164800582
264777.010088167,3843839.98612031,686.405782659407,L1_3,2284.5,441.124139294757,7.17032116867504
264777.010088167,3843839.98612031,686.405782659407,L1_3,2284.5,423.720803967642,7.13299146058366
264777.010088167,3843839.98612031,686.405782659407,L1_3,2284.5,405.447301874171,7.12272559478078
264777.010088167,3843839.98612031,686.405782659407,L1_3,2284.5,386.260124676026,7.16719746566279
264777.010088167,3843839.98612031,686.405782659407,L1_3,2284.5,366.113588617975,7.28480900239859
264777.010088167,3843839.98612031,686.405782659407,L1_3,2284.5,344.95972575702,7.48415636907026
264777.010088167,3843839.98612031,686.405782659407,L1_3,2284.5,322.754303339663,7.76427542761483
264777.010088167,3843839.98612031,686.405782659407,L1_3,2284.5,300.064105870122,8.11280330207722
264777.010088167,3843839.98612031,686.405782659407,L1_3,2284.5,276.239398527104,8.51054588132318
264777.010088167,3843839.98612031,686.405782659407,L1_3,2284.5,251.223455816935,8.93694090585019
264777.010088167,3843839.98612031,686.405782659407,L1_3,2284.5,224.956715971258,9.36931744184959
264777.010088167,3843839.98612031,686.405782659407,L1_3,2284.5,197.376639133297,9.78462767120205
264777.010088167,3843839.98612031,686.405782659407,L1_3,2284.5,168.417558453437,10.1611084611945
264777.010088167,3843839.98612031,686.405782659407,L1_3,2284.5,138.010523739585,10.480452839788
264777.010088167,3843839.98612031,686.405782659407,L1_3,2284.5,106.08313729004,10.7297789178803
264777.010088167,3843839.98612031,686.405782659407,L1_3,2284.5,,
264777.010088167,3843839.98612031,686.405782659407,L1_3,2284.5,,
264777.010088167,3843839.98612031,686.405782659407,L1_3,2284.5,,
264777.010088167,3843839.98612031,686.405782659407,L1_3,2284.5,,
264777.010088167,3843839.98612031,686.405782659407,L1_3,2284.5,,
264777.010088167,3843839.98612031,686.405782659407,L1_3,2284.5,,
264777.010088167,3843839.98612031,686.405782659407,L1_3,2284.5,,
264777.010088167,3843839.98612031,686.405782659407,L1_3,2284.5,,
264777.010088167,3843839.98612031,686.405782659407,L1_3,2284.5,,
264777.010088167,3843839.98612031,686.405782659407,L1_3,2284.5,,
264777.010088167,3843839.98612031,686.405782659407,L1_3,2284.5,,
264777.010088167,3843839.98612031,686.405782659407,L1_3,2284.5,,
264777.010088167,3843839.98612031,686.405782659407,L1_3,2284.5,,
264777.010088167,3843839.98612031,686.405782659407,L1_3,2284.5,,
264777.010088167,3843839.98612031,686.405782659407,L1_3,2284.5,,
264777.010088167,3843839.98612031,686.405782659407,L1_3,2284.5,,
264777.010088167,3843839.98612031,686.405782659407,L1_3,2284.5,,
264777.010088167,3843839.98612031,686.405782659407,L1_3,2284.5,,
264777.010088167,3843839.98612031,686.405782659407,L1_3,2284.5,,
264777.010088167,3843839.98612031,686.405782659407,L1_3,2284.5,,
264777.010088167,3843839.98612031,686.405782659407,L1_3,2284.5,,
264781.965241818,3843843.37919197,686.828774472293,L1_3,2290.5,686.828774472293,13.5162983287118
264781.965241818,3843843.37919197,686.828774472293,L1_3,2290.5,681.683539818908,11.4591382403542
264781.965241818,3843843.37919197,686.828774472293,L1_3,2290.5,676.281043432855,7.76490099838464
264781.965241818,3843843.37919197,686.828774472293,L1_3,2290.5,670.608422227498,5.3115869094077
264781.965241818,3843843.37919197,686.828774472293,L1_3,2290.5,664.652169961874,4.59105525499901
264781.965241818,3843843.37919197,686.828774472293,L1_3,2290.5,658.398105082969,5.55060144750532
264781.965241818,3843843.37919197,686.828774472293,L1_3,2290.5,651.831336960118,8.56835991733699
264781.965241818,3843843.37919197,686.828774472293,L1_3,2290.5,644.936230431125,13.9397180957854
264781.965241818,3843843.37919197,686.828774472293,L1_3,2290.5,637.696368575682,20.6324109228234
264781.965241818,3843843.37919197,686.828774472293,L1_3,2290.5,630.094513627467,26.1208251916586
264781.965241818,3843843.37919197,686.828774472293,L1_3,2290.5,622.112565931841,28.2501306508629
264781.965241818,3843843.37919197,686.828774472293,L1_3,2290.5,613.731520851434,26.7672381238893
264781.965241818,3843843.37919197,686.828774472293,L1_3,2290.5,604.931423517007,22.9343666805185
264781.965241818,3843843.37919197,686.828774472293,L1_3,2290.5,595.691321315858,18.3472695133286
264781.965241818,3843843.37919197,686.828774472293,L1_3,2290.5,585.989214004652,14.1640897072442
264781.965241818,3843843.37919197,686.828774472293,L1_3,2290.5,575.802001327885,10.9266407674627
264781.965241818,3843843.37919197,686.828774472293,L1_3,2290.5,565.10542801728,8.71312625114975
264781.965241818,3843843.37919197,686.828774472293,L1_3,2290.5,553.874026041145,7.36904907205269
264781.965241818,3843843.37919197,686.828774472293,L1_3,2290.5,542.081053966203,6.67650758444071
264781.965241818,3843843.37919197,686.828774472293,L1_3,2290.5,529.698433287514,6.43028540896485
264781.965241818,3843843.37919197,686.828774472293,L1_3,2290.5,516.696681574891,6.45404336931494
264781.965241818,3843843.37919197,686.828774472293,L1_3,2290.5,503.044842276637,6.60149870510339
264781.965241818,3843843.37919197,686.828774472293,L1_3,2290.5,488.710411013469,6.7645811993731
264781.965241818,3843843.37919197,686.828774472293,L1_3,2290.5,473.659258187144,6.88315633287722
264781.965241818,3843843.37919197,686.828774472293,L1_3,2290.5,457.855547719502,6.94330096452705
264781.965241818,3843843.37919197,686.828774472293,L1_3,2290.5,441.261651728478,6.96286463214247
264781.965241818,3843843.37919197,686.828774472293,L1_3,2290.5,423.838060937902,6.97363532148232
264781.965241818,3843843.37919197,686.828774472293,L1_3,2290.5,405.543290607798,7.00818950119672
264781.965241818,3843843.37919197,686.828774472293,L1_3,2290.5,386.333781761189,7.09311259923391
264781.965241818,3843843.37919197,686.828774472293,L1_3,2290.5,366.16379747225,7.24643935460445
264781.965241818,3843843.37919197,686.828774472293,L1_3,2290.5,344.985313968863,7.47675035635414
264781.965241818,3843843.37919197,686.828774472293,L1_3,2290.5,322.754303339663,7.78315242541395
264781.965241818,3843843.37919197,686.828774472293,L1_3,2290.5,300.064105870122,8.15327259366618
264781.965241818,3843843.37919197,686.828774472293,L1_3,2290.5,276.239398527104,8.56791245974954
264781.965241818,3843843.37919197,686.828774472293,L1_3,2290.5,251.223455816935,9.00663956389548
264781.965241818,3843843.37919197,686.828774472293,L1_3,2290.5,224.956715971258,9.44698786356023
264781.965241818,3843843.37919197,686.828774472293,L1_3,2290.5,197.376639133297,9.86620716423599
264781.965241818,3843843.37919197,686.828774472293,L1_3,2290.5,168.417558453437,10.2429226692994
264781.965241818,3843843.37919197,686.828774472293,L1_3,2290.5,138.010523739585,10.5593198037873
264781.965241818,3843843.37919197,686.828774472293,L1_3,2290.5,106.08313729004,10.803114731059
264781.965241818,3843843.37919197,686.828774472293,L1_3,2290.5,,
264781.965241818,3843843.37919197,686.828774472293,L1_3,2290.5,,
264781.965241818,3843843.37919197,686.828774472293,L1_3,2290.5,,
264781.965241818,3843843.37919197,686.828774472293,L1_3,2290.5,,
264781.965241818,3843843.37919197,686.828774472293,L1_3,2290.5,,
264781.965241818,3843843.37919197,686.828774472293,L1_3,2290.5,,
264781.965241818,3843843.37919197,686.828774472293,L1_3,2290.5,,
264781.965241818,3843843.37919197,686.828774472293,L1_3,2290.5,,
264781.965241818,3843843.37919197,686.828774472293,L1_3,2290.5,,
264781.965241818,3843843.37919197,686.828774472293,L1_3,2290.5,,
264781.965241818,3843843.37919197,686.828774472293,L1_3,2290.5,,
264781.965241818,3843843.37919197,686.828774472293,L1_3,2290.5,,
264781.965241818,3843843.37919197,686.828774472293,L1_3,2290.5,,
264781.965241818,3843843.37919197,686.828774472293,L1_3,2290.5,,
264781.965241818,3843843.37919197,686.828774472293,L1_3,2290.5,,
264781.965241818,3843843.37919197,686.828774472293,L1_3,2290.5,,
264781.965241818,3843843.37919197,686.828774472293,L1_3,2290.5,,
264781.965241818,3843843.37919197,686.828774472293,L1_3,2290.5,,
264781.965241818,3843843.37919197,686.828774472293,L1_3,2290.5,,
264781.965241818,3843843.37919197,686.828774472293,L1_3,2290.5,,
264781.965241818,3843843.37919197,686.828774472293,L1_3,2290.5,,
264787.33332494,3843847.05501959,687.225011921788,L1_3,2297.0,687.225011921788,15.8186105077291
264787.33332494,3843847.05501959,687.225011921788,L1_3,2297.0,682.074174105285,14.7288957084243
264787.33332494,3843847.05501959,687.225011921788,L1_3,2297.0,676.665794397956,10.5822476240641
264787.33332494,3843847.05501959,687.225011921788,L1_3,2297.0,670.986995705261,6.47280528364532
264787.33332494,3843847.05501959,687.225011921788,L1_3,2297.0,665.024257077932,5.0273376582375
264787.33332494,3843847.05501959,687.225011921788,L1_3,2297.0,658.763381519236,5.99929057609824
264787.33332494,3843847.05501959,687.225011921788,L1_3,2297.0,652.189462182605,9.64042833866445
264787.33332494,3843847.05501959,687.225011921788,L1_3,2297.0,645.286846879142,16.1528537559482
264787.33332494,3843847.05501959,687.225011921788,L1_3,2297.0,638.039100810506,23.8493211102257
264787.33332494,3843847.05501959,687.225011921788,L1_3,2297.0,630.428967438439,29.4495587492685
264787.33332494,3843847.05501959,687.225011921788,L1_3,2297.0,622.438327397768,30.8443721547662
264787.33332494,3843847.05501959,687.225011921788,L1_3,2297.0,614.048155355064,28.3638505739618
264787.33332494,3843847.05501959,687.225011921788,L1_3,2297.0,605.238474710224,23.7003473467185
264787.33332494,3843847.05501959,687.225011921788,L1_3,2297.0,595.988310033143,18.5652740808442
264787.33332494,3843847.05501959,687.225011921788,L1_3,2297.0,586.275637122207,14.0684965869784
264787.33332494,3843847.05501959,687.225011921788,L1_3,2297.0,576.077330565725,10.6696799205552
264787.33332494,3843847.05501959,687.225011921788,L1_3,2297.0,565.369108681418,8.38033455679277
264787.33332494,3843847.05501959,687.225011921788,L1_3,2297.0,554.125475702896,7.00279393404623
264787.33332494,3843847.05501959,687.225011921788,L1_3,2297.0,542.319661075448,6.29594575289591
264787.33332494,3843847.05501959,687.225011921788,L1_3,2297.0,529.923555716628,6.04557492939556
264787.33332494,3843847.05501959,687.225011921788,L1_3,2297.0,516.907645089867,6.07453133694757
264787.33332494,3843847.05501959,687.225011921788,L1_3,2297.0,503.240938931767,6.23845248017153
264787.33332494,3843847.05501959,687.225011921788,L1_3,2297.0,488.890897465763,6.4300909968328
264787.33332494,3843847.05501959,687.225011921788,L1_3,2297.0,473.823353926458,6.58761126478609
264787.33332494,3843847.05501959,687.225011921788,L1_3,2297.0,458.002433210188,6.69348407349168
264787.33332494,3843847.05501959,687.225011921788,L1_3,2297.0,441.390466458105,6.76147498913365
264787.33332494,3843847.05501959,687.225011921788,L1_3,2297.0,423.947901368417,6.81995904133159
264787.33332494,3843847.05501959,687.225011921788,L1_3,2297.0,405.633208024245,6.89924176574939
264787.33332494,3843847.05501959,687.225011921788,L1_3,2297.0,386.402780012865,7.02470227011454
264787.33332494,3843847.05501959,687.225011921788,L1_3,2297.0,366.210830600915,7.21389966236354
264787.33332494,3843847.05501959,687.225011921788,L1_3,2297.0,345.009283718368,7.47530492350882
264787.33332494,3843847.05501959,687.225011921788,L1_3,2297.0,322.754303339663,7.80802230236243
264787.33332494,3843847.05501959,687.225011921788,L1_3,2297.0,300.064105870122,8.19963919632702
264787.33332494,3843847.05501959,687.225011921788,L1_3,2297.0,276.239398527104,8.63095274601759
264787.33332494,3843847.05501959,687.225011921788,L1_3,2297.0,251.223455816935,9.08166620861968
264787.33332494,3843847.05501959,687.225011921788,L1_3,2297.0,224.956715971258,9.52953684011545
264787.33332494,3843847.05501959,687.225011921788,L1_3,2297.0,197.376639133297,9.95213713349201
264787.33332494,3843847.05501959,687.225011921788,L1_3,2297.0,168.417558453437,10.3285112023795
264787.33332494,3843847.05501959,687.225011921788,L1_3,2297.0,138.010523739585,10.6413696057935
264787.33332494,3843847.05501959,687.225011921788,L1_3,2297.0,106.08313729004,10.8790573124152
264787.33332494,3843847.05501959,687.225011921788,L1_3,2297.0,,
264787.33332494,3843847.05501959,687.225011921788,L1_3,2297.0,,
264787.33332494,3843847.05501959,687.225011921788,L1_3,2297.0,,
264787.33332494,3843847.05501959,687.225011921788,L1_3,2297.0,,
264787.33332494,3843847.05501959,687.225011921788,L1_3,2297.0,,
264787.33332494,3843847.05501959,687.225011921788,L1_3,2297.0,,
264787.33332494,3843847.05501959,687.225011921788,L1_3,2297.0,,
264787.33332494,3843847.05501959,687.225011921788,L1_3,2297.0,,
264787.33332494,3843847.05501959,687.225011921788,L1_3,2297.0,,
264787.33332494,3843847.05501959,687.225011921788,L1_3,2297.0,,
264787.33332494,3843847.05501959,687.225011921788,L1_3,2297.0,,
264787.33332494,3843847.05501959,687.225011921788,L1_3,2297.0,,
264787.33332494,3843847.05501959,687.225011921788,L1_3,2297.0,,
264787.33332494,3843847.05501959,687.225011921788,L1_3,2297.0,,
264787.33332494,3843847.05501959,687.225011921788,L1_3,2297.0,,
264787.33332494,3843847.05501959,687.225011921788,L1_3,2297.0,,
264787.33332494,3843847.05501959,687.225011921788,L1_3,2297.0,,
264787.33332494,3843847.05501959,687.225011921788,L1_3,2297.0,,
264787.33332494,3843847.05501959,687.225011921788,L1_3,2297.0,,
264787.33332494,3843847.05501959,687.225011921788,L1_3,2297.0,,
264787.33332494,3843847.05501959,687.225011921788,L1_3,2297.0,,
264792.288478471,3843850.44809091,687.621249371284,L1_3,2303.0,687.621249371284,17.0851571304878
264792.288478471,3843850.44809091,687.621249371284,L1_3,2303.0,682.464808391662,16.2177454495397
264792.288478471,3843850.44809091,687.621249371284,L1_3,2303.0,677.050545363058,11.7406457052183
264792.288478471,3843850.44809091,687.621249371284,L1_3,2303.0,671.365569183025,6.85613488197414
264792.288478471,3843850.44809091,687.621249371284,L1_3,2303.0,665.396344193989,5.05338136940507
264792.288478471,3843850.44809091,687.621249371284,L1_3,2303.0,659.128657955503,5.99892411031662
264792.288478471,3843850.44809091,687.621249371284,L1_3,2303.0,652.547587405091,9.95977808378027
264792.288478471,3843850.44809091,687.621249371284,L1_3,2303.0,645.637463327159,17.1938591301658
264792.288478471,3843850.44809091,687.621249371284,L1_3,2303.0,638.381833045331,25.5646774397297
264792.288478471,3843850.44809091,687.621249371284,L1_3,2303.0,630.763421249411,31.1937661113268
264792.288478471,3843850.44809091,687.621249371284,L1_3,2303.0,622.764088863695,32.0429120654979
264792.288478471,3843850.44809091,687.621249371284,L1_3,2303.0,614.364789858693,28.9149192642359
264792.288478471,3843850.44809091,687.621249371284,L1_3,2303.0,605.545525903442,23.7848219184132
264792.288478471,3843850.44809091,687.621249371284,L1_3,2303.0,596.285298750427,18.3885450458968
264792.288478471,3843850.44809091,687.621249371284,L1_3,2303.0,586.562060239762,13.7670885780418
264792.288478471,3843850.44809091,687.621249371284,L1_3,2303.0,576.352659803564,10.3170452612221
264792.288478471,3843850.44809091,687.621249371284,L1_3,2303.0,565.632789345556,8.01114019088734
264792.288478471,3843850.44809091,687.621249371284,L1_3,2303.0,554.376925364647,6.63043707098589
264792.288478471,3843850.44809091,687.621249371284,L1_3,2303.0,542.558268184693,5.92396972301069
264792.288478471,3843850.44809091,687.621249371284,L1_3,2303.0,530.148678145741,5.67566953562829
264792.288478471,3843850.44809091,687.621249371284,L1_3,2303.0,517.118608604842,5.71132909334461
264792.288478471,3843850.44809091,687.621249371284,L1_3,2303.0,503.437035586898,5.89071840607101
264792.288478471,3843850.44809091,687.621249371284,L1_3,2303.0,489.071383918056,6.10888605717934
264792.288478471,3843850.44809091,687.621249371284,L1_3,2303.0,473.987449665772,6.30322548127861
264792.288478471,3843850.44809091,687.621249371284,L1_3,2303.0,458.149318700875,6.45306357554422
264792.288478471,3843850.44809091,687.621249371284,L1_3,2303.0,441.519281187732,6.56821739562512
264792.288478471,3843850.44809091,687.621249371284,L1_3,2303.0,424.057741798932,6.67361626981374
264792.288478471,3843850.44809091,687.621249371284,L1_3,2303.0,405.723125440692,6.79719474456562
264792.288478471,3843850.44809091,687.621249371284,L1_3,2303.0,386.47177826454,6.96300477149985
264792.288478471,3843850.44809091,687.621249371284,L1_3,2303.0,366.257863729581,7.18800919214554
264792.288478471,3843850.44809091,687.621249371284,L1_3,2303.0,345.033253467874,7.48046157384086
264792.288478471,3843850.44809091,687.621249371284,L1_3,2303.0,322.754303339663,7.83938007227864
264792.288478471,3843850.44809091,687.621249371284,L1_3,2303.0,300.064105870122,8.25227579256632
264792.288478471,3843850.44809091,687.621249371284,L1_3,2303.0,276.239398527104,8.69993958911477
264792.288478471,3843850.44809091,687.621249371284,L1_3,2303.0,251.223455816935,9.16221468266143
264792.288478471,3843850.44809091,687.621249371284,L1_3,2303.0,224.956715971258,9.61709517489811
264792.288478471,3843850.44809091,687.621249371284,L1_3,2303.0,197.376639133297,10.0424990257602
264792.288478471,3843850.44809091,687.621249371284,L1_3,2303.0,168.417558453437,10.4179180886342
264792.288478471,3843850.44809091,687.621249371284,L1_3,2303.0,138.010523739585,10.7266186998506
264792.288478471,3843850.44809091,687.621249371284,L1_3,2303.0,106.08313729004,10.9576042647838
264792.288478471,3843850.44809091,687.621249371284,L1_3,2303.0,,
264792.288478471,3843850.44809091,687.621249371284,L1_3,2303.0,,
264792.288478471,3843850.44809091,687.621249371284,L1_3,2303.0,,
264792.288478471,3843850.44809091,687.621249371284,L1_3,2303.0,,
264792.288478471,3843850.44809091,687.621249371284,L1_3,2303.0,,
264792.288478471,3843850.44809091,687.621249371284,L1_3,2303.0,,
264792.288478471,3843850.44809091,687.621249371284,L1_3,2303.0,,
264792.288478471,3843850.44809091,687.621249371284,L1_3,2303.0,,
264792.288478471,3843850.44809091,687.621249371284,L1_3,2303.0,,
264792.288478471,3843850.44809091,687.621249371284,L1_3,2303.0,,
264792.288478471,3843850.44809091,687.621249371284,L1_3,2303.0,,
264792.288478471,3843850.44809091,687.621249371284,L1_3,2303.0,,
264792.288478471,3843850.44809091,687.621249371284,L1_3,2303.0,,
264792.288478471,3843850.44809091,687.621249371284,L1_3,2303.0,,
264792.288478471,3843850.44809091,687.621249371284,L1_3,2303.0,,
264792.288478471,3843850.44809091,687.621249371284,L1_3,2303.0,,
264792.288478471,3843850.44809091,687.621249371284,L1_3,2303.0,,
264792.288478471,3843850.44809091,687.621249371284,L1_3,2303.0,,
264792.288478471,3843850.44809091,687.621249371284,L1_3,2303.0,,
264792.288478471,3843850.44809091,687.621249371284,L1_3,2303.0,,
264792.288478471,3843850.44809091,687.621249371284,L1_3,2303.0,,
264797.656561331,3843854.12391779,688.017486820779,L1_3,2309.5,688.017486820779,17.2248836441185
264797.656561331,3843854.12391779,688.017486820779,L1_3,2309.5,682.855442678038,15.5913917326574
264797.656561331,3843854.12391779,688.017486820779,L1_3,2309.5,677.43529632816,10.8464667955074
264797.656561331,3843854.12391779,688.017486820779,L1_3,2309.5,671.744142660788,6.5090410932824
264797.656561331,3843854.12391779,688.017486820779,L1_3,2309.5,665.768431310047,4.94517517404517
264797.656561331,3843854.12391779,688.017486820779,L1_3,2309.5,659.493934391769,5.98356902266861
264797.656561331,3843854.12391779,688.017486820779,L1_3,2309.5,652.905712627578,10.081804009878
264797.656561331,3843854.12391779,688.017486820779,L1_3,2309.5,645.988079775177,17.5258199048544
264797.656561331,3843854.12391779,688.017486820779,L1_3,2309.5,638.724565280155,25.9453236079632
264797.656561331,3843854.12391779,688.017486820779,L1_3,2309.5,631.097875060383,31.2874099191071
264797.656561331,3843854.12391779,688.017486820779,L1_3,2309.5,623.089850329622,31.7286488288012
264797.656561331,3843854.12391779,688.017486820779,L1_3,2309.5,614.681424362323,28.3463169792128
264797.656561331,3843854.12391779,688.017486820779,L1_3,2309.5,605.852577096659,23.1608214872937
264797.656561331,3843854.12391779,688.017486820779,L1_3,2309.5,596.582287467712,17.8155227091806
264797.656561331,3843854.12391779,688.017486820779,L1_3,2309.5,586.848483357318,13.2671981801788
264797.656561331,3843854.12391779,688.017486820779,L1_3,2309.5,576.627989041403,9.87720365909173
264797.656561331,3843854.12391779,688.017486820779,L1_3,2309.5,565.896470009693,7.61257425360049
264797.656561331,3843854.12391779,688.017486820779,L1_3,2309.5,554.628375026398,6.25727439037843
264797.656561331,3843854.12391779,688.017486820779,L1_3,2309.5,542.796875293938,5.5645999687319
264797.656561331,3843854.12391779,688.017486820779,L1_3,2309.5,530.373800574855,5.3238575150923
264797.656561331,3843854.12391779,688.017486820779,L1_3,2309.5,517.329572119817,5.3673566412204
264797.656561331,3843854.12391779,688.017486820779,L1_3,2309.5,503.633132242028,5.56098817558586
264797.656561331,3843854.12391779,688.017486820779,L1_3,2309.5,489.251870370349,5.80341836932334
264797.656561331,3843854.12391779,688.017486820779,L1_3,2309.5,474.151545405087,6.03215350070369
264797.656561331,3843854.12391779,688.017486820779,L1_3,2309.5,458.296204191561,6.22386135271022
264797.656561331,3843854.12391779,688.017486820779,L1_3,2309.5,441.648095917359,6.38458988260988
264797.656561331,3843854.12391779,688.017486820779,L1_3,2309.5,424.167582229447,6.53581981900406
264797.656561331,3843854.12391779,688.017486820779,L1_3,2309.5,405.813042857139,6.70302501031978
264797.656561331,3843854.12391779,688.017486820779,L1_3,2309.5,386.540776516216,6.90880649596282
264797.656561331,3843854.12391779,688.017486820779,L1_3,2309.5,366.304896858247,7.16939970807917
264797.656561331,3843854.12391779,688.017486820779,L1_3,2309.5,345.057223217379,7.49272271481919
264797.656561331,3843854.12391779,688.017486820779,L1_3,2309.5,322.754303339663,7.87761533978509
264797.656561331,3843854.12391779,688.017486820779,L1_3,2309.5,300.064105870122,8.31147553847149
264797.656561331,3843854.12391779,688.017486820779,L1_3,2309.5,276.239398527104,8.77508830057867
264797.656561331,3843854.12391779,688.017486820779,L1_3,2309.5,251.223455816935,9.24843789185318
264797.656561331,3843854.12391779,688.017486820779,L1_3,2309.5,224.956715971258,9.70976719964186
264797.656561331,3843854.12391779,688.017486820779,L1_3,2309.5,197.376639133297,10.137360418514
264797.656561331,3843854.12391779,688.017486820779,L1_3,2309.5,168.417558453437,10.5111828411702
264797.656561331,3843854.12391779,688.017486820779,L1_3,2309.5,138.010523739585,10.8150859621538
264797.656561331,3843854.12391779,688.017486820779,L1_3,2309.5,106.08313729004,11.0387603212347
264797.656561331,3843854.12391779,688.017486820779,L1_3,2309.5,,
264797.656561331,3843854.12391779,688.017486820779,L1_3,2309.5,,
264797.656561331,3843854.12391779,688.017486820779,L1_3,2309.5,,
264797.656561331,3843854.12391779,688.017486820779,L1_3,2309.5,,
264797.656561331,3843854.12391779,688.017486820779,L1_3,2309.5,,
264797.656561331,3843854.12391779,688.017486820779,L1_3,2309.5,,
264797.656561331,3843854.12391779,688.017486820779,L1_3,2309.5,,
264797.656561331,3843854.12391779,688.017486820779,L1_3,2309.5,,
264797.656561331,3843854.12391779,688.017486820779,L1_3,2309.5,,
264797.656561331,3843854.12391779,688.017486820779,L1_3,2309.5,,
264797.656561331,3843854.12391779,688.017486820779,L1_3,2309.5,,
264797.656561331,3843854.12391779,688.017486820779,L1_3,2309.5,,
264797.656561331,3843854.12391779,688.017486820779,L1_3,2309.5,,
264797.656561331,3843854.12391779,688.017486820779,L1_3,2309.5,,
264797.656561331,3843854.12391779,688.017486820779,L1_3,2309.5,,
264797.656561331,3843854.12391779,688.017486820779,L1_3,2309.5,,
264797.656561331,3843854.12391779,688.017486820779,L1_3,2309.5,,
264797.656561331,3843854.12391779,688.017486820779,L1_3,2309.5,,
264797.656561331,3843854.12391779,688.017486820779,L1_3,2309.5,,
264797.656561331,3843854.12391779,688.017486820779,L1_3,2309.5,,
264797.656561331,3843854.12391779,688.017486820779,L1_3,2309.5,,
264802.611714741,3843857.51698876,688.312443022076,L1_3,2315.5,688.312443022076,15.7765278062479
264802.611714741,3843857.51698876,688.312443022076,L1_3,2315.5,683.146227926512,14.2003295717031
264802.611714741,3843857.51698876,688.312443022076,L1_3,2315.5,677.721702076169,10.240412797325
264802.611714741,3843857.51698876,688.312443022076,L1_3,2315.5,672.025949933308,6.6997939451564
264802.611714741,3843857.51698876,688.312443022076,L1_3,2315.5,666.045410183305,5.39224300797722
264802.611714741,3843857.51698876,688.312443022076,L1_3,2315.5,659.765843445802,6.50987052478729
264802.611714741,3843857.51698876,688.312443022076,L1_3,2315.5,653.172298371424,10.5636765822449
264802.611714741,3843857.51698876,688.312443022076,L1_3,2315.5,646.249076043326,17.612668530175
264802.611714741,3843857.51698876,688.312443022076,L1_3,2315.5,638.979692598824,25.2445246330981
264802.611714741,3843857.51698876,688.312443022076,L1_3,2315.5,631.346839982097,29.8333478126277
264802.611714741,3843857.51698876,688.312443022076,L1_3,2315.5,623.332344734533,29.9673121390499
264802.611714741,3843857.51698876,688.312443022076,L1_3,2315.5,614.917124724591,26.7246599070947
264802.611714741,3843857.51698876,688.312443022076,L1_3,2315.5,606.081143714152,21.8880807384178
264802.611714741,3843857.51698876,688.312443022076,L1_3,2315.5,596.803363653191,16.8908444174753
264802.611714741,3843857.51698876,688.312443022076,L1_3,2315.5,587.061694589182,12.5987136664963
264802.611714741,3843857.51698876,688.312443022076,L1_3,2315.5,576.832942071973,9.36920018683558
264802.611714741,3843857.51698876,688.312443022076,L1_3,2315.5,566.092751928903,7.19663577647796
264802.611714741,3843857.51698876,688.312443022076,L1_3,2315.5,554.815552278679,5.89102790538819
264802.611714741,3843857.51698876,688.312443022076,L1_3,2315.5,542.974492645945,5.22312970459305
264802.611714741,3843857.51698876,688.312443022076,L1_3,2315.5,530.541380031573,4.99417141671503
264802.611714741,3843857.51698876,688.312443022076,L1_3,2315.5,517.486611786484,5.04604176993314
264802.611714741,3843857.51698876,688.312443022076,L1_3,2315.5,503.779105129139,5.25236171749535
264802.611714741,3843857.51698876,688.312443022076,L1_3,2315.5,489.386223138928,5.51650423189381
264802.611714741,3843857.51698876,688.312443022076,L1_3,2315.5,474.273697049205,5.77688146573835
264802.611714741,3843857.51698876,688.312443022076,L1_3,2315.5,458.405544654997,6.0079945363951
264802.611714741,3843857.51698876,688.312443022076,L1_3,2315.5,441.743984641078,6.21234413240931
264802.611714741,3843857.51698876,688.312443022076,L1_3,2315.5,424.249346626464,6.40799464359808
264802.611714741,3843857.51698876,688.312443022076,L1_3,2315.5,405.879976711118,6.61788394646939
264802.611714741,3843857.51698876,688.312443022076,L1_3,2315.5,386.592138300006,6.86303632666057
264802.611714741,3843857.51698876,688.312443022076,L1_3,2315.5,366.339907968338,7.15881816729008
264802.611714741,3843857.51698876,688.312443022076,L1_3,2315.5,345.075066120086,7.51268122219272
264802.611714741,3843857.51698876,688.312443022076,L1_3,2315.5,322.754303339663,7.92318407318329
264802.611714741,3843857.51698876,688.312443022076,L1_3,2315.5,300.064105870122,8.37757642240345
264802.611714741,3843857.51698876,688.312443022076,L1_3,2315.5,276.239398527104,8.85664183753688
264802.611714741,3843857.51698876,688.312443022076,L1_3,2315.5,251.223455816935,9.34050256075692
264802.611714741,3843857.51698876,688.312443022076,L1_3,2315.5,224.956715971258,9.80766024622533
264802.611714741,3843857.51698876,688.312443022076,L1_3,2315.5,197.376639133297,10.2367825506008
264802.611714741,3843857.51698876,688.312443022076,L1_3,2315.5,168.417558453437,10.6083321091752
264802.611714741,3843857.51698876,688.312443022076,L1_3,2315.5,138.010523739585,10.9067734377919
264802.611714741,3843857.51698876,688.312443022076,L1_3,2315.5,106.08313729004,11.1225106650276
264802.611714741,3843857.51698876,688.312443022076,L1_3,2315.5,,
264802.611714741,3843857.51698876,688.312443022076,L1_3,2315.5,,
264802.611714741,3843857.51698876,688.312443022076,L1_3,2315.5,,
264802.611714741,3843857.51698876,688.312443022076,L1_3,2315.5,,
264802.611714741,3843857.51698876,688.312443022076,L1_3,2315.5,,
264802.611714741,3843857.51698876,688.312443022076,L1_3,2315.5,,
264802.611714741,3843857.51698876,688.312443022076,L1_3,2315.5,,
264802.611714741,3843857.51698876,688.312443022076,L1_3,2315.5,,
264802.611714741,3843857.51698876,688.312443022076,L1_3,2315.5,,
264802.611714741,3843857.51698876,688.312443022076,L1_3,2315.5,,
264802.611714741,3843857.51698876,688.312443022076,L1_3,2315.5,,
264802.611714741,3843857.51698876,688.312443022076,L1_3,2315.5,,
264802.611714741,3843857.51698876,688.312443022076,L1_3,2315.5,,
264802.611714741,3843857.51698876,688.312443022076,L1_3,2315.5,,
264802.611714741,3843857.51698876,688.312443022076,L1_3,2315.5,,
264802.611714741,3843857.51698876,688.312443022076,L1_3,2315.5,,
264802.611714741,3843857.51698876,688.312443022076,L1_3,2315.5,,
264802.611714741,3843857.51698876,688.312443022076,L1_3,2315.5,,
264802.611714741,3843857.51698876,688.312443022076,L1_3,2315.5,,
264802.611714741,3843857.51698876,688.312443022076,L1_3,2315.5,,
264802.611714741,3843857.51698876,688.312443022076,L1_3,2315.5,,
264807.979797601,3843861.19281564,688.506255712249,L1_3,2322.0,688.506255712249,13.8387384095002
264807.979797601,3843861.19281564,688.506255712249,L1_3,2322.0,683.337299926426,13.3817820422332
264807.979797601,3843861.19281564,688.506255712249,L1_3,2322.0,677.909896351313,11.1871028530854
264807.979797601,3843861.19281564,688.506255712249,L1_3,2322.0,672.211122597444,8.24676526168921
264807.979797601,3843861.19281564,688.506255712249,L1_3,2322.0,666.227410155881,6.8627840410706
264807.979797601,3843861.19281564,688.506255712249,L1_3,2322.0,659.94451209224,7.81219125772094
264807.979797601,3843861.19281564,688.506255712249,L1_3,2322.0,653.347469125417,11.442431096
264807.979797601,3843861.19281564,688.506255712249,L1_3,2322.0,646.420574010253,17.4048186053518
264807.979797601,3843861.19281564,688.506255712249,L1_3,2322.0,639.147334139331,23.5333290714032
264807.979797601,3843861.19281564,688.506255712249,L1_3,2322.0,631.510432274863,27.0868058400538
264807.979797601,3843861.19281564,688.506255712249,L1_3,2322.0,623.491685317171,27.0797621106208
264807.979797601,3843861.19281564,688.506255712249,L1_3,2322.0,615.072001011595,24.3167731375983
264807.979797601,3843861.19281564,688.506255712249,L1_3,2322.0,606.23133249074,20.1419287988909
264807.979797601,3843861.19281564,688.506255712249,L1_3,2322.0,596.948630543842,15.7144755885106
264807.979797601,3843861.19281564,688.506255712249,L1_3,2322.0,587.2017934996,11.8143908583279
264807.979797601,3843861.19281564,688.506255712249,L1_3,2322.0,576.967614603145,8.82003155678733
264807.979797601,3843861.19281564,688.506255712249,L1_3,2322.0,566.221726761867,6.77707168161688
264807.979797601,3843861.19281564,688.506255712249,L1_3,2322.0,554.938544528526,5.53873986037339
264807.979797601,3843861.19281564,688.506255712249,L1_3,2322.0,543.091203183517,4.90327695932931
264807.979797601,3843861.19281564,688.506255712249,L1_3,2322.0,530.651494771258,4.6888054365606
264807.979797601,3843861.19281564,688.506255712249,L1_3,2322.0,517.589800938386,4.74901161816175
264807.979797601,3843861.19281564,688.506255712249,L1_3,2322.0,503.875022413871,4.96634114467132
264807.979797601,3843861.19281564,688.506255712249,L1_3,2322.0,489.47450496313,5.24964252178781
264807.979797601,3843861.19281564,688.506255712249,L1_3,2322.0,474.353961639851,5.53886868499648
264807.979797601,3843861.19281564,688.506255712249,L1_3,2322.0,458.477391150409,5.80680962801435
264807.979797601,3843861.19281564,688.506255712249,L1_3,2322.0,441.806992136495,6.05266269282178
264807.979797601,3843861.19281564,688.506255712249,L1_3,2322.0,424.303073171885,6.29114349263348
264807.979797601,3843861.19281564,688.506255712249,L1_3,2322.0,405.923958259044,6.54260333748989
264807.979797601,3843861.19281564,688.506255712249,L1_3,2322.0,386.625887600561,6.82637442478413
264807.979797601,3843861.19281564,688.506255712249,L1_3,2322.0,366.362913409155,7.15681466355891
264807.979797601,3843861.19281564,688.506255712249,L1_3,2322.0,345.086790508178,7.54077526122534
264807.979797601,3843861.19281564,688.506255712249,L1_3,2322.0,322.754303339663,7.97642636708982
264807.979797601,3843861.19281564,688.506255712249,L1_3,2322.0,300.064105870122,8.45083443600923
264807.979797601,3843861.19281564,688.506255712249,L1_3,2322.0,276.239398527104,8.94478711465017
264807.979797601,3843861.19281564,688.506255712249,L1_3,2322.0,251.223455816935,9.43854003280657
264807.979797601,3843861.19281564,688.506255712249,L1_3,2322.0,224.956715971258,9.91086163117479
264807.979797601,3843861.19281564,688.506255712249,L1_3,2322.0,197.376639133297,10.340817860982
264807.979797601,3843861.19281564,688.506255712249,L1_3,2322.0,168.417558453437,10.7093924422195
264807.979797601,3843861.19281564,688.506255712249,L1_3,2322.0,138.010523739585,11.0016892887324
264807.979797601,3843861.19281564,688.506255712249,L1_3,2322.0,106.08313729004,11.2088510237098
264807.979797601,3843861.19281564,688.506255712249,L1_3,2322.0,,
264807.979797601,3843861.19281564,688.506255712249,L1_3,2322.0,,
264807.979797601,3843861.19281564,688.506255712249,L1_3,2322.0,,
264807.979797601,3843861.19281564,688.506255712249,L1_3,2322.0,,
264807.979797601,3843861.19281564,688.506255712249,L1_3,2322.0,,
264807.979797601,3843861.19281564,688.506255712249,L1_3,2322.0,,
264807.979797601,3843861.19281564,688.506255712249,L1_3,2322.0,,
264807.979797601,3843861.19281564,688.506255712249,L1_3,2322.0,,
264807.979797601,3843861.19281564,688.506255712249,L1_3,2322.0,,
264807.979797601,3843861.19281564,688.506255712249,L1_3,2322.0,,
264807.979797601,3843861.19281564,688.506255712249,L1_3,2322.0,,
264807.979797601,3843861.19281564,688.506255712249,L1_3,2322.0,,
264807.979797601,3843861.19281564,688.506255712249,L1_3,2322.0,,
264807.979797601,3843861.19281564,688.506255712249,L1_3,2322.0,,
264807.979797601,3843861.19281564,688.506255712249,L1_3,2322.0,,
264807.979797601,3843861.19281564,688.506255712249,L1_3,2322.0,,
264807.979797601,3843861.19281564,688.506255712249,L1_3,2322.0,,
264807.979797601,3843861.19281564,688.506255712249,L1_3,2322.0,,
264807.979797601,3843861.19281564,688.506255712249,L1_3,2322.0,,
264807.979797601,3843861.19281564,688.506255712249,L1_3,2322.0,,
264807.979797601,3843861.19281564,688.506255712249,L1_3,2322.0,,
264812.93495089,3843864.58588626,688.700068402421,L1_3,2328.0,688.700068402421,13.6847939902677
264812.93495089,3843864.58588626,688.700068402421,L1_3,2328.0,683.528371926341,14.0639178866818
264812.93495089,3843864.58588626,688.700068402421,L1_3,2328.0,678.098090626457,13.2856968615823
264812.93495089,3843864.58588626,688.700068402421,L1_3,2328.0,672.396295261579,10.6271623499341
264812.93495089,3843864.58588626,688.700068402421,L1_3,2328.0,666.409410128457,8.74449553813804
264812.93495089,3843864.58588626,688.700068402421,L1_3,2328.0,660.123180738678,9.03856539582621
264812.93495089,3843864.58588626,688.700068402421,L1_3,2328.0,653.522639879411,11.6617720279682
264812.93495089,3843864.58588626,688.700068402421,L1_3,2328.0,646.592071977181,16.0328060509353
264812.93495089,3843864.58588626,688.700068402421,L1_3,2328.0,639.314975679839,20.5293249487877
264812.93495089,3843864.58588626,688.700068402421,L1_3,2328.0,631.67402456763,23.2815979197861
264812.93495089,3843864.58588626,688.700068402421,L1_3,2328.0,623.65102589981,23.4796162915848
264812.93495089,3843864.58588626,688.700068402421,L1_3,2328.0,615.226877298599,21.4840007120252
264812.93495089,3843864.58588626,688.700068402421,L1_3,2328.0,606.381521267328,18.1652001895502
264812.93495089,3843864.58588626,688.700068402421,L1_3,2328.0,597.093897434494,14.428112038613
264812.93495089,3843864.58588626,688.700068402421,L1_3,2328.0,587.341892410017,10.9905389102943
264812.93495089,3843864.58588626,688.700068402421,L1_3,2328.0,577.102287134317,8.26916201927629
264812.93495089,3843864.58588626,688.700068402421,L1_3,2328.0,566.350701594832,6.37399072512993
264812.93495089,3843864.58588626,688.700068402421,L1_3,2328.0,555.061536778372,5.21066338363884
264812.93495089,3843864.58588626,688.700068402421,L1_3,2328.0,543.20791372109,4.61037992330627
264812.93495089,3843864.58588626,688.700068402421,L1_3,2328.0,530.761609510943,4.41076151033822
264812.93495089,3843864.58588626,688.700068402421,L1_3,2328.0,517.692990090289,4.47828674384172
264812.93495089,3843864.58588626,688.700068402421,L1_3,2328.0,503.970939698603,4.70462890760199
264812.93495089,3843864.58588626,688.700068402421,L1_3,2328.0,489.562786787332,5.00446130825149
264812.93495089,3843864.58588626,688.700068402421,L1_3,2328.0,474.434226230497,5.31968892313732
264812.93495089,3843864.58588626,688.700068402421,L1_3,2328.0,458.549237645821,5.62176714551792
264812.93495089,3843864.58588626,688.700068402421,L1_3,2328.0,441.869999631911,5.90683660241741
264812.93495089,3843864.58588626,688.700068402421,L1_3,2328.0,424.356799717306,6.18636175733546
264812.93495089,3843864.58588626,688.700068402421,L1_3,2328.0,405.96793980697,6.47808438318027
264812.93495089,3843864.58588626,688.700068402421,L1_3,2328.0,386.659636901117,6.79954505878538
264812.93495089,3843864.58588626,688.700068402421,L1_3,2328.0,366.385918849972,7.16396121384647
264812.93495089,3843864.58588626,688.700068402421,L1_3,2328.0,345.098514896269,7.57745136300013
264812.93495089,3843864.58588626,688.700068402421,L1_3,2328.0,322.754303339663,8.03768832393079
264812.93495089,3843864.58588626,688.700068402421,L1_3,2328.0,300.064105870122,8.53151198246988
264812.93495089,3843864.58588626,688.700068402421,L1_3,2328.0,276.239398527104,9.03971373030612
264812.93495089,3843864.58588626,688.700068402421,L1_3,2328.0,251.223455816935,9.5426785520556
264812.93495089,3843864.58588626,688.700068402421,L1_3,2328.0,224.956715971258,10.01944879781
264812.93495089,3843864.58588626,688.700068402421,L1_3,2328.0,197.376639133297,10.449503518865
264812.93495089,3843864.58588626,688.700068402421,L1_3,2328.0,168.417558453437,10.8143699233928
264812.93495089,3843864.58588626,688.700068402421,L1_3,2328.0,138.010523739585,11.0998176913539
264812.93495089,3843864.58588626,688.700068402421,L1_3,2328.0,106.08313729004,11.2977521461626
264812.93495089,3843864.58588626,688.700068402421,L1_3,2328.0,,
264812.93495089,3843864.58588626,688.700068402421,L1_3,2328.0,,
264812.93495089,3843864.58588626,688.700068402421,L1_3,2328.0,,
264812.93495089,3843864.58588626,688.700068402421,L1_3,2328.0,,
264812.93495089,3843864.58588626,688.700068402421,L1_3,2328.0,,
264812.93495089,3843864.58588626,688.700068402421,L1_3,2328.0,,
264812.93495089,3843864.58588626,688.700068402421,L1_3,2328.0,,
264812.93495089,3843864.58588626,688.700068402421,L1_3,2328.0,,
264812.93495089,3843864.58588626,688.700068402421,L1_3,2328.0,,
264812.93495089,3843864.58588626,688.700068402421,L1_3,2328.0,,
264812.93495089,3843864.58588626,688.700068402421,L1_3,2328.0,,
264812.93495089,3843864.58588626,688.700068402421,L1_3,2328.0,,
264812.93495089,3843864.58588626,688.700068402421,L1_3,2328.0,,
264812.93495089,3843864.58588626,688.700068402421,L1_3,2328.0,,
264812.93495089,3843864.58588626,688.700068402421,L1_3,2328.0,,
264812.93495089,3843864.58588626,688.700068402421,L1_3,2328.0,,
264812.93495089,3843864.58588626,688.700068402421,L1_3,2328.0,,
264812.93495089,3843864.58588626,688.700068402421,L1_3,2328.0,,
264812.93495089,3843864.58588626,688.700068402421,L1_3,2328.0,,
264812.93495089,3843864.58588626,688.700068402421,L1_3,2328.0,,
264812.93495089,3843864.58588626,688.700068402421,L1_3,2328.0,,
264818.303033489,3843868.2617124,688.893881092593,L1_3,2334.5,688.893881092593,13.9735753708653
264818.303033489,3843868.2617124,688.893881092593,L1_3,2334.5,683.719443926256,14.5129218324009
264818.303033489,3843868.2617124,688.893881092593,L1_3,2334.5,678.286284901601,14.0635224712283
264818.303033489,3843868.2617124,688.893881092593,L1_3,2334.5,672.581467925714,11.3665838936001
264818.303033489,3843868.2617124,688.893881092593,L1_3,2334.5,666.591410101032,9.0082088116266
264818.303033489,3843868.2617124,688.893881092593,L1_3,2334.5,660.301849385116,8.57831381195471
264818.303033489,3843868.2617124,688.893881092593,L1_3,2334.5,653.697810633405,10.1191488044012
264818.303033489,3843868.2617124,688.893881092593,L1_3,2334.5,646.763569944108,13.1077614159312
264818.303033489,3843868.2617124,688.893881092593,L1_3,2334.5,639.482617220346,16.4905483944492
264818.303033489,3843868.2617124,688.893881092593,L1_3,2334.5,631.837616860396,18.9649053254269
264818.303033489,3843868.2617124,688.893881092593,L1_3,2334.5,623.810366482448,19.6917086208903
264818.303033489,3843868.2617124,688.893881092593,L1_3,2334.5,615.381753585603,18.6065059173381
264818.303033489,3843868.2617124,688.893881092593,L1_3,2334.5,606.531710043916,16.1936207372902
264818.303033489,3843868.2617124,688.893881092593,L1_3,2334.5,597.239164325145,13.1635441208162
264818.303033489,3843868.2617124,688.893881092593,L1_3,2334.5,587.481991320435,10.1955502180235
264818.303033489,3843868.2617124,688.893881092593,L1_3,2334.5,577.236959665489,7.75022466556921
264818.303033489,3843868.2617124,688.893881092593,L1_3,2334.5,566.479676427796,6.00323801977039
264818.303033489,3843868.2617124,688.893881092593,L1_3,2334.5,555.184529028219,4.91390437132136
264818.303033489,3843868.2617124,688.893881092593,L1_3,2334.5,543.324624258662,4.34738753763678
264818.303033489,3843868.2617124,688.893881092593,L1_3,2334.5,530.871724250628,4.16114653122811
264818.303033489,3843868.2617124,688.893881092593,L1_3,2334.5,517.796179242192,4.23432242777844
264818.303033489,3843868.2617124,688.893881092593,L1_3,2334.5,504.066856983334,4.46761123150454
264818.303033489,3843868.2617124,688.893881092593,L1_3,2334.5,489.651068611534,4.78149621715769
264818.303033489,3843868.2617124,688.893881092593,L1_3,2334.5,474.514490821143,5.12003753400269
264818.303033489,3843868.2617124,688.893881092593,L1_3,2334.5,458.621084141233,5.45364597165163
264818.303033489,3843868.2617124,688.893881092593,L1_3,2334.5,441.933007127327,5.77564403931684
264818.303033489,3843868.2617124,688.893881092593,L1_3,2334.5,424.410526262726,6.09436643843804
264818.303033489,3843868.2617124,688.893881092593,L1_3,2334.5,406.011921354895,6.424950192129
264818.303033489,3843868.2617124,688.893881092593,L1_3,2334.5,386.693386201673,6.78306700038989
264818.303033489,3843868.2617124,688.893881092593,L1_3,2334.5,366.408924290789,7.18067596764514
264818.303033489,3843868.2617124,688.893881092593,L1_3,2334.5,345.110239284361,7.62303888790764
264818.303033489,3843868.2617124,688.893881092593,L1_3,2334.5,322.754303339663,8.10722713966656
264818.303033489,3843868.2617124,688.893881092593,L1_3,2334.5,300.064105870122,8.61980734278821
264818.303033489,3843868.2617124,688.893881092593,L1_3,2334.5,276.239398527104,9.14156824117467
264818.303033489,3843868.2617124,688.893881092593,L1_3,2334.5,251.223455816935,9.65302021418246
264818.303033489,3843868.2617124,688.893881092593,L1_3,2334.5,224.956715971258,10.1334863477695
264818.303033489,3843868.2617124,688.893881092593,L1_3,2334.5,197.376639133297,10.5628741606881
264818.303033489,3843868.2617124,688.893881092593,L1_3,2334.5,168.417558453437,10.9232766616173
264818.303033489,3843868.2617124,688.893881092593,L1_3,2334.5,138.010523739585,11.2011547001842
264818.303033489,3843868.2617124,688.893881092593,L1_3,2334.5,106.08313729004,11.3892002305956
264818.303033489,3843868.2617124,688.893881092593,L1_3,2334.5,,
264818.303033489,3843868.2617124,688.893881092593,L1_3,2334.5,,
264818.303033489,3843868.2617124,688.893881092593,L1_3,2334.5,,
264818.303033489,3843868.2617124,688.893881092593,L1_3,2334.5,,
264818.303033489,3843868.2617124,688.893881092593,L1_3,2334.5,,
264818.303033489,3843868.2617124,688.893881092593,L1_3,2334.5,,
264818.303033489,3843868.2617124,688.893881092593,L1_3,2334.5,,
264818.303033489,3843868.2617124,688.893881092593,L1_3,2334.5,,
264818.303033489,3843868.2617124,688.893881092593,L1_3,2334.5,,
264818.303033489,3843868.2617124,688.893881092593,L1_3,2334.5,,
264818.303033489,3843868.2617124,688.893881092593,L1_3,2334.5,,
264818.303033489,3843868.2617124,688.893881092593,L1_3,2334.5,,
264818.303033489,3843868.2617124,688.893881092593,L1_3,2334.5,,
264818.303033489,3843868.2617124,688.893881092593,L1_3,2334.5,,
264818.303033489,3843868.2617124,688.893881092593,L1_3,2334.5,,
264818.303033489,3843868.2617124,688.893881092593,L1_3,2334.5,,
264818.303033489,3843868.2617124,688.893881092593,L1_3,2334.5,,
264818.303033489,3843868.2617124,688.893881092593,L1_3,2334.5,,
264818.303033489,3843868.2617124,688.893881092593,L1_3,2334.5,,
264818.303033489,3843868.2617124,688.893881092593,L1_3,2334.5,,
264818.303033489,3843868.2617124,688.893881092593,L1_3,2334.5,,
264823.258186657,3843871.65478267,689.121278000798,L1_3,2340.5,689.121278000798,12.1137475303717
264823.258186657,3843871.65478267,689.121278000798,L1_3,2340.5,683.943625232374,12.080392046489
264823.258186657,3843871.65478267,689.121278000798,L1_3,2340.5,678.507089825529,11.0244303245497
264823.258186657,3843871.65478267,689.121278000798,L1_3,2340.5,672.798727648341,8.70462361579703
264823.258186657,3843871.65478267,689.121278000798,L1_3,2340.5,666.804947362294,6.80917202667335
264823.258186657,3843871.65478267,689.121278000798,L1_3,2340.5,660.511478061944,6.34851383091484
264823.258186657,3843871.65478267,689.121278000798,L1_3,2340.5,653.903335296577,7.36989952371473
264823.258186657,3843871.65478267,689.121278000798,L1_3,2340.5,646.964785392942,9.60613923976981
264823.258186657,3843871.65478267,689.121278000798,L1_3,2340.5,639.679307994125,12.4695189018709
264823.258186657,3843871.65478267,689.121278000798,L1_3,2340.5,632.029556725367,15.014087008518
264823.258186657,3843871.65478267,689.121278000798,L1_3,2340.5,623.997317893171,16.3494274833273
264823.258186657,3843871.65478267,689.121278000798,L1_3,2340.5,615.563467119365,16.1040618646548
264823.258186657,3843871.65478267,689.121278000798,L1_3,2340.5,606.707923806869,14.4872031507713
264823.258186657,3843871.65478267,689.121278000798,L1_3,2340.5,597.409603328748,12.0713093023661
264823.258186657,3843871.65478267,689.121278000798,L1_3,2340.5,587.646366826721,9.5110192497741
264823.258186657,3843871.65478267,689.121278000798,L1_3,2340.5,577.394968499593,7.3050893134727
264823.258186657,3843871.65478267,689.121278000798,L1_3,2340.5,566.631000256109,5.68552495145689
264823.258186657,3843871.65478267,689.121278000798,L1_3,2340.5,555.32883360045,4.65851408247427
264823.258186657,3843871.65478267,689.121278000798,L1_3,2340.5,543.461558612008,4.11916121640349
264823.258186657,3843871.65478267,689.121278000798,L1_3,2340.5,531.000919874144,3.94238366345665
264823.258186657,3843871.65478267,689.121278000798,L1_3,2340.5,517.917249199387,4.01848519309293
264823.258186657,3843871.65478267,689.121278000798,L1_3,2340.5,504.179394990892,4.25627379501703
264823.258186657,3843871.65478267,689.121278000798,L1_3,2340.5,489.754648071973,4.58163946769624
264823.258186657,3843871.65478267,689.121278000798,L1_3,2340.5,474.608663807107,4.9407913255617
264823.258186657,3843871.65478267,689.121278000798,L1_3,2340.5,458.705380328998,5.3032950423421
264823.258186657,3843871.65478267,689.121278000798,L1_3,2340.5,442.006932676984,5.65987300296316
264823.258186657,3843871.65478267,689.121278000798,L1_3,2340.5,424.473562642369,6.01585800993724
264823.258186657,3843871.65478267,689.121278000798,L1_3,2340.5,406.063524106023,6.38380127481298
264823.258186657,3843871.65478267,689.121278000798,L1_3,2340.5,386.73298364286,6.7774413549876
264823.258186657,3843871.65478267,689.121278000798,L1_3,2340.5,366.435916156539,7.20736791897515
264823.258186657,3843871.65478267,689.121278000798,L1_3,2340.5,345.123995295902,7.67786487117353
264823.258186657,3843871.65478267,689.121278000798,L1_3,2340.5,322.754303339663,8.18529951722056
264823.258186657,3843871.65478267,689.121278000798,L1_3,2340.5,300.064105870122,8.71591552830796
264823.258186657,3843871.65478267,689.121278000798,L1_3,2340.5,276.239398527104,9.25048957510384
264823.258186657,3843871.65478267,689.121278000798,L1_3,2340.5,251.223455816935,9.76965381999295
264823.258186657,3843871.65478267,689.121278000798,L1_3,2340.5,224.956715971258,10.25301950139
264823.258186657,3843871.65478267,689.121278000798,L1_3,2340.5,197.376639133297,10.6809398929266
264823.258186657,3843871.65478267,689.121278000798,L1_3,2340.5,168.417558453437,11.0360970737386
264823.258186657,3843871.65478267,689.121278000798,L1_3,2340.5,138.010523739585,11.3056672732427
264823.258186657,3843871.65478267,689.121278000798,L1_3,2340.5,106.08313729004,11.48315212965
264823.258186657,3843871.65478267,689.121278000798,L1_3,2340.5,,
264823.258186657,3843871.65478267,689.121278000798,L1_3,2340.5,,
264823.258186657,3843871.65478267,689.121278000798,L1_3,2340.5,,
264823.258186657,3843871.65478267,689.121278000798,L1_3,2340.5,,
264823.258186657,3843871.65478267,689.121278000798,L1_3,2340.5,,
264823.258186657,3843871.65478267,689.121278000798,L1_3,2340.5,,
264823.258186657,3843871.65478267,689.121278000798,L1_3,2340.5,,
264823.258186657,3843871.65478267,689.121278000798,L1_3,2340.5,,
264823.258186657,3843871.65478267,689.121278000798,L1_3,2340.5,,
264823.258186657,3843871.65478267,689.121278000798,L1_3,2340.5,,
264823.258186657,3843871.65478267,689.121278000798,L1_3,2340.5,,
264823.258186657,3843871.65478267,689.121278000798,L1_3,2340.5,,
264823.258186657,3843871.65478267,689.121278000798,L1_3,2340.5,,
264823.258186657,3843871.65478267,689.121278000798,L1_3,2340.5,,
264823.258186657,3843871.65478267,689.121278000798,L1_3,2340.5,,
264823.258186657,3843871.65478267,689.121278000798,L1_3,2340.5,,
264823.258186657,3843871.65478267,689.121278000798,L1_3,2340.5,,
264823.258186657,3843871.65478267,689.121278000798,L1_3,2340.5,,
264823.258186657,3843871.65478267,689.121278000798,L1_3,2340.5,,
264823.258186657,3843871.65478267,689.121278000798,L1_3,2340.5,,
264823.258186657,3843871.65478267,689.121278000798,L1_3,2340.5,,
264828.626269256,3843875.33060881,689.382222571714,L1_3,2347.0,689.382222571714,9.27307837107477
264828.626269256,3843875.33060881,689.382222571714,L1_3,2347.0,684.2008798063,9.20018581295797
264828.626269256,3843875.33060881,689.382222571714,L1_3,2347.0,678.760469902616,8.12281885319418
264828.626269256,3843875.33060881,689.382222571714,L1_3,2347.0,673.048039503747,6.11926571574138
264828.626269256,3843875.33060881,689.382222571714,L1_3,2347.0,667.049987584935,4.64658917136547
264828.626269256,3843875.33060881,689.382222571714,L1_3,2347.0,660.752033070182,4.28652749955304
264828.626269256,3843875.33060881,689.382222571714,L1_3,2347.0,654.139180829691,5.04404551828279
264828.626269256,3843875.33060881,689.382222571714,L1_3,2347.0,647.195685977176,6.83534085412899
264828.626269256,3843875.33060881,689.382222571714,L1_3,2347.0,639.905016382035,9.39072092898966
264828.626269256,3843875.33060881,689.382222571714,L1_3,2347.0,632.249813307137,12.0209979750501
264828.626269256,3843875.33060881,689.382222571714,L1_3,2347.0,624.211850078494,13.8227342898244
264828.626269256,3843875.33060881,689.382222571714,L1_3,2347.0,615.771988688419,14.2126808898645
264828.626269256,3843875.33060881,689.382222571714,L1_3,2347.0,606.91013422884,13.1966636350253
264828.626269256,3843875.33060881,689.382222571714,L1_3,2347.0,597.605187046283,11.2433481920149
264828.626269256,3843875.33060881,689.382222571714,L1_3,2347.0,587.834992504597,8.98884022964636
264828.626269256,3843875.33060881,689.382222571714,L1_3,2347.0,577.576288235827,6.96066882053352
264828.626269256,3843875.33060881,689.382222571714,L1_3,2347.0,566.804648753619,5.43376072205944
264828.626269256,3843875.33060881,689.382222571714,L1_3,2347.0,555.4944272973,4.45021539031895
264828.626269256,3843875.33060881,689.382222571714,L1_3,2347.0,543.618694768166,3.92796558014401
264828.626269256,3843875.33060881,689.382222571714,L1_3,2347.0,531.149175612574,3.75518728008135
264828.626269256,3843875.33060881,689.382222571714,L1_3,2347.0,518.056180499203,3.83090135133022
264828.626269256,3843875.33060881,689.382222571714,L1_3,2347.0,504.308535630164,4.07062977475679
264828.626269256,3843875.33060881,689.382222571714,L1_3,2347.0,489.873508517672,4.40499235573843
264828.626269256,3843875.33060881,689.382222571714,L1_3,2347.0,474.716730049556,4.78218600683729
264828.626269256,3843875.33060881,689.382222571714,L1_3,2347.0,458.802112658034,5.17105676186326
264828.626269256,3843875.33060881,689.382222571714,L1_3,2347.0,442.091764396936,5.55992272681227
264828.626269256,3843875.33060881,689.382222571714,L1_3,2347.0,424.545898722783,5.95124815929153
264828.626269256,3843875.33060881,689.382222571714,L1_3,2347.0,406.122739764923,6.35502935998439
264828.626269256,3843875.33060881,689.382222571714,L1_3,2347.0,386.778422859169,6.78301956224151
264828.626269256,3843875.33060881,689.382222571714,L1_3,2347.0,366.466890108128,7.24433955922331
264828.626269256,3843875.33060881,689.382222571714,L1_3,2347.0,345.139780719535,7.74218103552328
264828.626269256,3843875.33060881,689.382222571714,L1_3,2347.0,322.754303339663,8.27210787278097
264828.626269256,3843875.33060881,689.382222571714,L1_3,2347.0,300.064105870122,8.81999214231565
264828.626269256,3843875.33060881,689.382222571714,L1_3,2347.0,276.239398527104,9.36659062985814
264828.626269256,3843875.33060881,689.382222571714,L1_3,2347.0,251.223455816935,9.89265423014485
264828.626269256,3843875.33060881,689.382222571714,L1_3,2347.0,224.956715971258,10.3780905027779
264828.626269256,3843875.33060881,689.382222571714,L1_3,2347.0,197.376639133297,10.8037168742576
264828.626269256,3843875.33060881,689.382222571714,L1_3,2347.0,168.417558453437,11.1528279007995
264828.626269256,3843875.33060881,689.382222571714,L1_3,2347.0,138.010523739585,11.4133392720783
264828.626269256,3843875.33060881,689.382222571714,L1_3,2347.0,106.08313729004,11.579584011265
264828.626269256,3843875.33060881,689.382222571714,L1_3,2347.0,,
264828.626269256,3843875.33060881,689.382222571714,L1_3,2347.0,,
264828.626269256,3843875.33060881,689.382222571714,L1_3,2347.0,,
264828.626269256,3843875.33060881,689.382222571714,L1_3,2347.0,,
264828.626269256,3843875.33060881,689.382222571714,L1_3,2347.0,,
264828.626269256,3843875.33060881,689.382222571714,L1_3,2347.0,,
264828.626269256,3843875.33060881,689.382222571714,L1_3,2347.0,,
264828.626269256,3843875.33060881,689.382222571714,L1_3,2347.0,,
264828.626269256,3843875.33060881,689.382222571714,L1_3,2347.0,,
264828.626269256,3843875.33060881,689.382222571714,L1_3,2347.0,,
264828.626269256,3843875.33060881,689.382222571714,L1_3,2347.0,,
264828.626269256,3843875.33060881,689.382222571714,L1_3,2347.0,,
264828.626269256,3843875.33060881,689.382222571714,L1_3,2347.0,,
264828.626269256,3843875.33060881,689.382222571714,L1_3,2347.0,,
264828.626269256,3843875.33060881,689.382222571714,L1_3,2347.0,,
264828.626269256,3843875.33060881,689.382222571714,L1_3,2347.0,,
264828.626269256,3843875.33060881,689.382222571714,L1_3,2347.0,,
264828.626269256,3843875.33060881,689.382222571714,L1_3,2347.0,,
264828.626269256,3843875.33060881,689.382222571714,L1_3,2347.0,,
264828.626269256,3843875.33060881,689.382222571714,L1_3,2347.0,,
264828.626269256,3843875.33060881,689.382222571714,L1_3,2347.0,,
264833.581422303,3843878.72367874,689.64316714263,L1_3,2353.0,689.64316714263,11.0778173406028
264833.581422303,3843878.72367874,689.64316714263,L1_3,2353.0,684.458134380227,10.6806933666994
264833.581422303,3843878.72367874,689.64316714263,L1_3,2353.0,679.013849979703,8.5389796110732
264833.581422303,3843878.72367874,689.64316714263,L1_3,2353.0,673.297351359153,5.63483871548126
264833.581422303,3843878.72367874,689.64316714263,L1_3,2353.0,667.295027807575,3.85002893239217
264833.581422303,3843878.72367874,689.64316714263,L1_3,2353.0,660.992588078419,3.33065468183138
264833.581422303,3843878.72367874,689.64316714263,L1_3,2353.0,654.375026362805,3.84841064869956
264833.581422303,3843878.72367874,689.64316714263,L1_3,2353.0,647.42658656141,5.3242518331411
264833.581422303,3843878.72367874,689.64316714263,L1_3,2353.0,640.130724769945,7.64329828104357
264833.581422303,3843878.72367874,689.64316714263,L1_3,2353.0,632.470069888907,10.2834177401692
264833.581422303,3843878.72367874,689.64316714263,L1_3,2353.0,624.426382263818,12.3499271017818
264833.581422303,3843878.72367874,689.64316714263,L1_3,2353.0,615.980510257473,13.1206609073197
264833.581422303,3843878.72367874,689.64316714263,L1_3,2353.0,607.112344650812,12.4610156813506
264833.581422303,3843878.72367874,689.64316714263,L1_3,2353.0,597.800770763817,10.7726788937664
264833.581422303,3843878.72367874,689.64316714263,L1_3,2353.0,588.023618182473,8.68501301724388
264833.581422303,3843878.72367874,689.64316714263,L1_3,2353.0,577.757607972062,6.74765447971235
264833.581422303,3843878.72367874,689.64316714263,L1_3,2353.0,566.978297251129,5.2636302795035
264833.581422303,3843878.72367874,689.64316714263,L1_3,2353.0,555.660020994151,4.29666721684521
264833.581422303,3843878.72367874,689.64316714263,L1_3,2353.0,543.775830924323,3.77741533732971
264833.581422303,3843878.72367874,689.64316714263,L1_3,2353.0,531.297431351004,3.60120218507655
264833.581422303,3843878.72367874,689.64316714263,L1_3,2353.0,518.195111799019,3.67230070297013
264833.581422303,3843878.72367874,689.64316714263,L1_3,2353.0,504.437676269435,3.91103427704499
264833.581422303,3843878.72367874,689.64316714263,L1_3,2353.0,489.992368963372,4.25180355526188
264833.581422303,3843878.72367874,689.64316714263,L1_3,2353.0,474.824796292005,4.64447661958412
264833.581422303,3843878.72367874,689.64316714263,L1_3,2353.0,458.89884498707,5.05722215982285
264833.581422303,3843878.72367874,689.64316714263,L1_3,2353.0,442.176596116889,5.47611132355096
264833.581422303,3843878.72367874,689.64316714263,L1_3,2353.0,424.618234803198,5.90086146456111
264833.581422303,3843878.72367874,689.64316714263,L1_3,2353.0,406.181955423823,6.33894757916694
264833.581422303,3843878.72367874,689.64316714263,L1_3,2353.0,386.823862075478,6.80009034625418
264833.581422303,3843878.72367874,689.64316714263,L1_3,2353.0,366.497864059717,7.29184670632817
264833.581422303,3843878.72367874,689.64316714263,L1_3,2353.0,345.155566143168,7.81620653521981
264833.581422303,3843878.72367874,689.64316714263,L1_3,2353.0,322.754303339663,8.36782954173393
264833.581422303,3843878.72367874,689.64316714263,L1_3,2353.0,300.064105870122,8.93217005072998
264833.581422303,3843878.72367874,689.64316714263,L1_3,2353.0,276.239398527104,9.48996173112841
264833.581422303,3843878.72367874,689.64316714263,L1_3,2353.0,251.223455816935,10.0220708210794
264833.581422303,3843878.72367874,689.64316714263,L1_3,2353.0,224.956715971258,10.5087124755937
264833.581422303,3843878.72367874,689.64316714263,L1_3,2353.0,197.376639133297,10.9311885730428
264833.581422303,3843878.72367874,689.64316714263,L1_3,2353.0,168.417558453437,11.273430425225
264833.581422303,3843878.72367874,689.64316714263,L1_3,2353.0,138.010523739585,11.5241184440837
264833.581422303,3843878.72367874,689.64316714263,L1_3,2353.0,106.08313729004,11.6784376992042
264833.581422303,3843878.72367874,689.64316714263,L1_3,2353.0,,
264833.581422303,3843878.72367874,689.64316714263,L1_3,2353.0,,
264833.581422303,3843878.72367874,689.64316714263,L1_3,2353.0,,
264833.581422303,3843878.72367874,689.64316714263,L1_3,2353.0,,
264833.581422303,3843878.72367874,689.64316714263,L1_3,2353.0,,
264833.581422303,3843878.72367874,689.64316714263,L1_3,2353.0,,
264833.581422303,3843878.72367874,689.64316714263,L1_3,2353.0,,
264833.581422303,3843878.72367874,689.64316714263,L1_3,2353.0,,
264833.581422303,3843878.72367874,689.64316714263,L1_3,2353.0,,
264833.581422303,3843878.72367874,689.64316714263,L1_3,2353.0,,
264833.581422303,3843878.72367874,689.64316714263,L1_3,2353.0,,
264833.581422303,3843878.72367874,689.64316714263,L1_3,2353.0,,
264833.581422303,3843878.72367874,689.64316714263,L1_3,2353.0,,
264833.581422303,3843878.72367874,689.64316714263,L1_3,2353.0,,
264833.581422303,3843878.72367874,689.64316714263,L1_3,2353.0,,
264833.581422303,3843878.72367874,689.64316714263,L1_3,2353.0,,
264833.581422303,3843878.72367874,689.64316714263,L1_3,2353.0,,
264833.581422303,3843878.72367874,689.64316714263,L1_3,2353.0,,
264833.581422303,3843878.72367874,689.64316714263,L1_3,2353.0,,
264833.581422303,3843878.72367874,689.64316714263,L1_3,2353.0,,
264833.581422303,3843878.72367874,689.64316714263,L1_3,2353.0,,
264838.94950464,3843882.39950413,689.904111713546,L1_3,2359.5,689.904111713546,32.2969645244625
264838.94950464,3843882.39950413,689.904111713546,L1_3,2359.5,684.715388954153,24.5084601047992
264838.94950464,3843882.39950413,689.904111713546,L1_3,2359.5,679.26723005679,13.1290848494588
264838.94950464,3843882.39950413,689.904111713546,L1_3,2359.5,673.546663214559,6.75532771188051
264838.94950464,3843882.39950413,689.904111713546,L1_3,2359.5,667.540068030216,3.98655878573568
264838.94950464,3843882.39950413,689.904111713546,L1_3,2359.5,661.233143086657,3.14199757242793
264838.94950464,3843882.39950413,689.904111713546,L1_3,2359.5,654.610871895919,3.4700620775729
264838.94950464,3843882.39950413,689.904111713546,L1_3,2359.5,647.657487145644,4.77884511645445
264838.94950464,3843882.39950413,689.904111713546,L1_3,2359.5,640.356433157856,6.99571154539505
264838.94950464,3843882.39950413,689.904111713546,L1_3,2359.5,632.690326470678,9.66982108996046
264838.94950464,3843882.39950413,689.904111713546,L1_3,2359.5,624.640914449141,11.8915203873159
264838.94950464,3843882.39950413,689.904111713546,L1_3,2359.5,616.189031826528,12.8438984797418
264838.94950464,3843882.39950413,689.904111713546,L1_3,2359.5,607.314555072783,12.3162596709875
264838.94950464,3843882.39950413,689.904111713546,L1_3,2359.5,597.996354481352,10.6938433822951
264838.94950464,3843882.39950413,689.904111713546,L1_3,2359.5,588.212243860349,8.62421814379566
264838.94950464,3843882.39950413,689.904111713546,L1_3,2359.5,577.938927708296,6.68065889337092
264838.94950464,3843882.39950413,689.904111713546,L1_3,2359.5,567.15194574864,5.18258632148246
264838.94950464,3843882.39950413,689.904111713546,L1_3,2359.5,555.825614691001,4.20109830586449
264838.94950464,3843882.39950413,689.904111713546,L1_3,2359.5,543.932967080481,3.66850425480457
264838.94950464,3843882.39950413,689.904111713546,L1_3,2359.5,531.445687089434,3.48033736274208
264838.94950464,3843882.39950413,689.904111713546,L1_3,2359.5,518.334043098835,3.54214971992537
264838.94950464,3843882.39950413,689.904111713546,L1_3,2359.5,504.566816908706,3.77687416683536
264838.94950464,3843882.39950413,689.904111713546,L1_3,2359.5,490.111229409071,4.12157323982912
264838.94950464,3843882.39950413,689.904111713546,L1_3,2359.5,474.932862534454,4.52735396753548
264838.94950464,3843882.39950413,689.904111713546,L1_3,2359.5,458.995577316106,4.96167215387452
264838.94950464,3843882.39950413,689.904111713546,L1_3,2359.5,442.261427836841,5.40846889248007
264838.94950464,3843882.39950413,689.904111713546,L1_3,2359.5,424.690570883612,5.86482292786377
264838.94950464,3843882.39950413,689.904111713546,L1_3,2359.5,406.241171082722,6.33572650288125
264838.94950464,3843882.39950413,689.904111713546,L1_3,2359.5,386.869301291788,6.82883562605846
264838.94950464,3843882.39950413,689.904111713546,L1_3,2359.5,366.528838011306,7.35006274253714
264838.94950464,3843882.39950413,689.904111713546,L1_3,2359.5,345.171351566801,7.90009516267477
264838.94950464,3843882.39950413,689.904111713546,L1_3,2359.5,322.754303339663,8.47259376697722
264838.94950464,3843882.39950413,689.904111713546,L1_3,2359.5,300.064105870122,9.05255151057005
264838.94950464,3843882.39950413,689.904111713546,L1_3,2359.5,276.239398527104,9.62067591755157
264838.94950464,3843882.39950413,689.904111713546,L1_3,2359.5,251.223455816935,10.1579478554567
264838.94950464,3843882.39950413,689.904111713546,L1_3,2359.5,224.956715971258,10.6449035717749
264838.94950464,3843882.39950413,689.904111713546,L1_3,2359.5,197.376639133297,11.0633513786743
264838.94950464,3843882.39950413,689.904111713546,L1_3,2359.5,168.417558453437,11.3978853316905
264838.94950464,3843882.39950413,689.904111713546,L1_3,2359.5,138.010523739585,11.6379756380552
264838.94950464,3843882.39950413,689.904111713546,L1_3,2359.5,106.08313729004,11.7796790072241
264838.94950464,3843882.39950413,689.904111713546,L1_3,2359.5,,
264838.94950464,3843882.39950413,689.904111713546,L1_3,2359.5,,
264838.94950464,3843882.39950413,689.904111713546,L1_3,2359.5,,
264838.94950464,3843882.39950413,689.904111713546,L1_3,2359.5,,
264838.94950464,3843882.39950413,689.904111713546,L1_3,2359.5,,
264838.94950464,3843882.39950413,689.904111713546,L1_3,2359.5,,
264838.94950464,3843882.39950413,689.904111713546,L1_3,2359.5,,
264838.94950464,3843882.39950413,689.904111713546,L1_3,2359.5,,
264838.94950464,3843882.39950413,689.904111713546,L1_3,2359.5,,
264838.94950464,3843882.39950413,689.904111713546,L1_3,2359.5,,
264838.94950464,3843882.39950413,689.904111713546,L1_3,2359.5,,
264838.94950464,3843882.39950413,689.904111713546,L1_3,2359.5,,
264838.94950464,3843882.39950413,689.904111713546,L1_3,2359.5,,
264838.94950464,3843882.39950413,689.904111713546,L1_3,2359.5,,
264838.94950464,3843882.39950413,689.904111713546,L1_3,2359.5,,
264838.94950464,3843882.39950413,689.904111713546,L1_3,2359.5,,
264838.94950464,3843882.39950413,689.904111713546,L1_3,2359.5,,
264838.94950464,3843882.39950413,689.904111713546,L1_3,2359.5,,
264838.94950464,3843882.39950413,689.904111713546,L1_3,2359.5,,
264838.94950464,3843882.39950413,689.904111713546,L1_3,2359.5,,
264838.94950464,3843882.39950413,689.904111713546,L1_3,2359.5,,
264843.904657566,3843885.79257372,690.392953908903,L1_3,2365.5,690.392953908903,34.8752291008018
264843.904657566,3843885.79257372,690.392953908903,L1_3,2365.5,685.197318469844,27.7765630780736
264843.904657566,3843885.79257372,690.392953908903,L1_3,2365.5,679.741901258832,15.7324953955221
264843.904657566,3843885.79257372,690.392953908903,L1_3,2365.5,674.013713187269,8.02075585299241
264843.904657566,3843885.79257372,690.392953908903,L1_3,2365.5,667.999115712128,4.53446847943424
264843.904657566,3843885.79257372,690.392953908903,L1_3,2365.5,661.68378836323,3.40747483271584
264843.904657566,3843885.79257372,690.392953908903,L1_3,2365.5,655.052694646888,3.65113772484159
264843.904657566,3843885.79257372,690.392953908903,L1_3,2365.5,648.090046244728,4.98018693809482
264843.904657566,3843885.79257372,690.392953908903,L1_3,2365.5,640.77926542246,7.30037214332272
264843.904657566,3843885.79257372,690.392953908903,L1_3,2365.5,633.102945559079,10.1248046143153
264843.904657566,3843885.79257372,690.392953908903,L1_3,2365.5,625.042809702528,12.4627451276053
264843.904657566,3843885.79257372,690.392953908903,L1_3,2365.5,616.57966705315,13.4282559514907
264843.904657566,3843885.79257372,690.392953908903,L1_3,2365.5,607.693367271303,12.8100991072292
264843.904657566,3843885.79257372,690.392953908903,L1_3,2365.5,598.362752500364,11.0440948784518
264843.904657566,3843885.79257372,690.392953908903,L1_3,2365.5,588.565606990878,8.83117807060602
264843.904657566,3843885.79257372,690.392953908903,L1_3,2365.5,578.278604205918,6.77420883473316
264843.904657566,3843885.79257372,690.392953908903,L1_3,2365.5,567.477251281709,5.19832077560672
264843.904657566,3843885.79257372,690.392953908903,L1_3,2365.5,556.135830711291,4.16716118268744
264843.904657566,3843885.79257372,690.392953908903,L1_3,2365.5,544.227339112351,3.60268570907443
264843.904657566,3843885.79257372,690.392953908903,L1_3,2365.5,531.723422933464,3.3929204060985
264843.904657566,3843885.79257372,690.392953908903,L1_3,2365.5,518.594310945633,3.44025801672808
264843.904657566,3843885.79257372,690.392953908903,L1_3,2365.5,504.80874335841,3.66779099054168
264843.904657566,3843885.79257372,690.392953908903,L1_3,2365.5,490.333897391826,4.01397140557954
264843.904657566,3843885.79257372,690.392953908903,L1_3,2365.5,475.135309126913,4.43060890655474
264843.904657566,3843885.79257372,690.392953908903,L1_3,2365.5,459.176791448755,4.88433774362011
264843.904657566,3843885.79257372,690.392953908903,L1_3,2365.5,442.420347886688,5.3570426219352
264843.904657566,3843885.79257372,690.392953908903,L1_3,2365.5,424.826082146518,5.84325634011137
264843.904657566,3843885.79257372,690.392953908903,L1_3,2365.5,406.35210311934,6.34552660968377
264843.904657566,3843885.79257372,690.392953908903,L1_3,2365.5,386.954425140803,6.8694221525809
264843.904657566,3843885.79257372,690.392953908903,L1_3,2365.5,366.586863263338,7.41914324695633
264843.904657566,3843885.79257372,690.392953908903,L1_3,2365.5,345.200923292001,7.99398135851613
264843.904657566,3843885.79257372,690.392953908903,L1_3,2365.5,322.754303339663,8.58651053301446
264843.904657566,3843885.79257372,690.392953908903,L1_3,2365.5,300.064105870122,9.18121719444305
264843.904657566,3843885.79257372,690.392953908903,L1_3,2365.5,276.239398527104,9.75877821302233
264843.904657566,3843885.79257372,690.392953908903,L1_3,2365.5,251.223455816935,10.3002954824308
264843.904657566,3843885.79257372,690.392953908903,L1_3,2365.5,224.956715971258,10.7866429537748
264843.904657566,3843885.79257372,690.392953908903,L1_3,2365.5,197.376639133297,11.2001601877345
264843.904657566,3843885.79257372,690.392953908903,L1_3,2365.5,168.417558453437,11.5261312680211
264843.904657566,3843885.79257372,690.392953908903,L1_3,2365.5,138.010523739585,11.7548400648457
264843.904657566,3843885.79257372,690.392953908903,L1_3,2365.5,106.08313729004,11.883234447707
264843.904657566,3843885.79257372,690.392953908903,L1_3,2365.5,,
264843.904657566,3843885.79257372,690.392953908903,L1_3,2365.5,,
264843.904657566,3843885.79257372,690.392953908903,L1_3,2365.5,,
264843.904657566,3843885.79257372,690.392953908903,L1_3,2365.5,,
264843.904657566,3843885.79257372,690.392953908903,L1_3,2365.5,,
264843.904657566,3843885.79257372,690.392953908903,L1_3,2365.5,,
264843.904657566,3843885.79257372,690.392953908903,L1_3,2365.5,,
264843.904657566,3843885.79257372,690.392953908903,L1_3,2365.5,,
264843.904657566,3843885.79257372,690.392953908903,L1_3,2365.5,,
264843.904657566,3843885.79257372,690.392953908903,L1_3,2365.5,,
264843.904657566,3843885.79257372,690.392953908903,L1_3,2365.5,,
264843.904657566,3843885.79257372,690.392953908903,L1_3,2365.5,,
264843.904657566,3843885.79257372,690.392953908903,L1_3,2365.5,,
264843.904657566,3843885.79257372,690.392953908903,L1_3,2365.5,,
264843.904657566,3843885.79257372,690.392953908903,L1_3,2365.5,,
264843.904657566,3843885.79257372,690.392953908903,L1_3,2365.5,,
264843.904657566,3843885.79257372,690.392953908903,L1_3,2365.5,,
264843.904657566,3843885.79257372,690.392953908903,L1_3,2365.5,,
264843.904657566,3843885.79257372,690.392953908903,L1_3,2365.5,,
264843.904657566,3843885.79257372,690.392953908903,L1_3,2365.5,,
264843.904657566,3843885.79257372,690.392953908903,L1_3,2365.5,,
264849.272739903,3843889.46839911,691.109408706249,L1_3,2372.0,691.109408706249,13.2126282653131
264849.272739903,3843889.46839911,691.109408706249,L1_3,2372.0,685.903641935328,13.729904870727
264849.272739903,3843889.46839911,691.109408706249,L1_3,2372.0,680.437586825862,12.1460895180965
264849.272739903,3843889.46839911,691.109408706249,L1_3,2372.0,674.698228960922,7.99321047678132
264849.272739903,3843889.46839911,691.109408706249,L1_3,2372.0,668.671903202734,5.01156733566723
264849.272739903,3843889.46839911,691.109408706249,L1_3,2372.0,662.344261156638,3.91772831867649
264849.272739903,3843889.46839911,691.109408706249,L1_3,2372.0,655.700237008237,4.27191531034483
264849.272739903,3843889.46839911,691.109408706249,L1_3,2372.0,648.724011652415,5.86340896649604
264849.272739903,3843889.46839911,691.109408706249,L1_3,2372.0,641.398975028803,8.54653478370376
264849.272739903,3843889.46839911,691.109408706249,L1_3,2372.0,633.70768657401,11.6772048537536
264849.272739903,3843889.46839911,691.109408706249,L1_3,2372.0,625.631833696477,14.1016206714254
264849.272739903,3843889.46839911,691.109408706249,L1_3,2372.0,617.152188175067,14.9005353226347
264849.272739903,3843889.46839911,691.109408706249,L1_3,2372.0,608.248560377588,13.956202071898
264849.272739903,3843889.46839911,691.109408706249,L1_3,2372.0,598.899751190234,11.8295807138392
264849.272739903,3843889.46839911,691.109408706249,L1_3,2372.0,589.083501543512,9.30882939627801
264849.272739903,3843889.46839911,691.109408706249,L1_3,2372.0,578.776439414455,7.02977139992593
264849.272739903,3843889.46839911,691.109408706249,L1_3,2372.0,567.954024178944,5.31141685247919
264849.272739903,3843889.46839911,691.109408706249,L1_3,2372.0,556.590488181658,4.19488582932989
264849.272739903,3843889.46839911,691.109408706249,L1_3,2372.0,544.658775384508,3.57969011704246
264849.272739903,3843889.46839911,691.109408706249,L1_3,2372.0,532.1304769475,3.33855344832536
264849.272739903,3843889.46839911,691.109408706249,L1_3,2372.0,518.975763588642,3.36620619070758
264849.272739903,3843889.46839911,691.109408706249,L1_3,2372.0,505.163314561841,3.58341271482131
264849.272739903,3843889.46839911,691.109408706249,L1_3,2372.0,490.660243083699,3.9287197637185
264849.272739903,3843889.46839911,691.109408706249,L1_3,2372.0,475.432018031651,4.3540802986353
264849.272739903,3843889.46839911,691.109408706249,L1_3,2372.0,459.442381727,4.82517577185201
264849.272739903,3843889.46839911,691.109408706249,L1_3,2372.0,442.653263607117,5.32188804418677
264849.272739903,3843889.46839911,691.109408706249,L1_3,2372.0,425.02468958124,5.83628616932113
264849.272739903,3843889.46839911,691.109408706249,L1_3,2372.0,406.514686854069,6.36851189210649
264849.272739903,3843889.46839911,691.109408706249,L1_3,2372.0,387.079183990539,6.92202718402154
264849.272739903,3843889.46839911,691.109408706249,L1_3,2372.0,366.671905983833,7.4992573542697
264849.272739903,3843889.46839911,691.109408706249,L1_3,2372.0,345.244264076791,8.09801247268993
264849.272739903,3843889.46839911,691.109408706249,L1_3,2372.0,322.754303339663,8.709697534809
264849.272739903,3843889.46839911,691.109408706249,L1_3,2372.0,300.064105870122,9.31825078357075
264849.272739903,3843889.46839911,691.109408706249,L1_3,2372.0,276.239398527104,9.90431877548726
264849.272739903,3843889.46839911,691.109408706249,L1_3,2372.0,251.223455816935,10.4491347075313
264849.272739903,3843889.46839911,691.109408706249,L1_3,2372.0,224.956715971258,10.9339270355816
264849.272739903,3843889.46839911,691.109408706249,L1_3,2372.0,197.376639133297,11.341592630155
264849.272739903,3843889.46839911,691.109408706249,L1_3,2372.0,168.417558453437,11.6581332288833
264849.272739903,3843889.46839911,691.109408706249,L1_3,2372.0,138.010523739585,11.8746696969995
264849.272739903,3843889.46839911,691.109408706249,L1_3,2372.0,106.08313729004,11.9890599159582
264849.272739903,3843889.46839911,691.109408706249,L1_3,2372.0,,
264849.272739903,3843889.46839911,691.109408706249,L1_3,2372.0,,
264849.272739903,3843889.46839911,691.109408706249,L1_3,2372.0,,
264849.272739903,3843889.46839911,691.109408706249,L1_3,2372.0,,
264849.272739903,3843889.46839911,691.109408706249,L1_3,2372.0,,
264849.272739903,3843889.46839911,691.109408706249,L1_3,2372.0,,
264849.272739903,3843889.46839911,691.109408706249,L1_3,2372.0,,
264849.272739903,3843889.46839911,691.109408706249,L1_3,2372.0,,
264849.272739903,3843889.46839911,691.109408706249,L1_3,2372.0,,
264849.272739903,3843889.46839911,691.109408706249,L1_3,2372.0,,
264849.272739903,3843889.46839911,691.109408706249,L1_3,2372.0,,
264849.272739903,3843889.46839911,691.109408706249,L1_3,2372.0,,
264849.272739903,3843889.46839911,691.109408706249,L1_3,2372.0,,
264849.272739903,3843889.46839911,691.109408706249,L1_3,2372.0,,
264849.272739903,3843889.46839911,691.109408706249,L1_3,2372.0,,
264849.272739903,3843889.46839911,691.109408706249,L1_3,2372.0,,
264849.272739903,3843889.46839911,691.109408706249,L1_3,2372.0,,
264849.272739903,3843889.46839911,691.109408706249,L1_3,2372.0,,
264849.272739903,3843889.46839911,691.109408706249,L1_3,2372.0,,
264849.272739903,3843889.46839911,691.109408706249,L1_3,2372.0,,
264849.272739903,3843889.46839911,691.109408706249,L1_3,2372.0,,
264854.227892709,3843892.86146835,691.825863503595,L1_3,2378.0,691.825863503595,10.8998758782237
264854.227892709,3843892.86146835,691.825863503595,L1_3,2378.0,686.609965400813,11.2942402805187
264854.227892709,3843892.86146835,691.825863503595,L1_3,2378.0,681.133272392891,10.6008716743003
264854.227892709,3843892.86146835,691.825863503595,L1_3,2378.0,675.382744734574,7.90912341959713
264854.227892709,3843892.86146835,691.825863503595,L1_3,2378.0,669.34469069334,5.54762489306198
264854.227892709,3843892.86146835,691.825863503595,L1_3,2378.0,663.004733950045,4.70999602078368
264854.227892709,3843892.86146835,691.825863503595,L1_3,2378.0,656.347779369585,5.40981763323055
264854.227892709,3843892.86146835,691.825863503595,L1_3,2378.0,649.357977060103,7.57028292064928
264854.227892709,3843892.86146835,691.825863503595,L1_3,2378.0,642.018684635146,10.9181434631843
264854.227892709,3843892.86146835,691.825863503595,L1_3,2378.0,634.312427588941,14.4913836183257
264854.227892709,3843892.86146835,691.825863503595,L1_3,2378.0,626.220857690426,16.9063670146808
264854.227892709,3843892.86146835,691.825863503595,L1_3,2378.0,617.724709296985,17.2952233428154
264854.227892709,3843892.86146835,691.825863503595,L1_3,2378.0,608.803753483872,15.7544346921548
264854.227892709,3843892.86146835,691.825863503595,L1_3,2378.0,599.436749880103,13.0404873657964
264854.227892709,3843892.86146835,691.825863503595,L1_3,2378.0,589.601396096146,10.0488895388668
264854.227892709,3843892.86146835,691.825863503595,L1_3,2378.0,579.274274622991,7.44262231603961
264854.227892709,3843892.86146835,691.825863503595,L1_3,2378.0,568.430797076179,5.51963931680207
264854.227892709,3843892.86146835,691.825863503595,L1_3,2378.0,557.045145652026,4.28333406930948
264854.227892709,3843892.86146835,691.825863503595,L1_3,2378.0,545.090211656665,3.59918270368147
264854.227892709,3843892.86146835,691.825863503595,L1_3,2378.0,532.537530961536,3.31716704715136
264854.227892709,3843892.86146835,691.825863503595,L1_3,2378.0,519.35721623165,3.320029780387
264854.227892709,3843892.86146835,691.825863503595,L1_3,2378.0,505.517885765271,3.52380852025489
264854.227892709,3843892.86146835,691.825863503595,L1_3,2378.0,490.986588775572,3.86589847783553
264854.227892709,3843892.86146835,691.825863503595,L1_3,2378.0,475.728726936389,4.29786332518054
264854.227892709,3843892.86146835,691.825863503595,L1_3,2378.0,459.707972005246,4.78430877741577
264854.227892709,3843892.86146835,691.825863503595,L1_3,2378.0,442.886179327546,5.30316458216937
264854.227892709,3843892.86146835,691.825863503595,L1_3,2378.0,425.223297015961,5.84410868224611
264854.227892709,3843892.86146835,691.825863503595,L1_3,2378.0,406.677270588797,6.40490584813117
264854.227892709,3843892.86146835,691.825863503595,L1_3,2378.0,387.203942840275,6.98688624706142
264854.227892709,3843892.86146835,691.825863503595,L1_3,2378.0,366.756948704327,7.59063332807853
264854.227892709,3843892.86146835,691.825863503595,L1_3,2378.0,345.287604861581,8.21238662194001
264854.227892709,3843892.86146835,691.825863503595,L1_3,2378.0,322.754303339663,8.84229592782275
264854.227892709,3843892.86146835,691.825863503595,L1_3,2378.0,300.064105870122,9.46372831528855
264854.227892709,3843892.86146835,691.825863503595,L1_3,2378.0,276.239398527104,10.0573205770162
264854.227892709,3843892.86146835,691.825863503595,L1_3,2378.0,251.223455816935,10.6044454905473
264854.227892709,3843892.86146835,691.825863503595,L1_3,2378.0,224.956715971258,11.0867039195765
264854.227892709,3843892.86146835,691.825863503595,L1_3,2378.0,197.376639133297,11.4875753532287
264854.227892709,3843892.86146835,691.825863503595,L1_3,2378.0,168.417558453437,11.7938049999793
264854.227892709,3843892.86146835,691.825863503595,L1_3,2378.0,138.010523739585,11.9973738571545
264854.227892709,3843892.86146835,691.825863503595,L1_3,2378.0,106.08313729004,12.0970666021768
264854.227892709,3843892.86146835,691.825863503595,L1_3,2378.0,,
264854.227892709,3843892.86146835,691.825863503595,L1_3,2378.0,,
264854.227892709,3843892.86146835,691.825863503595,L1_3,2378.0,,
264854.227892709,3843892.86146835,691.825863503595,L1_3,2378.0,,
264854.227892709,3843892.86146835,691.825863503595,L1_3,2378.0,,
264854.227892709,3843892.86146835,691.825863503595,L1_3,2378.0,,
264854.227892709,3843892.86146835,691.825863503595,L1_3,2378.0,,
264854.227892709,3843892.86146835,691.825863503595,L1_3,2378.0,,
264854.227892709,3843892.86146835,691.825863503595,L1_3,2378.0,,
264854.227892709,3843892.86146835,691.825863503595,L1_3,2378.0,,
264854.227892709,3843892.86146835,691.825863503595,L1_3,2378.0,,
264854.227892709,3843892.86146835,691.825863503595,L1_3,2378.0,,
264854.227892709,3843892.86146835,691.825863503595,L1_3,2378.0,,
264854.227892709,3843892.86146835,691.825863503595,L1_3,2378.0,,
264854.227892709,3843892.86146835,691.825863503595,L1_3,2378.0,,
264854.227892709,3843892.86146835,691.825863503595,L1_3,2378.0,,
264854.227892709,3843892.86146835,691.825863503595,L1_3,2378.0,,
264854.227892709,3843892.86146835,691.825863503595,L1_3,2378.0,,
264854.227892709,3843892.86146835,691.825863503595,L1_3,2378.0,,
264854.227892709,3843892.86146835,691.825863503595,L1_3,2378.0,,
264854.227892709,3843892.86146835,691.825863503595,L1_3,2378.0,,
264859.595974784,3843896.537293,692.542318300941,L1_3,2384.5,692.542318300941,15.5982214482473
264859.595974784,3843896.537293,692.542318300941,L1_3,2384.5,687.316288866297,14.9045291465708
264859.595974784,3843896.537293,692.542318300941,L1_3,2384.5,681.828957959921,12.5106694479427
264859.595974784,3843896.537293,692.542318300941,L1_3,2384.5,676.067260508226,9.14391413407891
264859.595974784,3843896.537293,692.542318300941,L1_3,2384.5,670.017478183946,6.66851732347054
264859.595974784,3843896.537293,692.542318300941,L1_3,2384.5,663.665206743453,6.00324759892245
264859.595974784,3843896.537293,692.542318300941,L1_3,2384.5,656.995321730934,7.23007873930305
264859.595974784,3843896.537293,692.542318300941,L1_3,2384.5,649.99194246779,10.293475443117
264859.595974784,3843896.537293,692.542318300941,L1_3,2384.5,642.638394241488,14.6182051183505
264859.595974784,3843896.537293,692.542318300941,L1_3,2384.5,634.917168603872,18.7108514752046
264859.595974784,3843896.537293,692.542318300941,L1_3,2384.5,626.809881684374,20.9260688600286
264859.595974784,3843896.537293,692.542318300941,L1_3,2384.5,618.297230418902,20.5930210690307
264859.595974784,3843896.537293,692.542318300941,L1_3,2384.5,609.358946590156,18.161820102169
264859.595974784,3843896.537293,692.542318300941,L1_3,2384.5,599.973748569973,14.6391037218862
264859.595974784,3843896.537293,692.542318300941,L1_3,2384.5,590.11929064878,11.0275606788503
264859.595974784,3843896.537293,692.542318300941,L1_3,2384.5,579.772109831528,8.00045397660184
264859.595974784,3843896.537293,692.542318300941,L1_3,2384.5,568.907569973414,5.81733964870527
264859.595974784,3843896.537293,692.542318300941,L1_3,2384.5,557.499803122393,4.4300146364805
264859.595974784,3843896.537293,692.542318300941,L1_3,2384.5,545.521647928822,3.66001038963926
264859.595974784,3843896.537293,692.542318300941,L1_3,2384.5,532.944584975572,3.32815397158081
264859.595974784,3843896.537293,692.542318300941,L1_3,2384.5,519.738668874659,3.30135472294299
264859.595974784,3843896.537293,692.542318300941,L1_3,2384.5,505.872456968701,3.48872523110995
264859.595974784,3843896.537293,692.542318300941,L1_3,2384.5,491.312934467445,3.82534169553404
264859.595974784,3843896.537293,692.542318300941,L1_3,2384.5,476.025435841126,4.26187282268037
264859.595974784,3843896.537293,692.542318300941,L1_3,2384.5,459.973562283492,4.7617291832535
264859.595974784,3843896.537293,692.542318300941,L1_3,2384.5,443.119095047975,5.30093589185211
264859.595974784,3843896.537293,692.542318300941,L1_3,2384.5,425.421904450683,5.86684656554113
264859.595974784,3843896.537293,692.542318300941,L1_3,2384.5,406.839854323526,6.45487271985503
264859.595974784,3843896.537293,692.542318300941,L1_3,2384.5,387.328701690011,7.06418574679849
264859.595974784,3843896.537293,692.542318300941,L1_3,2384.5,366.841991424821,7.69345923348556
264859.595974784,3843896.537293,692.542318300941,L1_3,2384.5,345.330945646371,8.3372712721143
264859.595974784,3843896.537293,692.542318300941,L1_3,2384.5,322.754303339663,8.98442942743209
264859.595974784,3843896.537293,692.542318300941,L1_3,2384.5,300.064105870122,9.61772192529132
264859.595974784,3843896.537293,692.542318300941,L1_3,2384.5,276.239398527104,10.2178131049366
264859.595974784,3843896.537293,692.542318300941,L1_3,2384.5,251.223455816935,10.7662242882479
264859.595974784,3843896.537293,692.542318300941,L1_3,2384.5,224.956715971258,11.2449466544098
264859.595974784,3843896.537293,692.542318300941,L1_3,2384.5,197.376639133297,11.6380658349643
264859.595974784,3843896.537293,692.542318300941,L1_3,2384.5,168.417558453437,11.9330948472554
264859.595974784,3843896.537293,692.542318300941,L1_3,2384.5,138.010523739585,12.1228970542647
264859.595974784,3843896.537293,692.542318300941,L1_3,2384.5,106.08313729004,12.2071996991654
264859.595974784,3843896.537293,692.542318300941,L1_3,2384.5,,
264859.595974784,3843896.537293,692.542318300941,L1_3,2384.5,,
264859.595974784,3843896.537293,692.542318300941,L1_3,2384.5,,
264859.595974784,3843896.537293,692.542318300941,L1_3,2384.5,,
264859.595974784,3843896.537293,692.542318300941,L1_3,2384.5,,
264859.595974784,3843896.537293,692.542318300941,L1_3,2384.5,,
264859.595974784,3843896.537293,692.542318300941,L1_3,2384.5,,
264859.595974784,3843896.537293,692.542318300941,L1_3,2384.5,,
264859.595974784,3843896.537293,692.542318300941,L1_3,2384.5,,
264859.595974784,3843896.537293,692.542318300941,L1_3,2384.5,,
264859.595974784,3843896.537293,692.542318300941,L1_3,2384.5,,
264859.595974784,3843896.537293,692.542318300941,L1_3,2384.5,,
264859.595974784,3843896.537293,692.542318300941,L1_3,2384.5,,
264859.595974784,3843896.537293,692.542318300941,L1_3,2384.5,,
264859.595974784,3843896.537293,692.542318300941,L1_3,2384.5,,
264859.595974784,3843896.537293,692.542318300941,L1_3,2384.5,,
264859.595974784,3843896.537293,692.542318300941,L1_3,2384.5,,
264859.595974784,3843896.537293,692.542318300941,L1_3,2384.5,,
264859.595974784,3843896.537293,692.542318300941,L1_3,2384.5,,
264859.595974784,3843896.537293,692.542318300941,L1_3,2384.5,,
264859.595974784,3843896.537293,692.542318300941,L1_3,2384.5,,
264864.551127469,3843899.9303619,693.404027297234,L1_3,2390.5,693.404027297234,19.2793088265046
264864.551127469,3843899.9303619,693.404027297234,L1_3,2390.5,688.165812502338,18.3956195290246
264864.551127469,3843899.9303619,693.404027297234,L1_3,2390.5,682.665686967698,15.2020394264226
264864.551127469,3843899.9303619,693.404027297234,L1_3,2390.5,676.890555156326,10.8864305906038
264864.551127469,3843899.9303619,693.404027297234,L1_3,2390.5,670.826666754385,7.97982395319151
264864.551127469,3843899.9303619,693.404027297234,L1_3,2390.5,664.459583932347,7.4152029929601
264864.551127469,3843899.9303619,693.404027297234,L1_3,2390.5,657.774146969207,9.27445850175241
264864.551127469,3843899.9303619,693.404027297234,L1_3,2390.5,650.75443815791,13.501661631231
264864.551127469,3843899.9303619,693.404027297234,L1_3,2390.5,643.383743906049,19.1010996638585
264864.551127469,3843899.9303619,693.404027297234,L1_3,2390.5,635.644514941594,23.8405565633103
264864.551127469,3843899.9303619,693.404027297234,L1_3,2390.5,627.518324528916,25.7601329930813
264864.551127469,3843899.9303619,693.404027297234,L1_3,2390.5,618.985824595605,24.5050470812848
264864.551127469,3843899.9303619,693.404027297234,L1_3,2390.5,610.026699665628,20.9930596257636
264864.551127469,3843899.9303619,693.404027297234,L1_3,2390.5,600.619618489152,16.5200366209724
264864.551127469,3843899.9303619,693.404027297234,L1_3,2390.5,590.742183253853,12.1917666431643
264864.551127469,3843899.9303619,693.404027297234,L1_3,2390.5,580.370876256788,8.67934596941633
264864.551127469,3843899.9303619,693.404027297234,L1_3,2390.5,569.481003909871,6.19451524641182
264864.551127469,3843899.9303619,693.404027297234,L1_3,2390.5,558.046637945607,4.63073955190376
264864.551127469,3843899.9303619,693.404027297234,L1_3,2390.5,546.04055368313,3.76020029980317
264864.551127469,3843899.9303619,693.404027297234,L1_3,2390.5,533.434165207529,3.37036872531707
264864.551127469,3843899.9303619,693.404027297234,L1_3,2390.5,520.197457308149,3.30938740550155
264864.551127469,3843899.9303619,693.404027297234,L1_3,2390.5,506.298914013799,3.47758150638754
264864.551127469,3843899.9303619,693.404027297234,L1_3,2390.5,491.705443554732,3.8066488212612
264864.551127469,3843899.9303619,693.404027297234,L1_3,2390.5,476.382299572711,4.24587971558089
264864.551127469,3843899.9303619,693.404027297234,L1_3,2390.5,460.292998391589,4.75736387295807
264864.551127469,3843899.9303619,693.404027297234,L1_3,2390.5,443.399232151412,5.31525497733596
264864.551127469,3843899.9303619,693.404027297234,L1_3,2390.5,425.660777599225,5.90464142653453
264864.551127469,3843899.9303619,693.404027297234,L1_3,2390.5,407.035400319429,6.51860559886873
264864.551127469,3843899.9303619,693.404027297234,L1_3,2390.5,387.478754175643,7.15413558082135
264864.551127469,3843899.9303619,693.404027297234,L1_3,2390.5,366.944275724668,7.8079303518463
264864.551127469,3843899.9303619,693.404027297234,L1_3,2390.5,345.383073351145,8.47282165278316
264864.551127469,3843899.9303619,693.404027297234,L1_3,2390.5,322.754303339663,9.13619538962844
264864.551127469,3843899.9303619,693.404027297234,L1_3,2390.5,300.064105870122,9.78026588733351
264864.551127469,3843899.9303619,693.404027297234,L1_3,2390.5,276.239398527104,10.3857762087094
264864.551127469,3843899.9303619,693.404027297234,L1_3,2390.5,251.223455816935,10.9344107635296
264864.551127469,3843899.9303619,693.404027297234,L1_3,2390.5,224.956715971258,11.4085676475662
264864.551127469,3843899.9303619,693.404027297234,L1_3,2390.5,197.376639133297,11.7929600381194
264864.551127469,3843899.9303619,693.404027297234,L1_3,2390.5,168.417558453437,12.0758918800705
264864.551127469,3843899.9303619,693.404027297234,L1_3,2390.5,138.010523739585,12.2511285483563
264864.551127469,3843899.9303619,693.404027297234,L1_3,2390.5,106.08313729004,12.3193543999109
264864.551127469,3843899.9303619,693.404027297234,L1_3,2390.5,,
264864.551127469,3843899.9303619,693.404027297234,L1_3,2390.5,,
264864.551127469,3843899.9303619,693.404027297234,L1_3,2390.5,,
264864.551127469,3843899.9303619,693.404027297234,L1_3,2390.5,,
264864.551127469,3843899.9303619,693.404027297234,L1_3,2390.5,,
264864.551127469,3843899.9303619,693.404027297234,L1_3,2390.5,,
264864.551127469,3843899.9303619,693.404027297234,L1_3,2390.5,,
264864.551127469,3843899.9303619,693.404027297234,L1_3,2390.5,,
264864.551127469,3843899.9303619,693.404027297234,L1_3,2390.5,,
264864.551127469,3843899.9303619,693.404027297234,L1_3,2390.5,,
264864.551127469,3843899.9303619,693.404027297234,L1_3,2390.5,,
264864.551127469,3843899.9303619,693.404027297234,L1_3,2390.5,,
264864.551127469,3843899.9303619,693.404027297234,L1_3,2390.5,,
264864.551127469,3843899.9303619,693.404027297234,L1_3,2390.5,,
264864.551127469,3843899.9303619,693.404027297234,L1_3,2390.5,,
264864.551127469,3843899.9303619,693.404027297234,L1_3,2390.5,,
264864.551127469,3843899.9303619,693.404027297234,L1_3,2390.5,,
264864.551127469,3843899.9303619,693.404027297234,L1_3,2390.5,,
264864.551127469,3843899.9303619,693.404027297234,L1_3,2390.5,,
264864.551127469,3843899.9303619,693.404027297234,L1_3,2390.5,,
264864.551127469,3843899.9303619,693.404027297234,L1_3,2390.5,,
264869.919209545,3843903.60618654,694.410842896708,L1_3,2397.0,694.410842896708,18.2573620528341
264869.919209545,3843903.60618654,694.410842896708,L1_3,2397.0,689.158390800311,18.1614847682526
264869.919209545,3843903.60618654,694.410842896708,L1_3,2397.0,683.643316099095,15.8321105199403
264869.919209545,3843903.60618654,694.410842896708,L1_3,2397.0,677.852487662817,11.5213953560594
264869.919209545,3843903.60618654,694.410842896708,L1_3,2397.0,671.772117804726,8.55839707683791
264869.919209545,3843903.60618654,694.410842896708,L1_3,2397.0,665.387729453731,8.15683626231878
264869.919209545,3843903.60618654,694.410842896708,L1_3,2397.0,658.684121685185,10.5877562281629
264869.919209545,3843903.60618654,694.410842896708,L1_3,2397.0,651.645333528213,15.9856796237679
264869.919209545,3843903.60618654,694.410842896708,L1_3,2397.0,644.254605963391,23.0757591983983
264869.919209545,3843903.60618654,694.410842896708,L1_3,2397.0,636.494342020329,28.7835118773496
264869.919209545,3843903.60618654,694.410842896708,L1_3,2397.0,628.346064880113,30.6406395151331
264869.919209545,3843903.60618654,694.410842896708,L1_3,2397.0,619.790373882887,28.5618503591058
264869.919209545,3843903.60618654,694.410842896708,L1_3,2397.0,610.806898335799,23.9868462149195
264869.919209545,3843903.60618654,694.410842896708,L1_3,2397.0,601.374249011357,18.5490574141561
264869.919209545,3843903.60618654,694.410842896708,L1_3,2397.0,591.469967220693,13.4782483161891
264869.919209545,3843903.60618654,694.410842896708,L1_3,2397.0,581.070471340496,9.45210312415
264869.919209545,3843903.60618654,694.410842896708,L1_3,2397.0,570.151000666289,6.64035928744112
264869.919209545,3843903.60618654,694.410842896708,L1_3,2397.0,558.685556458371,4.88134490201894
264869.919209545,3843903.60618654,694.410842896708,L1_3,2397.0,546.646840040058,3.89803955316435
264869.919209545,3843903.60618654,694.410842896708,L1_3,2397.0,534.006187800829,3.4429600001763
264869.919209545,3843903.60618654,694.410842896708,L1_3,2397.0,520.733502949638,3.34359758041959
264869.919209545,3843903.60618654,694.410842896708,L1_3,2397.0,506.797183855888,3.49000763165895
264869.919209545,3843903.60618654,694.410842896708,L1_3,2397.0,492.164048807451,3.80957326004422
264869.919209545,3843903.60618654,694.410842896708,L1_3,2397.0,476.799257006591,4.24975087686823
264869.919209545,3843903.60618654,694.410842896708,L1_3,2397.0,460.666225615689,4.77118186378409
264869.919209545,3843903.60618654,694.410842896708,L1_3,2397.0,443.726542655241,5.34617415220894
264869.919209545,3843903.60618654,694.410842896708,L1_3,2397.0,425.939875546771,5.95760511106491
264869.919209545,3843903.60618654,694.410842896708,L1_3,2397.0,407.263875082878,6.59625097644311
264869.919209545,3843903.60618654,694.410842896708,L1_3,2397.0,387.65407459579,7.25689269138624
264869.919209545,3843903.60618654,694.410842896708,L1_3,2397.0,367.063784084348,7.93419305710947
264869.919209545,3843903.60618654,694.410842896708,L1_3,2397.0,345.443979047333,8.61915446891249
264869.919209545,3843903.60618654,694.410842896708,L1_3,2397.0,322.754303339663,9.29766724875264
264869.919209545,3843903.60618654,694.410842896708,L1_3,2397.0,300.064105870122,9.95138835066553
264869.919209545,3843903.60618654,694.410842896708,L1_3,2397.0,276.239398527104,10.5612004246062
264869.919209545,3843903.60618654,694.410842896708,L1_3,2397.0,251.223455816935,11.1089681790314
264869.919209545,3843903.60618654,694.410842896708,L1_3,2397.0,224.956715971258,11.5775126087255
264869.919209545,3843903.60618654,694.410842896708,L1_3,2397.0,197.376639133297,11.9521936918804
264869.919209545,3843903.60618654,694.410842896708,L1_3,2397.0,168.417558453437,12.2221272637982
264869.919209545,3843903.60618654,694.410842896708,L1_3,2397.0,138.010523739585,12.3819995770873
264869.919209545,3843903.60618654,694.410842896708,L1_3,2397.0,106.08313729004,12.4334660301931
264869.919209545,3843903.60618654,694.410842896708,L1_3,2397.0,,
264869.919209545,3843903.60618654,694.410842896708,L1_3,2397.0,,
264869.919209545,3843903.60618654,694.410842896708,L1_3,2397.0,,
264869.919209545,3843903.60618654,694.410842896708,L1_3,2397.0,,
264869.919209545,3843903.60618654,694.410842896708,L1_3,2397.0,,
264869.919209545,3843903.60618654,694.410842896708,L1_3,2397.0,,
264869.919209545,3843903.60618654,694.410842896708,L1_3,2397.0,,
264869.919209545,3843903.60618654,694.410842896708,L1_3,2397.0,,
264869.919209545,3843903.60618654,694.410842896708,L1_3,2397.0,,
264869.919209545,3843903.60618654,694.410842896708,L1_3,2397.0,,
264869.919209545,3843903.60618654,694.410842896708,L1_3,2397.0,,
264869.919209545,3843903.60618654,694.410842896708,L1_3,2397.0,,
264869.919209545,3843903.60618654,694.410842896708,L1_3,2397.0,,
264869.919209545,3843903.60618654,694.410842896708,L1_3,2397.0,,
264869.919209545,3843903.60618654,694.410842896708,L1_3,2397.0,,
264869.919209545,3843903.60618654,694.410842896708,L1_3,2397.0,,
264869.919209545,3843903.60618654,694.410842896708,L1_3,2397.0,,
264869.919209545,3843903.60618654,694.410842896708,L1_3,2397.0,,
264869.919209545,3843903.60618654,694.410842896708,L1_3,2397.0,,
264869.919209545,3843903.60618654,694.410842896708,L1_3,2397.0,,
264869.919209545,3843903.60618654,694.410842896708,L1_3,2397.0,,
264874.874362109,3843906.9992551,695.417658496181,L1_3,2403.0,695.417658496181,19.7300684895325
264874.874362109,3843906.9992551,695.417658496181,L1_3,2403.0,690.150969098284,19.1095445571158
264874.874362109,3843906.9992551,695.417658496181,L1_3,2403.0,684.620945230491,15.8748377431993
264874.874362109,3843906.9992551,695.417658496181,L1_3,2403.0,678.814420169309,11.1949904176216
264874.874362109,3843906.9992551,695.417658496181,L1_3,2403.0,672.717568855068,8.20523529642948
264874.874362109,3843906.9992551,695.417658496181,L1_3,2403.0,666.315874975114,7.84133581284961
264874.874362109,3843906.9992551,695.417658496181,L1_3,2403.0,659.594096401163,10.4403421686276
264874.874362109,3843906.9992551,695.417658496181,L1_3,2403.0,652.536228898515,16.4676169552957
264874.874362109,3843906.9992551,695.417658496181,L1_3,2403.0,645.125468020734,24.8277480335864
264874.874362109,3843906.9992551,695.417658496181,L1_3,2403.0,637.344169099064,31.8671971399893
264874.874362109,3843906.9992551,695.417658496181,L1_3,2403.0,629.17380523131,34.3178398296694
264874.874362109,3843906.9992551,695.417658496181,L1_3,2403.0,620.594923170169,31.9881969033338
264874.874362109,3843906.9992551,695.417658496181,L1_3,2403.0,611.587097005971,26.7175789264774
264874.874362109,3843906.9992551,695.417658496181,L1_3,2403.0,602.128879533562,20.5119125265552
264874.874362109,3843906.9992551,695.417658496181,L1_3,2403.0,592.197751187534,14.7867966865583
264874.874362109,3843906.9992551,695.417658496181,L1_3,2403.0,581.770066424204,10.2749525151078
264874.874362109,3843906.9992551,695.417658496181,L1_3,2403.0,570.820997422707,7.13676215102259
264874.874362109,3843906.9992551,695.417658496181,L1_3,2403.0,559.324474971136,5.174483187924
264874.874362109,3843906.9992551,695.417658496181,L1_3,2403.0,547.253126396986,4.07042931785746
264874.874362109,3843906.9992551,695.417658496181,L1_3,2403.0,534.578210394128,3.54447516620041
264874.874362109,3843906.9992551,695.417658496181,L1_3,2403.0,521.269548591128,3.40320379286413
264874.874362109,3843906.9992551,695.417658496181,L1_3,2403.0,507.295453697978,3.52554300734336
264874.874362109,3843906.9992551,695.417658496181,L1_3,2403.0,492.62265406017,3.83385167767818
264874.874362109,3843906.9992551,695.417658496181,L1_3,2403.0,477.216214440472,4.27337053025474
264874.874362109,3843906.9992551,695.417658496181,L1_3,2403.0,461.039452839788,4.80318443927299
264874.874362109,3843906.9992551,695.417658496181,L1_3,2403.0,444.053853159071,5.39378599126537
264874.874362109,3843906.9992551,695.417658496181,L1_3,2403.0,426.218973494318,6.02589475553292
264874.874362109,3843906.9992551,695.417658496181,L1_3,2403.0,407.492349846327,6.68800127265483
264874.874362109,3843906.9992551,695.417658496181,L1_3,2403.0,387.829395015937,7.37265548451966
264874.874362109,3843906.9992551,695.417658496181,L1_3,2403.0,367.183292444027,8.07242279297547
264874.874362109,3843906.9992551,695.417658496181,L1_3,2403.0,345.504884743521,8.77639526287606
264874.874362109,3843906.9992551,695.417658496181,L1_3,2403.0,322.754303339663,9.46889989496164
264874.874362109,3843906.9992551,695.417658496181,L1_3,2403.0,300.064105870122,10.131073654933
264874.874362109,3843906.9992551,695.417658496181,L1_3,2403.0,276.239398527104,10.7440168798714
264874.874362109,3843906.9992551,695.417658496181,L1_3,2403.0,251.223455816935,11.2897916762856
264874.874362109,3843906.9992551,695.417658496181,L1_3,2403.0,224.956715971258,11.7516553644685
264874.874362109,3843906.9992551,695.417658496181,L1_3,2403.0,197.376639133297,12.1156304951382
264874.874362109,3843906.9992551,695.417658496181,L1_3,2403.0,168.417558453437,12.371663548531
264874.874362109,3843906.9992551,695.417658496181,L1_3,2403.0,138.010523739585,12.5153789873464
264874.874362109,3843906.9992551,695.417658496181,L1_3,2403.0,106.08313729004,12.5494146120242
264874.874362109,3843906.9992551,695.417658496181,L1_3,2403.0,,
264874.874362109,3843906.9992551,695.417658496181,L1_3,2403.0,,
264874.874362109,3843906.9992551,695.417658496181,L1_3,2403.0,,
264874.874362109,3843906.9992551,695.417658496181,L1_3,2403.0,,
264874.874362109,3843906.9992551,695.417658496181,L1_3,2403.0,,
264874.874362109,3843906.9992551,695.417658496181,L1_3,2403.0,,
264874.874362109,3843906.9992551,695.417658496181,L1_3,2403.0,,
264874.874362109,3843906.9992551,695.417658496181,L1_3,2403.0,,
264874.874362109,3843906.9992551,695.417658496181,L1_3,2403.0,,
264874.874362109,3843906.9992551,695.417658496181,L1_3,2403.0,,
264874.874362109,3843906.9992551,695.417658496181,L1_3,2403.0,,
264874.874362109,3843906.9992551,695.417658496181,L1_3,2403.0,,
264874.874362109,3843906.9992551,695.417658496181,L1_3,2403.0,,
264874.874362109,3843906.9992551,695.417658496181,L1_3,2403.0,,
264874.874362109,3843906.9992551,695.417658496181,L1_3,2403.0,,
264874.874362109,3843906.9992551,695.417658496181,L1_3,2403.0,,
264874.874362109,3843906.9992551,695.417658496181,L1_3,2403.0,,
264874.874362109,3843906.9992551,695.417658496181,L1_3,2403.0,,
264874.874362109,3843906.9992551,695.417658496181,L1_3,2403.0,,
264874.874362109,3843906.9992551,695.417658496181,L1_3,2403.0,,
264874.874362109,3843906.9992551,695.417658496181,L1_3,2403.0,,
264880.242443923,3843910.67507899,696.424474095655,L1_3,2409.5,696.424474095655,26.241549963686
264880.242443923,3843910.67507899,696.424474095655,L1_3,2409.5,691.143547396256,23.0700070426069
264880.242443923,3843910.67507899,696.424474095655,L1_3,2409.5,685.598574361887,16.4440281162646
264880.242443923,3843910.67507899,696.424474095655,L1_3,2409.5,679.7763526758,10.7006295068458
264880.242443923,3843910.67507899,696.424474095655,L1_3,2409.5,673.663019905409,7.52140311076974
264880.242443923,3843910.67507899,696.424474095655,L1_3,2409.5,667.244020496498,6.98815712594384
264880.242443923,3843910.67507899,696.424474095655,L1_3,2409.5,660.504071117141,9.28423332140347
264880.242443923,3843910.67507899,696.424474095655,L1_3,2409.5,653.427124268817,15.1263578302824
264880.242443923,3843910.67507899,696.424474095655,L1_3,2409.5,645.996330078076,24.0077712730692
264880.242443923,3843910.67507899,696.424474095655,L1_3,2409.5,638.193996177798,32.3418432819539
264880.242443923,3843910.67507899,696.424474095655,L1_3,2409.5,630.001545582507,36.0309784201361
264880.242443923,3843910.67507899,696.424474095655,L1_3,2409.5,621.399472457451,34.2387125049312
264880.242443923,3843910.67507899,696.424474095655,L1_3,2409.5,612.367295676142,28.8636363676831
264880.242443923,3843910.67507899,696.424474095655,L1_3,2409.5,602.883510055767,22.2402927951105
264880.242443923,3843910.67507899,696.424474095655,L1_3,2409.5,592.925535154374,16.036782041816
264880.242443923,3843910.67507899,696.424474095655,L1_3,2409.5,582.469661507911,11.1123241694328
264880.242443923,3843910.67507899,696.424474095655,L1_3,2409.5,571.490994179125,7.66926484269179
264880.242443923,3843910.67507899,696.424474095655,L1_3,2409.5,559.9633934839,5.5046710786766
264880.242443923,3843910.67507899,696.424474095655,L1_3,2409.5,547.859412753914,4.27535697501505
264880.242443923,3843910.67507899,696.424474095655,L1_3,2409.5,535.150232987428,3.674141273719
264880.242443923,3843910.67507899,696.424474095655,L1_3,2409.5,521.805594232618,3.48785874634697
264880.242443923,3843910.67507899,696.424474095655,L1_3,2409.5,507.793723540067,3.58399958103656
264880.242443923,3843910.67507899,696.424474095655,L1_3,2409.5,493.081259312889,3.87937654832872
264880.242443923,3843910.67507899,696.424474095655,L1_3,2409.5,477.633171874352,4.31668987977872
264880.242443923,3843910.67507899,696.424474095655,L1_3,2409.5,461.412680063888,4.85337318272342
264880.242443923,3843910.67507899,696.424474095655,L1_3,2409.5,444.381163662901,5.45813429852016
264880.242443923,3843910.67507899,696.424474095655,L1_3,2409.5,426.498071441864,6.10958770335026
264880.242443923,3843910.67507899,696.424474095655,L1_3,2409.5,407.720824609776,6.793957526938
264880.242443923,3843910.67507899,696.424474095655,L1_3,2409.5,388.004715436083,7.50153523228773
264880.242443923,3843910.67507899,696.424474095655,L1_3,2409.5,367.302800803706,8.2227225611727
264880.242443923,3843910.67507899,696.424474095655,L1_3,2409.5,345.56579043971,8.94462037921052
264880.242443923,3843910.67507899,696.424474095655,L1_3,2409.5,322.754303339663,9.64992624684552
264880.242443923,3843910.67507899,696.424474095655,L1_3,2409.5,300.064105870122,10.3193086812901
264880.242443923,3843910.67507899,696.424474095655,L1_3,2409.5,276.239398527104,10.9341785492539
264880.242443923,3843910.67507899,696.424474095655,L1_3,2409.5,251.223455816935,11.4768120622654
264880.242443923,3843910.67507899,696.424474095655,L1_3,2409.5,224.956715971258,11.930914480505
264880.242443923,3843910.67507899,696.424474095655,L1_3,2409.5,197.376639133297,12.2831839659787
264880.242443923,3843910.67507899,696.424474095655,L1_3,2409.5,168.417558453437,12.5244145974949
264880.242443923,3843910.67507899,696.424474095655,L1_3,2409.5,138.010523739585,12.6511847669839
264880.242443923,3843910.67507899,696.424474095655,L1_3,2409.5,106.08313729004,12.667125215144
264880.242443923,3843910.67507899,696.424474095655,L1_3,2409.5,,
264880.242443923,3843910.67507899,696.424474095655,L1_3,2409.5,,
264880.242443923,3843910.67507899,696.424474095655,L1_3,2409.5,,
264880.242443923,3843910.67507899,696.424474095655,L1_3,2409.5,,
264880.242443923,3843910.67507899,696.424474095655,L1_3,2409.5,,
264880.242443923,3843910.67507899,696.424474095655,L1_3,2409.5,,
264880.242443923,3843910.67507899,696.424474095655,L1_3,2409.5,,
264880.242443923,3843910.67507899,696.424474095655,L1_3,2409.5,,
264880.242443923,3843910.67507899,696.424474095655,L1_3,2409.5,,
264880.242443923,3843910.67507899,696.424474095655,L1_3,2409.5,,
264880.242443923,3843910.67507899,696.424474095655,L1_3,2409.5,,
264880.242443923,3843910.67507899,696.424474095655,L1_3,2409.5,,
264880.242443923,3843910.67507899,696.424474095655,L1_3,2409.5,,
264880.242443923,3843910.67507899,696.424474095655,L1_3,2409.5,,
264880.242443923,3843910.67507899,696.424474095655,L1_3,2409.5,,
264880.242443923,3843910.67507899,696.424474095655,L1_3,2409.5,,
264880.242443923,3843910.67507899,696.424474095655,L1_3,2409.5,,
264880.242443923,3843910.67507899,696.424474095655,L1_3,2409.5,,
264880.242443923,3843910.67507899,696.424474095655,L1_3,2409.5,,
264880.242443923,3843910.67507899,696.424474095655,L1_3,2409.5,,
264880.242443923,3843910.67507899,696.424474095655,L1_3,2409.5,,
264885.197596367,3843914.0681472,697.38724870357,L1_3,2415.5,697.38724870357,26.3665262800967
264885.197596367,3843914.0681472,697.38724870357,L1_3,2415.5,692.092707482925,23.101143998623
264885.197596367,3843914.0681472,697.38724870357,L1_3,2415.5,686.533439201247,16.3587329024597
264885.197596367,3843914.0681472,697.38724870357,L1_3,2415.5,680.696207505486,10.5159190391784
264885.197596367,3843914.0681472,697.38724870357,L1_3,2415.5,674.567114224936,7.13500469405567
264885.197596367,3843914.0681472,697.38724870357,L1_3,2415.5,668.131566280359,6.25437214094047
264885.197596367,3843914.0681472,697.38724870357,L1_3,2415.5,661.374240938553,7.95077400244927
264885.197596367,3843914.0681472,697.38724870357,L1_3,2415.5,654.279049329657,12.9714590397251
264885.197596367,3843914.0681472,697.38724870357,L1_3,2415.5,646.829098140316,21.4374201178956
264885.197596367,3843914.0681472,697.38724870357,L1_3,2415.5,639.006649391508,30.4777653618824
264885.197596367,3843914.0681472,697.38724870357,L1_3,2415.5,630.793078205259,35.6063893500963
264885.197596367,3843914.0681472,697.38724870357,L1_3,2415.5,622.168828459698,35.0110104123401
264885.197596367,3843914.0681472,697.38724870357,L1_3,2415.5,613.113366226859,30.1770706140423
264885.197596367,3843914.0681472,697.38724870357,L1_3,2415.5,603.605130882378,23.578334725708
264885.197596367,3843914.0681472,697.38724870357,L1_3,2415.5,593.621483770673,17.1438610302741
264885.197596367,3843914.0681472,697.38724870357,L1_3,2415.5,583.138654303383,11.9232067540422
264885.197596367,3843914.0681472,697.38724870357,L1_3,2415.5,572.131683362728,8.21946736522853
264885.197596367,3843914.0681472,697.38724870357,L1_3,2415.5,560.574363875041,5.86396553642887
264885.197596367,3843914.0681472,697.38724870357,L1_3,2415.5,548.439178412969,4.50925838978796
264885.197596367,3843914.0681472,697.38724870357,L1_3,2415.5,535.697233677793,3.83011505370619
264885.197596367,3843914.0681472,697.38724870357,L1_3,2415.5,522.318191705859,3.59640156582612
264885.197596367,3843914.0681472,697.38724870357,L1_3,2415.5,508.270197635328,3.66453790576084
264885.197596367,3843914.0681472,697.38724870357,L1_3,2415.5,493.51980386127,3.94552207274171
264885.197596367,3843914.0681472,697.38724870357,L1_3,2415.5,478.03189039851,4.37926536885803
264885.197596367,3843914.0681472,697.38724870357,L1_3,2415.5,461.769581262612,4.92146598420376
264885.197596367,3843914.0681472,697.38724870357,L1_3,2415.5,444.694156669918,5.53907296033408
264885.197596367,3843914.0681472,697.38724870357,L1_3,2415.5,426.76496084759,6.20864249290009
264885.197596367,3843914.0681472,697.38724870357,L1_3,2415.5,407.939305234146,6.9141463791282
264885.197596367,3843914.0681472,697.38724870357,L1_3,2415.5,388.172366840029,7.64358807090685
264885.197596367,3843914.0681472,697.38724870357,L1_3,2415.5,367.417081526207,8.38514236194036
264885.197596367,3843914.0681472,697.38724870357,L1_3,2415.5,345.624031946693,9.12384399353107
264885.197596367,3843914.0681472,697.38724870357,L1_3,2415.5,322.754303339663,9.84070650909451
264885.197596367,3843914.0681472,697.38724870357,L1_3,2415.5,300.064105870122,10.516000343664
264885.197596367,3843914.0681472,697.38724870357,L1_3,2415.5,276.239398527104,11.1315523078851
264885.197596367,3843914.0681472,697.38724870357,L1_3,2415.5,251.223455816935,11.669871342604
264885.197596367,3843914.0681472,697.38724870357,L1_3,2415.5,224.956715971258,12.1151208198316
264885.197596367,3843914.0681472,697.38724870357,L1_3,2415.5,197.376639133297,12.4546843018895
264885.197596367,3843914.0681472,697.38724870357,L1_3,2415.5,168.417558453437,12.6802172147333
264885.197596367,3843914.0681472,697.38724870357,L1_3,2415.5,138.010523739585,12.7892657322201
264885.197596367,3843914.0681472,697.38724870357,L1_3,2415.5,106.08313729004,12.7864623600468
264885.197596367,3843914.0681472,697.38724870357,L1_3,2415.5,,
264885.197596367,3843914.0681472,697.38724870357,L1_3,2415.5,,
264885.197596367,3843914.0681472,697.38724870357,L1_3,2415.5,,
264885.197596367,3843914.0681472,697.38724870357,L1_3,2415.5,,
264885.197596367,3843914.0681472,697.38724870357,L1_3,2415.5,,
264885.197596367,3843914.0681472,697.38724870357,L1_3,2415.5,,
264885.197596367,3843914.0681472,697.38724870357,L1_3,2415.5,,
264885.197596367,3843914.0681472,697.38724870357,L1_3,2415.5,,
264885.197596367,3843914.0681472,697.38724870357,L1_3,2415.5,,
264885.197596367,3843914.0681472,697.38724870357,L1_3,2415.5,,
264885.197596367,3843914.0681472,697.38724870357,L1_3,2415.5,,
264885.197596367,3843914.0681472,697.38724870357,L1_3,2415.5,,
264885.197596367,3843914.0681472,697.38724870357,L1_3,2415.5,,
264885.197596367,3843914.0681472,697.38724870357,L1_3,2415.5,,
264885.197596367,3843914.0681472,697.38724870357,L1_3,2415.5,,
264885.197596367,3843914.0681472,697.38724870357,L1_3,2415.5,,
264885.197596367,3843914.0681472,697.38724870357,L1_3,2415.5,,
264885.197596367,3843914.0681472,697.38724870357,L1_3,2415.5,,
264885.197596367,3843914.0681472,697.38724870357,L1_3,2415.5,,
264885.197596367,3843914.0681472,697.38724870357,L1_3,2415.5,,
264885.197596367,3843914.0681472,697.38724870357,L1_3,2415.5,,
264890.565678181,3843917.7439711,698.306035842289,L1_3,2422.0,698.306035842289,19.8272219646823
264890.565678181,3843917.7439711,698.306035842289,L1_3,2422.0,692.998502123796,19.2345150218949
264890.565678181,3843917.7439711,698.306035842289,L1_3,2422.0,687.425591719378,15.9940210659154
264890.565678181,3843917.7439711,698.306035842289,L1_3,2422.0,681.574035794739,11.0080393064649
264890.565678181,3843917.7439711,698.306035842289,L1_3,2422.0,675.429902073869,7.30711189176227
264890.565678181,3843917.7439711,698.306035842289,L1_3,2422.0,668.978561666954,5.89818059586447
264890.565678181,3843917.7439711,698.306035842289,L1_3,2422.0,662.204654239694,6.89089648501802
264890.565678181,3843917.7439711,698.306035842289,L1_3,2422.0,655.092051441072,10.8631368649925
264890.565678181,3843917.7439711,698.306035842289,L1_3,2422.0,647.623818502518,18.3165417055591
264890.565678181,3843917.7439711,698.306035842289,L1_3,2422.0,639.782173917036,27.3327065323317
264890.565678181,3843917.7439711,698.306035842289,L1_3,2422.0,631.54844710228,33.6269876364272
264890.565678181,3843917.7439711,698.306035842289,L1_3,2422.0,622.903033946786,34.4992117834666
264890.565678181,3843917.7439711,698.306035842289,L1_3,2422.0,613.825350133518,30.67326693257
264890.565678181,3843917.7439711,698.306035842289,L1_3,2422.0,604.293782129586,24.4938360278447
264890.565678181,3843917.7439711,698.306035842289,L1_3,2422.0,594.285635725458,18.0775979890838
264890.565678181,3843917.7439711,698.306035842289,L1_3,2422.0,583.777082001123,12.6890689990799
264890.565678181,3843917.7439711,698.306035842289,L1_3,2422.0,572.743100590572,8.77826697109622
264890.565678181,3843917.7439711,698.306035842289,L1_3,2422.0,561.157420109493,6.24842606946136
264890.565678181,3843917.7439711,698.306035842289,L1_3,2422.0,548.99245560436,4.77042942074221
264890.565678181,3843917.7439711,698.306035842289,L1_3,2422.0,536.21924287397,4.01148415258643
264890.565678181,3843917.7439711,698.306035842289,L1_3,2422.0,522.807369507061,3.72815227416421
264890.565678181,3843917.7439711,698.306035842289,L1_3,2422.0,508.724902471807,3.76655433736103
264890.565678181,3843917.7439711,698.306035842289,L1_3,2422.0,493.938312084789,4.03175271937311
264890.565678181,3843917.7439711,698.306035842289,L1_3,2422.0,478.412392178421,4.46065221306425
264890.565678181,3843917.7439711,698.306035842289,L1_3,2422.0,462.110176276735,5.00712246317838
264890.565678181,3843917.7439711,698.306035842289,L1_3,2422.0,444.992849579964,5.63636318713365
264890.565678181,3843917.7439711,698.306035842289,L1_3,2422.0,427.019656548355,6.32290604160133
264890.565678181,3843917.7439711,698.306035842289,L1_3,2422.0,408.147803865165,7.04847830060995
264890.565678181,3843917.7439711,698.306035842289,L1_3,2422.0,388.332358547815,7.79876388591416
264890.565678181,3843917.7439711,698.306035842289,L1_3,2422.0,367.526140964598,8.55964740666984
264890.565678181,3843917.7439711,698.306035842289,L1_3,2422.0,345.679612502221,9.31402511819857
264890.565678181,3843917.7439711,698.306035842289,L1_3,2422.0,322.754303339663,10.0411790153263
264890.565678181,3843917.7439711,698.306035842289,L1_3,2422.0,300.064105870122,10.7210639763909
264890.565678181,3843917.7439711,698.306035842289,L1_3,2422.0,276.239398527104,11.3360374580891
264890.565678181,3843917.7439711,698.306035842289,L1_3,2422.0,251.223455816935,11.8688605485767
264890.565678181,3843917.7439711,698.306035842289,L1_3,2422.0,224.956715971258,12.3041633878438
264890.565678181,3843917.7439711,698.306035842289,L1_3,2422.0,197.376639133297,12.6300227421904
264890.565678181,3843917.7439711,698.306035842289,L1_3,2422.0,168.417558453437,12.8389681605577
264890.565678181,3843917.7439711,698.306035842289,L1_3,2422.0,138.010523739585,12.9295267067604
264890.565678181,3843917.7439711,698.306035842289,L1_3,2422.0,106.08313729004,12.9073413584347
264890.565678181,3843917.7439711,698.306035842289,L1_3,2422.0,,
264890.565678181,3843917.7439711,698.306035842289,L1_3,2422.0,,
264890.565678181,3843917.7439711,698.306035842289,L1_3,2422.0,,
264890.565678181,3843917.7439711,698.306035842289,L1_3,2422.0,,
264890.565678181,3843917.7439711,698.306035842289,L1_3,2422.0,,
264890.565678181,3843917.7439711,698.306035842289,L1_3,2422.0,,
264890.565678181,3843917.7439711,698.306035842289,L1_3,2422.0,,
264890.565678181,3843917.7439711,698.306035842289,L1_3,2422.0,,
264890.565678181,3843917.7439711,698.306035842289,L1_3,2422.0,,
264890.565678181,3843917.7439711,698.306035842289,L1_3,2422.0,,
264890.565678181,3843917.7439711,698.306035842289,L1_3,2422.0,,
264890.565678181,3843917.7439711,698.306035842289,L1_3,2422.0,,
264890.565678181,3843917.7439711,698.306035842289,L1_3,2422.0,,
264890.565678181,3843917.7439711,698.306035842289,L1_3,2422.0,,
264890.565678181,3843917.7439711,698.306035842289,L1_3,2422.0,,
264890.565678181,3843917.7439711,698.306035842289,L1_3,2422.0,,
264890.565678181,3843917.7439711,698.306035842289,L1_3,2422.0,,
264890.565678181,3843917.7439711,698.306035842289,L1_3,2422.0,,
264890.565678181,3843917.7439711,698.306035842289,L1_3,2422.0,,
264890.565678181,3843917.7439711,698.306035842289,L1_3,2422.0,,
264890.565678181,3843917.7439711,698.306035842289,L1_3,2422.0,,
264895.520830473,3843921.13703888,699.224822981007,L1_3,2428.0,699.224822981007,20.0798847153942
264895.520830473,3843921.13703888,699.224822981007,L1_3,2428.0,693.904296764666,19.9635631442077
264895.520830473,3843921.13703888,699.224822981007,L1_3,2428.0,688.317744237508,17.5978157365115
264895.520830473,3843921.13703888,699.224822981007,L1_3,2428.0,682.451864083993,12.5796298165783
264895.520830473,3843921.13703888,699.224822981007,L1_3,2428.0,676.292689922801,8.09171752035397
264895.520830473,3843921.13703888,699.224822981007,L1_3,2428.0,669.82555705355,5.93195981735035
264895.520830473,3843921.13703888,699.224822981007,L1_3,2428.0,663.035067540836,6.21746725534538
264895.520830473,3843921.13703888,699.224822981007,L1_3,2428.0,655.905053552486,9.21255218687684
264895.520830473,3843921.13703888,699.224822981007,L1_3,2428.0,648.418538864719,15.503470846793
264895.520830473,3843921.13703888,699.224822981007,L1_3,2428.0,640.557698442564,23.9775564281324
264895.520830473,3843921.13703888,699.224822981007,L1_3,2428.0,632.303815999301,30.9327806182414
264895.520830473,3843921.13703888,699.224822981007,L1_3,2428.0,623.637239433875,33.1515035672014
264895.520830473,3843921.13703888,699.224822981007,L1_3,2428.0,614.537334040177,30.5203215680542
264895.520830473,3843921.13703888,699.224822981007,L1_3,2428.0,604.982433376795,25.0233776371113
264895.520830473,3843921.13703888,699.224822981007,L1_3,2428.0,594.949787680243,18.8316455826906
264895.520830473,3843921.13703888,699.224822981007,L1_3,2428.0,584.415509698864,13.3969707665524
264895.520830473,3843921.13703888,699.224822981007,L1_3,2428.0,573.354517818416,9.33611847788552
264895.520830473,3843921.13703888,699.224822981007,L1_3,2428.0,561.740476343945,6.65236443303083
264895.520830473,3843921.13703888,699.224822981007,L1_3,2428.0,549.545732795751,5.05550425433358
264895.520830473,3843921.13703888,699.224822981007,L1_3,2428.0,536.741252070148,4.21601005879654
264895.520830473,3843921.13703888,699.224822981007,L1_3,2428.0,523.296547308264,3.88140347680611
264895.520830473,3843921.13703888,699.224822981007,L1_3,2428.0,509.179607308286,3.88864569559096
264895.520830473,3843921.13703888,699.224822981007,L1_3,2428.0,494.356820308309,4.13690872814495
264895.520830473,3843921.13703888,699.224822981007,L1_3,2428.0,478.792893958333,4.55992350017019
264895.520830473,3843921.13703888,699.224822981007,L1_3,2428.0,462.450771290858,5.10963605456795
264895.520830473,3843921.13703888,699.224822981007,L1_3,2428.0,445.29154249001,5.74949078717845
264895.520830473,3843921.13703888,699.224822981007,L1_3,2428.0,427.274352249119,6.45201708301641
264895.520830473,3843921.13703888,699.224822981007,L1_3,2428.0,408.356302496184,7.1967016763393
264895.520830473,3843921.13703888,699.224822981007,L1_3,2428.0,388.492350255601,7.96687710487641
264895.520830473,3843921.13703888,699.224822981007,L1_3,2428.0,367.63520040299,8.74607849752893
264895.520830473,3843921.13703888,699.224822981007,L1_3,2428.0,345.735193057748,9.5150013256734
264895.520830473,3843921.13703888,699.224822981007,L1_3,2428.0,322.754303339663,10.2511640781916
264895.520830473,3843921.13703888,699.224822981007,L1_3,2428.0,300.064105870122,10.9343015941982
264895.520830473,3843921.13703888,699.224822981007,L1_3,2428.0,276.239398527104,11.5474227825449
264895.520830473,3843921.13703888,699.224822981007,L1_3,2428.0,251.223455816935,12.0735633365652
264895.520830473,3843921.13703888,699.224822981007,L1_3,2428.0,224.956715971258,12.4978285936725
264895.520830473,3843921.13703888,699.224822981007,L1_3,2428.0,197.376639133297,12.8089949987854
264895.520830473,3843921.13703888,699.224822981007,L1_3,2428.0,168.417558453437,13.0004776678895
264895.520830473,3843921.13703888,699.224822981007,L1_3,2428.0,138.010523739585,13.0717963597271
264895.520830473,3843921.13703888,699.224822981007,L1_3,2428.0,106.08313729004,13.0296124075418
264895.520830473,3843921.13703888,699.224822981007,L1_3,2428.0,,
264895.520830473,3843921.13703888,699.224822981007,L1_3,2428.0,,
264895.520830473,3843921.13703888,699.224822981007,L1_3,2428.0,,
264895.520830473,3843921.13703888,699.224822981007,L1_3,2428.0,,
264895.520830473,3843921.13703888,699.224822981007,L1_3,2428.0,,
264895.520830473,3843921.13703888,699.224822981007,L1_3,2428.0,,
264895.520830473,3843921.13703888,699.224822981007,L1_3,2428.0,,
264895.520830473,3843921.13703888,699.224822981007,L1_3,2428.0,,
264895.520830473,3843921.13703888,699.224822981007,L1_3,2428.0,,
264895.520830473,3843921.13703888,699.224822981007,L1_3,2428.0,,
264895.520830473,3843921.13703888,699.224822981007,L1_3,2428.0,,
264895.520830473,3843921.13703888,699.224822981007,L1_3,2428.0,,
264895.520830473,3843921.13703888,699.224822981007,L1_3,2428.0,,
264895.520830473,3843921.13703888,699.224822981007,L1_3,2428.0,,
264895.520830473,3843921.13703888,699.224822981007,L1_3,2428.0,,
264895.520830473,3843921.13703888,699.224822981007,L1_3,2428.0,,
264895.520830473,3843921.13703888,699.224822981007,L1_3,2428.0,,
264895.520830473,3843921.13703888,699.224822981007,L1_3,2428.0,,
264895.520830473,3843921.13703888,699.224822981007,L1_3,2428.0,,
264895.520830473,3843921.13703888,699.224822981007,L1_3,2428.0,,
264895.520830473,3843921.13703888,699.224822981007,L1_3,2428.0,,
264900.88891196,3843924.81286185,700.143610119726,L1_3,2434.5,700.143610119726,27.3160566414582
264900.88891196,3843924.81286185,700.143610119726,L1_3,2434.5,694.810091405537,26.0602464874994
264900.88891196,3843924.81286185,700.143610119726,L1_3,2434.5,689.209896755639,21.7545024776675
264900.88891196,3843924.81286185,700.143610119726,L1_3,2434.5,683.329692373246,15.1438652185894
264900.88891196,3843924.81286185,700.143610119726,L1_3,2434.5,677.155477771733,9.28195723509698
264900.88891196,3843924.81286185,700.143610119726,L1_3,2434.5,670.672552440145,6.2063534654963
264900.88891196,3843924.81286185,700.143610119726,L1_3,2434.5,663.865480841977,5.8391738783592
264900.88891196,3843924.81286185,700.143610119726,L1_3,2434.5,656.718055663901,8.04309564548031
264900.88891196,3843924.81286185,700.143610119726,L1_3,2434.5,649.213259226921,13.2953008522376
264900.88891196,3843924.81286185,700.143610119726,L1_3,2434.5,641.333222968092,21.0179423317492
264900.88891196,3843924.81286185,700.143610119726,L1_3,2434.5,633.059184896322,28.1867334907408
264900.88891196,3843924.81286185,700.143610119726,L1_3,2434.5,624.371444920963,31.443041259347
264900.88891196,3843924.81286185,700.143610119726,L1_3,2434.5,615.249317946836,29.9698695122719
264900.88891196,3843924.81286185,700.143610119726,L1_3,2434.5,605.671084624003,25.2716259972281
264900.88891196,3843924.81286185,700.143610119726,L1_3,2434.5,595.613939635028,19.4395598014556
264900.88891196,3843924.81286185,700.143610119726,L1_3,2434.5,585.053937396605,14.0534245390212
264900.88891196,3843924.81286185,700.143610119726,L1_3,2434.5,573.96593504626,9.89187937295727
264900.88891196,3843924.81286185,700.143610119726,L1_3,2434.5,562.323532578398,7.07354550657683
264900.88891196,3843924.81286185,700.143610119726,L1_3,2434.5,550.099009987143,5.36263160217955
264900.88891196,3843924.81286185,700.143610119726,L1_3,2434.5,537.263261266325,4.44225609414962
264900.88891196,3843924.81286185,700.143610119726,L1_3,2434.5,523.785725109466,4.0549654012786
264900.88891196,3843924.81286185,700.143610119726,L1_3,2434.5,509.634312144764,4.02977435936129
264900.88891196,3843924.81286185,700.143610119726,L1_3,2434.5,494.775328531828,4.2600797100143
264900.88891196,3843924.81286185,700.143610119726,L1_3,2434.5,479.173395738244,4.67629881078346
264900.88891196,3843924.81286185,700.143610119726,L1_3,2434.5,462.791366304981,5.22835745904997
264900.88891196,3843924.81286185,700.143610119726,L1_3,2434.5,445.590235400055,5.87793071423045
264900.88891196,3843924.81286185,700.143610119726,L1_3,2434.5,427.529047949883,6.59556178602383
264900.88891196,3843924.81286185,700.143610119726,L1_3,2434.5,408.564801127202,7.35849429181017
264900.88891196,3843924.81286185,700.143610119726,L1_3,2434.5,388.652341963387,8.14767430531412
264900.88891196,3843924.81286185,700.143610119726,L1_3,2434.5,367.744259841382,8.94422772695026
264900.88891196,3843924.81286185,700.143610119726,L1_3,2434.5,345.790773613276,9.72659032583869
264900.88891196,3843924.81286185,700.143610119726,L1_3,2434.5,322.754303339663,10.4704937791773
264900.88891196,3843924.81286185,700.143610119726,L1_3,2434.5,300.064105870122,11.1555548495956
264900.88891196,3843924.81286185,700.143610119726,L1_3,2434.5,276.239398527104,11.7655560349163
264900.88891196,3843924.81286185,700.143610119726,L1_3,2434.5,251.223455816935,12.2838330826503
264900.88891196,3843924.81286185,700.143610119726,L1_3,2434.5,224.956715971258,12.6959771559027
264900.88891196,3843924.81286185,700.143610119726,L1_3,2434.5,197.376639133297,12.9914712111673
264900.88891196,3843924.81286185,700.143610119726,L1_3,2434.5,168.417558453437,13.164626320616
264900.88891196,3843924.81286185,700.143610119726,L1_3,2434.5,138.010523739585,13.215967674156
264900.88891196,3843924.81286185,700.143610119726,L1_3,2434.5,106.08313729004,13.1531820266031
264900.88891196,3843924.81286185,700.143610119726,L1_3,2434.5,,
264900.88891196,3843924.81286185,700.143610119726,L1_3,2434.5,,
264900.88891196,3843924.81286185,700.143610119726,L1_3,2434.5,,
264900.88891196,3843924.81286185,700.143610119726,L1_3,2434.5,,
264900.88891196,3843924.81286185,700.143610119726,L1_3,2434.5,,
264900.88891196,3843924.81286185,700.143610119726,L1_3,2434.5,,
264900.88891196,3843924.81286185,700.143610119726,L1_3,2434.5,,
264900.88891196,3843924.81286185,700.143610119726,L1_3,2434.5,,
264900.88891196,3843924.81286185,700.143610119726,L1_3,2434.5,,
264900.88891196,3843924.81286185,700.143610119726,L1_3,2434.5,,
264900.88891196,3843924.81286185,700.143610119726,L1_3,2434.5,,
264900.88891196,3843924.81286185,700.143610119726,L1_3,2434.5,,
264900.88891196,3843924.81286185,700.143610119726,L1_3,2434.5,,
264900.88891196,3843924.81286185,700.143610119726,L1_3,2434.5,,
264900.88891196,3843924.81286185,700.143610119726,L1_3,2434.5,,
264900.88891196,3843924.81286185,700.143610119726,L1_3,2434.5,,
264900.88891196,3843924.81286185,700.143610119726,L1_3,2434.5,,
264900.88891196,3843924.81286185,700.143610119726,L1_3,2434.5,,
264900.88891196,3843924.81286185,700.143610119726,L1_3,2434.5,,
264900.88891196,3843924.81286185,700.143610119726,L1_3,2434.5,,
264900.88891196,3843924.81286185,700.143610119726,L1_3,2434.5,,
264905.844064102,3843928.2059292,700.843656894987,L1_3,2440.5,700.843656894987,29.8429385260668
264905.844064102,3843928.2059292,700.843656894987,L1_3,2440.5,695.500238873508,28.7045483531857
264905.844064102,3843928.2059292,700.843656894987,L1_3,2440.5,689.889649950954,24.3391957314406
264905.844064102,3843928.2059292,700.843656894987,L1_3,2440.5,683.998531582273,17.0783778809827
264905.844064102,3843928.2059292,700.843656894987,L1_3,2440.5,677.812857295158,10.3096876227998
264905.844064102,3843928.2059292,700.843656894987,L1_3,2440.5,671.317899293687,6.53378196543319
264905.844064102,3843928.2059292,700.843656894987,L1_3,2440.5,664.498193392143,5.67536993293516
264905.844064102,3843928.2059292,700.843656894987,L1_3,2440.5,657.337502195522,7.32178089453743
264905.844064102,3843928.2059292,700.843656894987,L1_3,2440.5,649.818776439069,11.7934728680335
264905.844064102,3843928.2059292,700.843656894987,L1_3,2440.5,641.924114394794,18.8024250579631
264905.844064102,3843928.2059292,700.843656894987,L1_3,2440.5,633.634719248304,25.8991804373525
264905.844064102,3843928.2059292,700.843656894987,L1_3,2440.5,624.930854344491,29.8316778609871
264905.844064102,3843928.2059292,700.843656894987,L1_3,2440.5,615.791796195487,29.3146673836693
264905.844064102,3843928.2059292,700.843656894987,L1_3,2440.5,606.195785139032,25.3825966780029
264905.844064102,3843928.2059292,700.843656894987,L1_3,2440.5,596.119973529755,19.9558544813248
264905.844064102,3843928.2059292,700.843656894987,L1_3,2440.5,585.540371340014,14.6717261986177
264905.844064102,3843928.2059292,700.843656894987,L1_3,2440.5,574.431789040786,10.4443554504863
264905.844064102,3843928.2059292,700.843656894987,L1_3,2440.5,562.767777626597,7.50754975496737
264905.844064102,3843928.2059292,700.843656894987,L1_3,2440.5,550.520565641698,5.68764734551509
264905.844064102,3843928.2059292,700.843656894987,L1_3,2440.5,537.660993057554,4.68688281541388
264905.844064102,3843928.2059292,700.843656894987,L1_3,2440.5,524.158441844203,4.24615625153999
264905.844064102,3843928.2059292,700.843656894987,L1_3,2440.5,509.980763070184,4.18771209618127
264905.844064102,3843928.2059292,700.843656894987,L1_3,2440.5,495.094200357465,4.39937864677425
264905.844064102,3843928.2059292,700.843656894987,L1_3,2440.5,479.463309509109,4.80818562293881
264905.844064102,3843928.2059292,700.843656894987,L1_3,2440.5,463.050874118336,5.36196748101107
264905.844064102,3843928.2059292,700.843656894987,L1_3,2440.5,445.817816958024,6.02061574895426
264905.844064102,3843928.2059292,700.843656894987,L1_3,2440.5,427.723106939696,6.75269446964399
264905.844064102,3843928.2059292,700.843656894987,L1_3,2440.5,408.723661420452,7.5331938086253
264905.844064102,3843928.2059292,700.843656894987,L1_3,2440.5,388.774243625246,8.34063278322362
264905.844064102,3843928.2059292,700.843656894987,L1_3,2440.5,367.82735494028,9.15366738622287
264905.844064102,3843928.2059292,700.843656894987,L1_3,2440.5,345.833121821065,9.94842296965415
264905.844064102,3843928.2059292,700.843656894987,L1_3,2440.5,322.754303339663,10.6988362188689
264905.844064102,3843928.2059292,700.843656894987,L1_3,2440.5,300.064105870122,11.3845182362691
264905.844064102,3843928.2059292,700.843656894987,L1_3,2440.5,276.239398527104,11.9901500659909
264905.844064102,3843928.2059292,700.843656894987,L1_3,2440.5,251.223455816935,12.4993983644777
264905.844064102,3843928.2059292,700.843656894987,L1_3,2440.5,224.956715971258,12.8983541676777
264905.844064102,3843928.2059292,700.843656894987,L1_3,2440.5,197.376639133297,13.1772152451695
264905.844064102,3843928.2059292,700.843656894987,L1_3,2440.5,168.417558453437,13.3312001231434
264905.844064102,3843928.2059292,700.843656894987,L1_3,2440.5,138.010523739585,13.3618508929289
264905.844064102,3843928.2059292,700.843656894987,L1_3,2440.5,106.08313729004,13.2778859593472
264905.844064102,3843928.2059292,700.843656894987,L1_3,2440.5,,
264905.844064102,3843928.2059292,700.843656894987,L1_3,2440.5,,
264905.844064102,3843928.2059292,700.843656894987,L1_3,2440.5,,
264905.844064102,3843928.2059292,700.843656894987,L1_3,2440.5,,
264905.844064102,3843928.2059292,700.843656894987,L1_3,2440.5,,
264905.844064102,3843928.2059292,700.843656894987,L1_3,2440.5,,
264905.844064102,3843928.2059292,700.843656894987,L1_3,2440.5,,
264905.844064102,3843928.2059292,700.843656894987,L1_3,2440.5,,
264905.844064102,3843928.2059292,700.843656894987,L1_3,2440.5,,
264905.844064102,3843928.2059292,700.843656894987,L1_3,2440.5,,
264905.844064102,3843928.2059292,700.843656894987,L1_3,2440.5,,
264905.844064102,3843928.2059292,700.843656894987,L1_3,2440.5,,
264905.844064102,3843928.2059292,700.843656894987,L1_3,2440.5,,
264905.844064102,3843928.2059292,700.843656894987,L1_3,2440.5,,
264905.844064102,3843928.2059292,700.843656894987,L1_3,2440.5,,
264905.844064102,3843928.2059292,700.843656894987,L1_3,2440.5,,
264905.844064102,3843928.2059292,700.843656894987,L1_3,2440.5,,
264905.844064102,3843928.2059292,700.843656894987,L1_3,2440.5,,
264905.844064102,3843928.2059292,700.843656894987,L1_3,2440.5,,
264905.844064102,3843928.2059292,700.843656894987,L1_3,2440.5,,
264905.844064102,3843928.2059292,700.843656894987,L1_3,2440.5,,
264911.212145589,3843931.88175216,701.325276737341,L1_3,2447.0,701.325276737341,25.0701095744373
264911.212145589,3843931.88175216,701.325276737341,L1_3,2447.0,695.975048166931,25.2024056865697
264911.212145589,3843931.88175216,701.325276737341,L1_3,2447.0,690.357308168,23.1273741733835
264911.212145589,3843931.88175216,701.325276737341,L1_3,2447.0,684.458681169123,17.1983923972432
264911.212145589,3843931.88175216,701.325276737341,L1_3,2447.0,678.265122820302,10.7033163613031
264911.212145589,3843931.88175216,701.325276737341,L1_3,2447.0,671.76188655404,6.73096036637472
264911.212145589,3843931.88175216,701.325276737341,L1_3,2447.0,664.933488474465,5.60492088856606
264911.212145589,3843931.88175216,701.325276737341,L1_3,2447.0,657.763670490911,6.89859043112442
264911.212145589,3843931.88175216,701.325276737341,L1_3,2447.0,650.235361608179,10.8321021525353
264911.212145589,3843931.88175216,701.325276737341,L1_3,2447.0,642.330637281311,17.2640901966719
264911.212145589,3843931.88175216,701.325276737341,L1_3,2447.0,634.030676738099,24.1715852403323
264911.212145589,3843931.88175216,701.325276737341,L1_3,2447.0,625.315718167727,28.5107504043479
264911.212145589,3843931.88175216,701.325276737341,L1_3,2447.0,616.165011668836,28.7299924505466
264911.212145589,3843931.88175216,701.325276737341,L1_3,2447.0,606.556769845,25.4672087326855
264911.212145589,3843931.88175216,701.325276737341,L1_3,2447.0,596.468115929973,20.4341059102543
264911.212145589,3843931.88175216,701.325276737341,L1_3,2447.0,585.875029319194,15.2709530875054
264911.212145589,3843931.88175216,701.325276737341,L1_3,2447.0,574.752288377877,10.9967890982263
264911.212145589,3843931.88175216,701.325276737341,L1_3,2447.0,563.073410389493,7.9521471131636
264911.212145589,3843931.88175216,701.325276737341,L1_3,2447.0,550.810588501691,6.02716908936856
264911.212145589,3843931.88175216,701.325276737341,L1_3,2447.0,537.934625519498,4.94667494651758
264911.212145589,3843931.88175216,701.325276737341,L1_3,2447.0,524.414864388196,4.45216178141159
264911.212145589,3843931.88175216,701.325276737341,L1_3,2447.0,510.219115200328,4.36001618330065
264911.212145589,3843931.88175216,701.325276737341,L1_3,2447.0,495.313578553068,4.55269447378169
264911.212145589,3843931.88175216,701.325276737341,L1_3,2447.0,479.662765073444,4.95379005386303
264911.212145589,3843931.88175216,701.325276737341,L1_3,2447.0,463.229410919839,5.50898016958773
264911.212145589,3843931.88175216,701.325276737341,L1_3,2447.0,445.974389058553,6.1763493323723
264911.212145589,3843931.88175216,701.325276737341,L1_3,2447.0,427.856616104204,6.92247745719032
264911.212145589,3843931.88175216,701.325276737341,L1_3,2447.0,408.832954502137,7.72008188271079
264911.212145589,3843931.88175216,701.325276737341,L1_3,2447.0,388.858109819966,8.54520834136465
264911.212145589,3843931.88175216,701.325276737341,L1_3,2447.0,367.884522903687,9.37398244591648
264911.212145589,3843931.88175216,701.325276737341,L1_3,2447.0,345.862256641594,10.1801742677471
264911.212145589,3843931.88175216,701.325276737341,L1_3,2447.0,322.754303339663,10.9359251011593
264911.212145589,3843931.88175216,701.325276737341,L1_3,2447.0,300.064105870122,11.6209639304425
264911.212145589,3843931.88175216,701.325276737341,L1_3,2447.0,276.239398527104,12.2210045390856
264911.212145589,3843931.88175216,701.325276737341,L1_3,2447.0,251.223455816935,12.7200791029142
264911.212145589,3843931.88175216,701.325276737341,L1_3,2447.0,224.956715971258,13.1047957893605
264911.212145589,3843931.88175216,701.325276737341,L1_3,2447.0,197.376639133297,13.3660780845188
264911.212145589,3843931.88175216,701.325276737341,L1_3,2447.0,168.417558453437,13.5000653393487
264911.212145589,3843931.88175216,701.325276737341,L1_3,2447.0,138.010523739585,13.5093285648279
264911.212145589,3843931.88175216,701.325276737341,L1_3,2447.0,106.08313729004,13.4036233792344
264911.212145589,3843931.88175216,701.325276737341,L1_3,2447.0,,
264911.212145589,3843931.88175216,701.325276737341,L1_3,2447.0,,
264911.212145589,3843931.88175216,701.325276737341,L1_3,2447.0,,
264911.212145589,3843931.88175216,701.325276737341,L1_3,2447.0,,
264911.212145589,3843931.88175216,701.325276737341,L1_3,2447.0,,
264911.212145589,3843931.88175216,701.325276737341,L1_3,2447.0,,
264911.212145589,3843931.88175216,701.325276737341,L1_3,2447.0,,
264911.212145589,3843931.88175216,701.325276737341,L1_3,2447.0,,
264911.212145589,3843931.88175216,701.325276737341,L1_3,2447.0,,
264911.212145589,3843931.88175216,701.325276737341,L1_3,2447.0,,
264911.212145589,3843931.88175216,701.325276737341,L1_3,2447.0,,
264911.212145589,3843931.88175216,701.325276737341,L1_3,2447.0,,
264911.212145589,3843931.88175216,701.325276737341,L1_3,2447.0,,
264911.212145589,3843931.88175216,701.325276737341,L1_3,2447.0,,
264911.212145589,3843931.88175216,701.325276737341,L1_3,2447.0,,
264911.212145589,3843931.88175216,701.325276737341,L1_3,2447.0,,
264911.212145589,3843931.88175216,701.325276737341,L1_3,2447.0,,
264911.212145589,3843931.88175216,701.325276737341,L1_3,2447.0,,
264911.212145589,3843931.88175216,701.325276737341,L1_3,2447.0,,
264911.212145589,3843931.88175216,701.325276737341,L1_3,2447.0,,
264911.212145589,3843931.88175216,701.325276737341,L1_3,2447.0,,
264916.16729764,3843935.27481925,701.806896579696,L1_3,2453.0,701.806896579696,25.6819197300841
264916.16729764,3843935.27481925,701.806896579696,L1_3,2453.0,696.449857460355,25.3206101296948
264916.16729764,3843935.27481925,701.806896579696,L1_3,2453.0,690.824966385047,22.7158839068376
264916.16729764,3843935.27481925,701.806896579696,L1_3,2453.0,684.918830755973,16.9879578290848
264916.16729764,3843935.27481925,701.806896579696,L1_3,2453.0,678.717388345446,10.7678292599823
264916.16729764,3843935.27481925,701.806896579696,L1_3,2453.0,672.205873814393,6.81983638254659
264916.16729764,3843935.27481925,701.806896579696,L1_3,2453.0,665.368783556786,5.58593050175195
264916.16729764,3843935.27481925,701.806896579696,L1_3,2453.0,658.1898387863,6.68698502619892
264916.16729764,3843935.27481925,701.806896579696,L1_3,2453.0,650.651946777289,10.2957784469301
264916.16729764,3843935.27481925,701.806896579696,L1_3,2453.0,642.737160167828,16.3376822022466
264916.16729764,3843935.27481925,701.806896579696,L1_3,2453.0,634.426634227894,23.065057774132
264916.16729764,3843935.27481925,701.806896579696,L1_3,2453.0,625.700581990963,27.6375826665593
264916.16729764,3843935.27481925,701.806896579696,L1_3,2453.0,616.538227142185,28.3791890756556
264916.16729764,3843935.27481925,701.806896579696,L1_3,2453.0,606.917754550968,25.6386607836752
264916.16729764,3843935.27481925,701.806896579696,L1_3,2453.0,596.816258330191,20.9323769965563
264916.16729764,3843935.27481925,701.806896579696,L1_3,2453.0,586.209687298375,15.8723401883298
264916.16729764,3843935.27481925,701.806896579696,L1_3,2453.0,575.072787714968,11.5522254747016
264916.16729764,3843935.27481925,701.806896579696,L1_3,2453.0,563.37904315239,8.40362042925925
264916.16729764,3843935.27481925,701.806896579696,L1_3,2453.0,551.100611361684,6.37588331091423
264916.16729764,3843935.27481925,701.806896579696,L1_3,2453.0,538.208257981443,5.21648914751981
264916.16729764,3843935.27481925,701.806896579696,L1_3,2453.0,524.671286932189,4.66842244712965
264916.16729764,3843935.27481925,701.806896579696,L1_3,2453.0,510.457467330473,4.54273323916634
264916.16729764,3843935.27481925,701.806896579696,L1_3,2453.0,495.53295674867,4.71664197564682
264916.16729764,3843935.27481925,701.806896579696,L1_3,2453.0,479.862220637778,5.11026693185958
264916.16729764,3843935.27481925,701.806896579696,L1_3,2453.0,463.407947721341,5.66706249998761
264916.16729764,3843935.27481925,701.806896579696,L1_3,2453.0,446.130961159083,6.34326677954685
264916.16729764,3843935.27481925,701.806896579696,L1_3,2453.0,427.990125268711,7.10345270384621
264916.16729764,3843935.27481925,701.806896579696,L1_3,2453.0,408.942247583821,7.91803276637544
264916.16729764,3843935.27481925,701.806896579696,L1_3,2453.0,388.941976014686,8.76053173198442
264916.16729764,3843935.27481925,701.806896579696,L1_3,2453.0,367.941690867095,9.60449198967585
264916.16729764,3843935.27481925,701.806896579696,L1_3,2453.0,345.891391462124,10.4212949962234
264916.16729764,3843935.27481925,701.806896579696,L1_3,2453.0,322.754303339663,11.1812996970293
264916.16729764,3843935.27481925,701.806896579696,L1_3,2453.0,300.064105870122,11.8644908221243
264916.16729764,3843935.27481925,701.806896579696,L1_3,2453.0,276.239398527104,12.4577615221566
264916.16729764,3843935.27481925,701.806896579696,L1_3,2453.0,251.223455816935,12.9455514771248
264916.16729764,3843935.27481925,701.806896579696,L1_3,2453.0,224.956715971258,13.3150081787747
264916.16729764,3843935.27481925,701.806896579696,L1_3,2453.0,197.376639133297,13.5577945708327
264916.16729764,3843935.27481925,701.806896579696,L1_3,2453.0,168.417558453437,13.6709854208285
264916.16729764,3843935.27481925,701.806896579696,L1_3,2453.0,138.010523739585,13.6581937827989
264916.16729764,3843935.27481925,701.806896579696,L1_3,2453.0,106.08313729004,13.5302180435519
264916.16729764,3843935.27481925,701.806896579696,L1_3,2453.0,,
264916.16729764,3843935.27481925,701.806896579696,L1_3,2453.0,,
264916.16729764,3843935.27481925,701.806896579696,L1_3,2453.0,,
264916.16729764,3843935.27481925,701.806896579696,L1_3,2453.0,,
264916.16729764,3843935.27481925,701.806896579696,L1_3,2453.0,,
264916.16729764,3843935.27481925,701.806896579696,L1_3,2453.0,,
264916.16729764,3843935.27481925,701.806896579696,L1_3,2453.0,,
264916.16729764,3843935.27481925,701.806896579696,L1_3,2453.0,,
264916.16729764,3843935.27481925,701.806896579696,L1_3,2453.0,,
264916.16729764,3843935.27481925,701.806896579696,L1_3,2453.0,,
264916.16729764,3843935.27481925,701.806896579696,L1_3,2453.0,,
264916.16729764,3843935.27481925,701.806896579696,L1_3,2453.0,,
264916.16729764,3843935.27481925,701.806896579696,L1_3,2453.0,,
264916.16729764,3843935.27481925,701.806896579696,L1_3,2453.0,,
264916.16729764,3843935.27481925,701.806896579696,L1_3,2453.0,,
264916.16729764,3843935.27481925,701.806896579696,L1_3,2453.0,,
264916.16729764,3843935.27481925,701.806896579696,L1_3,2453.0,,
264916.16729764,3843935.27481925,701.806896579696,L1_3,2453.0,,
264916.16729764,3843935.27481925,701.806896579696,L1_3,2453.0,,
264916.16729764,3843935.27481925,701.806896579696,L1_3,2453.0,,
264916.16729764,3843935.27481925,701.806896579696,L1_3,2453.0,,
264921.535378931,3843938.95064166,702.28851642205,L1_3,2459.5,702.28851642205,29.979612555733
264921.535378931,3843938.95064166,702.28851642205,L1_3,2459.5,696.924666753778,28.6699079273542
264921.535378931,3843938.95064166,702.28851642205,L1_3,2459.5,691.292624602093,24.328987921804
264921.535378931,3843938.95064166,702.28851642205,L1_3,2459.5,685.378980342823,17.5026837966478
264921.535378931,3843938.95064166,702.28851642205,L1_3,2459.5,679.16965387059,10.9114718919098
264921.535378931,3843938.95064166,702.28851642205,L1_3,2459.5,672.649861074745,6.87170185606108
264921.535378931,3843938.95064166,702.28851642205,L1_3,2459.5,665.804078639108,5.57225756941364
264921.535378931,3843938.95064166,702.28851642205,L1_3,2459.5,658.616007081689,6.57144698119168
264921.535378931,3843938.95064166,702.28851642205,L1_3,2459.5,651.068531946399,9.9997816249784
264921.535378931,3843938.95064166,702.28851642205,L1_3,2459.5,643.143683054345,15.8107484529318
264921.535378931,3843938.95064166,702.28851642205,L1_3,2459.5,634.822591717688,22.4243917830061
264921.535378931,3843938.95064166,702.28851642205,L1_3,2459.5,626.085445814198,27.154929937637
264921.535378931,3843938.95064166,702.28851642205,L1_3,2459.5,616.911442615534,28.2714733790667
264921.535378931,3843938.95064166,702.28851642205,L1_3,2459.5,607.278739256936,25.9239081061898
264921.535378931,3843938.95064166,702.28851642205,L1_3,2459.5,597.164400730409,21.4690640323773
264921.535378931,3843938.95064166,702.28851642205,L1_3,2459.5,586.544345277555,16.4815070441304
264921.535378931,3843938.95064166,702.28851642205,L1_3,2459.5,575.393287052059,12.1082145919166
264921.535378931,3843938.95064166,702.28851642205,L1_3,2459.5,563.684675915287,8.85641320025106
264921.535378931,3843938.95064166,702.28851642205,L1_3,2459.5,551.390634221677,6.72786430222562
264921.535378931,3843938.95064166,702.28851642205,L1_3,2459.5,538.481890443387,5.49100842808842
264921.535378931,3843938.95064166,702.28851642205,L1_3,2459.5,524.927709476182,4.89039411281411
264921.535378931,3843938.95064166,702.28851642205,L1_3,2459.5,510.695819460617,4.73202129433129
264921.535378931,3843938.95064166,702.28851642205,L1_3,2459.5,495.752334944273,4.88799613036496
264921.535378931,3843938.95064166,702.28851642205,L1_3,2459.5,480.061676202113,5.27495136984539
264921.535378931,3843938.95064166,702.28851642205,L1_3,2459.5,463.586484522844,5.83406493471457
264921.535378931,3843938.95064166,702.28851642205,L1_3,2459.5,446.287533259612,6.5196804761849
264921.535378931,3843938.95064166,702.28851642205,L1_3,2459.5,428.123634433218,7.29432624955089
264921.535378931,3843938.95064166,702.28851642205,L1_3,2459.5,409.051540665505,8.126070603817
264921.535378931,3843938.95064166,702.28851642205,L1_3,2459.5,389.025842209406,8.98587202181121
264921.535378931,3843938.95064166,702.28851642205,L1_3,2459.5,367.998858830502,9.84464525423851
264921.535378931,3843938.95064166,702.28851642205,L1_3,2459.5,345.920526282653,10.6713609099342
264921.535378931,3843938.95064166,702.28851642205,L1_3,2459.5,322.754303339663,11.4346221427757
264921.535378931,3843938.95064166,702.28851642205,L1_3,2459.5,300.064105870122,12.1148205674142
264921.535378931,3843938.95064166,702.28851642205,L1_3,2459.5,276.239398527104,12.7001843060945
264921.535378931,3843938.95064166,702.28851642205,L1_3,2459.5,251.223455816935,13.1756089997411
264921.535378931,3843938.95064166,702.28851642205,L1_3,2459.5,224.956715971258,13.5288078328182
264921.535378931,3843938.95064166,702.28851642205,L1_3,2459.5,197.376639133297,13.7522010312671
264921.535378931,3843938.95064166,702.28851642205,L1_3,2459.5,168.417558453437,13.8438154445522
264921.535378931,3843938.95064166,702.28851642205,L1_3,2459.5,138.010523739585,13.8083198389008
264921.535378931,3843938.95064166,702.28851642205,L1_3,2459.5,106.08313729004,13.6575619520639
264921.535378931,3843938.95064166,702.28851642205,L1_3,2459.5,,
264921.535378931,3843938.95064166,702.28851642205,L1_3,2459.5,,
264921.535378931,3843938.95064166,702.28851642205,L1_3,2459.5,,
264921.535378931,3843938.95064166,702.28851642205,L1_3,2459.5,,
264921.535378931,3843938.95064166,702.28851642205,L1_3,2459.5,,
264921.535378931,3843938.95064166,702.28851642205,L1_3,2459.5,,
264921.535378931,3843938.95064166,702.28851642205,L1_3,2459.5,,
264921.535378931,3843938.95064166,702.28851642205,L1_3,2459.5,,
264921.535378931,3843938.95064166,702.28851642205,L1_3,2459.5,,
264921.535378931,3843938.95064166,702.28851642205,L1_3,2459.5,,
264921.535378931,3843938.95064166,702.28851642205,L1_3,2459.5,,
264921.535378931,3843938.95064166,702.28851642205,L1_3,2459.5,,
264921.535378931,3843938.95064166,702.28851642205,L1_3,2459.5,,
264921.535378931,3843938.95064166,702.28851642205,L1_3,2459.5,,
264921.535378931,3843938.95064166,702.28851642205,L1_3,2459.5,,
264921.535378931,3843938.95064166,702.28851642205,L1_3,2459.5,,
264921.535378931,3843938.95064166,702.28851642205,L1_3,2459.5,,
264921.535378931,3843938.95064166,702.28851642205,L1_3,2459.5,,
264921.535378931,3843938.95064166,702.28851642205,L1_3,2459.5,,
264921.535378931,3843938.95064166,702.28851642205,L1_3,2459.5,,
264921.535378931,3843938.95064166,702.28851642205,L1_3,2459.5,,
264926.490530892,3843942.34370849,702.770136264404,L1_3,2465.5,702.770136264404,34.3675482336444
264926.490530892,3843942.34370849,702.770136264404,L1_3,2465.5,697.399476047201,33.399251227959
264926.490530892,3843942.34370849,702.770136264404,L1_3,2465.5,691.760282819139,27.9790038890172
264926.490530892,3843942.34370849,702.770136264404,L1_3,2465.5,685.839129929673,19.0036903894753
264926.490530892,3843942.34370849,702.770136264404,L1_3,2465.5,679.621919395734,11.3312251544927
264926.490530892,3843942.34370849,702.770136264404,L1_3,2465.5,673.093848335098,6.96285218031303
264926.490530892,3843942.34370849,702.770136264404,L1_3,2465.5,666.23937372143,5.56701713884951
264926.490530892,3843942.34370849,702.770136264404,L1_3,2465.5,659.042175377078,6.50598370560457
264926.490530892,3843942.34370849,702.770136264404,L1_3,2465.5,651.48511711551,9.85037830138813
264926.490530892,3843942.34370849,702.770136264404,L1_3,2465.5,643.550205940862,15.5626013525438
264926.490530892,3843942.34370849,702.770136264404,L1_3,2465.5,635.218549207483,22.1533646841422
264926.490530892,3843942.34370849,702.770136264404,L1_3,2465.5,626.470309637434,27.0238457030764
264926.490530892,3843942.34370849,702.770136264404,L1_3,2465.5,617.284658088883,28.4105711345829
264926.490530892,3843942.34370849,702.770136264404,L1_3,2465.5,607.639723962904,26.3371765429502
264926.490530892,3843942.34370849,702.770136264404,L1_3,2465.5,597.512543130627,22.0501255415802
264926.490530892,3843942.34370849,702.770136264404,L1_3,2465.5,586.879003256735,17.0940564477788
264926.490530892,3843942.34370849,702.770136264404,L1_3,2465.5,575.713786389149,12.6549356790472
264926.490530892,3843942.34370849,702.770136264404,L1_3,2465.5,563.990308678184,9.29985461742026
264926.490530892,3843942.34370849,702.770136264404,L1_3,2465.5,551.68065708167,7.07375547741973
264926.490530892,3843942.34370849,702.770136264404,L1_3,2465.5,538.755522905331,5.76262919236907
264926.490530892,3843942.34370849,702.770136264404,L1_3,2465.5,525.184132020175,5.1119778593128
264926.490530892,3843942.34370849,702.770136264404,L1_3,2465.5,510.934171590761,4.92293619123677
264926.490530892,3843942.34370849,702.770136264404,L1_3,2465.5,495.971713139876,5.06270772394732
264926.490530892,3843942.34370849,702.770136264404,L1_3,2465.5,480.261131766447,5.44452813155031
264926.490530892,3843942.34370849,702.770136264404,L1_3,2465.5,463.765021324347,6.00730205712445
264926.490530892,3843942.34370849,702.770136264404,L1_3,2465.5,446.444105360141,6.70344872707415
264926.490530892,3843942.34370849,702.770136264404,L1_3,2465.5,428.257143597726,7.49341439347377
264926.490530892,3843942.34370849,702.770136264404,L1_3,2465.5,409.160833747189,8.3428836913119
264926.490530892,3843942.34370849,702.770136264404,L1_3,2465.5,389.109708404126,9.22020714747005
264926.490530892,3843942.34370849,702.770136264404,L1_3,2465.5,368.05602679391,10.0936370831537
264926.490530892,3843942.34370849,702.770136264404,L1_3,2465.5,345.949661103182,10.9297235711278
264926.490530892,3843942.34370849,702.770136264404,L1_3,2465.5,322.754303339663,11.6953533507224
264926.490530892,3843942.34370849,702.770136264404,L1_3,2465.5,300.064105870122,12.371490866227
264926.490530892,3843942.34370849,702.770136264404,L1_3,2465.5,276.239398527104,12.9478674588209
264926.490530892,3843942.34370849,702.770136264404,L1_3,2465.5,251.223455816935,13.4098901855798
264926.490530892,3843942.34370849,702.770136264404,L1_3,2465.5,224.956715971258,13.7458695953176
264926.490530892,3843942.34370849,702.770136264404,L1_3,2465.5,197.376639133297,13.949005640453
264926.490530892,3843942.34370849,702.770136264404,L1_3,2465.5,168.417558453437,14.0182974370416
264926.490530892,3843942.34370849,702.770136264404,L1_3,2465.5,138.010523739585,13.9594837816623
264926.490530892,3843942.34370849,702.770136264404,L1_3,2465.5,106.08313729004,13.7854664566184
264926.490530892,3843942.34370849,702.770136264404,L1_3,2465.5,,
264926.490530892,3843942.34370849,702.770136264404,L1_3,2465.5,,
264926.490530892,3843942.34370849,702.770136264404,L1_3,2465.5,,
264926.490530892,3843942.34370849,702.770136264404,L1_3,2465.5,,
264926.490530892,3843942.34370849,702.770136264404,L1_3,2465.5,,
264926.490530892,3843942.34370849,702.770136264404,L1_3,2465.5,,
264926.490530892,3843942.34370849,702.770136264404,L1_3,2465.5,,
264926.490530892,3843942.34370849,702.770136264404,L1_3,2465.5,,
264926.490530892,3843942.34370849,702.770136264404,L1_3,2465.5,,
264926.490530892,3843942.34370849,702.770136264404,L1_3,2465.5,,
264926.490530892,3843942.34370849,702.770136264404,L1_3,2465.5,,
264926.490530892,3843942.34370849,702.770136264404,L1_3,2465.5,,
264926.490530892,3843942.34370849,702.770136264404,L1_3,2465.5,,
264926.490530892,3843942.34370849,702.770136264404,L1_3,2465.5,,
264926.490530892,3843942.34370849,702.770136264404,L1_3,2465.5,,
264926.490530892,3843942.34370849,702.770136264404,L1_3,2465.5,,
264926.490530892,3843942.34370849,702.770136264404,L1_3,2465.5,,
264926.490530892,3843942.34370849,702.770136264404,L1_3,2465.5,,
264926.490530892,3843942.34370849,702.770136264404,L1_3,2465.5,,
264926.490530892,3843942.34370849,702.770136264404,L1_3,2465.5,,
264926.490530892,3843942.34370849,702.770136264404,L1_3,2465.5,,
264931.858612183,3843946.0195309,703.251756106758,L1_3,2472.0,703.251756106758,38.487646668214
264931.858612183,3843946.0195309,703.251756106758,L1_3,2472.0,697.874285340625,39.0297859186865
264931.858612183,3843946.0195309,703.251756106758,L1_3,2472.0,692.227941036185,33.0947293944596
264931.858612183,3843946.0195309,703.251756106758,L1_3,2472.0,686.299279516523,21.090723636065
264931.858612183,3843946.0195309,703.251756106758,L1_3,2472.0,680.074184920878,11.9208420122898
264931.858612183,3843946.0195309,703.251756106758,L1_3,2472.0,673.53783559545,7.0945183685117
264931.858612183,3843946.0195309,703.251756106758,L1_3,2472.0,666.674668803752,5.56929745498905
264931.858612183,3843946.0195309,703.251756106758,L1_3,2472.0,659.468343672468,6.4512361703112
264931.858612183,3843946.0195309,703.251756106758,L1_3,2472.0,651.90170228462,9.74610973648958
264931.858612183,3843946.0195309,703.251756106758,L1_3,2472.0,643.95672882738,15.4276205838165
264931.858612183,3843946.0195309,703.251756106758,L1_3,2472.0,635.614506697277,22.0637768488925
264931.858612183,3843946.0195309,703.251756106758,L1_3,2472.0,626.85517346067,27.087727919553
264931.858612183,3843946.0195309,703.251756106758,L1_3,2472.0,617.657873562232,28.6923297175438
264931.858612183,3843946.0195309,703.251756106758,L1_3,2472.0,608.000708668872,26.8154575524827
264931.858612183,3843946.0195309,703.251756106758,L1_3,2472.0,597.860685530845,22.6354999155334
264931.858612183,3843946.0195309,703.251756106758,L1_3,2472.0,587.213661235916,17.6815279801799
264931.858612183,3843946.0195309,703.251756106758,L1_3,2472.0,576.03428572624,13.170989553729
264931.858612183,3843946.0195309,703.251756106758,L1_3,2472.0,564.295941441081,9.71795575016482
264931.858612183,3843946.0195309,703.251756106758,L1_3,2472.0,551.970679941664,7.40185915105616
264931.858612183,3843946.0195309,703.251756106758,L1_3,2472.0,539.029155367276,6.0228390179937
264931.858612183,3843946.0195309,703.251756106758,L1_3,2472.0,525.440554564168,5.32688950478626
264931.858612183,3843946.0195309,703.251756106758,L1_3,2472.0,511.172523720905,5.11072897646224
264931.858612183,3843946.0195309,703.251756106758,L1_3,2472.0,496.191091335479,5.23711760837689
264931.858612183,3843946.0195309,703.251756106758,L1_3,2472.0,480.460587330782,5.61615351745362
264931.858612183,3843946.0195309,703.251756106758,L1_3,2472.0,463.94355812585,6.18456878387671
264931.858612183,3843946.0195309,703.251756106758,L1_3,2472.0,446.600677460671,6.89287788481357
264931.858612183,3843946.0195309,703.251756106758,L1_3,2472.0,428.390652762233,7.69943154644124
264931.858612183,3843946.0195309,703.251756106758,L1_3,2472.0,409.270126828874,8.56750425799635
264931.858612183,3843946.0195309,703.251756106758,L1_3,2472.0,389.193574598846,9.46280923476719
264931.858612183,3843946.0195309,703.251756106758,L1_3,2472.0,368.113194757317,10.3509140013371
264931.858612183,3843946.0195309,703.251756106758,L1_3,2472.0,345.978795923712,11.195952321939
264931.858612183,3843946.0195309,703.251756106758,L1_3,2472.0,322.754303339663,11.9631476982643
264931.858612183,3843946.0195309,703.251756106758,L1_3,2472.0,300.064105870122,12.634214340298
264931.858612183,3843946.0195309,703.251756106758,L1_3,2472.0,276.239398527104,13.2005634836694
264931.858612183,3843946.0195309,703.251756106758,L1_3,2472.0,251.223455816935,13.6481765942698
264931.858612183,3843946.0195309,703.251756106758,L1_3,2472.0,224.956715971258,13.9659977462466
264931.858612183,3843946.0195309,703.251756106758,L1_3,2472.0,197.376639133297,14.1480331536413
264931.858612183,3843946.0195309,703.251756106758,L1_3,2472.0,168.417558453437,14.1942765335428
264931.858612183,3843946.0195309,703.251756106758,L1_3,2472.0,138.010523739585,14.1115512761346
264931.858612183,3843946.0195309,703.251756106758,L1_3,2472.0,106.08313729004,13.9138177481358
264931.858612183,3843946.0195309,703.251756106758,L1_3,2472.0,,
264931.858612183,3843946.0195309,703.251756106758,L1_3,2472.0,,
264931.858612183,3843946.0195309,703.251756106758,L1_3,2472.0,,
264931.858612183,3843946.0195309,703.251756106758,L1_3,2472.0,,
264931.858612183,3843946.0195309,703.251756106758,L1_3,2472.0,,
264931.858612183,3843946.0195309,703.251756106758,L1_3,2472.0,,
264931.858612183,3843946.0195309,703.251756106758,L1_3,2472.0,,
264931.858612183,3843946.0195309,703.251756106758,L1_3,2472.0,,
264931.858612183,3843946.0195309,703.251756106758,L1_3,2472.0,,
264931.858612183,3843946.0195309,703.251756106758,L1_3,2472.0,,
264931.858612183,3843946.0195309,703.251756106758,L1_3,2472.0,,
264931.858612183,3843946.0195309,703.251756106758,L1_3,2472.0,,
264931.858612183,3843946.0195309,703.251756106758,L1_3,2472.0,,
264931.858612183,3843946.0195309,703.251756106758,L1_3,2472.0,,
264931.858612183,3843946.0195309,703.251756106758,L1_3,2472.0,,
264931.858612183,3843946.0195309,703.251756106758,L1_3,2472.0,,
264931.858612183,3843946.0195309,703.251756106758,L1_3,2472.0,,
264931.858612183,3843946.0195309,703.251756106758,L1_3,2472.0,,
264931.858612183,3843946.0195309,703.251756106758,L1_3,2472.0,,
264931.858612183,3843946.0195309,703.251756106758,L1_3,2472.0,,
264931.858612183,3843946.0195309,703.251756106758,L1_3,2472.0,,
264936.813764053,3843949.41259747,703.733375949112,L1_3,2478.0,703.733375949112,53.6369867203135
264936.813764053,3843949.41259747,703.733375949112,L1_3,2478.0,698.349094634048,51.1092657050137
264936.813764053,3843949.41259747,703.733375949112,L1_3,2478.0,692.695599253231,38.3562779343401
264936.813764053,3843949.41259747,703.733375949112,L1_3,2478.0,686.759429103373,22.478563061046
264936.813764053,3843949.41259747,703.733375949112,L1_3,2478.0,680.526450446022,12.3197183572079
264936.813764053,3843949.41259747,703.733375949112,L1_3,2478.0,673.981822855803,7.23418986328542
264936.813764053,3843949.41259747,703.733375949112,L1_3,2478.0,667.109963886073,5.59550600311859
264936.813764053,3843949.41259747,703.733375949112,L1_3,2478.0,659.894511967857,6.40011935036135
264936.813764053,3843949.41259747,703.733375949112,L1_3,2478.0,652.31828745373,9.62752733232943
264936.813764053,3843949.41259747,703.733375949112,L1_3,2478.0,644.363251713897,15.2850322843318
264936.813764053,3843949.41259747,703.733375949112,L1_3,2478.0,636.010464187072,22.0007883796749
264936.813764053,3843949.41259747,703.733375949112,L1_3,2478.0,627.240037283906,27.202416936651
264936.813764053,3843949.41259747,703.733375949112,L1_3,2478.0,618.031089035581,29.0075549244425
264936.813764053,3843949.41259747,703.733375949112,L1_3,2478.0,608.36169337484,27.2827833202
264936.813764053,3843949.41259747,703.733375949112,L1_3,2478.0,598.208827931063,23.1717368753135
264936.813764053,3843949.41259747,703.733375949112,L1_3,2478.0,587.548319215096,18.204886546059
264936.813764053,3843949.41259747,703.733375949112,L1_3,2478.0,576.354785063331,13.6276409669235
264936.813764053,3843949.41259747,703.733375949112,L1_3,2478.0,564.601574203978,10.089959750106
264936.813764053,3843949.41259747,703.733375949112,L1_3,2478.0,552.260702801657,7.69745190179793
264936.813764053,3843949.41259747,703.733375949112,L1_3,2478.0,539.30278782922,6.26119416185793
264936.813764053,3843949.41259747,703.733375949112,L1_3,2478.0,525.696977108161,5.52758357823789
264936.813764053,3843949.41259747,703.733375949112,L1_3,2478.0,511.410875851049,5.28979829291296
264936.813764053,3843949.41259747,703.733375949112,L1_3,2478.0,496.410469531082,5.40696154657213
264936.813764053,3843949.41259747,703.733375949112,L1_3,2478.0,480.660042895116,5.78652694704343
264936.813764053,3843949.41259747,703.733375949112,L1_3,2478.0,464.122094927352,6.36329123129507
264936.813764053,3843949.41259747,703.733375949112,L1_3,2478.0,446.7572495612,7.08595781552773
264936.813764053,3843949.41259747,703.733375949112,L1_3,2478.0,428.524161926741,7.91080753934681
264936.813764053,3843949.41259747,703.733375949112,L1_3,2478.0,409.379419910558,8.79870103339583
264936.813764053,3843949.41259747,703.733375949112,L1_3,2478.0,389.277440793566,9.71270133493562
264936.813764053,3843949.41259747,703.733375949112,L1_3,2478.0,368.170362720724,10.6156844786694
264936.813764053,3843949.41259747,703.733375949112,L1_3,2478.0,346.007930744241,11.4693889568065
264936.813764053,3843949.41259747,703.733375949112,L1_3,2478.0,322.754303339663,12.2374450621214
264936.813764053,3843949.41259747,703.733375949112,L1_3,2478.0,300.064105870122,12.9025051199477
264936.813764053,3843949.41259747,703.733375949112,L1_3,2478.0,276.239398527104,13.4578408304571
264936.813764053,3843949.41259747,703.733375949112,L1_3,2478.0,251.223455816935,13.8900789515022
264936.813764053,3843949.41259747,703.733375949112,L1_3,2478.0,224.956715971258,14.1888416287176
264936.813764053,3843949.41259747,703.733375949112,L1_3,2478.0,197.376639133297,14.3489711152159
264936.813764053,3843949.41259747,703.733375949112,L1_3,2478.0,168.417558453437,14.3714785199575
264936.813764053,3843949.41259747,703.733375949112,L1_3,2478.0,138.010523739585,14.2642863678601
264936.813764053,3843949.41259747,703.733375949112,L1_3,2478.0,106.08313729004,14.042418073049
264936.813764053,3843949.41259747,703.733375949112,L1_3,2478.0,,
264936.813764053,3843949.41259747,703.733375949112,L1_3,2478.0,,
264936.813764053,3843949.41259747,703.733375949112,L1_3,2478.0,,
264936.813764053,3843949.41259747,703.733375949112,L1_3,2478.0,,
264936.813764053,3843949.41259747,703.733375949112,L1_3,2478.0,,
264936.813764053,3843949.41259747,703.733375949112,L1_3,2478.0,,
264936.813764053,3843949.41259747,703.733375949112,L1_3,2478.0,,
264936.813764053,3843949.41259747,703.733375949112,L1_3,2478.0,,
264936.813764053,3843949.41259747,703.733375949112,L1_3,2478.0,,
264936.813764053,3843949.41259747,703.733375949112,L1_3,2478.0,,
264936.813764053,3843949.41259747,703.733375949112,L1_3,2478.0,,
264936.813764053,3843949.41259747,703.733375949112,L1_3,2478.0,,
264936.813764053,3843949.41259747,703.733375949112,L1_3,2478.0,,
264936.813764053,3843949.41259747,703.733375949112,L1_3,2478.0,,
264936.813764053,3843949.41259747,703.733375949112,L1_3,2478.0,,
264936.813764053,3843949.41259747,703.733375949112,L1_3,2478.0,,
264936.813764053,3843949.41259747,703.733375949112,L1_3,2478.0,,
264936.813764053,3843949.41259747,703.733375949112,L1_3,2478.0,,
264936.813764053,3843949.41259747,703.733375949112,L1_3,2478.0,,
264936.813764053,3843949.41259747,703.733375949112,L1_3,2478.0,,
264936.813764053,3843949.41259747,703.733375949112,L1_3,2478.0,,
264942.181845148,3843953.08841932,704.214995791467,L1_3,2484.5,704.214995791467,110.721354929215
264942.181845148,3843953.08841932,704.214995791467,L1_3,2484.5,698.823903927472,82.1512700654912
264942.181845148,3843953.08841932,704.214995791467,L1_3,2484.5,693.163257470277,42.979013484406
264942.181845148,3843953.08841932,704.214995791467,L1_3,2484.5,687.219578690223,22.4280127219171
264942.181845148,3843953.08841932,704.214995791467,L1_3,2484.5,680.978715971165,12.4114720354426
264942.181845148,3843953.08841932,704.214995791467,L1_3,2484.5,674.425810116155,7.40688723356171
264942.181845148,3843953.08841932,704.214995791467,L1_3,2484.5,667.545258968395,5.66671237518625
264942.181845148,3843953.08841932,704.214995791467,L1_3,2484.5,660.320680263246,6.34481134711054
264942.181845148,3843953.08841932,704.214995791467,L1_3,2484.5,652.73487262284,9.44450323241253
264942.181845148,3843953.08841932,704.214995791467,L1_3,2484.5,644.769774600414,15.0317973965143
264942.181845148,3843953.08841932,704.214995791467,L1_3,2484.5,636.406421676866,21.8205756314429
264942.181845148,3843953.08841932,704.214995791467,L1_3,2484.5,627.624901107142,27.2169006413252
264942.181845148,3843953.08841932,704.214995791467,L1_3,2484.5,618.40430450893,29.2266020136458
264942.181845148,3843953.08841932,704.214995791467,L1_3,2484.5,608.722678080809,27.6406169455777
264942.181845148,3843953.08841932,704.214995791467,L1_3,2484.5,598.556970331281,23.5884001531788
264942.181845148,3843953.08841932,704.214995791467,L1_3,2484.5,587.882977194276,18.6151413888691
264942.181845148,3843953.08841932,704.214995791467,L1_3,2484.5,576.675284400422,13.9913486996814
264942.181845148,3843953.08841932,704.214995791467,L1_3,2484.5,564.907206966875,10.3931862551277
264942.181845148,3843953.08841932,704.214995791467,L1_3,2484.5,552.55072566165,7.94526249673131
264942.181845148,3843953.08841932,704.214995791467,L1_3,2484.5,539.576420291164,6.46730834646072
264942.181845148,3843953.08841932,704.214995791467,L1_3,2484.5,525.953399652154,5.70683000563474
264942.181845148,3843953.08841932,704.214995791467,L1_3,2484.5,511.649227981194,5.45496582566062
264942.181845148,3843953.08841932,704.214995791467,L1_3,2484.5,496.629847726685,5.56843905568492
264942.181845148,3843953.08841932,704.214995791467,L1_3,2484.5,480.859498459451,5.95281691946057
264942.181845148,3843953.08841932,704.214995791467,L1_3,2484.5,464.300631728855,6.54134889982496
264942.181845148,3843953.08841932,704.214995791467,L1_3,2484.5,446.91382166173,7.28110193245353
264942.181845148,3843953.08841932,704.214995791467,L1_3,2484.5,428.657671091248,8.12635789379718
264942.181845148,3843953.08841932,704.214995791467,L1_3,2484.5,409.488712992242,9.0355882466778
264942.181845148,3843953.08841932,704.214995791467,L1_3,2484.5,389.361306988286,9.96921280590793
264942.181845148,3843953.08841932,704.214995791467,L1_3,2484.5,368.227530684132,10.8874275660335
264942.181845148,3843953.08841932,704.214995791467,L1_3,2484.5,346.03706556477,11.7496155748955
264942.181845148,3843953.08841932,704.214995791467,L1_3,2484.5,322.754303339663,12.5179037230685
264942.181845148,3843953.08841932,704.214995791467,L1_3,2484.5,300.064105870122,13.1760767671505
264942.181845148,3843953.08841932,704.214995791467,L1_3,2484.5,276.239398527104,13.7194488840151
264942.181845148,3843953.08841932,704.214995791467,L1_3,2484.5,251.223455816935,14.1353722070034
264942.181845148,3843953.08841932,704.214995791467,L1_3,2484.5,224.956715971258,14.4141969399246
264942.181845148,3843953.08841932,704.214995791467,L1_3,2484.5,197.376639133297,14.5516347621832
264942.181845148,3843953.08841932,704.214995791467,L1_3,2484.5,168.417558453437,14.5497397965711
264942.181845148,3843953.08841932,704.214995791467,L1_3,2484.5,138.010523739585,14.417548589857
264942.181845148,3843953.08841932,704.214995791467,L1_3,2484.5,106.08313729004,14.1711498451228
264942.181845148,3843953.08841932,704.214995791467,L1_3,2484.5,,
264942.181845148,3843953.08841932,704.214995791467,L1_3,2484.5,,
264942.181845148,3843953.08841932,704.214995791467,L1_3,2484.5,,
264942.181845148,3843953.08841932,704.214995791467,L1_3,2484.5,,
264942.181845148,3843953.08841932,704.214995791467,L1_3,2484.5,,
264942.181845148,3843953.08841932,704.214995791467,L1_3,2484.5,,
264942.181845148,3843953.08841932,704.214995791467,L1_3,2484.5,,
264942.181845148,3843953.08841932,704.214995791467,L1_3,2484.5,,
264942.181845148,3843953.08841932,704.214995791467,L1_3,2484.5,,
264942.181845148,3843953.08841932,704.214995791467,L1_3,2484.5,,
264942.181845148,3843953.08841932,704.214995791467,L1_3,2484.5,,
264942.181845148,3843953.08841932,704.214995791467,L1_3,2484.5,,
264942.181845148,3843953.08841932,704.214995791467,L1_3,2484.5,,
264942.181845148,3843953.08841932,704.214995791467,L1_3,2484.5,,
264942.181845148,3843953.08841932,704.214995791467,L1_3,2484.5,,
264942.181845148,3843953.08841932,704.214995791467,L1_3,2484.5,,
264942.181845148,3843953.08841932,704.214995791467,L1_3,2484.5,,
264942.181845148,3843953.08841932,704.214995791467,L1_3,2484.5,,
264942.181845148,3843953.08841932,704.214995791467,L1_3,2484.5,,
264942.181845148,3843953.08841932,704.214995791467,L1_3,2484.5,,
264942.181845148,3843953.08841932,704.214995791467,L1_3,2484.5,,
264947.136996928,3843956.48148563,704.594407432577,L1_3,2490.5,704.594407432577,85.2506919941162
264947.136996928,3843956.48148563,704.594407432577,L1_3,2490.5,699.197950337918,63.0800972125479
264947.136996928,3843956.48148563,704.594407432577,L1_3,2490.5,693.531670388526,34.5387832053224
264947.136996928,3843956.48148563,704.594407432577,L1_3,2490.5,687.582076441664,20.1767748205775
264947.136996928,3843956.48148563,704.594407432577,L1_3,2490.5,681.335002797459,12.3861442714733
264947.136996928,3843956.48148563,704.594407432577,L1_3,2490.5,674.775575471044,7.69922798516247
264947.136996928,3843956.48148563,704.594407432577,L1_3,2490.5,667.888176778308,5.78416409013508
264947.136996928,3843956.48148563,704.594407432577,L1_3,2490.5,660.656408150935,6.25489864930741
264947.136996928,3843956.48148563,704.594407432577,L1_3,2490.5,653.063051092194,9.15076399338114
264947.136996928,3843956.48148563,704.594407432577,L1_3,2490.5,645.090026180516,14.6016870649912
264947.136996928,3843956.48148563,704.594407432577,L1_3,2490.5,636.718350023254,21.4328054253199
264947.136996928,3843956.48148563,704.594407432577,L1_3,2490.5,627.928090058128,27.0272759261465
264947.136996928,3843956.48148563,704.594407432577,L1_3,2490.5,618.698317094747,29.2505313915476
264947.136996928,3843956.48148563,704.594407432577,L1_3,2490.5,609.007055483196,27.8073511169743
264947.136996928,3843956.48148563,704.594407432577,L1_3,2490.5,598.831230791068,23.8239704885154
264947.136996928,3843956.48148563,704.594407432577,L1_3,2490.5,588.146614864333,18.8681562830316
264947.136996928,3843956.48148563,704.594407432577,L1_3,2490.5,576.927768141262,14.231286864042
264947.136996928,3843956.48148563,704.594407432577,L1_3,2490.5,565.147979082037,10.6064148088836
264947.136996928,3843956.48148563,704.594407432577,L1_3,2490.5,552.779200569851,8.13071518867327
264947.136996928,3843956.48148563,704.594407432577,L1_3,2490.5,539.791983132055,6.6310354084246
264947.136996928,3843956.48148563,704.594407432577,L1_3,2490.5,526.15540482237,5.85737159049768
264947.136996928,3843956.48148563,704.594407432577,L1_3,2490.5,511.8369975972,5.60086989412312
264947.136996928,3843956.48148563,704.594407432577,L1_3,2490.5,496.802670010772,5.71747842235546
264947.136996928,3843956.48148563,704.594407432577,L1_3,2490.5,481.016626045023,6.11187738237011
264947.136996928,3843956.48148563,704.594407432577,L1_3,2490.5,464.441279880986,6.71629282851148
264947.136996928,3843956.48148563,704.594407432577,L1_3,2490.5,447.037166408747,7.47639968016789
264947.136996928,3843956.48148563,704.594407432577,L1_3,2490.5,428.762847262897,8.34458791486784
264947.136996928,3843956.48148563,704.594407432577,L1_3,2490.5,409.574812159754,9.27698602521596
264947.136996928,3843956.48148563,704.594407432577,L1_3,2490.5,389.427375301453,10.231393952458
264947.136996928,3843956.48148563,704.594407432577,L1_3,2490.5,368.272566600238,11.1653563270816
264947.136996928,3843956.48148563,704.594407432577,L1_3,2490.5,346.060017463962,12.0359613883134
264947.136996928,3843956.48148563,704.594407432577,L1_3,2490.5,322.754303339663,12.8039455547209
264947.136996928,3843956.48148563,704.594407432577,L1_3,2490.5,300.064105870122,13.4544237939849
264947.136996928,3843956.48148563,704.594407432577,L1_3,2490.5,276.239398527104,13.9849343594199
264947.136996928,3843956.48148563,704.594407432577,L1_3,2490.5,251.223455816935,14.383645362272
264947.136996928,3843956.48148563,704.594407432577,L1_3,2490.5,224.956715971258,14.6416915675657
264947.136996928,3843956.48148563,704.594407432577,L1_3,2490.5,197.376639133297,14.7556919524523
264947.136996928,3843956.48148563,704.594407432577,L1_3,2490.5,168.417558453437,14.7287692751269
264947.136996928,3843956.48148563,704.594407432577,L1_3,2490.5,138.010523739585,14.5710887742152
264947.136996928,3843956.48148563,704.594407432577,L1_3,2490.5,106.08313729004,14.2998057115591
264947.136996928,3843956.48148563,704.594407432577,L1_3,2490.5,,
264947.136996928,3843956.48148563,704.594407432577,L1_3,2490.5,,
264947.136996928,3843956.48148563,704.594407432577,L1_3,2490.5,,
264947.136996928,3843956.48148563,704.594407432577,L1_3,2490.5,,
264947.136996928,3843956.48148563,704.594407432577,L1_3,2490.5,,
264947.136996928,3843956.48148563,704.594407432577,L1_3,2490.5,,
264947.136996928,3843956.48148563,704.594407432577,L1_3,2490.5,,
264947.136996928,3843956.48148563,704.594407432577,L1_3,2490.5,,
264947.136996928,3843956.48148563,704.594407432577,L1_3,2490.5,,
264947.136996928,3843956.48148563,704.594407432577,L1_3,2490.5,,
264947.136996928,3843956.48148563,704.594407432577,L1_3,2490.5,,
264947.136996928,3843956.48148563,704.594407432577,L1_3,2490.5,,
264947.136996928,3843956.48148563,704.594407432577,L1_3,2490.5,,
264947.136996928,3843956.48148563,704.594407432577,L1_3,2490.5,,
264947.136996928,3843956.48148563,704.594407432577,L1_3,2490.5,,
264947.136996928,3843956.48148563,704.594407432577,L1_3,2490.5,,
264947.136996928,3843956.48148563,704.594407432577,L1_3,2490.5,,
264947.136996928,3843956.48148563,704.594407432577,L1_3,2490.5,,
264947.136996928,3843956.48148563,704.594407432577,L1_3,2490.5,,
264947.136996928,3843956.48148563,704.594407432577,L1_3,2490.5,,
264947.136996928,3843956.48148563,704.594407432577,L1_3,2490.5,,
264952.505078022,3843960.15730748,704.871765041362,L1_3,2497.0,704.871765041362,24.4614447438539
264952.505078022,3843960.15730748,704.871765041362,L1_3,2497.0,699.471385854214,24.0457664169319
264952.505078022,3843960.15730748,704.871765041362,L1_3,2497.0,693.800987707709,22.0636788287595
264952.505078022,3843960.15730748,704.871765041362,L1_3,2497.0,687.847069653879,18.2723655643504
264952.505078022,3843960.15730748,704.871765041362,L1_3,2497.0,681.595455697357,13.0580117740642
264952.505078022,3843960.15730748,704.871765041362,L1_3,2497.0,675.03126104301,8.28874061076015
264952.505078022,3843960.15730748,704.871765041362,L1_3,2497.0,668.138856655944,5.95655337299788
264952.505078022,3843960.15730748,704.871765041362,L1_3,2497.0,660.901832049526,6.13487200545179
264952.505078022,3843960.15730748,704.871765041362,L1_3,2497.0,653.302956212787,8.78929916289348
264952.505078022,3843960.15730748,704.871765041362,L1_3,2497.0,645.32413658421,14.0722319847371
264952.505078022,3843960.15730748,704.871765041362,L1_3,2497.0,636.946375974205,20.9129706467917
264952.505078022,3843960.15730748,704.871765041362,L1_3,2497.0,628.1497273337,26.6725356576307
264952.505078022,3843960.15730748,704.871765041362,L1_3,2497.0,618.913246261169,29.0785039481797
264952.505078022,3843960.15730748,704.871765041362,L1_3,2497.0,609.214941135012,27.7596049666275
264952.505078022,3843960.15730748,704.871765041362,L1_3,2497.0,599.031720752547,23.8494960077144
264952.505078022,3843960.15730748,704.871765041362,L1_3,2497.0,588.339339350958,18.9382332153726
264952.505078022,3843960.15730748,704.871765041362,L1_3,2497.0,577.112338879291,14.3274906541552
264952.505078022,3843960.15730748,704.871765041362,L1_3,2497.0,565.32398838404,10.714985004994
264952.505078022,3843960.15730748,704.871765041362,L1_3,2497.0,552.946220364026,8.24322030441503
264952.505078022,3843960.15730748,704.871765041362,L1_3,2497.0,539.949563943011,6.74467579229615
264952.505078022,3843960.15730748,704.871765041362,L1_3,2497.0,526.303074700946,5.97350727703795
264952.505078022,3843960.15730748,704.871765041362,L1_3,2497.0,511.974260996778,5.7232046403532
264952.505078022,3843960.15730748,704.871765041362,L1_3,2497.0,496.929006607401,5.85078472922837
264952.505078022,3843960.15730748,704.871765041362,L1_3,2497.0,481.131489498556,6.26118213067219
264952.505078022,3843960.15730748,704.871765041362,L1_3,2497.0,464.544096534268,6.88620222659452
264952.505078022,3843960.15730748,704.871765041362,L1_3,2497.0,447.127333921766,7.67041142918208
264952.505078022,3843960.15730748,704.871765041362,L1_3,2497.0,428.839733178638,8.5644333958261
264952.505078022,3843960.15730748,704.871765041362,L1_3,2497.0,409.637752398354,9.5221112052938
264952.505078022,3843960.15730748,704.871765041362,L1_3,2497.0,389.475672579057,10.4986604359033
264952.505078022,3843960.15730748,704.871765041362,L1_3,2497.0,368.305488768794,11.4490194933011
264952.505078022,3843960.15730748,704.871765041362,L1_3,2497.0,346.076795768018,12.3280603701976
264952.505078022,3843960.15730748,704.871765041362,L1_3,2497.0,322.754303339663,13.0952588821593
264952.505078022,3843960.15730748,704.871765041362,L1_3,2497.0,300.064105870122,13.7372712497359
264952.505078022,3843960.15730748,704.871765041362,L1_3,2497.0,276.239398527104,14.2540469814164
264952.505078022,3843960.15730748,704.871765041362,L1_3,2497.0,251.223455816935,14.6346666872855
264952.505078022,3843960.15730748,704.871765041362,L1_3,2497.0,224.956715971258,14.8711128116911
264952.505078022,3843960.15730748,704.871765041362,L1_3,2497.0,197.376639133297,14.9609511187953
264952.505078022,3843960.15730748,704.871765041362,L1_3,2497.0,168.417558453437,14.9083977765995
264952.505078022,3843960.15730748,704.871765041362,L1_3,2497.0,138.010523739585,14.7247608809119
264952.505078022,3843960.15730748,704.871765041362,L1_3,2497.0,106.08313729004,14.4282631883528
264952.505078022,3843960.15730748,704.871765041362,L1_3,2497.0,,
264952.505078022,3843960.15730748,704.871765041362,L1_3,2497.0,,
264952.505078022,3843960.15730748,704.871765041362,L1_3,2497.0,,
264952.505078022,3843960.15730748,704.871765041362,L1_3,2497.0,,
264952.505078022,3843960.15730748,704.871765041362,L1_3,2497.0,,
264952.505078022,3843960.15730748,704.871765041362,L1_3,2497.0,,
264952.505078022,3843960.15730748,704.871765041362,L1_3,2497.0,,
264952.505078022,3843960.15730748,704.871765041362,L1_3,2497.0,,
264952.505078022,3843960.15730748,704.871765041362,L1_3,2497.0,,
264952.505078022,3843960.15730748,704.871765041362,L1_3,2497.0,,
264952.505078022,3843960.15730748,704.871765041362,L1_3,2497.0,,
264952.505078022,3843960.15730748,704.871765041362,L1_3,2497.0,,
264952.505078022,3843960.15730748,704.871765041362,L1_3,2497.0,,
264952.505078022,3843960.15730748,704.871765041362,L1_3,2497.0,,
264952.505078022,3843960.15730748,704.871765041362,L1_3,2497.0,,
264952.505078022,3843960.15730748,704.871765041362,L1_3,2497.0,,
264952.505078022,3843960.15730748,704.871765041362,L1_3,2497.0,,
264952.505078022,3843960.15730748,704.871765041362,L1_3,2497.0,,
264952.505078022,3843960.15730748,704.871765041362,L1_3,2497.0,,
264952.505078022,3843960.15730748,704.871765041362,L1_3,2497.0,,
264952.505078022,3843960.15730748,704.871765041362,L1_3,2497.0,,
264957.460229651,3843963.55037337,705.149122650147,L1_3,2503.0,705.149122650147,13.445059479626
264957.460229651,3843963.55037337,705.149122650147,L1_3,2503.0,699.744821370511,15.5549022716444
264957.460229651,3843963.55037337,705.149122650147,L1_3,2503.0,694.070305026893,19.7247039926812
264957.460229651,3843963.55037337,705.149122650147,L1_3,2503.0,688.112062866094,20.3571820640729
264957.460229651,3843963.55037337,705.149122650147,L1_3,2503.0,681.855908597256,15.2418030402726
264957.460229651,3843963.55037337,705.149122650147,L1_3,2503.0,675.286946614975,9.18357984147376
264957.460229651,3843963.55037337,705.149122650147,L1_3,2503.0,668.389536533581,6.12964426246084
264957.460229651,3843963.55037337,705.149122650147,L1_3,2503.0,661.147255948116,5.99956895709521
264957.460229651,3843963.55037337,705.149122650147,L1_3,2503.0,653.542861333379,8.44937355112785
264957.460229651,3843963.55037337,705.149122650147,L1_3,2503.0,645.558246987905,13.5895685694015
264957.460229651,3843963.55037337,705.149122650147,L1_3,2503.0,637.174401925157,20.4137257538148
264957.460229651,3843963.55037337,705.149122650147,L1_3,2503.0,628.371364609271,26.2604754647139
264957.460229651,3843963.55037337,705.149122650147,L1_3,2503.0,619.128175427591,28.7626598773294
264957.460229651,3843963.55037337,705.149122650147,L1_3,2503.0,609.422826786828,27.5130106160153
264957.460229651,3843963.55037337,705.149122650147,L1_3,2503.0,599.232210714026,23.6644977158199
264957.460229651,3843963.55037337,705.149122650147,L1_3,2503.0,588.532063837584,18.8198438046035
264957.460229651,3843963.55037337,705.149122650147,L1_3,2503.0,577.29690961732,14.2735105044538
264957.460229651,3843963.55037337,705.149122650147,L1_3,2503.0,565.499997686042,10.7127452108671
264957.460229651,3843963.55037337,705.149122650147,L1_3,2503.0,553.113240158201,8.27726230749779
264957.460229651,3843963.55037337,705.149122650147,L1_3,2503.0,540.107144753968,6.80343075266137
264957.460229651,3843963.55037337,705.149122650147,L1_3,2503.0,526.450744579523,6.05113616946482
264957.460229651,3843963.55037337,705.149122650147,L1_3,2503.0,512.111524396356,5.81850825096342
264957.460229651,3843963.55037337,705.149122650147,L1_3,2503.0,497.05534320403,5.96546813371148
264957.460229651,3843963.55037337,705.149122650147,L1_3,2503.0,481.246352952088,6.39835131000243
264957.460229651,3843963.55037337,705.149122650147,L1_3,2503.0,464.64691318755,7.049147233022
264957.460229651,3843963.55037337,705.149122650147,L1_3,2503.0,447.217501434784,7.86159513798311
264957.460229651,3843963.55037337,705.149122650147,L1_3,2503.0,428.91661909438,8.78467168355468
264957.460229651,3843963.55037337,705.149122650147,L1_3,2503.0,409.700692636955,9.76998805355956
264957.460229651,3843963.55037337,705.149122650147,L1_3,2503.0,389.52396985666,10.7702164559163
264957.460229651,3843963.55037337,705.149122650147,L1_3,2503.0,368.338410937349,11.7377435803551
264957.460229651,3843963.55037337,705.149122650147,L1_3,2503.0,346.093574072074,12.6253193118452
264957.460229651,3843963.55037337,705.149122650147,L1_3,2503.0,322.754303339663,13.3913046883979
264957.460229651,3843963.55037337,705.149122650147,L1_3,2503.0,300.064105870122,14.0241201077971
264957.460229651,3843963.55037337,705.149122650147,L1_3,2503.0,276.239398527104,14.5263229219853
264957.460229651,3843963.55037337,705.149122650147,L1_3,2503.0,251.223455816935,14.888007783475
264957.460229651,3843963.55037337,705.149122650147,L1_3,2503.0,224.956715971258,15.1020697998136
264957.460229651,3843963.55037337,705.149122650147,L1_3,2503.0,197.376639133297,15.1670623390652
264957.460229651,3843963.55037337,705.149122650147,L1_3,2503.0,168.417558453437,15.0883203256357
264957.460229651,3843963.55037337,705.149122650147,L1_3,2503.0,138.010523739585,14.8783063529179
264957.460229651,3843963.55037337,705.149122650147,L1_3,2503.0,106.08313729004,14.5563084885905
264957.460229651,3843963.55037337,705.149122650147,L1_3,2503.0,,
264957.460229651,3843963.55037337,705.149122650147,L1_3,2503.0,,
264957.460229651,3843963.55037337,705.149122650147,L1_3,2503.0,,
264957.460229651,3843963.55037337,705.149122650147,L1_3,2503.0,,
264957.460229651,3843963.55037337,705.149122650147,L1_3,2503.0,,
264957.460229651,3843963.55037337,705.149122650147,L1_3,2503.0,,
264957.460229651,3843963.55037337,705.149122650147,L1_3,2503.0,,
264957.460229651,3843963.55037337,705.149122650147,L1_3,2503.0,,
264957.460229651,3843963.55037337,705.149122650147,L1_3,2503.0,,
264957.460229651,3843963.55037337,705.149122650147,L1_3,2503.0,,
264957.460229651,3843963.55037337,705.149122650147,L1_3,2503.0,,
264957.460229651,3843963.55037337,705.149122650147,L1_3,2503.0,,
264957.460229651,3843963.55037337,705.149122650147,L1_3,2503.0,,
264957.460229651,3843963.55037337,705.149122650147,L1_3,2503.0,,
264957.460229651,3843963.55037337,705.149122650147,L1_3,2503.0,,
264957.460229651,3843963.55037337,705.149122650147,L1_3,2503.0,,
264957.460229651,3843963.55037337,705.149122650147,L1_3,2503.0,,
264957.460229651,3843963.55037337,705.149122650147,L1_3,2503.0,,
264957.460229651,3843963.55037337,705.149122650147,L1_3,2503.0,,
264957.460229651,3843963.55037337,705.149122650147,L1_3,2503.0,,
264957.460229651,3843963.55037337,705.149122650147,L1_3,2503.0,,
264962.828310419,3843967.22619428,705.426480258932,L1_3,2509.5,705.426480258932,11.9858563704463
264962.828310419,3843967.22619428,705.426480258932,L1_3,2509.5,700.018256886807,15.9066685115585
264962.828310419,3843967.22619428,705.426480258932,L1_3,2509.5,694.339622346077,24.6279063439566
264962.828310419,3843967.22619428,705.426480258932,L1_3,2509.5,688.37705607831,26.4619180364924
264962.828310419,3843967.22619428,705.426480258932,L1_3,2509.5,682.116361497154,18.382662816488
264962.828310419,3843967.22619428,705.426480258932,L1_3,2509.5,675.542632186941,10.0589282714849
264962.828310419,3843967.22619428,705.426480258932,L1_3,2509.5,668.640216411217,6.28504264589745
264962.828310419,3843967.22619428,705.426480258932,L1_3,2509.5,661.392679846707,5.97116311805087
264962.828310419,3843967.22619428,705.426480258932,L1_3,2509.5,653.782766453971,8.34728895287654
264962.828310419,3843967.22619428,705.426480258932,L1_3,2509.5,645.792357391599,13.4446278288088
264962.828310419,3843967.22619428,705.426480258932,L1_3,2509.5,637.402427876108,20.2382379507441
264962.828310419,3843967.22619428,705.426480258932,L1_3,2509.5,628.593001884843,26.0318689989295
264962.828310419,3843967.22619428,705.426480258932,L1_3,2509.5,619.343104594014,28.4556701048324
264962.828310419,3843967.22619428,705.426480258932,L1_3,2509.5,609.630712438643,27.1510770740603
264962.828310419,3843967.22619428,705.426480258932,L1_3,2509.5,599.432700675505,23.3112084062394
264962.828310419,3843967.22619428,705.426480258932,L1_3,2509.5,588.724788324209,18.5333956066724
264962.828310419,3843967.22619428,705.426480258932,L1_3,2509.5,577.481480355348,14.0785015651092
264962.828310419,3843967.22619428,705.426480258932,L1_3,2509.5,565.676006988045,10.6029899589928
264962.828310419,3843967.22619428,705.426480258932,L1_3,2509.5,553.280259952376,8.23313070699967
264962.828310419,3843967.22619428,705.426480258932,L1_3,2509.5,540.264725564924,6.80615250094326
264962.828310419,3843967.22619428,705.426480258932,L1_3,2509.5,526.598414458099,6.08852334551631
264962.828310419,3843967.22619428,705.426480258932,L1_3,2509.5,512.248787795933,5.88490937648234
264962.828310419,3843967.22619428,705.426480258932,L1_3,2509.5,497.181679800659,6.05975740038461
264962.828310419,3843967.22619428,705.426480258932,L1_3,2509.5,481.361216405621,6.52183409162376
264962.828310419,3843967.22619428,705.426480258932,L1_3,2509.5,464.749729840831,7.2038486153717
264962.828310419,3843967.22619428,705.426480258932,L1_3,2509.5,447.307668947802,8.04894380897204
264962.828310419,3843967.22619428,705.426480258932,L1_3,2509.5,428.993505010121,9.00453578202917
264962.828310419,3843967.22619428,705.426480258932,L1_3,2509.5,409.763632875556,10.0200406241854
264962.828310419,3843967.22619428,705.426480258932,L1_3,2509.5,389.572267134263,11.045622160885
264962.828310419,3843967.22619428,705.426480258932,L1_3,2509.5,368.371333105905,12.0311758967745
264962.828310419,3843967.22619428,705.426480258932,L1_3,2509.5,346.11035237613,12.9274370493882
264962.828310419,3843967.22619428,705.426480258932,L1_3,2509.5,322.754303339663,13.691809884879
264962.828310419,3843967.22619428,705.426480258932,L1_3,2509.5,300.064105870122,14.3147137996216
264962.828310419,3843967.22619428,705.426480258932,L1_3,2509.5,276.239398527104,14.8015184489562
264962.828310419,3843967.22619428,705.426480258932,L1_3,2509.5,251.223455816935,15.1434372938492
264962.828310419,3843967.22619428,705.426480258932,L1_3,2509.5,224.956715971258,15.3343465206206
264962.828310419,3843967.22619428,705.426480258932,L1_3,2509.5,197.376639133297,15.3738293247577
264962.828310419,3843967.22619428,705.426480258932,L1_3,2509.5,168.417558453437,15.268363286383
264962.828310419,3843967.22619428,705.426480258932,L1_3,2509.5,138.010523739585,15.0315754335417
264962.828310419,3843967.22619428,705.426480258932,L1_3,2509.5,106.08313729004,14.6838163598994
264962.828310419,3843967.22619428,705.426480258932,L1_3,2509.5,,
264962.828310419,3843967.22619428,705.426480258932,L1_3,2509.5,,
264962.828310419,3843967.22619428,705.426480258932,L1_3,2509.5,,
264962.828310419,3843967.22619428,705.426480258932,L1_3,2509.5,,
264962.828310419,3843967.22619428,705.426480258932,L1_3,2509.5,,
264962.828310419,3843967.22619428,705.426480258932,L1_3,2509.5,,
264962.828310419,3843967.22619428,705.426480258932,L1_3,2509.5,,
264962.828310419,3843967.22619428,705.426480258932,L1_3,2509.5,,
264962.828310419,3843967.22619428,705.426480258932,L1_3,2509.5,,
264962.828310419,3843967.22619428,705.426480258932,L1_3,2509.5,,
264962.828310419,3843967.22619428,705.426480258932,L1_3,2509.5,,
264962.828310419,3843967.22619428,705.426480258932,L1_3,2509.5,,
264962.828310419,3843967.22619428,705.426480258932,L1_3,2509.5,,
264962.828310419,3843967.22619428,705.426480258932,L1_3,2509.5,,
264962.828310419,3843967.22619428,705.426480258932,L1_3,2509.5,,
264962.828310419,3843967.22619428,705.426480258932,L1_3,2509.5,,
264962.828310419,3843967.22619428,705.426480258932,L1_3,2509.5,,
264962.828310419,3843967.22619428,705.426480258932,L1_3,2509.5,,
264962.828310419,3843967.22619428,705.426480258932,L1_3,2509.5,,
264962.828310419,3843967.22619428,705.426480258932,L1_3,2509.5,,
264962.828310419,3843967.22619428,705.426480258932,L1_3,2509.5,,
264967.783461897,3843970.61925974,705.657234435631,L1_3,2515.5,705.657234435631,11.2717058960347
264967.783461897,3843970.61925974,705.657234435631,L1_3,2515.5,700.245747986546,15.7314387076359
264967.783461897,3843970.61925974,705.657234435631,L1_3,2515.5,694.563687215006,26.3446794085611
264967.783461897,3843970.61925974,705.657234435631,L1_3,2515.5,688.59752340489,28.5718125125839
264967.783461897,3843970.61925974,705.657234435631,L1_3,2515.5,682.333051404268,19.0381225079686
264967.783461897,3843970.61925974,705.657234435631,L1_3,2515.5,675.755355803615,10.1520331228861
264967.783461897,3843970.61925974,705.657234435631,L1_3,2515.5,668.848775422929,6.39257354586993
264967.783461897,3843970.61925974,705.657234435631,L1_3,2515.5,661.596866023209,6.17822256020794
264967.783461897,3843970.61925974,705.657234435631,L1_3,2515.5,653.982361153503,8.67783039370244
264967.783461897,3843970.61925974,705.657234435631,L1_3,2515.5,645.987131040311,13.8679700828008
264967.783461897,3843970.61925974,705.657234435631,L1_3,2515.5,637.59213942146,20.6005404598841
264967.783461897,3843970.61925974,705.657234435631,L1_3,2515.5,628.777398221667,26.1438291546228
264967.783461897,3843970.61925974,705.657234435631,L1_3,2515.5,619.521919961884,28.2585365014875
264967.783461897,3843970.61925974,705.657234435631,L1_3,2515.5,609.803667789111,26.7385357091024
264967.783461897,3843970.61925974,705.657234435631,L1_3,2515.5,599.5995030077,22.8330797228339
264967.783461897,3843970.61925974,705.657234435631,L1_3,2515.5,588.885129987219,18.1080694017136
264967.783461897,3843970.61925974,705.657234435631,L1_3,2515.5,577.635038315713,13.7609336279601
264967.783461897,3843970.61925974,705.657234435631,L1_3,2515.5,565.822442060632,10.3963602178819
264967.783461897,3843970.61925974,705.657234435631,L1_3,2515.5,553.419215992797,8.11624690294002
264967.783461897,3843970.61925974,705.657234435631,L1_3,2515.5,540.39582862157,6.75508731940091
264967.783461897,3843970.61925974,705.657234435631,L1_3,2515.5,526.721271881782,6.08611326953218
264967.783461897,3843970.61925974,705.657234435631,L1_3,2515.5,512.362987305005,5.92189167554712
264967.783461897,3843970.61925974,705.657234435631,L1_3,2515.5,497.286788499388,6.13267822217037
264967.783461897,3843970.61925974,705.657234435631,L1_3,2515.5,481.456779753491,6.6304977012341
264967.783461897,3843970.61925974,705.657234435631,L1_3,2515.5,464.835270570299,7.34918712772425
264967.783461897,3843970.61925974,705.657234435631,L1_3,2515.5,447.382685927948,8.23143751133751
264967.783461897,3843970.61925974,705.657234435631,L1_3,2515.5,429.057472053478,9.22313261268929
264967.783461897,3843970.61925974,705.657234435631,L1_3,2515.5,409.815997485286,10.2714939706483
264967.783461897,3843970.61925974,705.657234435631,L1_3,2515.5,389.612449188684,11.3241945917584
264967.783461897,3843970.61925974,705.657234435631,L1_3,2515.5,368.398723477251,12.3286984095538
264967.783461897,3843970.61925974,705.657234435631,L1_3,2515.5,346.124311480247,13.2338396560451
264967.783461897,3843970.61925974,705.657234435631,L1_3,2515.5,322.754303339663,13.996235967313
264967.783461897,3843970.61925974,705.657234435631,L1_3,2515.5,300.064105870122,14.6085450486745
264967.783461897,3843970.61925974,705.657234435631,L1_3,2515.5,276.239398527104,15.079154213911
264967.783461897,3843970.61925974,705.657234435631,L1_3,2515.5,251.223455816935,15.4005084263216
264967.783461897,3843970.61925974,705.657234435631,L1_3,2515.5,224.956715971258,15.5675341656548
264967.783461897,3843970.61925974,705.657234435631,L1_3,2515.5,197.376639133297,15.5808863190818
264967.783461897,3843970.61925974,705.657234435631,L1_3,2515.5,168.417558453437,15.4482091381741
264967.783461897,3843970.61925974,705.657234435631,L1_3,2515.5,138.010523739585,15.1843001056204
264967.783461897,3843970.61925974,705.657234435631,L1_3,2515.5,106.08313729004,14.8105665041919
264967.783461897,3843970.61925974,705.657234435631,L1_3,2515.5,,
264967.783461897,3843970.61925974,705.657234435631,L1_3,2515.5,,
264967.783461897,3843970.61925974,705.657234435631,L1_3,2515.5,,
264967.783461897,3843970.61925974,705.657234435631,L1_3,2515.5,,
264967.783461897,3843970.61925974,705.657234435631,L1_3,2515.5,,
264967.783461897,3843970.61925974,705.657234435631,L1_3,2515.5,,
264967.783461897,3843970.61925974,705.657234435631,L1_3,2515.5,,
264967.783461897,3843970.61925974,705.657234435631,L1_3,2515.5,,
264967.783461897,3843970.61925974,705.657234435631,L1_3,2515.5,,
264967.783461897,3843970.61925974,705.657234435631,L1_3,2515.5,,
264967.783461897,3843970.61925974,705.657234435631,L1_3,2515.5,,
264967.783461897,3843970.61925974,705.657234435631,L1_3,2515.5,,
264967.783461897,3843970.61925974,705.657234435631,L1_3,2515.5,,
264967.783461897,3843970.61925974,705.657234435631,L1_3,2515.5,,
264967.783461897,3843970.61925974,705.657234435631,L1_3,2515.5,,
264967.783461897,3843970.61925974,705.657234435631,L1_3,2515.5,,
264967.783461897,3843970.61925974,705.657234435631,L1_3,2515.5,,
264967.783461897,3843970.61925974,705.657234435631,L1_3,2515.5,,
264967.783461897,3843970.61925974,705.657234435631,L1_3,2515.5,,
264967.783461897,3843970.61925974,705.657234435631,L1_3,2515.5,,
264967.783461897,3843970.61925974,705.657234435631,L1_3,2515.5,,
264973.151542665,3843974.29508065,705.841468196447,L1_3,2522.0,705.841468196447,10.7637488762255
264973.151542665,3843974.29508065,705.841468196447,L1_3,2522.0,700.427376512003,13.3619266939404
264973.151542665,3843974.29508065,705.841468196447,L1_3,2522.0,694.742580243337,19.6290848990746
264973.151542665,3843974.29508065,705.841468196447,L1_3,2522.0,688.773544161238,21.7162029299666
264973.151542665,3843974.29508065,705.841468196447,L1_3,2522.0,682.506056275034,15.7609049988898
264973.151542665,3843974.29508065,705.841468196447,L1_3,2522.0,675.925193994519,9.41006523090786
264973.151542665,3843974.29508065,705.841468196447,L1_3,2522.0,669.015288599979,6.61590145803724
264973.151542665,3843974.29508065,705.841468196447,L1_3,2522.0,661.759887935712,6.83061744061808
264973.151542665,3843974.29508065,705.841468196447,L1_3,2522.0,654.141717238232,9.6858961087038
264973.151542665,3843974.29508065,705.841468196447,L1_3,2522.0,646.142638005877,15.1030199162183
264973.151542665,3843974.29508065,705.841468196447,L1_3,2522.0,637.743604811905,21.6928697351591
264973.151542665,3843974.29508065,705.841468196447,L1_3,2522.0,628.924619958234,26.7272869782172
264973.151542665,3843974.29508065,705.841468196447,L1_3,2522.0,619.66468586188,28.2618471431104
264973.151542665,3843974.29508065,705.841468196447,L1_3,2522.0,609.941755060708,26.3433699002887
264973.151542665,3843974.29508065,705.841468196447,L1_3,2522.0,599.732677719477,22.2821881608757
264973.151542665,3843974.29508065,705.841468196447,L1_3,2522.0,589.013146511185,17.5819313678473
264973.151542665,3843974.29508065,705.841468196447,L1_3,2522.0,577.757638742478,13.3465976639421
264973.151542665,3843974.29508065,705.841468196447,L1_3,2522.0,565.939355585336,10.1089971782723
264973.151542665,3843974.29508065,705.841468196447,L1_3,2522.0,553.530158270337,7.93599349240119
264973.151542665,3843974.29508065,705.841468196447,L1_3,2522.0,540.500501089588,6.65529103677862
264973.151542665,3843974.29508065,705.841468196447,L1_3,2522.0,526.819361049801,6.04635534359523
264973.151542665,3843974.29508065,705.841468196447,L1_3,2522.0,512.454164008025,5.93040308634324
264973.151542665,3843974.29508065,705.841468196447,L1_3,2522.0,497.37070711416,6.18435931285331
264973.151542665,3843974.29508065,705.841468196447,L1_3,2522.0,481.533077375602,6.7240702892681
264973.151542665,3843974.29508065,705.841468196447,L1_3,2522.0,464.903566150116,7.4847406128184
264973.151542665,3843974.29508065,705.841468196447,L1_3,2522.0,447.442579363356,8.40864192485926
264973.151542665,3843974.29508065,705.841468196447,L1_3,2522.0,429.108543237258,9.44007670390782
264973.151542665,3843974.29508065,705.841468196447,L1_3,2522.0,409.857805304854,10.5240243638946
264973.151542665,3843974.29508065,705.841468196447,L1_3,2522.0,389.644530475831,11.6056609039365
264973.151542665,3843974.29508065,705.841468196447,L1_3,2522.0,368.420591905357,12.6300685010732
264973.151542665,3843974.29508065,705.841468196447,L1_3,2522.0,346.135456406359,13.5442950252454
264973.151542665,3843974.29508065,705.841468196447,L1_3,2522.0,322.754303339663,14.3043508820173
264973.151542665,3843974.29508065,705.841468196447,L1_3,2522.0,300.064105870122,14.9053791032981
264973.151542665,3843974.29508065,705.841468196447,L1_3,2522.0,276.239398527104,15.3589951915463
264973.151542665,3843974.29508065,705.841468196447,L1_3,2522.0,251.223455816935,15.6589919581675
264973.151542665,3843974.29508065,705.841468196447,L1_3,2522.0,224.956715971258,15.8014157344552
264973.151542665,3843974.29508065,705.841468196447,L1_3,2522.0,197.376639133297,15.7880338092476
264973.151542665,3843974.29508065,705.841468196447,L1_3,2522.0,168.417558453437,15.6276802656031
264973.151542665,3843974.29508065,705.841468196447,L1_3,2522.0,138.010523739585,15.3363280267162
264973.151542665,3843974.29508065,705.841468196447,L1_3,2522.0,106.08313729004,14.936432753818
264973.151542665,3843974.29508065,705.841468196447,L1_3,2522.0,,
264973.151542665,3843974.29508065,705.841468196447,L1_3,2522.0,,
264973.151542665,3843974.29508065,705.841468196447,L1_3,2522.0,,
264973.151542665,3843974.29508065,705.841468196447,L1_3,2522.0,,
264973.151542665,3843974.29508065,705.841468196447,L1_3,2522.0,,
264973.151542665,3843974.29508065,705.841468196447,L1_3,2522.0,,
264973.151542665,3843974.29508065,705.841468196447,L1_3,2522.0,,
264973.151542665,3843974.29508065,705.841468196447,L1_3,2522.0,,
264973.151542665,3843974.29508065,705.841468196447,L1_3,2522.0,,
264973.151542665,3843974.29508065,705.841468196447,L1_3,2522.0,,
264973.151542665,3843974.29508065,705.841468196447,L1_3,2522.0,,
264973.151542665,3843974.29508065,705.841468196447,L1_3,2522.0,,
264973.151542665,3843974.29508065,705.841468196447,L1_3,2522.0,,
264973.151542665,3843974.29508065,705.841468196447,L1_3,2522.0,,
264973.151542665,3843974.29508065,705.841468196447,L1_3,2522.0,,
264973.151542665,3843974.29508065,705.841468196447,L1_3,2522.0,,
264973.151542665,3843974.29508065,705.841468196447,L1_3,2522.0,,
264973.151542665,3843974.29508065,705.841468196447,L1_3,2522.0,,
264973.151542665,3843974.29508065,705.841468196447,L1_3,2522.0,,
264973.151542665,3843974.29508065,705.841468196447,L1_3,2522.0,,
264973.151542665,3843974.29508065,705.841468196447,L1_3,2522.0,,
264978.106693963,3843977.68814559,706.025701957262,L1_3,2528.0,706.025701957262,12.2089234325352
264978.106693963,3843977.68814559,706.025701957262,L1_3,2528.0,700.60900503746,12.7718795820129
264978.106693963,3843977.68814559,706.025701957262,L1_3,2528.0,694.921473271667,14.3753557350435
264978.106693963,3843977.68814559,706.025701957262,L1_3,2528.0,688.949564917585,14.8144181979328
264978.106693963,3843977.68814559,706.025701957262,L1_3,2528.0,682.679061145799,12.0011484049357
264978.106693963,3843977.68814559,706.025701957262,L1_3,2528.0,676.095032185423,8.62509913167059
264978.106693963,3843977.68814559,706.025701957262,L1_3,2528.0,669.181801777029,7.18105900111341
264978.106693963,3843977.68814559,706.025701957262,L1_3,2528.0,661.922909848215,8.09669655504661
264978.106693963,3843977.68814559,706.025701957262,L1_3,2528.0,654.30107332296,11.5144189674066
264978.106693963,3843977.68814559,706.025701957262,L1_3,2528.0,646.298144971443,17.2025141187624
264978.106693963,3843977.68814559,706.025701957262,L1_3,2528.0,637.895070202349,23.4688160584034
264978.106693963,3843977.68814559,706.025701957262,L1_3,2528.0,629.071841694801,27.7093448228784
264978.106693963,3843977.68814559,706.025701957262,L1_3,2528.0,619.807451761876,28.426585259822
264978.106693963,3843977.68814559,706.025701957262,L1_3,2528.0,610.079842332304,25.9678308882012
264978.106693963,3843977.68814559,706.025701957262,L1_3,2528.0,599.865852431254,21.6838155901657
264978.106693963,3843977.68814559,706.025701957262,L1_3,2528.0,589.141163035151,16.9854141602693
264978.106693963,3843977.68814559,706.025701957262,L1_3,2528.0,577.880239169243,12.8614067643349
264978.106693963,3843977.68814559,706.025701957262,L1_3,2528.0,566.05626911004,9.75951235699158
264978.106693963,3843977.68814559,706.025701957262,L1_3,2528.0,553.641100547876,7.70443731638922
264978.106693963,3843977.68814559,706.025701957262,L1_3,2528.0,540.605173557605,6.51406630496705
264978.106693963,3843977.68814559,706.025701957262,L1_3,2528.0,526.917450217819,5.97341262001059
264978.106693963,3843977.68814559,706.025701957262,L1_3,2528.0,512.545340711045,5.91263614554081
264978.106693963,3843977.68814559,706.025701957262,L1_3,2528.0,497.454625728932,6.2157952823369
264978.106693963,3843977.68814559,706.025701957262,L1_3,2528.0,481.609374997713,6.8028465969732
264978.106693963,3843977.68814559,706.025701957262,L1_3,2528.0,464.971861729933,7.61042018021492
264978.106693963,3843977.68814559,706.025701957262,L1_3,2528.0,447.502472798764,8.58027625420887
264978.106693963,3843977.68814559,706.025701957262,L1_3,2528.0,429.159614421037,9.65500015516507
264978.106693963,3843977.68814559,706.025701957262,L1_3,2528.0,409.899613124423,10.7772258949691
264978.106693963,3843977.68814559,706.025701957262,L1_3,2528.0,389.676611762979,11.8895926970709
264978.106693963,3843977.68814559,706.025701957262,L1_3,2528.0,368.442460333462,12.9348378803169
264978.106693963,3843977.68814559,706.025701957262,L1_3,2528.0,346.14660133247,13.8583358883955
264978.106693963,3843977.68814559,706.025701957262,L1_3,2528.0,322.754303339663,14.6156702374841
264978.106693963,3843977.68814559,706.025701957262,L1_3,2528.0,300.064105870122,15.2047245815821
264978.106693963,3843977.68814559,706.025701957262,L1_3,2528.0,276.239398527104,15.6405588903679
264978.106693963,3843977.68814559,706.025701957262,L1_3,2528.0,251.223455816935,15.9184274760213
264978.106693963,3843977.68814559,706.025701957262,L1_3,2528.0,224.956715971258,16.0355661357737
264978.106693963,3843977.68814559,706.025701957262,L1_3,2528.0,197.376639133297,15.9948928724151
264978.106693963,3843977.68814559,706.025701957262,L1_3,2528.0,168.417558453437,15.8064476755252
264978.106693963,3843977.68814559,706.025701957262,L1_3,2528.0,138.010523739585,15.4873827325628
264978.106693963,3843977.68814559,706.025701957262,L1_3,2528.0,106.08313729004,15.0611902767882
264978.106693963,3843977.68814559,706.025701957262,L1_3,2528.0,,
264978.106693963,3843977.68814559,706.025701957262,L1_3,2528.0,,
264978.106693963,3843977.68814559,706.025701957262,L1_3,2528.0,,
264978.106693963,3843977.68814559,706.025701957262,L1_3,2528.0,,
264978.106693963,3843977.68814559,706.025701957262,L1_3,2528.0,,
264978.106693963,3843977.68814559,706.025701957262,L1_3,2528.0,,
264978.106693963,3843977.68814559,706.025701957262,L1_3,2528.0,,
264978.106693963,3843977.68814559,706.025701957262,L1_3,2528.0,,
264978.106693963,3843977.68814559,706.025701957262,L1_3,2528.0,,
264978.106693963,3843977.68814559,706.025701957262,L1_3,2528.0,,
264978.106693963,3843977.68814559,706.025701957262,L1_3,2528.0,,
264978.106693963,3843977.68814559,706.025701957262,L1_3,2528.0,,
264978.106693963,3843977.68814559,706.025701957262,L1_3,2528.0,,
264978.106693963,3843977.68814559,706.025701957262,L1_3,2528.0,,
264978.106693963,3843977.68814559,706.025701957262,L1_3,2528.0,,
264978.106693963,3843977.68814559,706.025701957262,L1_3,2528.0,,
264978.106693963,3843977.68814559,706.025701957262,L1_3,2528.0,,
264978.106693963,3843977.68814559,706.025701957262,L1_3,2528.0,,
264978.106693963,3843977.68814559,706.025701957262,L1_3,2528.0,,
264978.106693963,3843977.68814559,706.025701957262,L1_3,2528.0,,
264978.106693963,3843977.68814559,706.025701957262,L1_3,2528.0,,
264983.474774338,3843981.36396538,706.209935718078,L1_3,2534.5,706.209935718078,18.7584049329536
264983.474774338,3843981.36396538,706.209935718078,L1_3,2534.5,700.790633562917,16.3439717956011
264983.474774338,3843981.36396538,706.209935718078,L1_3,2534.5,695.100366299998,13.2189857906706
264983.474774338,3843981.36396538,706.209935718078,L1_3,2534.5,689.125585673933,11.4979902572997
264983.474774338,3843981.36396538,706.209935718078,L1_3,2534.5,682.852066016564,9.77861134756069
264983.474774338,3843981.36396538,706.209935718078,L1_3,2534.5,676.264870376328,8.33284806410752
264983.474774338,3843981.36396538,706.209935718078,L1_3,2534.5,669.348314954079,8.2041682698616
264983.474774338,3843981.36396538,706.209935718078,L1_3,2534.5,662.085931760718,10.0375970850623
264983.474774338,3843981.36396538,706.209935718078,L1_3,2534.5,654.460429407689,14.1587540229918
264983.474774338,3843981.36396538,706.209935718078,L1_3,2534.5,646.453651937008,20.0361920787824
264983.474774338,3843981.36396538,706.209935718078,L1_3,2534.5,638.046535592794,25.7244106096846
264983.474774338,3843981.36396538,706.209935718078,L1_3,2534.5,629.219063431369,28.9215015614391
264983.474774338,3843981.36396538,706.209935718078,L1_3,2534.5,619.950217661872,28.6666795840278
264983.474774338,3843981.36396538,706.209935718078,L1_3,2534.5,610.217929603901,25.5917421653957
264983.474774338,3843981.36396538,706.209935718078,L1_3,2534.5,599.999027143031,21.0517776686665
264983.474774338,3843981.36396538,706.209935718078,L1_3,2534.5,589.269179559117,16.343014652212
264983.474774338,3843981.36396538,706.209935718078,L1_3,2534.5,578.002839596008,12.3286266529766
264983.474774338,3843981.36396538,706.209935718078,L1_3,2534.5,566.173182634744,9.36582934625694
264983.474774338,3843981.36396538,706.209935718078,L1_3,2534.5,553.752042825416,7.43398045462652
264983.474774338,3843981.36396538,706.209935718078,L1_3,2534.5,540.709846025622,6.33947831850665
264983.474774338,3843981.36396538,706.209935718078,L1_3,2534.5,527.015539385838,5.87231552516288
264983.474774338,3843981.36396538,706.209935718078,L1_3,2534.5,512.636517414065,5.87161157192343
264983.474774338,3843981.36396538,706.209935718078,L1_3,2534.5,497.538544343703,6.22872264941984
264983.474774338,3843981.36396538,706.209935718078,L1_3,2534.5,481.685672619824,6.86777419663045
264983.474774338,3843981.36396538,706.209935718078,L1_3,2534.5,465.04015730975,7.72671318608399
264983.474774338,3843981.36396538,706.209935718078,L1_3,2534.5,447.562366234172,8.74657585669321
264983.474774338,3843981.36396538,706.209935718078,L1_3,2534.5,429.210685604816,9.86800640947103
264983.474774338,3843981.36396538,706.209935718078,L1_3,2534.5,409.941420943992,11.0311271918827
264983.474774338,3843981.36396538,706.209935718078,L1_3,2534.5,389.708693050126,12.1759652126236
264983.474774338,3843981.36396538,706.209935718078,L1_3,2534.5,368.464328761568,13.2429319386956
264983.474774338,3843981.36396538,706.209935718078,L1_3,2534.5,346.157746258581,14.1758382810193
264983.474774338,3843981.36396538,706.209935718078,L1_3,2534.5,322.754303339663,14.9300245830745
264983.474774338,3843981.36396538,706.209935718078,L1_3,2534.5,300.064105870122,15.5063763203192
264983.474774338,3843981.36396538,706.209935718078,L1_3,2534.5,276.239398527104,15.9236195649483
264983.474774338,3843981.36396538,706.209935718078,L1_3,2534.5,251.223455816935,16.1785839121584
264983.474774338,3843981.36396538,706.209935718078,L1_3,2534.5,224.956715971258,16.2697628869805
264983.474774338,3843981.36396538,706.209935718078,L1_3,2534.5,197.376639133297,16.2012595361842
264983.474774338,3843981.36396538,706.209935718078,L1_3,2534.5,168.417558453437,15.9843326455846
264983.474774338,3843981.36396538,706.209935718078,L1_3,2534.5,138.010523739585,15.637312652579
264983.474774338,3843981.36396538,706.209935718078,L1_3,2534.5,,
264983.474774338,3843981.36396538,706.209935718078,L1_3,2534.5,,
264983.474774338,3843981.36396538,706.209935718078,L1_3,2534.5,,
264983.474774338,3843981.36396538,706.209935718078,L1_3,2534.5,,
264983.474774338,3843981.36396538,706.209935718078,L1_3,2534.5,,
264983.474774338,3843981.36396538,706.209935718078,L1_3,2534.5,,
264983.474774338,3843981.36396538,706.209935718078,L1_3,2534.5,,
264983.474774338,3843981.36396538,706.209935718078,L1_3,2534.5,,
264983.474774338,3843981.36396538,706.209935718078,L1_3,2534.5,,
264983.474774338,3843981.36396538,706.209935718078,L1_3,2534.5,,
264983.474774338,3843981.36396538,706.209935718078,L1_3,2534.5,,
264983.474774338,3843981.36396538,706.209935718078,L1_3,2534.5,,
264983.474774338,3843981.36396538,706.209935718078,L1_3,2534.5,,
264983.474774338,3843981.36396538,706.209935718078,L1_3,2534.5,,
264983.474774338,3843981.36396538,706.209935718078,L1_3,2534.5,,
264983.474774338,3843981.36396538,706.209935718078,L1_3,2534.5,,
264983.474774338,3843981.36396538,706.209935718078,L1_3,2534.5,,
264983.474774338,3843981.36396538,706.209935718078,L1_3,2534.5,,
264983.474774338,3843981.36396538,706.209935718078,L1_3,2534.5,,
264983.474774338,3843981.36396538,706.209935718078,L1_3,2534.5,,
264983.474774338,3843981.36396538,706.209935718078,L1_3,2534.5,,
264983.474774338,3843981.36396538,706.209935718078,L1_3,2534.5,,
264988.429925454,3843984.75702981,706.40844012427,L1_3,2540.5,706.40844012427,25.061375560719
264988.429925454,3843984.75702981,706.40844012427,L1_3,2540.5,700.986330933658,20.8746054910196
264988.429925454,3843984.75702981,706.40844012427,L1_3,2540.5,695.293116283516,14.5441067990447
264988.429925454,3843984.75702981,706.40844012427,L1_3,2540.5,689.315240900866,10.8372489080679
264988.429925454,3843984.75702981,706.40844012427,L1_3,2540.5,683.038471749084,9.04706127762518
264988.429925454,3843984.75702981,706.40844012427,L1_3,2540.5,676.447864139713,8.55103629929906
264988.429925454,3843984.75702981,706.40844012427,L1_3,2540.5,669.527726149873,9.52442401895514
264988.429925454,3843984.75702981,706.40844012427,L1_3,2540.5,662.261581260541,12.3722424013894
264988.429925454,3843984.75702981,706.40844012427,L1_3,2540.5,654.632129126742,17.2133727966276
264988.429925454,3843984.75702981,706.40844012427,L1_3,2540.5,646.621204386254,23.1122872123472
264988.429925454,3843984.75702981,706.40844012427,L1_3,2540.5,638.209733408741,28.0171971675946
264988.429925454,3843984.75702981,706.40844012427,L1_3,2540.5,629.377688882353,30.071103477432
264988.429925454,3843984.75702981,706.40844012427,L1_3,2540.5,620.104042129645,28.8363622411953
264988.429925454,3843984.75702981,706.40844012427,L1_3,2540.5,610.366713039302,25.1649009682901
264988.429925454,3843984.75702981,706.40844012427,L1_3,2540.5,600.142517494441,20.3839504659755
264988.429925454,3843984.75702981,706.40844012427,L1_3,2540.5,589.407112172338,15.6708835986716
264988.429925454,3843984.75702981,706.40844012427,L1_3,2540.5,578.134936584129,11.7675908848012
264988.429925454,3843984.75702981,706.40844012427,L1_3,2540.5,566.29915221651,8.94446962356703
264988.429925454,3843984.75702981,706.40844012427,L1_3,2540.5,553.87157863051,7.13696576454198
264988.429925454,3843984.75702981,706.40844012427,L1_3,2540.5,540.82262636521,6.14015060334741
264988.429925454,3843984.75702981,706.40844012427,L1_3,2540.5,527.121226486645,5.74885758692167
264988.429925454,3843984.75702981,706.40844012427,L1_3,2540.5,512.734756614152,5.81110099394426
264988.429925454,3843984.75702981,706.40844012427,L1_3,2540.5,497.628963248034,6.22551040573385
264988.429925454,3843984.75702981,706.40844012427,L1_3,2540.5,481.767880213611,6.92027148272446
264988.429925454,3843984.75702981,706.40844012427,L1_3,2540.5,465.113743027466,7.83440803427966
264988.429925454,3843984.75702981,706.40844012427,L1_3,2540.5,447.626898982013,8.90791666383701
264988.429925454,3843984.75702981,706.40844012427,L1_3,2540.5,429.265712734288,10.0791988995261
264988.429925454,3843984.75702981,706.40844012427,L1_3,2540.5,409.986467174177,11.2856442572454
264988.429925454,3843984.75702981,706.40844012427,L1_3,2540.5,389.743259336061,12.4645581002399
264988.429925454,3843984.75702981,706.40844012427,L1_3,2540.5,368.487891106038,13.5540263435155
264988.429925454,3843984.75702981,706.40844012427,L1_3,2540.5,346.169754464515,14.4963980660355
264988.429925454,3843984.75702981,706.40844012427,L1_3,2540.5,322.754303339663,15.2469513347124
264988.429925454,3843984.75702981,706.40844012427,L1_3,2540.5,300.064105870122,15.8098382218044
264988.429925454,3843984.75702981,706.40844012427,L1_3,2540.5,276.239398527104,16.2076773741329
264988.429925454,3843984.75702981,706.40844012427,L1_3,2540.5,251.223455816935,16.4389833811102
264988.429925454,3843984.75702981,706.40844012427,L1_3,2540.5,224.956715971258,16.5035658207114
264988.429925454,3843984.75702981,706.40844012427,L1_3,2540.5,197.376639133297,16.4067409576216
264988.429925454,3843984.75702981,706.40844012427,L1_3,2540.5,168.417558453437,16.1609960332106
264988.429925454,3843984.75702981,706.40844012427,L1_3,2540.5,138.010523739585,15.7858344264056
264988.429925454,3843984.75702981,706.40844012427,L1_3,2540.5,,
264988.429925454,3843984.75702981,706.40844012427,L1_3,2540.5,,
264988.429925454,3843984.75702981,706.40844012427,L1_3,2540.5,,
264988.429925454,3843984.75702981,706.40844012427,L1_3,2540.5,,
264988.429925454,3843984.75702981,706.40844012427,L1_3,2540.5,,
264988.429925454,3843984.75702981,706.40844012427,L1_3,2540.5,,
264988.429925454,3843984.75702981,706.40844012427,L1_3,2540.5,,
264988.429925454,3843984.75702981,706.40844012427,L1_3,2540.5,,
264988.429925454,3843984.75702981,706.40844012427,L1_3,2540.5,,
264988.429925454,3843984.75702981,706.40844012427,L1_3,2540.5,,
264988.429925454,3843984.75702981,706.40844012427,L1_3,2540.5,,
264988.429925454,3843984.75702981,706.40844012427,L1_3,2540.5,,
264988.429925454,3843984.75702981,706.40844012427,L1_3,2540.5,,
264988.429925454,3843984.75702981,706.40844012427,L1_3,2540.5,,
264988.429925454,3843984.75702981,706.40844012427,L1_3,2540.5,,
264988.429925454,3843984.75702981,706.40844012427,L1_3,2540.5,,
264988.429925454,3843984.75702981,706.40844012427,L1_3,2540.5,,
264988.429925454,3843984.75702981,706.40844012427,L1_3,2540.5,,
264988.429925454,3843984.75702981,706.40844012427,L1_3,2540.5,,
264988.429925454,3843984.75702981,706.40844012427,L1_3,2540.5,,
264988.429925454,3843984.75702981,706.40844012427,L1_3,2540.5,,
264988.429925454,3843984.75702981,706.40844012427,L1_3,2540.5,,
264993.79800583,3843988.4328496,706.62125337985,L1_3,2547.0,706.62125337985,27.7910979173437
264993.79800583,3843988.4328496,706.62125337985,L1_3,2547.0,701.196134813455,24.6483069613625
264993.79800583,3843988.4328496,706.62125337985,L1_3,2547.0,695.49976031874,17.3587074766389
264993.79800583,3843988.4328496,706.62125337985,L1_3,2547.0,689.51856709929,11.5728987814192
264993.79800583,3843988.4328496,706.62125337985,L1_3,2547.0,683.238314218867,9.08067427243623
264993.79800583,3843988.4328496,706.62125337985,L1_3,2547.0,676.644048694422,8.8983430935291
264993.79800583,3843988.4328496,706.62125337985,L1_3,2547.0,669.720069893756,10.6685670328831
264993.79800583,3843988.4328496,706.62125337985,L1_3,2547.0,662.449892153056,14.444225121971
264993.79800583,3843988.4328496,706.62125337985,L1_3,2547.0,654.816205525321,19.9181514828342
264993.79800583,3843988.4328496,706.62125337985,L1_3,2547.0,646.8008345662,25.7298702451858
264993.79800583,3843988.4328496,706.62125337985,L1_3,2547.0,638.384695059122,29.8455086377805
264993.79800583,3843988.4328496,706.62125337985,L1_3,2547.0,629.547748576691,30.8724206848381
264993.79800583,3843988.4328496,706.62125337985,L1_3,2547.0,620.268954770137,28.8021952336247
264993.79800583,3843988.4328496,706.62125337985,L1_3,2547.0,610.526221273257,24.6391979915463
264993.79800583,3843988.4328496,706.62125337985,L1_3,2547.0,600.296351101532,19.673319297033
264993.79800583,3843988.4328496,706.62125337985,L1_3,2547.0,589.554987421221,14.9785421602324
264993.79800583,3843988.4328496,706.62125337985,L1_3,2547.0,578.276555556894,11.1921358629861
264993.79800583,3843988.4328496,706.62125337985,L1_3,2547.0,566.434202099352,8.50835094003227
264993.79800583,3843988.4328496,706.62125337985,L1_3,2547.0,553.999730968931,6.82376005517636
264993.79800583,3843988.4328496,706.62125337985,L1_3,2547.0,540.94353628199,5.92383587410523
264993.79800583,3843988.4328496,706.62125337985,L1_3,2547.0,527.234531860702,5.60861974776422
264993.79800583,3843988.4328496,706.62125337985,L1_3,2547.0,512.84007721835,5.73501848597126
264993.79800583,3843988.4328496,706.62125337985,L1_3,2547.0,497.72589984388,6.20884250396652
264993.79800583,3843988.4328496,706.62125337985,L1_3,2547.0,481.856013600686,6.96214155347328
264993.79800583,3843988.4328496,706.62125337985,L1_3,2547.0,465.192633045333,7.93469626271619
264993.79800583,3843988.4328496,706.62125337985,L1_3,2547.0,447.696083462212,9.06507382657194
264993.79800583,3843988.4328496,706.62125337985,L1_3,2547.0,429.324706399935,10.2890679144755
264993.79800583,3843988.4328496,706.62125337985,L1_3,2547.0,410.034760484544,11.5410665409049
264993.79800583,3843988.4328496,706.62125337985,L1_3,2547.0,389.780317273384,12.7555089660161
264993.79800583,3843988.4328496,706.62125337985,L1_3,2547.0,368.513151901665,13.8681384003327
264993.79800583,3843988.4328496,706.62125337985,L1_3,2547.0,346.182628261361,14.8199360406444
264993.79800583,3843988.4328496,706.62125337985,L1_3,2547.0,322.754303339663,15.566297734503
264993.79800583,3843988.4328496,706.62125337985,L1_3,2547.0,300.064105870122,16.1149097449992
264993.79800583,3843988.4328496,706.62125337985,L1_3,2547.0,276.239398527104,16.492506308272
264993.79800583,3843988.4328496,706.62125337985,L1_3,2547.0,251.223455816935,16.6993933181265
264993.79800583,3843988.4328496,706.62125337985,L1_3,2547.0,224.956715971258,16.7367499500187
264993.79800583,3843988.4328496,706.62125337985,L1_3,2547.0,197.376639133297,16.6111291946528
264993.79800583,3843988.4328496,706.62125337985,L1_3,2547.0,168.417558453437,16.3362546599375
264993.79800583,3843988.4328496,706.62125337985,L1_3,2547.0,138.010523739585,15.9327927903001
264993.79800583,3843988.4328496,706.62125337985,L1_3,2547.0,,
264993.79800583,3843988.4328496,706.62125337985,L1_3,2547.0,,
264993.79800583,3843988.4328496,706.62125337985,L1_3,2547.0,,
264993.79800583,3843988.4328496,706.62125337985,L1_3,2547.0,,
264993.79800583,3843988.4328496,706.62125337985,L1_3,2547.0,,
264993.79800583,3843988.4328496,706.62125337985,L1_3,2547.0,,
264993.79800583,3843988.4328496,706.62125337985,L1_3,2547.0,,
264993.79800583,3843988.4328496,706.62125337985,L1_3,2547.0,,
264993.79800583,3843988.4328496,706.62125337985,L1_3,2547.0,,
264993.79800583,3843988.4328496,706.62125337985,L1_3,2547.0,,
264993.79800583,3843988.4328496,706.62125337985,L1_3,2547.0,,
264993.79800583,3843988.4328496,706.62125337985,L1_3,2547.0,,
264993.79800583,3843988.4328496,706.62125337985,L1_3,2547.0,,
264993.79800583,3843988.4328496,706.62125337985,L1_3,2547.0,,
264993.79800583,3843988.4328496,706.62125337985,L1_3,2547.0,,
264993.79800583,3843988.4328496,706.62125337985,L1_3,2547.0,,
264993.79800583,3843988.4328496,706.62125337985,L1_3,2547.0,,
264993.79800583,3843988.4328496,706.62125337985,L1_3,2547.0,,
264993.79800583,3843988.4328496,706.62125337985,L1_3,2547.0,,
264993.79800583,3843988.4328496,706.62125337985,L1_3,2547.0,,
264993.79800583,3843988.4328496,706.62125337985,L1_3,2547.0,,
264993.79800583,3843988.4328496,706.62125337985,L1_3,2547.0,,
264998.753156826,3843991.82591368,706.83406663543,L1_3,2553.0,706.83406663543,31.2934371111845
264998.753156826,3843991.82591368,706.83406663543,L1_3,2553.0,701.405938693252,28.1223691572067
264998.753156826,3843991.82591368,706.83406663543,L1_3,2553.0,695.706404353965,19.5651985567514
264998.753156826,3843991.82591368,706.83406663543,L1_3,2553.0,689.721893297713,12.2267616185795
264998.753156826,3843991.82591368,706.83406663543,L1_3,2553.0,683.438156688649,9.11560193662415
264998.753156826,3843991.82591368,706.83406663543,L1_3,2553.0,676.840233249132,8.99715495080173
264998.753156826,3843991.82591368,706.83406663543,L1_3,2553.0,669.912413637639,11.2503273883326
264998.753156826,3843991.82591368,706.83406663543,L1_3,2553.0,662.638203045571,15.7089203333205
264998.753156826,3843991.82591368,706.83406663543,L1_3,2553.0,655.0002819239,21.6728198805454
264998.753156826,3843991.82591368,706.83406663543,L1_3,2553.0,646.980464746145,27.4103665755408
264998.753156826,3843991.82591368,706.83406663543,L1_3,2553.0,638.559656709503,30.9255257632363
264998.753156826,3843991.82591368,706.83406663543,L1_3,2553.0,629.717808271028,31.1918546433034
264998.753156826,3843991.82591368,706.83406663543,L1_3,2553.0,620.43386741063,28.5129742358889
264998.753156826,3843991.82591368,706.83406663543,L1_3,2553.0,610.685729507212,24.0023682193047
264998.753156826,3843991.82591368,706.83406663543,L1_3,2553.0,600.450184708623,18.9247897849752
264998.753156826,3843991.82591368,706.83406663543,L1_3,2553.0,589.702862670104,14.2774377174707
264998.753156826,3843991.82591368,706.83406663543,L1_3,2553.0,578.418174529659,10.6149568246811
264998.753156826,3843991.82591368,706.83406663543,L1_3,2553.0,566.569251982193,8.06898090852711
264998.753156826,3843991.82591368,706.83406663543,L1_3,2553.0,554.127883307353,6.50385431706339
264998.753156826,3843991.82591368,706.83406663543,L1_3,2553.0,541.064446198771,5.69798049495636
264998.753156826,3843991.82591368,706.83406663543,L1_3,2553.0,527.347837234759,5.45727347242145
264998.753156826,3843991.82591368,706.83406663543,L1_3,2553.0,512.945397822548,5.64758217206163
264998.753156826,3843991.82591368,706.83406663543,L1_3,2553.0,497.822836439725,6.1817755438278
264998.753156826,3843991.82591368,706.83406663543,L1_3,2553.0,481.944146987762,6.99552877968643
264998.753156826,3843991.82591368,706.83406663543,L1_3,2553.0,465.2715230632,8.02901697615638
264998.753156826,3843991.82591368,706.83406663543,L1_3,2553.0,447.765267942411,9.2189471411737
264998.753156826,3843991.82591368,706.83406663543,L1_3,2553.0,429.383700065581,10.4981008910967
264998.753156826,3843991.82591368,706.83406663543,L1_3,2553.0,410.083053794911,11.7975622871283
264998.753156826,3843991.82591368,706.83406663543,L1_3,2553.0,389.817375210707,13.048738949947
264998.753156826,3843991.82591368,706.83406663543,L1_3,2553.0,368.538412697292,14.185001118851
264998.753156826,3843991.82591368,706.83406663543,L1_3,2553.0,346.195502058207,15.1460511191788
264998.753156826,3843991.82591368,706.83406663543,L1_3,2553.0,322.754303339663,15.8875827313433
264998.753156826,3843991.82591368,706.83406663543,L1_3,2553.0,300.064105870122,16.4210748962292
264998.753156826,3843991.82591368,706.83406663543,L1_3,2553.0,276.239398527104,16.7775876377139
264998.753156826,3843991.82591368,706.83406663543,L1_3,2553.0,251.223455816935,16.9593145971666
264998.753156826,3843991.82591368,706.83406663543,L1_3,2553.0,224.956715971258,16.9688550614776
264998.753156826,3843991.82591368,706.83406663543,L1_3,2553.0,197.376639133297,16.814018920022
264998.753156826,3843991.82591368,706.83406663543,L1_3,2553.0,168.417558453437,16.509763831404
264998.753156826,3843991.82591368,706.83406663543,L1_3,2553.0,138.010523739585,16.0779029725191
264998.753156826,3843991.82591368,706.83406663543,L1_3,2553.0,,
264998.753156826,3843991.82591368,706.83406663543,L1_3,2553.0,,
264998.753156826,3843991.82591368,706.83406663543,L1_3,2553.0,,
264998.753156826,3843991.82591368,706.83406663543,L1_3,2553.0,,
264998.753156826,3843991.82591368,706.83406663543,L1_3,2553.0,,
264998.753156826,3843991.82591368,706.83406663543,L1_3,2553.0,,
264998.753156826,3843991.82591368,706.83406663543,L1_3,2553.0,,
264998.753156826,3843991.82591368,706.83406663543,L1_3,2553.0,,
264998.753156826,3843991.82591368,706.83406663543,L1_3,2553.0,,
264998.753156826,3843991.82591368,706.83406663543,L1_3,2553.0,,
264998.753156826,3843991.82591368,706.83406663543,L1_3,2553.0,,
264998.753156826,3843991.82591368,706.83406663543,L1_3,2553.0,,
264998.753156826,3843991.82591368,706.83406663543,L1_3,2553.0,,
264998.753156826,3843991.82591368,706.83406663543,L1_3,2553.0,,
264998.753156826,3843991.82591368,706.83406663543,L1_3,2553.0,,
264998.753156826,3843991.82591368,706.83406663543,L1_3,2553.0,,
264998.753156826,3843991.82591368,706.83406663543,L1_3,2553.0,,
264998.753156826,3843991.82591368,706.83406663543,L1_3,2553.0,,
264998.753156826,3843991.82591368,706.83406663543,L1_3,2553.0,,
264998.753156826,3843991.82591368,706.83406663543,L1_3,2553.0,,
264998.753156826,3843991.82591368,706.83406663543,L1_3,2553.0,,
264998.753156826,3843991.82591368,706.83406663543,L1_3,2553.0,,
265004.12123694,3843995.50173273,707.04687989101,L1_3,2559.5,707.04687989101,32.8119224725511
265004.12123694,3843995.50173273,707.04687989101,L1_3,2559.5,701.615742573049,29.1327678058498
265004.12123694,3843995.50173273,707.04687989101,L1_3,2559.5,695.913048389189,19.8379488574427
265004.12123694,3843995.50173273,707.04687989101,L1_3,2559.5,689.925219496137,12.0801434214241
265004.12123694,3843995.50173273,707.04687989101,L1_3,2559.5,683.637999158432,8.79150326683279
265004.12123694,3843995.50173273,707.04687989101,L1_3,2559.5,677.036417803842,8.70100066197017
265004.12123694,3843995.50173273,707.04687989101,L1_3,2559.5,670.104757381522,11.173566200695
265004.12123694,3843995.50173273,707.04687989101,L1_3,2559.5,662.826513938086,16.0052190005769
265004.12123694,3843995.50173273,707.04687989101,L1_3,2559.5,655.184358322479,22.2810515401842
265004.12123694,3843995.50173273,707.04687989101,L1_3,2559.5,647.160094926091,28.0093032584886
265004.12123694,3843995.50173273,707.04687989101,L1_3,2559.5,638.734618359884,31.1866064031378
265004.12123694,3843995.50173273,707.04687989101,L1_3,2559.5,629.887867965366,31.0029298817506
265004.12123694,3843995.50173273,707.04687989101,L1_3,2559.5,620.598780051122,27.9609703863306
265004.12123694,3843995.50173273,707.04687989101,L1_3,2559.5,610.845237741167,23.255126199814
265004.12123694,3843995.50173273,707.04687989101,L1_3,2559.5,600.604018315713,18.1437358399501
265004.12123694,3843995.50173273,707.04687989101,L1_3,2559.5,589.850737918987,13.575383189978
265004.12123694,3843995.50173273,707.04687989101,L1_3,2559.5,578.559793502425,10.0446164108101
265004.12123694,3843995.50173273,707.04687989101,L1_3,2559.5,566.704301865034,7.63452665172089
265004.12123694,3843995.50173273,707.04687989101,L1_3,2559.5,554.256035645774,6.18442965517136
265004.12123694,3843995.50173273,707.04687989101,L1_3,2559.5,541.185356115551,5.46859876214351
265004.12123694,3843995.50173273,707.04687989101,L1_3,2559.5,527.461142608816,5.29970073168502
265004.12123694,3843995.50173273,707.04687989101,L1_3,2559.5,513.050718426745,5.55265635740826
265004.12123694,3843995.50173273,707.04687989101,L1_3,2559.5,497.919773035571,6.1472934721662
265004.12123694,3843995.50173273,707.04687989101,L1_3,2559.5,482.032280374838,7.02267798660933
265004.12123694,3843995.50173273,707.04687989101,L1_3,2559.5,465.350413081068,8.11901188235021
265004.12123694,3843995.50173273,707.04687989101,L1_3,2559.5,447.834452422609,9.37069887133281
265004.12123694,3843995.50173273,707.04687989101,L1_3,2559.5,429.442693731228,10.707084754587
265004.12123694,3843995.50173273,707.04687989101,L1_3,2559.5,410.131347105278,12.05562503847
265004.12123694,3843995.50173273,707.04687989101,L1_3,2559.5,389.85443314803,13.344510569267
265004.12123694,3843995.50173273,707.04687989101,L1_3,2559.5,368.563673492919,14.5046966028591
265004.12123694,3843995.50173273,707.04687989101,L1_3,2559.5,346.208375855053,15.4746896159841
265004.12123694,3843995.50173273,707.04687989101,L1_3,2559.5,322.754303339663,16.2106576726717
265004.12123694,3843995.50173273,707.04687989101,L1_3,2559.5,300.064105870122,16.7281270091822
265004.12123694,3843995.50173273,707.04687989101,L1_3,2559.5,276.239398527104,17.0626864261629
265004.12123694,3843995.50173273,707.04687989101,L1_3,2559.5,251.223455816935,17.2185065248407
265004.12123694,3843995.50173273,707.04687989101,L1_3,2559.5,224.956715971258,17.1996513408891
265004.12123694,3843995.50173273,707.04687989101,L1_3,2559.5,197.376639133297,17.0152012198591
265004.12123694,3843995.50173273,707.04687989101,L1_3,2559.5,168.417558453437,16.6813400649996
265004.12123694,3843995.50173273,707.04687989101,L1_3,2559.5,138.010523739585,16.2210096277228
265004.12123694,3843995.50173273,707.04687989101,L1_3,2559.5,,
265004.12123694,3843995.50173273,707.04687989101,L1_3,2559.5,,
265004.12123694,3843995.50173273,707.04687989101,L1_3,2559.5,,
265004.12123694,3843995.50173273,707.04687989101,L1_3,2559.5,,
265004.12123694,3843995.50173273,707.04687989101,L1_3,2559.5,,
265004.12123694,3843995.50173273,707.04687989101,L1_3,2559.5,,
265004.12123694,3843995.50173273,707.04687989101,L1_3,2559.5,,
265004.12123694,3843995.50173273,707.04687989101,L1_3,2559.5,,
265004.12123694,3843995.50173273,707.04687989101,L1_3,2559.5,,
265004.12123694,3843995.50173273,707.04687989101,L1_3,2559.5,,
265004.12123694,3843995.50173273,707.04687989101,L1_3,2559.5,,
265004.12123694,3843995.50173273,707.04687989101,L1_3,2559.5,,
265004.12123694,3843995.50173273,707.04687989101,L1_3,2559.5,,
265004.12123694,3843995.50173273,707.04687989101,L1_3,2559.5,,
265004.12123694,3843995.50173273,707.04687989101,L1_3,2559.5,,
265004.12123694,3843995.50173273,707.04687989101,L1_3,2559.5,,
265004.12123694,3843995.50173273,707.04687989101,L1_3,2559.5,,
265004.12123694,3843995.50173273,707.04687989101,L1_3,2559.5,,
265004.12123694,3843995.50173273,707.04687989101,L1_3,2559.5,,
265004.12123694,3843995.50173273,707.04687989101,L1_3,2559.5,,
265004.12123694,3843995.50173273,707.04687989101,L1_3,2559.5,,
265004.12123694,3843995.50173273,707.04687989101,L1_3,2559.5,,
265009.076387815,3843998.89479646,707.25969314659,L1_3,2565.5,707.25969314659,33.0557066294481
265009.076387815,3843998.89479646,707.25969314659,L1_3,2565.5,701.825546452845,28.9592789357081
265009.076387815,3843998.89479646,707.25969314659,L1_3,2565.5,696.119692424414,19.2697191263063
265009.076387815,3843998.89479646,707.25969314659,L1_3,2565.5,690.12854569456,11.5112172112722
265009.076387815,3843998.89479646,707.25969314659,L1_3,2565.5,683.837841628215,8.26756782504653
265009.076387815,3843998.89479646,707.25969314659,L1_3,2565.5,677.232602358551,8.21301612446073
265009.076387815,3843998.89479646,707.25969314659,L1_3,2565.5,670.297101125405,10.7590397677521
265009.076387815,3843998.89479646,707.25969314659,L1_3,2565.5,663.014824830601,15.7458509737295
265009.076387815,3843998.89479646,707.25969314659,L1_3,2565.5,655.368434721057,22.1827095894329
265009.076387815,3843998.89479646,707.25969314659,L1_3,2565.5,647.339725106036,27.9222160962291
265009.076387815,3843998.89479646,707.25969314659,L1_3,2565.5,638.909580010264,30.9251849480785
265009.076387815,3843998.89479646,707.25969314659,L1_3,2565.5,630.057927659704,30.4921843170711
265009.076387815,3843998.89479646,707.25969314659,L1_3,2565.5,620.763692691615,27.248580992653
265009.076387815,3843998.89479646,707.25969314659,L1_3,2565.5,611.004745975122,22.449341804141
265009.076387815,3843998.89479646,707.25969314659,L1_3,2565.5,600.757851922804,17.3564267728619
265009.076387815,3843998.89479646,707.25969314659,L1_3,2565.5,589.99861316787,12.8872164668383
265009.076387815,3843998.89479646,707.25969314659,L1_3,2565.5,578.70141247519,9.49115972703893
265009.076387815,3843998.89479646,707.25969314659,L1_3,2565.5,566.839351747875,7.21284294127315
265009.076387815,3843998.89479646,707.25969314659,L1_3,2565.5,554.384187984195,5.87203803129445
265009.076387815,3843998.89479646,707.25969314659,L1_3,2565.5,541.306266032331,5.2412407304178
265009.076387815,3843998.89479646,707.25969314659,L1_3,2565.5,527.574447982873,5.14057418016448
265009.076387815,3843998.89479646,707.25969314659,L1_3,2565.5,513.156039030943,5.45410652435577
265009.076387815,3843998.89479646,707.25969314659,L1_3,2565.5,498.016709631417,6.10850829865833
265009.076387815,3843998.89479646,707.25969314659,L1_3,2565.5,482.120413761913,7.04600296359754
265009.076387815,3843998.89479646,707.25969314659,L1_3,2565.5,465.429303098935,8.20646188384426
265009.076387815,3843998.89479646,707.25969314659,L1_3,2565.5,447.903636902808,9.52155177934769
265009.076387815,3843998.89479646,707.25969314659,L1_3,2565.5,429.501687396874,10.9167650686825
265009.076387815,3843998.89479646,707.25969314659,L1_3,2565.5,410.179640415644,12.3156042937335
265009.076387815,3843998.89479646,707.25969314659,L1_3,2565.5,389.891491085353,13.6428518592026
265009.076387815,3843998.89479646,707.25969314659,L1_3,2565.5,368.588934288546,14.8270035703011
265009.076387815,3843998.89479646,707.25969314659,L1_3,2565.5,346.2212496519,15.8054545762501
265009.076387815,3843998.89479646,707.25969314659,L1_3,2565.5,322.754303339663,16.5350211487021
265009.076387815,3843998.89479646,707.25969314659,L1_3,2565.5,300.064105870122,17.0355178972672
265009.076387815,3843998.89479646,707.25969314659,L1_3,2565.5,276.239398527104,17.3472482249241
265009.076387815,3843998.89479646,707.25969314659,L1_3,2565.5,251.223455816935,17.4764429546537
265009.076387815,3843998.89479646,707.25969314659,L1_3,2565.5,224.956715971258,17.4286619191469
265009.076387815,3843998.89479646,707.25969314659,L1_3,2565.5,197.376639133297,17.2142586325858
265009.076387815,3843998.89479646,707.25969314659,L1_3,2565.5,168.417558453437,16.8506315050438
265009.076387815,3843998.89479646,707.25969314659,L1_3,2565.5,138.010523739585,16.3618259255608
265009.076387815,3843998.89479646,707.25969314659,L1_3,2565.5,,
265009.076387815,3843998.89479646,707.25969314659,L1_3,2565.5,,
265009.076387815,3843998.89479646,707.25969314659,L1_3,2565.5,,
265009.076387815,3843998.89479646,707.25969314659,L1_3,2565.5,,
265009.076387815,3843998.89479646,707.25969314659,L1_3,2565.5,,
265009.076387815,3843998.89479646,707.25969314659,L1_3,2565.5,,
265009.076387815,3843998.89479646,707.25969314659,L1_3,2565.5,,
265009.076387815,3843998.89479646,707.25969314659,L1_3,2565.5,,
265009.076387815,3843998.89479646,707.25969314659,L1_3,2565.5,,
265009.076387815,3843998.89479646,707.25969314659,L1_3,2565.5,,
265009.076387815,3843998.89479646,707.25969314659,L1_3,2565.5,,
265009.076387815,3843998.89479646,707.25969314659,L1_3,2565.5,,
265009.076387815,3843998.89479646,707.25969314659,L1_3,2565.5,,
265009.076387815,3843998.89479646,707.25969314659,L1_3,2565.5,,
265009.076387815,3843998.89479646,707.25969314659,L1_3,2565.5,,
265009.076387815,3843998.89479646,707.25969314659,L1_3,2565.5,,
265009.076387815,3843998.89479646,707.25969314659,L1_3,2565.5,,
265009.076387815,3843998.89479646,707.25969314659,L1_3,2565.5,,
265009.076387815,3843998.89479646,707.25969314659,L1_3,2565.5,,
265009.076387815,3843998.89479646,707.25969314659,L1_3,2565.5,,
265009.076387815,3843998.89479646,707.25969314659,L1_3,2565.5,,
265009.076387815,3843998.89479646,707.25969314659,L1_3,2565.5,,
265014.444467929,3844002.57061551,707.47250640217,L1_3,2572.0,707.47250640217,33.486024095178
265014.444467929,3844002.57061551,707.47250640217,L1_3,2572.0,702.035350332642,29.0147953619603
265014.444467929,3844002.57061551,707.47250640217,L1_3,2572.0,696.326336459638,18.8299997454516
265014.444467929,3844002.57061551,707.47250640217,L1_3,2572.0,690.331871892984,10.9627688936124
265014.444467929,3844002.57061551,707.47250640217,L1_3,2572.0,684.037684097997,7.74937243628331
265014.444467929,3844002.57061551,707.47250640217,L1_3,2572.0,677.428786913261,7.71234316596281
265014.444467929,3844002.57061551,707.47250640217,L1_3,2572.0,670.489444869288,10.2665494054598
265014.444467929,3844002.57061551,707.47250640217,L1_3,2572.0,663.203135723116,15.2940565062536
265014.444467929,3844002.57061551,707.47250640217,L1_3,2572.0,655.552511119636,21.7835030659889
265014.444467929,3844002.57061551,707.47250640217,L1_3,2572.0,647.519355285982,27.5040976369688
265014.444467929,3844002.57061551,707.47250640217,L1_3,2572.0,639.084541660645,30.3914500341198
265014.444467929,3844002.57061551,707.47250640217,L1_3,2572.0,630.227987354041,29.8083671277855
265014.444467929,3844002.57061551,707.47250640217,L1_3,2572.0,620.928605332107,26.4541663460711
265014.444467929,3844002.57061551,707.47250640217,L1_3,2572.0,611.164254209077,21.623267430766
265014.444467929,3844002.57061551,707.47250640217,L1_3,2572.0,600.911685529894,16.5812264234715
265014.444467929,3844002.57061551,707.47250640217,L1_3,2572.0,590.146488416753,12.222618777539
265014.444467929,3844002.57061551,707.47250640217,L1_3,2572.0,578.843031447955,8.96090620592949
265014.444467929,3844002.57061551,707.47250640217,L1_3,2572.0,566.974401630716,6.8090003457035
265014.444467929,3844002.57061551,707.47250640217,L1_3,2572.0,554.512340322616,5.57117930858873
265014.444467929,3844002.57061551,707.47250640217,L1_3,2572.0,541.427175949111,5.01999467369364
265014.444467929,3844002.57061551,707.47250640217,L1_3,2572.0,527.687753356931,4.9835747063754
265014.444467929,3844002.57061551,707.47250640217,L1_3,2572.0,513.261359635141,5.35517137547369
265014.444467929,3844002.57061551,707.47250640217,L1_3,2572.0,498.113646227262,6.06818078573282
265014.444467929,3844002.57061551,707.47250640217,L1_3,2572.0,482.208547148989,7.06776980624076
265014.444467929,3844002.57061551,707.47250640217,L1_3,2572.0,465.508193116803,8.29315052728658
265014.444467929,3844002.57061551,707.47250640217,L1_3,2572.0,447.972821383007,9.67284513532774
265014.444467929,3844002.57061551,707.47250640217,L1_3,2572.0,429.560681062521,11.1280890381787
265014.444467929,3844002.57061551,707.47250640217,L1_3,2572.0,410.227933726011,12.5781125240721
265014.444467929,3844002.57061551,707.47250640217,L1_3,2572.0,389.928549022675,13.9441009357064
265014.444467929,3844002.57061551,707.47250640217,L1_3,2572.0,368.614195084173,15.1520437664968
265014.444467929,3844002.57061551,707.47250640217,L1_3,2572.0,346.234123448746,16.1383054190333
265014.444467929,3844002.57061551,707.47250640217,L1_3,2572.0,322.754303339663,16.8605220744361
265014.444467929,3844002.57061551,707.47250640217,L1_3,2572.0,300.064105870122,17.3430322268791
265014.444467929,3844002.57061551,707.47250640217,L1_3,2572.0,276.239398527104,17.6310294191599
265014.444467929,3844002.57061551,707.47250640217,L1_3,2572.0,251.223455816935,17.7328744350377
265014.444467929,3844002.57061551,707.47250640217,L1_3,2572.0,224.956715971258,17.6556480934111
265014.444467929,3844002.57061551,707.47250640217,L1_3,2572.0,197.376639133297,17.41097602873
265014.444467929,3844002.57061551,707.47250640217,L1_3,2572.0,168.417558453437,17.0174531324314
265014.444467929,3844002.57061551,707.47250640217,L1_3,2572.0,138.010523739585,16.5001983682941
265014.444467929,3844002.57061551,707.47250640217,L1_3,2572.0,,
265014.444467929,3844002.57061551,707.47250640217,L1_3,2572.0,,
265014.444467929,3844002.57061551,707.47250640217,L1_3,2572.0,,
265014.444467929,3844002.57061551,707.47250640217,L1_3,2572.0,,
265014.444467929,3844002.57061551,707.47250640217,L1_3,2572.0,,
265014.444467929,3844002.57061551,707.47250640217,L1_3,2572.0,,
265014.444467929,3844002.57061551,707.47250640217,L1_3,2572.0,,
265014.444467929,3844002.57061551,707.47250640217,L1_3,2572.0,,
265014.444467929,3844002.57061551,707.47250640217,L1_3,2572.0,,
265014.444467929,3844002.57061551,707.47250640217,L1_3,2572.0,,
265014.444467929,3844002.57061551,707.47250640217,L1_3,2572.0,,
265014.444467929,3844002.57061551,707.47250640217,L1_3,2572.0,,
265014.444467929,3844002.57061551,707.47250640217,L1_3,2572.0,,
265014.444467929,3844002.57061551,707.47250640217,L1_3,2572.0,,
265014.444467929,3844002.57061551,707.47250640217,L1_3,2572.0,,
265014.444467929,3844002.57061551,707.47250640217,L1_3,2572.0,,
265014.444467929,3844002.57061551,707.47250640217,L1_3,2572.0,,
265014.444467929,3844002.57061551,707.47250640217,L1_3,2572.0,,
265014.444467929,3844002.57061551,707.47250640217,L1_3,2572.0,,
265014.444467929,3844002.57061551,707.47250640217,L1_3,2572.0,,
265014.444467929,3844002.57061551,707.47250640217,L1_3,2572.0,,
265014.444467929,3844002.57061551,707.47250640217,L1_3,2572.0,,
265019.399618804,3844005.96367925,707.68531965775,L1_3,2578.0,707.68531965775,35.6161344555925
265019.399618804,3844005.96367925,707.68531965775,L1_3,2578.0,702.245154212439,30.528522803405
265019.399618804,3844005.96367925,707.68531965775,L1_3,2578.0,696.532980494863,19.1326031504963
265019.399618804,3844005.96367925,707.68531965775,L1_3,2578.0,690.535198091408,10.6504649704389
265019.399618804,3844005.96367925,707.68531965775,L1_3,2578.0,684.23752656778,7.32728009524484
265019.399618804,3844005.96367925,707.68531965775,L1_3,2578.0,677.624971467971,7.29768422441021
265019.399618804,3844005.96367925,707.68531965775,L1_3,2578.0,670.681788613171,9.88284835099135
265019.399618804,3844005.96367925,707.68531965775,L1_3,2578.0,663.391446615632,14.9662250009999
265019.399618804,3844005.96367925,707.68531965775,L1_3,2578.0,655.736587518215,21.4907091057821
265019.399618804,3844005.96367925,707.68531965775,L1_3,2578.0,647.698985465928,27.1521544464828
265019.399618804,3844005.96367925,707.68531965775,L1_3,2578.0,639.259503311026,29.8929415404303
265019.399618804,3844005.96367925,707.68531965775,L1_3,2578.0,630.398047048379,29.151120245304
265019.399618804,3844005.96367925,707.68531965775,L1_3,2578.0,621.0935179726,25.6911131278269
265019.399618804,3844005.96367925,707.68531965775,L1_3,2578.0,611.323762443032,20.8350017117133
265019.399618804,3844005.96367925,707.68531965775,L1_3,2578.0,601.065519136985,15.8459955179842
265019.399618804,3844005.96367925,707.68531965775,L1_3,2578.0,590.294363665636,11.5950390444845
265019.399618804,3844005.96367925,707.68531965775,L1_3,2578.0,578.98465042072,8.46122809864287
265019.399618804,3844005.96367925,707.68531965775,L1_3,2578.0,567.109451513558,6.42802599782845
265019.399618804,3844005.96367925,707.68531965775,L1_3,2578.0,554.640492661037,5.28598270075693
265019.399618804,3844005.96367925,707.68531965775,L1_3,2578.0,541.548085865891,4.80858148560166
265019.399618804,3844005.96367925,707.68531965775,L1_3,2578.0,527.801058730988,4.83213707216134
265019.399618804,3844005.96367925,707.68531965775,L1_3,2578.0,513.366680239339,5.25898073994336
265019.399618804,3844005.96367925,707.68531965775,L1_3,2578.0,498.210582823108,6.02906720113084
265019.399618804,3844005.96367925,707.68531965775,L1_3,2578.0,482.296680536065,7.09028861054845
265019.399618804,3844005.96367925,707.68531965775,L1_3,2578.0,465.58708313467,8.3808937274229
265019.399618804,3844005.96367925,707.68531965775,L1_3,2578.0,448.042005863205,9.82589041609561
265019.399618804,3844005.96367925,707.68531965775,L1_3,2578.0,429.619674728167,11.3418891182485
265019.399618804,3844005.96367925,707.68531965775,L1_3,2578.0,410.276227036378,12.8435546036319
265019.399618804,3844005.96367925,707.68531965775,L1_3,2578.0,389.965606959998,14.2483054107841
265019.399618804,3844005.96367925,707.68531965775,L1_3,2578.0,368.6394558798,15.4795862022724
265019.399618804,3844005.96367925,707.68531965775,L1_3,2578.0,346.246997245592,16.4728152849813
265019.399618804,3844005.96367925,707.68531965775,L1_3,2578.0,322.754303339663,17.1866198003894
265019.399618804,3844005.96367925,707.68531965775,L1_3,2578.0,300.064105870122,17.6500832170867
265019.399618804,3844005.96367925,707.68531965775,L1_3,2578.0,276.239398527104,17.9134457156238
265019.399618804,3844005.96367925,707.68531965775,L1_3,2578.0,251.223455816935,17.9872517536604
265019.399618804,3844005.96367925,707.68531965775,L1_3,2578.0,224.956715971258,17.8801173298532
265019.399618804,3844005.96367925,707.68531965775,L1_3,2578.0,197.376639133297,17.6049273935511
265019.399618804,3844005.96367925,707.68531965775,L1_3,2578.0,168.417558453437,17.1814477614951
265019.399618804,3844005.96367925,707.68531965775,L1_3,2578.0,138.010523739585,16.6358376689365
265019.399618804,3844005.96367925,707.68531965775,L1_3,2578.0,,
265019.399618804,3844005.96367925,707.68531965775,L1_3,2578.0,,
265019.399618804,3844005.96367925,707.68531965775,L1_3,2578.0,,
265019.399618804,3844005.96367925,707.68531965775,L1_3,2578.0,,
265019.399618804,3844005.96367925,707.68531965775,L1_3,2578.0,,
265019.399618804,3844005.96367925,707.68531965775,L1_3,2578.0,,
265019.399618804,3844005.96367925,707.68531965775,L1_3,2578.0,,
265019.399618804,3844005.96367925,707.68531965775,L1_3,2578.0,,
265019.399618804,3844005.96367925,707.68531965775,L1_3,2578.0,,
265019.399618804,3844005.96367925,707.68531965775,L1_3,2578.0,,
265019.399618804,3844005.96367925,707.68531965775,L1_3,2578.0,,
265019.399618804,3844005.96367925,707.68531965775,L1_3,2578.0,,
265019.399618804,3844005.96367925,707.68531965775,L1_3,2578.0,,
265019.399618804,3844005.96367925,707.68531965775,L1_3,2578.0,,
265019.399618804,3844005.96367925,707.68531965775,L1_3,2578.0,,
265019.399618804,3844005.96367925,707.68531965775,L1_3,2578.0,,
265019.399618804,3844005.96367925,707.68531965775,L1_3,2578.0,,
265019.399618804,3844005.96367925,707.68531965775,L1_3,2578.0,,
265019.399618804,3844005.96367925,707.68531965775,L1_3,2578.0,,
265019.399618804,3844005.96367925,707.68531965775,L1_3,2578.0,,
265019.399618804,3844005.96367925,707.68531965775,L1_3,2578.0,,
265019.399618804,3844005.96367925,707.68531965775,L1_3,2578.0,,
265024.767698919,3844009.63949829,707.898132913329,L1_3,2584.5,707.898132913329,39.8209115204566
265024.767698919,3844009.63949829,707.898132913329,L1_3,2584.5,702.454958092236,33.7753115639614
265024.767698919,3844009.63949829,707.898132913329,L1_3,2584.5,696.739624530087,20.2330850067431
265024.767698919,3844009.63949829,707.898132913329,L1_3,2584.5,690.738524289831,10.5519676964154
265024.767698919,3844009.63949829,707.898132913329,L1_3,2584.5,684.437369037563,6.98493822429893
265024.767698919,3844009.63949829,707.898132913329,L1_3,2584.5,677.82115602268,6.96893247336243
265024.767698919,3844009.63949829,707.898132913329,L1_3,2584.5,670.874132357054,9.63624706659729
265024.767698919,3844009.63949829,707.898132913329,L1_3,2584.5,663.579757508147,14.8338722326135
265024.767698919,3844009.63949829,707.898132913329,L1_3,2584.5,655.920663916794,21.4137808704758
265024.767698919,3844009.63949829,707.898132913329,L1_3,2584.5,647.878615645873,26.9862010340351
265024.767698919,3844009.63949829,707.898132913329,L1_3,2584.5,639.434464961407,29.5331213717892
265024.767698919,3844009.63949829,707.898132913329,L1_3,2584.5,630.568106742717,28.5956469349711
265024.767698919,3844009.63949829,707.898132913329,L1_3,2584.5,621.258430613092,25.0068972356095
265024.767698919,3844009.63949829,707.898132913329,L1_3,2584.5,611.483270676987,20.1109344772808
265024.767698919,3844009.63949829,707.898132913329,L1_3,2584.5,601.219352744076,15.1639765790153
265024.767698919,3844009.63949829,707.898132913329,L1_3,2584.5,590.442238914519,11.0109567222704
265024.767698919,3844009.63949829,707.898132913329,L1_3,2584.5,579.126269393485,7.99574464841585
265024.767698919,3844009.63949829,707.898132913329,L1_3,2584.5,567.244501396399,6.07257445870557
265024.767698919,3844009.63949829,707.898132913329,L1_3,2584.5,554.768644999459,5.01889005590862
265024.767698919,3844009.63949829,707.898132913329,L1_3,2584.5,541.668995782671,4.6094575860768
265024.767698919,3844009.63949829,707.898132913329,L1_3,2584.5,527.914364105045,4.68874472308443
265024.767698919,3844009.63949829,707.898132913329,L1_3,2584.5,513.472000843537,5.1679720802914
265024.767698919,3844009.63949829,707.898132913329,L1_3,2584.5,498.307519418953,5.9934536763528
265024.767698919,3844009.63949829,707.898132913329,L1_3,2584.5,482.384813923141,7.11558903528106
265024.767698919,3844009.63949829,707.898132913329,L1_3,2584.5,465.665973152537,8.47138580213061
265024.767698919,3844009.63949829,707.898132913329,L1_3,2584.5,448.111190343404,9.98200915396791
265024.767698919,3844009.63949829,707.898132913329,L1_3,2584.5,429.678668393814,11.5591182796407
265024.767698919,3844009.63949829,707.898132913329,L1_3,2584.5,410.324520346744,13.1125484789926
265024.767698919,3844009.63949829,707.898132913329,L1_3,2584.5,390.002664897321,14.5557948681208
265024.767698919,3844009.63949829,707.898132913329,L1_3,2584.5,368.664716675427,15.8097290725839
265024.767698919,3844009.63949829,707.898132913329,L1_3,2584.5,346.259871042438,16.8089141284999
265024.767698919,3844009.63949829,707.898132913329,L1_3,2584.5,322.754303339663,17.5131354945153
265024.767698919,3844009.63949829,707.898132913329,L1_3,2584.5,300.064105870122,17.956432003419
265024.767698919,3844009.63949829,707.898132913329,L1_3,2584.5,276.239398527104,18.194233699655
265024.767698919,3844009.63949829,707.898132913329,L1_3,2584.5,251.223455816935,18.2393127000639
265024.767698919,3844009.63949829,707.898132913329,L1_3,2584.5,224.956715971258,18.1018261577289
265024.767698919,3844009.63949829,707.898132913329,L1_3,2584.5,197.376639133297,17.7958982021139
265024.767698919,3844009.63949829,707.898132913329,L1_3,2584.5,168.417558453437,17.3424317816952
265024.767698919,3844009.63949829,707.898132913329,L1_3,2584.5,138.010523739585,16.7685917380112
265024.767698919,3844009.63949829,707.898132913329,L1_3,2584.5,,
265024.767698919,3844009.63949829,707.898132913329,L1_3,2584.5,,
265024.767698919,3844009.63949829,707.898132913329,L1_3,2584.5,,
265024.767698919,3844009.63949829,707.898132913329,L1_3,2584.5,,
265024.767698919,3844009.63949829,707.898132913329,L1_3,2584.5,,
265024.767698919,3844009.63949829,707.898132913329,L1_3,2584.5,,
265024.767698919,3844009.63949829,707.898132913329,L1_3,2584.5,,
265024.767698919,3844009.63949829,707.898132913329,L1_3,2584.5,,
265024.767698919,3844009.63949829,707.898132913329,L1_3,2584.5,,
265024.767698919,3844009.63949829,707.898132913329,L1_3,2584.5,,
265024.767698919,3844009.63949829,707.898132913329,L1_3,2584.5,,
265024.767698919,3844009.63949829,707.898132913329,L1_3,2584.5,,
265024.767698919,3844009.63949829,707.898132913329,L1_3,2584.5,,
265024.767698919,3844009.63949829,707.898132913329,L1_3,2584.5,,
265024.767698919,3844009.63949829,707.898132913329,L1_3,2584.5,,
265024.767698919,3844009.63949829,707.898132913329,L1_3,2584.5,,
265024.767698919,3844009.63949829,707.898132913329,L1_3,2584.5,,
265024.767698919,3844009.63949829,707.898132913329,L1_3,2584.5,,
265024.767698919,3844009.63949829,707.898132913329,L1_3,2584.5,,
265024.767698919,3844009.63949829,707.898132913329,L1_3,2584.5,,
265024.767698919,3844009.63949829,707.898132913329,L1_3,2584.5,,
265024.767698919,3844009.63949829,707.898132913329,L1_3,2584.5,,
265029.722849794,3844013.03256203,708.110946168909,L1_3,2590.5,708.110946168909,44.499450526067
265029.722849794,3844013.03256203,708.110946168909,L1_3,2590.5,702.664761972032,37.396106591184
265029.722849794,3844013.03256203,708.110946168909,L1_3,2590.5,696.946268565312,21.2936752141289
265029.722849794,3844013.03256203,708.110946168909,L1_3,2590.5,690.941850488255,10.3198041978516
265029.722849794,3844013.03256203,708.110946168909,L1_3,2590.5,684.637211507345,6.60145923806407
265029.722849794,3844013.03256203,708.110946168909,L1_3,2590.5,678.01734057739,6.67172451487819
265029.722849794,3844013.03256203,708.110946168909,L1_3,2590.5,671.066476100937,9.48879292013662
265029.722849794,3844013.03256203,708.110946168909,L1_3,2590.5,663.768068400662,14.8663190613326
265029.722849794,3844013.03256203,708.110946168909,L1_3,2590.5,656.104740315372,21.5372291175949
265029.722849794,3844013.03256203,708.110946168909,L1_3,2590.5,648.058245825819,27.0153619221586
265029.722849794,3844013.03256203,708.110946168909,L1_3,2590.5,639.609426611787,29.3413334334817
265029.722849794,3844013.03256203,708.110946168909,L1_3,2590.5,630.738166437054,28.1768063798098
265029.722849794,3844013.03256203,708.110946168909,L1_3,2590.5,621.423343253585,24.4300948856386
265029.722849794,3844013.03256203,708.110946168909,L1_3,2590.5,611.642778910942,19.4696896890344
265029.722849794,3844013.03256203,708.110946168909,L1_3,2590.5,601.373186351166,14.5456660041321
265029.722849794,3844013.03256203,708.110946168909,L1_3,2590.5,590.590114163402,10.4760136006681
265029.722849794,3844013.03256203,708.110946168909,L1_3,2590.5,579.26788836625,7.56777692244305
265029.722849794,3844013.03256203,708.110946168909,L1_3,2590.5,567.37955127924,5.74507566499627
265029.722849794,3844013.03256203,708.110946168909,L1_3,2590.5,554.89679733788,4.77210647140747
265029.722849794,3844013.03256203,708.110946168909,L1_3,2590.5,541.789905699451,4.42485743446974
265029.722849794,3844013.03256203,708.110946168909,L1_3,2590.5,528.027669479102,4.55571079882843
265029.722849794,3844013.03256203,708.110946168909,L1_3,2590.5,513.577321447734,5.08447854979728
265029.722849794,3844013.03256203,708.110946168909,L1_3,2590.5,498.404456014799,5.96357474256379
265029.722849794,3844013.03256203,708.110946168909,L1_3,2590.5,482.472947310216,7.14566860654709
265029.722849794,3844013.03256203,708.110946168909,L1_3,2590.5,465.744863170405,8.56626790093662
265029.722849794,3844013.03256203,708.110946168909,L1_3,2590.5,448.180374823603,10.1424122928091
265029.722849794,3844013.03256203,708.110946168909,L1_3,2590.5,429.73766205946,11.7805361011518
265029.722849794,3844013.03256203,708.110946168909,L1_3,2590.5,410.372813657111,13.3854276159144
265029.722849794,3844013.03256203,708.110946168909,L1_3,2590.5,390.039722834644,14.8665393189246
265029.722849794,3844013.03256203,708.110946168909,L1_3,2590.5,368.689977471054,16.1421648543655
265029.722849794,3844013.03256203,708.110946168909,L1_3,2590.5,346.272744839284,17.146104723137
265029.722849794,3844013.03256203,708.110946168909,L1_3,2590.5,322.754303339663,17.8394671809796
265029.722849794,3844013.03256203,708.110946168909,L1_3,2590.5,300.064105870122,18.2614435150926
265029.722849794,3844013.03256203,708.110946168909,L1_3,2590.5,276.239398527104,18.4727725077582
265029.722849794,3844013.03256203,708.110946168909,L1_3,2590.5,251.223455816935,18.4884827722329
265029.722849794,3844013.03256203,708.110946168909,L1_3,2590.5,224.956715971258,18.3202656664523
265029.722849794,3844013.03256203,708.110946168909,L1_3,2590.5,197.376639133297,17.9834549487778
265029.722849794,3844013.03256203,708.110946168909,L1_3,2590.5,168.417558453437,17.5000502601627
265029.722849794,3844013.03256203,708.110946168909,L1_3,2590.5,138.010523739585,16.8981774520458
265029.722849794,3844013.03256203,708.110946168909,L1_3,2590.5,,
265029.722849794,3844013.03256203,708.110946168909,L1_3,2590.5,,
265029.722849794,3844013.03256203,708.110946168909,L1_3,2590.5,,
265029.722849794,3844013.03256203,708.110946168909,L1_3,2590.5,,
265029.722849794,3844013.03256203,708.110946168909,L1_3,2590.5,,
265029.722849794,3844013.03256203,708.110946168909,L1_3,2590.5,,
265029.722849794,3844013.03256203,708.110946168909,L1_3,2590.5,,
265029.722849794,3844013.03256203,708.110946168909,L1_3,2590.5,,
265029.722849794,3844013.03256203,708.110946168909,L1_3,2590.5,,
265029.722849794,3844013.03256203,708.110946168909,L1_3,2590.5,,
265029.722849794,3844013.03256203,708.110946168909,L1_3,2590.5,,
265029.722849794,3844013.03256203,708.110946168909,L1_3,2590.5,,
265029.722849794,3844013.03256203,708.110946168909,L1_3,2590.5,,
265029.722849794,3844013.03256203,708.110946168909,L1_3,2590.5,,
265029.722849794,3844013.03256203,708.110946168909,L1_3,2590.5,,
265029.722849794,3844013.03256203,708.110946168909,L1_3,2590.5,,
265029.722849794,3844013.03256203,708.110946168909,L1_3,2590.5,,
265029.722849794,3844013.03256203,708.110946168909,L1_3,2590.5,,
265029.722849794,3844013.03256203,708.110946168909,L1_3,2590.5,,
265029.722849794,3844013.03256203,708.110946168909,L1_3,2590.5,,
265029.722849794,3844013.03256203,708.110946168909,L1_3,2590.5,,
265029.722849794,3844013.03256203,708.110946168909,L1_3,2590.5,,
265035.090929908,3844016.70838108,708.323759424489,L1_3,2597.0,708.323759424489,47.8525787218547
265035.090929908,3844016.70838108,708.323759424489,L1_3,2597.0,702.874565851829,39.6555277893817
265035.090929908,3844016.70838108,708.323759424489,L1_3,2597.0,697.152912600536,21.2374754481771
265035.090929908,3844016.70838108,708.323759424489,L1_3,2597.0,691.145176686678,9.59279127280333
265035.090929908,3844016.70838108,708.323759424489,L1_3,2597.0,684.837053977128,6.06416394758339
265035.090929908,3844016.70838108,708.323759424489,L1_3,2597.0,678.2135251321,6.33480527873078
265035.090929908,3844016.70838108,708.323759424489,L1_3,2597.0,671.25881984482,9.33734670427419
265035.090929908,3844016.70838108,708.323759424489,L1_3,2597.0,663.956379293177,14.9028079436559
265035.090929908,3844016.70838108,708.323759424489,L1_3,2597.0,656.288816713951,21.6749979060158
265035.090929908,3844016.70838108,708.323759424489,L1_3,2597.0,648.237876005764,27.0910043115716
265035.090929908,3844016.70838108,708.323759424489,L1_3,2597.0,639.784388262168,29.2342436749492
265035.090929908,3844016.70838108,708.323759424489,L1_3,2597.0,630.908226131392,27.8614015497186
265035.090929908,3844016.70838108,708.323759424489,L1_3,2597.0,621.588255894077,23.9520154316447
265035.090929908,3844016.70838108,708.323759424489,L1_3,2597.0,611.802287144897,18.9105594134016
265035.090929908,3844016.70838108,708.323759424489,L1_3,2597.0,601.527019958257,13.9917705373817
265035.090929908,3844016.70838108,708.323759424489,L1_3,2597.0,590.737989412285,9.99081090252248
265035.090929908,3844016.70838108,708.323759424489,L1_3,2597.0,579.409507339015,7.17783845006411
265035.090929908,3844016.70838108,708.323759424489,L1_3,2597.0,567.514601162081,5.44617879909051
265035.090929908,3844016.70838108,708.323759424489,L1_3,2597.0,555.024949676301,4.54655415096517
265035.090929908,3844016.70838108,708.323759424489,L1_3,2597.0,541.910815616232,4.25601229044392
265035.090929908,3844016.70838108,708.323759424489,L1_3,2597.0,528.140974853159,4.43453746600687
265035.090929908,3844016.70838108,708.323759424489,L1_3,2597.0,513.682642051932,5.01018293603081
265035.090929908,3844016.70838108,708.323759424489,L1_3,2597.0,498.501392610644,5.94116762687854
265035.090929908,3844016.70838108,708.323759424489,L1_3,2597.0,482.561080697292,7.18217947963047
265035.090929908,3844016.70838108,708.323759424489,L1_3,2597.0,465.823753188272,8.66698419198734
265035.090929908,3844016.70838108,708.323759424489,L1_3,2597.0,448.249559303801,10.3082542458341
265035.090929908,3844016.70838108,708.323759424489,L1_3,2597.0,429.796655725107,12.0069749528301
265035.090929908,3844016.70838108,708.323759424489,L1_3,2597.0,410.421106967478,13.6627125955167
265035.090929908,3844016.70838108,708.323759424489,L1_3,2597.0,390.076780771967,15.1807857737775
265035.090929908,3844016.70838108,708.323759424489,L1_3,2597.0,368.715238266681,16.4769188786166
265035.090929908,3844016.70838108,708.323759424489,L1_3,2597.0,346.285618636131,17.4842541577963
265035.090929908,3844016.70838108,708.323759424489,L1_3,2597.0,322.754303339663,18.1653881774776
265035.090929908,3844016.70838108,708.323759424489,L1_3,2597.0,300.064105870122,18.5648457034413
265035.090929908,3844016.70838108,708.323759424489,L1_3,2597.0,276.239398527104,18.7487781508501
265035.090929908,3844016.70838108,708.323759424489,L1_3,2597.0,251.223455816935,18.7344919074118
265035.090929908,3844016.70838108,708.323759424489,L1_3,2597.0,224.956715971258,18.5351896878597
265035.090929908,3844016.70838108,708.323759424489,L1_3,2597.0,197.376639133297,18.1673804018356
265035.090929908,3844016.70838108,708.323759424489,L1_3,2597.0,168.417558453437,17.6541212678057
265035.090929908,3844016.70838108,708.323759424489,L1_3,2597.0,138.010523739585,17.0244470084872
265035.090929908,3844016.70838108,708.323759424489,L1_3,2597.0,,
265035.090929908,3844016.70838108,708.323759424489,L1_3,2597.0,,
265035.090929908,3844016.70838108,708.323759424489,L1_3,2597.0,,
265035.090929908,3844016.70838108,708.323759424489,L1_3,2597.0,,
265035.090929908,3844016.70838108,708.323759424489,L1_3,2597.0,,
265035.090929908,3844016.70838108,708.323759424489,L1_3,2597.0,,
265035.090929908,3844016.70838108,708.323759424489,L1_3,2597.0,,
265035.090929908,3844016.70838108,708.323759424489,L1_3,2597.0,,
265035.090929908,3844016.70838108,708.323759424489,L1_3,2597.0,,
265035.090929908,3844016.70838108,708.323759424489,L1_3,2597.0,,
265035.090929908,3844016.70838108,708.323759424489,L1_3,2597.0,,
265035.090929908,3844016.70838108,708.323759424489,L1_3,2597.0,,
265035.090929908,3844016.70838108,708.323759424489,L1_3,2597.0,,
265035.090929908,3844016.70838108,708.323759424489,L1_3,2597.0,,
265035.090929908,3844016.70838108,708.323759424489,L1_3,2597.0,,
265035.090929908,3844016.70838108,708.323759424489,L1_3,2597.0,,
265035.090929908,3844016.70838108,708.323759424489,L1_3,2597.0,,
265035.090929908,3844016.70838108,708.323759424489,L1_3,2597.0,,
265035.090929908,3844016.70838108,708.323759424489,L1_3,2597.0,,
265035.090929908,3844016.70838108,708.323759424489,L1_3,2597.0,,
265035.090929908,3844016.70838108,708.323759424489,L1_3,2597.0,,
265035.090929908,3844016.70838108,708.323759424489,L1_3,2597.0,,
265040.046080662,3844020.10144447,708.536572680069,L1_3,2603.0,708.536572680069,48.5461956478376
265040.046080662,3844020.10144447,708.536572680069,L1_3,2603.0,703.084369731626,38.2243416920653
265040.046080662,3844020.10144447,708.536572680069,L1_3,2603.0,697.359556635761,18.819240788241
265040.046080662,3844020.10144447,708.536572680069,L1_3,2603.0,691.348502885102,8.30634087194728
265040.046080662,3844020.10144447,708.536572680069,L1_3,2603.0,685.036896446911,5.45610922218492
265040.046080662,3844020.10144447,708.536572680069,L1_3,2603.0,678.40970968681,5.99074604339685
265040.046080662,3844020.10144447,708.536572680069,L1_3,2603.0,671.451163588703,9.1084404847778
265040.046080662,3844020.10144447,708.536572680069,L1_3,2603.0,664.144690185692,14.7332768783536
265040.046080662,3844020.10144447,708.536572680069,L1_3,2603.0,656.47289311253,21.5379007429343
265040.046080662,3844020.10144447,708.536572680069,L1_3,2603.0,648.41750618571,26.9545964807493
265040.046080662,3844020.10144447,708.536572680069,L1_3,2603.0,639.959349912549,29.041549242236
265040.046080662,3844020.10144447,708.536572680069,L1_3,2603.0,631.07828582573,27.558451610705
265040.046080662,3844020.10144447,708.536572680069,L1_3,2603.0,621.75316853457,23.5305384425991
265040.046080662,3844020.10144447,708.536572680069,L1_3,2603.0,611.961795378852,18.4160468322055
265040.046080662,3844020.10144447,708.536572680069,L1_3,2603.0,601.680853565348,13.4957606864621
265040.046080662,3844020.10144447,708.536572680069,L1_3,2603.0,590.885864661168,9.55328201254559
265040.046080662,3844020.10144447,708.536572680069,L1_3,2603.0,579.55112631178,6.8255787797309
265040.046080662,3844020.10144447,708.536572680069,L1_3,2603.0,567.649651044923,5.17625655943602
265040.046080662,3844020.10144447,708.536572680069,L1_3,2603.0,555.153102014722,4.34303569912126
265040.046080662,3844020.10144447,708.536572680069,L1_3,2603.0,542.031725533012,4.10406980541093
265040.046080662,3844020.10144447,708.536572680069,L1_3,2603.0,528.254280227216,4.32665621225418
265040.046080662,3844020.10144447,708.536572680069,L1_3,2603.0,513.78796265613,4.94670669610053
265040.046080662,3844020.10144447,708.536572680069,L1_3,2603.0,498.59832920649,5.92790854589518
265040.046080662,3844020.10144447,708.536572680069,L1_3,2603.0,482.649214084368,7.22669230661694
265040.046080662,3844020.10144447,708.536572680069,L1_3,2603.0,465.90264320614,8.77484943413487
265040.046080662,3844020.10144447,708.536572680069,L1_3,2603.0,448.318743784,10.4804874041776
265040.046080662,3844020.10144447,708.536572680069,L1_3,2603.0,429.855649390753,12.2389802120103
265040.046080662,3844020.10144447,708.536572680069,L1_3,2603.0,410.469400277845,13.9445558487317
265040.046080662,3844020.10144447,708.536572680069,L1_3,2603.0,390.11383870929,15.4983483862437
265040.046080662,3844020.10144447,708.536572680069,L1_3,2603.0,368.740499062308,16.8135477253582
265040.046080662,3844020.10144447,708.536572680069,L1_3,2603.0,346.298492432977,17.822754727383
265040.046080662,3844020.10144447,708.536572680069,L1_3,2603.0,322.754303339663,18.4902130847854
265040.046080662,3844020.10144447,708.536572680069,L1_3,2603.0,300.064105870122,18.8659433120522
265040.046080662,3844020.10144447,708.536572680069,L1_3,2603.0,276.239398527104,19.0215926655415
265040.046080662,3844020.10144447,708.536572680069,L1_3,2603.0,251.223455816935,18.9767441275425
265040.046080662,3844020.10144447,708.536572680069,L1_3,2603.0,224.956715971258,18.7460804764007
265040.046080662,3844020.10144447,708.536572680069,L1_3,2603.0,197.376639133297,18.3472418062406
265040.046080662,3844020.10144447,708.536572680069,L1_3,2603.0,168.417558453437,17.8042910250142
265040.046080662,3844020.10144447,708.536572680069,L1_3,2603.0,138.010523739585,17.147119838986
265040.046080662,3844020.10144447,708.536572680069,L1_3,2603.0,,
265040.046080662,3844020.10144447,708.536572680069,L1_3,2603.0,,
265040.046080662,3844020.10144447,708.536572680069,L1_3,2603.0,,
265040.046080662,3844020.10144447,708.536572680069,L1_3,2603.0,,
265040.046080662,3844020.10144447,708.536572680069,L1_3,2603.0,,
265040.046080662,3844020.10144447,708.536572680069,L1_3,2603.0,,
265040.046080662,3844020.10144447,708.536572680069,L1_3,2603.0,,
265040.046080662,3844020.10144447,708.536572680069,L1_3,2603.0,,
265040.046080662,3844020.10144447,708.536572680069,L1_3,2603.0,,
265040.046080662,3844020.10144447,708.536572680069,L1_3,2603.0,,
265040.046080662,3844020.10144447,708.536572680069,L1_3,2603.0,,
265040.046080662,3844020.10144447,708.536572680069,L1_3,2603.0,,
265040.046080662,3844020.10144447,708.536572680069,L1_3,2603.0,,
265040.046080662,3844020.10144447,708.536572680069,L1_3,2603.0,,
265040.046080662,3844020.10144447,708.536572680069,L1_3,2603.0,,
265040.046080662,3844020.10144447,708.536572680069,L1_3,2603.0,,
265040.046080662,3844020.10144447,708.536572680069,L1_3,2603.0,,
265040.046080662,3844020.10144447,708.536572680069,L1_3,2603.0,,
265040.046080662,3844020.10144447,708.536572680069,L1_3,2603.0,,
265040.046080662,3844020.10144447,708.536572680069,L1_3,2603.0,,
265040.046080662,3844020.10144447,708.536572680069,L1_3,2603.0,,
265040.046080662,3844020.10144447,708.536572680069,L1_3,2603.0,,
265045.414160515,3844023.77726277,708.749385935649,L1_3,2609.5,708.749385935649,52.8479099548837
265045.414160515,3844023.77726277,708.749385935649,L1_3,2609.5,703.294173611423,36.3663644953516
265045.414160515,3844023.77726277,708.749385935649,L1_3,2609.5,697.566200670985,15.5439930493549
265045.414160515,3844023.77726277,708.749385935649,L1_3,2609.5,691.551829083526,7.14942035860845
265045.414160515,3844023.77726277,708.749385935649,L1_3,2609.5,685.236738916693,5.07658814507741
265045.414160515,3844023.77726277,708.749385935649,L1_3,2609.5,678.605894241519,5.76639328302565
265045.414160515,3844023.77726277,708.749385935649,L1_3,2609.5,671.643507332586,8.78309192837081
265045.414160515,3844023.77726277,708.749385935649,L1_3,2609.5,664.333001078207,14.2066614512473
265045.414160515,3844023.77726277,708.749385935649,L1_3,2609.5,656.656969511109,20.9199411828412
265045.414160515,3844023.77726277,708.749385935649,L1_3,2609.5,648.597136365656,26.4369604157306
265045.414160515,3844023.77726277,708.749385935649,L1_3,2609.5,640.13431156293,28.6634996514173
265045.414160515,3844023.77726277,708.749385935649,L1_3,2609.5,631.248345520067,27.2194101583258
265045.414160515,3844023.77726277,708.749385935649,L1_3,2609.5,621.918081175062,23.142982393167
265045.414160515,3844023.77726277,708.749385935649,L1_3,2609.5,612.121303612807,17.9748980470599
265045.414160515,3844023.77726277,708.749385935649,L1_3,2609.5,601.834687172438,13.0517662540822
265045.414160515,3844023.77726277,708.749385935649,L1_3,2609.5,591.033739910051,9.16035675268982
265045.414160515,3844023.77726277,708.749385935649,L1_3,2609.5,579.692745284545,6.50943274277929
265045.414160515,3844023.77726277,708.749385935649,L1_3,2609.5,567.784700927764,4.93461757022551
265045.414160515,3844023.77726277,708.749385935649,L1_3,2609.5,555.281254353143,4.16146112642878
265045.414160515,3844023.77726277,708.749385935649,L1_3,2609.5,542.152635449792,3.96941119501173
265045.414160515,3844023.77726277,708.749385935649,L1_3,2609.5,528.367585601273,4.23282572405868
265045.414160515,3844023.77726277,708.749385935649,L1_3,2609.5,513.893283260328,4.8950848264801
265045.414160515,3844023.77726277,708.749385935649,L1_3,2609.5,498.695265802335,5.92498266450876
265045.414160515,3844023.77726277,708.749385935649,L1_3,2609.5,482.737347471443,7.28040098368663
265045.414160515,3844023.77726277,708.749385935649,L1_3,2609.5,465.981533224007,8.89093537361237
265045.414160515,3844023.77726277,708.749385935649,L1_3,2609.5,448.387928264199,10.6599664543872
265045.414160515,3844023.77726277,708.749385935649,L1_3,2609.5,429.9146430564,12.4771419673666
265045.414160515,3844023.77726277,708.749385935649,L1_3,2609.5,410.517693588211,14.2312806147718
265045.414160515,3844023.77726277,708.749385935649,L1_3,2609.5,390.150896646613,15.8193173972069
265045.414160515,3844023.77726277,708.749385935649,L1_3,2609.5,368.765759857935,17.1519623171192
265045.414160515,3844023.77726277,708.749385935649,L1_3,2609.5,346.311366229823,18.1613929753478
265045.414160515,3844023.77726277,708.749385935649,L1_3,2609.5,322.754303339663,18.8136576347362
265045.414160515,3844023.77726277,708.749385935649,L1_3,2609.5,300.064105870122,19.1644278680783
265045.414160515,3844023.77726277,708.749385935649,L1_3,2609.5,276.239398527104,19.2909114343439
265045.414160515,3844023.77726277,708.749385935649,L1_3,2609.5,251.223455816935,19.214954156853
265045.414160515,3844023.77726277,708.749385935649,L1_3,2609.5,224.956715971258,18.9526851614055
265045.414160515,3844023.77726277,708.749385935649,L1_3,2609.5,197.376639133297,18.5228241725829
265045.414160515,3844023.77726277,708.749385935649,L1_3,2609.5,168.417558453437,17.9503814619713
265045.414160515,3844023.77726277,708.749385935649,L1_3,2609.5,138.010523739585,17.2660544398654
265045.414160515,3844023.77726277,708.749385935649,L1_3,2609.5,,
265045.414160515,3844023.77726277,708.749385935649,L1_3,2609.5,,
265045.414160515,3844023.77726277,708.749385935649,L1_3,2609.5,,
265045.414160515,3844023.77726277,708.749385935649,L1_3,2609.5,,
265045.414160515,3844023.77726277,708.749385935649,L1_3,2609.5,,
265045.414160515,3844023.77726277,708.749385935649,L1_3,2609.5,,
265045.414160515,3844023.77726277,708.749385935649,L1_3,2609.5,,
265045.414160515,3844023.77726277,708.749385935649,L1_3,2609.5,,
265045.414160515,3844023.77726277,708.749385935649,L1_3,2609.5,,
265045.414160515,3844023.77726277,708.749385935649,L1_3,2609.5,,
265045.414160515,3844023.77726277,708.749385935649,L1_3,2609.5,,
265045.414160515,3844023.77726277,708.749385935649,L1_3,2609.5,,
265045.414160515,3844023.77726277,708.749385935649,L1_3,2609.5,,
265045.414160515,3844023.77726277,708.749385935649,L1_3,2609.5,,
265045.414160515,3844023.77726277,708.749385935649,L1_3,2609.5,,
265045.414160515,3844023.77726277,708.749385935649,L1_3,2609.5,,
265045.414160515,3844023.77726277,708.749385935649,L1_3,2609.5,,
265045.414160515,3844023.77726277,708.749385935649,L1_3,2609.5,,
265045.414160515,3844023.77726277,708.749385935649,L1_3,2609.5,,
265045.414160515,3844023.77726277,708.749385935649,L1_3,2609.5,,
265045.414160515,3844023.77726277,708.749385935649,L1_3,2609.5,,
265045.414160515,3844023.77726277,708.749385935649,L1_3,2609.5,,
265050.369311149,3844027.17032582,708.959750912676,L1_3,2615.5,708.959750912676,43.0554331632803
265050.369311149,3844027.17032582,708.959750912676,L1_3,2615.5,703.501563833584,30.2672432703061
265050.369311149,3844027.17032582,708.959750912676,L1_3,2615.5,697.770467400538,14.1713145762577
265050.369311149,3844027.17032582,708.959750912676,L1_3,2615.5,691.752816145839,7.35144538092976
265050.369311149,3844027.17032582,708.959750912676,L1_3,2615.5,685.434282328406,5.4369488848816
265050.369311149,3844027.17032582,708.959750912676,L1_3,2615.5,678.799821820101,5.88400425704006
265050.369311149,3844027.17032582,708.959750912676,L1_3,2615.5,671.83363828638,8.42122851097211
265050.369311149,3844027.17032582,708.959750912676,L1_3,2615.5,664.519145575973,13.2806904098774
265050.369311149,3844027.17032582,708.959750912676,L1_3,2615.5,656.838928230047,19.7117687151989
265050.369311149,3844027.17032582,708.959750912676,L1_3,2615.5,648.774700016823,25.4019509457765
265050.369311149,3844027.17032582,708.959750912676,L1_3,2615.5,640.307260392939,27.9806307698512
265050.369311149,3844027.17032582,708.959750912676,L1_3,2615.5,631.41644878786,26.7609579256896
265050.369311149,3844027.17032582,708.959750912676,L1_3,2615.5,622.081096602528,22.7397018698196
265050.369311149,3844027.17032582,708.959750912676,L1_3,2615.5,612.278976807929,17.561135789864
265050.369311149,3844027.17032582,708.959750912676,L1_3,2615.5,601.986751023599,12.6477235025079
265050.369311149,3844027.17032582,708.959750912676,L1_3,2615.5,591.179913950054,8.80693445437891
265050.369311149,3844027.17032582,708.959750912676,L1_3,2615.5,579.832735022831,6.22735779470699
265050.369311149,3844027.17032582,708.959750912676,L1_3,2615.5,567.918197149247,4.72054043382367
265050.369311149,3844027.17032582,708.959750912676,L1_3,2615.5,555.407932381984,4.00179265196062
265050.369311149,3844027.17032582,708.959750912676,L1_3,2615.5,542.272154376357,3.85245339196569
265050.369311149,3844027.17032582,708.959750912676,L1_3,2615.5,528.47958747045,4.15380047928251
265050.369311149,3844027.17032582,708.959750912676,L1_3,2615.5,513.997392219247,4.8563025013586
265050.369311149,3844027.17032582,708.959750912676,L1_3,2615.5,498.791087205483,5.93347542444969
265050.369311149,3844027.17032582,708.959750912676,L1_3,2615.5,482.824466941032,7.34433956660103
265050.369311149,3844027.17032582,708.959750912676,L1_3,2615.5,466.059515663358,9.01608156627806
265050.369311149,3844027.17032582,708.959750912676,L1_3,2615.5,448.4563168218,10.8472360559783
265050.369311149,3844027.17032582,708.959750912676,L1_3,2615.5,429.972958038165,12.7216648524252
265050.369311149,3844027.17032582,708.959750912676,L1_3,2615.5,410.565431315348,14.5227605054551
265050.369311149,3844027.17032582,708.959750912676,L1_3,2615.5,390.187528256389,16.1432866601112
265050.369311149,3844027.17032582,708.959750912676,L1_3,2615.5,368.790730044483,17.4915519971297
265050.369311149,3844027.17032582,708.959750912676,L1_3,2615.5,346.324091921982,18.4994409546026
265050.369311149,3844027.17032582,708.959750912676,L1_3,2615.5,322.754303339663,19.1349574352977
265050.369311149,3844027.17032582,708.959750912676,L1_3,2615.5,300.064105870122,19.4595560409651
265050.369311149,3844027.17032582,708.959750912676,L1_3,2615.5,276.239398527104,19.5560476319528
265050.369311149,3844027.17032582,708.959750912676,L1_3,2615.5,251.223455816935,19.4485151315777
265050.369311149,3844027.17032582,708.959750912676,L1_3,2615.5,224.956715971258,19.1544840623731
265050.369311149,3844027.17032582,708.959750912676,L1_3,2615.5,197.376639133297,18.6936945704675
265050.369311149,3844027.17032582,708.959750912676,L1_3,2615.5,168.417558453437,18.0920457265152
265050.369311149,3844027.17032582,708.959750912676,L1_3,2615.5,138.010523739585,17.3809804947973
265050.369311149,3844027.17032582,708.959750912676,L1_3,2615.5,,
265050.369311149,3844027.17032582,708.959750912676,L1_3,2615.5,,
265050.369311149,3844027.17032582,708.959750912676,L1_3,2615.5,,
265050.369311149,3844027.17032582,708.959750912676,L1_3,2615.5,,
265050.369311149,3844027.17032582,708.959750912676,L1_3,2615.5,,
265050.369311149,3844027.17032582,708.959750912676,L1_3,2615.5,,
265050.369311149,3844027.17032582,708.959750912676,L1_3,2615.5,,
265050.369311149,3844027.17032582,708.959750912676,L1_3,2615.5,,
265050.369311149,3844027.17032582,708.959750912676,L1_3,2615.5,,
265050.369311149,3844027.17032582,708.959750912676,L1_3,2615.5,,
265050.369311149,3844027.17032582,708.959750912676,L1_3,2615.5,,
265050.369311149,3844027.17032582,708.959750912676,L1_3,2615.5,,
265050.369311149,3844027.17032582,708.959750912676,L1_3,2615.5,,
265050.369311149,3844027.17032582,708.959750912676,L1_3,2615.5,,
265050.369311149,3844027.17032582,708.959750912676,L1_3,2615.5,,
265050.369311149,3844027.17032582,708.959750912676,L1_3,2615.5,,
265050.369311149,3844027.17032582,708.959750912676,L1_3,2615.5,,
265050.369311149,3844027.17032582,708.959750912676,L1_3,2615.5,,
265050.369311149,3844027.17032582,708.959750912676,L1_3,2615.5,,
265050.369311149,3844027.17032582,708.959750912676,L1_3,2615.5,,
265050.369311149,3844027.17032582,708.959750912676,L1_3,2615.5,,
265050.369311149,3844027.17032582,708.959750912676,L1_3,2615.5,,
265055.737391002,3844030.84614412,709.167663477915,L1_3,2622.0,709.167663477915,28.0239111308795
265055.737391002,3844030.84614412,709.167663477915,L1_3,2622.0,703.706536323323,23.9025703996257
265055.737391002,3844030.84614412,709.167663477915,L1_3,2622.0,697.972352811002,15.5445783663241
265055.737391002,3844030.84614412,709.167663477915,L1_3,2622.0,691.951460123064,9.49916681255418
265055.737391002,3844030.84614412,709.167663477915,L1_3,2622.0,685.62952280073,6.81232028109235
265055.737391002,3844030.84614412,709.167663477915,L1_3,2622.0,678.991488612278,6.41715469121911
265055.737391002,3844030.84614412,709.167663477915,L1_3,2622.0,672.021552714405,8.12280842251075
265055.737391002,3844030.84614412,709.167663477915,L1_3,2622.0,664.703120021637,12.1958791733797
265055.737391002,3844030.84614412,709.167663477915,L1_3,2622.0,657.018765694232,18.2155165032992
265055.737391002,3844030.84614412,709.167663477915,L1_3,2622.0,648.950193650455,24.0802168149281
265055.737391002,3844030.84614412,709.167663477915,L1_3,2622.0,640.478193004491,27.1131679638725
265055.737391002,3844030.84614412,709.167663477915,L1_3,2622.0,631.582592326227,26.2264243166738
265055.737391002,3844030.84614412,709.167663477915,L1_3,2622.0,622.242211614051,22.3281194566815
265055.737391002,3844030.84614412,709.167663477915,L1_3,2622.0,612.434811866266,17.1710907118635
265055.737391002,3844030.84614412,709.167663477915,L1_3,2622.0,602.137042131092,12.2789873193206
265055.737391002,3844030.84614412,709.167663477915,L1_3,2622.0,591.324383909159,8.48976281125834
265055.737391002,3844030.84614412,709.167663477915,L1_3,2622.0,579.971092776129,5.97733695345296
265055.737391002,3844030.84614412,709.167663477915,L1_3,2622.0,568.050137086448,4.53281954522903
265055.737391002,3844030.84614412,709.167663477915,L1_3,2622.0,555.533133612283,3.86339152906707
265055.737391002,3844030.84614412,709.167663477915,L1_3,2622.0,542.390279964409,3.75299354175504
265055.737391002,3844030.84614412,709.167663477915,L1_3,2622.0,528.590283634142,4.08972064355765
265055.737391002,3844030.84614412,709.167663477915,L1_3,2622.0,514.100287487361,4.83075257948788
265055.737391002,3844030.84614412,709.167663477915,L1_3,2622.0,498.885791533242,5.95393265724583
265055.737391002,3844030.84614412,709.167663477915,L1_3,2622.0,482.910570781416,7.41909992831057
265055.737391002,3844030.84614412,709.167663477915,L1_3,2622.0,466.136588991999,9.1508257742574
265055.737391002,3844030.84614412,709.167663477915,L1_3,2622.0,448.523908113112,11.0427034547427
265055.737391002,3844030.84614412,709.167663477915,L1_3,2622.0,430.03059319028,12.9727858287542
265055.737391002,3844030.84614412,709.167663477915,L1_3,2622.0,410.612612521306,14.8190569589589
265055.737391002,3844030.84614412,709.167663477915,L1_3,2622.0,390.223732818884,16.4701633172799
265055.737391002,3844030.84614412,709.167663477915,L1_3,2622.0,368.81540913134,17.8321063658009
265055.737391002,3844030.84614412,709.167663477915,L1_3,2622.0,346.33666925942,18.8366109163918
265055.737391002,3844030.84614412,709.167663477915,L1_3,2622.0,322.754303339663,19.453785383794
265055.737391002,3844030.84614412,709.167663477915,L1_3,2622.0,300.064105870122,19.7509922684625
265055.737391002,3844030.84614412,709.167663477915,L1_3,2622.0,276.239398527104,19.8166801099896
265055.737391002,3844030.84614412,709.167663477915,L1_3,2622.0,251.223455816935,19.6771355629654
265055.737391002,3844030.84614412,709.167663477915,L1_3,2622.0,224.956715971258,19.351224391386
265055.737391002,3844030.84614412,709.167663477915,L1_3,2622.0,197.376639133297,18.8596425038161
265055.737391002,3844030.84614412,709.167663477915,L1_3,2622.0,168.417558453437,18.2291134481407
265055.737391002,3844030.84614412,709.167663477915,L1_3,2622.0,138.010523739585,17.4917615412356
265055.737391002,3844030.84614412,709.167663477915,L1_3,2622.0,,
265055.737391002,3844030.84614412,709.167663477915,L1_3,2622.0,,
265055.737391002,3844030.84614412,709.167663477915,L1_3,2622.0,,
265055.737391002,3844030.84614412,709.167663477915,L1_3,2622.0,,
265055.737391002,3844030.84614412,709.167663477915,L1_3,2622.0,,
265055.737391002,3844030.84614412,709.167663477915,L1_3,2622.0,,
265055.737391002,3844030.84614412,709.167663477915,L1_3,2622.0,,
265055.737391002,3844030.84614412,709.167663477915,L1_3,2622.0,,
265055.737391002,3844030.84614412,709.167663477915,L1_3,2622.0,,
265055.737391002,3844030.84614412,709.167663477915,L1_3,2622.0,,
265055.737391002,3844030.84614412,709.167663477915,L1_3,2622.0,,
265055.737391002,3844030.84614412,709.167663477915,L1_3,2622.0,,
265055.737391002,3844030.84614412,709.167663477915,L1_3,2622.0,,
265055.737391002,3844030.84614412,709.167663477915,L1_3,2622.0,,
265055.737391002,3844030.84614412,709.167663477915,L1_3,2622.0,,
265055.737391002,3844030.84614412,709.167663477915,L1_3,2622.0,,
265055.737391002,3844030.84614412,709.167663477915,L1_3,2622.0,,
265055.737391002,3844030.84614412,709.167663477915,L1_3,2622.0,,
265055.737391002,3844030.84614412,709.167663477915,L1_3,2622.0,,
265055.737391002,3844030.84614412,709.167663477915,L1_3,2622.0,,
265055.737391002,3844030.84614412,709.167663477915,L1_3,2622.0,,
265055.737391002,3844030.84614412,709.167663477915,L1_3,2622.0,,
265060.692541455,3844034.23920666,709.375576043154,L1_3,2628.0,709.375576043154,24.3266944621708
265060.692541455,3844034.23920666,709.375576043154,L1_3,2628.0,703.911508813062,23.6205090384343
265060.692541455,3844034.23920666,709.375576043154,L1_3,2628.0,698.174238221465,19.6306830411371
265060.692541455,3844034.23920666,709.375576043154,L1_3,2628.0,692.150104100289,13.5209319060222
265060.692541455,3844034.23920666,709.375576043154,L1_3,2628.0,685.824763273053,8.9935098974242
265060.692541455,3844034.23920666,709.375576043154,L1_3,2628.0,679.183155404456,7.14322196875453
265060.692541455,3844034.23920666,709.375576043154,L1_3,2628.0,672.209467142429,7.85526613051405
265060.692541455,3844034.23920666,709.375576043154,L1_3,2628.0,664.887094467301,11.1414646885077
265060.692541455,3844034.23920666,709.375576043154,L1_3,2628.0,657.198603158417,16.7147014690246
265060.692541455,3844034.23920666,709.375576043154,L1_3,2628.0,649.125687284088,22.6826787452163
265060.692541455,3844034.23920666,709.375576043154,L1_3,2628.0,640.649125616042,26.146179148732
265060.692541455,3844034.23920666,709.375576043154,L1_3,2628.0,631.748735864595,25.6225709412517
265060.692541455,3844034.23920666,709.375576043154,L1_3,2628.0,622.403326625575,21.891574737035
265060.692541455,3844034.23920666,709.375576043154,L1_3,2628.0,612.590646924604,16.7901498904364
265060.692541455,3844034.23920666,709.375576043154,L1_3,2628.0,602.287333238584,11.9375923129675
265060.692541455,3844034.23920666,709.375576043154,L1_3,2628.0,591.468853868264,8.20522132532494
265060.692541455,3844034.23920666,709.375576043154,L1_3,2628.0,580.109450529427,5.7577085900384
265060.692541455,3844034.23920666,709.375576043154,L1_3,2628.0,568.182077023649,4.37061839877953
265060.692541455,3844034.23920666,709.375576043154,L1_3,2628.0,555.658334842581,3.74586181873033
265060.692541455,3844034.23920666,709.375576043154,L1_3,2628.0,542.508405552461,3.67094269878693
265060.692541455,3844034.23920666,709.375576043154,L1_3,2628.0,528.700979797834,4.04072517604315
265060.692541455,3844034.23920666,709.375576043154,L1_3,2628.0,514.203182755476,4.81872424220352
265060.692541455,3844034.23920666,709.375576043154,L1_3,2628.0,498.980495861,5.98670321250031
265060.692541455,3844034.23920666,709.375576043154,L1_3,2628.0,482.996674621801,7.50499288102434
265060.692541455,3844034.23920666,709.375576043154,L1_3,2628.0,466.213662320641,9.29535215153606
265060.692541455,3844034.23920666,709.375576043154,L1_3,2628.0,448.591499404423,11.2463599811136
265060.692541455,3844034.23920666,709.375576043154,L1_3,2628.0,430.088228342395,13.2302730365148
265060.692541455,3844034.23920666,709.375576043154,L1_3,2628.0,410.659793727265,15.1197251773847
265060.692541455,3844034.23920666,709.375576043154,L1_3,2628.0,390.259937381378,16.7993296734343
265060.692541455,3844034.23920666,709.375576043154,L1_3,2628.0,368.840088218197,18.1728921651409
265060.692541455,3844034.23920666,709.375576043154,L1_3,2628.0,346.349246596857,19.1721104343288
265060.692541455,3844034.23920666,709.375576043154,L1_3,2628.0,322.754303339663,19.7693389505773
265060.692541455,3844034.23920666,709.375576043154,L1_3,2628.0,300.064105870122,20.037966999643
265060.692541455,3844034.23920666,709.375576043154,L1_3,2628.0,276.239398527104,20.0721051916394
265060.692541455,3844034.23920666,709.375576043154,L1_3,2628.0,251.223455816935,19.9001994802235
265060.692541455,3844034.23920666,709.375576043154,L1_3,2628.0,224.956715971258,19.5423881629876
265060.692541455,3844034.23920666,709.375576043154,L1_3,2628.0,197.376639133297,19.0202476402329
265060.692541455,3844034.23920666,709.375576043154,L1_3,2628.0,168.417558453437,18.3612515639398
265060.692541455,3844034.23920666,709.375576043154,L1_3,2628.0,138.010523739585,17.5981409226222
265060.692541455,3844034.23920666,709.375576043154,L1_3,2628.0,,
265060.692541455,3844034.23920666,709.375576043154,L1_3,2628.0,,
265060.692541455,3844034.23920666,709.375576043154,L1_3,2628.0,,
265060.692541455,3844034.23920666,709.375576043154,L1_3,2628.0,,
265060.692541455,3844034.23920666,709.375576043154,L1_3,2628.0,,
265060.692541455,3844034.23920666,709.375576043154,L1_3,2628.0,,
265060.692541455,3844034.23920666,709.375576043154,L1_3,2628.0,,
265060.692541455,3844034.23920666,709.375576043154,L1_3,2628.0,,
265060.692541455,3844034.23920666,709.375576043154,L1_3,2628.0,,
265060.692541455,3844034.23920666,709.375576043154,L1_3,2628.0,,
265060.692541455,3844034.23920666,709.375576043154,L1_3,2628.0,,
265060.692541455,3844034.23920666,709.375576043154,L1_3,2628.0,,
265060.692541455,3844034.23920666,709.375576043154,L1_3,2628.0,,
265060.692541455,3844034.23920666,709.375576043154,L1_3,2628.0,,
265060.692541455,3844034.23920666,709.375576043154,L1_3,2628.0,,
265060.692541455,3844034.23920666,709.375576043154,L1_3,2628.0,,
265060.692541455,3844034.23920666,709.375576043154,L1_3,2628.0,,
265060.692541455,3844034.23920666,709.375576043154,L1_3,2628.0,,
265060.692541455,3844034.23920666,709.375576043154,L1_3,2628.0,,
265060.692541455,3844034.23920666,709.375576043154,L1_3,2628.0,,
265060.692541455,3844034.23920666,709.375576043154,L1_3,2628.0,,
265060.692541455,3844034.23920666,709.375576043154,L1_3,2628.0,,
265066.060620916,3844037.91502384,709.583488608393,L1_3,2634.5,709.583488608393,24.686642756544
265066.060620916,3844037.91502384,709.583488608393,L1_3,2634.5,704.1164813028,26.5862943719227
265066.060620916,3844037.91502384,709.583488608393,L1_3,2634.5,698.376123631929,26.084043586082
265066.060620916,3844037.91502384,709.583488608393,L1_3,2634.5,692.348748077513,18.8164944077
265066.060620916,3844037.91502384,709.583488608393,L1_3,2634.5,686.020003745377,11.5274426531352
265066.060620916,3844037.91502384,709.583488608393,L1_3,2634.5,679.374822196634,7.96278799457915
265066.060620916,3844037.91502384,709.583488608393,L1_3,2634.5,672.397381570454,7.7917132493369
265066.060620916,3844037.91502384,709.583488608393,L1_3,2634.5,665.071068912965,10.4726693533822
265066.060620916,3844037.91502384,709.583488608393,L1_3,2634.5,657.378440622601,15.6480144047561
265066.060620916,3844037.91502384,709.583488608393,L1_3,2634.5,649.30118091772,21.5823277939768
265066.060620916,3844037.91502384,709.583488608393,L1_3,2634.5,640.820058227594,25.2966491670206
265066.060620916,3844037.91502384,709.583488608393,L1_3,2634.5,631.914879402962,25.0367603418875
265066.060620916,3844037.91502384,709.583488608393,L1_3,2634.5,622.564441637098,21.4532945020524
265066.060620916,3844037.91502384,709.583488608393,L1_3,2634.5,612.746481982941,16.4205625804365
265066.060620916,3844037.91502384,709.583488608393,L1_3,2634.5,602.437624346077,11.6216641349069
265066.060620916,3844037.91502384,709.583488608393,L1_3,2634.5,591.613323827369,7.95138293726623
265066.060620916,3844037.91502384,709.583488608393,L1_3,2634.5,580.247808282725,5.56692609846952
265066.060620916,3844037.91502384,709.583488608393,L1_3,2634.5,568.31401696085,4.23272252529917
265066.060620916,3844037.91502384,709.583488608393,L1_3,2634.5,555.78353607288,3.64829057712306
265066.060620916,3844037.91502384,709.583488608393,L1_3,2634.5,542.626531140512,3.60565090873654
265066.060620916,3844037.91502384,709.583488608393,L1_3,2634.5,528.811675961526,4.00637299246597
265066.060620916,3844037.91502384,709.583488608393,L1_3,2634.5,514.306078023591,4.81992792743812
265066.060620916,3844037.91502384,709.583488608393,L1_3,2634.5,499.075200188759,6.03159866166213
265066.060620916,3844037.91502384,709.583488608393,L1_3,2634.5,483.082778462185,7.60188967605812
265066.060620916,3844037.91502384,709.583488608393,L1_3,2634.5,466.290735649282,9.44955543730987
265066.060620916,3844037.91502384,709.583488608393,L1_3,2634.5,448.659090695734,11.4580934115696
265066.060620916,3844037.91502384,709.583488608393,L1_3,2634.5,430.145863494509,13.4939839413041
265066.060620916,3844037.91502384,709.583488608393,L1_3,2634.5,410.706974933223,15.4245798573916
265066.060620916,3844037.91502384,709.583488608393,L1_3,2634.5,390.296141943872,17.1305555995554
265066.060620916,3844037.91502384,709.583488608393,L1_3,2634.5,368.864767305054,18.5136381386918
265066.060620916,3844037.91502384,709.583488608393,L1_3,2634.5,346.361823934295,19.5056348828791
265066.060620916,3844037.91502384,709.583488608393,L1_3,2634.5,322.754303339663,20.0812862994881
265066.060620916,3844037.91502384,709.583488608393,L1_3,2634.5,300.064105870122,20.32013799934
265066.060620916,3844037.91502384,709.583488608393,L1_3,2634.5,276.239398527104,20.3219967051338
265066.060620916,3844037.91502384,709.583488608393,L1_3,2634.5,251.223455816935,20.1174166525279
265066.060620916,3844037.91502384,709.583488608393,L1_3,2634.5,224.956715971258,19.7277286390353
265066.060620916,3844037.91502384,709.583488608393,L1_3,2634.5,197.376639133297,19.1753058304605
265066.060620916,3844037.91502384,709.583488608393,L1_3,2634.5,168.417558453437,18.4882961174858
265066.060620916,3844037.91502384,709.583488608393,L1_3,2634.5,138.010523739585,17.6999911933203
265066.060620916,3844037.91502384,709.583488608393,L1_3,2634.5,,
265066.060620916,3844037.91502384,709.583488608393,L1_3,2634.5,,
265066.060620916,3844037.91502384,709.583488608393,L1_3,2634.5,,
265066.060620916,3844037.91502384,709.583488608393,L1_3,2634.5,,
265066.060620916,3844037.91502384,709.583488608393,L1_3,2634.5,,
265066.060620916,3844037.91502384,709.583488608393,L1_3,2634.5,,
265066.060620916,3844037.91502384,709.583488608393,L1_3,2634.5,,
265066.060620916,3844037.91502384,709.583488608393,L1_3,2634.5,,
265066.060620916,3844037.91502384,709.583488608393,L1_3,2634.5,,
265066.060620916,3844037.91502384,709.583488608393,L1_3,2634.5,,
265066.060620916,3844037.91502384,709.583488608393,L1_3,2634.5,,
265066.060620916,3844037.91502384,709.583488608393,L1_3,2634.5,,
265066.060620916,3844037.91502384,709.583488608393,L1_3,2634.5,,
265066.060620916,3844037.91502384,709.583488608393,L1_3,2634.5,,
265066.060620916,3844037.91502384,709.583488608393,L1_3,2634.5,,
265066.060620916,3844037.91502384,709.583488608393,L1_3,2634.5,,
265066.060620916,3844037.91502384,709.583488608393,L1_3,2634.5,,
265066.060620916,3844037.91502384,709.583488608393,L1_3,2634.5,,
265066.060620916,3844037.91502384,709.583488608393,L1_3,2634.5,,
265066.060620916,3844037.91502384,709.583488608393,L1_3,2634.5,,
265066.060620916,3844037.91502384,709.583488608393,L1_3,2634.5,,
265066.060620916,3844037.91502384,709.583488608393,L1_3,2634.5,,
265071.015771188,3844041.30808585,709.858660969374,L1_3,2640.5,709.858660969374,23.4039828691067
265071.015771188,3844041.30808585,709.858660969374,L1_3,2640.5,704.387762472713,25.9919288995372
265071.015771188,3844041.30808585,709.858660969374,L1_3,2640.5,698.64331905122,27.1960565088244
265071.015771188,3844041.30808585,709.858660969374,L1_3,2640.5,692.611653458652,20.5645656704892
265071.015771188,3844041.30808585,709.858660969374,L1_3,2640.5,686.278404586455,12.6522553488024
265071.015771188,3844041.30808585,709.858660969374,L1_3,2640.5,679.628493270649,8.44266778453666
265071.015771188,3844041.30808585,709.858660969374,L1_3,2640.5,672.646086389052,7.87149037145404
265071.015771188,3844041.30808585,709.858660969374,L1_3,2640.5,665.314559163376,10.2308353146563
265071.015771188,3844041.30808585,709.858660969374,L1_3,2640.5,657.616455576415,15.1116254826813
265071.015771188,3844041.30808585,709.858660969374,L1_3,2640.5,649.533446810107,20.8861326897437
265071.015771188,3844041.30808585,709.858660969374,L1_3,2640.5,641.046287605483,24.6292798058075
265071.015771188,3844041.30808585,709.858660969374,L1_3,2640.5,632.134770440628,24.488066664002
265071.015771188,3844041.30808585,709.858660969374,L1_3,2640.5,622.777677417531,21.0124655023353
265071.015771188,3844041.30808585,709.858660969374,L1_3,2640.5,612.952729743278,16.0588895885587
265071.015771188,3844041.30808585,709.858660969374,L1_3,2640.5,602.636534685313,11.329387590368
265071.015771188,3844041.30808585,709.858660969374,L1_3,2640.5,591.804529874449,7.72740579818099
265071.015771188,3844041.30808585,709.858660969374,L1_3,2640.5,580.430924823043,5.40433756968797
265071.015771188,3844041.30808585,709.858660969374,L1_3,2640.5,568.488639519066,4.11850927234457
265071.015771188,3844041.30808585,709.858660969374,L1_3,2640.5,555.94923994989,3.57014126206255
265071.015771188,3844041.30808585,709.858660969374,L1_3,2640.5,542.782870402255,3.55670095847394
265071.015771188,3844041.30808585,709.858660969374,L1_3,2640.5,528.958182377239,3.98634655037341
265071.015771188,3844041.30808585,709.858660969374,L1_3,2640.5,514.442259950972,4.83409771565819
265071.015771188,3844041.30808585,709.858660969374,L1_3,2640.5,499.200541403391,6.08835091268446
265071.015771188,3844041.30808585,709.858660969374,L1_3,2640.5,483.196736928432,7.70947261067836
265071.015771188,3844041.30808585,709.858660969374,L1_3,2640.5,466.392742229724,9.61302962482879
265071.015771188,3844041.30808585,709.858660969374,L1_3,2640.5,448.748547796081,11.6773828601104
265071.015771188,3844041.30808585,709.858660969374,L1_3,2640.5,430.222143640756,13.7632743571335
265071.015771188,3844041.30808585,709.858660969374,L1_3,2640.5,410.769419277665,15.7328636483949
265071.015771188,3844041.30808585,709.858660969374,L1_3,2640.5,390.344058696419,17.4630029951678
265071.015771188,3844041.30808585,709.858660969374,L1_3,2640.5,368.897430086111,18.853466837919
265071.015771188,3844041.30808585,709.858660969374,L1_3,2640.5,346.378470045287,19.836304066619
265071.015771188,3844041.30808585,709.858660969374,L1_3,2640.5,322.754303339663,20.3887651131056
265071.015771188,3844041.30808585,709.858660969374,L1_3,2640.5,300.064105870122,20.5966933884101
265071.015771188,3844041.30808585,709.858660969374,L1_3,2640.5,276.239398527104,20.5656346679602
265071.015771188,3844041.30808585,709.858660969374,L1_3,2640.5,251.223455816935,20.3281709797957
265071.015771188,3844041.30808585,709.858660969374,L1_3,2640.5,224.956715971258,19.9067361325643
265071.015771188,3844041.30808585,709.858660969374,L1_3,2640.5,197.376639133297,19.3244086218035
265071.015771188,3844041.30808585,709.858660969374,L1_3,2640.5,168.417558453437,18.6099283595972
265071.015771188,3844041.30808585,709.858660969374,L1_3,2640.5,138.010523739585,17.7970698495186
265071.015771188,3844041.30808585,709.858660969374,L1_3,2640.5,,
265071.015771188,3844041.30808585,709.858660969374,L1_3,2640.5,,
265071.015771188,3844041.30808585,709.858660969374,L1_3,2640.5,,
265071.015771188,3844041.30808585,709.858660969374,L1_3,2640.5,,
265071.015771188,3844041.30808585,709.858660969374,L1_3,2640.5,,
265071.015771188,3844041.30808585,709.858660969374,L1_3,2640.5,,
265071.015771188,3844041.30808585,709.858660969374,L1_3,2640.5,,
265071.015771188,3844041.30808585,709.858660969374,L1_3,2640.5,,
265071.015771188,3844041.30808585,709.858660969374,L1_3,2640.5,,
265071.015771188,3844041.30808585,709.858660969374,L1_3,2640.5,,
265071.015771188,3844041.30808585,709.858660969374,L1_3,2640.5,,
265071.015771188,3844041.30808585,709.858660969374,L1_3,2640.5,,
265071.015771188,3844041.30808585,709.858660969374,L1_3,2640.5,,
265071.015771188,3844041.30808585,709.858660969374,L1_3,2640.5,,
265071.015771188,3844041.30808585,709.858660969374,L1_3,2640.5,,
265071.015771188,3844041.30808585,709.858660969374,L1_3,2640.5,,
265071.015771188,3844041.30808585,709.858660969374,L1_3,2640.5,,
265071.015771188,3844041.30808585,709.858660969374,L1_3,2640.5,,
265071.015771188,3844041.30808585,709.858660969374,L1_3,2640.5,,
265071.015771188,3844041.30808585,709.858660969374,L1_3,2640.5,,
265071.015771188,3844041.30808585,709.858660969374,L1_3,2640.5,,
265071.015771188,3844041.30808585,709.858660969374,L1_3,2640.5,,
265076.383850649,3844044.98390304,710.201182027314,L1_3,2647.0,710.201182027314,20.580930041875
265076.383850649,3844044.98390304,710.201182027314,L1_3,2647.0,704.725439966872,21.4795296493101
265076.383850649,3844044.98390304,710.201182027314,L1_3,2647.0,698.975910803408,21.4165447088134
265076.383850649,3844044.98390304,710.201182027314,L1_3,2647.0,692.938905181771,17.2894970978797
265076.383850649,3844044.98390304,710.201182027314,L1_3,2647.0,686.600049279052,11.751230501347
265076.383850649,3844044.98390304,710.201182027314,L1_3,2647.0,679.944250581197,8.42128964190888
265076.383850649,3844044.98390304,710.201182027314,L1_3,2647.0,672.955661948449,8.03588503038345
265076.383850649,3844044.98390304,710.201182027314,L1_3,2647.0,665.617643884063,10.3525022639157
265076.383850649,3844044.98390304,710.201182027314,L1_3,2647.0,657.912724916459,15.0442270863141
265076.383850649,3844044.98390304,710.201182027314,L1_3,2647.0,649.822560000474,20.5615873580249
265076.383850649,3844044.98390304,710.201182027314,L1_3,2647.0,641.32788683869,24.1337942705461
265076.383850649,3844044.98390304,710.201182027314,L1_3,2647.0,632.408480018816,23.9716008220307
265076.383850649,3844044.98390304,710.201182027314,L1_3,2647.0,623.04310285795,20.5648011113534
265076.383850649,3844044.98390304,710.201182027314,L1_3,2647.0,613.209456839039,15.7020198322434
265076.383850649,3844044.98390304,710.201182027314,L1_3,2647.0,602.884128519183,11.0586775610656
265076.383850649,3844044.98390304,710.201182027314,L1_3,2647.0,592.042533783335,7.53161329367085
265076.383850649,3844044.98390304,710.201182027314,L1_3,2647.0,580.658859310694,5.26844400155084
265076.383850649,3844044.98390304,710.201182027314,L1_3,2647.0,568.706001114421,4.02669918920005
265076.383850649,3844044.98390304,710.201182027314,L1_3,2647.0,556.155500008334,3.51039136449035
265076.383850649,3844044.98390304,710.201182027314,L1_3,2647.0,542.977473846943,3.52329412039971
265076.383850649,3844044.98390304,710.201182027314,L1_3,2647.0,529.140546377482,3.98000221953214
265076.383850649,3844044.98390304,710.201182027314,L1_3,2647.0,514.611772534549,4.86067755231431
265076.383850649,3844044.98390304,710.201182027314,L1_3,2647.0,499.356559999468,6.1564403164423
265076.383850649,3844044.98390304,710.201182027314,L1_3,2647.0,483.338586837634,7.82722642631981
265076.383850649,3844044.98390304,710.201182027314,L1_3,2647.0,466.519715017708,9.7852495532969
265076.383850649,3844044.98390304,710.201182027314,L1_3,2647.0,448.859899606786,11.90368792678
265076.383850649,3844044.98390304,710.201182027314,L1_3,2647.0,430.317093425317,14.0375887171708
265076.383850649,3844044.98390304,710.201182027314,L1_3,2647.0,410.847146934775,16.0440121387845
265076.383850649,3844044.98390304,710.201182027314,L1_3,2647.0,390.403703119706,17.7961115994174
265076.383850649,3844044.98390304,710.201182027314,L1_3,2647.0,368.938087113884,19.1918383158738
265076.383850649,3844044.98390304,710.201182027314,L1_3,2647.0,346.39919030777,20.1636111793251
265076.383850649,3844044.98390304,710.201182027314,L1_3,2647.0,322.754303339663,20.6913118029646
265076.383850649,3844044.98390304,710.201182027314,L1_3,2647.0,300.064105870122,20.8672177012275
265076.383850649,3844044.98390304,710.201182027314,L1_3,2647.0,276.239398527104,20.8026584798774
265076.383850649,3844044.98390304,710.201182027314,L1_3,2647.0,251.223455816935,20.5321602789184
265076.383850649,3844044.98390304,710.201182027314,L1_3,2647.0,224.956715971258,20.0791611048145
265076.383850649,3844044.98390304,710.201182027314,L1_3,2647.0,197.376639133297,19.467355235375
265076.383850649,3844044.98390304,710.201182027314,L1_3,2647.0,168.417558453437,18.7259932579572
265076.383850649,3844044.98390304,710.201182027314,L1_3,2647.0,138.010523739585,17.8892600493077
265076.383850649,3844044.98390304,710.201182027314,L1_3,2647.0,,
265076.383850649,3844044.98390304,710.201182027314,L1_3,2647.0,,
265076.383850649,3844044.98390304,710.201182027314,L1_3,2647.0,,
265076.383850649,3844044.98390304,710.201182027314,L1_3,2647.0,,
265076.383850649,3844044.98390304,710.201182027314,L1_3,2647.0,,
265076.383850649,3844044.98390304,710.201182027314,L1_3,2647.0,,
265076.383850649,3844044.98390304,710.201182027314,L1_3,2647.0,,
265076.383850649,3844044.98390304,710.201182027314,L1_3,2647.0,,
265076.383850649,3844044.98390304,710.201182027314,L1_3,2647.0,,
265076.383850649,3844044.98390304,710.201182027314,L1_3,2647.0,,
265076.383850649,3844044.98390304,710.201182027314,L1_3,2647.0,,
265076.383850649,3844044.98390304,710.201182027314,L1_3,2647.0,,
265076.383850649,3844044.98390304,710.201182027314,L1_3,2647.0,,
265076.383850649,3844044.98390304,710.201182027314,L1_3,2647.0,,
265076.383850649,3844044.98390304,710.201182027314,L1_3,2647.0,,
265076.383850649,3844044.98390304,710.201182027314,L1_3,2647.0,,
265076.383850649,3844044.98390304,710.201182027314,L1_3,2647.0,,
265076.383850649,3844044.98390304,710.201182027314,L1_3,2647.0,,
265076.383850649,3844044.98390304,710.201182027314,L1_3,2647.0,,
265076.383850649,3844044.98390304,710.201182027314,L1_3,2647.0,,
265076.383850649,3844044.98390304,710.201182027314,L1_3,2647.0,,
265076.383850649,3844044.98390304,710.201182027314,L1_3,2647.0,,
265081.339000801,3844048.37696471,710.543703085255,L1_3,2653.0,710.543703085255,20.9593008980888
265081.339000801,3844048.37696471,710.543703085255,L1_3,2653.0,705.063117461031,20.0236531540755
265081.339000801,3844048.37696471,710.543703085255,L1_3,2653.0,699.308502555596,17.3577939537613
265081.339000801,3844048.37696471,710.543703085255,L1_3,2653.0,693.26615690489,13.6525923102012
265081.339000801,3844048.37696471,710.543703085255,L1_3,2653.0,686.921693971648,10.0792708867413
265081.339000801,3844048.37696471,710.543703085255,L1_3,2653.0,680.260007891744,8.00825129663894
265081.339000801,3844048.37696471,710.543703085255,L1_3,2653.0,673.265237507845,8.13024591307849
265081.339000801,3844048.37696471,710.543703085255,L1_3,2653.0,665.920728604751,10.5975141501708
265081.339000801,3844048.37696471,710.543703085255,L1_3,2653.0,658.208994256502,15.1900630345586
265081.339000801,3844048.37696471,710.543703085255,L1_3,2653.0,650.11167319084,20.4205527685938
265081.339000801,3844048.37696471,710.543703085255,L1_3,2653.0,641.609486071896,23.7220393932402
265081.339000801,3844048.37696471,710.543703085255,L1_3,2653.0,632.682189597004,23.465825616492
265081.339000801,3844048.37696471,710.543703085255,L1_3,2653.0,623.308528298368,20.1137088283203
265081.339000801,3844048.37696471,710.543703085255,L1_3,2653.0,613.4661839348,15.3569819279419
265081.339000801,3844048.37696471,710.543703085255,L1_3,2653.0,603.131722353054,10.8139998607407
265081.339000801,3844048.37696471,710.543703085255,L1_3,2653.0,592.28053769222,7.36574093332063
265081.339000801,3844048.37696471,710.543703085255,L1_3,2653.0,580.886793798345,5.15945957373065
265081.339000801,3844048.37696471,710.543703085255,L1_3,2653.0,568.923362709776,3.95694845666704
265081.339000801,3844048.37696471,710.543703085255,L1_3,2653.0,556.361760066778,3.46859991167592
265081.339000801,3844048.37696471,710.543703085255,L1_3,2653.0,543.172077291631,3.50503155481156
265081.339000801,3844048.37696471,710.543703085255,L1_3,2653.0,529.322910377726,3.98698053312529
265081.339000801,3844048.37696471,710.543703085255,L1_3,2653.0,514.781285118126,4.89929171424897
265081.339000801,3844048.37696471,710.543703085255,L1_3,2653.0,499.512578595546,6.23540820902324
265081.339000801,3844048.37696471,710.543703085255,L1_3,2653.0,483.480436746836,7.95455299721134
265081.339000801,3844048.37696471,710.543703085255,L1_3,2653.0,466.646687805692,9.96544051016472
265081.339000801,3844048.37696471,710.543703085255,L1_3,2653.0,448.97125141749,12.1360470719817
265081.339000801,3844048.37696471,710.543703085255,L1_3,2653.0,430.412043209878,14.3157971827039
265081.339000801,3844048.37696471,710.543703085255,L1_3,2653.0,410.924874591886,16.3567756153478
265081.339000801,3844048.37696471,710.543703085255,L1_3,2653.0,390.463347542994,18.128575075264
265081.339000801,3844048.37696471,710.543703085255,L1_3,2653.0,368.978744141657,19.5274595969763
265081.339000801,3844048.37696471,710.543703085255,L1_3,2653.0,346.419910570253,20.4863421695811
265081.339000801,3844048.37696471,710.543703085255,L1_3,2653.0,322.754303339663,20.9878467712046
265081.339000801,3844048.37696471,710.543703085255,L1_3,2653.0,300.064105870122,21.130792045841
265081.339000801,3844048.37696471,710.543703085255,L1_3,2653.0,276.239398527104,21.032300868192
265081.339000801,3844048.37696471,710.543703085255,L1_3,2653.0,251.223455816935,20.7287581690716
265081.339000801,3844048.37696471,710.543703085255,L1_3,2653.0,224.956715971258,20.2445044271808
265081.339000801,3844048.37696471,710.543703085255,L1_3,2653.0,197.376639133297,19.6037556781728
265081.339000801,3844048.37696471,710.543703085255,L1_3,2653.0,168.417558453437,18.83619227759
265081.339000801,3844048.37696471,710.543703085255,L1_3,2653.0,138.010523739585,17.9763385574002
265081.339000801,3844048.37696471,710.543703085255,L1_3,2653.0,,
265081.339000801,3844048.37696471,710.543703085255,L1_3,2653.0,,
265081.339000801,3844048.37696471,710.543703085255,L1_3,2653.0,,
265081.339000801,3844048.37696471,710.543703085255,L1_3,2653.0,,
265081.339000801,3844048.37696471,710.543703085255,L1_3,2653.0,,
265081.339000801,3844048.37696471,710.543703085255,L1_3,2653.0,,
265081.339000801,3844048.37696471,710.543703085255,L1_3,2653.0,,
265081.339000801,3844048.37696471,710.543703085255,L1_3,2653.0,,
265081.339000801,3844048.37696471,710.543703085255,L1_3,2653.0,,
265081.339000801,3844048.37696471,710.543703085255,L1_3,2653.0,,
265081.339000801,3844048.37696471,710.543703085255,L1_3,2653.0,,
265081.339000801,3844048.37696471,710.543703085255,L1_3,2653.0,,
265081.339000801,3844048.37696471,710.543703085255,L1_3,2653.0,,
265081.339000801,3844048.37696471,710.543703085255,L1_3,2653.0,,
265081.339000801,3844048.37696471,710.543703085255,L1_3,2653.0,,
265081.339000801,3844048.37696471,710.543703085255,L1_3,2653.0,,
265081.339000801,3844048.37696471,710.543703085255,L1_3,2653.0,,
265081.339000801,3844048.37696471,710.543703085255,L1_3,2653.0,,
265081.339000801,3844048.37696471,710.543703085255,L1_3,2653.0,,
265081.339000801,3844048.37696471,710.543703085255,L1_3,2653.0,,
265081.339000801,3844048.37696471,710.543703085255,L1_3,2653.0,,
265081.339000801,3844048.37696471,710.543703085255,L1_3,2653.0,,
265086.707080001,3844052.05278115,710.886224143195,L1_3,2659.5,710.886224143195,28.400780893859
265086.707080001,3844052.05278115,710.886224143195,L1_3,2659.5,705.40079495519,23.4427462625598
265086.707080001,3844052.05278115,710.886224143195,L1_3,2659.5,699.641094307785,15.8953995233854
265086.707080001,3844052.05278115,710.886224143195,L1_3,2659.5,693.593408628009,11.1335764257585
265086.707080001,3844052.05278115,710.886224143195,L1_3,2659.5,687.243338664244,8.35926456861339
265086.707080001,3844052.05278115,710.886224143195,L1_3,2659.5,680.575765202291,7.17406967137184
265086.707080001,3844052.05278115,710.886224143195,L1_3,2659.5,673.574813067241,7.80588235476618
265086.707080001,3844052.05278115,710.886224143195,L1_3,2659.5,666.223813325438,10.4962734009348
265086.707080001,3844052.05278115,710.886224143195,L1_3,2659.5,658.505263596545,15.0767791281638
265086.707080001,3844052.05278115,710.886224143195,L1_3,2659.5,650.400786381207,20.1084456424929
265086.707080001,3844052.05278115,710.886224143195,L1_3,2659.5,641.891085305102,23.2056994199295
265086.707080001,3844052.05278115,710.886224143195,L1_3,2659.5,632.955899175193,22.9030818755423
265086.707080001,3844052.05278115,710.886224143195,L1_3,2659.5,623.573953738787,19.6459300900341
265086.707080001,3844052.05278115,710.886224143195,L1_3,2659.5,613.722911030561,15.025664129062
265086.707080001,3844052.05278115,710.886224143195,L1_3,2659.5,603.379316186924,10.5981491924437
265086.707080001,3844052.05278115,710.886224143195,L1_3,2659.5,592.518541601106,7.2307390447913
265086.707080001,3844052.05278115,710.886224143195,L1_3,2659.5,581.114728285996,5.07704261291474
265086.707080001,3844052.05278115,710.886224143195,L1_3,2659.5,569.140724305131,3.90842169188454
265086.707080001,3844052.05278115,710.886224143195,L1_3,2659.5,556.568020125222,3.44384530373038
265086.707080001,3844052.05278115,710.886224143195,L1_3,2659.5,543.366680736318,3.50102506592478
265086.707080001,3844052.05278115,710.886224143195,L1_3,2659.5,529.505274377969,4.00642462464864
265086.707080001,3844052.05278115,710.886224143195,L1_3,2659.5,514.950797701703,4.94908067115689
265086.707080001,3844052.05278115,710.886224143195,L1_3,2659.5,499.668597191623,6.32436355300794
265086.707080001,3844052.05278115,710.886224143195,L1_3,2659.5,483.622286656039,8.09052050645129
265086.707080001,3844052.05278115,710.886224143195,L1_3,2659.5,466.773660593676,10.1526383888389
265086.707080001,3844052.05278115,710.886224143195,L1_3,2659.5,449.082603228194,12.3734824483922
265086.707080001,3844052.05278115,710.886224143195,L1_3,2659.5,430.506992994439,14.5969321859816
265086.707080001,3844052.05278115,710.886224143195,L1_3,2659.5,411.002602248996,16.6702237759826
265086.707080001,3844052.05278115,710.886224143195,L1_3,2659.5,390.522991966281,18.4595234227842
265086.707080001,3844052.05278115,710.886224143195,L1_3,2659.5,369.01940116943,19.8595386308171
265086.707080001,3844052.05278115,710.886224143195,L1_3,2659.5,346.440630832736,20.8038016752403
265086.707080001,3844052.05278115,710.886224143195,L1_3,2659.5,322.754303339663,21.2777821305543
265086.707080001,3844052.05278115,710.886224143195,L1_3,2659.5,300.064105870122,21.386934435864
265086.707080001,3844052.05278115,710.886224143195,L1_3,2659.5,276.239398527104,21.2541722912162
265086.707080001,3844052.05278115,710.886224143195,L1_3,2659.5,251.223455816935,20.9176524161356
265086.707080001,3844052.05278115,710.886224143195,L1_3,2659.5,224.956715971258,20.4025222254478
265086.707080001,3844052.05278115,710.886224143195,L1_3,2659.5,197.376639133297,19.7334233505202
265086.707080001,3844052.05278115,710.886224143195,L1_3,2659.5,168.417558453437,18.94038320666
265086.707080001,3844052.05278115,710.886224143195,L1_3,2659.5,138.010523739585,18.058198311227
265086.707080001,3844052.05278115,710.886224143195,L1_3,2659.5,,
265086.707080001,3844052.05278115,710.886224143195,L1_3,2659.5,,
265086.707080001,3844052.05278115,710.886224143195,L1_3,2659.5,,
265086.707080001,3844052.05278115,710.886224143195,L1_3,2659.5,,
265086.707080001,3844052.05278115,710.886224143195,L1_3,2659.5,,
265086.707080001,3844052.05278115,710.886224143195,L1_3,2659.5,,
265086.707080001,3844052.05278115,710.886224143195,L1_3,2659.5,,
265086.707080001,3844052.05278115,710.886224143195,L1_3,2659.5,,
265086.707080001,3844052.05278115,710.886224143195,L1_3,2659.5,,
265086.707080001,3844052.05278115,710.886224143195,L1_3,2659.5,,
265086.707080001,3844052.05278115,710.886224143195,L1_3,2659.5,,
265086.707080001,3844052.05278115,710.886224143195,L1_3,2659.5,,
265086.707080001,3844052.05278115,710.886224143195,L1_3,2659.5,,
265086.707080001,3844052.05278115,710.886224143195,L1_3,2659.5,,
265086.707080001,3844052.05278115,710.886224143195,L1_3,2659.5,,
265086.707080001,3844052.05278115,710.886224143195,L1_3,2659.5,,
265086.707080001,3844052.05278115,710.886224143195,L1_3,2659.5,,
265086.707080001,3844052.05278115,710.886224143195,L1_3,2659.5,,
265086.707080001,3844052.05278115,710.886224143195,L1_3,2659.5,,
265086.707080001,3844052.05278115,710.886224143195,L1_3,2659.5,,
265086.707080001,3844052.05278115,710.886224143195,L1_3,2659.5,,
265086.707080001,3844052.05278115,710.886224143195,L1_3,2659.5,,
265091.662230031,3844055.44584248,711.280669823503,L1_3,2665.5,711.280669823503,31.3971100768767
265091.662230031,3844055.44584248,711.280669823503,L1_3,2665.5,705.789662809648,25.3454294857636
265091.662230031,3844055.44584248,711.280669823503,L1_3,2665.5,700.024105445101,15.9589231983675
265091.662230031,3844055.44584248,711.280669823503,L1_3,2665.5,693.970270212326,10.1735621608937
265091.662230031,3844055.44584248,711.280669823503,L1_3,2665.5,687.613743217912,7.22871013194395
265091.662230031,3844055.44584248,711.280669823503,L1_3,2665.5,680.939389873778,6.22286752305268
265091.662230031,3844055.44584248,711.280669823503,L1_3,2665.5,673.931318862437,7.04534020676103
265091.662230031,3844055.44584248,711.280669823503,L1_3,2665.5,666.572844300529,9.85923457857078
265091.662230031,3844055.44584248,711.280669823503,L1_3,2665.5,658.846446010526,14.4883727513225
265091.662230031,3844055.44584248,711.280669823503,L1_3,2665.5,650.733727806022,19.4937240011621
265091.662230031,3844055.44584248,711.280669823503,L1_3,2665.5,642.215373691294,22.5625125234139
265091.662230031,3844055.44584248,711.280669823503,L1_3,2665.5,633.271101870829,22.3221655119066
265091.662230031,3844055.44584248,711.280669823503,L1_3,2665.5,623.87961645934,19.208541287862
265091.662230031,3844055.44584248,711.280669823503,L1_3,2665.5,614.018556777277,14.740532239672
265091.662230031,3844055.44584248,711.280669823503,L1_3,2665.5,603.664444111111,10.428029802856
265091.662230031,3844055.44584248,711.280669823503,L1_3,2665.5,592.792625811637,7.13373926616665
265091.662230031,3844055.44584248,711.280669823503,L1_3,2665.5,581.377216597189,5.02357163516417
265091.662230031,3844055.44584248,711.280669823503,L1_3,2665.5,569.391036922019,3.88153086471437
265091.662230031,3844055.44584248,711.280669823503,L1_3,2665.5,556.80554826309,3.4357949711286
265091.662230031,3844055.44584248,711.280669823503,L1_3,2665.5,543.590785171215,3.51065030249884
265091.662230031,3844055.44584248,711.280669823503,L1_3,2665.5,529.715283924746,4.0375557047929
265091.662230031,3844055.44584248,711.280669823503,L1_3,2665.5,515.146007615953,5.00913659660085
265091.662230031,3844055.44584248,711.280669823503,L1_3,2665.5,499.848267491721,6.42226592404004
265091.662230031,3844055.44584248,711.280669823503,L1_3,2665.5,483.785640361277,8.23395304486329
265091.662230031,3844055.44584248,711.280669823503,L1_3,2665.5,466.919881874311,10.3455377670529
265091.662230031,3844055.44584248,711.280669823503,L1_3,2665.5,449.210835462997,12.614576584703
265091.662230031,3844055.44584248,711.280669823503,L1_3,2665.5,430.616336731117,14.8794950385655
265091.662230031,3844055.44584248,711.280669823503,L1_3,2665.5,411.092113062643,16.982817867725
265091.662230031,3844055.44584248,711.280669823503,L1_3,2665.5,390.591678210746,18.7874344603675
265091.662230031,3844055.44584248,711.280669823503,L1_3,2665.5,369.066221616253,20.1866322794932
265091.662230031,3844055.44584248,711.280669823503,L1_3,2665.5,346.464492192036,21.114677784204
265091.662230031,3844055.44584248,711.280669823503,L1_3,2665.5,322.754303339663,21.5599760273385
265091.662230031,3844055.44584248,711.280669823503,L1_3,2665.5,300.064105870122,21.6346857062498
265091.662230031,3844055.44584248,711.280669823503,L1_3,2665.5,276.239398527104,21.4674898487832
265091.662230031,3844055.44584248,711.280669823503,L1_3,2665.5,251.223455816935,21.0982220742873
265091.662230031,3844055.44584248,711.280669823503,L1_3,2665.5,224.956715971258,20.5527321917251
265091.662230031,3844055.44584248,711.280669823503,L1_3,2665.5,197.376639133297,19.8559917891261
265091.662230031,3844055.44584248,711.280669823503,L1_3,2665.5,168.417558453437,19.0382942222247
265091.662230031,3844055.44584248,711.280669823503,L1_3,2665.5,138.010523739585,18.1346408411825
265091.662230031,3844055.44584248,711.280669823503,L1_3,2665.5,,
265091.662230031,3844055.44584248,711.280669823503,L1_3,2665.5,,
265091.662230031,3844055.44584248,711.280669823503,L1_3,2665.5,,
265091.662230031,3844055.44584248,711.280669823503,L1_3,2665.5,,
265091.662230031,3844055.44584248,711.280669823503,L1_3,2665.5,,
265091.662230031,3844055.44584248,711.280669823503,L1_3,2665.5,,
265091.662230031,3844055.44584248,711.280669823503,L1_3,2665.5,,
265091.662230031,3844055.44584248,711.280669823503,L1_3,2665.5,,
265091.662230031,3844055.44584248,711.280669823503,L1_3,2665.5,,
265091.662230031,3844055.44584248,711.280669823503,L1_3,2665.5,,
265091.662230031,3844055.44584248,711.280669823503,L1_3,2665.5,,
265091.662230031,3844055.44584248,711.280669823503,L1_3,2665.5,,
265091.662230031,3844055.44584248,711.280669823503,L1_3,2665.5,,
265091.662230031,3844055.44584248,711.280669823503,L1_3,2665.5,,
265091.662230031,3844055.44584248,711.280669823503,L1_3,2665.5,,
265091.662230031,3844055.44584248,711.280669823503,L1_3,2665.5,,
265091.662230031,3844055.44584248,711.280669823503,L1_3,2665.5,,
265091.662230031,3844055.44584248,711.280669823503,L1_3,2665.5,,
265091.662230031,3844055.44584248,711.280669823503,L1_3,2665.5,,
265091.662230031,3844055.44584248,711.280669823503,L1_3,2665.5,,
265091.662230031,3844055.44584248,711.280669823503,L1_3,2665.5,,
265091.662230031,3844055.44584248,711.280669823503,L1_3,2665.5,,
265097.030309231,3844059.12165891,711.727088774828,L1_3,2672.0,711.727088774828,27.7208639257927
265097.030309231,3844059.12165891,711.727088774828,L1_3,2672.0,706.229768985119,24.7930817044544
265097.030309231,3844059.12165891,711.727088774828,L1_3,2672.0,700.457583205925,17.4001648222415
265097.030309231,3844059.12165891,711.727088774828,L1_3,2672.0,694.396788137771,10.5458930003781
265097.030309231,3844059.12165891,711.727088774828,L1_3,2672.0,688.03295331621,6.67931241171107
265097.030309231,3844059.12165891,711.727088774828,L1_3,2672.0,681.35092675357,5.31377492109962
265097.030309231,3844059.12165891,711.727088774828,L1_3,2672.0,674.334798862798,5.99117058639612
265097.030309231,3844059.12165891,711.727088774828,L1_3,2672.0,666.967864577488,8.73703334795536
265097.030309231,3844059.12165891,711.727088774828,L1_3,2672.0,659.232583577912,13.4057350503237
265097.030309231,3844059.12165891,711.727088774828,L1_3,2672.0,651.110538528358,18.5515240614733
265097.030309231,3844059.12165891,711.727088774828,L1_3,2672.0,642.582391226326,21.8006640532128
265097.030309231,3844059.12165891,711.727088774828,L1_3,2672.0,633.627836559192,21.7567626848671
265097.030309231,3844059.12165891,711.727088774828,L1_3,2672.0,624.225554158702,18.8370905085534
265097.030309231,3844059.12165891,711.727088774828,L1_3,2672.0,614.353157638187,14.5257652071442
265097.030309231,3844059.12165891,711.727088774828,L1_3,2672.0,603.987141291646,10.3158770436397
265097.030309231,3844059.12165891,711.727088774828,L1_3,2672.0,593.102824127778,7.07941685412879
265097.030309231,3844059.12165891,711.727088774828,L1_3,2672.0,581.674291105717,5.00011245890174
265097.030309231,3844059.12165891,711.727088774828,L1_3,2672.0,569.674331432553,3.87592114589745
265097.030309231,3844059.12165891,711.727088774828,L1_3,2672.0,557.07437377573,3.44359266456916
265097.030309231,3844059.12165891,711.727088774828,L1_3,2672.0,543.844418236066,3.53285888278611
265097.030309231,3844059.12165891,711.727088774828,L1_3,2672.0,529.95296491942,4.07921185179818
265097.030309231,3844059.12165891,711.727088774828,L1_3,2672.0,515.366938936941,5.0781970222266
265097.030309231,3844059.12165891,711.727088774828,L1_3,2672.0,500.051611655338,6.52776483667722
265097.030309231,3844059.12165891,711.727088774828,L1_3,2672.0,483.970518009654,8.3834415771213
265097.030309231,3844059.12165891,711.727088774828,L1_3,2672.0,467.085369681687,10.5427127955495
265097.030309231,3844059.12165891,711.727088774828,L1_3,2672.0,449.355963937321,12.8579308284203
265097.030309231,3844059.12165891,711.727088774828,L1_3,2672.0,430.740087905737,15.1621522680824
265097.030309231,3844059.12165891,711.727088774828,L1_3,2672.0,411.193418072574,17.293319542307
265097.030309231,3844059.12165891,711.727088774828,L1_3,2672.0,390.669414747753,19.1111914956235
265097.030309231,3844059.12165891,711.727088774828,L1_3,2672.0,369.11921125669,20.5077670299338
265097.030309231,3844059.12165891,711.727088774828,L1_3,2672.0,346.491497591075,21.4181504971598
265097.030309231,3844059.12165891,711.727088774828,L1_3,2672.0,322.754303339663,21.8337602711977
265097.030309231,3844059.12165891,711.727088774828,L1_3,2672.0,300.064105870122,21.8735167408969
265097.030309231,3844059.12165891,711.727088774828,L1_3,2672.0,276.239398527104,21.6718443292729
265097.030309231,3844059.12165891,711.727088774828,L1_3,2672.0,251.223455816935,21.270154795917
265097.030309231,3844059.12165891,711.727088774828,L1_3,2672.0,224.956715971258,20.6948991757012
265097.030309231,3844059.12165891,711.727088774828,L1_3,2672.0,197.376639133297,19.9712857437976
265097.030309231,3844059.12165891,711.727088774828,L1_3,2672.0,168.417558453437,19.1297955582348
265097.030309231,3844059.12165891,711.727088774828,L1_3,2672.0,138.010523739585,18.2055714205455
265097.030309231,3844059.12165891,711.727088774828,L1_3,2672.0,,
265097.030309231,3844059.12165891,711.727088774828,L1_3,2672.0,,
265097.030309231,3844059.12165891,711.727088774828,L1_3,2672.0,,
265097.030309231,3844059.12165891,711.727088774828,L1_3,2672.0,,
265097.030309231,3844059.12165891,711.727088774828,L1_3,2672.0,,
265097.030309231,3844059.12165891,711.727088774828,L1_3,2672.0,,
265097.030309231,3844059.12165891,711.727088774828,L1_3,2672.0,,
265097.030309231,3844059.12165891,711.727088774828,L1_3,2672.0,,
265097.030309231,3844059.12165891,711.727088774828,L1_3,2672.0,,
265097.030309231,3844059.12165891,711.727088774828,L1_3,2672.0,,
265097.030309231,3844059.12165891,711.727088774828,L1_3,2672.0,,
265097.030309231,3844059.12165891,711.727088774828,L1_3,2672.0,,
265097.030309231,3844059.12165891,711.727088774828,L1_3,2672.0,,
265097.030309231,3844059.12165891,711.727088774828,L1_3,2672.0,,
265097.030309231,3844059.12165891,711.727088774828,L1_3,2672.0,,
265097.030309231,3844059.12165891,711.727088774828,L1_3,2672.0,,
265097.030309231,3844059.12165891,711.727088774828,L1_3,2672.0,,
265097.030309231,3844059.12165891,711.727088774828,L1_3,2672.0,,
265097.030309231,3844059.12165891,711.727088774828,L1_3,2672.0,,
265097.030309231,3844059.12165891,711.727088774828,L1_3,2672.0,,
265097.030309231,3844059.12165891,711.727088774828,L1_3,2672.0,,
265097.030309231,3844059.12165891,711.727088774828,L1_3,2672.0,,
265101.985459141,3844062.5147199,712.173507726153,L1_3,2678.0,712.173507726153,30.238551252705
265101.985459141,3844062.5147199,712.173507726153,L1_3,2678.0,706.66987516059,28.1215154668058
265101.985459141,3844062.5147199,712.173507726153,L1_3,2678.0,700.891060966749,20.5340541001263
265101.985459141,3844062.5147199,712.173507726153,L1_3,2678.0,694.823306063216,11.7363583167777
265101.985459141,3844062.5147199,712.173507726153,L1_3,2678.0,688.452163414507,6.47790344340251
265101.985459141,3844062.5147199,712.173507726153,L1_3,2678.0,681.762463633362,4.57044693000093
265101.985459141,3844062.5147199,712.173507726153,L1_3,2678.0,674.738278863159,4.99181432686444
265101.985459141,3844062.5147199,712.173507726153,L1_3,2678.0,667.362884854447,7.57078857187075
265101.985459141,3844062.5147199,712.173507726153,L1_3,2678.0,659.618721145299,12.2582973020539
265101.985459141,3844062.5147199,712.173507726153,L1_3,2678.0,651.487349250694,17.6365073778598
265101.985459141,3844062.5147199,712.173507726153,L1_3,2678.0,642.949408761358,21.1802580658415
265101.985459141,3844062.5147199,712.173507726153,L1_3,2678.0,633.984571247556,21.3792025770213
265101.985459141,3844062.5147199,712.173507726153,L1_3,2678.0,624.571491858063,18.6337328005587
265101.985459141,3844062.5147199,712.173507726153,L1_3,2678.0,614.687758499096,14.4344010143272
265101.985459141,3844062.5147199,712.173507726153,L1_3,2678.0,604.30983847218,10.2854478576173
265101.985459141,3844062.5147199,712.173507726153,L1_3,2678.0,593.413022443919,7.07684925113275
265101.985459141,3844062.5147199,712.173507726153,L1_3,2678.0,581.971365614244,5.0094598400529
265101.985459141,3844062.5147199,712.173507726153,L1_3,2678.0,569.957625943086,3.89199926317781
265101.985459141,3844062.5147199,712.173507726153,L1_3,2678.0,557.34319928837,3.46677718459538
265101.985459141,3844062.5147199,712.173507726153,L1_3,2678.0,544.098051300918,3.56683718459786
265101.985459141,3844062.5147199,712.173507726153,L1_3,2678.0,530.190645914094,4.13037602112918
265101.985459141,3844062.5147199,712.173507726153,L1_3,2678.0,515.587870257928,5.15507076177093
265101.985459141,3844062.5147199,712.173507726153,L1_3,2678.0,500.254955818954,6.63949341075028
265101.985459141,3844062.5147199,712.173507726153,L1_3,2678.0,484.155395658031,8.53744233034988
265101.985459141,3844062.5147199,712.173507726153,L1_3,2678.0,467.250857489063,10.742454684173
265101.985459141,3844062.5147199,712.173507726153,L1_3,2678.0,449.501092411645,13.1016984025183
265101.985459141,3844062.5147199,712.173507726153,L1_3,2678.0,430.863839080357,15.4429655649264
265101.985459141,3844062.5147199,712.173507726153,L1_3,2678.0,411.294723082505,17.5997678765507
265101.985459141,3844062.5147199,712.173507726153,L1_3,2678.0,390.74715128476,19.4288862765979
265101.985459141,3844062.5147199,712.173507726153,L1_3,2678.0,369.172200897127,20.821164390842
265101.985459141,3844062.5147199,712.173507726153,L1_3,2678.0,346.518502990113,21.7126503278821
265101.985459141,3844062.5147199,712.173507726153,L1_3,2678.0,322.754303339663,22.0978350253549
265101.985459141,3844062.5147199,712.173507726153,L1_3,2678.0,300.064105870122,22.1024018359694
265101.985459141,3844062.5147199,712.173507726153,L1_3,2678.0,276.239398527104,21.8664443277404
265101.985459141,3844062.5147199,712.173507726153,L1_3,2678.0,251.223455816935,21.4328479277131
265101.985459141,3844062.5147199,712.173507726153,L1_3,2678.0,224.956715971258,20.8285703227773
265101.985459141,3844062.5147199,712.173507726153,L1_3,2678.0,197.376639133297,20.0789705104886
265101.985459141,3844062.5147199,712.173507726153,L1_3,2678.0,168.417558453437,19.2146437206304
265101.985459141,3844062.5147199,712.173507726153,L1_3,2678.0,138.010523739585,18.2708166362562
265101.985459141,3844062.5147199,712.173507726153,L1_3,2678.0,,
265101.985459141,3844062.5147199,712.173507726153,L1_3,2678.0,,
265101.985459141,3844062.5147199,712.173507726153,L1_3,2678.0,,
265101.985459141,3844062.5147199,712.173507726153,L1_3,2678.0,,
265101.985459141,3844062.5147199,712.173507726153,L1_3,2678.0,,
265101.985459141,3844062.5147199,712.173507726153,L1_3,2678.0,,
265101.985459141,3844062.5147199,712.173507726153,L1_3,2678.0,,
265101.985459141,3844062.5147199,712.173507726153,L1_3,2678.0,,
265101.985459141,3844062.5147199,712.173507726153,L1_3,2678.0,,
265101.985459141,3844062.5147199,712.173507726153,L1_3,2678.0,,
265101.985459141,3844062.5147199,712.173507726153,L1_3,2678.0,,
265101.985459141,3844062.5147199,712.173507726153,L1_3,2678.0,,
265101.985459141,3844062.5147199,712.173507726153,L1_3,2678.0,,
265101.985459141,3844062.5147199,712.173507726153,L1_3,2678.0,,
265101.985459141,3844062.5147199,712.173507726153,L1_3,2678.0,,
265101.985459141,3844062.5147199,712.173507726153,L1_3,2678.0,,
265101.985459141,3844062.5147199,712.173507726153,L1_3,2678.0,,
265101.985459141,3844062.5147199,712.173507726153,L1_3,2678.0,,
265101.985459141,3844062.5147199,712.173507726153,L1_3,2678.0,,
265101.985459141,3844062.5147199,712.173507726153,L1_3,2678.0,,
265101.985459141,3844062.5147199,712.173507726153,L1_3,2678.0,,
265101.985459141,3844062.5147199,712.173507726153,L1_3,2678.0,,
265107.35353808,3844066.19053559,712.619926677478,L1_3,2684.5,712.619926677478,37.7667170301786
265107.35353808,3844066.19053559,712.619926677478,L1_3,2684.5,707.109981336061,35.1648345933716
265107.35353808,3844066.19053559,712.619926677478,L1_3,2684.5,701.324538727574,25.1031296950535
265107.35353808,3844066.19053559,712.619926677478,L1_3,2684.5,695.249823988662,13.2297237888147
265107.35353808,3844066.19053559,712.619926677478,L1_3,2684.5,688.871373512804,6.41547419788072
265107.35353808,3844066.19053559,712.619926677478,L1_3,2684.5,682.174000513154,4.04459853559351
265107.35353808,3844066.19053559,712.619926677478,L1_3,2684.5,675.141758863521,4.27927653423802
265107.35353808,3844066.19053559,712.619926677478,L1_3,2684.5,667.757905131406,6.73061933347776
265107.35353808,3844066.19053559,712.619926677478,L1_3,2684.5,660.004858712686,11.4682982043907
265107.35353808,3844066.19053559,712.619926677478,L1_3,2684.5,651.864159973029,17.111342812514
265107.35353808,3844066.19053559,712.619926677478,L1_3,2684.5,643.31642629639,20.9479429968098
265107.35353808,3844066.19053559,712.619926677478,L1_3,2684.5,634.341305935919,21.332761226493
265107.35353808,3844066.19053559,712.619926677478,L1_3,2684.5,624.917429557424,18.6737035907825
265107.35353808,3844066.19053559,712.619926677478,L1_3,2684.5,615.022359360005,14.5022491149454
265107.35353808,3844066.19053559,712.619926677478,L1_3,2684.5,604.632535652715,10.351593182762
265107.35353808,3844066.19053559,712.619926677478,L1_3,2684.5,593.72322076006,7.13096893649341
265107.35353808,3844066.19053559,712.619926677478,L1_3,2684.5,582.268440122772,5.05247161326344
265107.35353808,3844066.19053559,712.619926677478,L1_3,2684.5,570.24092045362,3.92915359885909
265107.35353808,3844066.19053559,712.619926677478,L1_3,2684.5,557.61202480101,3.50423917674247
265107.35353808,3844066.19053559,712.619926677478,L1_3,2684.5,544.35168436577,3.61127834590563
265107.35353808,3844066.19053559,712.619926677478,L1_3,2684.5,530.428326908768,4.1896117876409
265107.35353808,3844066.19053559,712.619926677478,L1_3,2684.5,515.808801578916,5.23820091008043
265107.35353808,3844066.19053559,712.619926677478,L1_3,2684.5,500.458299982571,6.75578593060137
265107.35353808,3844066.19053559,712.619926677478,L1_3,2684.5,484.340273306409,8.69421088082428
265107.35353808,3844066.19053559,712.619926677478,L1_3,2684.5,467.416345296438,10.9429862473976
265107.35353808,3844066.19053559,712.619926677478,L1_3,2684.5,449.64622088597,13.3441240965552
265107.35353808,3844066.19053559,712.619926677478,L1_3,2684.5,430.987590254977,15.7202559964833
265107.35353808,3844066.19053559,712.619926677478,L1_3,2684.5,411.396028092436,17.9006048835143
265107.35353808,3844066.19053559,712.619926677478,L1_3,2684.5,390.824887821767,19.7391217146351
265107.35353808,3844066.19053559,712.619926677478,L1_3,2684.5,369.225190537564,21.12561843791
265107.35353808,3844066.19053559,712.619926677478,L1_3,2684.5,346.545508389152,21.9971814938643
265107.35353808,3844066.19053559,712.619926677478,L1_3,2684.5,322.754303339663,22.3514263526497
265107.35353808,3844066.19053559,712.619926677478,L1_3,2684.5,300.064105870122,22.3207656442956
265107.35353808,3844066.19053559,712.619926677478,L1_3,2684.5,276.239398527104,22.0508682981607
265107.35353808,3844066.19053559,712.619926677478,L1_3,2684.5,251.223455816935,21.5859972688578
265107.35353808,3844066.19053559,712.619926677478,L1_3,2684.5,224.956715971258,20.953526356468
265107.35353808,3844066.19053559,712.619926677478,L1_3,2684.5,197.376639133297,20.1788902989674
265107.35353808,3844066.19053559,712.619926677478,L1_3,2684.5,168.417558453437,19.2927298156964
265107.35353808,3844066.19053559,712.619926677478,L1_3,2684.5,138.010523739585,18.3302989752553
265107.35353808,3844066.19053559,712.619926677478,L1_3,2684.5,,
265107.35353808,3844066.19053559,712.619926677478,L1_3,2684.5,,
265107.35353808,3844066.19053559,712.619926677478,L1_3,2684.5,,
265107.35353808,3844066.19053559,712.619926677478,L1_3,2684.5,,
265107.35353808,3844066.19053559,712.619926677478,L1_3,2684.5,,
265107.35353808,3844066.19053559,712.619926677478,L1_3,2684.5,,
265107.35353808,3844066.19053559,712.619926677478,L1_3,2684.5,,
265107.35353808,3844066.19053559,712.619926677478,L1_3,2684.5,,
265107.35353808,3844066.19053559,712.619926677478,L1_3,2684.5,,
265107.35353808,3844066.19053559,712.619926677478,L1_3,2684.5,,
265107.35353808,3844066.19053559,712.619926677478,L1_3,2684.5,,
265107.35353808,3844066.19053559,712.619926677478,L1_3,2684.5,,
265107.35353808,3844066.19053559,712.619926677478,L1_3,2684.5,,
265107.35353808,3844066.19053559,712.619926677478,L1_3,2684.5,,
265107.35353808,3844066.19053559,712.619926677478,L1_3,2684.5,,
265107.35353808,3844066.19053559,712.619926677478,L1_3,2684.5,,
265107.35353808,3844066.19053559,712.619926677478,L1_3,2684.5,,
265107.35353808,3844066.19053559,712.619926677478,L1_3,2684.5,,
265107.35353808,3844066.19053559,712.619926677478,L1_3,2684.5,,
265107.35353808,3844066.19053559,712.619926677478,L1_3,2684.5,,
265107.35353808,3844066.19053559,712.619926677478,L1_3,2684.5,,
265107.35353808,3844066.19053559,712.619926677478,L1_3,2684.5,,
265112.308687869,3844069.58359623,713.078127374379,L1_3,2690.5,713.078127374379,44.322161997387
265112.308687869,3844069.58359623,713.078127374379,L1_3,2690.5,707.561702652356,41.1915301733765
265112.308687869,3844069.58359623,713.078127374379,L1_3,2690.5,701.769456694231,28.7085917142322
265112.308687869,3844069.58359623,713.078127374379,L1_3,2690.5,695.6875984382,14.2415639460876
265112.308687869,3844069.58359623,713.078127374379,L1_3,2690.5,689.301647269368,6.36499849013491
265112.308687869,3844069.58359623,713.078127374379,L1_3,2690.5,682.596398542094,3.77152831529312
265112.308687869,3844069.58359623,713.078127374379,L1_3,2690.5,675.555887378456,3.96708000897067
265112.308687869,3844069.58359623,713.078127374379,L1_3,2690.5,668.163350656636,6.45758700804163
265112.308687869,3844069.58359623,713.078127374379,L1_3,2690.5,660.401187098726,11.4043212408074
265112.308687869,3844069.58359623,713.078127374379,L1_3,2690.5,652.250915362919,17.3620740146527
265112.308687869,3844069.58359623,713.078127374379,L1_3,2690.5,643.693130040323,21.3952814578367
265112.308687869,3844069.58359623,713.078127374379,L1_3,2690.5,634.707455451597,21.7920475359124
265112.308687869,3844069.58359623,713.078127374379,L1_3,2690.5,625.272497133434,19.0466934532875
265112.308687869,3844069.58359623,713.078127374379,L1_3,2690.5,615.365790899363,14.7700941490396
265112.308687869,3844069.58359623,713.078127374379,L1_3,2690.5,604.963749353589,10.5305102785028
265112.308687869,3844069.58359623,713.078127374379,L1_3,2690.5,594.041605730526,7.24700283825166
265112.308687869,3844069.58359623,713.078127374379,L1_3,2690.5,582.57335492631,5.13003943042173
265112.308687869,3844069.58359623,713.078127374379,L1_3,2690.5,570.531691581883,3.98673379480765
265112.308687869,3844069.58359623,713.078127374379,L1_3,2690.5,557.887945070234,3.55479870680499
265112.308687869,3844069.58359623,713.078127374379,L1_3,2690.5,544.612011233004,3.66478247678275
265112.308687869,3844069.58359623,713.078127374379,L1_3,2690.5,530.672280703911,4.2553699675254
265112.308687869,3844069.58359623,713.078127374379,L1_3,2690.5,516.035563648365,5.32589419762866
265112.308687869,3844069.58359623,713.078127374379,L1_3,2690.5,500.66701074004,6.87480357211189
265112.308687869,3844069.58359623,713.078127374379,L1_3,2690.5,484.5300301863,8.85177270006509
265112.308687869,3844069.58359623,713.078127374379,L1_3,2690.5,467.586200604872,11.1422174419183
265112.308687869,3844069.58359623,713.078127374379,L1_3,2690.5,449.795179544374,13.5830350745133
265112.308687869,3844069.58359623,713.078127374379,L1_3,2690.5,431.11460743085,15.9918157225461
265112.308687869,3844069.58359623,713.078127374379,L1_3,2690.5,411.50000671165,18.1936519155809
265112.308687869,3844069.58359623,713.078127374379,L1_3,2690.5,390.90467595649,20.0398233966995
265112.308687869,3844069.58359623,713.078127374379,L1_3,2690.5,369.279578663572,21.4192406599563
265112.308687869,3844069.58359623,713.078127374379,L1_3,2690.5,346.573226506008,22.270115073303
265112.308687869,3844069.58359623,713.078127374379,L1_3,2690.5,322.754303339663,22.5932118928595
265112.308687869,3844069.58359623,713.078127374379,L1_3,2690.5,300.064105870122,22.527587449666
265112.308687869,3844069.58359623,713.078127374379,L1_3,2690.5,276.239398527104,22.2243475360962
265112.308687869,3844069.58359623,713.078127374379,L1_3,2690.5,251.223455816935,21.7290357204936
265112.308687869,3844069.58359623,713.078127374379,L1_3,2690.5,224.956715971258,21.0693562484622
265112.308687869,3844069.58359623,713.078127374379,L1_3,2690.5,197.376639133297,20.2707495241176
265112.308687869,3844069.58359623,713.078127374379,L1_3,2690.5,168.417558453437,19.3638436784364
265112.308687869,3844069.58359623,713.078127374379,L1_3,2690.5,138.010523739585,18.3838722436241
265112.308687869,3844069.58359623,713.078127374379,L1_3,2690.5,,
265112.308687869,3844069.58359623,713.078127374379,L1_3,2690.5,,
265112.308687869,3844069.58359623,713.078127374379,L1_3,2690.5,,
265112.308687869,3844069.58359623,713.078127374379,L1_3,2690.5,,
265112.308687869,3844069.58359623,713.078127374379,L1_3,2690.5,,
265112.308687869,3844069.58359623,713.078127374379,L1_3,2690.5,,
265112.308687869,3844069.58359623,713.078127374379,L1_3,2690.5,,
265112.308687869,3844069.58359623,713.078127374379,L1_3,2690.5,,
265112.308687869,3844069.58359623,713.078127374379,L1_3,2690.5,,
265112.308687869,3844069.58359623,713.078127374379,L1_3,2690.5,,
265112.308687869,3844069.58359623,713.078127374379,L1_3,2690.5,,
265112.308687869,3844069.58359623,713.078127374379,L1_3,2690.5,,
265112.308687869,3844069.58359623,713.078127374379,L1_3,2690.5,,
265112.308687869,3844069.58359623,713.078127374379,L1_3,2690.5,,
265112.308687869,3844069.58359623,713.078127374379,L1_3,2690.5,,
265112.308687869,3844069.58359623,713.078127374379,L1_3,2690.5,,
265112.308687869,3844069.58359623,713.078127374379,L1_3,2690.5,,
265112.308687869,3844069.58359623,713.078127374379,L1_3,2690.5,,
265112.308687869,3844069.58359623,713.078127374379,L1_3,2690.5,,
265112.308687869,3844069.58359623,713.078127374379,L1_3,2690.5,,
265112.308687869,3844069.58359623,713.078127374379,L1_3,2690.5,,
265112.308687869,3844069.58359623,713.078127374379,L1_3,2690.5,,
265117.676766808,3844073.25941192,713.548116104685,L1_3,2697.0,713.548116104685,45.9931783790398
265117.676766808,3844073.25941192,713.548116104685,L1_3,2697.0,708.025045308387,42.8916152311524
265117.676766808,3844073.25941192,713.548116104685,L1_3,2697.0,702.225820972273,29.6734402520161
265117.676766808,3844073.25941192,713.548116104685,L1_3,2697.0,696.136635419354,14.3814555738291
265117.676766808,3844073.25941192,713.548116104685,L1_3,2697.0,689.742990588789,6.31511665293719
265117.676766808,3844073.25941192,713.548116104685,L1_3,2697.0,683.029663516695,3.76901443248352
265117.676766808,3844073.25941192,713.548116104685,L1_3,2697.0,675.980670090997,4.09278291752828
265117.676766808,3844073.25941192,713.548116104685,L1_3,2697.0,668.579226994014,6.87275617662996
265117.676766808,3844073.25941192,713.548116104685,L1_3,2697.0,660.807711742182,12.2908153399521
265117.676766808,3844073.25941192,713.548116104685,L1_3,2697.0,652.647620727758,18.6289637460164
265117.676766808,3844073.25941192,713.548116104685,L1_3,2697.0,644.079525162613,22.6861141383755
265117.676766808,3844073.25941192,713.548116104685,L1_3,2697.0,635.083024819211,22.8368694652844
265117.676766808,3844073.25941192,713.548116104685,L1_3,2697.0,625.636699458638,19.7828072908292
265117.676766808,3844073.25941192,713.548116104685,L1_3,2697.0,615.718057830037,15.246565280152
265117.676766808,3844073.25941192,713.548116104685,L1_3,2697.0,605.303484120006,10.8231304473103
265117.676766808,3844073.25941192,713.548116104685,L1_3,2697.0,594.368181724474,7.42350933649545
265117.676766808,3844073.25941192,713.548116104685,L1_3,2697.0,582.886114209164,5.24018839195586
265117.676766808,3844073.25941192,713.548116104685,L1_3,2697.0,570.82994331809,4.06278401803933
265117.676766808,3844073.25941192,713.548116104685,L1_3,2697.0,558.170963882461,3.61661007611574
265117.676766808,3844073.25941192,713.548116104685,L1_3,2697.0,544.879035475051,3.72556284044583
265117.676766808,3844073.25941192,713.548116104685,L1_3,2697.0,530.922510647271,4.32585181753873
265117.676766808,3844073.25941192,713.548116104685,L1_3,2697.0,516.268159578102,5.41629183684739
265117.676766808,3844073.25941192,713.548116104685,L1_3,2697.0,500.881090955474,6.99461534997904
265117.676766808,3844073.25941192,713.548116104685,L1_3,2697.0,484.724668901715,9.00814542078006
265117.676766808,3844073.25941192,713.548116104685,L1_3,2697.0,467.760425745268,11.3381577272816
265117.676766808,3844073.25941192,713.548116104685,L1_3,2697.0,449.947970430998,13.8164858735159
265117.676766808,3844073.25941192,713.548116104685,L1_3,2697.0,431.244892351015,16.2557981490206
265117.676766808,3844073.25941192,713.548116104685,L1_3,2697.0,411.606660367033,18.4772114968613
265117.676766808,3844073.25941192,713.548116104685,L1_3,2697.0,390.986516783852,20.3294837094514
265117.676766808,3844073.25941192,713.548116104685,L1_3,2697.0,369.335366021511,21.7007479991923
265117.676766808,3844073.25941192,713.548116104685,L1_3,2697.0,346.601657721054,22.5304107176214
265117.676766808,3844073.25941192,713.548116104685,L1_3,2697.0,322.754303339663,22.8223972494094
265117.676766808,3844073.25941192,713.548116104685,L1_3,2697.0,300.064105870122,22.7222940146514
265117.676766808,3844073.25941192,713.548116104685,L1_3,2697.0,276.239398527104,22.3864777610641
265117.676766808,3844073.25941192,713.548116104685,L1_3,2697.0,251.223455816935,21.8616818634797
265117.676766808,3844073.25941192,713.548116104685,L1_3,2697.0,224.956715971258,21.1758650456178
265117.676766808,3844073.25941192,713.548116104685,L1_3,2697.0,197.376639133297,20.3544123530941
265117.676766808,3844073.25941192,713.548116104685,L1_3,2697.0,168.417558453437,19.4278919551285
265117.676766808,3844073.25941192,713.548116104685,L1_3,2697.0,138.010523739585,18.4314743528645
265117.676766808,3844073.25941192,713.548116104685,L1_3,2697.0,,
265117.676766808,3844073.25941192,713.548116104685,L1_3,2697.0,,
265117.676766808,3844073.25941192,713.548116104685,L1_3,2697.0,,
265117.676766808,3844073.25941192,713.548116104685,L1_3,2697.0,,
265117.676766808,3844073.25941192,713.548116104685,L1_3,2697.0,,
265117.676766808,3844073.25941192,713.548116104685,L1_3,2697.0,,
265117.676766808,3844073.25941192,713.548116104685,L1_3,2697.0,,
265117.676766808,3844073.25941192,713.548116104685,L1_3,2697.0,,
265117.676766808,3844073.25941192,713.548116104685,L1_3,2697.0,,
265117.676766808,3844073.25941192,713.548116104685,L1_3,2697.0,,
265117.676766808,3844073.25941192,713.548116104685,L1_3,2697.0,,
265117.676766808,3844073.25941192,713.548116104685,L1_3,2697.0,,
265117.676766808,3844073.25941192,713.548116104685,L1_3,2697.0,,
265117.676766808,3844073.25941192,713.548116104685,L1_3,2697.0,,
265117.676766808,3844073.25941192,713.548116104685,L1_3,2697.0,,
265117.676766808,3844073.25941192,713.548116104685,L1_3,2697.0,,
265117.676766808,3844073.25941192,713.548116104685,L1_3,2697.0,,
265117.676766808,3844073.25941192,713.548116104685,L1_3,2697.0,,
265117.676766808,3844073.25941192,713.548116104685,L1_3,2697.0,,
265117.676766808,3844073.25941192,713.548116104685,L1_3,2697.0,,
265117.676766808,3844073.25941192,713.548116104685,L1_3,2697.0,,
265117.676766808,3844073.25941192,713.548116104685,L1_3,2697.0,,
265122.631916477,3844076.65247222,714.018104834991,L1_3,2703.0,714.018104834991,46.002704853453
265122.631916477,3844076.65247222,714.018104834991,L1_3,2703.0,708.488387964417,41.5690256930083
265122.631916477,3844076.65247222,714.018104834991,L1_3,2703.0,702.682185250315,27.4525484056407
265122.631916477,3844076.65247222,714.018104834991,L1_3,2703.0,696.585672400507,13.2829902597909
265122.631916477,3844076.65247222,714.018104834991,L1_3,2703.0,690.184333908209,6.12289048464131
265122.631916477,3844076.65247222,714.018104834991,L1_3,2703.0,683.462928491297,3.95956642186631
265122.631916477,3844076.65247222,714.018104834991,L1_3,2703.0,676.405452803538,4.6211698081477
265122.631916477,3844076.65247222,714.018104834991,L1_3,2703.0,668.995103331392,8.0003924389543
265122.631916477,3844076.65247222,714.018104834991,L1_3,2703.0,661.214236385638,14.1978774461417
265122.631916477,3844076.65247222,714.018104834991,L1_3,2703.0,653.044326092596,20.963794406455
265122.631916477,3844076.65247222,714.018104834991,L1_3,2703.0,644.465920284903,24.8242602207743
265122.631916477,3844076.65247222,714.018104834991,L1_3,2703.0,635.458594186825,24.4448189002872
265122.631916477,3844076.65247222,714.018104834991,L1_3,2703.0,626.000901783842,20.8575231618179
265122.631916477,3844076.65247222,714.018104834991,L1_3,2703.0,616.070324760711,15.9139977554322
265122.631916477,3844076.65247222,714.018104834991,L1_3,2703.0,605.643218886423,11.2184996921268
265122.631916477,3844076.65247222,714.018104834991,L1_3,2703.0,594.694757718421,7.65383557892475
265122.631916477,3844076.65247222,714.018104834991,L1_3,2703.0,583.198873492019,5.37864576492317
265122.631916477,3844076.65247222,714.018104834991,L1_3,2703.0,571.128195054297,4.15429705807196
265122.631916477,3844076.65247222,714.018104834991,L1_3,2703.0,558.453982694688,3.68732684130671
265122.631916477,3844076.65247222,714.018104834991,L1_3,2703.0,545.146059717099,3.7915969669465
265122.631916477,3844076.65247222,714.018104834991,L1_3,2703.0,531.172740590631,4.39916056667463
265122.631916477,3844076.65247222,714.018104834991,L1_3,2703.0,516.500755507839,5.50750084338244
265122.631916477,3844076.65247222,714.018104834991,L1_3,2703.0,501.095171170907,7.11325450812721
265122.631916477,3844076.65247222,714.018104834991,L1_3,2703.0,484.919307617129,9.16124236609145
265122.631916477,3844076.65247222,714.018104834991,L1_3,2703.0,467.934650885663,11.5285883928176
265122.631916477,3844076.65247222,714.018104834991,L1_3,2703.0,450.100761317622,14.0421464656904
265122.631916477,3844076.65247222,714.018104834991,L1_3,2703.0,431.37517727118,16.5098141090159
265122.631916477,3844076.65247222,714.018104834991,L1_3,2703.0,411.713314022416,18.7489125469654
265122.631916477,3844076.65247222,714.018104834991,L1_3,2703.0,391.068357611213,20.6058491142015
265122.631916477,3844076.65247222,714.018104834991,L1_3,2703.0,369.39115337945,21.9681055294115
265122.631916477,3844076.65247222,714.018104834991,L1_3,2703.0,346.6300889361,22.7763415471413
265122.631916477,3844076.65247222,714.018104834991,L1_3,2703.0,322.754303339663,23.0376251957061
265122.631916477,3844076.65247222,714.018104834991,L1_3,2703.0,300.064105870122,22.9038818870003
265122.631916477,3844076.65247222,714.018104834991,L1_3,2703.0,276.239398527104,22.5365395651542
265122.631916477,3844076.65247222,714.018104834991,L1_3,2703.0,251.223455816935,21.9834278683494
265122.631916477,3844076.65247222,714.018104834991,L1_3,2703.0,224.956715971258,21.2726993709155
265122.631916477,3844076.65247222,714.018104834991,L1_3,2703.0,197.376639133297,20.4296371055117
265122.631916477,3844076.65247222,714.018104834991,L1_3,2703.0,168.417558453437,19.4847103488227
265122.631916477,3844076.65247222,714.018104834991,L1_3,2703.0,138.010523739585,18.4729944306754
265122.631916477,3844076.65247222,714.018104834991,L1_3,2703.0,,
265122.631916477,3844076.65247222,714.018104834991,L1_3,2703.0,,
265122.631916477,3844076.65247222,714.018104834991,L1_3,2703.0,,
265122.631916477,3844076.65247222,714.018104834991,L1_3,2703.0,,
265122.631916477,3844076.65247222,714.018104834991,L1_3,2703.0,,
265122.631916477,3844076.65247222,714.018104834991,L1_3,2703.0,,
265122.631916477,3844076.65247222,714.018104834991,L1_3,2703.0,,
265122.631916477,3844076.65247222,714.018104834991,L1_3,2703.0,,
265122.631916477,3844076.65247222,714.018104834991,L1_3,2703.0,,
265122.631916477,3844076.65247222,714.018104834991,L1_3,2703.0,,
265122.631916477,3844076.65247222,714.018104834991,L1_3,2703.0,,
265122.631916477,3844076.65247222,714.018104834991,L1_3,2703.0,,
265122.631916477,3844076.65247222,714.018104834991,L1_3,2703.0,,
265122.631916477,3844076.65247222,714.018104834991,L1_3,2703.0,,
265122.631916477,3844076.65247222,714.018104834991,L1_3,2703.0,,
265122.631916477,3844076.65247222,714.018104834991,L1_3,2703.0,,
265122.631916477,3844076.65247222,714.018104834991,L1_3,2703.0,,
265122.631916477,3844076.65247222,714.018104834991,L1_3,2703.0,,
265122.631916477,3844076.65247222,714.018104834991,L1_3,2703.0,,
265122.631916477,3844076.65247222,714.018104834991,L1_3,2703.0,,
265122.631916477,3844076.65247222,714.018104834991,L1_3,2703.0,,
265122.631916477,3844076.65247222,714.018104834991,L1_3,2703.0,,
265127.999995154,3844080.32828717,714.488093565297,L1_3,2709.5,714.488093565297,42.3629268562269
265127.999995154,3844080.32828717,714.488093565297,L1_3,2709.5,708.951730620448,35.7379417303599
265127.999995154,3844080.32828717,714.488093565297,L1_3,2709.5,703.138549528357,22.1378478985316
265127.999995154,3844080.32828717,714.488093565297,L1_3,2709.5,697.034709381661,11.2532535015312
265127.999995154,3844080.32828717,714.488093565297,L1_3,2709.5,690.62567722763,5.77915945438695
265127.999995154,3844080.32828717,714.488093565297,L1_3,2709.5,683.896193465898,4.2362222942646
265127.999995154,3844080.32828717,714.488093565297,L1_3,2709.5,676.830235516079,5.42348317835917
265127.999995154,3844080.32828717,714.488093565297,L1_3,2709.5,669.410979668769,9.67854063583902
265127.999995154,3844080.32828717,714.488093565297,L1_3,2709.5,661.620761029094,16.895771886007
265127.999995154,3844080.32828717,714.488093565297,L1_3,2709.5,653.441031457435,24.0845986417068
265127.999995154,3844080.32828717,714.488093565297,L1_3,2709.5,644.852315407193,27.5542041257958
265127.999995154,3844080.32828717,714.488093565297,L1_3,2709.5,635.834163554439,26.4373765347147
265127.999995154,3844080.32828717,714.488093565297,L1_3,2709.5,626.365104109047,22.166360795128
265127.999995154,3844080.32828717,714.488093565297,L1_3,2709.5,616.422591691385,16.7179957299531
265127.999995154,3844080.32828717,714.488093565297,L1_3,2709.5,605.982953652841,11.6900682842559
265127.999995154,3844080.32828717,714.488093565297,L1_3,2709.5,595.021333712369,7.92501953793931
265127.999995154,3844080.32828717,714.488093565297,L1_3,2709.5,583.511632774874,5.53862358808068
265127.999995154,3844080.32828717,714.488093565297,L1_3,2709.5,571.426446790503,4.25726331947457
265127.999995154,3844080.32828717,714.488093565297,L1_3,2709.5,558.737001506915,3.76422521256159
265127.999995154,3844080.32828717,714.488093565297,L1_3,2709.5,545.413083959147,3.8607698342977
265127.999995154,3844080.32828717,714.488093565297,L1_3,2709.5,531.42297053399,4.47345813064159
265127.999995154,3844080.32828717,714.488093565297,L1_3,2709.5,516.733351437576,5.59777795159136
265127.999995154,3844080.32828717,714.488093565297,L1_3,2709.5,501.309251386341,7.22896457040397
265127.999995154,3844080.32828717,714.488093565297,L1_3,2709.5,485.113946332544,9.30923650458002
265127.999995154,3844080.32828717,714.488093565297,L1_3,2709.5,468.108876026058,11.7116014848057
265127.999995154,3844080.32828717,714.488093565297,L1_3,2709.5,450.253552204247,14.2580614322123
265127.999995154,3844080.32828717,714.488093565297,L1_3,2709.5,431.505462191345,16.7519247011207
265127.999995154,3844080.32828717,714.488093565297,L1_3,2709.5,411.819967677799,19.0069105997167
265127.999995154,3844080.32828717,714.488093565297,L1_3,2709.5,391.150198438575,20.8672422968762
265127.999995154,3844080.32828717,714.488093565297,L1_3,2709.5,369.44694073739,22.2198633605768
265127.999995154,3844080.32828717,714.488093565297,L1_3,2709.5,346.658520151145,23.0067410263521
265127.999995154,3844080.32828717,714.488093565297,L1_3,2709.5,322.754303339663,23.2380394845592
265127.999995154,3844080.32828717,714.488093565297,L1_3,2709.5,300.064105870122,23.0717691173353
265127.999995154,3844080.32828717,714.488093565297,L1_3,2709.5,276.239398527104,22.674150934044
265127.999995154,3844080.32828717,714.488093565297,L1_3,2709.5,251.223455816935,22.0940229593556
265127.999995154,3844080.32828717,714.488093565297,L1_3,2709.5,224.956715971258,21.3596954585744
265127.999995154,3844080.32828717,714.488093565297,L1_3,2709.5,197.376639133297,20.4963188167737
265127.999995154,3844080.32828717,714.488093565297,L1_3,2709.5,168.417558453437,19.5342323595529
265127.999995154,3844080.32828717,714.488093565297,L1_3,2709.5,138.010523739585,18.508390872111
265127.999995154,3844080.32828717,714.488093565297,L1_3,2709.5,,
265127.999995154,3844080.32828717,714.488093565297,L1_3,2709.5,,
265127.999995154,3844080.32828717,714.488093565297,L1_3,2709.5,,
265127.999995154,3844080.32828717,714.488093565297,L1_3,2709.5,,
265127.999995154,3844080.32828717,714.488093565297,L1_3,2709.5,,
265127.999995154,3844080.32828717,714.488093565297,L1_3,2709.5,,
265127.999995154,3844080.32828717,714.488093565297,L1_3,2709.5,,
265127.999995154,3844080.32828717,714.488093565297,L1_3,2709.5,,
265127.999995154,3844080.32828717,714.488093565297,L1_3,2709.5,,
265127.999995154,3844080.32828717,714.488093565297,L1_3,2709.5,,
265127.999995154,3844080.32828717,714.488093565297,L1_3,2709.5,,
265127.999995154,3844080.32828717,714.488093565297,L1_3,2709.5,,
265127.999995154,3844080.32828717,714.488093565297,L1_3,2709.5,,
265127.999995154,3844080.32828717,714.488093565297,L1_3,2709.5,,
265127.999995154,3844080.32828717,714.488093565297,L1_3,2709.5,,
265127.999995154,3844080.32828717,714.488093565297,L1_3,2709.5,,
265127.999995154,3844080.32828717,714.488093565297,L1_3,2709.5,,
265127.999995154,3844080.32828717,714.488093565297,L1_3,2709.5,,
265127.999995154,3844080.32828717,714.488093565297,L1_3,2709.5,,
265127.999995154,3844080.32828717,714.488093565297,L1_3,2709.5,,
265127.999995154,3844080.32828717,714.488093565297,L1_3,2709.5,,
265127.999995154,3844080.32828717,714.488093565297,L1_3,2709.5,,
265132.955144702,3844083.72134712,714.881230736678,L1_3,2715.5,714.881230736678,36.0314184055575
265132.955144702,3844083.72134712,714.881230736678,L1_3,2715.5,709.339308469503,29.7910871905701
265132.955144702,3844083.72134712,714.881230736678,L1_3,2715.5,703.520290088969,18.6117805786831
265132.955144702,3844083.72134712,714.881230736678,L1_3,2715.5,697.410320789409,10.136076904649
265132.955144702,3844083.72134712,714.881230736678,L1_3,2715.5,690.994853024871,5.65872195042043
265132.955144702,3844083.72134712,714.881230736678,L1_3,2715.5,684.258611872106,4.52078656753222
265132.955144702,3844083.72134712,714.881230736678,L1_3,2715.5,677.185558661702,6.18815680900657
265132.955144702,3844083.72134712,714.881230736678,L1_3,2715.5,669.758852790779,11.3279924894921
265132.955144702,3844083.72134712,714.881230736678,L1_3,2715.5,661.960811626309,19.579309516299
265132.955144702,3844083.72134712,714.881230736678,L1_3,2715.5,653.772868403615,27.1968570475003
265132.955144702,3844083.72134712,714.881230736678,L1_3,2715.5,645.175528019787,30.2988763919143
265132.955144702,3844083.72134712,714.881230736678,L1_3,2715.5,636.148320616768,28.475187325646
265132.955144702,3844083.72134712,714.881230736678,L1_3,2715.5,626.669752843598,23.5338857993622
265132.955144702,3844083.72134712,714.881230736678,L1_3,2715.5,616.717256681769,17.5745750637389
265132.955144702,3844083.72134712,714.881230736678,L1_3,2715.5,606.267135711849,12.1990206883764
265132.955144702,3844083.72134712,714.881230736678,L1_3,2715.5,595.294508693432,8.21885661812723
265132.955144702,3844083.72134712,714.881230736678,L1_3,2715.5,583.773250324095,5.71096218152007
265132.955144702,3844083.72134712,714.881230736678,L1_3,2715.5,571.675929036291,4.36651213168227
265132.955144702,3844083.72134712,714.881230736678,L1_3,2715.5,558.973741684097,3.84395592240026
265132.955144702,3844083.72134712,714.881230736678,L1_3,2715.5,545.636444964293,3.9305892722065
265132.955144702,3844083.72134712,714.881230736678,L1_3,2715.5,531.632283408499,4.54664609411959
265132.955144702,3844083.72134712,714.881230736678,L1_3,2715.5,516.927913774915,5.68516900468283
265132.955144702,3844083.72134712,714.881230736678,L1_3,2715.5,501.488325659652,7.339782406225
265132.955144702,3844083.72134712,714.881230736678,L1_3,2715.5,485.276758138626,9.45005991261432
265132.955144702,3844083.72134712,714.881230736678,L1_3,2715.5,468.254612241549,11.8849809167673
265132.955144702,3844083.72134712,714.881230736678,L1_3,2715.5,450.381359049617,14.4618804170513
265132.955144702,3844083.72134712,714.881230736678,L1_3,2715.5,431.614443198089,16.9797086209321
265132.955144702,3844083.72134712,714.881230736678,L1_3,2715.5,411.909181553985,19.2488073878536
265132.955144702,3844083.72134712,714.881230736678,L1_3,2715.5,391.218656827676,21.1113965507241
265132.955144702,3844083.72134712,714.881230736678,L1_3,2715.5,369.493605865051,22.4539994196088
265132.955144702,3844083.72134712,714.881230736678,L1_3,2715.5,346.682302354294,23.2199249288094
265132.955144702,3844083.72134712,714.881230736678,L1_3,2715.5,322.754303339663,23.4223659301654
265132.955144702,3844083.72134712,714.881230736678,L1_3,2715.5,300.064105870122,23.2250624093528
265132.955144702,3844083.72134712,714.881230736678,L1_3,2715.5,276.239398527104,22.7986937516381
265132.955144702,3844083.72134712,714.881230736678,L1_3,2715.5,251.223455816935,22.1930505036513
265132.955144702,3844083.72134712,714.881230736678,L1_3,2715.5,224.956715971258,21.4365760157045
265132.955144702,3844083.72134712,714.881230736678,L1_3,2715.5,197.376639133297,20.5542738560305
265132.955144702,3844083.72134712,714.881230736678,L1_3,2715.5,168.417558453437,19.5763403896342
265132.955144702,3844083.72134712,714.881230736678,L1_3,2715.5,138.010523739585,18.5375898907801
265132.955144702,3844083.72134712,714.881230736678,L1_3,2715.5,,
265132.955144702,3844083.72134712,714.881230736678,L1_3,2715.5,,
265132.955144702,3844083.72134712,714.881230736678,L1_3,2715.5,,
265132.955144702,3844083.72134712,714.881230736678,L1_3,2715.5,,
265132.955144702,3844083.72134712,714.881230736678,L1_3,2715.5,,
265132.955144702,3844083.72134712,714.881230736678,L1_3,2715.5,,
265132.955144702,3844083.72134712,714.881230736678,L1_3,2715.5,,
265132.955144702,3844083.72134712,714.881230736678,L1_3,2715.5,,
265132.955144702,3844083.72134712,714.881230736678,L1_3,2715.5,,
265132.955144702,3844083.72134712,714.881230736678,L1_3,2715.5,,
265132.955144702,3844083.72134712,714.881230736678,L1_3,2715.5,,
265132.955144702,3844083.72134712,714.881230736678,L1_3,2715.5,,
265132.955144702,3844083.72134712,714.881230736678,L1_3,2715.5,,
265132.955144702,3844083.72134712,714.881230736678,L1_3,2715.5,,
265132.955144702,3844083.72134712,714.881230736678,L1_3,2715.5,,
265132.955144702,3844083.72134712,714.881230736678,L1_3,2715.5,,
265132.955144702,3844083.72134712,714.881230736678,L1_3,2715.5,,
265132.955144702,3844083.72134712,714.881230736678,L1_3,2715.5,,
265132.955144702,3844083.72134712,714.881230736678,L1_3,2715.5,,
265132.955144702,3844083.72134712,714.881230736678,L1_3,2715.5,,
265132.955144702,3844083.72134712,714.881230736678,L1_3,2715.5,,
265132.955144702,3844083.72134712,714.881230736678,L1_3,2715.5,,
265138.32322338,3844087.39716206,715.197507731194,L1_3,2722.0,715.197507731194,28.2193750299205
265138.32322338,3844087.39716206,715.197507731194,L1_3,2722.0,709.651113015508,25.5715702442705
265138.32322338,3844087.39716206,715.197507731194,L1_3,2722.0,703.827398564038,18.4234245452416
265138.32322338,3844087.39716206,715.197507731194,L1_3,2722.0,697.712498389994,10.6460565961154
265138.32322338,3844087.39716206,715.197507731194,L1_3,2722.0,691.291853207248,5.93477769808353
265138.32322338,3844087.39716206,715.197507731194,L1_3,2722.0,684.550175765365,4.69808749362479
265138.32322338,3844087.39716206,715.197507731194,L1_3,2722.0,677.471414451387,6.50817908244648
265138.32322338,3844087.39716206,715.197507731194,L1_3,2722.0,670.038715071711,12.1386390268303
265138.32322338,3844087.39716206,715.197507731194,L1_3,2722.0,662.234380723051,21.1480709263016
265138.32322338,3844087.39716206,715.197507731194,L1_3,2722.0,654.039829656958,29.2933493735213
265138.32322338,3844087.39716206,715.197507731194,L1_3,2722.0,645.43555103756,32.3836304391843
265138.32322338,3844087.39716206,715.197507731194,L1_3,2722.0,636.401058487193,30.187295262774
265138.32322338,3844087.39716206,715.197507731194,L1_3,2722.0,626.914841309307,24.778235259766
265138.32322338,3844087.39716206,715.197507731194,L1_3,2722.0,616.954313272527,18.4003719420986
265138.32322338,3844087.39716206,715.197507731194,L1_3,2722.0,606.495758833907,12.7081981800026
265138.32322338,3844087.39716206,715.197507731194,L1_3,2722.0,595.514276673357,8.51840381350043
265138.32322338,3844087.39716206,715.197507731194,L1_3,2722.0,583.983720404779,5.88728689664135
265138.32322338,3844087.39716206,715.197507731194,L1_3,2722.0,571.876636322773,4.4773458923508
265138.32322338,3844087.39716206,715.197507731194,L1_3,2722.0,559.164198036666,3.92346736283453
265138.32322338,3844087.39716206,715.197507731194,L1_3,2722.0,545.816137836253,3.99877090774298
265138.32322338,3844087.39716206,715.197507731194,L1_3,2722.0,531.800674625821,4.61679585143579
265138.32322338,3844087.39716206,715.197507731194,L1_3,2722.0,517.084438254866,5.76789133277726
265138.32322338,3844087.39716206,715.197507731194,L1_3,2722.0,501.632390065364,7.44396077967701
265138.32322338,3844087.39716206,715.197507731194,L1_3,2722.0,485.407739466386,9.58195180865578
265138.32322338,3844087.39716206,715.197507731194,L1_3,2722.0,468.37185633746,12.0469506958949
265138.32322338,3844087.39716206,715.197507731194,L1_3,2722.0,450.484179052087,14.6518462957937
265138.32322338,3844087.39716206,715.197507731194,L1_3,2722.0,431.702117902446,17.1914806743595
265138.32322338,3844087.39716206,715.197507731194,L1_3,2722.0,411.980953695323,19.4730464296037
265138.32322338,3844087.39716206,715.197507731194,L1_3,2722.0,391.273731277843,21.336940063841
265138.32322338,3844087.39716206,715.197507731194,L1_3,2722.0,369.53114773949,22.66937027337
265138.32322338,3844087.39716206,715.197507731194,L1_3,2722.0,346.701435024219,23.4150002133704
265138.32322338,3844087.39716206,715.197507731194,L1_3,2722.0,322.754303339663,23.589958146978
265138.32322338,3844087.39716206,715.197507731194,L1_3,2722.0,300.064105870122,23.3633227150775
265138.32322338,3844087.39716206,715.197507731194,L1_3,2722.0,276.239398527104,22.9098818321119
265138.32322338,3844087.39716206,715.197507731194,L1_3,2722.0,251.223455816935,22.2803297809341
265138.32322338,3844087.39716206,715.197507731194,L1_3,2722.0,224.956715971258,21.5032298448759
265138.32322338,3844087.39716206,715.197507731194,L1_3,2722.0,197.376639133297,20.603436606234
265138.32322338,3844087.39716206,715.197507731194,L1_3,2722.0,168.417558453437,19.6109956306439
265138.32322338,3844087.39716206,715.197507731194,L1_3,2722.0,138.010523739585,18.560568681185
265138.32322338,3844087.39716206,715.197507731194,L1_3,2722.0,,
265138.32322338,3844087.39716206,715.197507731194,L1_3,2722.0,,
265138.32322338,3844087.39716206,715.197507731194,L1_3,2722.0,,
265138.32322338,3844087.39716206,715.197507731194,L1_3,2722.0,,
265138.32322338,3844087.39716206,715.197507731194,L1_3,2722.0,,
265138.32322338,3844087.39716206,715.197507731194,L1_3,2722.0,,
265138.32322338,3844087.39716206,715.197507731194,L1_3,2722.0,,
265138.32322338,3844087.39716206,715.197507731194,L1_3,2722.0,,
265138.32322338,3844087.39716206,715.197507731194,L1_3,2722.0,,
265138.32322338,3844087.39716206,715.197507731194,L1_3,2722.0,,
265138.32322338,3844087.39716206,715.197507731194,L1_3,2722.0,,
265138.32322338,3844087.39716206,715.197507731194,L1_3,2722.0,,
265138.32322338,3844087.39716206,715.197507731194,L1_3,2722.0,,
265138.32322338,3844087.39716206,715.197507731194,L1_3,2722.0,,
265138.32322338,3844087.39716206,715.197507731194,L1_3,2722.0,,
265138.32322338,3844087.39716206,715.197507731194,L1_3,2722.0,,
265138.32322338,3844087.39716206,715.197507731194,L1_3,2722.0,,
265138.32322338,3844087.39716206,715.197507731194,L1_3,2722.0,,
265138.32322338,3844087.39716206,715.197507731194,L1_3,2722.0,,
265138.32322338,3844087.39716206,715.197507731194,L1_3,2722.0,,
265138.32322338,3844087.39716206,715.197507731194,L1_3,2722.0,,
265138.32322338,3844087.39716206,715.197507731194,L1_3,2722.0,,
265143.278372808,3844090.79022167,715.513784725709,L1_3,2728.0,715.513784725709,19.8768561000165
265143.278372808,3844090.79022167,715.513784725709,L1_3,2728.0,709.962917561513,20.3686929945949
265143.278372808,3844090.79022167,715.513784725709,L1_3,2728.0,704.134507039106,18.1245803672055
265143.278372808,3844090.79022167,715.513784725709,L1_3,2728.0,698.014675990579,11.5365922709698
265143.278372808,3844090.79022167,715.513784725709,L1_3,2728.0,691.588853389625,6.23444740037052
265143.278372808,3844090.79022167,715.513784725709,L1_3,2728.0,684.841739658624,4.59563466382477
265143.278372808,3844090.79022167,715.513784725709,L1_3,2728.0,677.757270241073,6.17362722323529
265143.278372808,3844090.79022167,715.513784725709,L1_3,2728.0,670.318577352644,11.6940762724477
265143.278372808,3844090.79022167,715.513784725709,L1_3,2728.0,662.507949819793,20.9663470291344
265143.278372808,3844090.79022167,715.513784725709,L1_3,2728.0,654.306790910301,29.7380232577434
265143.278372808,3844090.79022167,715.513784725709,L1_3,2728.0,645.695574055333,33.3534570665026
265143.278372808,3844090.79022167,715.513784725709,L1_3,2728.0,636.653796357617,31.30891365406
265143.278372808,3844090.79022167,715.513784725709,L1_3,2728.0,627.159929775016,25.7617887756479
265143.278372808,3844090.79022167,715.513784725709,L1_3,2728.0,617.191369863284,19.1278002467898
265143.278372808,3844090.79022167,715.513784725709,L1_3,2728.0,606.724381955966,13.1849090698315
265143.278372808,3844090.79022167,715.513784725709,L1_3,2728.0,595.734044653282,8.80742238756629
265143.278372808,3844090.79022167,715.513784725709,L1_3,2728.0,584.194190485464,6.05893971362288
265143.278372808,3844090.79022167,715.513784725709,L1_3,2728.0,572.077343609254,4.58461512051251
265143.278372808,3844090.79022167,715.513784725709,L1_3,2728.0,559.354654389234,3.99926967344301
265143.278372808,3844090.79022167,715.513784725709,L1_3,2728.0,545.995830708214,4.06262421826609
265143.278372808,3844090.79022167,715.513784725709,L1_3,2728.0,531.969065843142,4.68159394977333
265143.278372808,3844090.79022167,715.513784725709,L1_3,2728.0,517.240962734817,5.84378973027498
265143.278372808,3844090.79022167,715.513784725709,L1_3,2728.0,501.776454471075,7.53938931842436
265143.278372808,3844090.79022167,715.513784725709,L1_3,2728.0,485.538720794146,9.70279732808939
265143.278372808,3844090.79022167,715.513784725709,L1_3,2728.0,468.489100433371,12.195387828462
265143.278372808,3844090.79022167,715.513784725709,L1_3,2728.0,450.586999054557,14.8258555421476
265143.278372808,3844090.79022167,715.513784725709,L1_3,2728.0,431.789792606803,17.3852081732814
265143.278372808,3844090.79022167,715.513784725709,L1_3,2728.0,412.05272583666,19.6777329962026
265143.278372808,3844090.79022167,715.513784725709,L1_3,2728.0,391.328805728011,21.5421801341504
265143.278372808,3844090.79022167,715.513784725709,L1_3,2728.0,369.568689613929,22.8645375240641
265143.278372808,3844090.79022167,715.513784725709,L1_3,2728.0,346.720567694143,23.5908161759405
265143.278372808,3844090.79022167,715.513784725709,L1_3,2728.0,322.754303339663,23.7399410147017
265143.278372808,3844090.79022167,715.513784725709,L1_3,2728.0,300.064105870122,23.4859165451992
265143.278372808,3844090.79022167,715.513784725709,L1_3,2728.0,276.239398527104,23.0072846063256
265143.278372808,3844090.79022167,715.513784725709,L1_3,2728.0,251.223455816935,22.3555781596771
265143.278372808,3844090.79022167,715.513784725709,L1_3,2728.0,224.956715971258,21.5594775416407
265143.278372808,3844090.79022167,715.513784725709,L1_3,2728.0,197.376639133297,20.6436971759792
265143.278372808,3844090.79022167,715.513784725709,L1_3,2728.0,168.417558453437,19.638133027377
265143.278372808,3844090.79022167,715.513784725709,L1_3,2728.0,138.010523739585,18.5772926668696
265143.278372808,3844090.79022167,715.513784725709,L1_3,2728.0,,
265143.278372808,3844090.79022167,715.513784725709,L1_3,2728.0,,
265143.278372808,3844090.79022167,715.513784725709,L1_3,2728.0,,
265143.278372808,3844090.79022167,715.513784725709,L1_3,2728.0,,
265143.278372808,3844090.79022167,715.513784725709,L1_3,2728.0,,
265143.278372808,3844090.79022167,715.513784725709,L1_3,2728.0,,
265143.278372808,3844090.79022167,715.513784725709,L1_3,2728.0,,
265143.278372808,3844090.79022167,715.513784725709,L1_3,2728.0,,
265143.278372808,3844090.79022167,715.513784725709,L1_3,2728.0,,
265143.278372808,3844090.79022167,715.513784725709,L1_3,2728.0,,
265143.278372808,3844090.79022167,715.513784725709,L1_3,2728.0,,
265143.278372808,3844090.79022167,715.513784725709,L1_3,2728.0,,
265143.278372808,3844090.79022167,715.513784725709,L1_3,2728.0,,
265143.278372808,3844090.79022167,715.513784725709,L1_3,2728.0,,
265143.278372808,3844090.79022167,715.513784725709,L1_3,2728.0,,
265143.278372808,3844090.79022167,715.513784725709,L1_3,2728.0,,
265143.278372808,3844090.79022167,715.513784725709,L1_3,2728.0,,
265143.278372808,3844090.79022167,715.513784725709,L1_3,2728.0,,
265143.278372808,3844090.79022167,715.513784725709,L1_3,2728.0,,
265143.278372808,3844090.79022167,715.513784725709,L1_3,2728.0,,
265143.278372808,3844090.79022167,715.513784725709,L1_3,2728.0,,
265143.278372808,3844090.79022167,715.513784725709,L1_3,2728.0,,
265148.646451224,3844094.46603587,715.830061720225,L1_3,2734.5,715.830061720225,13.5606233440584
265148.646451224,3844094.46603587,715.830061720225,L1_3,2734.5,710.274722107517,15.4213064714722
265148.646451224,3844094.46603587,715.830061720225,L1_3,2734.5,704.441615514174,16.5978299742689
265148.646451224,3844094.46603587,715.830061720225,L1_3,2734.5,698.316853591163,11.7359085043064
265148.646451224,3844094.46603587,715.830061720225,L1_3,2734.5,691.885853572002,6.21980518051172
265148.646451224,3844094.46603587,715.830061720225,L1_3,2734.5,685.133303551883,4.22605987904982
265148.646451224,3844094.46603587,715.830061720225,L1_3,2734.5,678.043126030758,5.4109021049797
265148.646451224,3844094.46603587,715.830061720225,L1_3,2734.5,670.598439633576,10.3876934601441
265148.646451224,3844094.46603587,715.830061720225,L1_3,2734.5,662.781518916536,19.4224671789321
265148.646451224,3844094.46603587,715.830061720225,L1_3,2734.5,654.573752163643,28.7479774602819
265148.646451224,3844094.46603587,715.830061720225,L1_3,2734.5,645.955597073106,33.2723174055487
265148.646451224,3844094.46603587,715.830061720225,L1_3,2734.5,636.906534228042,31.8382156679861
265148.646451224,3844094.46603587,715.830061720225,L1_3,2734.5,627.405018240725,26.4674091438622
265148.646451224,3844094.46603587,715.830061720225,L1_3,2734.5,617.428426454042,19.7406796246154
265148.646451224,3844094.46603587,715.830061720225,L1_3,2734.5,606.953005078025,13.6171640620305
265148.646451224,3844094.46603587,715.830061720225,L1_3,2734.5,595.953812633207,9.07784849630081
265148.646451224,3844094.46603587,715.830061720225,L1_3,2734.5,584.404660566148,6.22071388323966
265148.646451224,3844094.46603587,715.830061720225,L1_3,2734.5,572.278050895736,4.68491938156794
265148.646451224,3844094.46603587,715.830061720225,L1_3,2734.5,559.545110741803,4.06900801690124
265148.646451224,3844094.46603587,715.830061720225,L1_3,2734.5,546.175523580174,4.12036911001207
265148.646451224,3844094.46603587,715.830061720225,L1_3,2734.5,532.137457060464,4.73956345783697
265148.646451224,3844094.46603587,715.830061720225,L1_3,2734.5,517.397487214767,5.91153198635399
265148.646451224,3844094.46603587,715.830061720225,L1_3,2734.5,501.920518876786,7.62478417787686
265148.646451224,3844094.46603587,715.830061720225,L1_3,2734.5,485.669702121907,9.81131093594452
265148.646451224,3844094.46603587,715.830061720225,L1_3,2734.5,468.606344529283,12.3289966193237
265148.646451224,3844094.46603587,715.830061720225,L1_3,2734.5,450.689819057027,14.9826260793357
265148.646451224,3844094.46603587,715.830061720225,L1_3,2734.5,431.877467311159,17.5596640567476
265148.646451224,3844094.46603587,715.830061720225,L1_3,2734.5,412.124497977998,19.8617444078138
265148.646451224,3844094.46603587,715.830061720225,L1_3,2734.5,391.383880178179,21.7261432649075
265148.646451224,3844094.46603587,715.830061720225,L1_3,2734.5,369.606231488368,23.0387121339278
265148.646451224,3844094.46603587,715.830061720225,L1_3,2734.5,346.739700364067,23.7467766774736
265148.646451224,3844094.46603587,715.830061720225,L1_3,2734.5,322.754303339663,23.8718962554383
265148.646451224,3844094.46603587,715.830061720225,L1_3,2734.5,300.064105870122,23.5925716664098
265148.646451224,3844094.46603587,715.830061720225,L1_3,2734.5,276.239398527104,23.0907322009005
265148.646451224,3844094.46603587,715.830061720225,L1_3,2734.5,251.223455816935,22.4186957073003
265148.646451224,3844094.46603587,715.830061720225,L1_3,2734.5,224.956715971258,21.6052638379112
265148.646451224,3844094.46603587,715.830061720225,L1_3,2734.5,197.376639133297,20.6750271239385
265148.646451224,3844094.46603587,715.830061720225,L1_3,2734.5,168.417558453437,19.6577424061325
265148.646451224,3844094.46603587,715.830061720225,L1_3,2734.5,138.010523739585,18.5877623020076
265148.646451224,3844094.46603587,715.830061720225,L1_3,2734.5,,
265148.646451224,3844094.46603587,715.830061720225,L1_3,2734.5,,
265148.646451224,3844094.46603587,715.830061720225,L1_3,2734.5,,
265148.646451224,3844094.46603587,715.830061720225,L1_3,2734.5,,
265148.646451224,3844094.46603587,715.830061720225,L1_3,2734.5,,
265148.646451224,3844094.46603587,715.830061720225,L1_3,2734.5,,
265148.646451224,3844094.46603587,715.830061720225,L1_3,2734.5,,
265148.646451224,3844094.46603587,715.830061720225,L1_3,2734.5,,
265148.646451224,3844094.46603587,715.830061720225,L1_3,2734.5,,
265148.646451224,3844094.46603587,715.830061720225,L1_3,2734.5,,
265148.646451224,3844094.46603587,715.830061720225,L1_3,2734.5,,
265148.646451224,3844094.46603587,715.830061720225,L1_3,2734.5,,
265148.646451224,3844094.46603587,715.830061720225,L1_3,2734.5,,
265148.646451224,3844094.46603587,715.830061720225,L1_3,2734.5,,
265148.646451224,3844094.46603587,715.830061720225,L1_3,2734.5,,
265148.646451224,3844094.46603587,715.830061720225,L1_3,2734.5,,
265148.646451224,3844094.46603587,715.830061720225,L1_3,2734.5,,
265148.646451224,3844094.46603587,715.830061720225,L1_3,2734.5,,
265148.646451224,3844094.46603587,715.830061720225,L1_3,2734.5,,
265148.646451224,3844094.46603587,715.830061720225,L1_3,2734.5,,
265148.646451224,3844094.46603587,715.830061720225,L1_3,2734.5,,
265148.646451224,3844094.46603587,715.830061720225,L1_3,2734.5,,
265153.601600531,3844097.85909514,716.075547133672,L1_3,2740.5,716.075547133672,8.3074712338716
265153.601600531,3844097.85909514,716.075547133672,L1_3,2740.5,710.516736130724,10.5573579925834
265153.601600531,3844097.85909514,716.075547133672,L1_3,2740.5,704.679984577629,14.0191834439855
265153.601600531,3844097.85909514,716.075547133672,L1_3,2740.5,698.551395446879,11.3040025278366
265153.601600531,3844097.85909514,716.075547133672,L1_3,2740.5,692.116376859591,6.01719734229496
265153.601600531,3844097.85909514,716.075547133672,L1_3,2740.5,685.359607342939,3.80635721983099
265153.601600531,3844097.85909514,716.075547133672,L1_3,2740.5,678.264999350455,4.62253560362195
265153.601600531,3844097.85909514,716.075547133672,L1_3,2740.5,670.815660958346,8.9445989154895
265153.601600531,3844097.85909514,716.075547133672,L1_3,2740.5,662.993855646632,17.4589770259669
265153.601600531,3844097.85909514,716.075547133672,L1_3,2740.5,654.780960069332,27.1226349869064
265153.601600531,3844097.85909514,716.075547133672,L1_3,2740.5,646.157419713167,32.6147731802138
265153.601600531,3844097.85909514,716.075547133672,L1_3,2740.5,637.102702339194,31.9939663786637
265153.601600531,3844097.85909514,716.075547133672,L1_3,2740.5,627.595249096522,26.9753224555898
265153.601600531,3844097.85909514,716.075547133672,L1_3,2740.5,617.612423191717,20.2585723980972
265153.601600531,3844097.85909514,716.075547133672,L1_3,2740.5,607.130455991671,14.0034482116537
265153.601600531,3844097.85909514,716.075547133672,L1_3,2740.5,596.124390431623,9.32369010328674
265153.601600531,3844097.85909514,716.075547133672,L1_3,2740.5,584.568021593572,6.36735320533618
265153.601600531,3844097.85909514,716.075547133672,L1_3,2740.5,572.43383431362,4.77451406222536
265153.601600531,3844097.85909514,716.075547133672,L1_3,2740.5,559.692937669669,4.13006376564086
265153.601600531,3844097.85909514,716.075547133672,L1_3,2740.5,546.314996193521,4.17006121788769
265153.601600531,3844097.85909514,716.075547133672,L1_3,2740.5,532.268157643566,4.78912081973511
265153.601600531,3844097.85909514,716.075547133672,L1_3,2740.5,517.518977166112,5.96969156492229
265153.601600531,3844097.85909514,716.075547133672,L1_3,2740.5,502.032337664786,7.69873925307137
265153.601600531,3844097.85909514,716.075547133672,L1_3,2740.5,485.771366188394,9.90602331337175
265153.601600531,3844097.85909514,716.075547133672,L1_3,2740.5,468.697346138182,12.446214980102
265153.601600531,3844097.85909514,716.075547133672,L1_3,2740.5,450.76962508546,15.1205280893418
265153.601600531,3844097.85909514,716.075547133672,L1_3,2740.5,431.945517980102,17.713217309878
265153.601600531,3844097.85909514,716.075547133672,L1_3,2740.5,412.180205519475,20.023530643818
265153.601600531,3844097.85909514,716.075547133672,L1_3,2740.5,391.426627435817,21.8874436843625
265153.601600531,3844097.85909514,716.075547133672,L1_3,2740.5,369.635370447977,23.1907306872561
265153.601600531,3844097.85909514,716.075547133672,L1_3,2740.5,346.754550610744,23.8819743280236
265153.601600531,3844097.85909514,716.075547133672,L1_3,2740.5,322.754303339663,23.9851842125511
265153.601600531,3844097.85909514,716.075547133672,L1_3,2740.5,300.064105870122,23.682871334614
265153.601600531,3844097.85909514,716.075547133672,L1_3,2740.5,276.239398527104,23.1599657518488
265153.601600531,3844097.85909514,716.075547133672,L1_3,2740.5,251.223455816935,22.4695307149944
265153.601600531,3844097.85909514,716.075547133672,L1_3,2740.5,224.956715971258,21.6405088600136
265153.601600531,3844097.85909514,716.075547133672,L1_3,2740.5,197.376639133297,20.697394320127
265153.601600531,3844097.85909514,716.075547133672,L1_3,2740.5,168.417558453437,19.6698183584202
265153.601600531,3844097.85909514,716.075547133672,L1_3,2740.5,138.010523739585,18.5919848459213
265153.601600531,3844097.85909514,716.075547133672,L1_3,2740.5,,
265153.601600531,3844097.85909514,716.075547133672,L1_3,2740.5,,
265153.601600531,3844097.85909514,716.075547133672,L1_3,2740.5,,
265153.601600531,3844097.85909514,716.075547133672,L1_3,2740.5,,
265153.601600531,3844097.85909514,716.075547133672,L1_3,2740.5,,
265153.601600531,3844097.85909514,716.075547133672,L1_3,2740.5,,
265153.601600531,3844097.85909514,716.075547133672,L1_3,2740.5,,
265153.601600531,3844097.85909514,716.075547133672,L1_3,2740.5,,
265153.601600531,3844097.85909514,716.075547133672,L1_3,2740.5,,
265153.601600531,3844097.85909514,716.075547133672,L1_3,2740.5,,
265153.601600531,3844097.85909514,716.075547133672,L1_3,2740.5,,
265153.601600531,3844097.85909514,716.075547133672,L1_3,2740.5,,
265153.601600531,3844097.85909514,716.075547133672,L1_3,2740.5,,
265153.601600531,3844097.85909514,716.075547133672,L1_3,2740.5,,
265153.601600531,3844097.85909514,716.075547133672,L1_3,2740.5,,
265153.601600531,3844097.85909514,716.075547133672,L1_3,2740.5,,
265153.601600531,3844097.85909514,716.075547133672,L1_3,2740.5,,
265153.601600531,3844097.85909514,716.075547133672,L1_3,2740.5,,
265153.601600531,3844097.85909514,716.075547133672,L1_3,2740.5,,
265153.601600531,3844097.85909514,716.075547133672,L1_3,2740.5,,
265153.601600531,3844097.85909514,716.075547133672,L1_3,2740.5,,
265153.601600531,3844097.85909514,716.075547133672,L1_3,2740.5,,
265158.969678947,3844101.53490934,716.250264167321,L1_3,2747.0,716.250264167321,4.83723574881516
265158.969678947,3844101.53490934,716.250264167321,L1_3,2747.0,710.688982504317,6.77691483490613
265158.969678947,3844101.53490934,716.250264167321,L1_3,2747.0,704.849636758163,11.3880287445873
265158.969678947,3844101.53490934,716.250264167321,L1_3,2747.0,698.718323724701,11.0241800961483
265158.969678947,3844101.53490934,716.250264167321,L1_3,2747.0,692.280445039566,5.97885532332016
265158.969678947,3844101.53490934,716.250264167321,L1_3,2747.0,685.520672420175,3.53321870950405
265158.969678947,3844101.53490934,716.250264167321,L1_3,2747.0,678.422911169813,4.06505906250021
265158.969678947,3844101.53490934,716.250264167321,L1_3,2747.0,670.970261856934,7.8663370442342
265158.969678947,3844101.53490934,716.250264167321,L1_3,2747.0,663.144980078411,15.8803199434827
265158.969678947,3844101.53490934,716.250264167321,L1_3,2747.0,654.928434210961,25.7163072717917
265158.969678947,3844101.53490934,716.250264167321,L1_3,2747.0,646.301061050139,32.007416147425
265158.969678947,3844101.53490934,716.250264167321,L1_3,2747.0,637.242319231276,32.1303875417534
265158.969678947,3844101.53490934,716.250264167321,L1_3,2747.0,627.73064032147,27.4508672551266
265158.969678947,3844101.53490934,716.250264167321,L1_3,2747.0,617.743377466173,20.7455405805294
265158.969678947,3844101.53490934,716.250264167321,L1_3,2747.0,607.256751468112,14.3632026675422
265158.969678947,3844101.53490934,716.250264167321,L1_3,2747.0,596.245794170147,9.54851664625687
265158.969678947,3844101.53490934,716.250264167321,L1_3,2747.0,584.684289007285,6.49818926759737
265158.969678947,3844101.53490934,716.250264167321,L1_3,2747.0,572.544708586279,4.85214069466499
265158.969678947,3844101.53490934,716.250264167321,L1_3,2747.0,559.798149144223,4.1814014758554
265158.969678947,3844101.53490934,716.250264167321,L1_3,2747.0,546.414261730064,4.210944825217
265158.969678947,3844101.53490934,716.250264167321,L1_3,2747.0,532.361179945197,4.82970533952437
265158.969678947,3844101.53490934,716.250264167321,L1_3,2747.0,517.605444071087,6.01780920845952
265158.969678947,3844101.53490934,716.250264167321,L1_3,2747.0,502.111921403271,7.7608139808074
265158.969678947,3844101.53490934,716.250264167321,L1_3,2747.0,485.843722602065,9.98644890285196
265158.969678947,3844101.53490934,716.250264167321,L1_3,2747.0,468.762113860798,12.5464826961497
265158.969678947,3844101.53490934,716.250264167321,L1_3,2747.0,450.826424682468,15.2389355232539
265158.969678947,3844101.53490934,716.250264167321,L1_3,2747.0,431.993951045221,17.8452176948886
265158.969678947,3844101.53490934,716.250264167321,L1_3,2747.0,412.219853726112,20.1624719736127
265158.969678947,3844101.53490934,716.250264167321,L1_3,2747.0,391.457051541048,22.0255384521257
265158.969678947,3844101.53490934,716.250264167321,L1_3,2747.0,369.65610924673,23.3201577223183
265158.969678947,3844101.53490934,716.250264167321,L1_3,2747.0,346.765119837697,23.9960910744796
265158.969678947,3844101.53490934,716.250264167321,L1_3,2747.0,322.754303339663,24.0795991918112
265158.969678947,3844101.53490934,716.250264167321,L1_3,2747.0,300.064105870122,23.7566978852865
265158.969678947,3844101.53490934,716.250264167321,L1_3,2747.0,276.239398527104,23.2149251075557
265158.969678947,3844101.53490934,716.250264167321,L1_3,2747.0,251.223455816935,22.5080607866718
265158.969678947,3844101.53490934,716.250264167321,L1_3,2747.0,224.956715971258,21.6652138455715
265158.969678947,3844101.53490934,716.250264167321,L1_3,2747.0,197.376639133297,20.7108134805256
265158.969678947,3844101.53490934,716.250264167321,L1_3,2747.0,168.417558453437,19.6743808695601
265158.969678947,3844101.53490934,716.250264167321,L1_3,2747.0,138.010523739585,18.5899807002494
265158.969678947,3844101.53490934,716.250264167321,L1_3,2747.0,,
265158.969678947,3844101.53490934,716.250264167321,L1_3,2747.0,,
265158.969678947,3844101.53490934,716.250264167321,L1_3,2747.0,,
265158.969678947,3844101.53490934,716.250264167321,L1_3,2747.0,,
265158.969678947,3844101.53490934,716.250264167321,L1_3,2747.0,,
265158.969678947,3844101.53490934,716.250264167321,L1_3,2747.0,,
265158.969678947,3844101.53490934,716.250264167321,L1_3,2747.0,,
265158.969678947,3844101.53490934,716.250264167321,L1_3,2747.0,,
265158.969678947,3844101.53490934,716.250264167321,L1_3,2747.0,,
265158.969678947,3844101.53490934,716.250264167321,L1_3,2747.0,,
265158.969678947,3844101.53490934,716.250264167321,L1_3,2747.0,,
265158.969678947,3844101.53490934,716.250264167321,L1_3,2747.0,,
265158.969678947,3844101.53490934,716.250264167321,L1_3,2747.0,,
265158.969678947,3844101.53490934,716.250264167321,L1_3,2747.0,,
265158.969678947,3844101.53490934,716.250264167321,L1_3,2747.0,,
265158.969678947,3844101.53490934,716.250264167321,L1_3,2747.0,,
265158.969678947,3844101.53490934,716.250264167321,L1_3,2747.0,,
265158.969678947,3844101.53490934,716.250264167321,L1_3,2747.0,,
265158.969678947,3844101.53490934,716.250264167321,L1_3,2747.0,,
265158.969678947,3844101.53490934,716.250264167321,L1_3,2747.0,,
265158.969678947,3844101.53490934,716.250264167321,L1_3,2747.0,,
265158.969678947,3844101.53490934,716.250264167321,L1_3,2747.0,,
265163.924828134,3844104.92796826,716.42498120097,L1_3,2753.0,716.42498120097,4.50633959251804
265163.924828134,3844104.92796826,716.42498120097,L1_3,2753.0,710.86122887791,6.78554706859774
265163.924828134,3844104.92796826,716.42498120097,L1_3,2753.0,705.019288938697,12.6884596026163
265163.924828134,3844104.92796826,716.42498120097,L1_3,2753.0,698.885252002524,12.4314787936047
265163.924828134,3844104.92796826,716.42498120097,L1_3,2753.0,692.444513219541,6.3061523071583
265163.924828134,3844104.92796826,716.42498120097,L1_3,2753.0,685.68173749741,3.45284639436958
265163.924828134,3844104.92796826,716.42498120097,L1_3,2753.0,678.580822989172,3.81356570123797
265163.924828134,3844104.92796826,716.42498120097,L1_3,2753.0,671.124862755522,7.36210866725893
265163.924828134,3844104.92796826,716.42498120097,L1_3,2753.0,663.296104510189,15.145029654548
265163.924828134,3844104.92796826,716.42498120097,L1_3,2753.0,655.07590835259,25.1462769144625
265163.924828134,3844104.92796826,716.42498120097,L1_3,2753.0,646.444702387111,31.9811139936907
265163.924828134,3844104.92796826,716.42498120097,L1_3,2753.0,637.381936123358,32.5744697637747
265163.924828134,3844104.92796826,716.42498120097,L1_3,2753.0,627.866031546418,28.0499139804964
265163.924828134,3844104.92796826,716.42498120097,L1_3,2753.0,617.87433174063,21.2596154692193
265163.924828134,3844104.92796826,716.42498120097,L1_3,2753.0,607.383046944553,14.7118173404433
265163.924828134,3844104.92796826,716.42498120097,L1_3,2753.0,596.367197908672,9.75363095703779
265163.924828134,3844104.92796826,716.42498120097,L1_3,2753.0,584.800556420997,6.61141738910641
265163.924828134,3844104.92796826,716.42498120097,L1_3,2753.0,572.655582858938,4.91594278108365
265163.924828134,3844104.92796826,716.42498120097,L1_3,2753.0,559.903360618777,4.22159806322778
265163.924828134,3844104.92796826,716.42498120097,L1_3,2753.0,546.513527266607,4.24194237652357
265163.924828134,3844104.92796826,716.42498120097,L1_3,2753.0,532.454202246829,4.86044378287842
265163.924828134,3844104.92796826,716.42498120097,L1_3,2753.0,517.691910976062,6.05510279102447
265163.924828134,3844104.92796826,716.42498120097,L1_3,2753.0,502.191505141756,7.81023431485352
265163.924828134,3844104.92796826,716.42498120097,L1_3,2753.0,485.916079015735,10.0517728325323
265163.924828134,3844104.92796826,716.42498120097,L1_3,2753.0,468.826881583414,12.6289375789232
265163.924828134,3844104.92796826,716.42498120097,L1_3,2753.0,450.883224279476,15.3369695593617
265163.924828134,3844104.92796826,716.42498120097,L1_3,2753.0,432.042384110341,17.9548181121343
265163.924828134,3844104.92796826,716.42498120097,L1_3,2753.0,412.25950193275,20.2778112324317
265163.924828134,3844104.92796826,716.42498120097,L1_3,2753.0,391.487475646279,22.1398085050675
265163.924828134,3844104.92796826,716.42498120097,L1_3,2753.0,369.676848045484,23.4265392687814
265163.924828134,3844104.92796826,716.42498120097,L1_3,2753.0,346.77568906465,24.0888285837286
265163.924828134,3844104.92796826,716.42498120097,L1_3,2753.0,322.754303339663,24.1549498925371
265163.924828134,3844104.92796826,716.42498120097,L1_3,2753.0,300.064105870122,23.8139395710691
265163.924828134,3844104.92796826,716.42498120097,L1_3,2753.0,276.239398527104,23.2555642096628
265163.924828134,3844104.92796826,716.42498120097,L1_3,2753.0,251.223455816935,22.5342883619845
265163.924828134,3844104.92796826,716.42498120097,L1_3,2753.0,224.956715971258,21.6794105640516
265163.924828134,3844104.92796826,716.42498120097,L1_3,2753.0,197.376639133297,20.7153282404437
265163.924828134,3844104.92796826,716.42498120097,L1_3,2753.0,168.417558453437,19.6714792742345
265163.924828134,3844104.92796826,716.42498120097,L1_3,2753.0,138.010523739585,18.5817987836527
265163.924828134,3844104.92796826,716.42498120097,L1_3,2753.0,,
265163.924828134,3844104.92796826,716.42498120097,L1_3,2753.0,,
265163.924828134,3844104.92796826,716.42498120097,L1_3,2753.0,,
265163.924828134,3844104.92796826,716.42498120097,L1_3,2753.0,,
265163.924828134,3844104.92796826,716.42498120097,L1_3,2753.0,,
265163.924828134,3844104.92796826,716.42498120097,L1_3,2753.0,,
265163.924828134,3844104.92796826,716.42498120097,L1_3,2753.0,,
265163.924828134,3844104.92796826,716.42498120097,L1_3,2753.0,,
265163.924828134,3844104.92796826,716.42498120097,L1_3,2753.0,,
265163.924828134,3844104.92796826,716.42498120097,L1_3,2753.0,,
265163.924828134,3844104.92796826,716.42498120097,L1_3,2753.0,,
265163.924828134,3844104.92796826,716.42498120097,L1_3,2753.0,,
265163.924828134,3844104.92796826,716.42498120097,L1_3,2753.0,,
265163.924828134,3844104.92796826,716.42498120097,L1_3,2753.0,,
265163.924828134,3844104.92796826,716.42498120097,L1_3,2753.0,,
265163.924828134,3844104.92796826,716.42498120097,L1_3,2753.0,,
265163.924828134,3844104.92796826,716.42498120097,L1_3,2753.0,,
265163.924828134,3844104.92796826,716.42498120097,L1_3,2753.0,,
265163.924828134,3844104.92796826,716.42498120097,L1_3,2753.0,,
265163.924828134,3844104.92796826,716.42498120097,L1_3,2753.0,,
265163.924828134,3844104.92796826,716.42498120097,L1_3,2753.0,,
265163.924828134,3844104.92796826,716.42498120097,L1_3,2753.0,,
265169.292906289,3844108.60378172,716.59969823462,L1_3,2759.5,716.59969823462,6.81079756821731
265169.292906289,3844108.60378172,716.59969823462,L1_3,2759.5,711.033475251503,10.6196185529004
265169.292906289,3844108.60378172,716.59969823462,L1_3,2759.5,705.188941119232,18.2780500299766
265169.292906289,3844108.60378172,716.59969823462,L1_3,2759.5,699.052180280346,14.5874024353884
265169.292906289,3844108.60378172,716.59969823462,L1_3,2759.5,692.608581399516,6.56510826300049
265169.292906289,3844108.60378172,716.59969823462,L1_3,2759.5,685.842802574645,3.494020917889
265169.292906289,3844108.60378172,716.59969823462,L1_3,2759.5,678.73873480853,3.8936091087156
265169.292906289,3844108.60378172,716.59969823462,L1_3,2759.5,671.27946365411,7.55630717408139
265169.292906289,3844108.60378172,716.59969823462,L1_3,2759.5,663.447228941968,15.5509349971542
265169.292906289,3844108.60378172,716.59969823462,L1_3,2759.5,655.223382494219,25.8486213282459
265169.292906289,3844108.60378172,716.59969823462,L1_3,2759.5,646.588343724083,32.9431537301639
265169.292906289,3844108.60378172,716.59969823462,L1_3,2759.5,637.52155301544,33.5963457775962
265169.292906289,3844108.60378172,716.59969823462,L1_3,2759.5,628.001422771365,28.910992659534
265169.292906289,3844108.60378172,716.59969823462,L1_3,2759.5,618.005286015087,21.8578450225429
265169.292906289,3844108.60378172,716.59969823462,L1_3,2759.5,607.509342420994,15.0682588145363
265169.292906289,3844108.60378172,716.59969823462,L1_3,2759.5,596.488601647197,9.94406766292484
265169.292906289,3844108.60378172,716.59969823462,L1_3,2759.5,584.916823834709,6.7080985883639
265169.292906289,3844108.60378172,716.59969823462,L1_3,2759.5,572.766457131598,4.96616002528836
265169.292906289,3844108.60378172,716.59969823462,L1_3,2759.5,560.00857209333,4.25084621911537
265169.292906289,3844108.60378172,716.59969823462,L1_3,2759.5,546.61279280315,4.26333527476372
265169.292906289,3844108.60378172,716.59969823462,L1_3,2759.5,532.54722454846,4.88170274642922
265169.292906289,3844108.60378172,716.59969823462,L1_3,2759.5,517.778377881036,6.08198583190478
265169.292906289,3844108.60378172,716.59969823462,L1_3,2759.5,502.271088880241,7.84740557814415
265169.292906289,3844108.60378172,716.59969823462,L1_3,2759.5,485.988435429406,10.1023397138901
265169.292906289,3844108.60378172,716.59969823462,L1_3,2759.5,468.891649306029,12.6938290593364
265169.292906289,3844108.60378172,716.59969823462,L1_3,2759.5,450.940023876484,15.4147795988321
265169.292906289,3844108.60378172,716.59969823462,L1_3,2759.5,432.090817175461,18.0420893181907
265169.292906289,3844108.60378172,716.59969823462,L1_3,2759.5,412.299150139387,20.3695723596208
265169.292906289,3844108.60378172,716.59969823462,L1_3,2759.5,391.517899751509,22.2302662007192
265169.292906289,3844108.60378172,716.59969823462,L1_3,2759.5,369.697586844237,23.5098997576783
265169.292906289,3844108.60378172,716.59969823462,L1_3,2759.5,346.786258291602,24.1602321138034
265169.292906289,3844108.60378172,716.59969823462,L1_3,2759.5,322.754303339663,24.2112936840981
265169.292906289,3844108.60378172,716.59969823462,L1_3,2759.5,300.064105870122,23.8546545253304
265169.292906289,3844108.60378172,716.59969823462,L1_3,2759.5,276.239398527104,23.281946477941
265169.292906289,3844108.60378172,716.59969823462,L1_3,2759.5,251.223455816935,22.5482782754948
265169.292906289,3844108.60378172,716.59969823462,L1_3,2759.5,224.956715971258,21.6831611579886
265169.292906289,3844108.60378172,716.59969823462,L1_3,2759.5,197.376639133297,20.7109959355188
265169.292906289,3844108.60378172,716.59969823462,L1_3,2759.5,168.417558453437,19.6611627935987
265169.292906289,3844108.60378172,716.59969823462,L1_3,2759.5,138.010523739585,18.5674822781037
265169.292906289,3844108.60378172,716.59969823462,L1_3,2759.5,,
265169.292906289,3844108.60378172,716.59969823462,L1_3,2759.5,,
265169.292906289,3844108.60378172,716.59969823462,L1_3,2759.5,,
265169.292906289,3844108.60378172,716.59969823462,L1_3,2759.5,,
265169.292906289,3844108.60378172,716.59969823462,L1_3,2759.5,,
265169.292906289,3844108.60378172,716.59969823462,L1_3,2759.5,,
265169.292906289,3844108.60378172,716.59969823462,L1_3,2759.5,,
265169.292906289,3844108.60378172,716.59969823462,L1_3,2759.5,,
265169.292906289,3844108.60378172,716.59969823462,L1_3,2759.5,,
265169.292906289,3844108.60378172,716.59969823462,L1_3,2759.5,,
265169.292906289,3844108.60378172,716.59969823462,L1_3,2759.5,,
265169.292906289,3844108.60378172,716.59969823462,L1_3,2759.5,,
265169.292906289,3844108.60378172,716.59969823462,L1_3,2759.5,,
265169.292906289,3844108.60378172,716.59969823462,L1_3,2759.5,,
265169.292906289,3844108.60378172,716.59969823462,L1_3,2759.5,,
265169.292906289,3844108.60378172,716.59969823462,L1_3,2759.5,,
265169.292906289,3844108.60378172,716.59969823462,L1_3,2759.5,,
265169.292906289,3844108.60378172,716.59969823462,L1_3,2759.5,,
265169.292906289,3844108.60378172,716.59969823462,L1_3,2759.5,,
265169.292906289,3844108.60378172,716.59969823462,L1_3,2759.5,,
265169.292906289,3844108.60378172,716.59969823462,L1_3,2759.5,,
265169.292906289,3844108.60378172,716.59969823462,L1_3,2759.5,,
265174.248055356,3844111.99684029,716.742845764283,L1_3,2765.5,716.742845764283,8.46709080786037
265174.248055356,3844111.99684029,716.742845764283,L1_3,2765.5,711.174598543025,11.7939080548507
265174.248055356,3844111.99684029,716.742845764283,L1_3,2765.5,705.327938960703,16.8059496133063
265174.248055356,3844111.99684029,716.742845764283,L1_3,2765.5,699.188946399265,12.3875518357559
265174.248055356,3844111.99684029,716.742845764283,L1_3,2765.5,692.743004209756,5.88799806431204
265174.248055356,3844111.99684029,716.742845764283,L1_3,2765.5,685.974764910771,3.56171261849972
265174.248055356,3844111.99684029,716.742845764283,L1_3,2765.5,678.868113646837,4.36314376676135
265174.248055356,3844111.99684029,716.742845764283,L1_3,2765.5,671.406129819706,8.62197708668671
265174.248055356,3844111.99684029,716.742845764283,L1_3,2765.5,663.571046801218,17.3680362491292
265174.248055356,3844111.99684029,716.742845764283,L1_3,2765.5,655.344209631806,28.0968196463575
265174.248055356,3844111.99684029,716.742845764283,L1_3,2765.5,646.706030603924,35.0817832081623
265174.248055356,3844111.99684029,716.742845764283,L1_3,2765.5,637.635942624647,35.2850763931983
265174.248055356,3844111.99684029,716.742845764283,L1_3,2765.5,628.112350246407,30.0587482746903
265174.248055356,3844111.99684029,716.742845764283,L1_3,2765.5,618.112578249254,22.5380499051533
265174.248055356,3844111.99684029,716.742845764283,L1_3,2765.5,607.612817652244,15.4249517541068
265174.248055356,3844111.99684029,716.742845764283,L1_3,2765.5,596.588069025384,10.1141827518074
265174.248055356,3844111.99684029,716.742845764283,L1_3,2765.5,585.01208296718,6.78521855867979
265174.248055356,3844111.99684029,716.742845764283,L1_3,2765.5,572.857297606066,5.00146077738357
265174.248055356,3844111.99684029,716.742845764283,L1_3,2765.5,560.094772976897,4.2686887160178
265174.248055356,3844111.99684029,716.742845764283,L1_3,2765.5,546.694122116269,4.27509984049888
265174.248055356,3844111.99684029,716.742845764283,L1_3,2765.5,532.62343871261,4.89366908520749
265174.248055356,3844111.99684029,716.742845764283,L1_3,2765.5,517.849221138767,6.09872103330893
265174.248055356,3844111.99684029,716.742845764283,L1_3,2765.5,502.336292686233,7.872566095176
265174.248055356,3844111.99684029,716.742845764283,L1_3,2765.5,486.047717811072,10.138291999669
265174.248055356,3844111.99684029,716.742845764283,L1_3,2765.5,468.944714192152,12.7411718639564
265174.248055356,3844111.99684029,716.742845764283,L1_3,2765.5,450.986560392287,15.4722636831053
265174.248055356,3844111.99684029,716.742845764283,L1_3,2765.5,432.130498902429,18.1068579312014
265174.248055356,3844111.99684029,716.742845764283,L1_3,2765.5,412.331634338078,20.437567569668
265174.248055356,3844111.99684029,716.742845764283,L1_3,2765.5,391.542826545509,22.2967665611844
265174.248055356,3844111.99684029,716.742845764283,L1_3,2765.5,369.714578363311,23.570171012228
265174.248055356,3844111.99684029,716.742845764283,L1_3,2765.5,346.794917772004,24.2103100405498
265174.248055356,3844111.99684029,716.742845764283,L1_3,2765.5,322.754303339663,24.2487023240976
265174.248055356,3844111.99684029,716.742845764283,L1_3,2765.5,300.064105870122,23.8789525255787
265174.248055356,3844111.99684029,716.742845764283,L1_3,2765.5,276.239398527104,23.2941981802689
265174.248055356,3844111.99684029,716.742845764283,L1_3,2765.5,251.223455816935,22.5501622262142
265174.248055356,3844111.99684029,716.742845764283,L1_3,2765.5,224.956715971258,21.6765947254412
265174.248055356,3844111.99684029,716.742845764283,L1_3,2765.5,197.376639133297,20.6979354610768
265174.248055356,3844111.99684029,716.742845764283,L1_3,2765.5,168.417558453437,19.6435352249231
265174.248055356,3844111.99684029,716.742845764283,L1_3,2765.5,138.010523739585,18.5471177358234
265174.248055356,3844111.99684029,716.742845764283,L1_3,2765.5,,
265174.248055356,3844111.99684029,716.742845764283,L1_3,2765.5,,
265174.248055356,3844111.99684029,716.742845764283,L1_3,2765.5,,
265174.248055356,3844111.99684029,716.742845764283,L1_3,2765.5,,
265174.248055356,3844111.99684029,716.742845764283,L1_3,2765.5,,
265174.248055356,3844111.99684029,716.742845764283,L1_3,2765.5,,
265174.248055356,3844111.99684029,716.742845764283,L1_3,2765.5,,
265174.248055356,3844111.99684029,716.742845764283,L1_3,2765.5,,
265174.248055356,3844111.99684029,716.742845764283,L1_3,2765.5,,
265174.248055356,3844111.99684029,716.742845764283,L1_3,2765.5,,
265174.248055356,3844111.99684029,716.742845764283,L1_3,2765.5,,
265174.248055356,3844111.99684029,716.742845764283,L1_3,2765.5,,
265174.248055356,3844111.99684029,716.742845764283,L1_3,2765.5,,
265174.248055356,3844111.99684029,716.742845764283,L1_3,2765.5,,
265174.248055356,3844111.99684029,716.742845764283,L1_3,2765.5,,
265174.248055356,3844111.99684029,716.742845764283,L1_3,2765.5,,
265174.248055356,3844111.99684029,716.742845764283,L1_3,2765.5,,
265174.248055356,3844111.99684029,716.742845764283,L1_3,2765.5,,
265174.248055356,3844111.99684029,716.742845764283,L1_3,2765.5,,
265174.248055356,3844111.99684029,716.742845764283,L1_3,2765.5,,
265174.248055356,3844111.99684029,716.742845764283,L1_3,2765.5,,
265174.248055356,3844111.99684029,716.742845764283,L1_3,2765.5,,
265179.616133511,3844115.67265375,716.854448600866,L1_3,2772.0,716.854448600866,8.38773781107235
265179.616133511,3844115.67265375,716.854448600866,L1_3,2772.0,711.28462321253,9.45600209421481
265179.616133511,3844115.67265375,716.854448600866,L1_3,2772.0,705.436306554776,10.4480159722336
265179.616133511,3844115.67265375,716.854448600866,L1_3,2772.0,699.295574064135,7.99086702636014
265179.616133511,3844115.67265375,716.854448600866,L1_3,2772.0,692.847804948961,4.77021793767925
265179.616133511,3844115.67265375,716.854448600866,L1_3,2772.0,686.07764737803,3.78005313833159
265179.616133511,3844115.67265375,716.854448600866,L1_3,2772.0,678.968981928551,5.41210201519458
265179.616133511,3844115.67265375,716.854448600866,L1_3,2772.0,671.504883206598,10.878039357526
265179.616133511,3844115.67265375,716.854448600866,L1_3,2772.0,663.667579548548,20.9152934165219
265179.616133511,3844115.67265375,716.854448600866,L1_3,2772.0,655.438410707596,32.0552753537973
265179.616133511,3844115.67265375,716.854448600866,L1_3,2772.0,646.797783424595,38.4225594949087
265179.616133511,3844115.67265375,716.854448600866,L1_3,2772.0,637.725124777445,37.6111215679081
265179.616133511,3844115.67265375,716.854448600866,L1_3,2772.0,628.198833197937,31.4586068399262
265179.616133511,3844115.67265375,716.854448600866,L1_3,2772.0,618.196227039454,23.2769529775356
265179.616133511,3844115.67265375,716.854448600866,L1_3,2772.0,607.693490573047,15.7702279027105
265179.616133511,3844115.67265375,716.854448600866,L1_3,2772.0,596.665617283319,10.2595734944056
265179.616133511,3844115.67265375,716.854448600866,L1_3,2772.0,585.086350329105,6.84185126315001
265179.616133511,3844115.67265375,716.854448600866,L1_3,2772.0,572.92812002718,5.02231182597622
265179.616133511,3844115.67265375,716.854448600866,L1_3,2772.0,560.161978210159,4.27611127006157
265179.616133511,3844115.67265375,716.854448600866,L1_3,2772.0,546.757529302287,4.27843887192931
265179.616133511,3844115.67265375,716.854448600866,L1_3,2772.0,532.682857949021,4.8976605150384
265179.616133511,3844115.67265375,716.854448600866,L1_3,2772.0,517.904453028092,6.10667619303306
265179.616133511,3844115.67265375,716.854448600866,L1_3,2772.0,502.387127861117,7.88705427122453
265179.616133511,3844115.67265375,716.854448600866,L1_3,2772.0,486.093936435793,10.1608505855127
265179.616133511,3844115.67265375,716.854448600866,L1_3,2772.0,468.986085439202,12.7720035184084
265179.616133511,3844115.67265375,716.854448600866,L1_3,2772.0,451.022841892782,15.5102463511919
265179.616133511,3844115.67265375,716.854448600866,L1_3,2772.0,432.161436169042,18.1497435227999
265179.616133511,3844115.67265375,716.854448600866,L1_3,2772.0,412.356960159114,20.4822548374563
265179.616133511,3844115.67265375,716.854448600866,L1_3,2772.0,391.562260348689,22.3396509734966
265179.616133511,3844115.67265375,716.854448600866,L1_3,2772.0,369.727825547744,23.6076171960365
265179.616133511,3844115.67265375,716.854448600866,L1_3,2772.0,346.801669006751,24.2392838925475
265179.616133511,3844115.67265375,716.854448600866,L1_3,2772.0,322.754303339663,24.2673679806802
265179.616133511,3844115.67265375,716.854448600866,L1_3,2772.0,300.064105870122,23.8870030400014
265179.616133511,3844115.67265375,716.854448600866,L1_3,2772.0,276.239398527104,23.2924673700197
265179.616133511,3844115.67265375,716.854448600866,L1_3,2772.0,251.223455816935,22.5400694663611
265179.616133511,3844115.67265375,716.854448600866,L1_3,2772.0,224.956715971258,21.659823517286
265179.616133511,3844115.67265375,716.854448600866,L1_3,2772.0,197.376639133297,20.6762427070433
265179.616133511,3844115.67265375,716.854448600866,L1_3,2772.0,168.417558453437,19.6186767236239
265179.616133511,3844115.67265375,716.854448600866,L1_3,2772.0,138.010523739585,18.5207690560333
265179.616133511,3844115.67265375,716.854448600866,L1_3,2772.0,,
265179.616133511,3844115.67265375,716.854448600866,L1_3,2772.0,,
265179.616133511,3844115.67265375,716.854448600866,L1_3,2772.0,,
265179.616133511,3844115.67265375,716.854448600866,L1_3,2772.0,,
265179.616133511,3844115.67265375,716.854448600866,L1_3,2772.0,,
265179.616133511,3844115.67265375,716.854448600866,L1_3,2772.0,,
265179.616133511,3844115.67265375,716.854448600866,L1_3,2772.0,,
265179.616133511,3844115.67265375,716.854448600866,L1_3,2772.0,,
265179.616133511,3844115.67265375,716.854448600866,L1_3,2772.0,,
265179.616133511,3844115.67265375,716.854448600866,L1_3,2772.0,,
265179.616133511,3844115.67265375,716.854448600866,L1_3,2772.0,,
265179.616133511,3844115.67265375,716.854448600866,L1_3,2772.0,,
265179.616133511,3844115.67265375,716.854448600866,L1_3,2772.0,,
265179.616133511,3844115.67265375,716.854448600866,L1_3,2772.0,,
265179.616133511,3844115.67265375,716.854448600866,L1_3,2772.0,,
265179.616133511,3844115.67265375,716.854448600866,L1_3,2772.0,,
265179.616133511,3844115.67265375,716.854448600866,L1_3,2772.0,,
265179.616133511,3844115.67265375,716.854448600866,L1_3,2772.0,,
265179.616133511,3844115.67265375,716.854448600866,L1_3,2772.0,,
265179.616133511,3844115.67265375,716.854448600866,L1_3,2772.0,,
265179.616133511,3844115.67265375,716.854448600866,L1_3,2772.0,,
265179.616133511,3844115.67265375,716.854448600866,L1_3,2772.0,,
265184.571282457,3844119.06571198,716.966051437449,L1_3,2778.0,716.966051437449,10.7024230836088
265184.571282457,3844119.06571198,716.966051437449,L1_3,2778.0,711.394647882035,9.68084153173185
265184.571282457,3844119.06571198,716.966051437449,L1_3,2778.0,705.544674148849,7.71297936743682
265184.571282457,3844119.06571198,716.966051437449,L1_3,2778.0,699.402201729004,5.66196953665669
265184.571282457,3844119.06571198,716.966051437449,L1_3,2778.0,692.952605688167,4.22645597101874
265184.571282457,3844119.06571198,716.966051437449,L1_3,2778.0,686.180529845288,4.41507369190594
265184.571282457,3844119.06571198,716.966051437449,L1_3,2778.0,679.069850210265,7.27944812590996
265184.571282457,3844119.06571198,716.966051437449,L1_3,2778.0,671.603636593491,14.5451705777496
265184.571282457,3844119.06571198,716.966051437449,L1_3,2778.0,663.764112295878,26.14575573422
265184.571282457,3844119.06571198,716.966051437449,L1_3,2778.0,655.532611783385,37.3665053802831
265184.571282457,3844119.06571198,716.966051437449,L1_3,2778.0,646.889536245267,42.5367245553617
265184.571282457,3844119.06571198,716.966051437449,L1_3,2778.0,637.814306930243,40.2500181088299
265184.571282457,3844119.06571198,716.966051437449,L1_3,2778.0,628.285316149468,32.9183896213453
265184.571282457,3844119.06571198,716.966051437449,L1_3,2778.0,618.279875829654,23.9790469670697
265184.571282457,3844119.06571198,716.966051437449,L1_3,2778.0,607.774163493849,16.0632969997091
265184.571282457,3844119.06571198,716.966051437449,L1_3,2778.0,596.743165541254,10.3651007303111
265184.571282457,3844119.06571198,716.966051437449,L1_3,2778.0,585.16061769103,6.87319268584618
265184.571282457,3844119.06571198,716.966051437449,L1_3,2778.0,572.998942448294,5.02766151437671
265184.571282457,3844119.06571198,716.966051437449,L1_3,2778.0,560.229183443421,4.27338214213315
265184.571282457,3844119.06571198,716.966051437449,L1_3,2778.0,546.820936488305,4.27411877765221
265184.571282457,3844119.06571198,716.966051437449,L1_3,2778.0,532.742277185433,4.89465925171732
265184.571282457,3844119.06571198,716.966051437449,L1_3,2778.0,517.959684917418,6.10691849597163
265184.571282457,3844119.06571198,716.966051437449,L1_3,2778.0,502.437963036001,7.89192134827123
265184.571282457,3844119.06571198,716.966051437449,L1_3,2778.0,486.140155060514,10.1709692042708
265184.571282457,3844119.06571198,716.966051437449,L1_3,2778.0,469.027456686252,12.7871339359303
265184.571282457,3844119.06571198,716.966051437449,L1_3,2778.0,451.059123393278,15.5293903908636
265184.571282457,3844119.06571198,716.966051437449,L1_3,2778.0,432.192373435654,18.1712932459575
265184.571282457,3844119.06571198,716.966051437449,L1_3,2778.0,412.38228598015,20.5041049180637
265184.571282457,3844119.06571198,716.966051437449,L1_3,2778.0,391.58169415187,22.3593498689492
265184.571282457,3844119.06571198,716.966051437449,L1_3,2778.0,369.741072732176,23.6226538066359
265184.571282457,3844119.06571198,716.966051437449,L1_3,2778.0,346.808420241497,24.2475544068917
265184.571282457,3844119.06571198,716.966051437449,L1_3,2778.0,322.754303339663,24.2676601340413
265184.571282457,3844119.06571198,716.966051437449,L1_3,2778.0,300.064105870122,23.879137655964
265184.571282457,3844119.06571198,716.966051437449,L1_3,2778.0,276.239398527104,23.2770539647111
265184.571282457,3844119.06571198,716.966051437449,L1_3,2778.0,251.223455816935,22.5182641673723
265184.571282457,3844119.06571198,716.966051437449,L1_3,2778.0,224.956715971258,21.6330711145123
265184.571282457,3844119.06571198,716.966051437449,L1_3,2778.0,197.376639133297,20.6461050271394
265184.571282457,3844119.06571198,716.966051437449,L1_3,2778.0,168.417558453437,19.5867426008571
265184.571282457,3844119.06571198,716.966051437449,L1_3,2778.0,138.010523739585,18.4885621030596
265184.571282457,3844119.06571198,716.966051437449,L1_3,2778.0,,
265184.571282457,3844119.06571198,716.966051437449,L1_3,2778.0,,
265184.571282457,3844119.06571198,716.966051437449,L1_3,2778.0,,
265184.571282457,3844119.06571198,716.966051437449,L1_3,2778.0,,
265184.571282457,3844119.06571198,716.966051437449,L1_3,2778.0,,
265184.571282457,3844119.06571198,716.966051437449,L1_3,2778.0,,
265184.571282457,3844119.06571198,716.966051437449,L1_3,2778.0,,
265184.571282457,3844119.06571198,716.966051437449,L1_3,2778.0,,
265184.571282457,3844119.06571198,716.966051437449,L1_3,2778.0,,
265184.571282457,3844119.06571198,716.966051437449,L1_3,2778.0,,
265184.571282457,3844119.06571198,716.966051437449,L1_3,2778.0,,
265184.571282457,3844119.06571198,716.966051437449,L1_3,2778.0,,
265184.571282457,3844119.06571198,716.966051437449,L1_3,2778.0,,
265184.571282457,3844119.06571198,716.966051437449,L1_3,2778.0,,
265184.571282457,3844119.06571198,716.966051437449,L1_3,2778.0,,
265184.571282457,3844119.06571198,716.966051437449,L1_3,2778.0,,
265184.571282457,3844119.06571198,716.966051437449,L1_3,2778.0,,
265184.571282457,3844119.06571198,716.966051437449,L1_3,2778.0,,
265184.571282457,3844119.06571198,716.966051437449,L1_3,2778.0,,
265184.571282457,3844119.06571198,716.966051437449,L1_3,2778.0,,
265184.571282457,3844119.06571198,716.966051437449,L1_3,2778.0,,
265184.571282457,3844119.06571198,716.966051437449,L1_3,2778.0,,
265189.939360351,3844122.74152469,717.077654274032,L1_3,2784.5,717.077654274032,17.0230860563537
265189.939360351,3844122.74152469,717.077654274032,L1_3,2784.5,711.50467255154,13.2856102261181
265189.939360351,3844122.74152469,717.077654274032,L1_3,2784.5,705.653041742922,8.22809452738729
265189.939360351,3844122.74152469,717.077654274032,L1_3,2784.5,699.508829393873,5.49059639771121
265189.939360351,3844122.74152469,717.077654274032,L1_3,2784.5,693.057406427373,4.52916408531879
265189.939360351,3844122.74152469,717.077654274032,L1_3,2784.5,686.283412312547,5.55166707250859
265189.939360351,3844122.74152469,717.077654274032,L1_3,2784.5,679.170718491979,9.83679526183999
265189.939360351,3844122.74152469,717.077654274032,L1_3,2784.5,671.702389980384,19.115608194508
265189.939360351,3844122.74152469,717.077654274032,L1_3,2784.5,663.860645043208,32.124891257181
265189.939360351,3844122.74152469,717.077654274032,L1_3,2784.5,655.626812859174,43.0229931886743
265189.939360351,3844122.74152469,717.077654274032,L1_3,2784.5,646.981289065939,46.6855389763865
265189.939360351,3844122.74152469,717.077654274032,L1_3,2784.5,637.903489083041,42.7769502988141
265189.939360351,3844122.74152469,717.077654274032,L1_3,2784.5,628.371799100998,34.2301838370061
265189.939360351,3844122.74152469,717.077654274032,L1_3,2784.5,618.363524619854,24.5557476699125
265189.939360351,3844122.74152469,717.077654274032,L1_3,2784.5,607.854836414652,16.2717133377193
265189.939360351,3844122.74152469,717.077654274032,L1_3,2784.5,596.82071379919,10.4211202393097
265189.939360351,3844122.74152469,717.077654274032,L1_3,2784.5,585.234885052955,6.87760996302401
265189.939360351,3844122.74152469,717.077654274032,L1_3,2784.5,573.069764869408,5.01834560845125
265189.939360351,3844122.74152469,717.077654274032,L1_3,2784.5,560.296388676684,4.2620378523677
265189.939360351,3844122.74152469,717.077654274032,L1_3,2784.5,546.884343674323,4.26389966876713
265189.939360351,3844122.74152469,717.077654274032,L1_3,2784.5,532.801696421845,4.88653473020635
265189.939360351,3844122.74152469,717.077654274032,L1_3,2784.5,518.014916806743,6.10136982179185
265189.939360351,3844122.74152469,717.077654274032,L1_3,2784.5,502.488798210885,7.88906417070382
265189.939360351,3844122.74152469,717.077654274032,L1_3,2784.5,486.186373685235,10.1704265748847
265189.939360351,3844122.74152469,717.077654274032,L1_3,2784.5,469.068827933302,12.7881427536638
265189.939360351,3844122.74152469,717.077654274032,L1_3,2784.5,451.095404893773,15.5310294663846
265189.939360351,3844122.74152469,717.077654274032,L1_3,2784.5,432.223310702267,18.1725862582759
265189.939360351,3844122.74152469,717.077654274032,L1_3,2784.5,412.407611801186,20.5039675137715
265189.939360351,3844122.74152469,717.077654274032,L1_3,2784.5,391.60112795505,22.3565259337924
265189.939360351,3844122.74152469,717.077654274032,L1_3,2784.5,369.754319916608,23.6158001398571
265189.939360351,3844122.74152469,717.077654274032,L1_3,2784.5,346.815171476244,24.235538071222
265189.939360351,3844122.74152469,717.077654274032,L1_3,2784.5,322.754303339663,24.2499146065058
265189.939360351,3844122.74152469,717.077654274032,L1_3,2784.5,300.064105870122,23.8556293391308
265189.939360351,3844122.74152469,717.077654274032,L1_3,2784.5,276.239398527104,23.2481849854851
265189.939360351,3844122.74152469,717.077654274032,L1_3,2784.5,251.223455816935,22.4849361566045
265189.939360351,3844122.74152469,717.077654274032,L1_3,2784.5,224.956715971258,21.596496189861
265189.939360351,3844122.74152469,717.077654274032,L1_3,2784.5,197.376639133297,20.6076510045001
265189.939360351,3844122.74152469,717.077654274032,L1_3,2784.5,168.417558453437,19.5478350152084
265189.939360351,3844122.74152469,717.077654274032,L1_3,2784.5,138.010523739585,18.4505780758078
265189.939360351,3844122.74152469,717.077654274032,L1_3,2784.5,,
265189.939360351,3844122.74152469,717.077654274032,L1_3,2784.5,,
265189.939360351,3844122.74152469,717.077654274032,L1_3,2784.5,,
265189.939360351,3844122.74152469,717.077654274032,L1_3,2784.5,,
265189.939360351,3844122.74152469,717.077654274032,L1_3,2784.5,,
265189.939360351,3844122.74152469,717.077654274032,L1_3,2784.5,,
265189.939360351,3844122.74152469,717.077654274032,L1_3,2784.5,,
265189.939360351,3844122.74152469,717.077654274032,L1_3,2784.5,,
265189.939360351,3844122.74152469,717.077654274032,L1_3,2784.5,,
265189.939360351,3844122.74152469,717.077654274032,L1_3,2784.5,,
265189.939360351,3844122.74152469,717.077654274032,L1_3,2784.5,,
265189.939360351,3844122.74152469,717.077654274032,L1_3,2784.5,,
265189.939360351,3844122.74152469,717.077654274032,L1_3,2784.5,,
265189.939360351,3844122.74152469,717.077654274032,L1_3,2784.5,,
265189.939360351,3844122.74152469,717.077654274032,L1_3,2784.5,,
265189.939360351,3844122.74152469,717.077654274032,L1_3,2784.5,,
265189.939360351,3844122.74152469,717.077654274032,L1_3,2784.5,,
265189.939360351,3844122.74152469,717.077654274032,L1_3,2784.5,,
265189.939360351,3844122.74152469,717.077654274032,L1_3,2784.5,,
265189.939360351,3844122.74152469,717.077654274032,L1_3,2784.5,,
265189.939360351,3844122.74152469,717.077654274032,L1_3,2784.5,,
265189.939360351,3844122.74152469,717.077654274032,L1_3,2784.5,,
265194.894509176,3844126.13458258,717.156778387834,L1_3,2790.5,717.156778387834,24.5278384285406
265194.894509176,3844126.13458258,717.156778387834,L1_3,2790.5,711.582677777369,20.2174094665799
265194.894509176,3844126.13458258,717.156778387834,L1_3,2790.5,705.729872136381,12.2976060791714
265194.894509176,3844126.13458258,717.156778387834,L1_3,2790.5,699.584426213344,7.13469636121484
265194.894509176,3844126.13458258,717.156778387834,L1_3,2790.5,693.131707994154,5.46971988886297
265194.894509176,3844126.13458258,717.156778387834,L1_3,2790.5,686.356353864006,6.7410002561042
265194.894509176,3844126.13458258,717.156778387834,L1_3,2790.5,679.242232027349,12.0031710244283
265194.894509176,3844126.13458258,717.156778387834,L1_3,2790.5,671.77240409886,22.738042207392
265194.894509176,3844126.13458258,717.156778387834,L1_3,2790.5,663.929084773947,36.6994207370893
265194.894509176,3844126.13458258,717.156778387834,L1_3,2790.5,655.693599482787,47.2777813872901
265194.894509176,3844126.13458258,717.156778387834,L1_3,2790.5,647.04633992707,49.7734462119636
265194.894509176,3844126.13458258,717.156778387834,L1_3,2790.5,637.966717393567,44.6079724035891
265194.894509176,3844126.13458258,717.156778387834,L1_3,2790.5,628.433113733389,35.1182117434327
265194.894509176,3844126.13458258,717.156778387834,L1_3,2790.5,618.422829890202,24.891202869215
265194.894509176,3844126.13458258,717.156778387834,L1_3,2790.5,607.912031854855,16.3525989305793
265194.894509176,3844126.13458258,717.156778387834,L1_3,2790.5,596.875693917741,10.4139726911208
265194.894509176,3844126.13458258,717.156778387834,L1_3,2790.5,585.287539083772,6.85177729455776
265194.894509176,3844126.13458258,717.156778387834,L1_3,2790.5,573.119976508104,4.99435817966295
265194.894509176,3844126.13458258,717.156778387834,L1_3,2790.5,560.344035803652,4.24310509468736
265194.894509176,3844126.13458258,717.156778387834,L1_3,2790.5,546.929298063978,4.2491645933099
265194.894509176,3844126.13458258,717.156778387834,L1_3,2790.5,532.843823437321,4.87482628288585
265194.894509176,3844126.13458258,717.156778387834,L1_3,2790.5,518.05407507933,6.0916340100571
265194.894509176,3844126.13458258,717.156778387834,L1_3,2790.5,502.52483930344,7.88006972532645
265194.894509176,3844126.13458258,717.156778387834,L1_3,2790.5,486.219141738756,10.1607178203069
265194.894509176,3844126.13458258,717.156778387834,L1_3,2790.5,469.098159295837,12.7763837843711
265194.894509176,3844126.13458258,717.156778387834,L1_3,2790.5,451.121127730772,15.5163608815098
265194.894509176,3844126.13458258,717.156778387834,L1_3,2790.5,432.245244587454,18.1546735219924
265194.894509176,3844126.13458258,717.156778387834,L1_3,2790.5,412.42556728697,20.4827717934116
265194.894509176,3844126.13458258,717.156778387834,L1_3,2790.5,391.614906121462,22.3320127725309
265194.894509176,3844126.13458258,717.156778387834,L1_3,2790.5,369.763711897679,23.5878073087578
265194.894509176,3844126.13458258,717.156778387834,L1_3,2790.5,346.819957962706,24.2039089784161
265194.894509176,3844126.13458258,717.156778387834,L1_3,2790.5,322.754303339663,24.2147366997132
265194.894509176,3844126.13458258,717.156778387834,L1_3,2790.5,300.064105870122,23.8170110751404
265194.894509176,3844126.13458258,717.156778387834,L1_3,2790.5,276.239398527104,23.2063147646119
265194.894509176,3844126.13458258,717.156778387834,L1_3,2790.5,251.223455816935,22.4404647223108
265194.894509176,3844126.13458258,717.156778387834,L1_3,2790.5,224.956715971258,21.5504126120208
265194.894509176,3844126.13458258,717.156778387834,L1_3,2790.5,197.376639133297,20.5611372082581
265194.894509176,3844126.13458258,717.156778387834,L1_3,2790.5,168.417558453437,19.5021582912248
265194.894509176,3844126.13458258,717.156778387834,L1_3,2790.5,138.010523739585,18.4069778419424
265194.894509176,3844126.13458258,717.156778387834,L1_3,2790.5,,
265194.894509176,3844126.13458258,717.156778387834,L1_3,2790.5,,
265194.894509176,3844126.13458258,717.156778387834,L1_3,2790.5,,
265194.894509176,3844126.13458258,717.156778387834,L1_3,2790.5,,
265194.894509176,3844126.13458258,717.156778387834,L1_3,2790.5,,
265194.894509176,3844126.13458258,717.156778387834,L1_3,2790.5,,
265194.894509176,3844126.13458258,717.156778387834,L1_3,2790.5,,
265194.894509176,3844126.13458258,717.156778387834,L1_3,2790.5,,
265194.894509176,3844126.13458258,717.156778387834,L1_3,2790.5,,
265194.894509176,3844126.13458258,717.156778387834,L1_3,2790.5,,
265194.894509176,3844126.13458258,717.156778387834,L1_3,2790.5,,
265194.894509176,3844126.13458258,717.156778387834,L1_3,2790.5,,
265194.894509176,3844126.13458258,717.156778387834,L1_3,2790.5,,
265194.894509176,3844126.13458258,717.156778387834,L1_3,2790.5,,
265194.894509176,3844126.13458258,717.156778387834,L1_3,2790.5,,
265194.894509176,3844126.13458258,717.156778387834,L1_3,2790.5,,
265194.894509176,3844126.13458258,717.156778387834,L1_3,2790.5,,
265194.894509176,3844126.13458258,717.156778387834,L1_3,2790.5,,
265194.894509176,3844126.13458258,717.156778387834,L1_3,2790.5,,
265194.894509176,3844126.13458258,717.156778387834,L1_3,2790.5,,
265194.894509176,3844126.13458258,717.156778387834,L1_3,2790.5,,
265194.894509176,3844126.13458258,717.156778387834,L1_3,2790.5,,
265200.26258707,3844129.81039529,717.203478259035,L1_3,2797.0,717.203478259035,31.1815233514237
265200.26258707,3844129.81039529,717.203478259035,L1_3,2797.0,711.628717269304,27.9037798252468
265200.26258707,3844129.81039529,717.203478259035,L1_3,2797.0,705.775218230087,17.736317810163
265200.26258707,3844129.81039529,717.203478259035,L1_3,2797.0,699.629044238909,9.11832185231424
265200.26258707,3844129.81039529,717.203478259035,L1_3,2797.0,693.175561548172,6.10047826328162
265200.26258707,3844129.81039529,717.203478259035,L1_3,2797.0,686.399404722899,7.03148843592054
265200.26258707,3844129.81039529,717.203478259035,L1_3,2797.0,679.284440056361,12.3809435523495
265200.26258707,3844129.81039529,717.203478259035,L1_3,2797.0,671.813727156497,23.572637411443
265200.26258707,3844129.81039529,717.203478259035,L1_3,2797.0,663.969478611639,38.133662266841
265200.26258707,3844129.81039529,717.203478259035,L1_3,2797.0,655.733017639539,48.9522254546468
265200.26258707,3844129.81039529,717.203478259035,L1_3,2797.0,647.084733618833,51.1592435184218
265200.26258707,3844129.81039529,717.203478259035,L1_3,2797.0,638.004035397093,45.4392819823944
265200.26258707,3844129.81039529,717.203478259035,L1_3,2797.0,628.469302264265,35.4547907867237
265200.26258707,3844129.81039529,717.203478259035,L1_3,2797.0,618.457832474796,24.9391139238443
265200.26258707,3844129.81039529,717.203478259035,L1_3,2797.0,607.945789195853,16.2927206668041
265200.26258707,3844129.81039529,717.203478259035,L1_3,2797.0,596.908143752963,10.3418889872141
265200.26258707,3844129.81039529,717.203478259035,L1_3,2797.0,585.318616037929,6.79713171095711
265200.26258707,3844129.81039529,717.203478259035,L1_3,2797.0,573.149611937143,4.95774815913622
265200.26258707,3844129.81039529,717.203478259035,L1_3,2797.0,560.372157631318,4.21863740912726
265200.26258707,3844129.81039529,717.203478259035,L1_3,2797.0,546.955830610201,4.23192056431431
265200.26258707,3844129.81039529,717.203478259035,L1_3,2797.0,532.868687238029,4.8615385484621
265200.26258707,3844129.81039529,717.203478259035,L1_3,2797.0,518.077186697248,6.07972608787108
265200.26258707,3844129.81039529,717.203478259035,L1_3,2797.0,502.546111129428,7.8669273241277
265200.26258707,3844129.81039529,717.203478259035,L1_3,2797.0,486.238481783217,10.1437430103272
265200.26258707,3844129.81039529,717.203478259035,L1_3,2797.0,469.115470969696,12.7536040726466
265200.26258707,3844129.81039529,717.203478259035,L1_3,2797.0,451.136309615498,15.4869331564092
265200.26258707,3844129.81039529,717.203478259035,L1_3,2797.0,432.25819019359,18.1188839755795
265200.26258707,3844129.81039529,717.203478259035,L1_3,2797.0,412.436164800588,20.4416260498326
265200.26258707,3844129.81039529,717.203478259035,L1_3,2797.0,391.623038137935,22.2867221198983
265200.26258707,3844129.81039529,717.203478259035,L1_3,2797.0,369.769255142149,23.5394229890177
265200.26258707,3844129.81039529,717.203478259035,L1_3,2797.0,346.822782996574,24.1532681484566
265200.26258707,3844129.81039529,717.203478259035,L1_3,2797.0,322.754303339663,24.1626069767189
265200.26258707,3844129.81039529,717.203478259035,L1_3,2797.0,300.064105870122,23.7636678883443
265200.26258707,3844129.81039529,717.203478259035,L1_3,2797.0,276.239398527104,23.1517514845839
265200.26258707,3844129.81039529,717.203478259035,L1_3,2797.0,251.223455816935,22.3850979857011
265200.26258707,3844129.81039529,717.203478259035,L1_3,2797.0,224.956715971258,21.4950194591145
265200.26258707,3844129.81039529,717.203478259035,L1_3,2797.0,197.376639133297,20.5067223665409
265200.26258707,3844129.81039529,717.203478259035,L1_3,2797.0,168.417558453437,19.4498381349312
265200.26258707,3844129.81039529,717.203478259035,L1_3,2797.0,138.010523739585,18.3578590593634
265200.26258707,3844129.81039529,717.203478259035,L1_3,2797.0,,
265200.26258707,3844129.81039529,717.203478259035,L1_3,2797.0,,
265200.26258707,3844129.81039529,717.203478259035,L1_3,2797.0,,
265200.26258707,3844129.81039529,717.203478259035,L1_3,2797.0,,
265200.26258707,3844129.81039529,717.203478259035,L1_3,2797.0,,
265200.26258707,3844129.81039529,717.203478259035,L1_3,2797.0,,
265200.26258707,3844129.81039529,717.203478259035,L1_3,2797.0,,
265200.26258707,3844129.81039529,717.203478259035,L1_3,2797.0,,
265200.26258707,3844129.81039529,717.203478259035,L1_3,2797.0,,
265200.26258707,3844129.81039529,717.203478259035,L1_3,2797.0,,
265200.26258707,3844129.81039529,717.203478259035,L1_3,2797.0,,
265200.26258707,3844129.81039529,717.203478259035,L1_3,2797.0,,
265200.26258707,3844129.81039529,717.203478259035,L1_3,2797.0,,
265200.26258707,3844129.81039529,717.203478259035,L1_3,2797.0,,
265200.26258707,3844129.81039529,717.203478259035,L1_3,2797.0,,
265200.26258707,3844129.81039529,717.203478259035,L1_3,2797.0,,
265200.26258707,3844129.81039529,717.203478259035,L1_3,2797.0,,
265200.26258707,3844129.81039529,717.203478259035,L1_3,2797.0,,
265200.26258707,3844129.81039529,717.203478259035,L1_3,2797.0,,
265200.26258707,3844129.81039529,717.203478259035,L1_3,2797.0,,
265200.26258707,3844129.81039529,717.203478259035,L1_3,2797.0,,
265200.26258707,3844129.81039529,717.203478259035,L1_3,2797.0,,
265205.217735775,3844133.20345284,717.250178130236,L1_3,2803.0,717.250178130236,33.9912050774319
265205.217735775,3844133.20345284,717.250178130236,L1_3,2803.0,711.674756761239,30.4188484632508
265205.217735775,3844133.20345284,717.250178130236,L1_3,2803.0,705.820564323793,18.9662488911615
265205.217735775,3844133.20345284,717.250178130236,L1_3,2803.0,699.673662264475,9.16238668824021
265205.217735775,3844133.20345284,717.250178130236,L1_3,2803.0,693.21941510219,5.64741385020125
265205.217735775,3844133.20345284,717.250178130236,L1_3,2803.0,686.442455581791,6.21924436106824
265205.217735775,3844133.20345284,717.250178130236,L1_3,2803.0,679.326648085373,11.0584457139493
265205.217735775,3844133.20345284,717.250178130236,L1_3,2803.0,671.855050214133,21.8407725754783
265205.217735775,3844133.20345284,717.250178130236,L1_3,2803.0,664.009872449332,36.6039690387435
265205.217735775,3844133.20345284,717.250178130236,L1_3,2803.0,655.77243579629,48.08352926989
265205.217735775,3844133.20345284,717.250178130236,L1_3,2803.0,647.123127310596,50.7853256353936
265205.217735775,3844133.20345284,717.250178130236,L1_3,2803.0,638.041353400618,45.2022818221252
265205.217735775,3844133.20345284,717.250178130236,L1_3,2803.0,628.505490795141,35.1982478024697
265205.217735775,3844133.20345284,717.250178130236,L1_3,2803.0,618.49283505939,24.6828733982482
265205.217735775,3844133.20345284,717.250178130236,L1_3,2803.0,607.979546536851,16.0885223618143
265205.217735775,3844133.20345284,717.250178130236,L1_3,2803.0,596.940593588185,10.2059353439052
265205.217735775,3844133.20345284,717.250178130236,L1_3,2803.0,585.349692992086,6.71571657504289
265205.217735775,3844133.20345284,717.250178130236,L1_3,2803.0,573.179247366182,4.91048403596529
265205.217735775,3844133.20345284,717.250178130236,L1_3,2803.0,560.400279458983,4.19040092210096
265205.217735775,3844133.20345284,717.250178130236,L1_3,2803.0,546.982363156424,4.21381411750954
265205.217735775,3844133.20345284,717.250178130236,L1_3,2803.0,532.893551038737,4.84827639153734
265205.217735775,3844133.20345284,717.250178130236,L1_3,2803.0,518.100298315166,6.06724120125103
265205.217735775,3844133.20345284,717.250178130236,L1_3,2803.0,502.567382955416,7.85122028497525
265205.217735775,3844133.20345284,717.250178130236,L1_3,2803.0,486.257821827679,10.1210626817263
265205.217735775,3844133.20345284,717.250178130236,L1_3,2803.0,469.132782643554,12.7213345416548
265205.217735775,3844133.20345284,717.250178130236,L1_3,2803.0,451.151491500224,15.444241600898
265205.217735775,3844133.20345284,717.250178130236,L1_3,2803.0,432.271135799727,18.0666692634203
265205.217735775,3844133.20345284,717.250178130236,L1_3,2803.0,412.446762314205,20.3819313302521
265205.217735775,3844133.20345284,717.250178130236,L1_3,2803.0,391.631170154407,22.2219794474672
265205.217735775,3844133.20345284,717.250178130236,L1_3,2803.0,369.774798386619,23.4718624543067
265205.217735775,3844133.20345284,717.250178130236,L1_3,2803.0,346.825608030442,24.0846958409268
265205.217735775,3844133.20345284,717.250178130236,L1_3,2803.0,322.754303339663,24.0944350614844
265205.217735775,3844133.20345284,717.250178130236,L1_3,2803.0,300.064105870122,23.6963414678597
265205.217735775,3844133.20345284,717.250178130236,L1_3,2803.0,276.239398527104,23.0851011804259
265205.217735775,3844133.20345284,717.250178130236,L1_3,2803.0,251.223455816935,22.3193304365604
265205.217735775,3844133.20345284,717.250178130236,L1_3,2803.0,224.956715971258,21.4307168059721
265205.217735775,3844133.20345284,717.250178130236,L1_3,2803.0,197.376639133297,20.4447243900605
265205.217735775,3844133.20345284,717.250178130236,L1_3,2803.0,168.417558453437,19.391124567601
265205.217735775,3844133.20345284,717.250178130236,L1_3,2803.0,138.010523739585,18.3034162552499
265205.217735775,3844133.20345284,717.250178130236,L1_3,2803.0,,
265205.217735775,3844133.20345284,717.250178130236,L1_3,2803.0,,
265205.217735775,3844133.20345284,717.250178130236,L1_3,2803.0,,
265205.217735775,3844133.20345284,717.250178130236,L1_3,2803.0,,
265205.217735775,3844133.20345284,717.250178130236,L1_3,2803.0,,
265205.217735775,3844133.20345284,717.250178130236,L1_3,2803.0,,
265205.217735775,3844133.20345284,717.250178130236,L1_3,2803.0,,
265205.217735775,3844133.20345284,717.250178130236,L1_3,2803.0,,
265205.217735775,3844133.20345284,717.250178130236,L1_3,2803.0,,
265205.217735775,3844133.20345284,717.250178130236,L1_3,2803.0,,
265205.217735775,3844133.20345284,717.250178130236,L1_3,2803.0,,
265205.217735775,3844133.20345284,717.250178130236,L1_3,2803.0,,
265205.217735775,3844133.20345284,717.250178130236,L1_3,2803.0,,
265205.217735775,3844133.20345284,717.250178130236,L1_3,2803.0,,
265205.217735775,3844133.20345284,717.250178130236,L1_3,2803.0,,
265205.217735775,3844133.20345284,717.250178130236,L1_3,2803.0,,
265205.217735775,3844133.20345284,717.250178130236,L1_3,2803.0,,
265205.217735775,3844133.20345284,717.250178130236,L1_3,2803.0,,
265205.217735775,3844133.20345284,717.250178130236,L1_3,2803.0,,
265205.217735775,3844133.20345284,717.250178130236,L1_3,2803.0,,
265205.217735775,3844133.20345284,717.250178130236,L1_3,2803.0,,
265205.217735775,3844133.20345284,717.250178130236,L1_3,2803.0,,
265210.585813408,3844136.87926481,717.296878001436,L1_3,2809.5,717.296878001436,32.2247666462812
265210.585813408,3844136.87926481,717.296878001436,L1_3,2809.5,711.720796253174,27.6225921586748
265210.585813408,3844136.87926481,717.296878001436,L1_3,2809.5,705.865910417499,16.3033669914019
265210.585813408,3844136.87926481,717.296878001436,L1_3,2809.5,699.71828029004,7.76634746870046
265210.585813408,3844136.87926481,717.296878001436,L1_3,2809.5,693.263268656208,4.7349645949795
265210.585813408,3844136.87926481,717.296878001436,L1_3,2809.5,686.485506440684,5.1877649756457
265210.585813408,3844136.87926481,717.296878001436,L1_3,2809.5,679.368856114384,9.43348016180483
265210.585813408,3844136.87926481,717.296878001436,L1_3,2809.5,671.89637327177,19.4244768823384
265210.585813408,3844136.87926481,717.296878001436,L1_3,2809.5,664.050266287024,33.9260537049839
265210.585813408,3844136.87926481,717.296878001436,L1_3,2809.5,655.811853953041,45.9105170477103
265210.585813408,3844136.87926481,717.296878001436,L1_3,2809.5,647.161521002359,49.302210479167
265210.585813408,3844136.87926481,717.296878001436,L1_3,2809.5,638.078671404143,44.1905004887098
265210.585813408,3844136.87926481,717.296878001436,L1_3,2809.5,628.541679326017,34.4733955937974
265210.585813408,3844136.87926481,717.296878001436,L1_3,2809.5,618.527837643983,24.1753782030019
265210.585813408,3844136.87926481,717.296878001436,L1_3,2809.5,608.013303877849,15.7629940946136
265210.585813408,3844136.87926481,717.296878001436,L1_3,2809.5,596.973043423407,10.0166541877294
265210.585813408,3844136.87926481,717.296878001436,L1_3,2809.5,585.380769946243,6.61288140048625
265210.585813408,3844136.87926481,717.296878001436,L1_3,2809.5,573.208882795222,4.8557417435825
265210.585813408,3844136.87926481,717.296878001436,L1_3,2809.5,560.428401286649,4.16066329035397
265210.585813408,3844136.87926481,717.296878001436,L1_3,2809.5,547.008895702647,4.19674673108502
265210.585813408,3844136.87926481,717.296878001436,L1_3,2809.5,532.918414839445,4.83680903281641
265210.585813408,3844136.87926481,717.296878001436,L1_3,2809.5,518.123409933084,6.05590678626696
265210.585813408,3844136.87926481,717.296878001436,L1_3,2809.5,502.588654781404,7.83465530633151
265210.585813408,3844136.87926481,717.296878001436,L1_3,2809.5,486.27716187214,10.0943515911942
265210.585813408,3844136.87926481,717.296878001436,L1_3,2809.5,469.150094317413,12.681192249996
265210.585813408,3844136.87926481,717.296878001436,L1_3,2809.5,451.16667338495,15.3898136872237
265210.585813408,3844136.87926481,717.296878001436,L1_3,2809.5,432.284081405863,17.999436422301
265210.585813408,3844136.87926481,717.296878001436,L1_3,2809.5,412.457359827823,20.3049469800365
265210.585813408,3844136.87926481,717.296878001436,L1_3,2809.5,391.63930217088,22.1388794255007
265210.585813408,3844136.87926481,717.296878001436,L1_3,2809.5,369.78034163109,23.3860540955815
265210.585813408,3844136.87926481,717.296878001436,L1_3,2809.5,346.82843306431,23.9989570659048
265210.585813408,3844136.87926481,717.296878001436,L1_3,2809.5,322.754303339663,24.0108313395756
265210.585813408,3844136.87926481,717.296878001436,L1_3,2809.5,300.064105870122,23.6155144995913
265210.585813408,3844136.87926481,717.296878001436,L1_3,2809.5,276.239398527104,23.0067473113021
265210.585813408,3844136.87926481,717.296878001436,L1_3,2809.5,251.223455816935,22.2434648226018
265210.585813408,3844136.87926481,717.296878001436,L1_3,2809.5,224.956715971258,21.3577410117533
265210.585813408,3844136.87926481,717.296878001436,L1_3,2809.5,197.376639133297,20.3753285540796
265210.585813408,3844136.87926481,717.296878001436,L1_3,2809.5,168.417558453437,19.3261620758244
265210.585813408,3844136.87926481,717.296878001436,L1_3,2809.5,138.010523739585,18.2437603742946
265210.585813408,3844136.87926481,717.296878001436,L1_3,2809.5,,
265210.585813408,3844136.87926481,717.296878001436,L1_3,2809.5,,
265210.585813408,3844136.87926481,717.296878001436,L1_3,2809.5,,
265210.585813408,3844136.87926481,717.296878001436,L1_3,2809.5,,
265210.585813408,3844136.87926481,717.296878001436,L1_3,2809.5,,
265210.585813408,3844136.87926481,717.296878001436,L1_3,2809.5,,
265210.585813408,3844136.87926481,717.296878001436,L1_3,2809.5,,
265210.585813408,3844136.87926481,717.296878001436,L1_3,2809.5,,
265210.585813408,3844136.87926481,717.296878001436,L1_3,2809.5,,
265210.585813408,3844136.87926481,717.296878001436,L1_3,2809.5,,
265210.585813408,3844136.87926481,717.296878001436,L1_3,2809.5,,
265210.585813408,3844136.87926481,717.296878001436,L1_3,2809.5,,
265210.585813408,3844136.87926481,717.296878001436,L1_3,2809.5,,
265210.585813408,3844136.87926481,717.296878001436,L1_3,2809.5,,
265210.585813408,3844136.87926481,717.296878001436,L1_3,2809.5,,
265210.585813408,3844136.87926481,717.296878001436,L1_3,2809.5,,
265210.585813408,3844136.87926481,717.296878001436,L1_3,2809.5,,
265210.585813408,3844136.87926481,717.296878001436,L1_3,2809.5,,
265210.585813408,3844136.87926481,717.296878001436,L1_3,2809.5,,
265210.585813408,3844136.87926481,717.296878001436,L1_3,2809.5,,
265210.585813408,3844136.87926481,717.296878001436,L1_3,2809.5,,
265210.585813408,3844136.87926481,717.296878001436,L1_3,2809.5,,
265215.540961992,3844140.27232201,717.320575869482,L1_3,2815.5,717.320575869482,27.570334299167
265215.540961992,3844140.27232201,717.320575869482,L1_3,2815.5,711.744159011501,23.0897423492147
265215.540961992,3844140.27232201,717.320575869482,L1_3,2815.5,705.888921310621,13.5002340066676
265215.540961992,3844140.27232201,717.320575869482,L1_3,2815.5,699.740921724697,6.66071077427439
265215.540961992,3844140.27232201,717.320575869482,L1_3,2815.5,693.285522159477,4.17379207468299
265215.540961992,3844140.27232201,717.320575869482,L1_3,2815.5,686.507352615996,4.60558904700241
265215.540961992,3844140.27232201,717.320575869482,L1_3,2815.5,679.390274595341,8.44233283278208
265215.540961992,3844140.27232201,717.320575869482,L1_3,2815.5,671.917342673653,17.7129098568646
265215.540961992,3844140.27232201,717.320575869482,L1_3,2815.5,664.070764155881,31.6517666159555
265215.540961992,3844140.27232201,717.320575869482,L1_3,2815.5,655.83185671222,43.6466112247769
265215.540961992,3844140.27232201,717.320575869482,L1_3,2815.5,647.181003896376,47.4245850453231
265215.540961992,3844140.27232201,717.320575869482,L1_3,2815.5,638.09760843974,42.7563229872808
265215.540961992,3844140.27232201,717.320575869482,L1_3,2815.5,628.560043210272,33.4384806378945
265215.540961992,3844140.27232201,717.320575869482,L1_3,2815.5,618.54559971933,23.4846849767442
265215.540961992,3844140.27232201,717.320575869482,L1_3,2815.5,608.030434053842,15.3449750977857
265215.540961992,3844140.27232201,717.320575869482,L1_3,2815.5,596.989510105079,9.78648724883875
265215.540961992,3844140.27232201,717.320575869482,L1_3,2815.5,585.396539958878,6.494420854182
265215.540961992,3844140.27232201,717.320575869482,L1_3,2815.5,573.223921305367,4.79667048574801
265215.540961992,3844140.27232201,717.320575869482,L1_3,2815.5,560.44267171918,4.13152116782869
265215.540961992,3844140.27232201,717.320575869482,L1_3,2815.5,547.022359653685,4.18239382552755
265215.540961992,3844140.27232201,717.320575869482,L1_3,2815.5,532.931031984914,4.82864385400849
265215.540961992,3844140.27232201,717.320575869482,L1_3,2815.5,518.135137932705,6.04716587510136
265215.540961992,3844140.27232201,717.320575869482,L1_3,2815.5,502.599449177885,7.81866169259181
265215.540961992,3844140.27232201,717.320575869482,L1_3,2815.5,486.286975985324,10.0650616296902
265215.540961992,3844140.27232201,717.320575869482,L1_3,2815.5,469.158879133135,12.6346779282428
265215.540961992,3844140.27232201,717.320575869482,L1_3,2815.5,451.174377438337,15.3252088328045
265215.540961992,3844140.27232201,717.320575869482,L1_3,2815.5,432.290650658799,17.918788616526
265215.540961992,3844140.27232201,717.320575869482,L1_3,2815.5,412.462737540284,20.2122771733557
265215.540961992,3844140.27232201,717.320575869482,L1_3,2815.5,391.643428765843,22.0389752546591
265215.540961992,3844140.27232201,717.320575869482,L1_3,2815.5,369.783154552681,23.2834434703551
265215.540961992,3844140.27232201,717.320575869482,L1_3,2815.5,346.82986662886,23.8973356840433
265215.540961992,3844140.27232201,717.320575869482,L1_3,2815.5,322.754303339663,23.912891204331
265215.540961992,3844140.27232201,717.320575869482,L1_3,2815.5,300.064105870122,23.5220937770295
265215.540961992,3844140.27232201,717.320575869482,L1_3,2815.5,276.239398527104,22.9174271051619
265215.540961992,3844140.27232201,717.320575869482,L1_3,2815.5,251.223455816935,22.158093200958
265215.540961992,3844140.27232201,717.320575869482,L1_3,2815.5,224.956715971258,21.276563488717
265215.540961992,3844140.27232201,717.320575869482,L1_3,2815.5,197.376639133297,20.2989081432029
265215.540961992,3844140.27232201,717.320575869482,L1_3,2815.5,168.417558453437,19.2552427898378
265215.540961992,3844140.27232201,717.320575869482,L1_3,2815.5,138.010523739585,18.1791165745305
265215.540961992,3844140.27232201,717.320575869482,L1_3,2815.5,,
265215.540961992,3844140.27232201,717.320575869482,L1_3,2815.5,,
265215.540961992,3844140.27232201,717.320575869482,L1_3,2815.5,,
265215.540961992,3844140.27232201,717.320575869482,L1_3,2815.5,,
265215.540961992,3844140.27232201,717.320575869482,L1_3,2815.5,,
265215.540961992,3844140.27232201,717.320575869482,L1_3,2815.5,,
265215.540961992,3844140.27232201,717.320575869482,L1_3,2815.5,,
265215.540961992,3844140.27232201,717.320575869482,L1_3,2815.5,,
265215.540961992,3844140.27232201,717.320575869482,L1_3,2815.5,,
265215.540961992,3844140.27232201,717.320575869482,L1_3,2815.5,,
265215.540961992,3844140.27232201,717.320575869482,L1_3,2815.5,,
265215.540961992,3844140.27232201,717.320575869482,L1_3,2815.5,,
265215.540961992,3844140.27232201,717.320575869482,L1_3,2815.5,,
265215.540961992,3844140.27232201,717.320575869482,L1_3,2815.5,,
265215.540961992,3844140.27232201,717.320575869482,L1_3,2815.5,,
265215.540961992,3844140.27232201,717.320575869482,L1_3,2815.5,,
265215.540961992,3844140.27232201,717.320575869482,L1_3,2815.5,,
265215.540961992,3844140.27232201,717.320575869482,L1_3,2815.5,,
265215.540961992,3844140.27232201,717.320575869482,L1_3,2815.5,,
265215.540961992,3844140.27232201,717.320575869482,L1_3,2815.5,,
265215.540961992,3844140.27232201,717.320575869482,L1_3,2815.5,,
265215.540961992,3844140.27232201,717.320575869482,L1_3,2815.5,,
265220.909039625,3844143.94813397,717.321212448856,L1_3,2822.0,717.321212448856,22.6713695934819
265220.909039625,3844143.94813397,717.321212448856,L1_3,2822.0,711.744786589055,19.5357135859993
265220.909039625,3844143.94813397,717.321212448856,L1_3,2822.0,705.889539436265,12.1775516573633
265220.909039625,3844143.94813397,717.321212448856,L1_3,2822.0,699.741529925835,6.38931669449786
265220.909039625,3844143.94813397,717.321212448856,L1_3,2822.0,693.286119939883,4.13706973647153
265220.909039625,3844143.94813397,717.321212448856,L1_3,2822.0,686.507939454634,4.56254182478688
265220.909039625,3844143.94813397,717.321212448856,L1_3,2822.0,679.390849945122,8.23450800189853
265220.909039625,3844143.94813397,717.321212448856,L1_3,2822.0,671.917905960135,17.0758913923948
265220.909039625,3844143.94813397,717.321212448856,L1_3,2822.0,664.071314775898,30.4013329864922
265220.909039625,3844143.94813397,717.321212448856,L1_3,2822.0,655.83239403245,41.9472647762047
265220.909039625,3844143.94813397,717.321212448856,L1_3,2822.0,647.181527251829,45.6414697527257
265220.909039625,3844143.94813397,717.321212448856,L1_3,2822.0,638.098117132177,41.1907283993706
265220.909039625,3844143.94813397,717.321212448856,L1_3,2822.0,628.560536506543,32.2437079156597
265220.909039625,3844143.94813397,717.321212448856,L1_3,2822.0,618.546076849627,22.6814760292111
265220.909039625,3844143.94813397,717.321212448856,L1_3,2822.0,608.030894209865,14.8658206855151
265220.909039625,3844143.94813397,717.321212448856,L1_3,2822.0,596.989952438115,9.52906653323662
265220.909039625,3844143.94813397,717.321212448856,L1_3,2822.0,585.396963577777,6.36651613988037
265220.909039625,3844143.94813397,717.321212448856,L1_3,2822.0,573.224325274423,4.73645000707627
265220.909039625,3844143.94813397,717.321212448856,L1_3,2822.0,560.4430550559,4.1049533745956
265220.909039625,3844143.94813397,717.321212448856,L1_3,2822.0,547.022721326452,4.17224073263708
265220.909039625,3844143.94813397,717.321212448856,L1_3,2822.0,532.931370910531,4.82505440874586
265220.909039625,3844143.94813397,717.321212448856,L1_3,2822.0,518.135452973815,6.04220278733404
265220.909039625,3844143.94813397,717.321212448856,L1_3,2822.0,502.599739140262,7.80440355693646
265220.909039625,3844143.94813397,717.321212448856,L1_3,2822.0,486.287239615032,10.0343851538849
265220.909039625,3844143.94813397,717.321212448856,L1_3,2822.0,469.15911511354,12.5830365673408
265220.909039625,3844143.94813397,717.321212448856,L1_3,2822.0,451.174584386974,15.2517164036468
265220.909039625,3844143.94813397,717.321212448856,L1_3,2822.0,432.290827124079,17.8260264479681
265220.909039625,3844143.94813397,717.321212448856,L1_3,2822.0,412.46288199804,20.1051876265406
265220.909039625,3844143.94813397,717.321212448856,L1_3,2822.0,391.643539615699,21.9234451018756
265220.909039625,3844143.94813397,717.321212448856,L1_3,2822.0,369.78323011424,23.1650761502914
265220.909039625,3844143.94813397,717.321212448856,L1_3,2822.0,346.829905137709,23.7807197289209
265220.909039625,3844143.94813397,717.321212448856,L1_3,2822.0,322.754303339663,23.8013326376939
265220.909039625,3844143.94813397,717.321212448856,L1_3,2822.0,300.064105870122,23.4166393215645
265220.909039625,3844143.94813397,717.321212448856,L1_3,2822.0,276.239398527104,22.8175759730133
265220.909039625,3844143.94813397,717.321212448856,L1_3,2822.0,251.223455816935,22.0635572135081
265220.909039625,3844143.94813397,717.321212448856,L1_3,2822.0,224.956715971258,21.1874520506899
265220.909039625,3844143.94813397,717.321212448856,L1_3,2822.0,197.376639133297,20.2156701309261
265220.909039625,3844143.94813397,717.321212448856,L1_3,2822.0,168.417558453437,19.1785276952131
265220.909039625,3844143.94813397,717.321212448856,L1_3,2822.0,138.010523739585,18.1096093298708
265220.909039625,3844143.94813397,717.321212448856,L1_3,2822.0,,
265220.909039625,3844143.94813397,717.321212448856,L1_3,2822.0,,
265220.909039625,3844143.94813397,717.321212448856,L1_3,2822.0,,
265220.909039625,3844143.94813397,717.321212448856,L1_3,2822.0,,
265220.909039625,3844143.94813397,717.321212448856,L1_3,2822.0,,
265220.909039625,3844143.94813397,717.321212448856,L1_3,2822.0,,
265220.909039625,3844143.94813397,717.321212448856,L1_3,2822.0,,
265220.909039625,3844143.94813397,717.321212448856,L1_3,2822.0,,
265220.909039625,3844143.94813397,717.321212448856,L1_3,2822.0,,
265220.909039625,3844143.94813397,717.321212448856,L1_3,2822.0,,
265220.909039625,3844143.94813397,717.321212448856,L1_3,2822.0,,
265220.909039625,3844143.94813397,717.321212448856,L1_3,2822.0,,
265220.909039625,3844143.94813397,717.321212448856,L1_3,2822.0,,
265220.909039625,3844143.94813397,717.321212448856,L1_3,2822.0,,
265220.909039625,3844143.94813397,717.321212448856,L1_3,2822.0,,
265220.909039625,3844143.94813397,717.321212448856,L1_3,2822.0,,
265220.909039625,3844143.94813397,717.321212448856,L1_3,2822.0,,
265220.909039625,3844143.94813397,717.321212448856,L1_3,2822.0,,
265220.909039625,3844143.94813397,717.321212448856,L1_3,2822.0,,
265220.909039625,3844143.94813397,717.321212448856,L1_3,2822.0,,
265220.909039625,3844143.94813397,717.321212448856,L1_3,2822.0,,
265220.909039625,3844143.94813397,717.321212448856,L1_3,2822.0,,
265225.864188089,3844147.34119083,717.32184902823,L1_3,2828.0,717.32184902823,21.3045599186848
265225.864188089,3844147.34119083,717.32184902823,L1_3,2828.0,711.74541416661,18.6768949001405
265225.864188089,3844147.34119083,717.32184902823,L1_3,2828.0,705.890157561908,12.1283631021891
265225.864188089,3844147.34119083,717.32184902823,L1_3,2828.0,699.742138126972,6.63973164952106
265225.864188089,3844147.34119083,717.32184902823,L1_3,2828.0,693.286717720289,4.41478447689068
265225.864188089,3844147.34119083,717.32184902823,L1_3,2828.0,686.508526293272,4.86975611486926
265225.864188089,3844147.34119083,717.32184902823,L1_3,2828.0,679.391425294904,8.59229523530672
265225.864188089,3844147.34119083,717.32184902823,L1_3,2828.0,671.918469246617,17.3125523126264
265225.864188089,3844147.34119083,717.32184902823,L1_3,2828.0,664.071865395916,30.1189652093099
265225.864188089,3844147.34119083,717.32184902823,L1_3,2828.0,655.83293135268,40.9332692213291
265225.864188089,3844147.34119083,717.32184902823,L1_3,2828.0,647.182050607283,44.1464559782223
265225.864188089,3844147.34119083,717.32184902823,L1_3,2828.0,638.098625824615,39.6608442672509
265225.864188089,3844147.34119083,717.32184902823,L1_3,2828.0,628.561029802814,30.9976327225048
265225.864188089,3844147.34119083,717.32184902823,L1_3,2828.0,618.546553979923,21.8252494144082
265225.864188089,3844147.34119083,717.32184902823,L1_3,2828.0,608.031354365888,14.3548210685393
265225.864188089,3844147.34119083,717.32184902823,L1_3,2828.0,596.99039477115,9.25800827179658
265225.864188089,3844147.34119083,717.32184902823,L1_3,2828.0,585.397387196676,6.23552335771561
265225.864188089,3844147.34119083,717.32184902823,L1_3,2828.0,573.224729243478,4.67829682723863
265225.864188089,3844147.34119083,717.32184902823,L1_3,2828.0,560.44343839262,4.08283643909276
265225.864188089,3844147.34119083,717.32184902823,L1_3,2828.0,547.02308299922,4.16756013769283
265225.864188089,3844147.34119083,717.32184902823,L1_3,2828.0,532.931709836149,4.82701443983166
265225.864188089,3844147.34119083,717.32184902823,L1_3,2828.0,518.135768014925,6.04185438914981
265225.864188089,3844147.34119083,717.32184902823,L1_3,2828.0,502.600029102639,7.79271897131123
265225.864188089,3844147.34119083,717.32184902823,L1_3,2828.0,486.28750324474,10.0032929071013
265225.864188089,3844147.34119083,717.32184902823,L1_3,2828.0,469.159351093945,12.5274678696249
265225.864188089,3844147.34119083,717.32184902823,L1_3,2828.0,451.17479133561,15.170797034153
265225.864188089,3844147.34119083,717.32184902823,L1_3,2828.0,432.291003589359,17.7228356014358
265225.864188089,3844147.34119083,717.32184902823,L1_3,2828.0,412.463026455796,19.9855048776467
265225.864188089,3844147.34119083,717.32184902823,L1_3,2828.0,391.643650465554,21.7941455776516
265225.864188089,3844147.34119083,717.32184902823,L1_3,2828.0,369.7833056758,23.0327283020265
265225.864188089,3844147.34119083,717.32184902823,L1_3,2828.0,346.829943646558,23.6507036716919
265225.864188089,3844147.34119083,717.32184902823,L1_3,2828.0,322.754303339663,23.6774897394766
265225.864188089,3844147.34119083,717.32184902823,L1_3,2828.0,300.064105870122,23.3002160433305
265225.864188089,3844147.34119083,717.32184902823,L1_3,2828.0,276.239398527104,22.7080385986159
265225.864188089,3844147.34119083,717.32184902823,L1_3,2828.0,251.223455816935,21.9605268705953
265225.864188089,3844147.34119083,717.32184902823,L1_3,2828.0,224.956715971258,21.0909360133755
265225.864188089,3844147.34119083,717.32184902823,L1_3,2828.0,197.376639133297,20.1260287104349
265225.864188089,3844147.34119083,717.32184902823,L1_3,2828.0,168.417558453437,19.0963362791425
265225.864188089,3844147.34119083,717.32184902823,L1_3,2828.0,138.010523739585,18.0354839297318
265225.864188089,3844147.34119083,717.32184902823,L1_3,2828.0,,
265225.864188089,3844147.34119083,717.32184902823,L1_3,2828.0,,
265225.864188089,3844147.34119083,717.32184902823,L1_3,2828.0,,
265225.864188089,3844147.34119083,717.32184902823,L1_3,2828.0,,
265225.864188089,3844147.34119083,717.32184902823,L1_3,2828.0,,
265225.864188089,3844147.34119083,717.32184902823,L1_3,2828.0,,
265225.864188089,3844147.34119083,717.32184902823,L1_3,2828.0,,
265225.864188089,3844147.34119083,717.32184902823,L1_3,2828.0,,
265225.864188089,3844147.34119083,717.32184902823,L1_3,2828.0,,
265225.864188089,3844147.34119083,717.32184902823,L1_3,2828.0,,
265225.864188089,3844147.34119083,717.32184902823,L1_3,2828.0,,
265225.864188089,3844147.34119083,717.32184902823,L1_3,2828.0,,
265225.864188089,3844147.34119083,717.32184902823,L1_3,2828.0,,
265225.864188089,3844147.34119083,717.32184902823,L1_3,2828.0,,
265225.864188089,3844147.34119083,717.32184902823,L1_3,2828.0,,
265225.864188089,3844147.34119083,717.32184902823,L1_3,2828.0,,
265225.864188089,3844147.34119083,717.32184902823,L1_3,2828.0,,
265225.864188089,3844147.34119083,717.32184902823,L1_3,2828.0,,
265225.864188089,3844147.34119083,717.32184902823,L1_3,2828.0,,
265225.864188089,3844147.34119083,717.32184902823,L1_3,2828.0,,
265225.864188089,3844147.34119083,717.32184902823,L1_3,2828.0,,
265225.864188089,3844147.34119083,717.32184902823,L1_3,2828.0,,
265231.23226546,3844151.01700205,717.322485607604,L1_3,2834.5,717.322485607604,22.215104074117
265231.23226546,3844151.01700205,717.322485607604,L1_3,2834.5,711.746041744164,19.3808369880296
265231.23226546,3844151.01700205,717.322485607604,L1_3,2834.5,705.890775687552,12.6042941876195
265231.23226546,3844151.01700205,717.322485607604,L1_3,2834.5,699.742746328109,7.00767909336952
265231.23226546,3844151.01700205,717.322485607604,L1_3,2834.5,693.287315500695,4.74734115203547
265231.23226546,3844151.01700205,717.322485607604,L1_3,2834.5,686.509113131909,5.28255245576413
265231.23226546,3844151.01700205,717.322485607604,L1_3,2834.5,679.392000644685,9.19284714063711
265231.23226546,3844151.01700205,717.322485607604,L1_3,2834.5,671.919032533099,17.9860945610427
265231.23226546,3844151.01700205,717.322485607604,L1_3,2834.5,664.072416015934,30.3553816850345
265231.23226546,3844151.01700205,717.322485607604,L1_3,2834.5,655.833468672911,40.29938986513
265231.23226546,3844151.01700205,717.322485607604,L1_3,2834.5,647.182573962736,42.8126274957523
265231.23226546,3844151.01700205,717.322485607604,L1_3,2834.5,638.099134517053,38.1480604569012
265231.23226546,3844151.01700205,717.322485607604,L1_3,2834.5,628.561523099085,29.7191280498397
265231.23226546,3844151.01700205,717.322485607604,L1_3,2834.5,618.547031110219,20.9374679493741
265231.23226546,3844151.01700205,717.322485607604,L1_3,2834.5,608.03181452191,13.8264451735524
265231.23226546,3844151.01700205,717.322485607604,L1_3,2834.5,596.990837104186,8.98130453465619
265231.23226546,3844151.01700205,717.322485607604,L1_3,2834.5,585.397810815575,6.10553663734182
265231.23226546,3844151.01700205,717.322485607604,L1_3,2834.5,573.225133212534,4.62435854007894
265231.23226546,3844151.01700205,717.322485607604,L1_3,2834.5,560.44382172934,4.06640198086237
265231.23226546,3844151.01700205,717.322485607604,L1_3,2834.5,547.023444671987,4.16912399660711
265231.23226546,3844151.01700205,717.322485607604,L1_3,2834.5,532.932048761767,4.83503656620266
265231.23226546,3844151.01700205,717.322485607604,L1_3,2834.5,518.136083056035,6.04650242513783
265231.23226546,3844151.01700205,717.322485607604,L1_3,2834.5,502.600319065017,7.78399290793029
265231.23226546,3844151.01700205,717.322485607604,L1_3,2834.5,486.287766874447,9.9723072552236
265231.23226546,3844151.01700205,717.322485607604,L1_3,2834.5,469.15958707435,12.4687180677542
265231.23226546,3844151.01700205,717.322485607604,L1_3,2834.5,451.174998284247,15.083434692737
265231.23226546,3844151.01700205,717.322485607604,L1_3,2834.5,432.291180054639,17.6103862693117
265231.23226546,3844151.01700205,717.322485607604,L1_3,2834.5,412.463170913551,19.8544998812161
265231.23226546,3844151.01700205,717.322485607604,L1_3,2834.5,391.643761315409,21.6523550455188
265231.23226546,3844151.01700205,717.322485607604,L1_3,2834.5,369.783381237359,22.8875884421489
265231.23226546,3844151.01700205,717.322485607604,L1_3,2834.5,346.829982155407,23.5083120258001
265231.23226546,3844151.01700205,717.322485607604,L1_3,2834.5,322.754303339663,23.5421846143786
265231.23226546,3844151.01700205,717.322485607604,L1_3,2834.5,300.064105870122,23.1734548309565
265231.23226546,3844151.01700205,717.322485607604,L1_3,2834.5,276.239398527104,22.5892961544538
265231.23226546,3844151.01700205,717.322485607604,L1_3,2834.5,251.223455816935,21.8493708467841
265231.23226546,3844151.01700205,717.322485607604,L1_3,2834.5,224.956715971258,20.9873043455581
265231.23226546,3844151.01700205,717.322485607604,L1_3,2834.5,197.376639133297,20.0302110083064
265231.23226546,3844151.01700205,717.322485607604,L1_3,2834.5,168.417558453437,19.0088429034666
265231.23226546,3844151.01700205,717.322485607604,L1_3,2834.5,138.010523739585,17.9568736135535
265231.23226546,3844151.01700205,717.322485607604,L1_3,2834.5,,
265231.23226546,3844151.01700205,717.322485607604,L1_3,2834.5,,
265231.23226546,3844151.01700205,717.322485607604,L1_3,2834.5,,
265231.23226546,3844151.01700205,717.322485607604,L1_3,2834.5,,
265231.23226546,3844151.01700205,717.322485607604,L1_3,2834.5,,
265231.23226546,3844151.01700205,717.322485607604,L1_3,2834.5,,
265231.23226546,3844151.01700205,717.322485607604,L1_3,2834.5,,
265231.23226546,3844151.01700205,717.322485607604,L1_3,2834.5,,
265231.23226546,3844151.01700205,717.322485607604,L1_3,2834.5,,
265231.23226546,3844151.01700205,717.322485607604,L1_3,2834.5,,
265231.23226546,3844151.01700205,717.322485607604,L1_3,2834.5,,
265231.23226546,3844151.01700205,717.322485607604,L1_3,2834.5,,
265231.23226546,3844151.01700205,717.322485607604,L1_3,2834.5,,
265231.23226546,3844151.01700205,717.322485607604,L1_3,2834.5,,
265231.23226546,3844151.01700205,717.322485607604,L1_3,2834.5,,
265231.23226546,3844151.01700205,717.322485607604,L1_3,2834.5,,
265231.23226546,3844151.01700205,717.322485607604,L1_3,2834.5,,
265231.23226546,3844151.01700205,717.322485607604,L1_3,2834.5,,
265231.23226546,3844151.01700205,717.322485607604,L1_3,2834.5,,
265231.23226546,3844151.01700205,717.322485607604,L1_3,2834.5,,
265231.23226546,3844151.01700205,717.322485607604,L1_3,2834.5,,
265231.23226546,3844151.01700205,717.322485607604,L1_3,2834.5,,
265236.187413804,3844154.41005857,717.371771178618,L1_3,2840.5,717.371771178618,23.5277987947068
265236.187413804,3844154.41005857,717.371771178618,L1_3,2840.5,711.794630371732,20.4861781710987
265236.187413804,3844154.41005857,717.371771178618,L1_3,2840.5,705.938632524501,13.2405774971091
265236.187413804,3844154.41005857,717.371771178618,L1_3,2840.5,699.789834784908,7.31564196048359
265236.187413804,3844154.41005857,717.371771178618,L1_3,2840.5,693.333597158336,4.98704397978514
265236.187413804,3844154.41005857,717.371771178618,L1_3,2840.5,686.554547650435,5.62745320441155
265236.187413804,3844154.41005857,717.371771178618,L1_3,2840.5,679.436545667139,9.77911224646399
265236.187413804,3844154.41005857,717.371771178618,L1_3,2840.5,671.962643584679,18.7213055539969
265236.187413804,3844154.41005857,717.371771178618,L1_3,2840.5,664.115046398095,30.6923068762972
265236.187413804,3844154.41005857,717.371771178618,L1_3,2840.5,655.875069352182,39.734597525005
265236.187413804,3844154.41005857,717.371771178618,L1_3,2840.5,647.223093453974,41.4940670738784
265236.187413804,3844154.41005857,717.371771178618,L1_3,2840.5,638.138518760855,36.6194931123466
265236.187413804,3844154.41005857,717.371771178618,L1_3,2840.5,628.59971533308,28.4201470781089
265236.187413804,3844154.41005857,717.371771178618,L1_3,2840.5,618.583971733916,20.0369865347089
265236.187413804,3844154.41005857,717.371771178618,L1_3,2840.5,608.067440954794,13.2943222535545
265236.187413804,3844154.41005857,717.371771178618,L1_3,2840.5,597.025083636716,8.70672112298631
265236.187413804,3844154.41005857,717.371771178618,L1_3,2840.5,585.430608452735,5.98062236246518
265236.187413804,3844154.41005857,717.371771178618,L1_3,2840.5,573.256409509554,4.57681050186978
265236.187413804,3844154.41005857,717.371771178618,L1_3,2840.5,560.473500619214,4.0569154545553
265236.187413804,3844154.41005857,717.371771178618,L1_3,2840.5,547.051446284357,4.17773311453239
265236.187413804,3844154.41005857,717.371771178618,L1_3,2840.5,532.958289232757,4.84966532701494
265236.187413804,3844154.41005857,717.371771178618,L1_3,2840.5,518.160474328577,6.05658462979926
265236.187413804,3844154.41005857,717.371771178618,L1_3,2840.5,502.622768679189,7.77871973910613
265236.187413804,3844154.41005857,717.371771178618,L1_3,2840.5,486.30817774733,9.94214240112085
265236.187413804,3844154.41005857,717.371771178618,L1_3,2840.5,469.177857268879,12.4078329435188
265236.187413804,3844154.41005857,717.371771178618,L1_3,2840.5,451.191020766506,14.9910327494453
265236.187413804,3844154.41005857,717.371771178618,L1_3,2840.5,432.304842439013,17.4903846693059
265236.187413804,3844154.41005857,717.371771178618,L1_3,2840.5,412.474355195146,19.7140684769342
265236.187413804,3844154.41005857,717.371771178618,L1_3,2840.5,391.652343589086,21.500017467185
265236.187413804,3844154.41005857,717.371771178618,L1_3,2840.5,369.789231402723,22.7315171757066
265236.187413804,3844154.41005857,717.371771178618,L1_3,2840.5,346.832963607041,23.3552137362742
265236.187413804,3844154.41005857,717.371771178618,L1_3,2840.5,322.754303339663,23.3968156856606
265236.187413804,3844154.41005857,717.371771178618,L1_3,2840.5,300.064105870122,23.0374834673333
265236.187413804,3844154.41005857,717.371771178618,L1_3,2840.5,276.239398527104,22.4622506741062
265236.187413804,3844154.41005857,717.371771178618,L1_3,2840.5,251.223455816935,21.7308060380306
265236.187413804,3844154.41005857,717.371771178618,L1_3,2840.5,224.956715971258,20.8771226867768
265236.187413804,3844154.41005857,717.371771178618,L1_3,2840.5,197.376639133297,19.928660339059
265236.187413804,3844154.41005857,717.371771178618,L1_3,2840.5,168.417558453437,18.9163948063471
265236.187413804,3844154.41005857,717.371771178618,L1_3,2840.5,138.010523739585,17.8740459721654
265236.187413804,3844154.41005857,717.371771178618,L1_3,2840.5,,
265236.187413804,3844154.41005857,717.371771178618,L1_3,2840.5,,
265236.187413804,3844154.41005857,717.371771178618,L1_3,2840.5,,
265236.187413804,3844154.41005857,717.371771178618,L1_3,2840.5,,
265236.187413804,3844154.41005857,717.371771178618,L1_3,2840.5,,
265236.187413804,3844154.41005857,717.371771178618,L1_3,2840.5,,
265236.187413804,3844154.41005857,717.371771178618,L1_3,2840.5,,
265236.187413804,3844154.41005857,717.371771178618,L1_3,2840.5,,
265236.187413804,3844154.41005857,717.371771178618,L1_3,2840.5,,
265236.187413804,3844154.41005857,717.371771178618,L1_3,2840.5,,
265236.187413804,3844154.41005857,717.371771178618,L1_3,2840.5,,
265236.187413804,3844154.41005857,717.371771178618,L1_3,2840.5,,
265236.187413804,3844154.41005857,717.371771178618,L1_3,2840.5,,
265236.187413804,3844154.41005857,717.371771178618,L1_3,2840.5,,
265236.187413804,3844154.41005857,717.371771178618,L1_3,2840.5,,
265236.187413804,3844154.41005857,717.371771178618,L1_3,2840.5,,
265236.187413804,3844154.41005857,717.371771178618,L1_3,2840.5,,
265236.187413804,3844154.41005857,717.371771178618,L1_3,2840.5,,
265236.187413804,3844154.41005857,717.371771178618,L1_3,2840.5,,
265236.187413804,3844154.41005857,717.371771178618,L1_3,2840.5,,
265236.187413804,3844154.41005857,717.371771178618,L1_3,2840.5,,
265236.187413804,3844154.41005857,717.371771178618,L1_3,2840.5,,
265241.555491176,3844158.08586979,717.469806069178,L1_3,2847.0,717.469806069178,24.4765813340956
265241.555491176,3844158.08586979,717.469806069178,L1_3,2847.0,711.891278958488,21.4334747417134
265241.555491176,3844158.08586979,717.469806069178,L1_3,2847.0,706.033825492264,13.7010504874899
265241.555491176,3844158.08586979,717.469806069178,L1_3,2847.0,699.883499352728,7.36090653601553
265241.555491176,3844158.08586979,717.469806069178,L1_3,2847.0,693.425656906216,5.00412307445404
265241.555491176,3844158.08586979,717.469806069178,L1_3,2847.0,686.644922337378,5.76076907056848
265241.555491176,3844158.08586979,717.469806069178,L1_3,2847.0,679.525151040099,10.1095902166191
265241.555491176,3844158.08586979,717.469806069178,L1_3,2847.0,672.049391177955,19.1128823270715
265241.555491176,3844158.08586979,717.469806069178,L1_3,2847.0,664.199843322704,30.6115775023955
265241.555491176,3844158.08586979,717.469806069178,L1_3,2847.0,655.957818074691,38.7754919015658
265241.555491176,3844158.08586979,717.469806069178,L1_3,2847.0,647.303691564276,39.8910764217569
265241.555491176,3844158.08586979,717.469806069178,L1_3,2847.0,638.216858728342,34.9265449654408
265241.555491176,3844158.08586979,717.469806069178,L1_3,2847.0,628.67568425061,27.0424326779665
265241.555491176,3844158.08586979,717.469806069178,L1_3,2847.0,618.657451048992,19.1061135470594
265241.555491176,3844158.08586979,717.469806069178,L1_3,2847.0,608.138306187293,12.7548491448235
265241.555491176,3844158.08586979,717.469806069178,L1_3,2847.0,597.093204082509,8.43426683999306
265241.555491176,3844158.08586979,717.469806069178,L1_3,2847.0,585.495846872486,5.86133965069752
265241.555491176,3844158.08586979,717.469806069178,L1_3,2847.0,573.318621801961,4.53616137487161
265241.555491176,3844158.08586979,717.469806069178,L1_3,2847.0,560.532535477911,4.05478654143728
265241.555491176,3844158.08586979,717.469806069178,L1_3,2847.0,547.107144837658,4.19371100122279
265241.555491176,3844158.08586979,717.469806069178,L1_3,2847.0,533.010484665392,4.87115338969353
265241.555491176,3844158.08586979,717.469806069178,L1_3,2847.0,518.208991484513,6.07232911977367
265241.555491176,3844158.08586979,717.469806069178,L1_3,2847.0,502.66742364459,7.77718634477705
265241.555491176,3844158.08586979,717.469806069178,L1_3,2847.0,486.348777412671,9.91322877222926
265241.555491176,3844158.08586979,717.469806069178,L1_3,2847.0,469.214198869156,12.3454342330986
265241.555491176,3844158.08586979,717.469806069178,L1_3,2847.0,451.222891398465,14.8943994600619
265241.555491176,3844158.08586979,717.469806069178,L1_3,2847.0,432.33201855424,17.36377534537
265241.555491176,3844158.08586979,717.469806069178,L1_3,2847.0,412.496602067803,19.5652146437933
265241.555491176,3844158.08586979,717.469806069178,L1_3,2847.0,391.669414757045,21.3381224335676
265241.555491176,3844158.08586979,717.469806069178,L1_3,2847.0,369.800868080748,22.565430881459
265241.555491176,3844158.08586979,717.469806069178,L1_3,2847.0,346.838894070637,23.1922120668155
265241.555491176,3844158.08586979,717.469806069178,L1_3,2847.0,322.754303339663,23.2420580630504
265241.555491176,3844158.08586979,717.469806069178,L1_3,2847.0,300.064105870122,22.8928549195924
265241.555491176,3844158.08586979,717.469806069178,L1_3,2847.0,276.239398527104,22.3273550354618
265241.555491176,3844158.08586979,717.469806069178,L1_3,2847.0,251.223455816935,21.6052004334372
265241.555491176,3844158.08586979,717.469806069178,L1_3,2847.0,224.956715971258,20.760683254835
265241.555491176,3844158.08586979,717.469806069178,L1_3,2847.0,197.376639133297,19.8216070543662
265241.555491176,3844158.08586979,717.469806069178,L1_3,2847.0,168.417558453437,18.8191713368301
265241.555491176,3844158.08586979,717.469806069178,L1_3,2847.0,138.010523739585,17.7871393677886
265241.555491176,3844158.08586979,717.469806069178,L1_3,2847.0,,
265241.555491176,3844158.08586979,717.469806069178,L1_3,2847.0,,
265241.555491176,3844158.08586979,717.469806069178,L1_3,2847.0,,
265241.555491176,3844158.08586979,717.469806069178,L1_3,2847.0,,
265241.555491176,3844158.08586979,717.469806069178,L1_3,2847.0,,
265241.555491176,3844158.08586979,717.469806069178,L1_3,2847.0,,
265241.555491176,3844158.08586979,717.469806069178,L1_3,2847.0,,
265241.555491176,3844158.08586979,717.469806069178,L1_3,2847.0,,
265241.555491176,3844158.08586979,717.469806069178,L1_3,2847.0,,
265241.555491176,3844158.08586979,717.469806069178,L1_3,2847.0,,
265241.555491176,3844158.08586979,717.469806069178,L1_3,2847.0,,
265241.555491176,3844158.08586979,717.469806069178,L1_3,2847.0,,
265241.555491176,3844158.08586979,717.469806069178,L1_3,2847.0,,
265241.555491176,3844158.08586979,717.469806069178,L1_3,2847.0,,
265241.555491176,3844158.08586979,717.469806069178,L1_3,2847.0,,
265241.555491176,3844158.08586979,717.469806069178,L1_3,2847.0,,
265241.555491176,3844158.08586979,717.469806069178,L1_3,2847.0,,
265241.555491176,3844158.08586979,717.469806069178,L1_3,2847.0,,
265241.555491176,3844158.08586979,717.469806069178,L1_3,2847.0,,
265241.555491176,3844158.08586979,717.469806069178,L1_3,2847.0,,
265241.555491176,3844158.08586979,717.469806069178,L1_3,2847.0,,
265241.555491176,3844158.08586979,717.469806069178,L1_3,2847.0,,
265246.510639519,3844161.4789263,717.567840959737,L1_3,2853.0,717.567840959737,24.9124504546642
265246.510639519,3844161.4789263,717.567840959737,L1_3,2853.0,711.987927545244,21.5519177849335
265246.510639519,3844161.4789263,717.567840959737,L1_3,2853.0,706.129018460027,13.2763517574268
265246.510639519,3844161.4789263,717.567840959737,L1_3,2853.0,699.977163920548,6.91312672429018
265246.510639519,3844161.4789263,717.567840959737,L1_3,2853.0,693.517716654096,4.74845301863287
265246.510639519,3844161.4789263,717.567840959737,L1_3,2853.0,686.735297024321,5.64908261775247
265246.510639519,3844161.4789263,717.567840959737,L1_3,2853.0,679.613756413058,10.090826611646
265246.510639519,3844161.4789263,717.567840959737,L1_3,2853.0,672.136138771231,18.9574761846363
265246.510639519,3844161.4789263,717.567840959737,L1_3,2853.0,664.284640247313,29.8436001147699
265246.510639519,3844161.4789263,717.567840959737,L1_3,2853.0,656.040566797199,37.1994078012404
265246.510639519,3844161.4789263,717.567840959737,L1_3,2853.0,647.384289674579,37.8806507579529
265246.510639519,3844161.4789263,717.567840959737,L1_3,2853.0,638.295198695829,33.0224889611927
265246.510639519,3844161.4789263,717.567840959737,L1_3,2853.0,628.75165316814,25.5758855241274
265246.510639519,3844161.4789263,717.567840959737,L1_3,2853.0,618.730930364068,18.1463572589559
265246.510639519,3844161.4789263,717.567840959737,L1_3,2853.0,608.209171419792,12.2110173543331
265246.510639519,3844161.4789263,717.567840959737,L1_3,2853.0,597.161324528302,8.16599222867739
265246.510639519,3844161.4789263,717.567840959737,L1_3,2853.0,585.561085292237,5.7489119007736
265246.510639519,3844161.4789263,717.567840959737,L1_3,2853.0,573.380834094369,4.50324754539949
265246.510639519,3844161.4789263,717.567840959737,L1_3,2853.0,560.591570336608,4.06071355697718
265246.510639519,3844161.4789263,717.567840959737,L1_3,2853.0,547.162843390959,4.21771252632716
265246.510639519,3844161.4789263,717.567840959737,L1_3,2853.0,533.062680098027,4.90015702936852
265246.510639519,3844161.4789263,717.567840959737,L1_3,2853.0,518.257508640449,6.09444748796921
265246.510639519,3844161.4789263,717.567840959737,L1_3,2853.0,502.712078609992,7.78023201115842
265246.510639519,3844161.4789263,717.567840959737,L1_3,2853.0,486.389377078012,9.88660042439665
265246.510639519,3844161.4789263,717.567840959737,L1_3,2853.0,469.250540469433,12.2827813493593
265246.510639519,3844161.4789263,717.567840959737,L1_3,2853.0,451.254762030425,14.7950024250946
265246.510639519,3844161.4789263,717.567840959737,L1_3,2853.0,432.359194669466,17.2321735679365
265246.510639519,3844161.4789263,717.567840959737,L1_3,2853.0,412.51884894046,19.409616742263
265246.510639519,3844161.4789263,717.567840959737,L1_3,2853.0,391.686485925003,21.1683164703565
265246.510639519,3844161.4789263,717.567840959737,L1_3,2853.0,369.812504758774,22.3908612665626
265246.510639519,3844161.4789263,717.567840959737,L1_3,2853.0,346.844824534233,23.02068132723
265246.510639519,3844161.4789263,717.567840959737,L1_3,2853.0,322.754303339663,23.079124767183
265246.510639519,3844161.4789263,717.567840959737,L1_3,2853.0,300.064105870122,22.7406227084521
265246.510639519,3844161.4789263,717.567840959737,L1_3,2853.0,276.239398527104,22.1854980795346
265246.510639519,3844161.4789263,717.567840959737,L1_3,2853.0,251.223455816935,21.4732839131737
265246.510639519,3844161.4789263,717.567840959737,L1_3,2853.0,224.956715971258,20.6385742735818
265246.510639519,3844161.4789263,717.567840959737,L1_3,2853.0,197.376639133297,19.7095175074089
265246.510639519,3844161.4789263,717.567840959737,L1_3,2853.0,168.417558453437,18.7175360963907
265246.510639519,3844161.4789263,717.567840959737,L1_3,2853.0,138.010523739585,17.6964336815437
265246.510639519,3844161.4789263,717.567840959737,L1_3,2853.0,,
265246.510639519,3844161.4789263,717.567840959737,L1_3,2853.0,,
265246.510639519,3844161.4789263,717.567840959737,L1_3,2853.0,,
265246.510639519,3844161.4789263,717.567840959737,L1_3,2853.0,,
265246.510639519,3844161.4789263,717.567840959737,L1_3,2853.0,,
265246.510639519,3844161.4789263,717.567840959737,L1_3,2853.0,,
265246.510639519,3844161.4789263,717.567840959737,L1_3,2853.0,,
265246.510639519,3844161.4789263,717.567840959737,L1_3,2853.0,,
265246.510639519,3844161.4789263,717.567840959737,L1_3,2853.0,,
265246.510639519,3844161.4789263,717.567840959737,L1_3,2853.0,,
265246.510639519,3844161.4789263,717.567840959737,L1_3,2853.0,,
265246.510639519,3844161.4789263,717.567840959737,L1_3,2853.0,,
265246.510639519,3844161.4789263,717.567840959737,L1_3,2853.0,,
265246.510639519,3844161.4789263,717.567840959737,L1_3,2853.0,,
265246.510639519,3844161.4789263,717.567840959737,L1_3,2853.0,,
265246.510639519,3844161.4789263,717.567840959737,L1_3,2853.0,,
265246.510639519,3844161.4789263,717.567840959737,L1_3,2853.0,,
265246.510639519,3844161.4789263,717.567840959737,L1_3,2853.0,,
265246.510639519,3844161.4789263,717.567840959737,L1_3,2853.0,,
265246.510639519,3844161.4789263,717.567840959737,L1_3,2853.0,,
265246.510639519,3844161.4789263,717.567840959737,L1_3,2853.0,,
265246.510639519,3844161.4789263,717.567840959737,L1_3,2853.0,,
265251.878716891,3844165.15473752,717.665875850296,L1_3,2859.5,717.665875850296,25.8675959382913
265251.878716891,3844165.15473752,717.665875850296,L1_3,2859.5,712.084576132,21.1018860276188
265251.878716891,3844165.15473752,717.665875850296,L1_3,2859.5,706.22421142779,11.9617448694542
265251.878716891,3844165.15473752,717.665875850296,L1_3,2859.5,700.070828488369,6.12896057438686
265251.878716891,3844165.15473752,717.665875850296,L1_3,2859.5,693.609776401976,4.34526373888098
265251.878716891,3844165.15473752,717.665875850296,L1_3,2859.5,686.825671711265,5.36555860929519
265251.878716891,3844165.15473752,717.665875850296,L1_3,2859.5,679.702361786017,9.71652299400816
265251.878716891,3844165.15473752,717.665875850296,L1_3,2859.5,672.222886364507,18.131431192316
265251.878716891,3844165.15473752,717.665875850296,L1_3,2859.5,664.369437171922,28.1867303646539
265251.878716891,3844165.15473752,717.665875850296,L1_3,2859.5,656.123315519708,34.8166876803224
265251.878716891,3844165.15473752,717.665875850296,L1_3,2859.5,647.464887784882,35.3317167435458
265251.878716891,3844165.15473752,717.665875850296,L1_3,2859.5,638.373538663316,30.8328420892521
265251.878716891,3844165.15473752,717.665875850296,L1_3,2859.5,628.827622085671,23.9840828452504
265251.878716891,3844165.15473752,717.665875850296,L1_3,2859.5,618.804409679144,17.1418641153351
265251.878716891,3844165.15473752,717.665875850296,L1_3,2859.5,608.28003665229,11.6562782235744
265251.878716891,3844165.15473752,717.665875850296,L1_3,2859.5,597.229444974094,7.89911755808986
265251.878716891,3844165.15473752,717.665875850296,L1_3,2859.5,585.626323711988,5.64211119225959
265251.878716891,3844165.15473752,717.665875850296,L1_3,2859.5,573.443046386777,4.47756412047697
265251.878716891,3844165.15473752,717.665875850296,L1_3,2859.5,560.650605195305,4.07456184194703
265251.878716891,3844165.15473752,717.665875850296,L1_3,2859.5,547.21854194426,4.24979277984594
265251.878716891,3844165.15473752,717.665875850296,L1_3,2859.5,533.114875530662,4.93683258572103
265251.878716891,3844165.15473752,717.665875850296,L1_3,2859.5,518.306025796385,6.12317386773749
265251.878716891,3844165.15473752,717.665875850296,L1_3,2859.5,502.756733575393,7.78818304028115
265251.878716891,3844165.15473752,717.665875850296,L1_3,2859.5,486.429976743352,9.86269585556025
265251.878716891,3844165.15473752,717.665875850296,L1_3,2859.5,469.286882069709,12.2204267670721
265251.878716891,3844165.15473752,717.665875850296,L1_3,2859.5,451.286632662384,14.6934858557503
265251.878716891,3844165.15473752,717.665875850296,L1_3,2859.5,432.386370784693,17.0962754431177
265251.878716891,3844165.15473752,717.665875850296,L1_3,2859.5,412.541095813117,19.2479718000718
265251.878716891,3844165.15473752,717.665875850296,L1_3,2859.5,391.703557092962,20.9912537318275
265251.878716891,3844165.15473752,717.665875850296,L1_3,2859.5,369.824141436799,22.2084013772758
265251.878716891,3844165.15473752,717.665875850296,L1_3,2859.5,346.850754997829,22.8411581057146
265251.878716891,3844165.15473752,717.665875850296,L1_3,2859.5,322.754303339663,22.9085165973175
265251.878716891,3844165.15473752,717.665875850296,L1_3,2859.5,300.064105870122,22.5812508700953
265251.878716891,3844165.15473752,717.665875850296,L1_3,2859.5,276.239398527104,22.0370856051744
265251.878716891,3844165.15473752,717.665875850296,L1_3,2859.5,251.223455816935,21.3353999806196
265251.878716891,3844165.15473752,717.665875850296,L1_3,2859.5,224.956715971258,20.511080606265
265251.878716891,3844165.15473752,717.665875850296,L1_3,2859.5,197.376639133297,19.592620826233
265251.878716891,3844165.15473752,717.665875850296,L1_3,2859.5,168.417558453437,18.611671391223
265251.878716891,3844165.15473752,717.665875850296,L1_3,2859.5,138.010523739585,17.6020716221106
265251.878716891,3844165.15473752,717.665875850296,L1_3,2859.5,,
265251.878716891,3844165.15473752,717.665875850296,L1_3,2859.5,,
265251.878716891,3844165.15473752,717.665875850296,L1_3,2859.5,,
265251.878716891,3844165.15473752,717.665875850296,L1_3,2859.5,,
265251.878716891,3844165.15473752,717.665875850296,L1_3,2859.5,,
265251.878716891,3844165.15473752,717.665875850296,L1_3,2859.5,,
265251.878716891,3844165.15473752,717.665875850296,L1_3,2859.5,,
265251.878716891,3844165.15473752,717.665875850296,L1_3,2859.5,,
265251.878716891,3844165.15473752,717.665875850296,L1_3,2859.5,,
265251.878716891,3844165.15473752,717.665875850296,L1_3,2859.5,,
265251.878716891,3844165.15473752,717.665875850296,L1_3,2859.5,,
265251.878716891,3844165.15473752,717.665875850296,L1_3,2859.5,,
265251.878716891,3844165.15473752,717.665875850296,L1_3,2859.5,,
265251.878716891,3844165.15473752,717.665875850296,L1_3,2859.5,,
265251.878716891,3844165.15473752,717.665875850296,L1_3,2859.5,,
265251.878716891,3844165.15473752,717.665875850296,L1_3,2859.5,,
265251.878716891,3844165.15473752,717.665875850296,L1_3,2859.5,,
265251.878716891,3844165.15473752,717.665875850296,L1_3,2859.5,,
265251.878716891,3844165.15473752,717.665875850296,L1_3,2859.5,,
265251.878716891,3844165.15473752,717.665875850296,L1_3,2859.5,,
265251.878716891,3844165.15473752,717.665875850296,L1_3,2859.5,,
265251.878716891,3844165.15473752,717.665875850296,L1_3,2859.5,,
265256.833865234,3844168.54779404,717.714920550538,L1_3,2865.5,717.714920550538,27.2518313290456
265256.833865234,3844168.54779404,717.714920550538,L1_3,2865.5,712.13292729493,21.1295773529302
265256.833865234,3844168.54779404,717.714920550538,L1_3,2865.5,706.271834376542,11.2382364043539
265256.833865234,3844168.54779404,717.714920550538,L1_3,2865.5,700.117686812235,5.72558966871091
265256.833865234,3844168.54779404,717.714920550538,L1_3,2865.5,693.655831869712,4.13703897852663
265256.833865234,3844168.54779404,717.714920550538,L1_3,2865.5,686.870884180063,5.19475987155295
265256.833865234,3844168.54779404,717.714920550538,L1_3,2865.5,679.746689105932,9.44312805275925
265256.833865234,3844168.54779404,717.714920550538,L1_3,2865.5,672.266284278094,17.5479751224073
265256.833865234,3844168.54779404,717.714920550538,L1_3,2865.5,664.411859208864,27.1439906036622
265256.833865234,3844168.54779404,717.714920550538,L1_3,2865.5,656.164712886172,33.4487806464777
265256.833865234,3844168.54779404,717.714920550538,L1_3,2865.5,647.505209247346,33.9552989111457
265256.833865234,3844168.54779404,717.714920550538,L1_3,2865.5,638.412730426579,29.695728661781
265256.833865234,3844168.54779404,717.714920550538,L1_3,2865.5,628.865627664774,23.1773112311614
265256.833865234,3844168.54779404,717.714920550538,L1_3,2865.5,618.841169764878,16.6402390054429
265256.833865234,3844168.54779404,717.714920550538,L1_3,2865.5,608.315488969987,11.3818307457242
265256.833865234,3844168.54779404,717.714920550538,L1_3,2865.5,597.263524135352,7.76829820525704
265256.833865234,3844168.54779404,717.714920550538,L1_3,2865.5,585.658961058985,5.59094657919625
265256.833865234,3844168.54779404,717.714920550538,L1_3,2865.5,573.474169828799,4.4669037370983
265256.833865234,3844168.54779404,717.714920550538,L1_3,2865.5,560.680139037105,4.08375976165738
265256.833865234,3844168.54779404,717.714920550538,L1_3,2865.5,547.246406705825,4.26816904425902
265256.833865234,3844168.54779404,717.714920550538,L1_3,2865.5,533.140987757982,4.95744759379003
265256.833865234,3844168.54779404,717.714920550538,L1_3,2865.5,518.330297862747,6.13961249907603
265256.833865234,3844168.54779404,717.714920550538,L1_3,2865.5,502.779073472749,7.79392241155389
265256.833865234,3844168.54779404,717.714920550538,L1_3,2865.5,486.450287863252,9.85214224018856
265256.833865234,3844168.54779404,717.714920550538,L1_3,2865.5,469.30506297328,12.190274453346
265256.833865234,3844168.54779404,717.714920550538,L1_3,2865.5,451.30257683881,14.6433962862387
265256.833865234,3844168.54779404,717.714920550538,L1_3,2865.5,432.399966397616,17.0286712184609
265256.833865234,3844168.54779404,717.714920550538,L1_3,2865.5,412.552225434362,19.1672133322839
265256.833865234,3844168.54779404,717.714920550538,L1_3,2865.5,391.712097422946,20.9025602688458
265256.833865234,3844168.54779404,717.714920550538,L1_3,2865.5,369.829963010958,22.1168438530222
265256.833865234,3844168.54779404,717.714920550538,L1_3,2865.5,346.853721878372,22.7509635806625
265256.833865234,3844168.54779404,717.714920550538,L1_3,2865.5,322.754303339663,22.8227277095123
265256.833865234,3844168.54779404,717.714920550538,L1_3,2865.5,300.064105870122,22.5010571707587
265256.833865234,3844168.54779404,717.714920550538,L1_3,2865.5,276.239398527104,21.9623579963065
265256.833865234,3844168.54779404,717.714920550538,L1_3,2865.5,251.223455816935,21.2659312831945
265256.833865234,3844168.54779404,717.714920550538,L1_3,2865.5,224.956715971258,20.4468105731325
265256.833865234,3844168.54779404,717.714920550538,L1_3,2865.5,197.376639133297,19.5336625838276
265256.833865234,3844168.54779404,717.714920550538,L1_3,2865.5,168.417558453437,18.5582545587454
265256.833865234,3844168.54779404,717.714920550538,L1_3,2865.5,138.010523739585,17.5544430719152
265256.833865234,3844168.54779404,717.714920550538,L1_3,2865.5,,
265256.833865234,3844168.54779404,717.714920550538,L1_3,2865.5,,
265256.833865234,3844168.54779404,717.714920550538,L1_3,2865.5,,
265256.833865234,3844168.54779404,717.714920550538,L1_3,2865.5,,
265256.833865234,3844168.54779404,717.714920550538,L1_3,2865.5,,
265256.833865234,3844168.54779404,717.714920550538,L1_3,2865.5,,
265256.833865234,3844168.54779404,717.714920550538,L1_3,2865.5,,
265256.833865234,3844168.54779404,717.714920550538,L1_3,2865.5,,
265256.833865234,3844168.54779404,717.714920550538,L1_3,2865.5,,
265256.833865234,3844168.54779404,717.714920550538,L1_3,2865.5,,
265256.833865234,3844168.54779404,717.714920550538,L1_3,2865.5,,
265256.833865234,3844168.54779404,717.714920550538,L1_3,2865.5,,
265256.833865234,3844168.54779404,717.714920550538,L1_3,2865.5,,
265256.833865234,3844168.54779404,717.714920550538,L1_3,2865.5,,
265256.833865234,3844168.54779404,717.714920550538,L1_3,2865.5,,
265256.833865234,3844168.54779404,717.714920550538,L1_3,2865.5,,
265256.833865234,3844168.54779404,717.714920550538,L1_3,2865.5,,
265256.833865234,3844168.54779404,717.714920550538,L1_3,2865.5,,
265256.833865234,3844168.54779404,717.714920550538,L1_3,2865.5,,
265256.833865234,3844168.54779404,717.714920550538,L1_3,2865.5,,
265256.833865234,3844168.54779404,717.714920550538,L1_3,2865.5,,
265256.833865234,3844168.54779404,717.714920550538,L1_3,2865.5,,
