X,Y,Z,LINE,STN_CORR,Elev_trim,Res_trim
264098.066614826,3842688.4447801,665.524695754295,L3_1,134.5,665.524695754295,19.480548541409
264098.066614826,3842688.4447801,665.524695754295,L3_1,134.5,660.524695754295,19.9164885599783
264098.066614826,3842688.4447801,665.524695754295,L3_1,134.5,655.274695754295,19.1398206994555
264098.066614826,3842688.4447801,665.524695754295,L3_1,134.5,649.762195754295,15.7669559578787
264098.066614826,3842688.4447801,665.524695754295,L3_1,134.5,643.974070754295,11.5414120656329
264098.066614826,3842688.4447801,665.524695754295,L3_1,134.5,637.896539504295,7.86502510191311
264098.066614826,3842688.4447801,665.524695754295,L3_1,134.5,631.515131691795,5.26998394725352
264098.066614826,3842688.4447801,665.524695754295,L3_1,134.5,624.81465348867,3.69028778884055
264098.066614826,3842688.4447801,665.524695754295,L3_1,134.5,617.779151375389,2.84855712895687
264098.066614826,3842688.4447801,665.524695754295,L3_1,134.5,610.391874156443,2.49734306944149
264098.066614826,3842688.4447801,665.524695754295,L3_1,134.5,602.635233076551,2.48780655744718
264098.066614826,3842688.4447801,665.524695754295,L3_1,134.5,594.490759942664,2.75186122312941
264098.066614826,3842688.4447801,665.524695754295,L3_1,134.5,585.939063152082,3.26507928355007
264098.066614826,3842688.4447801,665.524695754295,L3_1,134.5,576.959781521971,4.01533034345874
264098.066614826,3842688.4447801,665.524695754295,L3_1,134.5,567.531535810355,4.98314941641697
264098.066614826,3842688.4447801,665.524695754295,L3_1,134.5,557.631877813158,6.13407600353331
264098.066614826,3842688.4447801,665.524695754295,L3_1,134.5,547.237236916101,7.41984644333194
264098.066614826,3842688.4447801,665.524695754295,L3_1,134.5,536.322863974192,8.78372165219994
264098.066614826,3842688.4447801,665.524695754295,L3_1,134.5,524.862772385186,10.1663446240656
264098.066614826,3842688.4447801,665.524695754295,L3_1,134.5,512.829676216731,11.5105570931124
264098.066614826,3842688.4447801,665.524695754295,L3_1,134.5,500.194925239853,12.7648998130626
264098.066614826,3842688.4447801,665.524695754295,L3_1,134.5,486.928436714131,13.8859932650954
264098.066614826,3842688.4447801,665.524695754295,L3_1,134.5,472.998623762123,14.840041580148
264098.066614826,3842688.4447801,665.524695754295,L3_1,134.5,458.372320162514,15.6036271890979
264098.066614826,3842688.4447801,665.524695754295,L3_1,134.5,443.014701382925,16.163919039351
264098.066614826,3842688.4447801,665.524695754295,L3_1,134.5,426.889201664356,16.5183457913507
264098.066614826,3842688.4447801,665.524695754295,L3_1,134.5,409.957426959859,16.6737687957857
264098.066614826,3842688.4447801,665.524695754295,L3_1,134.5,392.179063520138,16.6451702390837
264098.066614826,3842688.4447801,665.524695754295,L3_1,134.5,373.51178190843,16.4539265960243
264098.066614826,3842688.4447801,665.524695754295,L3_1,134.5,353.911136216137,16.1258212785175
264098.066614826,3842688.4447801,665.524695754295,L3_1,134.5,333.330458239229,15.6889692186424
264098.066614826,3842688.4447801,665.524695754295,L3_1,134.5,311.720746363475,15.1718623199736
264098.066614826,3842688.4447801,665.524695754295,L3_1,134.5,289.030548893934,14.6019833839217
264098.066614826,3842688.4447801,665.524695754295,L3_1,134.5,265.205841550916,14.0039890418772
264098.066614826,3842688.4447801,665.524695754295,L3_1,134.5,240.189898840747,13.3985784859734
264098.066614826,3842688.4447801,665.524695754295,L3_1,134.5,213.92315899507,12.8026042465023
264098.066614826,3842688.4447801,665.524695754295,L3_1,134.5,186.343082157109,12.2291034865446
264098.066614826,3842688.4447801,665.524695754295,L3_1,134.5,157.384001477249,11.687561858103
264098.066614826,3842688.4447801,665.524695754295,L3_1,134.5,126.976966763397,11.184322263003
264098.066614826,3842688.4447801,665.524695754295,L3_1,134.5,95.049580313852,10.7230674940958
264098.066614826,3842688.4447801,665.524695754295,L3_1,134.5,,
264098.066614826,3842688.4447801,665.524695754295,L3_1,134.5,,
264098.066614826,3842688.4447801,665.524695754295,L3_1,134.5,,
264098.066614826,3842688.4447801,665.524695754295,L3_1,134.5,,
264098.066614826,3842688.4447801,665.524695754295,L3_1,134.5,,
264098.066614826,3842688.4447801,665.524695754295,L3_1,134.5,,
264098.066614826,3842688.4447801,665.524695754295,L3_1,134.5,,
264098.066614826,3842688.4447801,665.524695754295,L3_1,134.5,,
264098.066614826,3842688.4447801,665.524695754295,L3_1,134.5,,
264098.066614826,3842688.4447801,665.524695754295,L3_1,134.5,,
264098.066614826,3842688.4447801,665.524695754295,L3_1,134.5,,
264098.066614826,3842688.4447801,665.524695754295,L3_1,134.5,,
264098.066614826,3842688.4447801,665.524695754295,L3_1,134.5,,
264098.066614826,3842688.4447801,665.524695754295,L3_1,134.5,,
264098.066614826,3842688.4447801,665.524695754295,L3_1,134.5,,
264098.066614826,3842688.4447801,665.524695754295,L3_1,134.5,,
264098.066614826,3842688.4447801,665.524695754295,L3_1,134.5,,
264098.066614826,3842688.4447801,665.524695754295,L3_1,134.5,,
264098.066614826,3842688.4447801,665.524695754295,L3_1,134.5,,
264098.066614826,3842688.4447801,665.524695754295,L3_1,134.5,,
264098.066614826,3842688.4447801,665.524695754295,L3_1,134.5,,
264103.02047498,3842691.8385132,665.977125922663,L3_1,140.5,665.977125922663,20.9166599938522
264103.02047498,3842691.8385132,665.977125922663,L3_1,140.5,660.970728142654,21.0288735451984
264103.02047498,3842691.8385132,665.977125922663,L3_1,140.5,655.714010473644,19.7079241450051
264103.02047498,3842691.8385132,665.977125922663,L3_1,140.5,650.194456921184,16.0438145673666
264103.02047498,3842691.8385132,665.977125922663,L3_1,140.5,644.398925691101,11.6723912695609
264103.02047498,3842691.8385132,665.977125922663,L3_1,140.5,638.313617899514,7.90693283406252
264103.02047498,3842691.8385132,665.977125922663,L3_1,140.5,631.924044718347,5.2560568591622
264103.02047498,3842691.8385132,665.977125922663,L3_1,140.5,625.214992878122,3.64615838643754
264103.02047498,3842691.8385132,665.977125922663,L3_1,140.5,618.170488445886,2.79166296653239
264103.02047498,3842691.8385132,665.977125922663,L3_1,140.5,610.773758792038,2.4371648657582
264103.02047498,3842691.8385132,665.977125922663,L3_1,140.5,603.007192655497,2.42960512938651
264103.02047498,3842691.8385132,665.977125922663,L3_1,140.5,594.85229821213,2.70067236038474
264103.02047498,3842691.8385132,665.977125922663,L3_1,140.5,586.289659046594,3.22795665867622
264103.02047498,3842691.8385132,665.977125922663,L3_1,140.5,577.298887922781,4.00134644814508
264103.02047498,3842691.8385132,665.977125922663,L3_1,140.5,567.858578242778,5.00167369845426
264103.02047498,3842691.8385132,665.977125922663,L3_1,140.5,557.946253078775,6.19254691590543
264103.02047498,3842691.8385132,665.977125922663,L3_1,140.5,547.538311656571,7.52215916258859
264103.02047498,3842691.8385132,665.977125922663,L3_1,140.5,536.609973163257,8.92966274349764
264103.02047498,3842691.8385132,665.977125922663,L3_1,140.5,525.135217745278,10.3519242555053
264103.02047498,3842691.8385132,665.977125922663,L3_1,140.5,513.086724556399,11.728904222202
264103.02047498,3842691.8385132,665.977125922663,L3_1,140.5,500.435806708077,13.0074071886176
264103.02047498,3842691.8385132,665.977125922663,L3_1,140.5,487.152342967338,14.1434531362709
264103.02047498,3842691.8385132,665.977125922663,L3_1,140.5,473.204706039563,15.1035875669099
264103.02047498,3842691.8385132,665.977125922663,L3_1,140.5,458.559687265399,15.8653926675271
264103.02047498,3842691.8385132,665.977125922663,L3_1,140.5,443.182417552526,16.4174003897038
264103.02047498,3842691.8385132,665.977125922663,L3_1,140.5,427.03628435401,16.7585263277912
264103.02047498,3842691.8385132,665.977125922663,L3_1,140.5,410.082844495569,16.8970735086397
264103.02047498,3842691.8385132,665.977125922663,L3_1,140.5,392.281732644205,16.8493204664861
264103.02047498,3842691.8385132,665.977125922663,L3_1,140.5,373.590565200273,16.6377502967436
264103.02047498,3842691.8385132,665.977125922663,L3_1,140.5,353.964839384144,16.2890507749702
264103.02047498,3842691.8385132,665.977125922663,L3_1,140.5,333.357827277209,15.8320467061836
264103.02047498,3842691.8385132,665.977125922663,L3_1,140.5,311.720746363475,15.2957521875735
264103.02047498,3842691.8385132,665.977125922663,L3_1,140.5,289.030548893934,14.7081636230216
264103.02047498,3842691.8385132,665.977125922663,L3_1,140.5,265.205841550916,14.0942449493406
264103.02047498,3842691.8385132,665.977125922663,L3_1,140.5,240.189898840747,13.4746973892901
264103.02047498,3842691.8385132,665.977125922663,L3_1,140.5,213.92315899507,12.8663167513009
264103.02047498,3842691.8385132,665.977125922663,L3_1,140.5,186.343082157109,12.2820372164038
264103.02047498,3842691.8385132,665.977125922663,L3_1,140.5,157.384001477249,11.731214152522
264103.02047498,3842691.8385132,665.977125922663,L3_1,140.5,126.976966763397,11.2200478259108
264103.02047498,3842691.8385132,665.977125922663,L3_1,140.5,95.049580313852,10.7520759682214
264103.02047498,3842691.8385132,665.977125922663,L3_1,140.5,,
264103.02047498,3842691.8385132,665.977125922663,L3_1,140.5,,
264103.02047498,3842691.8385132,665.977125922663,L3_1,140.5,,
264103.02047498,3842691.8385132,665.977125922663,L3_1,140.5,,
264103.02047498,3842691.8385132,665.977125922663,L3_1,140.5,,
264103.02047498,3842691.8385132,665.977125922663,L3_1,140.5,,
264103.02047498,3842691.8385132,665.977125922663,L3_1,140.5,,
264103.02047498,3842691.8385132,665.977125922663,L3_1,140.5,,
264103.02047498,3842691.8385132,665.977125922663,L3_1,140.5,,
264103.02047498,3842691.8385132,665.977125922663,L3_1,140.5,,
264103.02047498,3842691.8385132,665.977125922663,L3_1,140.5,,
264103.02047498,3842691.8385132,665.977125922663,L3_1,140.5,,
264103.02047498,3842691.8385132,665.977125922663,L3_1,140.5,,
264103.02047498,3842691.8385132,665.977125922663,L3_1,140.5,,
264103.02047498,3842691.8385132,665.977125922663,L3_1,140.5,,
264103.02047498,3842691.8385132,665.977125922663,L3_1,140.5,,
264103.02047498,3842691.8385132,665.977125922663,L3_1,140.5,,
264103.02047498,3842691.8385132,665.977125922663,L3_1,140.5,,
264103.02047498,3842691.8385132,665.977125922663,L3_1,140.5,,
264103.02047498,3842691.8385132,665.977125922663,L3_1,140.5,,
264103.02047498,3842691.8385132,665.977125922663,L3_1,140.5,,
264108.387156813,3842695.51505739,666.882583113287,L3_1,147.0,666.882583113287,23.4003335506165
264108.387156813,3842695.51505739,666.882583113287,L3_1,147.0,661.863381333195,22.9610649408689
264108.387156813,3842695.51505739,666.882583113287,L3_1,147.0,656.593219464098,20.7117681775575
264108.387156813,3842695.51505739,666.882583113287,L3_1,147.0,651.059549501546,16.5180791782692
264108.387156813,3842695.51505739,666.882583113287,L3_1,147.0,645.249196040867,11.8756888888277
264108.387156813,3842695.51505739,666.882583113287,L3_1,147.0,639.148324907154,7.95038564495914
264108.387156813,3842695.51505739,666.882583113287,L3_1,147.0,632.742410216755,5.20404421418621
264108.387156813,3842695.51505739,666.882583113287,L3_1,147.0,626.016199791836,3.54385090292861
264108.387156813,3842695.51505739,666.882583113287,L3_1,147.0,618.953678845672,2.66838650057829
264108.387156813,3842695.51505739,666.882583113287,L3_1,147.0,611.538031852199,2.30839229679148
264108.387156813,3842695.51505739,666.882583113287,L3_1,147.0,603.751602509052,2.30380194258729
264108.387156813,3842695.51505739,666.882583113287,L3_1,147.0,595.575851698748,2.58689876597953
264108.387156813,3842695.51505739,666.882583113287,L3_1,147.0,586.991313347929,3.14050551707215
264108.387156813,3842695.51505739,666.882583113287,L3_1,147.0,577.977548079569,3.95978405059711
264108.387156813,3842695.51505739,666.882583113287,L3_1,147.0,568.513094547791,5.02680038228854
264108.387156813,3842695.51505739,666.882583113287,L3_1,147.0,558.575418339424,6.30098217817708
264108.387156813,3842695.51505739,666.882583113287,L3_1,147.0,548.140858320638,7.72247234656543
264108.387156813,3842695.51505739,666.882583113287,L3_1,147.0,537.184570300914,9.22121009300699
264108.387156813,3842695.51505739,666.882583113287,L3_1,147.0,525.680467880203,10.7258798964391
264108.387156813,3842695.51505739,666.882583113287,L3_1,147.0,513.601160338456,12.1704721508208
264108.387156813,3842695.51505739,666.882583113287,L3_1,147.0,500.917887419623,13.4983998517396
264108.387156813,3842695.51505739,666.882583113287,L3_1,147.0,487.600450854847,14.6646946695845
264108.387156813,3842695.51505739,666.882583113287,L3_1,147.0,473.617142461833,15.6368212394842
264108.387156813,3842695.51505739,666.882583113287,L3_1,147.0,458.934668649168,16.3945662870838
264108.387156813,3842695.51505739,666.882583113287,L3_1,147.0,443.51807114587,16.9293454418115
264108.387156813,3842695.51505739,666.882583113287,L3_1,147.0,427.330643767407,17.2431574425282
264108.387156813,3842695.51505739,666.882583113287,L3_1,147.0,410.333845020021,17.347255510566
264108.387156813,3842695.51505739,666.882583113287,L3_1,147.0,392.487206335265,17.260548075721
264108.387156813,3842695.51505739,666.882583113287,L3_1,147.0,373.748235716272,17.0077484101249
264108.387156813,3842695.51505739,666.882583113287,L3_1,147.0,354.072316566329,16.6173581536919
264108.387156813,3842695.51505739,666.882583113287,L3_1,147.0,333.412601458889,16.119622193867
264108.387156813,3842695.51505739,666.882583113287,L3_1,147.0,311.720746363475,15.5445951967495
264108.387156813,3842695.51505739,666.882583113287,L3_1,147.0,289.030548893934,14.9213052016013
264108.387156813,3842695.51505739,666.882583113287,L3_1,147.0,265.205841550916,14.2753270759697
264108.387156813,3842695.51505739,666.882583113287,L3_1,147.0,240.189898840747,13.6273495247506
264108.387156813,3842695.51505739,666.882583113287,L3_1,147.0,213.92315899507,12.9940419440777
264108.387156813,3842695.51505739,666.882583113287,L3_1,147.0,186.343082157109,12.3881213329424
264108.387156813,3842695.51505739,666.882583113287,L3_1,147.0,157.384001477249,11.8186737265797
264108.387156813,3842695.51505739,666.882583113287,L3_1,147.0,126.976966763397,11.2916082031672
264108.387156813,3842695.51505739,666.882583113287,L3_1,147.0,95.049580313852,10.8101683567092
264108.387156813,3842695.51505739,666.882583113287,L3_1,147.0,,
264108.387156813,3842695.51505739,666.882583113287,L3_1,147.0,,
264108.387156813,3842695.51505739,666.882583113287,L3_1,147.0,,
264108.387156813,3842695.51505739,666.882583113287,L3_1,147.0,,
264108.387156813,3842695.51505739,666.882583113287,L3_1,147.0,,
264108.387156813,3842695.51505739,666.882583113287,L3_1,147.0,,
264108.387156813,3842695.51505739,666.882583113287,L3_1,147.0,,
264108.387156813,3842695.51505739,666.882583113287,L3_1,147.0,,
264108.387156813,3842695.51505739,666.882583113287,L3_1,147.0,,
264108.387156813,3842695.51505739,666.882583113287,L3_1,147.0,,
264108.387156813,3842695.51505739,666.882583113287,L3_1,147.0,,
264108.387156813,3842695.51505739,666.882583113287,L3_1,147.0,,
264108.387156813,3842695.51505739,666.882583113287,L3_1,147.0,,
264108.387156813,3842695.51505739,666.882583113287,L3_1,147.0,,
264108.387156813,3842695.51505739,666.882583113287,L3_1,147.0,,
264108.387156813,3842695.51505739,666.882583113287,L3_1,147.0,,
264108.387156813,3842695.51505739,666.882583113287,L3_1,147.0,,
264108.387156813,3842695.51505739,666.882583113287,L3_1,147.0,,
264108.387156813,3842695.51505739,666.882583113287,L3_1,147.0,,
264108.387156813,3842695.51505739,666.882583113287,L3_1,147.0,,
264108.387156813,3842695.51505739,666.882583113287,L3_1,147.0,,
264113.341562793,3842698.90877901,667.788040303911,L3_1,153.0,667.788040303911,26.0182137434445
264113.341562793,3842698.90877901,667.788040303911,L3_1,153.0,662.756034523736,25.0828632283268
264113.341562793,3842698.90877901,667.788040303911,L3_1,153.0,657.472428454552,22.1156757285351
264113.341562793,3842698.90877901,667.788040303911,L3_1,153.0,651.924642081909,17.5182769273763
264113.341562793,3842698.90877901,667.788040303911,L3_1,153.0,646.099466390633,12.5294997437053
264113.341562793,3842698.90877901,667.788040303911,L3_1,153.0,639.983031914794,8.29803422336338
264113.341562793,3842698.90877901,667.788040303911,L3_1,153.0,633.560775715163,5.32991240612321
264113.341562793,3842698.90877901,667.788040303911,L3_1,153.0,626.817406705551,3.53734449177446
264113.341562793,3842698.90877901,667.788040303911,L3_1,153.0,619.736869245457,2.59481594890486
264113.341562793,3842698.90877901,667.788040303911,L3_1,153.0,612.30230491236,2.20422680541964
264113.341562793,3842698.90877901,667.788040303911,L3_1,153.0,604.496012362607,2.18733278456316
264113.341562793,3842698.90877901,667.788040303911,L3_1,153.0,596.299405185366,2.47118982779382
264113.341562793,3842698.90877901,667.788040303911,L3_1,153.0,587.692967649264,3.04209380588986
264113.341562793,3842698.90877901,667.788040303911,L3_1,153.0,578.656208236356,3.90103216973729
264113.341562793,3842698.90877901,667.788040303911,L3_1,153.0,569.167610852803,5.03218663556475
264113.341562793,3842698.90877901,667.788040303911,L3_1,153.0,559.204583600073,6.39064589712604
264113.341562793,3842698.90877901,667.788040303911,L3_1,153.0,548.743404984706,7.90728420638724
264113.341562793,3842698.90877901,667.788040303911,L3_1,153.0,537.75916743857,9.50134144281496
264113.341562793,3842698.90877901,667.788040303911,L3_1,153.0,526.225718015128,11.0922212944976
264113.341562793,3842698.90877901,667.788040303911,L3_1,153.0,514.115596120513,12.6074101263052
264113.341562793,3842698.90877901,667.788040303911,L3_1,153.0,501.399968131168,13.9868301629777
264113.341562793,3842698.90877901,667.788040303911,L3_1,153.0,488.048558742356,15.1846626276313
264113.341562793,3842698.90877901,667.788040303911,L3_1,153.0,474.029578884103,16.1695140201996
264113.341562793,3842698.90877901,667.788040303911,L3_1,153.0,459.309650032937,16.9235862563537
264113.341562793,3842698.90877901,667.788040303911,L3_1,153.0,443.853724739213,17.4413370804246
264113.341562793,3842698.90877901,667.788040303911,L3_1,153.0,427.625003180803,17.7279449201868
264113.341562793,3842698.90877901,667.788040303911,L3_1,153.0,410.584845544473,17.7976568133144
264113.341562793,3842698.90877901,667.788040303911,L3_1,153.0,392.692680026326,17.672022688228
264113.341562793,3842698.90877901,667.788040303911,L3_1,153.0,373.905906232271,17.3779820188101
264113.341562793,3842698.90877901,667.788040303911,L3_1,153.0,354.179793748514,16.9458457686396
264113.341562793,3842698.90877901,667.788040303911,L3_1,153.0,333.467375640569,16.4072798157283
264113.341562793,3842698.90877901,667.788040303911,L3_1,153.0,311.720746363475,15.7933845506711
264113.341562793,3842698.90877901,667.788040303911,L3_1,153.0,289.030548893934,15.1342809673356
264113.341562793,3842698.90877901,667.788040303911,L3_1,153.0,265.205841550916,14.4561910571803
264113.341562793,3842698.90877901,667.788040303911,L3_1,153.0,240.189898840747,13.779764357291
264113.341562793,3842698.90877901,667.788040303911,L3_1,153.0,213.92315899507,13.121530163786
264113.341562793,3842698.90877901,667.788040303911,L3_1,153.0,186.343082157109,12.4939791589048
264113.341562793,3842698.90877901,667.788040303911,L3_1,153.0,157.384001477249,11.9059222343821
264113.341562793,3842698.90877901,667.788040303911,L3_1,153.0,126.976966763397,11.3629742169419
264113.341562793,3842698.90877901,667.788040303911,L3_1,153.0,95.049580313852,10.8680835630865
264113.341562793,3842698.90877901,667.788040303911,L3_1,153.0,,
264113.341562793,3842698.90877901,667.788040303911,L3_1,153.0,,
264113.341562793,3842698.90877901,667.788040303911,L3_1,153.0,,
264113.341562793,3842698.90877901,667.788040303911,L3_1,153.0,,
264113.341562793,3842698.90877901,667.788040303911,L3_1,153.0,,
264113.341562793,3842698.90877901,667.788040303911,L3_1,153.0,,
264113.341562793,3842698.90877901,667.788040303911,L3_1,153.0,,
264113.341562793,3842698.90877901,667.788040303911,L3_1,153.0,,
264113.341562793,3842698.90877901,667.788040303911,L3_1,153.0,,
264113.341562793,3842698.90877901,667.788040303911,L3_1,153.0,,
264113.341562793,3842698.90877901,667.788040303911,L3_1,153.0,,
264113.341562793,3842698.90877901,667.788040303911,L3_1,153.0,,
264113.341562793,3842698.90877901,667.788040303911,L3_1,153.0,,
264113.341562793,3842698.90877901,667.788040303911,L3_1,153.0,,
264113.341562793,3842698.90877901,667.788040303911,L3_1,153.0,,
264113.341562793,3842698.90877901,667.788040303911,L3_1,153.0,,
264113.341562793,3842698.90877901,667.788040303911,L3_1,153.0,,
264113.341562793,3842698.90877901,667.788040303911,L3_1,153.0,,
264113.341562793,3842698.90877901,667.788040303911,L3_1,153.0,,
264113.341562793,3842698.90877901,667.788040303911,L3_1,153.0,,
264113.341562793,3842698.90877901,667.788040303911,L3_1,153.0,,
264118.709427249,3842702.58529832,668.693497494535,L3_1,159.5,668.693497494535,30.7939163321336
264118.709427249,3842702.58529832,668.693497494535,L3_1,159.5,663.648687714277,28.6491954896305
264118.709427249,3842702.58529832,668.693497494535,L3_1,159.5,658.351637445006,24.2735495728535
264118.709427249,3842702.58529832,668.693497494535,L3_1,159.5,652.789734662271,19.1907687185534
264118.709427249,3842702.58529832,668.693497494535,L3_1,159.5,646.9497367404,13.7501682698219
264118.709427249,3842702.58529832,668.693497494535,L3_1,159.5,640.817738922435,9.04367784411771
264118.709427249,3842702.58529832,668.693497494535,L3_1,159.5,634.379141213571,5.69579607313311
264118.709427249,3842702.58529832,668.693497494535,L3_1,159.5,627.618613619265,3.6629238855646
264118.709427249,3842702.58529832,668.693497494535,L3_1,159.5,620.520059645243,2.5928103317257
264118.709427249,3842702.58529832,668.693497494535,L3_1,159.5,613.06657797252,2.14031562176781
264118.709427249,3842702.58529832,668.693497494535,L3_1,159.5,605.240422216161,2.09362144768331
264118.709427249,3842702.58529832,668.693497494535,L3_1,159.5,597.022958671984,2.36595476781926
264118.709427249,3842702.58529832,668.693497494535,L3_1,159.5,588.394621950599,2.9437545560234
264118.709427249,3842702.58529832,668.693497494535,L3_1,159.5,579.334868393144,3.83384084761926
264118.709427249,3842702.58529832,668.693497494535,L3_1,159.5,569.822127157816,5.02371542628463
264118.709427249,3842702.58529832,668.693497494535,L3_1,159.5,559.833748860722,6.46462582218961
264118.709427249,3842702.58529832,668.693497494535,L3_1,159.5,549.345951648773,8.0774282569607
264118.709427249,3842702.58529832,668.693497494535,L3_1,159.5,538.333764576226,9.76932625826377
264118.709427249,3842702.58529832,668.693497494535,L3_1,159.5,526.770968150053,11.4492855879806
264118.709427249,3842702.58529832,668.693497494535,L3_1,159.5,514.63003190257,13.0376156461853
264118.709427249,3842702.58529832,668.693497494535,L3_1,159.5,501.882048842714,14.4704983056812
264118.709427249,3842702.58529832,668.693497494535,L3_1,159.5,488.496666629865,15.7012714974662
264118.709427249,3842702.58529832,668.693497494535,L3_1,159.5,474.442015306373,16.6998066097906
264118.709427249,3842702.58529832,668.693497494535,L3_1,159.5,459.684631416706,17.4508638766921
264118.709427249,3842702.58529832,668.693497494535,L3_1,159.5,444.189378332557,17.9520589621828
264118.709427249,3842702.58529832,668.693497494535,L3_1,159.5,427.9193625942,18.2118221080489
264118.709427249,3842702.58529832,668.693497494535,L3_1,159.5,410.835846068925,18.2474290960529
264118.709427249,3842702.58529832,668.693497494535,L3_1,159.5,392.898153717386,18.0830815962735
264118.709427249,3842702.58529832,668.693497494535,L3_1,159.5,374.06357674827,17.7479439278966
264118.709427249,3842702.58529832,668.693497494535,L3_1,159.5,354.287270930699,17.2741363954311
264118.709427249,3842702.58529832,668.693497494535,L3_1,159.5,333.522149822249,16.6947496950691
264118.709427249,3842702.58529832,668.693497494535,L3_1,159.5,311.720746363475,16.0419397561546
264118.709427249,3842702.58529832,668.693497494535,L3_1,159.5,289.030548893934,15.3469774517207
264118.709427249,3842702.58529832,668.693497494535,L3_1,159.5,265.205841550916,14.6367662334731
264118.709427249,3842702.58529832,668.693497494535,L3_1,159.5,240.189898840747,13.9318984893136
264118.709427249,3842702.58529832,668.693497494535,L3_1,159.5,213.92315899507,13.2487544440425
264118.709427249,3842702.58529832,668.693497494535,L3_1,159.5,186.343082157109,12.599593126594
264118.709427249,3842702.58529832,668.693497494535,L3_1,159.5,157.384001477249,11.9929475658883
264118.709427249,3842702.58529832,668.693497494535,L3_1,159.5,126.976966763397,11.4341373013542
264118.709427249,3842702.58529832,668.693497494535,L3_1,159.5,95.049580313852,10.9258155615224
264118.709427249,3842702.58529832,668.693497494535,L3_1,159.5,,
264118.709427249,3842702.58529832,668.693497494535,L3_1,159.5,,
264118.709427249,3842702.58529832,668.693497494535,L3_1,159.5,,
264118.709427249,3842702.58529832,668.693497494535,L3_1,159.5,,
264118.709427249,3842702.58529832,668.693497494535,L3_1,159.5,,
264118.709427249,3842702.58529832,668.693497494535,L3_1,159.5,,
264118.709427249,3842702.58529832,668.693497494535,L3_1,159.5,,
264118.709427249,3842702.58529832,668.693497494535,L3_1,159.5,,
264118.709427249,3842702.58529832,668.693497494535,L3_1,159.5,,
264118.709427249,3842702.58529832,668.693497494535,L3_1,159.5,,
264118.709427249,3842702.58529832,668.693497494535,L3_1,159.5,,
264118.709427249,3842702.58529832,668.693497494535,L3_1,159.5,,
264118.709427249,3842702.58529832,668.693497494535,L3_1,159.5,,
264118.709427249,3842702.58529832,668.693497494535,L3_1,159.5,,
264118.709427249,3842702.58529832,668.693497494535,L3_1,159.5,,
264118.709427249,3842702.58529832,668.693497494535,L3_1,159.5,,
264118.709427249,3842702.58529832,668.693497494535,L3_1,159.5,,
264118.709427249,3842702.58529832,668.693497494535,L3_1,159.5,,
264118.709427249,3842702.58529832,668.693497494535,L3_1,159.5,,
264118.709427249,3842702.58529832,668.693497494535,L3_1,159.5,,
264118.709427249,3842702.58529832,668.693497494535,L3_1,159.5,,
264123.664379055,3842705.97900845,669.414241443992,L3_1,165.5,669.414241443992,33.1396039813769
264123.664379055,3842705.97900845,669.414241443992,L3_1,165.5,664.359239679304,32.3311906735774
264123.664379055,3842705.97900845,669.414241443992,L3_1,165.5,659.051487826381,29.2021113376869
264123.664379055,3842705.97900845,669.414241443992,L3_1,165.5,653.478348380813,23.4700010219488
264123.664379055,3842705.97900845,669.414241443992,L3_1,165.5,647.626551962966,16.698430323621
264123.664379055,3842705.97900845,669.414241443992,L3_1,165.5,641.482165724227,10.7635682324104
264123.664379055,3842705.97900845,669.414241443992,L3_1,165.5,635.03056017355,6.55538612589168
264123.664379055,3842705.97900845,669.414241443992,L3_1,165.5,628.25637434534,4.02492133953272
264123.664379055,3842705.97900845,669.414241443992,L3_1,165.5,621.14347922572,2.70696520183479
264123.664379055,3842705.97900845,669.414241443992,L3_1,165.5,613.674939350118,2.14026906378787
264123.664379055,3842705.97900845,669.414241443992,L3_1,165.5,605.832972480736,2.040004152644
264123.664379055,3842705.97900845,669.414241443992,L3_1,165.5,597.598907267886,2.28723151616864
264123.664379055,3842705.97900845,669.414241443992,L3_1,165.5,588.953138794392,2.86106644925095
264123.664379055,3842705.97900845,669.414241443992,L3_1,165.5,579.875081897224,3.77217913911447
264123.664379055,3842705.97900845,669.414241443992,L3_1,165.5,570.343122155198,5.01201129212689
264123.664379055,3842705.97900845,669.414241443992,L3_1,165.5,560.33456442607,6.5289332585548
264123.664379055,3842705.97900845,669.414241443992,L3_1,165.5,549.825578810486,8.23393229158689
264123.664379055,3842705.97900845,669.414241443992,L3_1,165.5,538.791143914123,10.0216545967633
264123.664379055,3842705.97900845,669.414241443992,L3_1,165.5,527.204987272941,11.7899931285427
264123.664379055,3842705.97900845,669.414241443992,L3_1,165.5,515.039522799701,13.4516168836607
264123.664379055,3842705.97900845,669.414241443992,L3_1,165.5,502.265785102798,14.9386857739109
264123.664379055,3842705.97900845,669.414241443992,L3_1,165.5,488.85336052105,16.2035217113968
264123.664379055,3842705.97900845,669.414241443992,L3_1,165.5,474.770314710215,17.2171355895179
264123.664379055,3842705.97900845,669.414241443992,L3_1,165.5,459.983116608838,17.9667401207638
264123.664379055,3842705.97900845,669.414241443992,L3_1,165.5,444.456558602393,18.4530104871672
264123.664379055,3842705.97900845,669.414241443992,L3_1,165.5,428.153672695625,18.6875366369751
264123.664379055,3842705.97900845,669.414241443992,L3_1,165.5,411.035642493518,18.690545084067
264123.664379055,3842705.97900845,669.414241443992,L3_1,165.5,393.061710781307,18.4888288456234
264123.664379055,3842705.97900845,669.414241443992,L3_1,165.5,374.189082483484,18.1137403792963
264123.664379055,3842705.97900845,669.414241443992,L3_1,165.5,354.372822770771,17.5991992108547
264123.664379055,3842705.97900845,669.414241443992,L3_1,165.5,333.565750072422,16.9797330578827
264123.664379055,3842705.97900845,669.414241443992,L3_1,165.5,311.720746363475,16.288586170264
264123.664379055,3842705.97900845,669.414241443992,L3_1,165.5,289.030548893934,15.5582055557339
264123.664379055,3842705.97900845,669.414241443992,L3_1,165.5,265.205841550916,14.8162004213293
264123.664379055,3842705.97900845,669.414241443992,L3_1,165.5,240.189898840747,14.0831387684715
264123.664379055,3842705.97900845,669.414241443992,L3_1,165.5,213.92315899507,13.3752719879889
264123.664379055,3842705.97900845,669.414241443992,L3_1,165.5,186.343082157109,12.7046418122035
264123.664379055,3842705.97900845,669.414241443992,L3_1,165.5,157.384001477249,12.0795148198925
264123.664379055,3842705.97900845,669.414241443992,L3_1,165.5,126.976966763397,11.5049248357065
264123.664379055,3842705.97900845,669.414241443992,L3_1,165.5,95.049580313852,10.9832367691567
264123.664379055,3842705.97900845,669.414241443992,L3_1,165.5,,
264123.664379055,3842705.97900845,669.414241443992,L3_1,165.5,,
264123.664379055,3842705.97900845,669.414241443992,L3_1,165.5,,
264123.664379055,3842705.97900845,669.414241443992,L3_1,165.5,,
264123.664379055,3842705.97900845,669.414241443992,L3_1,165.5,,
264123.664379055,3842705.97900845,669.414241443992,L3_1,165.5,,
264123.664379055,3842705.97900845,669.414241443992,L3_1,165.5,,
264123.664379055,3842705.97900845,669.414241443992,L3_1,165.5,,
264123.664379055,3842705.97900845,669.414241443992,L3_1,165.5,,
264123.664379055,3842705.97900845,669.414241443992,L3_1,165.5,,
264123.664379055,3842705.97900845,669.414241443992,L3_1,165.5,,
264123.664379055,3842705.97900845,669.414241443992,L3_1,165.5,,
264123.664379055,3842705.97900845,669.414241443992,L3_1,165.5,,
264123.664379055,3842705.97900845,669.414241443992,L3_1,165.5,,
264123.664379055,3842705.97900845,669.414241443992,L3_1,165.5,,
264123.664379055,3842705.97900845,669.414241443992,L3_1,165.5,,
264123.664379055,3842705.97900845,669.414241443992,L3_1,165.5,,
264123.664379055,3842705.97900845,669.414241443992,L3_1,165.5,,
264123.664379055,3842705.97900845,669.414241443992,L3_1,165.5,,
264123.664379055,3842705.97900845,669.414241443992,L3_1,165.5,,
264123.664379055,3842705.97900845,669.414241443992,L3_1,165.5,,
264129.032243511,3842709.65552776,669.950420776733,L3_1,172.0,669.950420776733,32.7722836658501
264129.032243511,3842709.65552776,669.950420776733,L3_1,172.0,664.887836941581,35.5894356244015
264129.032243511,3842709.65552776,669.950420776733,L3_1,172.0,659.572123914672,36.9901227480395
264129.032243511,3842709.65552776,669.950420776733,L3_1,172.0,653.990625236418,30.7662881506621
264129.032243511,3842709.65552776,669.950420776733,L3_1,172.0,648.130051624251,21.7207519451815
264129.032243511,3842709.65552776,669.950420776733,L3_1,172.0,641.976449331475,13.6655269124814
264129.032243511,3842709.65552776,669.950420776733,L3_1,172.0,635.515166924061,8.00700722628755
264129.032243511,3842709.65552776,669.950420776733,L3_1,172.0,628.730820396276,4.66206378618073
264129.032243511,3842709.65552776,669.950420776733,L3_1,172.0,621.607256542102,2.95213562451633
264129.032243511,3842709.65552776,669.950420776733,L3_1,172.0,614.127514495219,2.21211235561248
264129.032243511,3842709.65552776,669.950420776733,L3_1,172.0,606.273785345991,2.03403620701874
264129.032243511,3842709.65552776,669.950420776733,L3_1,172.0,598.027369739303,2.24418164942476
264129.032243511,3842709.65552776,669.950420776733,L3_1,172.0,589.36863335228,2.80496733167623
264129.032243511,3842709.65552776,669.950420776733,L3_1,172.0,580.276960145906,3.72764207871224
264129.032243511,3842709.65552776,669.950420776733,L3_1,172.0,570.730703279213,5.00759352426765
264129.032243511,3842709.65552776,669.950420776733,L3_1,172.0,560.707133569186,6.59159481868585
264129.032243511,3842709.65552776,669.950420776733,L3_1,172.0,550.182385373657,8.38178612848557
264129.032243511,3842709.65552776,669.950420776733,L3_1,172.0,539.131399768352,10.2605527199015
264129.032243511,3842709.65552776,669.950420776733,L3_1,172.0,527.527864882781,12.1145191781919
264129.032243511,3842709.65552776,669.950420776733,L3_1,172.0,515.344153252932,13.8483243033111
264129.032243511,3842709.65552776,669.950420776733,L3_1,172.0,502.55125604159,15.3896879523367
264129.032243511,3842709.65552776,669.950420776733,L3_1,172.0,489.118713969682,16.6895411919462
264129.032243511,3842709.65552776,669.950420776733,L3_1,172.0,475.014544794178,17.7197248825178
264129.032243511,3842709.65552776,669.950420776733,L3_1,172.0,460.205167159899,18.469661904819
264129.032243511,3842709.65552776,669.950420776733,L3_1,172.0,444.655320643906,18.9429018344132
264129.032243511,3842709.65552776,669.950420776733,L3_1,172.0,428.327981802113,19.154053772136
264129.032243511,3842709.65552776,669.950420776733,L3_1,172.0,411.18427601823,19.126194405508
264129.032243511,3842709.65552776,669.950420776733,L3_1,172.0,393.183384945154,18.8886421863034
264129.032243511,3842709.65552776,669.950420776733,L3_1,172.0,374.282449318423,18.4749028167755
264129.032243511,3842709.65552776,669.950420776733,L3_1,172.0,354.436466910356,17.9206900417331
264129.032243511,3842709.65552776,669.950420776733,L3_1,172.0,333.598185381886,17.2619859490211
264129.032243511,3842709.65552776,669.950420776733,L3_1,172.0,311.720746363475,16.5331583278346
264129.032243511,3842709.65552776,669.950420776733,L3_1,172.0,289.030548893934,15.767857612709
264129.032243511,3842709.65552776,669.950420776733,L3_1,172.0,265.205841550916,14.9944256967402
264129.032243511,3842709.65552776,669.950420776733,L3_1,172.0,240.189898840747,14.2334425251227
264129.032243511,3842709.65552776,669.950420776733,L3_1,172.0,213.92315899507,13.5010551679377
264129.032243511,3842709.65552776,669.950420776733,L3_1,172.0,186.343082157109,12.8091064783381
264129.032243511,3842709.65552776,669.950420776733,L3_1,172.0,157.384001477249,12.165610897731
264129.032243511,3842709.65552776,669.950420776733,L3_1,172.0,126.976966763397,11.5753275746657
264129.032243511,3842709.65552776,669.950420776733,L3_1,172.0,95.049580313852,11.0403406471785
264129.032243511,3842709.65552776,669.950420776733,L3_1,172.0,,
264129.032243511,3842709.65552776,669.950420776733,L3_1,172.0,,
264129.032243511,3842709.65552776,669.950420776733,L3_1,172.0,,
264129.032243511,3842709.65552776,669.950420776733,L3_1,172.0,,
264129.032243511,3842709.65552776,669.950420776733,L3_1,172.0,,
264129.032243511,3842709.65552776,669.950420776733,L3_1,172.0,,
264129.032243511,3842709.65552776,669.950420776733,L3_1,172.0,,
264129.032243511,3842709.65552776,669.950420776733,L3_1,172.0,,
264129.032243511,3842709.65552776,669.950420776733,L3_1,172.0,,
264129.032243511,3842709.65552776,669.950420776733,L3_1,172.0,,
264129.032243511,3842709.65552776,669.950420776733,L3_1,172.0,,
264129.032243511,3842709.65552776,669.950420776733,L3_1,172.0,,
264129.032243511,3842709.65552776,669.950420776733,L3_1,172.0,,
264129.032243511,3842709.65552776,669.950420776733,L3_1,172.0,,
264129.032243511,3842709.65552776,669.950420776733,L3_1,172.0,,
264129.032243511,3842709.65552776,669.950420776733,L3_1,172.0,,
264129.032243511,3842709.65552776,669.950420776733,L3_1,172.0,,
264129.032243511,3842709.65552776,669.950420776733,L3_1,172.0,,
264129.032243511,3842709.65552776,669.950420776733,L3_1,172.0,,
264129.032243511,3842709.65552776,669.950420776733,L3_1,172.0,,
264129.032243511,3842709.65552776,669.950420776733,L3_1,172.0,,
264133.987187563,3842713.04924306,670.486600109474,L3_1,178.0,670.486600109474,48.7993228828231
264133.987187563,3842713.04924306,670.486600109474,L3_1,178.0,665.416434203859,51.0330776741783
264133.987187563,3842713.04924306,670.486600109474,L3_1,178.0,660.092760002963,50.2175081593334
264133.987187563,3842713.04924306,670.486600109474,L3_1,178.0,654.502902092023,40.735306816081
264133.987187563,3842713.04924306,670.486600109474,L3_1,178.0,648.633551285535,28.335390662192
264133.987187563,3842713.04924306,670.486600109474,L3_1,178.0,642.470732938724,17.505510265174
264133.987187563,3842713.04924306,670.486600109474,L3_1,178.0,635.999773674571,9.94469341277416
264133.987187563,3842713.04924306,670.486600109474,L3_1,178.0,629.205266447211,5.5246345711143
264133.987187563,3842713.04924306,670.486600109474,L3_1,178.0,622.071033858483,3.30250393780769
264133.987187563,3842713.04924306,670.486600109474,L3_1,178.0,614.580089640319,2.34225854547117
264133.987187563,3842713.04924306,670.486600109474,L3_1,178.0,606.714598211246,2.06957853552543
264133.987187563,3842713.04924306,670.486600109474,L3_1,178.0,598.45583221072,2.23609276035783
264133.987187563,3842713.04924306,670.486600109474,L3_1,178.0,589.784127910168,2.77907427266086
264133.987187563,3842713.04924306,670.486600109474,L3_1,178.0,580.678838394587,3.70669719483592
264133.987187563,3842713.04924306,670.486600109474,L3_1,178.0,571.118284403228,5.01750985532409
264133.987187563,3842713.04924306,670.486600109474,L3_1,178.0,561.079702712301,6.65781511976398
264133.987187563,3842713.04924306,670.486600109474,L3_1,178.0,550.539191936827,8.52269532999233
264133.987187563,3842713.04924306,670.486600109474,L3_1,178.0,539.47165562258,10.4837402812062
264133.987187563,3842713.04924306,670.486600109474,L3_1,178.0,527.850742492621,12.4170765145401
264133.987187563,3842713.04924306,670.486600109474,L3_1,178.0,515.648783706163,14.2194392699207
264133.987187563,3842713.04924306,670.486600109474,L3_1,178.0,502.836726980383,15.8138078172857
264133.987187563,3842713.04924306,670.486600109474,L3_1,178.0,489.384067418313,17.1492170468437
264133.987187563,3842713.04924306,670.486600109474,L3_1,178.0,475.258774878141,18.1977903347004
264133.987187563,3842713.04924306,670.486600109474,L3_1,178.0,460.427217710959,18.950663364388
264133.987187563,3842713.04924306,670.486600109474,L3_1,178.0,444.854082685418,19.413852420782
264133.987187563,3842713.04924306,670.486600109474,L3_1,178.0,428.502290908601,19.6046718860431
264133.987187563,3842713.04924306,670.486600109474,L3_1,178.0,411.332909542942,19.5488292069649
264133.987187563,3842713.04924306,670.486600109474,L3_1,178.0,393.305059109001,19.2780338376394
264133.987187563,3842713.04924306,670.486600109474,L3_1,178.0,374.375816153362,18.8278770275563
264133.987187563,3842713.04924306,670.486600109474,L3_1,178.0,354.500111049942,18.2358507835999
264133.987187563,3842713.04924306,670.486600109474,L3_1,178.0,333.63062069135,17.5394137048468
264133.987187563,3842713.04924306,670.486600109474,L3_1,178.0,311.720746363475,16.7741018908348
264133.987187563,3842713.04924306,670.486600109474,L3_1,178.0,289.030548893934,15.9747997236985
264133.987187563,3842713.04924306,670.486600109474,L3_1,178.0,265.205841550916,15.1706200641322
264133.987187563,3842713.04924306,670.486600109474,L3_1,178.0,240.189898840747,14.3822138784205
264133.987187563,3842713.04924306,670.486600109474,L3_1,178.0,213.92315899507,13.6256702561385
264133.987187563,3842713.04924306,670.486600109474,L3_1,178.0,186.343082157109,12.9126699059171
264133.987187563,3842713.04924306,670.486600109474,L3_1,178.0,157.384001477249,12.2510029910613
264133.987187563,3842713.04924306,670.486600109474,L3_1,178.0,126.976966763397,11.6451738497496
264133.987187563,3842713.04924306,670.486600109474,L3_1,178.0,95.049580313852,11.0969999863601
264133.987187563,3842713.04924306,670.486600109474,L3_1,178.0,,
264133.987187563,3842713.04924306,670.486600109474,L3_1,178.0,,
264133.987187563,3842713.04924306,670.486600109474,L3_1,178.0,,
264133.987187563,3842713.04924306,670.486600109474,L3_1,178.0,,
264133.987187563,3842713.04924306,670.486600109474,L3_1,178.0,,
264133.987187563,3842713.04924306,670.486600109474,L3_1,178.0,,
264133.987187563,3842713.04924306,670.486600109474,L3_1,178.0,,
264133.987187563,3842713.04924306,670.486600109474,L3_1,178.0,,
264133.987187563,3842713.04924306,670.486600109474,L3_1,178.0,,
264133.987187563,3842713.04924306,670.486600109474,L3_1,178.0,,
264133.987187563,3842713.04924306,670.486600109474,L3_1,178.0,,
264133.987187563,3842713.04924306,670.486600109474,L3_1,178.0,,
264133.987187563,3842713.04924306,670.486600109474,L3_1,178.0,,
264133.987187563,3842713.04924306,670.486600109474,L3_1,178.0,,
264133.987187563,3842713.04924306,670.486600109474,L3_1,178.0,,
264133.987187563,3842713.04924306,670.486600109474,L3_1,178.0,,
264133.987187563,3842713.04924306,670.486600109474,L3_1,178.0,,
264133.987187563,3842713.04924306,670.486600109474,L3_1,178.0,,
264133.987187563,3842713.04924306,670.486600109474,L3_1,178.0,,
264133.987187563,3842713.04924306,670.486600109474,L3_1,178.0,,
264133.987187563,3842713.04924306,670.486600109474,L3_1,178.0,,
264139.355035221,3842716.72577358,671.022779442215,L3_1,184.5,671.022779442215,98.017953060734
264139.355035221,3842716.72577358,671.022779442215,L3_1,184.5,665.945031466136,89.6081522415081
264139.355035221,3842716.72577358,671.022779442215,L3_1,184.5,660.613396091254,72.9483204474931
264139.355035221,3842716.72577358,671.022779442215,L3_1,184.5,655.015178947628,55.0950824803274
264139.355035221,3842716.72577358,671.022779442215,L3_1,184.5,649.13705094682,37.4191765162289
264139.355035221,3842716.72577358,671.022779442215,L3_1,184.5,642.965016545972,22.7040946250116
264139.355035221,3842716.72577358,671.022779442215,L3_1,184.5,636.484380425082,12.5392869309268
264139.355035221,3842716.72577358,671.022779442215,L3_1,184.5,629.679712498147,6.67181320345147
264139.355035221,3842716.72577358,671.022779442215,L3_1,184.5,622.534811174865,3.77744241189522
264139.355035221,3842716.72577358,671.022779442215,L3_1,184.5,615.032664785419,2.53834561845524
264139.355035221,3842716.72577358,671.022779442215,L3_1,184.5,607.155411076501,2.1515857845197
264139.355035221,3842716.72577358,671.022779442215,L3_1,184.5,598.884294682137,2.26821148453913
264139.355035221,3842716.72577358,671.022779442215,L3_1,184.5,590.199622468055,2.7900557625067
264139.355035221,3842716.72577358,671.022779442215,L3_1,184.5,581.080716643269,3.71743243678091
264139.355035221,3842716.72577358,671.022779442215,L3_1,184.5,571.505865527243,5.05021869727036
264139.355035221,3842716.72577358,671.022779442215,L3_1,184.5,561.452271855417,6.73494184336911
264139.355035221,3842716.72577358,671.022779442215,L3_1,184.5,550.895998499998,8.66184530595225
264139.355035221,3842716.72577358,671.022779442215,L3_1,184.5,539.811911476809,10.6940110186054
264139.355035221,3842716.72577358,671.022779442215,L3_1,184.5,528.173620102461,12.6984760075937
264139.355035221,3842716.72577358,671.022779442215,L3_1,184.5,515.953414159395,14.5644480082021
264139.355035221,3842716.72577358,671.022779442215,L3_1,184.5,503.122197919175,16.2098231021175
264139.355035221,3842716.72577358,671.022779442215,L3_1,184.5,489.649420866945,17.5810699712905
264139.355035221,3842716.72577358,671.022779442215,L3_1,184.5,475.503004962103,18.6498734309441
264139.355035221,3842716.72577358,671.022779442215,L3_1,184.5,460.649268262019,19.4084505132027
264139.355035221,3842716.72577358,671.022779442215,L3_1,184.5,445.052844726931,19.8647864090866
264139.355035221,3842716.72577358,671.022779442215,L3_1,184.5,428.676600015089,20.0385351674881
264139.355035221,3842716.72577358,671.022779442215,L3_1,184.5,411.481543067654,19.9577908271755
264139.355035221,3842716.72577358,671.022779442215,L3_1,184.5,393.426733272848,19.6565095512796
264139.355035221,3842716.72577358,671.022779442215,L3_1,184.5,374.469182988301,19.1722996397271
264139.355035221,3842716.72577358,671.022779442215,L3_1,184.5,354.563755189527,18.5444194278576
264139.355035221,3842716.72577358,671.022779442215,L3_1,184.5,333.663056000815,17.8118315406997
264139.355035221,3842716.72577358,671.022779442215,L3_1,184.5,311.720746363475,17.0112899122274
264139.355035221,3842716.72577358,671.022779442215,L3_1,184.5,289.030548893934,16.1789462947879
264139.355035221,3842716.72577358,671.022779442215,L3_1,184.5,265.205841550916,15.3447259639354
264139.355035221,3842716.72577358,671.022779442215,L3_1,184.5,240.189898840747,14.5294137380779
264139.355035221,3842716.72577358,671.022779442215,L3_1,184.5,213.92315899507,13.7490900409269
264139.355035221,3842716.72577358,671.022779442215,L3_1,184.5,186.343082157109,13.0153128829107
264139.355035221,3842716.72577358,671.022779442215,L3_1,184.5,157.384001477249,12.3356774431835
264139.355035221,3842716.72577358,671.022779442215,L3_1,184.5,126.976966763397,11.7144538662806
264139.355035221,3842716.72577358,671.022779442215,L3_1,184.5,95.049580313852,11.1532078763005
264139.355035221,3842716.72577358,671.022779442215,L3_1,184.5,,
264139.355035221,3842716.72577358,671.022779442215,L3_1,184.5,,
264139.355035221,3842716.72577358,671.022779442215,L3_1,184.5,,
264139.355035221,3842716.72577358,671.022779442215,L3_1,184.5,,
264139.355035221,3842716.72577358,671.022779442215,L3_1,184.5,,
264139.355035221,3842716.72577358,671.022779442215,L3_1,184.5,,
264139.355035221,3842716.72577358,671.022779442215,L3_1,184.5,,
264139.355035221,3842716.72577358,671.022779442215,L3_1,184.5,,
264139.355035221,3842716.72577358,671.022779442215,L3_1,184.5,,
264139.355035221,3842716.72577358,671.022779442215,L3_1,184.5,,
264139.355035221,3842716.72577358,671.022779442215,L3_1,184.5,,
264139.355035221,3842716.72577358,671.022779442215,L3_1,184.5,,
264139.355035221,3842716.72577358,671.022779442215,L3_1,184.5,,
264139.355035221,3842716.72577358,671.022779442215,L3_1,184.5,,
264139.355035221,3842716.72577358,671.022779442215,L3_1,184.5,,
264139.355035221,3842716.72577358,671.022779442215,L3_1,184.5,,
264139.355035221,3842716.72577358,671.022779442215,L3_1,184.5,,
264139.355035221,3842716.72577358,671.022779442215,L3_1,184.5,,
264139.355035221,3842716.72577358,671.022779442215,L3_1,184.5,,
264139.355035221,3842716.72577358,671.022779442215,L3_1,184.5,,
264139.355035221,3842716.72577358,671.022779442215,L3_1,184.5,,
264144.309971519,3842720.11949406,671.401373362401,L3_1,190.5,671.401373362401,96.0616398902899
264144.309971519,3842720.11949406,671.401373362401,L3_1,190.5,666.318271718987,89.5742955360631
264144.309971519,3842720.11949406,671.401373362401,L3_1,190.5,660.981014993402,77.1030748328103
264144.309971519,3842720.11949406,671.401373362401,L3_1,190.5,655.376895431538,62.1213232172232
264144.309971519,3842720.11949406,671.401373362401,L3_1,190.5,649.492569891581,44.153794049482
264144.309971519,3842720.11949406,671.401373362401,L3_1,190.5,643.314028074625,27.3760252646448
264144.309971519,3842720.11949406,671.401373362401,L3_1,190.5,636.826559166822,15.0964525222427
264144.309971519,3842720.11949406,671.401373362401,L3_1,190.5,630.014716813629,7.85588523319189
264144.309971519,3842720.11949406,671.401373362401,L3_1,190.5,622.862282342777,4.28506899372536
264144.309971519,3842720.11949406,671.401373362401,L3_1,190.5,615.352226148381,2.76181138944387
264144.309971519,3842720.11949406,671.401373362401,L3_1,190.5,607.466667144266,2.26079387373076
264144.309971519,3842720.11949406,671.401373362401,L3_1,190.5,599.186830189945,2.32941762469045
264144.309971519,3842720.11949406,671.401373362401,L3_1,190.5,590.493001387908,2.83127068712063
264144.309971519,3842720.11949406,671.401373362401,L3_1,190.5,581.364481145769,3.7562259385683
264144.309971519,3842720.11949406,671.401373362401,L3_1,190.5,571.779534891523,5.10383203138475
264144.309971519,3842720.11949406,671.401373362401,L3_1,190.5,561.715341324565,6.82127212494543
264144.309971519,3842720.11949406,671.401373362401,L3_1,190.5,551.147938079259,8.79635063248736
264144.309971519,3842720.11949406,671.401373362401,L3_1,190.5,540.052164671688,10.8865819933615
264144.309971519,3842720.11949406,671.401373362401,L3_1,190.5,528.401602593738,12.9520334517355
264144.309971519,3842720.11949406,671.401373362401,L3_1,190.5,516.168512411891,14.8752356177403
264144.309971519,3842720.11949406,671.401373362401,L3_1,190.5,503.323767720951,16.5688491215978
264144.309971519,3842720.11949406,671.401373362401,L3_1,190.5,489.836785795464,17.9760929215714
264144.309971519,3842720.11949406,671.401373362401,L3_1,190.5,475.675454773703,19.0673696698955
264144.309971519,3842720.11949406,671.401373362401,L3_1,190.5,460.806057200854,19.8351795954567
264144.309971519,3842720.11949406,671.401373362401,L3_1,190.5,445.193189749363,20.288817575336
264144.309971519,3842720.11949406,671.401373362401,L3_1,190.5,428.799678925296,20.4497880505132
264144.309971519,3842720.11949406,671.401373362401,L3_1,190.5,411.586492560027,20.3482330270379
264144.309971519,3842720.11949406,671.401373362401,L3_1,190.5,393.512646876494,20.0201481987803
264144.309971519,3842720.11949406,671.401373362401,L3_1,190.5,374.535108908785,19.5050623538316
264144.309971519,3842720.11949406,671.401373362401,L3_1,190.5,354.60869404269,18.8439784982453
264144.309971519,3842720.11949406,671.401373362401,L3_1,190.5,333.68595843329,18.0773926263362
264144.309971519,3842720.11949406,671.401373362401,L3_1,190.5,311.720746363475,17.2433384503045
264144.309971519,3842720.11949406,671.401373362401,L3_1,190.5,289.030548893934,16.3792730425141
264144.309971519,3842720.11949406,671.401373362401,L3_1,190.5,265.205841550916,15.5159872171772
264144.309971519,3842720.11949406,671.401373362401,L3_1,190.5,240.189898840747,14.6744853646299
264144.309971519,3842720.11949406,671.401373362401,L3_1,190.5,213.92315899507,13.8709048091823
264144.309971519,3842720.11949406,671.401373362401,L3_1,190.5,186.343082157109,13.1167334994635
264144.309971519,3842720.11949406,671.401373362401,L3_1,190.5,157.384001477249,12.4194108561743
264144.309971519,3842720.11949406,671.401373362401,L3_1,190.5,126.976966763397,11.7830014114963
264144.309971519,3842720.11949406,671.401373362401,L3_1,190.5,95.049580313852,11.2088398493378
264144.309971519,3842720.11949406,671.401373362401,L3_1,190.5,,
264144.309971519,3842720.11949406,671.401373362401,L3_1,190.5,,
264144.309971519,3842720.11949406,671.401373362401,L3_1,190.5,,
264144.309971519,3842720.11949406,671.401373362401,L3_1,190.5,,
264144.309971519,3842720.11949406,671.401373362401,L3_1,190.5,,
264144.309971519,3842720.11949406,671.401373362401,L3_1,190.5,,
264144.309971519,3842720.11949406,671.401373362401,L3_1,190.5,,
264144.309971519,3842720.11949406,671.401373362401,L3_1,190.5,,
264144.309971519,3842720.11949406,671.401373362401,L3_1,190.5,,
264144.309971519,3842720.11949406,671.401373362401,L3_1,190.5,,
264144.309971519,3842720.11949406,671.401373362401,L3_1,190.5,,
264144.309971519,3842720.11949406,671.401373362401,L3_1,190.5,,
264144.309971519,3842720.11949406,671.401373362401,L3_1,190.5,,
264144.309971519,3842720.11949406,671.401373362401,L3_1,190.5,,
264144.309971519,3842720.11949406,671.401373362401,L3_1,190.5,,
264144.309971519,3842720.11949406,671.401373362401,L3_1,190.5,,
264144.309971519,3842720.11949406,671.401373362401,L3_1,190.5,,
264144.309971519,3842720.11949406,671.401373362401,L3_1,190.5,,
264144.309971519,3842720.11949406,671.401373362401,L3_1,190.5,,
264144.309971519,3842720.11949406,671.401373362401,L3_1,190.5,,
264144.309971519,3842720.11949406,671.401373362401,L3_1,190.5,,
264149.677819177,3842723.79602459,671.622097722397,L3_1,197.0,671.622097722397,45.7129891846643
264149.677819177,3842723.79602459,671.622097722397,L3_1,197.0,666.535874832885,51.5098352338244
264149.677819177,3842723.79602459,671.622097722397,L3_1,197.0,661.195340798896,61.3725404008148
264149.677819177,3842723.79602459,671.622097722397,L3_1,197.0,655.587780063208,60.8935551357897
264149.677819177,3842723.79602459,671.622097722397,L3_1,197.0,649.699841290736,48.2865525898014
264149.677819177,3842723.79602459,671.622097722397,L3_1,197.0,643.51750557964,31.5290666940837
264149.677819177,3842723.79602459,671.622097722397,L3_1,197.0,637.026053082989,17.6406063476524
264149.677819177,3842723.79602459,671.622097722397,L3_1,197.0,630.210027961506,9.08217879311352
264149.677819177,3842723.79602459,671.622097722397,L3_1,197.0,623.053201583949,4.82507958230165
264149.677819177,3842723.79602459,671.622097722397,L3_1,197.0,615.538533887513,3.01244602126574
264149.677819177,3842723.79602459,671.622097722397,L3_1,197.0,607.648132806256,2.39734626755921
264149.677819177,3842723.79602459,671.622097722397,L3_1,197.0,599.363211670937,2.41993245607143
264149.677819177,3842723.79602459,671.622097722397,L3_1,197.0,590.664044478851,2.90310874733932
264149.677819177,3842723.79602459,671.622097722397,L3_1,197.0,581.529918927161,3.82383704173368
264149.677819177,3842723.79602459,671.622097722397,L3_1,197.0,571.939087097886,5.17941967546478
264149.677819177,3842723.79602459,671.622097722397,L3_1,197.0,561.868713677147,6.91780286706775
264149.677819177,3842723.79602459,671.622097722397,L3_1,197.0,551.294821585372,8.92671264457153
264149.677819177,3842723.79602459,671.622097722397,L3_1,197.0,540.192234889008,11.0612680454004
264149.677819177,3842723.79602459,671.622097722397,L3_1,197.0,528.534518857826,13.1769476039655
264149.677819177,3842723.79602459,671.622097722397,L3_1,197.0,516.293917025084,15.1505945611547
264149.677819177,3842723.79602459,671.622097722397,L3_1,197.0,503.441285100706,16.889498208843
264149.677819177,3842723.79602459,671.622097722397,L3_1,197.0,489.946021580108,18.3328971285421
264149.677819177,3842723.79602459,671.622097722397,L3_1,197.0,475.775994883481,19.4490046717245
264149.677819177,3842723.79602459,671.622097722397,L3_1,197.0,460.897466852023,20.2297501704177
264149.677819177,3842723.79602459,671.622097722397,L3_1,197.0,445.275012418991,20.6850391574762
264149.677819177,3842723.79602459,671.622097722397,L3_1,197.0,428.871435264308,20.8377115020019
264149.677819177,3842723.79602459,671.622097722397,L3_1,197.0,411.647679251891,20.7196030824358
264149.677819177,3842723.79602459,671.622097722397,L3_1,197.0,393.562735438852,20.3685354790252
264149.677819177,3842723.79602459,671.622097722397,L3_1,197.0,374.573544435162,19.8258622287964
264149.677819177,3842723.79602459,671.622097722397,L3_1,197.0,354.634893881288,19.1343108353725
264149.677819177,3842723.79602459,671.622097722397,L3_1,197.0,333.699310799719,18.3359432644096
264149.677819177,3842723.79602459,671.622097722397,L3_1,197.0,311.720746363475,17.4701399608024
264149.677819177,3842723.79602459,671.622097722397,L3_1,197.0,289.030548893934,16.5757048334157
264149.677819177,3842723.79602459,671.622097722397,L3_1,197.0,265.205841550916,15.684350580004
264149.677819177,3842723.79602459,671.622097722397,L3_1,197.0,240.189898840747,14.8173906415375
264149.677819177,3842723.79602459,671.622097722397,L3_1,197.0,213.92315899507,13.9910872862776
264149.677819177,3842723.79602459,671.622097722397,L3_1,197.0,186.343082157109,13.2169121726961
264149.677819177,3842723.79602459,671.622097722397,L3_1,197.0,157.384001477249,12.5021892362979
264149.677819177,3842723.79602459,671.622097722397,L3_1,197.0,126.976966763397,11.8508065448827
264149.677819177,3842723.79602459,671.622097722397,L3_1,197.0,95.049580313852,11.2638888115916
264149.677819177,3842723.79602459,671.622097722397,L3_1,197.0,,
264149.677819177,3842723.79602459,671.622097722397,L3_1,197.0,,
264149.677819177,3842723.79602459,671.622097722397,L3_1,197.0,,
264149.677819177,3842723.79602459,671.622097722397,L3_1,197.0,,
264149.677819177,3842723.79602459,671.622097722397,L3_1,197.0,,
264149.677819177,3842723.79602459,671.622097722397,L3_1,197.0,,
264149.677819177,3842723.79602459,671.622097722397,L3_1,197.0,,
264149.677819177,3842723.79602459,671.622097722397,L3_1,197.0,,
264149.677819177,3842723.79602459,671.622097722397,L3_1,197.0,,
264149.677819177,3842723.79602459,671.622097722397,L3_1,197.0,,
264149.677819177,3842723.79602459,671.622097722397,L3_1,197.0,,
264149.677819177,3842723.79602459,671.622097722397,L3_1,197.0,,
264149.677819177,3842723.79602459,671.622097722397,L3_1,197.0,,
264149.677819177,3842723.79602459,671.622097722397,L3_1,197.0,,
264149.677819177,3842723.79602459,671.622097722397,L3_1,197.0,,
264149.677819177,3842723.79602459,671.622097722397,L3_1,197.0,,
264149.677819177,3842723.79602459,671.622097722397,L3_1,197.0,,
264149.677819177,3842723.79602459,671.622097722397,L3_1,197.0,,
264149.677819177,3842723.79602459,671.622097722397,L3_1,197.0,,
264149.677819177,3842723.79602459,671.622097722397,L3_1,197.0,,
264149.677819177,3842723.79602459,671.622097722397,L3_1,197.0,,
264154.632746017,3842727.18968368,671.842822082393,L3_1,203.0,671.842822082393,28.1661826420695
264154.632746017,3842727.18968368,671.842822082393,L3_1,203.0,666.753477946782,35.3420016902878
264154.632746017,3842727.18968368,671.842822082393,L3_1,203.0,661.40966660439,51.2333844090781
264154.632746017,3842727.18968368,671.842822082393,L3_1,203.0,655.798664694878,58.5359000702966
264154.632746017,3842727.18968368,671.842822082393,L3_1,203.0,649.907112689891,50.4409724698291
264154.632746017,3842727.18968368,671.842822082393,L3_1,203.0,643.720983084655,34.473675418814
264154.632746017,3842727.18968368,671.842822082393,L3_1,203.0,637.225546999156,19.6471138518956
264154.632746017,3842727.18968368,671.842822082393,L3_1,203.0,630.405339109383,10.1038947864113
264154.632746017,3842727.18968368,671.842822082393,L3_1,203.0,623.244120825121,5.29599699296461
264154.632746017,3842727.18968368,671.842822082393,L3_1,203.0,615.724841626646,3.24525925077961
264154.632746017,3842727.18968368,671.842822082393,L3_1,203.0,607.829598468247,2.53609034672301
264154.632746017,3842727.18968368,671.842822082393,L3_1,203.0,599.539593151928,2.52152834473115
264154.632746017,3842727.18968368,671.842822082393,L3_1,203.0,590.835087569793,2.98998964955195
264154.632746017,3842727.18968368,671.842822082393,L3_1,203.0,581.695356708552,3.9062680325107
264154.632746017,3842727.18968368,671.842822082393,L3_1,203.0,572.098639304248,5.26465608691995
264154.632746017,3842727.18968368,671.842822082393,L3_1,203.0,562.02208602973,7.01406492195723
264154.632746017,3842727.18968368,671.842822082393,L3_1,203.0,551.441705091485,9.04414572085529
264154.632746017,3842727.18968368,671.842822082393,L3_1,203.0,540.332305106328,11.2104849843854
264154.632746017,3842727.18968368,671.842822082393,L3_1,203.0,528.667435121913,13.3663060092819
264154.632746017,3842727.18968368,671.842822082393,L3_1,203.0,516.419321638278,15.3839136416944
264154.632746017,3842727.18968368,671.842822082393,L3_1,203.0,503.558802480461,17.1653151904647
264154.632746017,3842727.18968368,671.842822082393,L3_1,203.0,490.055257364753,18.6452196024572
264154.632746017,3842727.18968368,671.842822082393,L3_1,203.0,475.876534993259,19.7888366288898
264154.632746017,3842727.18968368,671.842822082393,L3_1,203.0,460.988876503191,20.5866906742324
264154.632746017,3842727.18968368,671.842822082393,L3_1,203.0,445.356835088619,21.0485705025432
264154.632746017,3842727.18968368,671.842822082393,L3_1,203.0,428.943191603319,21.1980751873406
264154.632746017,3842727.18968368,671.842822082393,L3_1,203.0,411.708865943754,21.0683310221121
264154.632746017,3842727.18968368,671.842822082393,L3_1,203.0,393.612824001211,20.6987334625139
264154.632746017,3842727.18968368,671.842822082393,L3_1,203.0,374.61197996154,20.1323286476176
264154.632746017,3842727.18968368,671.842822082393,L3_1,203.0,354.661093719886,19.4135385479137
264154.632746017,3842727.18968368,671.842822082393,L3_1,203.0,333.712663166149,18.5860199166704
264154.632746017,3842727.18968368,671.842822082393,L3_1,203.0,311.720746363475,17.6905622785247
264154.632746017,3842727.18968368,671.842822082393,L3_1,203.0,289.030548893934,16.7673742910381
264154.632746017,3842727.18968368,671.842822082393,L3_1,203.0,265.205841550916,15.8491602477014
264154.632746017,3842727.18968368,671.842822082393,L3_1,203.0,240.189898840747,14.9576365170613
264154.632746017,3842727.18968368,671.842822082393,L3_1,203.0,213.92315899507,14.1092683654067
264154.632746017,3842727.18968368,671.842822082393,L3_1,203.0,186.343082157109,13.3155717496087
264154.632746017,3842727.18968368,671.842822082393,L3_1,203.0,157.384001477249,12.5838032008733
264154.632746017,3842727.18968368,671.842822082393,L3_1,203.0,126.976966763397,11.9177104794723
264154.632746017,3842727.18968368,671.842822082393,L3_1,203.0,95.049580313852,11.3182345507894
264154.632746017,3842727.18968368,671.842822082393,L3_1,203.0,,
264154.632746017,3842727.18968368,671.842822082393,L3_1,203.0,,
264154.632746017,3842727.18968368,671.842822082393,L3_1,203.0,,
264154.632746017,3842727.18968368,671.842822082393,L3_1,203.0,,
264154.632746017,3842727.18968368,671.842822082393,L3_1,203.0,,
264154.632746017,3842727.18968368,671.842822082393,L3_1,203.0,,
264154.632746017,3842727.18968368,671.842822082393,L3_1,203.0,,
264154.632746017,3842727.18968368,671.842822082393,L3_1,203.0,,
264154.632746017,3842727.18968368,671.842822082393,L3_1,203.0,,
264154.632746017,3842727.18968368,671.842822082393,L3_1,203.0,,
264154.632746017,3842727.18968368,671.842822082393,L3_1,203.0,,
264154.632746017,3842727.18968368,671.842822082393,L3_1,203.0,,
264154.632746017,3842727.18968368,671.842822082393,L3_1,203.0,,
264154.632746017,3842727.18968368,671.842822082393,L3_1,203.0,,
264154.632746017,3842727.18968368,671.842822082393,L3_1,203.0,,
264154.632746017,3842727.18968368,671.842822082393,L3_1,203.0,,
264154.632746017,3842727.18968368,671.842822082393,L3_1,203.0,,
264154.632746017,3842727.18968368,671.842822082393,L3_1,203.0,,
264154.632746017,3842727.18968368,671.842822082393,L3_1,203.0,,
264154.632746017,3842727.18968368,671.842822082393,L3_1,203.0,,
264154.632746017,3842727.18968368,671.842822082393,L3_1,203.0,,
264160.00057318,3842730.86608121,672.06354644239,L3_1,209.5,672.06354644239,23.4387546907584
264160.00057318,3842730.86608121,672.06354644239,L3_1,209.5,666.971081060679,29.4844228956646
264160.00057318,3842730.86608121,672.06354644239,L3_1,209.5,661.623992409884,44.3317075077473
264160.00057318,3842730.86608121,672.06354644239,L3_1,209.5,656.009549326548,54.0000539124031
264160.00057318,3842730.86608121,672.06354644239,L3_1,209.5,650.114384089046,49.1570943885202
264160.00057318,3842730.86608121,672.06354644239,L3_1,209.5,643.924460589669,35.0596003957643
264160.00057318,3842730.86608121,672.06354644239,L3_1,209.5,637.425040915323,20.5402218186359
264160.00057318,3842730.86608121,672.06354644239,L3_1,209.5,630.60065025726,10.7003084964878
264160.00057318,3842730.86608121,672.06354644239,L3_1,209.5,623.435040066293,5.619525740706
264160.00057318,3842730.86608121,672.06354644239,L3_1,209.5,615.911149365778,3.42871567931746
264160.00057318,3842730.86608121,672.06354644239,L3_1,209.5,608.011064130237,2.66008890247617
264160.00057318,3842730.86608121,672.06354644239,L3_1,209.5,599.71597463292,2.62185461595557
264160.00057318,3842730.86608121,672.06354644239,L3_1,209.5,591.006130660736,3.0810220510743
264160.00057318,3842730.86608121,672.06354644239,L3_1,209.5,581.860794489943,3.99339568216825
264160.00057318,3842730.86608121,672.06354644239,L3_1,209.5,572.258191510611,5.35048921323108
264160.00057318,3842730.86608121,672.06354644239,L3_1,209.5,562.175458382312,7.10259022071702
264160.00057318,3842730.86608121,672.06354644239,L3_1,209.5,551.588588597598,9.1430052786232
264160.00057318,3842730.86608121,672.06354644239,L3_1,209.5,540.472375323648,11.3302645248375
264160.00057318,3842730.86608121,672.06354644239,L3_1,209.5,528.800351386001,13.5174303540493
264160.00057318,3842730.86608121,672.06354644239,L3_1,209.5,516.544726251472,15.5733779054546
264160.00057318,3842730.86608121,672.06354644239,L3_1,209.5,503.676319860216,17.3950090933269
264160.00057318,3842730.86608121,672.06354644239,L3_1,209.5,490.164493149397,18.9120746196681
264160.00057318,3842730.86608121,672.06354644239,L3_1,209.5,475.977075103037,20.0860671265482
264160.00057318,3842730.86608121,672.06354644239,L3_1,209.5,461.080286154359,20.9053365538726
264160.00057318,3842730.86608121,672.06354644239,L3_1,209.5,445.438657758248,21.378858534057
264160.00057318,3842730.86608121,672.06354644239,L3_1,209.5,429.014947942331,21.5304270995252
264160.00057318,3842730.86608121,672.06354644239,L3_1,209.5,411.770052635618,21.3940574080748
264160.00057318,3842730.86608121,672.06354644239,L3_1,209.5,393.662912563569,21.0104643504651
264160.00057318,3842730.86608121,672.06354644239,L3_1,209.5,374.650415487918,20.4242521863603
264160.00057318,3842730.86608121,672.06354644239,L3_1,209.5,354.687293558484,19.6815065821974
264160.00057318,3842730.86608121,672.06354644239,L3_1,209.5,333.726015532579,18.827508994406
264160.00057318,3842730.86608121,672.06354644239,L3_1,209.5,311.720746363475,17.9045211162319
264160.00057318,3842730.86608121,672.06354644239,L3_1,209.5,289.030548893934,16.9542182532236
264160.00057318,3842730.86608121,672.06354644239,L3_1,209.5,265.205841550916,16.0103694718703
264160.00057318,3842730.86608121,672.06354644239,L3_1,209.5,240.189898840747,15.0951880891293
264160.00057318,3842730.86608121,672.06354644239,L3_1,209.5,213.92315899507,14.2254220131167
264160.00057318,3842730.86608121,672.06354644239,L3_1,209.5,186.343082157109,13.4126931263506
264160.00057318,3842730.86608121,672.06354644239,L3_1,209.5,157.384001477249,12.6642388565566
264160.00057318,3842730.86608121,672.06354644239,L3_1,209.5,126.976966763397,11.9837031748433
264160.00057318,3842730.86608121,672.06354644239,L3_1,209.5,95.049580313852,11.3718698175401
264160.00057318,3842730.86608121,672.06354644239,L3_1,209.5,,
264160.00057318,3842730.86608121,672.06354644239,L3_1,209.5,,
264160.00057318,3842730.86608121,672.06354644239,L3_1,209.5,,
264160.00057318,3842730.86608121,672.06354644239,L3_1,209.5,,
264160.00057318,3842730.86608121,672.06354644239,L3_1,209.5,,
264160.00057318,3842730.86608121,672.06354644239,L3_1,209.5,,
264160.00057318,3842730.86608121,672.06354644239,L3_1,209.5,,
264160.00057318,3842730.86608121,672.06354644239,L3_1,209.5,,
264160.00057318,3842730.86608121,672.06354644239,L3_1,209.5,,
264160.00057318,3842730.86608121,672.06354644239,L3_1,209.5,,
264160.00057318,3842730.86608121,672.06354644239,L3_1,209.5,,
264160.00057318,3842730.86608121,672.06354644239,L3_1,209.5,,
264160.00057318,3842730.86608121,672.06354644239,L3_1,209.5,,
264160.00057318,3842730.86608121,672.06354644239,L3_1,209.5,,
264160.00057318,3842730.86608121,672.06354644239,L3_1,209.5,,
264160.00057318,3842730.86608121,672.06354644239,L3_1,209.5,,
264160.00057318,3842730.86608121,672.06354644239,L3_1,209.5,,
264160.00057318,3842730.86608121,672.06354644239,L3_1,209.5,,
264160.00057318,3842730.86608121,672.06354644239,L3_1,209.5,,
264160.00057318,3842730.86608121,672.06354644239,L3_1,209.5,,
264160.00057318,3842730.86608121,672.06354644239,L3_1,209.5,,
264164.955490562,3842734.25967893,672.228930926924,L3_1,215.5,672.228930926924,19.6012835470396
264164.955490562,3842734.25967893,672.228930926924,L3_1,215.5,667.134126856013,24.4256883329188
264164.955490562,3842734.25967893,672.228930926924,L3_1,215.5,661.784582581556,36.8612293367521
264164.955490562,3842734.25967893,672.228930926924,L3_1,215.5,656.167561093377,46.4985853411011
264164.955490562,3842734.25967893,672.228930926924,L3_1,215.5,650.269688530788,44.3323660303498
264164.955490562,3842734.25967893,672.228930926924,L3_1,215.5,644.07692234007,33.1197836389106
264164.955490562,3842734.25967893,672.228930926924,L3_1,215.5,637.574517839817,20.1545901286907
264164.955490562,3842734.25967893,672.228930926924,L3_1,215.5,630.74699311455,10.770998688565
264164.955490562,3842734.25967893,672.228930926924,L3_1,215.5,623.57809215302,5.74001599746178
264164.955490562,3842734.25967893,672.228930926924,L3_1,215.5,616.050746143414,3.52833696925519
264164.955490562,3842734.25967893,672.228930926924,L3_1,215.5,608.147032833327,2.74388712495312
264164.955490562,3842734.25967893,672.228930926924,L3_1,215.5,599.848133857736,2.69902514343645
264164.955490562,3842734.25967893,672.228930926924,L3_1,215.5,591.134289933366,3.15573115673283
264164.955490562,3842734.25967893,672.228930926924,L3_1,215.5,581.984753812777,4.06590958094766
264164.955490562,3842734.25967893,672.228930926924,L3_1,215.5,572.377740886158,5.41964078187994
264164.955490562,3842734.25967893,672.228930926924,L3_1,215.5,562.290377313209,7.16921480538158
264164.955490562,3842734.25967893,672.228930926924,L3_1,215.5,551.698645561612,9.21273209080932
264164.955490562,3842734.25967893,672.228930926924,L3_1,215.5,540.577327222435,11.4133010467719
264164.955490562,3842734.25967893,672.228930926924,L3_1,215.5,528.8999429663,13.6253771653744
264164.955490562,3842734.25967893,672.228930926924,L3_1,215.5,516.638689497357,15.715436383843
264164.955490562,3842734.25967893,672.228930926924,L3_1,215.5,503.764373354968,17.5756743418428
264164.955490562,3842734.25967893,672.228930926924,L3_1,215.5,490.246341405459,19.1307635677575
264164.955490562,3842734.25967893,672.228930926924,L3_1,215.5,476.052407858475,20.338030133117
264164.955490562,3842734.25967893,672.228930926924,L3_1,215.5,461.148777634141,21.1830451607614
264164.955490562,3842734.25967893,672.228930926924,L3_1,215.5,445.499965898591,21.6733477999719
264164.955490562,3842734.25967893,672.228930926924,L3_1,215.5,429.068713576263,21.8323850068441
264164.955490562,3842734.25967893,672.228930926924,L3_1,215.5,411.815898637819,21.6946380860052
264164.955490562,3842734.25967893,672.228930926924,L3_1,215.5,393.700442952452,21.3018573061531
264164.955490562,3842734.25967893,672.228930926924,L3_1,215.5,374.679214482818,20.7000501968516
264164.955490562,3842734.25967893,672.228930926924,L3_1,215.5,354.706924589701,19.936906377715
264164.955490562,3842734.25967893,672.228930926924,L3_1,215.5,333.736020201929,19.0593456839676
264164.955490562,3842734.25967893,672.228930926924,L3_1,215.5,311.720746363475,18.1111613147421
264164.955490562,3842734.25967893,672.228930926924,L3_1,215.5,289.030548893934,17.1355572498815
264164.955490562,3842734.25967893,672.228930926924,L3_1,215.5,265.205841550916,16.1674445217976
264164.955490562,3842734.25967893,672.228930926924,L3_1,215.5,240.189898840747,15.229629719493
264164.955490562,3842734.25967893,672.228930926924,L3_1,215.5,213.92315899507,14.3392254751734
264164.955490562,3842734.25967893,672.228930926924,L3_1,215.5,186.343082157109,13.5080267883676
264164.955490562,3842734.25967893,672.228930926924,L3_1,215.5,157.384001477249,12.7433041507712
264164.955490562,3842734.25967893,672.228930926924,L3_1,215.5,126.976966763397,12.0486367863085
264164.955490562,3842734.25967893,672.228930926924,L3_1,215.5,95.049580313852,11.4246802576062
264164.955490562,3842734.25967893,672.228930926924,L3_1,215.5,,
264164.955490562,3842734.25967893,672.228930926924,L3_1,215.5,,
264164.955490562,3842734.25967893,672.228930926924,L3_1,215.5,,
264164.955490562,3842734.25967893,672.228930926924,L3_1,215.5,,
264164.955490562,3842734.25967893,672.228930926924,L3_1,215.5,,
264164.955490562,3842734.25967893,672.228930926924,L3_1,215.5,,
264164.955490562,3842734.25967893,672.228930926924,L3_1,215.5,,
264164.955490562,3842734.25967893,672.228930926924,L3_1,215.5,,
264164.955490562,3842734.25967893,672.228930926924,L3_1,215.5,,
264164.955490562,3842734.25967893,672.228930926924,L3_1,215.5,,
264164.955490562,3842734.25967893,672.228930926924,L3_1,215.5,,
264164.955490562,3842734.25967893,672.228930926924,L3_1,215.5,,
264164.955490562,3842734.25967893,672.228930926924,L3_1,215.5,,
264164.955490562,3842734.25967893,672.228930926924,L3_1,215.5,,
264164.955490562,3842734.25967893,672.228930926924,L3_1,215.5,,
264164.955490562,3842734.25967893,672.228930926924,L3_1,215.5,,
264164.955490562,3842734.25967893,672.228930926924,L3_1,215.5,,
264164.955490562,3842734.25967893,672.228930926924,L3_1,215.5,,
264164.955490562,3842734.25967893,672.228930926924,L3_1,215.5,,
264164.955490562,3842734.25967893,672.228930926924,L3_1,215.5,,
264164.955490562,3842734.25967893,672.228930926924,L3_1,215.5,,
264170.323317725,3842737.93607646,672.338995387757,L3_1,222.0,672.338995387757,16.7267959477427
264170.323317725,3842737.93607646,672.338995387757,L3_1,222.0,667.24263490382,19.9440486941224
264170.323317725,3842737.93607646,672.338995387757,L3_1,222.0,661.891456395687,28.0460846374631
264170.323317725,3842737.93607646,672.338995387757,L3_1,222.0,656.272718962146,35.0483860358495
264170.323317725,3842737.93607646,672.338995387757,L3_1,222.0,650.373044656929,35.150776861744
264170.323317725,3842737.93607646,672.338995387757,L3_1,222.0,644.178386636451,28.1077420762331
264170.323317725,3842737.93607646,672.338995387757,L3_1,222.0,637.673995714949,18.199858611192
264170.323317725,3842737.93607646,672.338995387757,L3_1,222.0,630.844385247372,10.1872721309319
264170.323317725,3842737.93607646,672.338995387757,L3_1,222.0,623.673294256416,5.59803003630524
264170.323317725,3842737.93607646,672.338995387757,L3_1,222.0,616.143648715912,3.50988691706987
264170.323317725,3842737.93607646,672.338995387757,L3_1,222.0,608.237520898383,2.76286354431069
264170.323317725,3842737.93607646,672.338995387757,L3_1,222.0,599.936086689977,2.73248982235689
264170.323317725,3842737.93607646,672.338995387757,L3_1,222.0,591.219580771152,3.19563129665384
264170.323317725,3842737.93607646,672.338995387757,L3_1,222.0,582.067249556385,4.10706109602241
264170.323317725,3842737.93607646,672.338995387757,L3_1,222.0,572.457301780879,5.4576522390548
264170.323317725,3842737.93607646,672.338995387757,L3_1,222.0,562.366856616599,7.20246391903844
264170.323317725,3842737.93607646,672.338995387757,L3_1,222.0,551.771889194104,9.24508652511565
264170.323317725,3842737.93607646,672.338995387757,L3_1,222.0,540.647173400484,11.4542512547235
264170.323317725,3842737.93607646,672.338995387757,L3_1,222.0,528.966221817184,13.6869936581348
264170.323317725,3842737.93607646,672.338995387757,L3_1,222.0,516.701222654719,15.8083637552766
264170.323317725,3842737.93607646,672.338995387757,L3_1,222.0,503.82297353413,17.7063946576313
264170.323317725,3842737.93607646,672.338995387757,L3_1,222.0,490.300811957512,19.3007671783602
264170.323317725,3842737.93607646,672.338995387757,L3_1,222.0,476.102542302063,20.5443715034535
264170.323317725,3842737.93607646,672.338995387757,L3_1,222.0,461.194359163841,21.4195208981652
264170.323317725,3842737.93607646,672.338995387757,L3_1,222.0,445.540766868709,21.9317666209884
264170.323317725,3842737.93607646,672.338995387757,L3_1,222.0,429.10449495882,22.1036978677015
264170.323317725,3842737.93607646,672.338995387757,L3_1,222.0,411.846409453436,21.9698498397799
264170.323317725,3842737.93607646,672.338995387757,L3_1,222.0,393.725419672783,21.5727233914983
264170.323317725,3842737.93607646,672.338995387757,L3_1,222.0,374.698380403098,20.9595692067538
264170.323317725,3842737.93607646,672.338995387757,L3_1,222.0,354.719989169928,20.1796171420189
264170.323317725,3842737.93607646,672.338995387757,L3_1,222.0,333.7426783751,19.2814362782316
264170.323317725,3842737.93607646,672.338995387757,L3_1,222.0,311.720746363475,18.3104109990512
264170.323317725,3842737.93607646,672.338995387757,L3_1,222.0,289.030548893934,17.3113362257669
264170.323317725,3842737.93607646,672.338995387757,L3_1,222.0,265.205841550916,16.3203430358658
264170.323317725,3842737.93607646,672.338995387757,L3_1,222.0,240.189898840747,15.3609290391355
264170.323317725,3842737.93607646,672.338995387757,L3_1,222.0,213.92315899507,14.4506544316541
264170.323317725,3842737.93607646,672.338995387757,L3_1,222.0,186.343082157109,13.6015547030595
264170.323317725,3842737.93607646,672.338995387757,L3_1,222.0,157.384001477249,12.8209857335675
264170.323317725,3842737.93607646,672.338995387757,L3_1,222.0,126.976966763397,12.1125015518425
264170.323317725,3842737.93607646,672.338995387757,L3_1,222.0,95.049580313852,11.4766587474765
264170.323317725,3842737.93607646,672.338995387757,L3_1,222.0,,
264170.323317725,3842737.93607646,672.338995387757,L3_1,222.0,,
264170.323317725,3842737.93607646,672.338995387757,L3_1,222.0,,
264170.323317725,3842737.93607646,672.338995387757,L3_1,222.0,,
264170.323317725,3842737.93607646,672.338995387757,L3_1,222.0,,
264170.323317725,3842737.93607646,672.338995387757,L3_1,222.0,,
264170.323317725,3842737.93607646,672.338995387757,L3_1,222.0,,
264170.323317725,3842737.93607646,672.338995387757,L3_1,222.0,,
264170.323317725,3842737.93607646,672.338995387757,L3_1,222.0,,
264170.323317725,3842737.93607646,672.338995387757,L3_1,222.0,,
264170.323317725,3842737.93607646,672.338995387757,L3_1,222.0,,
264170.323317725,3842737.93607646,672.338995387757,L3_1,222.0,,
264170.323317725,3842737.93607646,672.338995387757,L3_1,222.0,,
264170.323317725,3842737.93607646,672.338995387757,L3_1,222.0,,
264170.323317725,3842737.93607646,672.338995387757,L3_1,222.0,,
264170.323317725,3842737.93607646,672.338995387757,L3_1,222.0,,
264170.323317725,3842737.93607646,672.338995387757,L3_1,222.0,,
264170.323317725,3842737.93607646,672.338995387757,L3_1,222.0,,
264170.323317725,3842737.93607646,672.338995387757,L3_1,222.0,,
264170.323317725,3842737.93607646,672.338995387757,L3_1,222.0,,
264170.323317725,3842737.93607646,672.338995387757,L3_1,222.0,,
264175.278227354,3842741.32967935,672.44905984859,L3_1,228.0,672.44905984859,15.8537600268377
264175.278227354,3842741.32967935,672.44905984859,L3_1,228.0,667.351142951627,17.1548533555484
264175.278227354,3842741.32967935,672.44905984859,L3_1,228.0,661.998330209817,20.8619432931429
264175.278227354,3842741.32967935,672.44905984859,L3_1,228.0,656.377876830916,25.3035621726589
264175.278227354,3842741.32967935,672.44905984859,L3_1,228.0,650.47640078307,26.8725235841247
264175.278227354,3842741.32967935,672.44905984859,L3_1,228.0,644.279850932831,23.2050018579006
264175.278227354,3842741.32967935,672.44905984859,L3_1,228.0,637.773473590081,16.0550851857979
264175.278227354,3842741.32967935,672.44905984859,L3_1,228.0,630.941777380193,9.40846676761624
264175.278227354,3842741.32967935,672.44905984859,L3_1,228.0,623.768496359811,5.31961973139707
264175.278227354,3842741.32967935,672.44905984859,L3_1,228.0,616.23655128841,3.40036593171927
264175.278227354,3842741.32967935,672.44905984859,L3_1,228.0,608.328008963438,2.7160546116231
264175.278227354,3842741.32967935,672.44905984859,L3_1,228.0,600.024039522218,2.71283273298821
264175.278227354,3842741.32967935,672.44905984859,L3_1,228.0,591.304871608937,3.18865979359121
264175.278227354,3842741.32967935,672.44905984859,L3_1,228.0,582.149745299992,4.10466958562008
264175.278227354,3842741.32967935,672.44905984859,L3_1,228.0,572.5368626756,5.45403314735646
264175.278227354,3842741.32967935,672.44905984859,L3_1,228.0,562.443335919988,7.19483516025547
264175.278227354,3842741.32967935,672.44905984859,L3_1,228.0,551.845132826596,9.23602511238961
264175.278227354,3842741.32967935,672.44905984859,L3_1,228.0,540.717019578534,11.452125717474
264175.278227354,3842741.32967935,672.44905984859,L3_1,228.0,529.032500668068,13.7033894758996
264175.278227354,3842741.32967935,672.44905984859,L3_1,228.0,516.76375581208,15.8543040370834
264175.278227354,3842741.32967935,672.44905984859,L3_1,228.0,503.881573713292,17.7894851189134
264175.278227354,3842741.32967935,672.44905984859,L3_1,228.0,490.355282509565,19.4240286294291
264175.278227354,3842741.32967935,672.44905984859,L3_1,228.0,476.152676745651,20.7064167685278
264175.278227354,3842741.32967935,672.44905984859,L3_1,228.0,461.239940693542,21.6154378632128
264175.278227354,3842741.32967935,672.44905984859,L3_1,228.0,445.581567838827,22.1542301344869
264175.278227354,3842741.32967935,672.44905984859,L3_1,228.0,429.140276341377,22.3440686467033
264175.278227354,3842741.32967935,672.44905984859,L3_1,228.0,411.876920269054,22.2191355996049
264175.278227354,3842741.32967935,672.44905984859,L3_1,228.0,393.750396393114,21.8223737693194
264175.278227354,3842741.32967935,672.44905984859,L3_1,228.0,374.717546323378,21.2020835071509
264175.278227354,3842741.32967935,672.44905984859,L3_1,228.0,354.733053750155,20.408938554773
264175.278227354,3842741.32967935,672.44905984859,L3_1,228.0,333.749336548271,19.4931411779471
264175.278227354,3842741.32967935,672.44905984859,L3_1,228.0,311.720746363475,18.5017023385009
264175.278227354,3842741.32967935,672.44905984859,L3_1,228.0,289.030548893934,17.481063297299
264175.278227354,3842741.32967935,672.44905984859,L3_1,228.0,265.205841550916,16.4686531927267
264175.278227354,3842741.32967935,672.44905984859,L3_1,228.0,240.189898840747,15.4887487345839
264175.278227354,3842741.32967935,672.44905984859,L3_1,228.0,213.92315899507,14.5594356978193
264175.278227354,3842741.32967935,672.44905984859,L3_1,228.0,186.343082157109,13.6930577281645
264175.278227354,3842741.32967935,672.44905984859,L3_1,228.0,157.384001477249,12.8971089664719
264175.278227354,3842741.32967935,672.44905984859,L3_1,228.0,126.976966763397,12.1751587957942
264175.278227354,3842741.32967935,672.44905984859,L3_1,228.0,95.049580313852,11.5276962857843
264175.278227354,3842741.32967935,672.44905984859,L3_1,228.0,,
264175.278227354,3842741.32967935,672.44905984859,L3_1,228.0,,
264175.278227354,3842741.32967935,672.44905984859,L3_1,228.0,,
264175.278227354,3842741.32967935,672.44905984859,L3_1,228.0,,
264175.278227354,3842741.32967935,672.44905984859,L3_1,228.0,,
264175.278227354,3842741.32967935,672.44905984859,L3_1,228.0,,
264175.278227354,3842741.32967935,672.44905984859,L3_1,228.0,,
264175.278227354,3842741.32967935,672.44905984859,L3_1,228.0,,
264175.278227354,3842741.32967935,672.44905984859,L3_1,228.0,,
264175.278227354,3842741.32967935,672.44905984859,L3_1,228.0,,
264175.278227354,3842741.32967935,672.44905984859,L3_1,228.0,,
264175.278227354,3842741.32967935,672.44905984859,L3_1,228.0,,
264175.278227354,3842741.32967935,672.44905984859,L3_1,228.0,,
264175.278227354,3842741.32967935,672.44905984859,L3_1,228.0,,
264175.278227354,3842741.32967935,672.44905984859,L3_1,228.0,,
264175.278227354,3842741.32967935,672.44905984859,L3_1,228.0,,
264175.278227354,3842741.32967935,672.44905984859,L3_1,228.0,,
264175.278227354,3842741.32967935,672.44905984859,L3_1,228.0,,
264175.278227354,3842741.32967935,672.44905984859,L3_1,228.0,,
264175.278227354,3842741.32967935,672.44905984859,L3_1,228.0,,
264175.278227354,3842741.32967935,672.44905984859,L3_1,228.0,,
264180.646037719,3842745.00608809,672.559124309422,L3_1,234.5,672.559124309422,20.6077736138879
264180.646037719,3842745.00608809,672.559124309422,L3_1,234.5,667.459650999434,17.7242393472856
264180.646037719,3842745.00608809,672.559124309422,L3_1,234.5,662.105204023947,16.0558605615186
264180.646037719,3842745.00608809,672.559124309422,L3_1,234.5,656.483034699685,18.7524097611949
264180.646037719,3842745.00608809,672.559124309422,L3_1,234.5,650.57975690921,21.3304237095833
264180.646037719,3842745.00608809,672.559124309422,L3_1,234.5,644.381315229212,19.8377940675758
264180.646037719,3842745.00608809,672.559124309422,L3_1,234.5,637.872951465213,14.4509392724567
264180.646037719,3842745.00608809,672.559124309422,L3_1,234.5,631.039169513015,8.69932586146796
264180.646037719,3842745.00608809,672.559124309422,L3_1,234.5,623.863698463206,4.97988931211409
264180.646037719,3842745.00608809,672.559124309422,L3_1,234.5,616.329453860907,3.21588364896316
264180.646037719,3842745.00608809,672.559124309422,L3_1,234.5,608.418497028494,2.60227659878008
264180.646037719,3842745.00608809,672.559124309422,L3_1,234.5,600.111992354459,2.63334389295253
264180.646037719,3842745.00608809,672.559124309422,L3_1,234.5,591.390162446723,3.12623175792929
264180.646037719,3842745.00608809,672.559124309422,L3_1,234.5,582.2322410436,4.0499091172686
264180.646037719,3842745.00608809,672.559124309422,L3_1,234.5,572.616423570321,5.40086123290955
264180.646037719,3842745.00608809,672.559124309422,L3_1,234.5,562.519815223378,7.14011298652974
264180.646037719,3842745.00608809,672.559124309422,L3_1,234.5,551.918376459087,9.18135270684912
264180.646037719,3842745.00608809,672.559124309422,L3_1,234.5,540.786865756583,11.4045794201151
264180.646037719,3842745.00608809,672.559124309422,L3_1,234.5,529.098779518953,13.673604293988
264180.646037719,3842745.00608809,672.559124309422,L3_1,234.5,516.826288969441,15.8531482073189
264180.646037719,3842745.00608809,672.559124309422,L3_1,234.5,503.940173892454,17.8252407890532
264180.646037719,3842745.00608809,672.559124309422,L3_1,234.5,490.409753061618,19.5009462221092
264180.646037719,3842745.00608809,672.559124309422,L3_1,234.5,476.202811189239,20.8245060350875
264180.646037719,3842745.00608809,672.559124309422,L3_1,234.5,461.285522223242,21.7710174603371
264180.646037719,3842745.00608809,672.559124309422,L3_1,234.5,445.622368808945,22.3408418066583
264180.646037719,3842745.00608809,672.559124309422,L3_1,234.5,429.176057723933,22.5535114284816
264180.646037719,3842745.00608809,672.559124309422,L3_1,234.5,411.907431084671,22.4424530745393
264180.646037719,3842745.00608809,672.559124309422,L3_1,234.5,393.775373113445,22.0507388428879
264180.646037719,3842745.00608809,672.559124309422,L3_1,234.5,374.736712243658,21.4275160451191
264180.646037719,3842745.00608809,672.559124309422,L3_1,234.5,354.746118330382,20.6247970511839
264180.646037719,3842745.00608809,672.559124309422,L3_1,234.5,333.755994721442,19.6943959029999
264180.646037719,3842745.00608809,672.559124309422,L3_1,234.5,311.720746363475,18.6849812264591
264180.646037719,3842745.00608809,672.559124309422,L3_1,234.5,289.030548893934,17.6446935566733
264180.646037719,3842745.00608809,672.559124309422,L3_1,234.5,265.205841550916,16.6123386667514
264180.646037719,3842745.00608809,672.559124309422,L3_1,234.5,240.189898840747,15.613060439469
264180.646037719,3842745.00608809,672.559124309422,L3_1,234.5,213.92315899507,14.6655473114759
264180.646037719,3842745.00608809,672.559124309422,L3_1,234.5,186.343082157109,13.7825189514263
264180.646037719,3842745.00608809,672.559124309422,L3_1,234.5,157.384001477249,12.9716611326402
264180.646037719,3842745.00608809,672.559124309422,L3_1,234.5,126.976966763397,12.2365990132226
264180.646037719,3842745.00608809,672.559124309422,L3_1,234.5,95.049580313852,11.5777858655743
264180.646037719,3842745.00608809,672.559124309422,L3_1,234.5,,
264180.646037719,3842745.00608809,672.559124309422,L3_1,234.5,,
264180.646037719,3842745.00608809,672.559124309422,L3_1,234.5,,
264180.646037719,3842745.00608809,672.559124309422,L3_1,234.5,,
264180.646037719,3842745.00608809,672.559124309422,L3_1,234.5,,
264180.646037719,3842745.00608809,672.559124309422,L3_1,234.5,,
264180.646037719,3842745.00608809,672.559124309422,L3_1,234.5,,
264180.646037719,3842745.00608809,672.559124309422,L3_1,234.5,,
264180.646037719,3842745.00608809,672.559124309422,L3_1,234.5,,
264180.646037719,3842745.00608809,672.559124309422,L3_1,234.5,,
264180.646037719,3842745.00608809,672.559124309422,L3_1,234.5,,
264180.646037719,3842745.00608809,672.559124309422,L3_1,234.5,,
264180.646037719,3842745.00608809,672.559124309422,L3_1,234.5,,
264180.646037719,3842745.00608809,672.559124309422,L3_1,234.5,,
264180.646037719,3842745.00608809,672.559124309422,L3_1,234.5,,
264180.646037719,3842745.00608809,672.559124309422,L3_1,234.5,,
264180.646037719,3842745.00608809,672.559124309422,L3_1,234.5,,
264180.646037719,3842745.00608809,672.559124309422,L3_1,234.5,,
264180.646037719,3842745.00608809,672.559124309422,L3_1,234.5,,
264180.646037719,3842745.00608809,672.559124309422,L3_1,234.5,,
264180.646037719,3842745.00608809,672.559124309422,L3_1,234.5,,
264185.600939594,3842748.39969616,672.663333072922,L3_1,240.5,672.663333072922,17.3003977322748
264185.600939594,3842748.39969616,672.663333072922,L3_1,240.5,667.562386154871,14.5650305414337
264185.600939594,3842748.39969616,672.663333072922,L3_1,240.5,662.206391890918,13.501886652144
264185.600939594,3842748.39969616,672.663333072922,L3_1,240.5,656.582597913767,17.2433267725098
264185.600939594,3842748.39969616,672.663333072922,L3_1,240.5,650.677614237759,20.9620436706746
264185.600939594,3842748.39969616,672.663333072922,L3_1,240.5,644.47738137795,19.936929592039
264185.600939594,3842748.39969616,672.663333072922,L3_1,240.5,637.96713687515,14.3734740993294
264185.600939594,3842748.39969616,672.663333072922,L3_1,240.5,631.131380147211,8.43313155692234
264185.600939594,3842748.39969616,672.663333072922,L3_1,240.5,623.953835582875,4.71204832052932
264185.600939594,3842748.39969616,672.663333072922,L3_1,240.5,616.417413790322,3.01184982953157
264185.600939594,3842748.39969616,672.663333072922,L3_1,240.5,608.504170908141,2.44986648493384
264185.600939594,3842748.39969616,672.663333072922,L3_1,240.5,600.195265881852,2.51112922674907
264185.600939594,3842748.39969616,672.663333072922,L3_1,240.5,591.470915604247,3.02005108012887
264185.600939594,3842748.39969616,672.663333072922,L3_1,240.5,582.310347812763,3.95176033378707
264185.600939594,3842748.39969616,672.663333072922,L3_1,240.5,572.691751631704,5.30598211786321
264185.600939594,3842748.39969616,672.663333072922,L3_1,240.5,562.592225641593,7.04607057265023
264185.600939594,3842748.39969616,672.663333072922,L3_1,240.5,551.987723351976,9.08933386419799
264185.600939594,3842748.39969616,672.663333072922,L3_1,240.5,540.852995947878,11.3204069639021
264185.600939594,3842748.39969616,672.663333072922,L3_1,240.5,529.161532173575,13.6065941779476
264185.600939594,3842748.39969616,672.663333072922,L3_1,240.5,516.885495210557,15.8134659253268
264185.600939594,3842748.39969616,672.663333072922,L3_1,240.5,503.995656399388,17.8213390953853
264185.600939594,3842748.39969616,672.663333072922,L3_1,240.5,490.461325647661,19.5379683262605
264185.600939594,3842748.39969616,672.663333072922,L3_1,240.5,476.250278358347,20.9037242109288
264185.600939594,3842748.39969616,672.663333072922,L3_1,240.5,461.328678704567,21.8900247780131
264185.600939594,3842748.39969616,672.663333072922,L3_1,240.5,445.660999068099,22.4942079271606
264185.600939594,3842748.39969616,672.663333072922,L3_1,240.5,429.209935449807,22.7336830957025
264185.600939594,3842748.39969616,672.663333072922,L3_1,240.5,411.936318650601,22.640735191451
264185.600939594,3842748.39969616,672.663333072922,L3_1,240.5,393.799021011434,22.2582382281419
264185.600939594,3842748.39969616,672.663333072922,L3_1,240.5,374.754858490309,21.6359440185346
264185.600939594,3842748.39969616,672.663333072922,L3_1,240.5,354.758487843128,20.8270619854472
264185.600939594,3842748.39969616,672.663333072922,L3_1,240.5,333.762298663587,19.8849562223208
264185.600939594,3842748.39969616,672.663333072922,L3_1,240.5,311.720746363475,18.8599534628228
264185.600939594,3842748.39969616,672.663333072922,L3_1,240.5,289.030548893934,17.8019263654239
264185.600939594,3842748.39969616,672.663333072922,L3_1,240.5,265.205841550916,16.751114410259
264185.600939594,3842748.39969616,672.663333072922,L3_1,240.5,240.189898840747,15.7336065632708
264185.600939594,3842748.39969616,672.663333072922,L3_1,240.5,213.92315899507,14.7687665110354
264185.600939594,3842748.39969616,672.663333072922,L3_1,240.5,186.343082157109,13.869749780326
264185.600939594,3842748.39969616,672.663333072922,L3_1,240.5,157.384001477249,13.0444847483234
264185.600939594,3842748.39969616,672.663333072922,L3_1,240.5,126.976966763397,12.2966940571165
264185.600939594,3842748.39969616,672.663333072922,L3_1,240.5,95.049580313852,11.6268251734677
264185.600939594,3842748.39969616,672.663333072922,L3_1,240.5,,
264185.600939594,3842748.39969616,672.663333072922,L3_1,240.5,,
264185.600939594,3842748.39969616,672.663333072922,L3_1,240.5,,
264185.600939594,3842748.39969616,672.663333072922,L3_1,240.5,,
264185.600939594,3842748.39969616,672.663333072922,L3_1,240.5,,
264185.600939594,3842748.39969616,672.663333072922,L3_1,240.5,,
264185.600939594,3842748.39969616,672.663333072922,L3_1,240.5,,
264185.600939594,3842748.39969616,672.663333072922,L3_1,240.5,,
264185.600939594,3842748.39969616,672.663333072922,L3_1,240.5,,
264185.600939594,3842748.39969616,672.663333072922,L3_1,240.5,,
264185.600939594,3842748.39969616,672.663333072922,L3_1,240.5,,
264185.600939594,3842748.39969616,672.663333072922,L3_1,240.5,,
264185.600939594,3842748.39969616,672.663333072922,L3_1,240.5,,
264185.600939594,3842748.39969616,672.663333072922,L3_1,240.5,,
264185.600939594,3842748.39969616,672.663333072922,L3_1,240.5,,
264185.600939594,3842748.39969616,672.663333072922,L3_1,240.5,,
264185.600939594,3842748.39969616,672.663333072922,L3_1,240.5,,
264185.600939594,3842748.39969616,672.663333072922,L3_1,240.5,,
264185.600939594,3842748.39969616,672.663333072922,L3_1,240.5,,
264185.600939594,3842748.39969616,672.663333072922,L3_1,240.5,,
264185.600939594,3842748.39969616,672.663333072922,L3_1,240.5,,
264190.968749959,3842752.0761049,672.761675619408,L3_1,247.0,672.761675619408,8.79027476698922
264190.968749959,3842752.0761049,672.761675619408,L3_1,247.0,667.659338047015,9.976749722733
264190.968749959,3842752.0761049,672.761675619408,L3_1,247.0,662.301883596003,14.4679278650727
264190.968749959,3842752.0761049,672.761675619408,L3_1,247.0,656.676556422441,22.1277029866885
264190.968749959,3842752.0761049,672.761675619408,L3_1,247.0,650.7699628902,27.2671938743761
264190.968749959,3842752.0761049,672.761675619408,L3_1,247.0,644.568039681347,24.4450943521143
264190.968749959,3842752.0761049,672.761675619408,L3_1,247.0,638.056020312052,16.1375293496301
264190.968749959,3842752.0761049,672.761675619408,L3_1,247.0,631.218399974292,8.67651592498712
264190.968749959,3842752.0761049,672.761675619408,L3_1,247.0,624.038898619643,4.53976066459252
264190.968749959,3842752.0761049,672.761675619408,L3_1,247.0,616.500422197263,2.80729296270474
264190.968749959,3842752.0761049,672.761675619408,L3_1,247.0,608.585021953763,2.27472375324716
264190.968749959,3842752.0761049,672.761675619408,L3_1,247.0,600.273851698089,2.35887169746544
264190.968749959,3842752.0761049,672.761675619408,L3_1,247.0,591.54712292963,2.88008332500547
264190.968749959,3842752.0761049,672.761675619408,L3_1,247.0,582.384057722749,3.81789830292056
264190.968749959,3842752.0761049,672.761675619408,L3_1,247.0,572.762839255524,5.17512014924134
264190.968749959,3842752.0761049,672.761675619408,L3_1,247.0,562.660559864937,6.91690282444054
264190.968749959,3842752.0761049,672.761675619408,L3_1,247.0,552.053166504821,8.96312090099582
264190.968749959,3842752.0761049,672.761675619408,L3_1,247.0,540.915403476699,11.2021240596322
264190.968749959,3842752.0761049,672.761675619408,L3_1,247.0,529.220752297172,13.5044736982466
264190.968749959,3842752.0761049,672.761675619408,L3_1,247.0,516.941368558667,15.7370545272401
264190.968749959,3842752.0761049,672.761675619408,L3_1,247.0,504.048015633238,17.7792654860352
264190.968749959,3842752.0761049,672.761675619408,L3_1,247.0,490.509995061537,19.5362601316829
264190.968749959,3842752.0761049,672.761675619408,L3_1,247.0,476.295073461251,20.9449262539537
264190.968749959,3842752.0761049,672.761675619408,L3_1,247.0,461.369405780951,21.973038931809
264190.968749959,3842752.0761049,672.761675619408,L3_1,247.0,445.697454716636,22.6146824664877
264190.968749959,3842752.0761049,672.761675619408,L3_1,247.0,429.241906099105,22.8847710664827
264190.968749959,3842752.0761049,672.761675619408,L3_1,247.0,411.963580050697,22.814057379372
264190.968749959,3842752.0761049,672.761675619408,L3_1,247.0,393.821337699869,22.4448787137668
264190.968749959,3842752.0761049,672.761675619408,L3_1,247.0,374.7719832315,21.8273379661868
264190.968749959,3842752.0761049,672.761675619408,L3_1,247.0,354.770161039712,21.0156892294545
264190.968749959,3842752.0761049,672.761675619408,L3_1,247.0,333.768247738335,20.0647754806654
264190.968749959,3842752.0761049,672.761675619408,L3_1,247.0,311.720746363475,19.026575761935
264190.968749959,3842752.0761049,672.761675619408,L3_1,247.0,289.030548893934,17.9527245744635
264190.968749959,3842752.0761049,672.761675619408,L3_1,247.0,265.205841550916,16.8849496916282
264190.968749959,3842752.0761049,672.761675619408,L3_1,247.0,240.189898840747,15.8503620867487
264190.968749959,3842752.0761049,672.761675619408,L3_1,247.0,213.92315899507,14.8690733119997
264190.968749959,3842752.0761049,672.761675619408,L3_1,247.0,186.343082157109,13.9547345834567
264190.968749959,3842752.0761049,672.761675619408,L3_1,247.0,157.384001477249,13.1155678147404
264190.968749959,3842752.0761049,672.761675619408,L3_1,247.0,126.976966763397,12.3554348240337
264190.968749959,3842752.0761049,672.761675619408,L3_1,247.0,95.049580313852,11.6748074023671
264190.968749959,3842752.0761049,672.761675619408,L3_1,247.0,,
264190.968749959,3842752.0761049,672.761675619408,L3_1,247.0,,
264190.968749959,3842752.0761049,672.761675619408,L3_1,247.0,,
264190.968749959,3842752.0761049,672.761675619408,L3_1,247.0,,
264190.968749959,3842752.0761049,672.761675619408,L3_1,247.0,,
264190.968749959,3842752.0761049,672.761675619408,L3_1,247.0,,
264190.968749959,3842752.0761049,672.761675619408,L3_1,247.0,,
264190.968749959,3842752.0761049,672.761675619408,L3_1,247.0,,
264190.968749959,3842752.0761049,672.761675619408,L3_1,247.0,,
264190.968749959,3842752.0761049,672.761675619408,L3_1,247.0,,
264190.968749959,3842752.0761049,672.761675619408,L3_1,247.0,,
264190.968749959,3842752.0761049,672.761675619408,L3_1,247.0,,
264190.968749959,3842752.0761049,672.761675619408,L3_1,247.0,,
264190.968749959,3842752.0761049,672.761675619408,L3_1,247.0,,
264190.968749959,3842752.0761049,672.761675619408,L3_1,247.0,,
264190.968749959,3842752.0761049,672.761675619408,L3_1,247.0,,
264190.968749959,3842752.0761049,672.761675619408,L3_1,247.0,,
264190.968749959,3842752.0761049,672.761675619408,L3_1,247.0,,
264190.968749959,3842752.0761049,672.761675619408,L3_1,247.0,,
264190.968749959,3842752.0761049,672.761675619408,L3_1,247.0,,
264190.968749959,3842752.0761049,672.761675619408,L3_1,247.0,,
264195.923645783,3842755.46978471,672.860018165894,L3_1,253.0,672.860018165894,7.39269330710917
264195.923645783,3842755.46978471,672.860018165894,L3_1,253.0,667.75628993916,10.6226268046397
264195.923645783,3842755.46978471,672.860018165894,L3_1,253.0,662.397375301089,21.5922996824725
264195.923645783,3842755.46978471,672.860018165894,L3_1,253.0,656.770514931114,35.7416257969908
264195.923645783,3842755.46978471,672.860018165894,L3_1,253.0,650.862311542641,40.647711268908
264195.923645783,3842755.46978471,672.860018165894,L3_1,253.0,644.658697984745,32.2555170877126
264195.923645783,3842755.46978471,672.860018165894,L3_1,253.0,638.144903748953,18.7927436230441
264195.923645783,3842755.46978471,672.860018165894,L3_1,253.0,631.305419801372,9.0646133783238
264195.923645783,3842755.46978471,672.860018165894,L3_1,253.0,624.123961656412,4.38855326177098
264195.923645783,3842755.46978471,672.860018165894,L3_1,253.0,616.583430604204,2.60951394193671
264195.923645783,3842755.46978471,672.860018165894,L3_1,253.0,608.665872999385,2.10095135067564
264195.923645783,3842755.46978471,672.860018165894,L3_1,253.0,600.352437514326,2.20286006432065
264195.923645783,3842755.46978471,672.860018165894,L3_1,253.0,591.623330255013,2.73188627151702
264195.923645783,3842755.46978471,672.860018165894,L3_1,253.0,582.457767632735,3.67237026651541
264195.923645783,3842755.46978471,672.860018165894,L3_1,253.0,572.833926879343,5.03035945267213
264195.923645783,3842755.46978471,672.860018165894,L3_1,253.0,562.728894088281,6.77257092468163
264195.923645783,3842755.46978471,672.860018165894,L3_1,253.0,552.118609657667,8.82071815419729
264195.923645783,3842755.46978471,672.860018165894,L3_1,253.0,540.977811005521,11.0660415698077
264195.923645783,3842755.46978471,672.860018165894,L3_1,253.0,529.279972420768,13.3819989740883
264195.923645783,3842755.46978471,672.860018165894,L3_1,253.0,516.997241906778,15.6370829768703
264195.923645783,3842755.46978471,672.860018165894,L3_1,253.0,504.100374867088,17.710479552982
264195.923645783,3842755.46978471,672.860018165894,L3_1,253.0,490.558664475414,19.5054672956348
264195.923645783,3842755.46978471,672.860018165894,L3_1,253.0,476.339868564156,20.9559241213705
264195.923645783,3842755.46978471,672.860018165894,L3_1,253.0,461.410132857335,22.0261234009632
264195.923645783,3842755.46978471,672.860018165894,L3_1,253.0,445.733910365173,22.7067595212055
264195.923645783,3842755.46978471,672.860018165894,L3_1,253.0,429.273876748403,23.0099469529822
264195.923645783,3842755.46978471,672.860018165894,L3_1,253.0,411.990841450794,22.9645348714769
264195.923645783,3842755.46978471,672.860018165894,L3_1,253.0,393.843654388305,22.6119722546013
264195.923645783,3842755.46978471,672.860018165894,L3_1,253.0,374.789107972691,22.0024327299201
264195.923645783,3842755.46978471,672.860018165894,L3_1,253.0,354.781834236297,21.1910181160237
264195.923645783,3842755.46978471,672.860018165894,L3_1,253.0,333.774196813083,20.2339383660069
264195.923645783,3842755.46978471,672.860018165894,L3_1,253.0,311.720746363475,19.1847814151347
264195.923645783,3842755.46978471,672.860018165894,L3_1,253.0,289.030548893934,18.096939001084
264195.923645783,3842755.46978471,672.860018165894,L3_1,253.0,265.205841550916,17.0136614773741
264195.923645783,3842755.46978471,672.860018165894,L3_1,253.0,240.189898840747,15.9631379204188
264195.923645783,3842755.46978471,672.860018165894,L3_1,253.0,213.92315899507,14.9662863962884
264195.923645783,3842755.46978471,672.860018165894,L3_1,253.0,186.343082157109,14.0373099970722
264195.923645783,3842755.46978471,672.860018165894,L3_1,253.0,157.384001477249,13.184769956478
264195.923645783,3842755.46978471,672.860018165894,L3_1,253.0,126.976966763397,12.412702850417
264195.923645783,3842755.46978471,672.860018165894,L3_1,253.0,95.049580313852,11.7216346789138
264195.923645783,3842755.46978471,672.860018165894,L3_1,253.0,,
264195.923645783,3842755.46978471,672.860018165894,L3_1,253.0,,
264195.923645783,3842755.46978471,672.860018165894,L3_1,253.0,,
264195.923645783,3842755.46978471,672.860018165894,L3_1,253.0,,
264195.923645783,3842755.46978471,672.860018165894,L3_1,253.0,,
264195.923645783,3842755.46978471,672.860018165894,L3_1,253.0,,
264195.923645783,3842755.46978471,672.860018165894,L3_1,253.0,,
264195.923645783,3842755.46978471,672.860018165894,L3_1,253.0,,
264195.923645783,3842755.46978471,672.860018165894,L3_1,253.0,,
264195.923645783,3842755.46978471,672.860018165894,L3_1,253.0,,
264195.923645783,3842755.46978471,672.860018165894,L3_1,253.0,,
264195.923645783,3842755.46978471,672.860018165894,L3_1,253.0,,
264195.923645783,3842755.46978471,672.860018165894,L3_1,253.0,,
264195.923645783,3842755.46978471,672.860018165894,L3_1,253.0,,
264195.923645783,3842755.46978471,672.860018165894,L3_1,253.0,,
264195.923645783,3842755.46978471,672.860018165894,L3_1,253.0,,
264195.923645783,3842755.46978471,672.860018165894,L3_1,253.0,,
264195.923645783,3842755.46978471,672.860018165894,L3_1,253.0,,
264195.923645783,3842755.46978471,672.860018165894,L3_1,253.0,,
264195.923645783,3842755.46978471,672.860018165894,L3_1,253.0,,
264195.923645783,3842755.46978471,672.860018165894,L3_1,253.0,,
264201.291443036,3842759.14634887,672.95836071238,L3_1,259.5,672.95836071238,8.36986567397282
264201.291443036,3842759.14634887,672.95836071238,L3_1,259.5,667.853241831304,14.7053660653738
264201.291443036,3842759.14634887,672.95836071238,L3_1,259.5,662.492867006174,38.1746155309934
264201.291443036,3842759.14634887,672.95836071238,L3_1,259.5,656.864473439788,61.981876758228
264201.291443036,3842759.14634887,672.95836071238,L3_1,259.5,650.954660195083,61.1157937468444
264201.291443036,3842759.14634887,672.95836071238,L3_1,259.5,644.749356288142,41.67211980454
264201.291443036,3842759.14634887,672.95836071238,L3_1,259.5,638.233787185855,21.294316053525
264201.291443036,3842759.14634887,672.95836071238,L3_1,259.5,631.392439628453,9.26515135670072
264201.291443036,3842759.14634887,672.95836071238,L3_1,259.5,624.20902469318,4.18843651817995
264201.291443036,3842759.14634887,672.95836071238,L3_1,259.5,616.666439011145,2.41323579011033
264201.291443036,3842759.14634887,672.95836071238,L3_1,259.5,608.746724045007,1.93796904349294
264201.291443036,3842759.14634887,672.95836071238,L3_1,259.5,600.431023330563,2.05633872451098
264201.291443036,3842759.14634887,672.95836071238,L3_1,259.5,591.699537580396,2.58968338471894
264201.291443036,3842759.14634887,672.95836071238,L3_1,259.5,582.531477542721,3.52892808465615
264201.291443036,3842759.14634887,672.95836071238,L3_1,259.5,572.905014503162,4.88381730411696
264201.291443036,3842759.14634887,672.95836071238,L3_1,259.5,562.797228311626,6.62288180891049
264201.291443036,3842759.14634887,672.95836071238,L3_1,259.5,552.184052810512,8.66958513364996
264201.291443036,3842759.14634887,672.95836071238,L3_1,259.5,541.040218534343,10.9176501104213
264201.291443036,3842759.14634887,672.95836071238,L3_1,259.5,529.339192544365,13.2431737566886
264201.291443036,3842759.14634887,672.95836071238,L3_1,259.5,517.053115254889,15.5164809650503
264201.291443036,3842759.14634887,672.95836071238,L3_1,259.5,504.152734100938,17.6171318121796
264201.291443036,3842759.14634887,672.95836071238,L3_1,259.5,490.607333889291,19.4471567997373
264201.291443036,3842759.14634887,672.95836071238,L3_1,259.5,476.38466366706,20.937834026326
264201.291443036,3842759.14634887,672.95836071238,L3_1,259.5,461.450859933719,22.0500417472906
264201.291443036,3842759.14634887,672.95836071238,L3_1,259.5,445.77036601371,22.7709323866035
264201.291443036,3842759.14634887,672.95836071238,L3_1,259.5,429.3058473977,23.1095039811874
264201.291443036,3842759.14634887,672.95836071238,L3_1,259.5,412.018102850891,23.0923210506888
264201.291443036,3842759.14634887,672.95836071238,L3_1,259.5,393.86597107674,22.7595811900121
264201.291443036,3842759.14634887,672.95836071238,L3_1,259.5,374.806232713883,22.1612362649658
264201.291443036,3842759.14634887,672.95836071238,L3_1,259.5,354.793507432882,21.3530280869536
264201.291443036,3842759.14634887,672.95836071238,L3_1,259.5,333.780145887831,20.3924130528025
264201.291443036,3842759.14634887,672.95836071238,L3_1,259.5,311.720746363475,19.3345373804654
264201.291443036,3842759.14634887,672.95836071238,L3_1,259.5,289.030548893934,18.2345395942058
264201.291443036,3842759.14634887,672.95836071238,L3_1,259.5,265.205841550916,17.1372238621024
264201.291443036,3842759.14634887,672.95836071238,L3_1,259.5,240.189898840747,16.0719125326612
264201.291443036,3842759.14634887,672.95836071238,L3_1,259.5,213.92315899507,15.060388381885
264201.291443036,3842759.14634887,672.95836071238,L3_1,259.5,186.343082157109,14.1174621851401
264201.291443036,3842759.14634887,672.95836071238,L3_1,259.5,157.384001477249,13.2520800950594
264201.291443036,3842759.14634887,672.95836071238,L3_1,259.5,126.976966763397,12.4684894961196
264201.291443036,3842759.14634887,672.95836071238,L3_1,259.5,95.049580313852,11.7673004370554
264201.291443036,3842759.14634887,672.95836071238,L3_1,259.5,,
264201.291443036,3842759.14634887,672.95836071238,L3_1,259.5,,
264201.291443036,3842759.14634887,672.95836071238,L3_1,259.5,,
264201.291443036,3842759.14634887,672.95836071238,L3_1,259.5,,
264201.291443036,3842759.14634887,672.95836071238,L3_1,259.5,,
264201.291443036,3842759.14634887,672.95836071238,L3_1,259.5,,
264201.291443036,3842759.14634887,672.95836071238,L3_1,259.5,,
264201.291443036,3842759.14634887,672.95836071238,L3_1,259.5,,
264201.291443036,3842759.14634887,672.95836071238,L3_1,259.5,,
264201.291443036,3842759.14634887,672.95836071238,L3_1,259.5,,
264201.291443036,3842759.14634887,672.95836071238,L3_1,259.5,,
264201.291443036,3842759.14634887,672.95836071238,L3_1,259.5,,
264201.291443036,3842759.14634887,672.95836071238,L3_1,259.5,,
264201.291443036,3842759.14634887,672.95836071238,L3_1,259.5,,
264201.291443036,3842759.14634887,672.95836071238,L3_1,259.5,,
264201.291443036,3842759.14634887,672.95836071238,L3_1,259.5,,
264201.291443036,3842759.14634887,672.95836071238,L3_1,259.5,,
264201.291443036,3842759.14634887,672.95836071238,L3_1,259.5,,
264201.291443036,3842759.14634887,672.95836071238,L3_1,259.5,,
264201.291443036,3842759.14634887,672.95836071238,L3_1,259.5,,
264201.291443036,3842759.14634887,672.95836071238,L3_1,259.5,,
264206.246332809,3842762.54010041,673.017853077731,L3_1,265.5,673.017853077731,8.2952256889088
264206.246332809,3842762.54010041,673.017853077731,L3_1,265.5,667.91189291972,15.0815029814462
264206.246332809,3842762.54010041,673.017853077731,L3_1,265.5,662.550634753807,41.3192916706183
264206.246332809,3842762.54010041,673.017853077731,L3_1,265.5,656.9213136796,67.9288108492031
264206.246332809,3842762.54010041,673.017853077731,L3_1,265.5,651.010526551681,65.2205116886206
264206.246332809,3842762.54010041,673.017853077731,L3_1,265.5,644.804200067367,42.6103556935713
264206.246332809,3842762.54010041,673.017853077731,L3_1,265.5,638.287557258837,20.8035889747008
264206.246332809,3842762.54010041,673.017853077731,L3_1,265.5,631.445082309881,8.71076240306486
264206.246332809,3842762.54010041,673.017853077731,L3_1,265.5,624.260483613477,3.85144597059888
264206.246332809,3842762.54010041,673.017853077731,L3_1,265.5,616.716654982252,2.21286987789421
264206.246332809,3842762.54010041,673.017853077731,L3_1,265.5,608.795634919467,1.79593229529449
264206.246332809,3842762.54010041,673.017853077731,L3_1,265.5,600.478563853542,1.93467327850631
264206.246332809,3842762.54010041,673.017853077731,L3_1,265.5,591.74563923432,2.47188169968231
264206.246332809,3842762.54010041,673.017853077731,L3_1,265.5,582.576068384138,3.40780560827961
264206.246332809,3842762.54010041,673.017853077731,L3_1,265.5,572.948018991447,4.75624090867837
264206.246332809,3842762.54010041,673.017853077731,L3_1,265.5,562.838567129121,6.4879513395493
264206.246332809,3842762.54010041,673.017853077731,L3_1,265.5,552.223642673679,8.52855065699345
264206.246332809,3842762.54010041,673.017853077731,L3_1,265.5,541.077971995465,10.774270975635
264206.246332809,3842762.54010041,673.017853077731,L3_1,265.5,529.375017783339,13.1037798477265
264206.246332809,3842762.54010041,673.017853077731,L3_1,265.5,517.086915860608,15.3894614594808
264206.246332809,3842762.54010041,673.017853077731,L3_1,265.5,504.18440884174,17.5117891076211
264206.246332809,3842762.54010041,673.017853077731,L3_1,265.5,490.636776471929,19.3721553793445
264206.246332809,3842762.54010041,673.017853077731,L3_1,265.5,476.411762483627,20.8996893549986
264206.246332809,3842762.54010041,673.017853077731,L3_1,265.5,461.47549779591,22.0520630127182
264206.246332809,3842762.54010041,673.017853077731,L3_1,265.5,445.792419873808,22.8128239359279
264206.246332809,3842762.54010041,673.017853077731,L3_1,265.5,429.3251880556,23.1876085311799
264206.246332809,3842762.54010041,673.017853077731,L3_1,265.5,412.034594646482,23.2003618447803
264206.246332809,3842762.54010041,673.017853077731,L3_1,265.5,393.879471566907,22.8896817535523
264206.246332809,3842762.54010041,673.017853077731,L3_1,265.5,374.816592333355,22.3049890802739
264206.246332809,3842762.54010041,673.017853077731,L3_1,265.5,354.800569138124,21.5024315095932
264206.246332809,3842762.54010041,673.017853077731,L3_1,265.5,333.783744783132,20.5405546511701
264206.246332809,3842762.54010041,673.017853077731,L3_1,265.5,311.720746363475,19.4759694484408
264206.246332809,3842762.54010041,673.017853077731,L3_1,265.5,289.030548893934,18.3655132154829
264206.246332809,3842762.54010041,673.017853077731,L3_1,265.5,265.205841550916,17.2555423544723
264206.246332809,3842762.54010041,673.017853077731,L3_1,265.5,240.189898840747,16.1765515128708
264206.246332809,3842762.54010041,673.017853077731,L3_1,265.5,213.92315899507,15.1512343613322
264206.246332809,3842762.54010041,673.017853077731,L3_1,265.5,186.343082157109,14.1950504641108
264206.246332809,3842762.54010041,673.017853077731,L3_1,265.5,157.384001477249,13.3173697802287
264206.246332809,3842762.54010041,673.017853077731,L3_1,265.5,126.976966763397,12.5226847308053
264206.246332809,3842762.54010041,673.017853077731,L3_1,265.5,95.049580313852,11.8117136273447
264206.246332809,3842762.54010041,673.017853077731,L3_1,265.5,,
264206.246332809,3842762.54010041,673.017853077731,L3_1,265.5,,
264206.246332809,3842762.54010041,673.017853077731,L3_1,265.5,,
264206.246332809,3842762.54010041,673.017853077731,L3_1,265.5,,
264206.246332809,3842762.54010041,673.017853077731,L3_1,265.5,,
264206.246332809,3842762.54010041,673.017853077731,L3_1,265.5,,
264206.246332809,3842762.54010041,673.017853077731,L3_1,265.5,,
264206.246332809,3842762.54010041,673.017853077731,L3_1,265.5,,
264206.246332809,3842762.54010041,673.017853077731,L3_1,265.5,,
264206.246332809,3842762.54010041,673.017853077731,L3_1,265.5,,
264206.246332809,3842762.54010041,673.017853077731,L3_1,265.5,,
264206.246332809,3842762.54010041,673.017853077731,L3_1,265.5,,
264206.246332809,3842762.54010041,673.017853077731,L3_1,265.5,,
264206.246332809,3842762.54010041,673.017853077731,L3_1,265.5,,
264206.246332809,3842762.54010041,673.017853077731,L3_1,265.5,,
264206.246332809,3842762.54010041,673.017853077731,L3_1,265.5,,
264206.246332809,3842762.54010041,673.017853077731,L3_1,265.5,,
264206.246332809,3842762.54010041,673.017853077731,L3_1,265.5,,
264206.246332809,3842762.54010041,673.017853077731,L3_1,265.5,,
264206.246332809,3842762.54010041,673.017853077731,L3_1,265.5,,
264206.246332809,3842762.54010041,673.017853077731,L3_1,265.5,,
264211.614130062,3842766.21666458,673.03851089329,L3_1,272.0,673.03851089329,7.15019927853286
264211.614130062,3842766.21666458,673.03851089329,L3_1,272.0,667.932258614707,10.9898572104952
264211.614130062,3842766.21666458,673.03851089329,L3_1,272.0,662.570693722194,25.3214747696604
264211.614130062,3842766.21666458,673.03851089329,L3_1,272.0,656.941050585056,43.941134175546
264211.614130062,3842766.21666458,673.03851089329,L3_1,272.0,651.029925291061,47.0616052677337
264211.614130062,3842766.21666458,673.03851089329,L3_1,272.0,644.823243732366,33.3601177416431
264211.614130062,3842766.21666458,673.03851089329,L3_1,272.0,638.306228095737,17.1534685824503
264211.614130062,3842766.21666458,673.03851089329,L3_1,272.0,631.463361677276,7.44869206083055
264211.614130062,3842766.21666458,673.03851089329,L3_1,272.0,624.278351937892,3.40242704687646
264211.614130062,3842766.21666458,673.03851089329,L3_1,272.0,616.734091711538,2.01713181360704
264211.614130062,3842766.21666458,673.03851089329,L3_1,272.0,608.812618473867,1.68005851613618
264211.614130062,3842766.21666458,673.03851089329,L3_1,272.0,600.495071574313,1.84363227911009
264211.614130062,3842766.21666458,673.03851089329,L3_1,272.0,591.761647329781,2.3856560796767
264211.614130062,3842766.21666458,673.03851089329,L3_1,272.0,582.591551873022,3.31724642066877
264211.614130062,3842766.21666458,673.03851089329,L3_1,272.0,572.962951643425,4.65607522554793
264211.614130062,3842766.21666458,673.03851089329,L3_1,272.0,562.852921402349,6.37553679862018
264211.614130062,3842766.21666458,673.03851089329,L3_1,272.0,552.237389649218,8.40412749331191
264211.614130062,3842766.21666458,673.03851089329,L3_1,272.0,541.091081308432,10.6410226456906
264211.614130062,3842766.21666458,673.03851089329,L3_1,272.0,529.387457550605,12.9676782111775
264211.614130062,3842766.21666458,673.03851089329,L3_1,272.0,517.098652604888,15.2588814869625
264211.614130062,3842766.21666458,673.03851089329,L3_1,272.0,504.195407411884,17.3965566456268
264211.614130062,3842766.21666458,673.03851089329,L3_1,272.0,490.646999959231,19.2820130894083
264211.614130062,3842766.21666458,673.03851089329,L3_1,272.0,476.421172133944,20.8426232761668
264211.614130062,3842766.21666458,673.03851089329,L3_1,272.0,461.484052917394,22.032999549541
264211.614130062,3842766.21666458,673.03851089329,L3_1,272.0,445.800077740016,22.8329954935581
264211.614130062,3842766.21666458,673.03851089329,L3_1,272.0,429.331903803769,23.2446289190074
264211.614130062,3842766.21666458,673.03851089329,L3_1,272.0,412.040321170709,23.2888825050455
264211.614130062,3842766.21666458,673.03851089329,L3_1,272.0,393.884159405997,23.002398033407
264211.614130062,3842766.21666458,673.03851089329,L3_1,272.0,374.820189553049,22.4337486190654
264211.614130062,3842766.21666458,673.03851089329,L3_1,272.0,354.803021207453,21.6392454339728
264211.614130062,3842766.21666458,673.03851089329,L3_1,272.0,333.784994444578,20.6783576622811
264211.614130062,3842766.21666458,673.03851089329,L3_1,272.0,311.720746363475,19.6090617487541
264211.614130062,3842766.21666458,673.03851089329,L3_1,272.0,289.030548893934,18.4898409695202
264211.614130062,3842766.21666458,673.03851089329,L3_1,272.0,265.205841550916,17.3685983472173
264211.614130062,3842766.21666458,673.03851089329,L3_1,272.0,240.189898840747,16.2770379956782
264211.614130062,3842766.21666458,673.03851089329,L3_1,272.0,213.92315899507,15.2388095935617
264211.614130062,3842766.21666458,673.03851089329,L3_1,272.0,186.343082157109,14.2700622729884
264211.614130062,3842766.21666458,673.03851089329,L3_1,272.0,157.384001477249,13.3806287411951
264211.614130062,3842766.21666458,673.03851089329,L3_1,272.0,126.976966763397,12.5752804038962
264211.614130062,3842766.21666458,673.03851089329,L3_1,272.0,95.049580313852,11.8548679224863
264211.614130062,3842766.21666458,673.03851089329,L3_1,272.0,,
264211.614130062,3842766.21666458,673.03851089329,L3_1,272.0,,
264211.614130062,3842766.21666458,673.03851089329,L3_1,272.0,,
264211.614130062,3842766.21666458,673.03851089329,L3_1,272.0,,
264211.614130062,3842766.21666458,673.03851089329,L3_1,272.0,,
264211.614130062,3842766.21666458,673.03851089329,L3_1,272.0,,
264211.614130062,3842766.21666458,673.03851089329,L3_1,272.0,,
264211.614130062,3842766.21666458,673.03851089329,L3_1,272.0,,
264211.614130062,3842766.21666458,673.03851089329,L3_1,272.0,,
264211.614130062,3842766.21666458,673.03851089329,L3_1,272.0,,
264211.614130062,3842766.21666458,673.03851089329,L3_1,272.0,,
264211.614130062,3842766.21666458,673.03851089329,L3_1,272.0,,
264211.614130062,3842766.21666458,673.03851089329,L3_1,272.0,,
264211.614130062,3842766.21666458,673.03851089329,L3_1,272.0,,
264211.614130062,3842766.21666458,673.03851089329,L3_1,272.0,,
264211.614130062,3842766.21666458,673.03851089329,L3_1,272.0,,
264211.614130062,3842766.21666458,673.03851089329,L3_1,272.0,,
264211.614130062,3842766.21666458,673.03851089329,L3_1,272.0,,
264211.614130062,3842766.21666458,673.03851089329,L3_1,272.0,,
264211.614130062,3842766.21666458,673.03851089329,L3_1,272.0,,
264211.614130062,3842766.21666458,673.03851089329,L3_1,272.0,,
264216.569012082,3842769.61042129,673.059168708848,L3_1,278.0,673.059168708848,7.65030243410114
264216.569012082,3842769.61042129,673.059168708848,L3_1,278.0,667.952624309693,9.50018707390117
264216.569012082,3842769.61042129,673.059168708848,L3_1,278.0,662.590752690581,16.2810708703879
264216.569012082,3842769.61042129,673.059168708848,L3_1,278.0,656.960787490512,26.6035967192472
264216.569012082,3842769.61042129,673.059168708848,L3_1,278.0,651.049324030441,30.3998018095496
264216.569012082,3842769.61042129,673.059168708848,L3_1,278.0,644.842287397365,23.4062349932636
264216.569012082,3842769.61042129,673.059168708848,L3_1,278.0,638.324898932636,12.99588599603
264216.569012082,3842769.61042129,673.059168708848,L3_1,278.0,631.481641044671,6.05392476328842
264216.569012082,3842769.61042129,673.059168708848,L3_1,278.0,624.296220262307,2.95144310368916
264216.569012082,3842769.61042129,673.059168708848,L3_1,278.0,616.751528440825,1.84778312557703
264216.569012082,3842769.61042129,673.059168708848,L3_1,278.0,608.829602028268,1.59638625512683
264216.569012082,3842769.61042129,673.059168708848,L3_1,278.0,600.511579295084,1.78753321444075
264216.569012082,3842769.61042129,673.059168708848,L3_1,278.0,591.777655425241,2.3367999216795
264216.569012082,3842769.61042129,673.059168708848,L3_1,278.0,582.607035361906,3.26526418076536
264216.569012082,3842769.61042129,673.059168708848,L3_1,278.0,572.977884295404,4.59339471244536
264216.569012082,3842769.61042129,673.059168708848,L3_1,278.0,562.867275675577,6.29716863711171
264216.569012082,3842769.61042129,673.059168708848,L3_1,278.0,552.251136624758,8.30858789782153
264216.569012082,3842769.61042129,673.059168708848,L3_1,278.0,541.104190621399,10.5303401855727
264216.569012082,3842769.61042129,673.059168708848,L3_1,278.0,529.399897317871,12.8470773743419
264216.569012082,3842769.61042129,673.059168708848,L3_1,278.0,517.110389349167,15.1364428748979
264216.569012082,3842769.61042129,673.059168708848,L3_1,278.0,504.206405982028,17.2823685949635
264216.569012082,3842769.61042129,673.059168708848,L3_1,278.0,490.657223446532,19.1866386245688
264216.569012082,3842769.61042129,673.059168708848,L3_1,278.0,476.430581784261,20.7753007122706
264216.569012082,3842769.61042129,673.059168708848,L3_1,278.0,461.492608038877,22.0001387707258
264216.569012082,3842769.61042129,673.059168708848,L3_1,278.0,445.807735606224,22.8373303323181
264216.569012082,3842769.61042129,673.059168708848,L3_1,278.0,429.338619551937,23.2851173160132
264216.569012082,3842769.61042129,673.059168708848,L3_1,278.0,412.046047694937,23.3612518277676
264216.569012082,3842769.61042129,673.059168708848,L3_1,278.0,393.888847245086,23.1001063322582
264216.569012082,3842769.61042129,673.059168708848,L3_1,278.0,374.823786772743,22.5491046713487
264216.569012082,3842769.61042129,673.059168708848,L3_1,278.0,354.805473276783,21.7644656573966
264216.569012082,3842769.61042129,673.059168708848,L3_1,278.0,333.786244106025,20.8063858436368
264216.569012082,3842769.61042129,673.059168708848,L3_1,278.0,311.720746363475,19.7340863512341
264216.569012082,3842769.61042129,673.059168708848,L3_1,278.0,289.030548893934,18.6076087193974
264216.569012082,3842769.61042129,673.059168708848,L3_1,278.0,265.205841550916,17.4763645875458
264216.569012082,3842769.61042129,673.059168708848,L3_1,278.0,240.189898840747,16.3732842640509
264216.569012082,3842769.61042129,673.059168708848,L3_1,278.0,213.92315899507,15.3229972703316
264216.569012082,3842769.61042129,673.059168708848,L3_1,278.0,186.343082157109,14.342375083833
264216.569012082,3842769.61042129,673.059168708848,L3_1,278.0,157.384001477249,13.4417426153411
264216.569012082,3842769.61042129,673.059168708848,L3_1,278.0,126.976966763397,12.6261746558759
264216.569012082,3842769.61042129,673.059168708848,L3_1,278.0,95.049580313852,11.8966771608191
264216.569012082,3842769.61042129,673.059168708848,L3_1,278.0,,
264216.569012082,3842769.61042129,673.059168708848,L3_1,278.0,,
264216.569012082,3842769.61042129,673.059168708848,L3_1,278.0,,
264216.569012082,3842769.61042129,673.059168708848,L3_1,278.0,,
264216.569012082,3842769.61042129,673.059168708848,L3_1,278.0,,
264216.569012082,3842769.61042129,673.059168708848,L3_1,278.0,,
264216.569012082,3842769.61042129,673.059168708848,L3_1,278.0,,
264216.569012082,3842769.61042129,673.059168708848,L3_1,278.0,,
264216.569012082,3842769.61042129,673.059168708848,L3_1,278.0,,
264216.569012082,3842769.61042129,673.059168708848,L3_1,278.0,,
264216.569012082,3842769.61042129,673.059168708848,L3_1,278.0,,
264216.569012082,3842769.61042129,673.059168708848,L3_1,278.0,,
264216.569012082,3842769.61042129,673.059168708848,L3_1,278.0,,
264216.569012082,3842769.61042129,673.059168708848,L3_1,278.0,,
264216.569012082,3842769.61042129,673.059168708848,L3_1,278.0,,
264216.569012082,3842769.61042129,673.059168708848,L3_1,278.0,,
264216.569012082,3842769.61042129,673.059168708848,L3_1,278.0,,
264216.569012082,3842769.61042129,673.059168708848,L3_1,278.0,,
264216.569012082,3842769.61042129,673.059168708848,L3_1,278.0,,
264216.569012082,3842769.61042129,673.059168708848,L3_1,278.0,,
264216.569012082,3842769.61042129,673.059168708848,L3_1,278.0,,
264221.936792536,3842773.28699667,673.079826524407,L3_1,284.5,673.079826524407,12.9213297567501
264221.936792536,3842773.28699667,673.079826524407,L3_1,284.5,667.97299000468,12.0973063651582
264221.936792536,3842773.28699667,673.079826524407,L3_1,284.5,662.610811658967,13.3695684056759
264221.936792536,3842773.28699667,673.079826524407,L3_1,284.5,656.980524395969,17.9721583933374
264221.936792536,3842773.28699667,673.079826524407,L3_1,284.5,651.06872276982,19.9881733761469
264221.936792536,3842773.28699667,673.079826524407,L3_1,284.5,644.861331062364,16.0980898891952
264221.936792536,3842773.28699667,673.079826524407,L3_1,284.5,638.343569769536,9.61971928292592
264221.936792536,3842773.28699667,673.079826524407,L3_1,284.5,631.499920412065,4.8680343243672
264221.936792536,3842773.28699667,673.079826524407,L3_1,284.5,624.314088586722,2.57458470009393
264221.936792536,3842773.28699667,673.079826524407,L3_1,284.5,616.768965170111,1.72190471295534
264221.936792536,3842773.28699667,673.079826524407,L3_1,284.5,608.846585582669,1.5494487629311
264221.936792536,3842773.28699667,673.079826524407,L3_1,284.5,600.528087015856,1.76827882096454
264221.936792536,3842773.28699667,673.079826524407,L3_1,284.5,591.793663520702,2.32694643000837
264221.936792536,3842773.28699667,673.079826524407,L3_1,284.5,582.62251885079,3.25387964328735
264221.936792536,3842773.28699667,673.079826524407,L3_1,284.5,572.992816947382,4.57075487505739
264221.936792536,3842773.28699667,673.079826524407,L3_1,284.5,562.881629948804,6.2557687536165
264221.936792536,3842773.28699667,673.079826524407,L3_1,284.5,552.264883600298,8.24485581947862
264221.936792536,3842773.28699667,673.079826524407,L3_1,284.5,541.117299934366,10.4448208036144
264221.936792536,3842773.28699667,673.079826524407,L3_1,284.5,529.412337085137,12.7441037162068
264221.936792536,3842773.28699667,673.079826524407,L3_1,284.5,517.122126093447,15.0238198347133
264221.936792536,3842773.28699667,673.079826524407,L3_1,284.5,504.217404552172,17.170534152856
264221.936792536,3842773.28699667,673.079826524407,L3_1,284.5,490.667446933834,19.087063747099
264221.936792536,3842773.28699667,673.079826524407,L3_1,284.5,476.439991434579,20.6985364474375
264221.936792536,3842773.28699667,673.079826524407,L3_1,284.5,461.501163160361,21.9541155960409
264221.936792536,3842773.28699667,673.079826524407,L3_1,284.5,445.815393472432,22.8263082766525
264221.936792536,3842773.28699667,673.079826524407,L3_1,284.5,429.345335300106,23.3094205631227
264221.936792536,3842773.28699667,673.079826524407,L3_1,284.5,412.051774219165,23.4177064622269
264221.936792536,3842773.28699667,673.079826524407,L3_1,284.5,393.893535084176,23.1829567314511
264221.936792536,3842773.28699667,673.079826524407,L3_1,284.5,374.827383992438,22.6511441057247
264221.936792536,3842773.28699667,673.079826524407,L3_1,284.5,354.807925346113,21.8781356690472
264221.936792536,3842773.28699667,673.079826524407,L3_1,284.5,333.787493767471,20.9246551828923
264221.936792536,3842773.28699667,673.079826524407,L3_1,284.5,311.720746363475,19.8510433614102
264221.936792536,3842773.28699667,673.079826524407,L3_1,284.5,289.030548893934,18.7188082304
264221.936792536,3842773.28699667,673.079826524407,L3_1,284.5,265.205841550916,17.5788289354952
264221.936792536,3842773.28699667,673.079826524407,L3_1,284.5,240.189898840747,16.4652770705389
264221.936792536,3842773.28699667,673.079826524407,L3_1,284.5,213.92315899507,15.4037848705048
264221.936792536,3842773.28699667,673.079826524407,L3_1,284.5,186.343082157109,14.4119778100235
264221.936792536,3842773.28699667,673.079826524407,L3_1,284.5,157.384001477249,13.5007020408175
264221.936792536,3842773.28699667,673.079826524407,L3_1,284.5,126.976966763397,12.6753598729699
264221.936792536,3842773.28699667,673.079826524407,L3_1,284.5,95.049580313852,11.9371353408433
264221.936792536,3842773.28699667,673.079826524407,L3_1,284.5,,
264221.936792536,3842773.28699667,673.079826524407,L3_1,284.5,,
264221.936792536,3842773.28699667,673.079826524407,L3_1,284.5,,
264221.936792536,3842773.28699667,673.079826524407,L3_1,284.5,,
264221.936792536,3842773.28699667,673.079826524407,L3_1,284.5,,
264221.936792536,3842773.28699667,673.079826524407,L3_1,284.5,,
264221.936792536,3842773.28699667,673.079826524407,L3_1,284.5,,
264221.936792536,3842773.28699667,673.079826524407,L3_1,284.5,,
264221.936792536,3842773.28699667,673.079826524407,L3_1,284.5,,
264221.936792536,3842773.28699667,673.079826524407,L3_1,284.5,,
264221.936792536,3842773.28699667,673.079826524407,L3_1,284.5,,
264221.936792536,3842773.28699667,673.079826524407,L3_1,284.5,,
264221.936792536,3842773.28699667,673.079826524407,L3_1,284.5,,
264221.936792536,3842773.28699667,673.079826524407,L3_1,284.5,,
264221.936792536,3842773.28699667,673.079826524407,L3_1,284.5,,
264221.936792536,3842773.28699667,673.079826524407,L3_1,284.5,,
264221.936792536,3842773.28699667,673.079826524407,L3_1,284.5,,
264221.936792536,3842773.28699667,673.079826524407,L3_1,284.5,,
264221.936792536,3842773.28699667,673.079826524407,L3_1,284.5,,
264221.936792536,3842773.28699667,673.079826524407,L3_1,284.5,,
264221.936792536,3842773.28699667,673.079826524407,L3_1,284.5,,
264226.891666802,3842776.68075856,673.048586789878,L3_1,290.5,673.048586789878,16.2194585007681
264226.891666802,3842776.68075856,673.048586789878,L3_1,290.5,667.942192028821,14.6377096694638
264226.891666802,3842776.68075856,673.048586789878,L3_1,290.5,662.580477529711,14.1438638615223
264226.891666802,3842776.68075856,673.048586789878,L3_1,290.5,656.950677305645,16.1225780139813
264226.891666802,3842776.68075856,673.048586789878,L3_1,290.5,651.039387070375,16.3052126193484
264226.891666802,3842776.68075856,673.048586789878,L3_1,290.5,644.832532323343,12.7745358768263
264226.891666802,3842776.68075856,673.048586789878,L3_1,290.5,638.315334838959,7.77642477923026
264226.891666802,3842776.68075856,673.048586789878,L3_1,290.5,631.472277480355,4.13275165813668
264226.891666802,3842776.68075856,673.048586789878,L3_1,290.5,624.287067253822,2.33048823788459
264226.891666802,3842776.68075856,673.048586789878,L3_1,290.5,616.742596515961,1.65120304093426
264226.891666802,3842776.68075856,673.048586789878,L3_1,290.5,608.820902241208,1.5399115710266
264226.891666802,3842776.68075856,673.048586789878,L3_1,290.5,600.503123252717,1.7839685778242
264226.891666802,3842776.68075856,673.048586789878,L3_1,290.5,591.769455314801,2.3539182163832
264226.891666802,3842776.68075856,673.048586789878,L3_1,290.5,582.59910397999,3.28163209041708
264226.891666802,3842776.68075856,673.048586789878,L3_1,290.5,572.970235078438,4.58809586265342
264226.891666802,3842776.68075856,673.048586789878,L3_1,290.5,562.859922731809,6.25301513755373
264226.891666802,3842776.68075856,673.048586789878,L3_1,290.5,552.244094767848,8.21629133646444
264226.891666802,3842776.68075856,673.048586789878,L3_1,290.5,541.097475405689,10.3892496794482
264226.891666802,3842776.68075856,673.048586789878,L3_1,290.5,529.393525075422,12.6646731662065
264226.891666802,3842776.68075856,673.048586789878,L3_1,290.5,517.104377228641,14.9277404088693
264226.891666802,3842776.68075856,673.048586789878,L3_1,290.5,504.200771989522,17.0682224523755
264226.891666802,3842776.68075856,673.048586789878,L3_1,290.5,490.651986488447,18.9904880920994
264226.891666802,3842776.68075856,673.048586789878,L3_1,290.5,476.425761712318,20.6191652888829
264226.891666802,3842776.68075856,673.048586789878,L3_1,290.5,461.488225697382,21.901076516212
264226.891666802,3842776.68075856,673.048586789878,L3_1,290.5,445.8038128817,22.8051791040291
264226.891666802,3842776.68075856,673.048586789878,L3_1,290.5,429.335179425234,23.3218051813947
264226.891666802,3842776.68075856,673.048586789878,L3_1,290.5,412.043114295944,23.4615493930963
264226.891666802,3842776.68075856,673.048586789878,L3_1,290.5,393.88644591019,23.2533813280466
264226.891666802,3842776.68075856,673.048586789878,L3_1,290.5,374.821944105148,22.7415621981456
264226.891666802,3842776.68075856,673.048586789878,L3_1,290.5,354.804217209854,21.9813634233178
264226.891666802,3842776.68075856,673.048586789878,L3_1,290.5,333.785603969795,21.0338373880443
264226.891666802,3842776.68075856,673.048586789878,L3_1,290.5,311.720746363475,19.960296364059
264226.891666802,3842776.68075856,673.048586789878,L3_1,290.5,289.030548893934,18.8235930691972
264226.891666802,3842776.68075856,673.048586789878,L3_1,290.5,265.205841550916,17.6760122047707
264226.891666802,3842776.68075856,673.048586789878,L3_1,290.5,240.189898840747,16.5529595573987
264226.891666802,3842776.68075856,673.048586789878,L3_1,290.5,213.92315899507,15.4810785530886
264226.891666802,3842776.68075856,673.048586789878,L3_1,290.5,186.343082157109,14.4787639690831
264226.891666802,3842776.68075856,673.048586789878,L3_1,290.5,157.384001477249,13.5574018987308
264226.891666802,3842776.68075856,673.048586789878,L3_1,290.5,126.976966763397,12.7227412645207
264226.891666802,3842776.68075856,673.048586789878,L3_1,290.5,95.049580313852,11.9761614137527
264226.891666802,3842776.68075856,673.048586789878,L3_1,290.5,,
264226.891666802,3842776.68075856,673.048586789878,L3_1,290.5,,
264226.891666802,3842776.68075856,673.048586789878,L3_1,290.5,,
264226.891666802,3842776.68075856,673.048586789878,L3_1,290.5,,
264226.891666802,3842776.68075856,673.048586789878,L3_1,290.5,,
264226.891666802,3842776.68075856,673.048586789878,L3_1,290.5,,
264226.891666802,3842776.68075856,673.048586789878,L3_1,290.5,,
264226.891666802,3842776.68075856,673.048586789878,L3_1,290.5,,
264226.891666802,3842776.68075856,673.048586789878,L3_1,290.5,,
264226.891666802,3842776.68075856,673.048586789878,L3_1,290.5,,
264226.891666802,3842776.68075856,673.048586789878,L3_1,290.5,,
264226.891666802,3842776.68075856,673.048586789878,L3_1,290.5,,
264226.891666802,3842776.68075856,673.048586789878,L3_1,290.5,,
264226.891666802,3842776.68075856,673.048586789878,L3_1,290.5,,
264226.891666802,3842776.68075856,673.048586789878,L3_1,290.5,,
264226.891666802,3842776.68075856,673.048586789878,L3_1,290.5,,
264226.891666802,3842776.68075856,673.048586789878,L3_1,290.5,,
264226.891666802,3842776.68075856,673.048586789878,L3_1,290.5,,
264226.891666802,3842776.68075856,673.048586789878,L3_1,290.5,,
264226.891666802,3842776.68075856,673.048586789878,L3_1,290.5,,
264226.891666802,3842776.68075856,673.048586789878,L3_1,290.5,,
264232.259447257,3842780.35733394,672.96533884454,L3_1,297.0,672.96533884454,15.1344422162063
264232.259447257,3842780.35733394,672.96533884454,L3_1,297.0,667.860121286238,16.0682987061526
264232.259447257,3842780.35733394,672.96533884454,L3_1,297.0,662.49964285002,18.028612704145
264232.259447257,3842780.35733394,672.96533884454,L3_1,297.0,656.871140491991,18.9588104542732
264232.259447257,3842780.35733394,672.96533884454,L3_1,297.0,650.96121301606,16.9061743336931
264232.259447257,3842780.35733394,672.96533884454,L3_1,297.0,644.755789166334,12.078328111954
264232.259447257,3842780.35733394,672.96533884454,L3_1,297.0,638.24009412412,7.05196167707921
264232.259447257,3842780.35733394,672.96533884454,L3_1,297.0,631.398614329797,3.77234275645969
264232.259447257,3842780.35733394,672.96533884454,L3_1,297.0,624.215060545757,2.21076339378455
264232.259447257,3842780.35733394,672.96533884454,L3_1,297.0,616.672329072515,1.63523330822971
264232.259447257,3842780.35733394,672.96533884454,L3_1,297.0,608.75246102561,1.56739098819609
264232.259447257,3842780.35733394,672.96533884454,L3_1,297.0,600.436599576361,1.8337053380482
264232.259447257,3842780.35733394,672.96533884454,L3_1,297.0,591.704945054649,2.41637622210358
264232.259447257,3842780.35733394,672.96533884454,L3_1,297.0,582.536707806852,3.34700003427385
264232.259447257,3842780.35733394,672.96533884454,L3_1,297.0,572.910058696665,4.64410393993636
264232.259447257,3842780.35733394,672.96533884454,L3_1,297.0,562.802077130968,6.28805167960841
264232.259447257,3842780.35733394,672.96533884454,L3_1,297.0,552.188696486987,8.22248370746968
264232.259447257,3842780.35733394,672.96533884454,L3_1,297.0,541.044646810806,10.3635197337821
264232.259447257,3842780.35733394,672.96533884454,L3_1,297.0,529.343394650817,12.608859510408
264232.259447257,3842780.35733394,672.96533884454,L3_1,297.0,517.057079882828,14.8483947293436
264232.259447257,3842780.35733394,672.96533884454,L3_1,297.0,504.156449376439,16.9757093511272
264232.259447257,3842780.35733394,672.96533884454,L3_1,297.0,490.610787344731,18.8972480129586
264232.259447257,3842780.35733394,672.96533884454,L3_1,297.0,476.387842211438,20.5375537360343
264232.259447257,3842780.35733394,672.96533884454,L3_1,297.0,461.45374982148,21.8413852384284
264232.259447257,3842780.35733394,672.96533884454,L3_1,297.0,445.772952812024,22.774274444479
264232.259447257,3842780.35733394,672.96533884454,L3_1,297.0,429.308115952095,23.3225509704116
264232.259447257,3842780.35733394,672.96533884454,L3_1,297.0,412.02003724917,23.493000347644
264232.259447257,3842780.35733394,672.96533884454,L3_1,297.0,393.867554611099,23.3115408065554
264232.259447257,3842780.35733394,672.96533884454,L3_1,297.0,374.807447841124,22.8204670658896
264232.259447257,3842780.35733394,672.96533884454,L3_1,297.0,354.794335732651,22.0742154831128
264232.259447257,3842780.35733394,672.96533884454,L3_1,297.0,333.780568018753,21.133968570883
264232.259447257,3842780.35733394,672.96533884454,L3_1,297.0,311.720746363475,20.0618602234608
264232.259447257,3842780.35733394,672.96533884454,L3_1,297.0,289.030548893934,18.9219647072003
264232.259447257,3842780.35733394,672.96533884454,L3_1,297.0,265.205841550916,17.7679084663306
264232.259447257,3842780.35733394,672.96533884454,L3_1,297.0,240.189898840747,16.6363223007446
264232.259447257,3842780.35733394,672.96533884454,L3_1,297.0,213.92315899507,15.5548678164525
264232.259447257,3842780.35733394,672.96533884454,L3_1,297.0,186.343082157109,14.5427236003446
264232.259447257,3842780.35733394,672.96533884454,L3_1,297.0,157.384001477249,13.6118334254819
264232.259447257,3842780.35733394,672.96533884454,L3_1,297.0,126.976966763397,12.7683115718915
264232.259447257,3842780.35733394,672.96533884454,L3_1,297.0,95.049580313852,12.0137496567083
264232.259447257,3842780.35733394,672.96533884454,L3_1,297.0,,
264232.259447257,3842780.35733394,672.96533884454,L3_1,297.0,,
264232.259447257,3842780.35733394,672.96533884454,L3_1,297.0,,
264232.259447257,3842780.35733394,672.96533884454,L3_1,297.0,,
264232.259447257,3842780.35733394,672.96533884454,L3_1,297.0,,
264232.259447257,3842780.35733394,672.96533884454,L3_1,297.0,,
264232.259447257,3842780.35733394,672.96533884454,L3_1,297.0,,
264232.259447257,3842780.35733394,672.96533884454,L3_1,297.0,,
264232.259447257,3842780.35733394,672.96533884454,L3_1,297.0,,
264232.259447257,3842780.35733394,672.96533884454,L3_1,297.0,,
264232.259447257,3842780.35733394,672.96533884454,L3_1,297.0,,
264232.259447257,3842780.35733394,672.96533884454,L3_1,297.0,,
264232.259447257,3842780.35733394,672.96533884454,L3_1,297.0,,
264232.259447257,3842780.35733394,672.96533884454,L3_1,297.0,,
264232.259447257,3842780.35733394,672.96533884454,L3_1,297.0,,
264232.259447257,3842780.35733394,672.96533884454,L3_1,297.0,,
264232.259447257,3842780.35733394,672.96533884454,L3_1,297.0,,
264232.259447257,3842780.35733394,672.96533884454,L3_1,297.0,,
264232.259447257,3842780.35733394,672.96533884454,L3_1,297.0,,
264232.259447257,3842780.35733394,672.96533884454,L3_1,297.0,,
264232.259447257,3842780.35733394,672.96533884454,L3_1,297.0,,
264237.213762369,3842783.75104852,672.882090899202,L3_1,303.0,672.882090899202,18.4558863924877
264237.213762369,3842783.75104852,672.882090899202,L3_1,303.0,667.778050543654,20.5105688983179
264237.213762369,3842783.75104852,672.882090899202,L3_1,303.0,662.418808170329,24.0206283088927
264237.213762369,3842783.75104852,672.882090899202,L3_1,303.0,656.791603678337,24.0240665034922
264237.213762369,3842783.75104852,672.882090899202,L3_1,303.0,650.883038961745,19.3686352210209
264237.213762369,3842783.75104852,672.882090899202,L3_1,303.0,644.679046009324,12.5970868419073
264237.213762369,3842783.75104852,672.882090899202,L3_1,303.0,638.164853409282,6.93366402813338
264237.213762369,3842783.75104852,672.882090899202,L3_1,303.0,631.324951179238,3.65480256459502
264237.213762369,3842783.75104852,672.882090899202,L3_1,303.0,624.143053837692,2.18384685529246
264237.213762369,3842783.75104852,672.882090899202,L3_1,303.0,616.602061629068,1.66274001950389
264237.213762369,3842783.75104852,672.882090899202,L3_1,303.0,608.684019810013,1.62418442240091
264237.213762369,3842783.75104852,672.882090899202,L3_1,303.0,600.370075900005,1.91004042837953
264237.213762369,3842783.75104852,672.882090899202,L3_1,303.0,591.640434794497,2.5064978998441
264237.213762369,3842783.75104852,672.882090899202,L3_1,303.0,582.474311633714,3.44204101840762
264237.213762369,3842783.75104852,672.882090899202,L3_1,303.0,572.849882314891,4.73139718430534
264237.213762369,3842783.75104852,672.882090899202,L3_1,303.0,562.744231530128,6.35475457066793
264237.213762369,3842783.75104852,672.882090899202,L3_1,303.0,552.133298206126,8.25905003427409
264237.213762369,3842783.75104852,672.882090899202,L3_1,303.0,540.991818215924,10.3652331814852
264237.213762369,3842783.75104852,672.882090899202,L3_1,303.0,529.293264226211,12.5762791120244
264237.213762369,3842783.75104852,672.882090899202,L3_1,303.0,517.009782537014,14.7872358919536
264237.213762369,3842783.75104852,672.882090899202,L3_1,303.0,504.112126763356,16.8959259148604
264237.213762369,3842783.75104852,672.882090899202,L3_1,303.0,490.569588201016,18.811275252904
264237.213762369,3842783.75104852,672.882090899202,L3_1,303.0,476.349922710558,20.4581279014582
264237.213762369,3842783.75104852,672.882090899202,L3_1,303.0,461.419273945578,21.7795075912251
264237.213762369,3842783.75104852,672.882090899202,L3_1,303.0,445.742092742348,22.7377438900196
264237.213762369,3842783.75104852,672.882090899202,L3_1,303.0,429.281052478957,23.3152626315116
264237.213762369,3842783.75104852,672.882090899202,L3_1,303.0,411.996960202397,23.5150056506547
264237.213762369,3842783.75104852,672.882090899202,L3_1,303.0,393.848663312009,23.359710961073
264237.213762369,3842783.75104852,672.882090899202,L3_1,303.0,374.792951577101,22.8895208502756
264237.213762369,3842783.75104852,672.882090899202,L3_1,303.0,354.784454255447,22.1578319594912
264237.213762369,3842783.75104852,672.882090899202,L3_1,303.0,333.775532067711,21.2257708146868
264237.213762369,3842783.75104852,672.882090899202,L3_1,303.0,311.720746363475,20.1561397554288
264237.213762369,3842783.75104852,672.882090899202,L3_1,303.0,289.030548893934,19.01410888319
264237.213762369,3842783.75104852,672.882090899202,L3_1,303.0,265.205841550916,17.8545628964148
264237.213762369,3842783.75104852,672.882090899202,L3_1,303.0,240.189898840747,16.7153277980024
264237.213762369,3842783.75104852,672.882090899202,L3_1,303.0,213.92315899507,15.6250727015679
264237.213762369,3842783.75104852,672.882090899202,L3_1,303.0,186.343082157109,14.6037597822825
264237.213762369,3842783.75104852,672.882090899202,L3_1,303.0,157.384001477249,13.6638989957133
264237.213762369,3842783.75104852,672.882090899202,L3_1,303.0,126.976966763397,12.8119818988237
264237.213762369,3842783.75104852,672.882090899202,L3_1,303.0,95.049580313852,12.0498231381772
264237.213762369,3842783.75104852,672.882090899202,L3_1,303.0,,
264237.213762369,3842783.75104852,672.882090899202,L3_1,303.0,,
264237.213762369,3842783.75104852,672.882090899202,L3_1,303.0,,
264237.213762369,3842783.75104852,672.882090899202,L3_1,303.0,,
264237.213762369,3842783.75104852,672.882090899202,L3_1,303.0,,
264237.213762369,3842783.75104852,672.882090899202,L3_1,303.0,,
264237.213762369,3842783.75104852,672.882090899202,L3_1,303.0,,
264237.213762369,3842783.75104852,672.882090899202,L3_1,303.0,,
264237.213762369,3842783.75104852,672.882090899202,L3_1,303.0,,
264237.213762369,3842783.75104852,672.882090899202,L3_1,303.0,,
264237.213762369,3842783.75104852,672.882090899202,L3_1,303.0,,
264237.213762369,3842783.75104852,672.882090899202,L3_1,303.0,,
264237.213762369,3842783.75104852,672.882090899202,L3_1,303.0,,
264237.213762369,3842783.75104852,672.882090899202,L3_1,303.0,,
264237.213762369,3842783.75104852,672.882090899202,L3_1,303.0,,
264237.213762369,3842783.75104852,672.882090899202,L3_1,303.0,,
264237.213762369,3842783.75104852,672.882090899202,L3_1,303.0,,
264237.213762369,3842783.75104852,672.882090899202,L3_1,303.0,,
264237.213762369,3842783.75104852,672.882090899202,L3_1,303.0,,
264237.213762369,3842783.75104852,672.882090899202,L3_1,303.0,,
264237.213762369,3842783.75104852,672.882090899202,L3_1,303.0,,
264242.580331321,3842787.42752138,672.798842953864,L3_1,309.5,672.798842953864,22.865005494569
264242.580331321,3842787.42752138,672.798842953864,L3_1,309.5,667.695979801071,25.9238664469124
264242.580331321,3842787.42752138,672.798842953864,L3_1,309.5,662.337973490638,31.1718363928309
264242.580331321,3842787.42752138,672.798842953864,L3_1,309.5,656.712066864683,30.4314968369724
264242.580331321,3842787.42752138,672.798842953864,L3_1,309.5,650.80486490743,22.8135846364294
264242.580331321,3842787.42752138,672.798842953864,L3_1,309.5,644.602302852315,13.7168084261699
264242.580331321,3842787.42752138,672.798842953864,L3_1,309.5,638.089612694444,7.13509254173362
264242.580331321,3842787.42752138,672.798842953864,L3_1,309.5,631.251288028679,3.68176775285721
264242.580331321,3842787.42752138,672.798842953864,L3_1,309.5,624.071047129627,2.21954847494308
264242.580331321,3842787.42752138,672.798842953864,L3_1,309.5,616.531794185621,1.72276722487253
264242.580331321,3842787.42752138,672.798842953864,L3_1,309.5,608.615578594416,1.70431672480335
264242.580331321,3842787.42752138,672.798842953864,L3_1,309.5,600.30355222365,2.00819093805202
264242.580331321,3842787.42752138,672.798842953864,L3_1,309.5,591.575924534345,2.61970598461548
264242.580331321,3842787.42752138,672.798842953864,L3_1,309.5,582.411915460576,3.56230027094703
264242.580331321,3842787.42752138,672.798842953864,L3_1,309.5,572.789705933118,4.84585708419725
264242.580331321,3842787.42752138,672.798842953864,L3_1,309.5,562.686385929287,6.44955712518181
264242.580331321,3842787.42752138,672.798842953864,L3_1,309.5,552.077899925265,8.3230942963662
264242.580331321,3842787.42752138,672.798842953864,L3_1,309.5,540.938989621041,10.3921855274367
264242.580331321,3842787.42752138,672.798842953864,L3_1,309.5,529.243133801606,12.5653655271323
264242.580331321,3842787.42752138,672.798842953864,L3_1,309.5,516.9624851912,14.7432390964106
264242.580331321,3842787.42752138,672.798842953864,L3_1,309.5,504.067804150273,16.8282790378427
264242.580331321,3842787.42752138,672.798842953864,L3_1,309.5,490.5283890573,18.7323008229656
264242.580331321,3842787.42752138,672.798842953864,L3_1,309.5,476.312003209678,20.3808450915666
264242.580331321,3842787.42752138,672.798842953864,L3_1,309.5,461.384798069675,21.7155425579233
264242.580331321,3842787.42752138,672.798842953864,L3_1,309.5,445.711232672672,22.6957593899422
264242.580331321,3842787.42752138,672.798842953864,L3_1,309.5,429.253989005819,23.3001337969211
264242.580331321,3842787.42752138,672.798842953864,L3_1,309.5,411.973883155624,23.5277475333276
264242.580331321,3842787.42752138,672.798842953864,L3_1,309.5,393.829772012918,23.3980447285289
264242.580331321,3842787.42752138,672.798842953864,L3_1,309.5,374.778455313077,22.9488408791768
264242.580331321,3842787.42752138,672.798842953864,L3_1,309.5,354.774572778244,22.2322947889319
264242.580331321,3842787.42752138,672.798842953864,L3_1,309.5,333.77049611667,21.309294795623
264242.580331321,3842787.42752138,672.798842953864,L3_1,309.5,311.720746363475,20.2431610314768
264242.580331321,3842787.42752138,672.798842953864,L3_1,309.5,289.030548893934,19.1000345971337
264242.580331321,3842787.42752138,672.798842953864,L3_1,309.5,265.205841550916,17.9359743042571
264242.580331321,3842787.42752138,672.798842953864,L3_1,309.5,240.189898840747,16.7899697709504
264242.580331321,3842787.42752138,672.798842953864,L3_1,309.5,213.92315899507,15.6916847322873
264242.580331321,3842787.42752138,672.798842953864,L3_1,309.5,186.343082157109,14.6618637144295
264242.580331321,3842787.42752138,672.798842953864,L3_1,309.5,157.384001477249,13.7135907817554
264242.580331321,3842787.42752138,672.798842953864,L3_1,309.5,126.976966763397,12.8537456425897
264242.580331321,3842787.42752138,672.798842953864,L3_1,309.5,95.049580313852,12.0843764912536
264242.580331321,3842787.42752138,672.798842953864,L3_1,309.5,,
264242.580331321,3842787.42752138,672.798842953864,L3_1,309.5,,
264242.580331321,3842787.42752138,672.798842953864,L3_1,309.5,,
264242.580331321,3842787.42752138,672.798842953864,L3_1,309.5,,
264242.580331321,3842787.42752138,672.798842953864,L3_1,309.5,,
264242.580331321,3842787.42752138,672.798842953864,L3_1,309.5,,
264242.580331321,3842787.42752138,672.798842953864,L3_1,309.5,,
264242.580331321,3842787.42752138,672.798842953864,L3_1,309.5,,
264242.580331321,3842787.42752138,672.798842953864,L3_1,309.5,,
264242.580331321,3842787.42752138,672.798842953864,L3_1,309.5,,
264242.580331321,3842787.42752138,672.798842953864,L3_1,309.5,,
264242.580331321,3842787.42752138,672.798842953864,L3_1,309.5,,
264242.580331321,3842787.42752138,672.798842953864,L3_1,309.5,,
264242.580331321,3842787.42752138,672.798842953864,L3_1,309.5,,
264242.580331321,3842787.42752138,672.798842953864,L3_1,309.5,,
264242.580331321,3842787.42752138,672.798842953864,L3_1,309.5,,
264242.580331321,3842787.42752138,672.798842953864,L3_1,309.5,,
264242.580331321,3842787.42752138,672.798842953864,L3_1,309.5,,
264242.580331321,3842787.42752138,672.798842953864,L3_1,309.5,,
264242.580331321,3842787.42752138,672.798842953864,L3_1,309.5,,
264242.580331321,3842787.42752138,672.798842953864,L3_1,309.5,,
264247.534087278,3842790.82118864,672.718474497791,L3_1,315.5,672.718474497791,25.0737367469397
264247.534087278,3842790.82118864,672.718474497791,L3_1,315.5,667.616747829117,28.6480715515804
264247.534087278,3842790.82118864,672.718474497791,L3_1,315.5,662.259934827009,34.8534142296142
264247.534087278,3842790.82118864,672.718474497791,L3_1,315.5,656.635281174797,33.8612814204809
264247.534087278,3842790.82118864,672.718474497791,L3_1,315.5,650.729394839973,24.7474685163086
264247.534087278,3842790.82118864,672.718474497791,L3_1,315.5,644.528214188408,14.3948009311849
264247.534087278,3842790.82118864,672.718474497791,L3_1,315.5,638.016974504265,7.29821232162003
264247.534087278,3842790.82118864,672.718474497791,L3_1,315.5,631.180172835915,3.73862282794933
264247.534087278,3842790.82118864,672.718474497791,L3_1,315.5,624.001531084148,2.27717816847775
264247.534087278,3842790.82118864,672.718474497791,L3_1,315.5,616.463957244792,1.79543217754982
264247.534087278,3842790.82118864,672.718474497791,L3_1,315.5,608.549504713468,1.79346527247481
264247.534087278,3842790.82118864,672.718474497791,L3_1,315.5,600.239329555578,2.11496913334569
264247.534087278,3842790.82118864,672.718474497791,L3_1,315.5,591.513645639794,2.74273758936487
264247.534087278,3842790.82118864,672.718474497791,L3_1,315.5,582.35167752822,3.69442943649016
264247.534087278,3842790.82118864,672.718474497791,L3_1,315.5,572.731611011068,4.97454894727817
264247.534087278,3842790.82118864,672.718474497791,L3_1,315.5,562.630541168058,6.56060928142983
264247.534087278,3842790.82118864,672.718474497791,L3_1,315.5,552.024417832897,8.40449975157198
264247.534087278,3842790.82118864,672.718474497791,L3_1,315.5,540.887988330979,10.4364772383087
264247.534087278,3842790.82118864,672.718474497791,L3_1,315.5,529.194737353964,12.5706628676097
264247.534087278,3842790.82118864,672.718474497791,L3_1,315.5,516.916823828099,14.7133384885444
264247.534087278,3842790.82118864,672.718474497791,L3_1,315.5,504.025014625941,16.7718027153735
264247.534087278,3842790.82118864,672.718474497791,L3_1,315.5,490.488614963675,18.6610142569821
264247.534087278,3842790.82118864,672.718474497791,L3_1,315.5,476.275395318295,20.3075395499547
264247.534087278,3842790.82118864,672.718474497791,L3_1,315.5,461.351514690647,21.6519699396839
264247.534087278,3842790.82118864,672.718474497791,L3_1,315.5,445.681440031616,22.6510203858697
264247.534087278,3842790.82118864,672.718474497791,L3_1,315.5,429.227861639633,23.2797565735636
264247.534087278,3842790.82118864,672.718474497791,L3_1,315.5,411.951604328051,23.5335016270204
264247.534087278,3842790.82118864,672.718474497791,L3_1,315.5,393.811534150891,23.4283989353814
264247.534087278,3842790.82118864,672.718474497791,L3_1,315.5,374.764460464872,22.9998420580527
264247.534087278,3842790.82118864,672.718474497791,L3_1,315.5,354.765033094552,22.2986114970882
264247.534087278,3842790.82118864,672.718474497791,L3_1,315.5,333.765634355716,21.3852012003358
264247.534087278,3842790.82118864,672.718474497791,L3_1,315.5,311.720746363475,20.3233048851397
264247.534087278,3842790.82118864,672.718474497791,L3_1,315.5,289.030548893934,19.179917028748
264247.534087278,3842790.82118864,672.718474497791,L3_1,315.5,265.205841550916,18.0121879378922
264247.534087278,3842790.82118864,672.718474497791,L3_1,315.5,240.189898840747,16.8602160543161
264247.534087278,3842790.82118864,672.718474497791,L3_1,315.5,213.92315899507,15.7546298826691
264247.534087278,3842790.82118864,672.718474497791,L3_1,315.5,186.343082157109,14.7169454139572
264247.534087278,3842790.82118864,672.718474497791,L3_1,315.5,157.384001477249,13.7608181331989
264247.534087278,3842790.82118864,672.718474497791,L3_1,315.5,126.976966763397,12.8935188514118
264247.534087278,3842790.82118864,672.718474497791,L3_1,315.5,95.049580313852,12.1173371015109
264247.534087278,3842790.82118864,672.718474497791,L3_1,315.5,,
264247.534087278,3842790.82118864,672.718474497791,L3_1,315.5,,
264247.534087278,3842790.82118864,672.718474497791,L3_1,315.5,,
264247.534087278,3842790.82118864,672.718474497791,L3_1,315.5,,
264247.534087278,3842790.82118864,672.718474497791,L3_1,315.5,,
264247.534087278,3842790.82118864,672.718474497791,L3_1,315.5,,
264247.534087278,3842790.82118864,672.718474497791,L3_1,315.5,,
264247.534087278,3842790.82118864,672.718474497791,L3_1,315.5,,
264247.534087278,3842790.82118864,672.718474497791,L3_1,315.5,,
264247.534087278,3842790.82118864,672.718474497791,L3_1,315.5,,
264247.534087278,3842790.82118864,672.718474497791,L3_1,315.5,,
264247.534087278,3842790.82118864,672.718474497791,L3_1,315.5,,
264247.534087278,3842790.82118864,672.718474497791,L3_1,315.5,,
264247.534087278,3842790.82118864,672.718474497791,L3_1,315.5,,
264247.534087278,3842790.82118864,672.718474497791,L3_1,315.5,,
264247.534087278,3842790.82118864,672.718474497791,L3_1,315.5,,
264247.534087278,3842790.82118864,672.718474497791,L3_1,315.5,,
264247.534087278,3842790.82118864,672.718474497791,L3_1,315.5,,
264247.534087278,3842790.82118864,672.718474497791,L3_1,315.5,,
264247.534087278,3842790.82118864,672.718474497791,L3_1,315.5,,
264247.534087278,3842790.82118864,672.718474497791,L3_1,315.5,,
264252.90065623,3842794.49766151,672.640985230702,L3_1,322.0,672.640985230702,23.8001482172236
264252.90065623,3842794.49766151,672.640985230702,L3_1,322.0,667.540354331759,27.2135030672297
264252.90065623,3842794.49766151,672.640985230702,L3_1,322.0,662.184691887869,33.2871454459025
264252.90065623,3842794.49766151,672.640985230702,L3_1,322.0,656.561246321785,32.8689491052099
264252.90065623,3842794.49766151,672.640985230702,L3_1,322.0,650.656628477396,24.4898837599191
264252.90065623,3842794.49766151,672.640985230702,L3_1,322.0,644.456779740788,14.3967081919999
264252.90065623,3842794.49766151,672.640985230702,L3_1,322.0,637.94693856735,7.33521410917652
264252.90065623,3842794.49766151,672.640985230702,L3_1,322.0,631.111605335239,3.78433341634655
264252.90065623,3842794.49766151,672.640985230702,L3_1,322.0,623.934505441523,2.33462129254995
264252.90065623,3842794.49766151,672.640985230702,L3_1,322.0,616.398550553122,1.86623164267564
264252.90065623,3842794.49766151,672.640985230702,L3_1,322.0,608.4857979203,1.88005574604324
264252.90065623,3842794.49766151,672.640985230702,L3_1,322.0,600.177407655837,2.2200832895264
264252.90065623,3842794.49766151,672.640985230702,L3_1,322.0,591.453597878151,2.86622956331697
264252.90065623,3842794.49766151,672.640985230702,L3_1,322.0,582.293597611581,3.83010453436333
264252.90065623,3842794.49766151,672.640985230702,L3_1,322.0,572.675597331682,5.11032700139153
264252.90065623,3842794.49766151,672.640985230702,L3_1,322.0,562.576697037788,6.68198891120399
264252.90065623,3842794.49766151,672.640985230702,L3_1,322.0,551.9728517292,8.4985431306377
264252.90065623,3842794.49766151,672.640985230702,L3_1,322.0,540.838814155182,10.4944964891348
264252.90065623,3842794.49766151,672.640985230702,L3_1,322.0,529.148074702463,12.5895237583446
264252.90065623,3842794.49766151,672.640985230702,L3_1,322.0,516.872798277108,14.6956750790849
264252.90065623,3842794.49766151,672.640985230702,L3_1,322.0,503.983758030486,16.7252546355733
264252.90065623,3842794.49766151,672.640985230702,L3_1,322.0,490.450265771532,18.5966395757024
264252.90065623,3842794.49766151,672.640985230702,L3_1,322.0,476.240098899631,20.2377760272678
264252.90065623,3842794.49766151,672.640985230702,L3_1,322.0,461.319423684135,21.5885924404107
264252.90065623,3842794.49766151,672.640985230702,L3_1,322.0,445.652714707864,22.603484494506
264252.90065623,3842794.49766151,672.640985230702,L3_1,322.0,429.202670282779,23.2541770659119
264252.90065623,3842794.49766151,672.640985230702,L3_1,322.0,411.93012363644,23.5323535532352
264252.90065623,3842794.49766151,672.640985230702,L3_1,322.0,393.793949657785,23.4508674537055
264252.90065623,3842794.49766151,672.640985230702,L3_1,322.0,374.750966980196,23.0426074248881
264252.90065623,3842794.49766151,672.640985230702,L3_1,322.0,354.755835168728,22.3568451137567
264252.90065623,3842794.49766151,672.640985230702,L3_1,322.0,333.760946766686,21.4535320340062
264252.90065623,3842794.49766151,672.640985230702,L3_1,322.0,311.720746363475,20.3965945826223
264252.90065623,3842794.49766151,672.640985230702,L3_1,322.0,289.030548893934,19.2537648916602
264252.90065623,3842794.49766151,672.640985230702,L3_1,322.0,265.205841550916,18.0832031058687
264252.90065623,3842794.49766151,672.640985230702,L3_1,322.0,240.189898840747,16.9260605885506
264252.90065623,3842794.49766151,672.640985230702,L3_1,322.0,213.92315899507,15.8139000855353
264252.90065623,3842794.49766151,672.640985230702,L3_1,322.0,186.343082157109,14.7689967850858
264252.90065623,3842794.49766151,672.640985230702,L3_1,322.0,157.384001477249,13.8055735574062
264252.90065623,3842794.49766151,672.640985230702,L3_1,322.0,126.976966763397,12.9312951709326
264252.90065623,3842794.49766151,672.640985230702,L3_1,322.0,95.049580313852,12.1486999478128
264252.90065623,3842794.49766151,672.640985230702,L3_1,322.0,,
264252.90065623,3842794.49766151,672.640985230702,L3_1,322.0,,
264252.90065623,3842794.49766151,672.640985230702,L3_1,322.0,,
264252.90065623,3842794.49766151,672.640985230702,L3_1,322.0,,
264252.90065623,3842794.49766151,672.640985230702,L3_1,322.0,,
264252.90065623,3842794.49766151,672.640985230702,L3_1,322.0,,
264252.90065623,3842794.49766151,672.640985230702,L3_1,322.0,,
264252.90065623,3842794.49766151,672.640985230702,L3_1,322.0,,
264252.90065623,3842794.49766151,672.640985230702,L3_1,322.0,,
264252.90065623,3842794.49766151,672.640985230702,L3_1,322.0,,
264252.90065623,3842794.49766151,672.640985230702,L3_1,322.0,,
264252.90065623,3842794.49766151,672.640985230702,L3_1,322.0,,
264252.90065623,3842794.49766151,672.640985230702,L3_1,322.0,,
264252.90065623,3842794.49766151,672.640985230702,L3_1,322.0,,
264252.90065623,3842794.49766151,672.640985230702,L3_1,322.0,,
264252.90065623,3842794.49766151,672.640985230702,L3_1,322.0,,
264252.90065623,3842794.49766151,672.640985230702,L3_1,322.0,,
264252.90065623,3842794.49766151,672.640985230702,L3_1,322.0,,
264252.90065623,3842794.49766151,672.640985230702,L3_1,322.0,,
264252.90065623,3842794.49766151,672.640985230702,L3_1,322.0,,
264252.90065623,3842794.49766151,672.640985230702,L3_1,322.0,,
264257.85495413,3842797.89131988,672.563495963613,L3_1,328.0,672.563495963613,21.1123252535377
264257.85495413,3842797.89131988,672.563495963613,L3_1,328.0,667.463960834401,23.8240179446069
264257.85495413,3842797.89131988,672.563495963613,L3_1,328.0,662.109448948729,29.1231344498636
264257.85495413,3842797.89131988,672.563495963613,L3_1,328.0,656.487211468773,29.8209731168167
264257.85495413,3842797.89131988,672.563495963613,L3_1,328.0,650.583862114819,23.1942237318719
264257.85495413,3842797.89131988,672.563495963613,L3_1,328.0,644.385345293168,14.0599500109225
264257.85495413,3842797.89131988,672.563495963613,L3_1,328.0,637.876902630434,7.28911995589114
264257.85495413,3842797.89131988,672.563495963613,L3_1,328.0,631.043037834563,3.80053900500288
264257.85495413,3842797.89131988,672.563495963613,L3_1,328.0,623.867479798899,2.36950889016381
264257.85495413,3842797.89131988,672.563495963613,L3_1,328.0,616.333143861451,1.91544067303338
264257.85495413,3842797.89131988,672.563495963613,L3_1,328.0,608.422091127132,1.94588625465567
264257.85495413,3842797.89131988,672.563495963613,L3_1,328.0,600.115485756096,2.30583173709909
264257.85495413,3842797.89131988,672.563495963613,L3_1,328.0,591.393550116508,2.97274059823861
264257.85495413,3842797.89131988,672.563495963613,L3_1,328.0,582.235517694941,3.95240924990831
264257.85495413,3842797.89131988,672.563495963613,L3_1,328.0,572.619583652296,5.23723696371985
264257.85495413,3842797.89131988,672.563495963613,L3_1,328.0,562.522852907518,6.7991620358812
264257.85495413,3842797.89131988,672.563495963613,L3_1,328.0,551.921285625502,8.59254569819195
264257.85495413,3842797.89131988,672.563495963613,L3_1,328.0,540.789639979385,10.5557639978882
264257.85495413,3842797.89131988,672.563495963613,L3_1,328.0,529.101412050962,12.6138507998056
264257.85495413,3842797.89131988,672.563495963613,L3_1,328.0,516.828772726117,14.6845244976734
264257.85495413,3842797.89131988,672.563495963613,L3_1,328.0,503.942501435031,16.6850926999034
264257.85495413,3842797.89131988,672.563495963613,L3_1,328.0,490.41191657939,18.5374845286578
264257.85495413,3842797.89131988,672.563495963613,L3_1,328.0,476.204802480967,20.1712930097963
264257.85495413,3842797.89131988,672.563495963613,L3_1,328.0,461.287332677623,21.526135765208
264257.85495413,3842797.89131988,672.563495963613,L3_1,328.0,445.623989384112,22.5544491193267
264257.85495413,3842797.89131988,672.563495963613,L3_1,328.0,429.177478925925,23.2249240185825
264257.85495413,3842797.89131988,672.563495963613,L3_1,328.0,411.908642944829,23.5258143773458
264257.85495413,3842797.89131988,672.563495963613,L3_1,328.0,393.776365164679,23.466778626602
264257.85495413,3842797.89131988,672.563495963613,L3_1,328.0,374.73747349552,23.0782003559711
264257.85495413,3842797.89131988,672.563495963613,L3_1,328.0,354.746637242904,22.4077751032036
264257.85495413,3842797.89131988,672.563495963613,L3_1,328.0,333.756259177657,21.5148051614795
264257.85495413,3842797.89131988,672.563495963613,L3_1,328.0,311.720746363475,20.4633281598077
264257.85495413,3842797.89131988,672.563495963613,L3_1,328.0,289.030548893934,19.3217125053844
264257.85495413,3842797.89131988,672.563495963613,L3_1,328.0,265.205841550916,18.1490439481896
264257.85495413,3842797.89131988,672.563495963613,L3_1,328.0,240.189898840747,16.9874609204145
264257.85495413,3842797.89131988,672.563495963613,L3_1,328.0,213.92315899507,15.8694194607244
264257.85495413,3842797.89131988,672.563495963613,L3_1,328.0,186.343082157109,14.8179288823959
264257.85495413,3842797.89131988,672.563495963613,L3_1,328.0,157.384001477249,13.8477685332701
264257.85495413,3842797.89131988,672.563495963613,L3_1,328.0,126.976966763397,12.9669944535589
264257.85495413,3842797.89131988,672.563495963613,L3_1,328.0,95.049580313852,12.1783959029527
264257.85495413,3842797.89131988,672.563495963613,L3_1,328.0,,
264257.85495413,3842797.89131988,672.563495963613,L3_1,328.0,,
264257.85495413,3842797.89131988,672.563495963613,L3_1,328.0,,
264257.85495413,3842797.89131988,672.563495963613,L3_1,328.0,,
264257.85495413,3842797.89131988,672.563495963613,L3_1,328.0,,
264257.85495413,3842797.89131988,672.563495963613,L3_1,328.0,,
264257.85495413,3842797.89131988,672.563495963613,L3_1,328.0,,
264257.85495413,3842797.89131988,672.563495963613,L3_1,328.0,,
264257.85495413,3842797.89131988,672.563495963613,L3_1,328.0,,
264257.85495413,3842797.89131988,672.563495963613,L3_1,328.0,,
264257.85495413,3842797.89131988,672.563495963613,L3_1,328.0,,
264257.85495413,3842797.89131988,672.563495963613,L3_1,328.0,,
264257.85495413,3842797.89131988,672.563495963613,L3_1,328.0,,
264257.85495413,3842797.89131988,672.563495963613,L3_1,328.0,,
264257.85495413,3842797.89131988,672.563495963613,L3_1,328.0,,
264257.85495413,3842797.89131988,672.563495963613,L3_1,328.0,,
264257.85495413,3842797.89131988,672.563495963613,L3_1,328.0,,
264257.85495413,3842797.89131988,672.563495963613,L3_1,328.0,,
264257.85495413,3842797.89131988,672.563495963613,L3_1,328.0,,
264257.85495413,3842797.89131988,672.563495963613,L3_1,328.0,,
264257.85495413,3842797.89131988,672.563495963613,L3_1,328.0,,
264263.222697294,3842801.56777348,672.486006696524,L3_1,334.5,672.486006696524,19.1035104175667
264263.222697294,3842801.56777348,672.486006696524,L3_1,334.5,667.387567337043,20.3413912945777
264263.222697294,3842801.56777348,672.486006696524,L3_1,334.5,662.034206009588,23.9819793491188
264263.222697294,3842801.56777348,672.486006696524,L3_1,334.5,656.413176615761,26.0618705948725
264263.222697294,3842801.56777348,672.486006696524,L3_1,334.5,650.511095752242,21.6431624753567
264263.222697294,3842801.56777348,672.486006696524,L3_1,334.5,644.313910845547,13.6891743969636
264263.222697294,3842801.56777348,672.486006696524,L3_1,334.5,637.806866693518,7.23244750826884
264263.222697294,3842801.56777348,672.486006696524,L3_1,334.5,630.974470333887,3.78954071270643
264263.222697294,3842801.56777348,672.486006696524,L3_1,334.5,623.800454156274,2.3700880242559
264263.222697294,3842801.56777348,672.486006696524,L3_1,334.5,616.267737169781,1.92967232658843
264263.222697294,3842801.56777348,672.486006696524,L3_1,334.5,608.358384333963,1.97788198372915
264263.222697294,3842801.56777348,672.486006696524,L3_1,334.5,600.053563856355,2.35979368840488
264263.222697294,3842801.56777348,672.486006696524,L3_1,334.5,591.333502354866,3.05090683562105
264263.222697294,3842801.56777348,672.486006696524,L3_1,334.5,582.177437778302,4.05150257321224
264263.222697294,3842801.56777348,672.486006696524,L3_1,334.5,572.56356997291,5.34719797803065
264263.222697294,3842801.56777348,672.486006696524,L3_1,334.5,562.469008777249,6.90575737816449
264263.222697294,3842801.56777348,672.486006696524,L3_1,334.5,551.869719521804,8.68163296570714
264263.222697294,3842801.56777348,672.486006696524,L3_1,334.5,540.740465803588,10.6166375195855
264263.222697294,3842801.56777348,672.486006696524,L3_1,334.5,529.05474939946,12.6409748998621
264263.222697294,3842801.56777348,672.486006696524,L3_1,334.5,516.784747175126,14.6779669291363
264263.222697294,3842801.56777348,672.486006696524,L3_1,334.5,503.901244839576,16.6499679571196
264263.222697294,3842801.56777348,672.486006696524,L3_1,334.5,490.373567387248,18.4826355505054
264263.222697294,3842801.56777348,672.486006696524,L3_1,334.5,476.169506062303,20.1075080677227
264263.222697294,3842801.56777348,672.486006696524,L3_1,334.5,461.255241671112,21.4642625942838
264263.222697294,3842801.56777348,672.486006696524,L3_1,334.5,445.595264060361,22.5037499268648
264263.222697294,3842801.56777348,672.486006696524,L3_1,334.5,429.152287569072,23.1919458527533
264263.222697294,3842801.56777348,672.486006696524,L3_1,334.5,411.887162253218,23.5138977075776
264263.222697294,3842801.56777348,672.486006696524,L3_1,334.5,393.758780671572,23.4761753921354
264263.222697294,3842801.56777348,672.486006696524,L3_1,334.5,374.723980010844,23.1066700955058
264263.222697294,3842801.56777348,672.486006696524,L3_1,334.5,354.73743931708,22.4514448401219
264263.222697294,3842801.56777348,672.486006696524,L3_1,334.5,333.751571588627,21.5690516794192
264263.222697294,3842801.56777348,672.486006696524,L3_1,334.5,311.720746363475,20.5235231688436
264263.222697294,3842801.56777348,672.486006696524,L3_1,334.5,289.030548893934,19.3837663420086
264263.222697294,3842801.56777348,672.486006696524,L3_1,334.5,265.205841550916,18.2097093737314
264263.222697294,3842801.56777348,672.486006696524,L3_1,334.5,240.189898840747,17.0444115957872
264263.222697294,3842801.56777348,672.486006696524,L3_1,334.5,213.92315899507,15.9211809010711
264263.222697294,3842801.56777348,672.486006696524,L3_1,334.5,186.343082157109,14.8637343797818
264263.222697294,3842801.56777348,672.486006696524,L3_1,334.5,157.384001477249,13.8873962714072
264263.222697294,3842801.56777348,672.486006696524,L3_1,334.5,126.976966763397,13.000610855566
264263.222697294,3842801.56777348,672.486006696524,L3_1,334.5,95.049580313852,12.2064201819568
264263.222697294,3842801.56777348,672.486006696524,L3_1,334.5,,
264263.222697294,3842801.56777348,672.486006696524,L3_1,334.5,,
264263.222697294,3842801.56777348,672.486006696524,L3_1,334.5,,
264263.222697294,3842801.56777348,672.486006696524,L3_1,334.5,,
264263.222697294,3842801.56777348,672.486006696524,L3_1,334.5,,
264263.222697294,3842801.56777348,672.486006696524,L3_1,334.5,,
264263.222697294,3842801.56777348,672.486006696524,L3_1,334.5,,
264263.222697294,3842801.56777348,672.486006696524,L3_1,334.5,,
264263.222697294,3842801.56777348,672.486006696524,L3_1,334.5,,
264263.222697294,3842801.56777348,672.486006696524,L3_1,334.5,,
264263.222697294,3842801.56777348,672.486006696524,L3_1,334.5,,
264263.222697294,3842801.56777348,672.486006696524,L3_1,334.5,,
264263.222697294,3842801.56777348,672.486006696524,L3_1,334.5,,
264263.222697294,3842801.56777348,672.486006696524,L3_1,334.5,,
264263.222697294,3842801.56777348,672.486006696524,L3_1,334.5,,
264263.222697294,3842801.56777348,672.486006696524,L3_1,334.5,,
264263.222697294,3842801.56777348,672.486006696524,L3_1,334.5,,
264263.222697294,3842801.56777348,672.486006696524,L3_1,334.5,,
264263.222697294,3842801.56777348,672.486006696524,L3_1,334.5,,
264263.222697294,3842801.56777348,672.486006696524,L3_1,334.5,,
264263.222697294,3842801.56777348,672.486006696524,L3_1,334.5,,
264268.177537137,3842804.96142295,672.451997431964,L3_1,340.5,672.451997431964,15.5839890545313
264268.177537137,3842804.96142295,672.451997431964,L3_1,340.5,667.354038994863,16.7939834908925
264268.177537137,3842804.96142295,672.451997431964,L3_1,340.5,662.001182635906,20.9018450846901
264268.177537137,3842804.96142295,672.451997431964,L3_1,340.5,656.380683459002,24.5358782329489
264268.177537137,3842804.96142295,672.451997431964,L3_1,340.5,650.479159323252,21.4979363342437
264268.177537137,3842804.96142295,672.451997431964,L3_1,340.5,644.282558980714,13.8981777805703
264268.177537137,3842804.96142295,672.451997431964,L3_1,340.5,637.77612862105,7.3161686067285
264268.177537137,3842804.96142295,672.451997431964,L3_1,340.5,630.944376743403,3.77461595339893
264268.177537137,3842804.96142295,672.451997431964,L3_1,340.5,623.771037271873,2.3343914119741
264268.177537137,3842804.96142295,672.451997431964,L3_1,340.5,616.239030826767,1.90222435695832
264268.177537137,3842804.96142295,672.451997431964,L3_1,340.5,608.330424059406,1.9676173374152
264268.177537137,3842804.96142295,672.451997431964,L3_1,340.5,600.026386953676,2.37211900874699
264268.177537137,3842804.96142295,672.451997431964,L3_1,340.5,591.30714799266,3.08968182349792
264268.177537137,3842804.96142295,672.451997431964,L3_1,340.5,582.151947083593,4.11562300838635
264268.177537137,3842804.96142295,672.451997431964,L3_1,340.5,572.538986129073,5.42830199343921
264268.177537137,3842804.96142295,672.451997431964,L3_1,340.5,562.445377126827,6.9902537617816
264268.177537137,3842804.96142295,672.451997431964,L3_1,340.5,551.847087674468,8.75514499322233
264268.177537137,3842804.96142295,672.451997431964,L3_1,340.5,540.718883749492,10.6677163275663
264268.177537137,3842804.96142295,672.451997431964,L3_1,340.5,529.034269628267,12.663044193065
264268.177537137,3842804.96142295,672.451997431964,L3_1,340.5,516.76542480098,14.669853308786
264268.177537137,3842804.96142295,672.451997431964,L3_1,340.5,503.883137732329,16.6154421796367
264268.177537137,3842804.96142295,672.451997431964,L3_1,340.5,490.356736310246,18.4292367586893
264268.177537137,3842804.96142295,672.451997431964,L3_1,340.5,476.154014817058,20.0449092774008
264268.177537137,3842804.96142295,672.451997431964,L3_1,340.5,461.241157249211,21.4024955089623
264268.177537137,3842804.96142295,672.451997431964,L3_1,340.5,445.582656802972,22.4516191772285
264268.177537137,3842804.96142295,672.451997431964,L3_1,340.5,429.141231334421,23.1558839899608
264268.177537137,3842804.96142295,672.451997431964,L3_1,340.5,411.877734592442,23.4974043890857
264268.177537137,3842804.96142295,672.451997431964,L3_1,340.5,393.751063013364,23.4798457776471
264268.177537137,3842804.96142295,672.451997431964,L3_1,340.5,374.718057855333,23.1286913979337
264268.177537137,3842804.96142295,672.451997431964,L3_1,340.5,354.7334024394,22.4883653174755
264268.177537137,3842804.96142295,672.451997431964,L3_1,340.5,333.74951425267,21.6166090337974
264268.177537137,3842804.96142295,672.451997431964,L3_1,340.5,311.720746363475,20.5773652604267
264268.177537137,3842804.96142295,672.451997431964,L3_1,340.5,289.030548893934,19.4399926416727
264268.177537137,3842804.96142295,672.451997431964,L3_1,340.5,265.205841550916,18.2651853145857
264268.177537137,3842804.96142295,672.451997431964,L3_1,340.5,240.189898840747,17.0968526966993
264268.177537137,3842804.96142295,672.451997431964,L3_1,340.5,213.92315899507,15.9691011648983
264268.177537137,3842804.96142295,672.451997431964,L3_1,340.5,186.343082157109,14.9063235608153
264268.177537137,3842804.96142295,672.451997431964,L3_1,340.5,157.384001477249,13.9243710127443
264268.177537137,3842804.96142295,672.451997431964,L3_1,340.5,126.976966763397,13.0320677426131
264268.177537137,3842804.96142295,672.451997431964,L3_1,340.5,95.049580313852,12.2327079378639
264268.177537137,3842804.96142295,672.451997431964,L3_1,340.5,,
264268.177537137,3842804.96142295,672.451997431964,L3_1,340.5,,
264268.177537137,3842804.96142295,672.451997431964,L3_1,340.5,,
264268.177537137,3842804.96142295,672.451997431964,L3_1,340.5,,
264268.177537137,3842804.96142295,672.451997431964,L3_1,340.5,,
264268.177537137,3842804.96142295,672.451997431964,L3_1,340.5,,
264268.177537137,3842804.96142295,672.451997431964,L3_1,340.5,,
264268.177537137,3842804.96142295,672.451997431964,L3_1,340.5,,
264268.177537137,3842804.96142295,672.451997431964,L3_1,340.5,,
264268.177537137,3842804.96142295,672.451997431964,L3_1,340.5,,
264268.177537137,3842804.96142295,672.451997431964,L3_1,340.5,,
264268.177537137,3842804.96142295,672.451997431964,L3_1,340.5,,
264268.177537137,3842804.96142295,672.451997431964,L3_1,340.5,,
264268.177537137,3842804.96142295,672.451997431964,L3_1,340.5,,
264268.177537137,3842804.96142295,672.451997431964,L3_1,340.5,,
264268.177537137,3842804.96142295,672.451997431964,L3_1,340.5,,
264268.177537137,3842804.96142295,672.451997431964,L3_1,340.5,,
264268.177537137,3842804.96142295,672.451997431964,L3_1,340.5,,
264268.177537137,3842804.96142295,672.451997431964,L3_1,340.5,,
264268.177537137,3842804.96142295,672.451997431964,L3_1,340.5,,
264268.177537137,3842804.96142295,672.451997431964,L3_1,340.5,,
264273.5452803,3842808.63787655,672.461347771871,L3_1,347.0,672.461347771871,11.5740955122816
264273.5452803,3842808.63787655,672.461347771871,L3_1,347.0,667.363257112336,13.8070979168967
264273.5452803,3842808.63787655,672.461347771871,L3_1,347.0,662.010261919824,20.1795151501301
264273.5452803,3842808.63787655,672.461347771871,L3_1,347.0,656.389616967687,25.7202825682804
264273.5452803,3842808.63787655,672.461347771871,L3_1,347.0,650.487939767943,23.1588016902206
264273.5452803,3842808.63787655,672.461347771871,L3_1,347.0,644.291178708212,14.867577693555
264273.5452803,3842808.63787655,672.461347771871,L3_1,347.0,637.784579595494,7.58888610112909
264273.5452803,3842808.63787655,672.461347771871,L3_1,347.0,630.95265052714,3.76645983911578
264273.5452803,3842808.63787655,672.461347771871,L3_1,347.0,623.779125005369,2.26651232084266
264273.5452803,3842808.63787655,672.461347771871,L3_1,347.0,616.246923207509,1.83545055362666
264273.5452803,3842808.63787655,672.461347771871,L3_1,347.0,608.338111319756,1.91584687599877
264273.5452803,3842808.63787655,672.461347771871,L3_1,347.0,600.033858837615,2.34191433576603
264273.5452803,3842808.63787655,672.461347771871,L3_1,347.0,591.314393731368,3.08680401355505
264273.5452803,3842808.63787655,672.461347771871,L3_1,347.0,582.158955369808,4.14169657385953
264273.5452803,3842808.63787655,672.461347771871,L3_1,347.0,572.54574509017,5.47725378926225
264273.5452803,3842808.63787655,672.461347771871,L3_1,347.0,562.45187429655,7.04955354152672
264273.5452803,3842808.63787655,672.461347771871,L3_1,347.0,551.853309963249,8.81038634361077
264273.5452803,3842808.63787655,672.461347771871,L3_1,347.0,540.724817413283,10.7067589851313
264273.5452803,3842808.63787655,672.461347771871,L3_1,347.0,529.039900235819,12.6782443677842
264273.5452803,3842808.63787655,672.461347771871,L3_1,347.0,516.770737199481,14.6587433600034
264273.5452803,3842808.63787655,672.461347771871,L3_1,347.0,503.888116011327,16.5803988990392
264273.5452803,3842808.63787655,672.461347771871,L3_1,347.0,490.361363763765,18.3764522208232
264273.5452803,3842808.63787655,672.461347771871,L3_1,347.0,476.158273903825,19.9828993065549
264273.5452803,3842808.63787655,672.461347771871,L3_1,347.0,461.245029550888,21.3404343191445
264273.5452803,3842808.63787655,672.461347771871,L3_1,347.0,445.586122980303,22.3978108940545
264273.5452803,3842808.63787655,672.461347771871,L3_1,347.0,429.14427108119,23.1166043717483
264273.5452803,3842808.63787655,672.461347771871,L3_1,347.0,411.880326587121,23.4762745502591
264273.5452803,3842808.63787655,672.461347771871,L3_1,347.0,393.753184868349,23.4777736432718
264273.5452803,3842808.63787655,672.461347771871,L3_1,347.0,374.719686063638,23.1442694968065
264273.5452803,3842808.63787655,672.461347771871,L3_1,347.0,354.734512318692,22.5185479660636
264273.5452803,3842808.63787655,672.461347771871,L3_1,347.0,333.750079886498,21.6574869131565
264273.5452803,3842808.63787655,672.461347771871,L3_1,347.0,311.720746363475,20.6248590628033
264273.5452803,3842808.63787655,672.461347771871,L3_1,347.0,289.030548893934,19.4903910218165
264273.5452803,3842808.63787655,672.461347771871,L3_1,347.0,265.205841550916,18.3154677055789
264273.5452803,3842808.63787655,672.461347771871,L3_1,347.0,240.189898840747,17.144778057087
264273.5452803,3842808.63787655,672.461347771871,L3_1,347.0,213.92315899507,16.0131732424096
264273.5452803,3842808.63787655,672.461347771871,L3_1,347.0,186.343082157109,14.9456892943566
264273.5452803,3842808.63787655,672.461347771871,L3_1,347.0,157.384001477249,13.9586863661832
264273.5452803,3842808.63787655,672.461347771871,L3_1,347.0,126.976966763397,13.0613596827077
264273.5452803,3842808.63787655,672.461347771871,L3_1,347.0,95.049580313852,12.257254776363
264273.5452803,3842808.63787655,672.461347771871,L3_1,347.0,,
264273.5452803,3842808.63787655,672.461347771871,L3_1,347.0,,
264273.5452803,3842808.63787655,672.461347771871,L3_1,347.0,,
264273.5452803,3842808.63787655,672.461347771871,L3_1,347.0,,
264273.5452803,3842808.63787655,672.461347771871,L3_1,347.0,,
264273.5452803,3842808.63787655,672.461347771871,L3_1,347.0,,
264273.5452803,3842808.63787655,672.461347771871,L3_1,347.0,,
264273.5452803,3842808.63787655,672.461347771871,L3_1,347.0,,
264273.5452803,3842808.63787655,672.461347771871,L3_1,347.0,,
264273.5452803,3842808.63787655,672.461347771871,L3_1,347.0,,
264273.5452803,3842808.63787655,672.461347771871,L3_1,347.0,,
264273.5452803,3842808.63787655,672.461347771871,L3_1,347.0,,
264273.5452803,3842808.63787655,672.461347771871,L3_1,347.0,,
264273.5452803,3842808.63787655,672.461347771871,L3_1,347.0,,
264273.5452803,3842808.63787655,672.461347771871,L3_1,347.0,,
264273.5452803,3842808.63787655,672.461347771871,L3_1,347.0,,
264273.5452803,3842808.63787655,672.461347771871,L3_1,347.0,,
264273.5452803,3842808.63787655,672.461347771871,L3_1,347.0,,
264273.5452803,3842808.63787655,672.461347771871,L3_1,347.0,,
264273.5452803,3842808.63787655,672.461347771871,L3_1,347.0,,
264273.5452803,3842808.63787655,672.461347771871,L3_1,347.0,,
264278.500114093,3842812.03159777,672.470698111777,L3_1,353.0,672.470698111777,9.53976895924426
264278.500114093,3842812.03159777,672.470698111777,L3_1,353.0,667.372475229809,12.4596579790585
264278.500114093,3842812.03159777,672.470698111777,L3_1,353.0,662.019341203743,21.098566659273
264278.500114093,3842812.03159777,672.470698111777,L3_1,353.0,656.398550476373,28.8734014285138
264278.500114093,3842812.03159777,672.470698111777,L3_1,353.0,650.496720212634,26.2166982281831
264278.500114093,3842812.03159777,672.470698111777,L3_1,353.0,644.299798435709,16.4016622059883
264278.500114093,3842812.03159777,672.470698111777,L3_1,353.0,637.793030569938,7.98692653127735
264278.500114093,3842812.03159777,672.470698111777,L3_1,353.0,630.960924310878,3.76073868353329
264278.500114093,3842812.03159777,672.470698111777,L3_1,353.0,623.787212738865,2.17942483231886
264278.500114093,3842812.03159777,672.470698111777,L3_1,353.0,616.254815588251,1.74486376487868
264278.500114093,3842812.03159777,672.470698111777,L3_1,353.0,608.345798580106,1.83641190526022
264278.500114093,3842812.03159777,672.470698111777,L3_1,353.0,600.041330721555,2.27990502044718
264278.500114093,3842812.03159777,672.470698111777,L3_1,353.0,591.321639470075,3.04915829305702
264278.500114093,3842812.03159777,672.470698111777,L3_1,353.0,582.165963656022,4.13259483260571
264278.500114093,3842812.03159777,672.470698111777,L3_1,353.0,572.552504051266,5.49338507379074
264278.500114093,3842812.03159777,672.470698111777,L3_1,353.0,562.458371466273,7.08037133191152
264278.500114093,3842812.03159777,672.470698111777,L3_1,353.0,551.859532252029,8.84249349254123
264278.500114093,3842812.03159777,672.470698111777,L3_1,353.0,540.730751077074,10.7282474482656
264278.500114093,3842812.03159777,672.470698111777,L3_1,353.0,529.045530843371,12.6811252296899
264278.500114093,3842812.03159777,672.470698111777,L3_1,353.0,516.776049597982,14.6397653606943
264278.500114093,3842812.03159777,672.470698111777,L3_1,353.0,503.893094290324,16.5408545109468
264278.500114093,3842812.03159777,672.470698111777,L3_1,353.0,490.365991217284,18.3213100733418
264278.500114093,3842812.03159777,672.470698111777,L3_1,353.0,476.162532990591,19.9194901319301
264278.500114093,3842812.03159777,672.470698111777,L3_1,353.0,461.248901852563,21.2769426464359
264278.500114093,3842812.03159777,672.470698111777,L3_1,353.0,445.589589157635,22.3418398231562
264278.500114093,3842812.03159777,672.470698111777,L3_1,353.0,429.147310827959,23.0740577136493
264278.500114093,3842812.03159777,672.470698111777,L3_1,353.0,411.8829185818,23.4507045827362
264278.500114093,3842812.03159777,672.470698111777,L3_1,353.0,393.755306723334,23.4702484721519
264278.500114093,3842812.03159777,672.470698111777,L3_1,353.0,374.721314271943,23.1536826517129
264278.500114093,3842812.03159777,672.470698111777,L3_1,353.0,354.735622197983,22.5422063984365
264278.500114093,3842812.03159777,672.470698111777,L3_1,353.0,333.750645520326,21.6918159470219
264278.500114093,3842812.03159777,672.470698111777,L3_1,353.0,311.720746363475,20.6660538138212
264278.500114093,3842812.03159777,672.470698111777,L3_1,353.0,289.030548893934,19.5349477180621
264278.500114093,3842812.03159777,672.470698111777,L3_1,353.0,265.205841550916,18.3604985697185
264278.500114093,3842812.03159777,672.470698111777,L3_1,353.0,240.189898840747,17.1881029070066
264278.500114093,3842812.03159777,672.470698111777,L3_1,353.0,213.92315899507,16.0533029810608
264278.500114093,3842812.03159777,672.470698111777,L3_1,353.0,186.343082157109,14.9817390267358
264278.500114093,3842812.03159777,672.470698111777,L3_1,353.0,157.384001477249,13.9902567055624
264278.500114093,3842812.03159777,672.470698111777,L3_1,353.0,126.976966763397,13.088411705954
264278.500114093,3842812.03159777,672.470698111777,L3_1,353.0,95.049580313852,12.2799977515567
264278.500114093,3842812.03159777,672.470698111777,L3_1,353.0,,
264278.500114093,3842812.03159777,672.470698111777,L3_1,353.0,,
264278.500114093,3842812.03159777,672.470698111777,L3_1,353.0,,
264278.500114093,3842812.03159777,672.470698111777,L3_1,353.0,,
264278.500114093,3842812.03159777,672.470698111777,L3_1,353.0,,
264278.500114093,3842812.03159777,672.470698111777,L3_1,353.0,,
264278.500114093,3842812.03159777,672.470698111777,L3_1,353.0,,
264278.500114093,3842812.03159777,672.470698111777,L3_1,353.0,,
264278.500114093,3842812.03159777,672.470698111777,L3_1,353.0,,
264278.500114093,3842812.03159777,672.470698111777,L3_1,353.0,,
264278.500114093,3842812.03159777,672.470698111777,L3_1,353.0,,
264278.500114093,3842812.03159777,672.470698111777,L3_1,353.0,,
264278.500114093,3842812.03159777,672.470698111777,L3_1,353.0,,
264278.500114093,3842812.03159777,672.470698111777,L3_1,353.0,,
264278.500114093,3842812.03159777,672.470698111777,L3_1,353.0,,
264278.500114093,3842812.03159777,672.470698111777,L3_1,353.0,,
264278.500114093,3842812.03159777,672.470698111777,L3_1,353.0,,
264278.500114093,3842812.03159777,672.470698111777,L3_1,353.0,,
264278.500114093,3842812.03159777,672.470698111777,L3_1,353.0,,
264278.500114093,3842812.03159777,672.470698111777,L3_1,353.0,,
264278.500114093,3842812.03159777,672.470698111777,L3_1,353.0,,
264283.867844148,3842815.70820679,672.480048451684,L3_1,359.5,672.480048451684,9.0057527824677
264283.867844148,3842815.70820679,672.480048451684,L3_1,359.5,667.381693347282,12.403318124501
264283.867844148,3842815.70820679,672.480048451684,L3_1,359.5,662.028420487661,23.164924103081
264283.867844148,3842815.70820679,672.480048451684,L3_1,359.5,656.407483985058,33.4448011447484
264283.867844148,3842815.70820679,672.480048451684,L3_1,359.5,650.505500657326,30.2798315458281
264283.867844148,3842815.70820679,672.480048451684,L3_1,359.5,644.308418163206,18.2907071729466
264283.867844148,3842815.70820679,672.480048451684,L3_1,359.5,637.801481544381,8.4412288681204
264283.867844148,3842815.70820679,672.480048451684,L3_1,359.5,630.969198094615,3.7506402946778
264283.867844148,3842815.70820679,672.480048451684,L3_1,359.5,623.79530047236,2.08358466943022
264283.867844148,3842815.70820679,672.480048451684,L3_1,359.5,616.262707968993,1.64416642037135
264283.867844148,3842815.70820679,672.480048451684,L3_1,359.5,608.353485840457,1.7427991754155
264283.867844148,3842815.70820679,672.480048451684,L3_1,359.5,600.048802605494,2.19814204876109
264283.867844148,3842815.70820679,672.480048451684,L3_1,359.5,591.328885208783,2.98645900534989
264283.867844148,3842815.70820679,672.480048451684,L3_1,359.5,582.172971942237,4.09516353837093
264283.867844148,3842815.70820679,672.480048451684,L3_1,359.5,572.559263012363,5.48081125899396
264283.867844148,3842815.70820679,672.480048451684,L3_1,359.5,562.464868635996,7.08473328815843
264283.867844148,3842815.70820679,672.480048451684,L3_1,359.5,551.86575454081,8.85213991183579
264283.867844148,3842815.70820679,672.480048451684,L3_1,359.5,540.736684740865,10.7320838077889
264283.867844148,3842815.70820679,672.480048451684,L3_1,359.5,529.051161450923,12.671202022208
264283.867844148,3842815.70820679,672.480048451684,L3_1,359.5,516.781361996483,14.6122840562439
264283.867844148,3842815.70820679,672.480048451684,L3_1,359.5,503.898072569322,16.4961618437225
264283.867844148,3842815.70820679,672.480048451684,L3_1,359.5,490.370618670803,18.2632278566737
264283.867844148,3842815.70820679,672.480048451684,L3_1,359.5,476.166792077357,19.8542027649565
264283.867844148,3842815.70820679,672.480048451684,L3_1,359.5,461.252774154239,21.2116553001497
264283.867844148,3842815.70820679,672.480048451684,L3_1,359.5,445.593055334966,22.2834475596863
264283.867844148,3842815.70820679,672.480048451684,L3_1,359.5,429.150350574729,23.0280752834124
264283.867844148,3842815.70820679,672.480048451684,L3_1,359.5,411.88551057648,23.4205922211077
264283.867844148,3842815.70820679,672.480048451684,L3_1,359.5,393.757428578318,23.4572128252969
264283.867844148,3842815.70820679,672.480048451684,L3_1,359.5,374.722942480248,23.1569004788116
264283.867844148,3842815.70820679,672.480048451684,L3_1,359.5,354.736732077275,22.5593241686341
264283.867844148,3842815.70820679,672.480048451684,L3_1,359.5,333.751211154154,21.7195860980402
264283.867844148,3842815.70820679,672.480048451684,L3_1,359.5,311.720746363475,20.7009420882991
264283.867844148,3842815.70820679,672.480048451684,L3_1,359.5,289.030548893934,19.5736554818524
264283.867844148,3842815.70820679,672.480048451684,L3_1,359.5,265.205841550916,18.4002705025838
264283.867844148,3842815.70820679,672.480048451684,L3_1,359.5,240.189898840747,17.2268196648319
264283.867844148,3842815.70820679,672.480048451684,L3_1,359.5,213.92315899507,16.0894827933978
264283.867844148,3842815.70820679,672.480048451684,L3_1,359.5,186.343082157109,15.0144658973695
264283.867844148,3842815.70820679,672.480048451684,L3_1,359.5,157.384001477249,14.0190760212321
264283.867844148,3842815.70820679,672.480048451684,L3_1,359.5,126.976966763397,13.1132188025931
264283.867844148,3842815.70820679,672.480048451684,L3_1,359.5,95.049580313852,12.3009328414204
264283.867844148,3842815.70820679,672.480048451684,L3_1,359.5,,
264283.867844148,3842815.70820679,672.480048451684,L3_1,359.5,,
264283.867844148,3842815.70820679,672.480048451684,L3_1,359.5,,
264283.867844148,3842815.70820679,672.480048451684,L3_1,359.5,,
264283.867844148,3842815.70820679,672.480048451684,L3_1,359.5,,
264283.867844148,3842815.70820679,672.480048451684,L3_1,359.5,,
264283.867844148,3842815.70820679,672.480048451684,L3_1,359.5,,
264283.867844148,3842815.70820679,672.480048451684,L3_1,359.5,,
264283.867844148,3842815.70820679,672.480048451684,L3_1,359.5,,
264283.867844148,3842815.70820679,672.480048451684,L3_1,359.5,,
264283.867844148,3842815.70820679,672.480048451684,L3_1,359.5,,
264283.867844148,3842815.70820679,672.480048451684,L3_1,359.5,,
264283.867844148,3842815.70820679,672.480048451684,L3_1,359.5,,
264283.867844148,3842815.70820679,672.480048451684,L3_1,359.5,,
264283.867844148,3842815.70820679,672.480048451684,L3_1,359.5,,
264283.867844148,3842815.70820679,672.480048451684,L3_1,359.5,,
264283.867844148,3842815.70820679,672.480048451684,L3_1,359.5,,
264283.867844148,3842815.70820679,672.480048451684,L3_1,359.5,,
264283.867844148,3842815.70820679,672.480048451684,L3_1,359.5,,
264283.867844148,3842815.70820679,672.480048451684,L3_1,359.5,,
264283.867844148,3842815.70820679,672.480048451684,L3_1,359.5,,
264288.822671891,3842819.10199973,672.516223717615,L3_1,365.5,672.516223717615,7.60182564479856
264288.822671891,3842819.10199973,672.516223717615,L3_1,365.5,667.417357061577,11.0879883712156
264288.822671891,3842819.10199973,672.516223717615,L3_1,365.5,662.063547072737,23.2208690497344
264288.822671891,3842819.10199973,672.516223717615,L3_1,365.5,656.442046584455,36.1882421046768
264288.822671891,3842819.10199973,672.516223717615,L3_1,365.5,650.539471071759,33.2838950032513
264288.822671891,3842819.10199973,672.516223717615,L3_1,365.5,644.341766783428,19.7103485300215
264288.822671891,3842819.10199973,672.516223717615,L3_1,365.5,637.83417728068,8.7441864212979
264288.822671891,3842819.10199973,672.516223717615,L3_1,365.5,631.001208302795,3.71096186636696
264288.822671891,3842819.10199973,672.516223717615,L3_1,365.5,623.826590876016,1.99065879754769
264288.822671891,3842819.10199973,672.516223717615,L3_1,365.5,616.293242577897,1.55141175411823
264288.822671891,3842819.10199973,672.516223717615,L3_1,365.5,608.383226864873,1.65438341153491
264288.822671891,3842819.10199973,672.516223717615,L3_1,365.5,600.077710366198,2.11576817869253
264288.822671891,3842819.10199973,672.516223717615,L3_1,365.5,591.356918042589,2.91590014474927
264288.822671891,3842819.10199973,672.516223717615,L3_1,365.5,582.200086102799,4.0429158640713
264288.822671891,3842819.10199973,672.516223717615,L3_1,365.5,572.58541256602,5.44851955466278
264288.822671891,3842819.10199973,672.516223717615,L3_1,365.5,562.490005352402,7.06739529816718
264288.822671891,3842819.10199973,672.516223717615,L3_1,365.5,551.889827778103,8.84080689272906
264288.822671891,3842819.10199973,672.516223717615,L3_1,365.5,540.75964132509,10.7175629257622
264288.822671891,3842819.10199973,672.516223717615,L3_1,365.5,529.072945549425,12.6465315475732
264288.822671891,3842819.10199973,672.516223717615,L3_1,365.5,516.801914984977,14.5738492709368
264288.822671891,3842819.10199973,672.516223717615,L3_1,365.5,503.917332892307,16.4438785604512
264288.822671891,3842819.10199973,672.516223717615,L3_1,365.5,490.388521695004,18.200092177763
264288.822671891,3842819.10199973,672.516223717615,L3_1,365.5,476.183269937835,19.7854025467471
264288.822671891,3842819.10199973,672.516223717615,L3_1,365.5,461.267755592808,21.1434346328578
264288.822671891,3842819.10199973,672.516223717615,L3_1,365.5,445.606465530529,22.2219336484234
264288.822671891,3842819.10199973,672.516223717615,L3_1,365.5,429.162110965136,22.9782852860516
264288.822671891,3842819.10199973,672.516223717615,L3_1,365.5,411.895538671474,23.3857790906469
264288.822671891,3842819.10199973,672.516223717615,L3_1,365.5,393.765637763129,23.4386217354116
264288.822671891,3842819.10199973,672.516223717615,L3_1,365.5,374.729241809366,23.1539137218704
264288.822671891,3842819.10199973,672.516223717615,L3_1,365.5,354.741026057916,22.5698849428375
264288.822671891,3842819.10199973,672.516223717615,L3_1,365.5,333.753399518892,21.7407567813505
264288.822671891,3842819.10199973,672.516223717615,L3_1,365.5,311.720746363475,20.7294559012015
264288.822671891,3842819.10199973,672.516223717615,L3_1,365.5,289.030548893934,19.6064233930713
264288.822671891,3842819.10199973,672.516223717615,L3_1,365.5,265.205841550916,18.4346807368914
264288.822671891,3842819.10199973,672.516223717615,L3_1,365.5,240.189898840747,17.2608221604231
264288.822671891,3842819.10199973,672.516223717615,L3_1,365.5,213.92315899507,16.1216087073856
264288.822671891,3842819.10199973,672.516223717615,L3_1,365.5,186.343082157109,15.043773561864
264288.822671891,3842819.10199973,672.516223717615,L3_1,365.5,157.384001477249,14.045060176873
264288.822671891,3842819.10199973,672.516223717615,L3_1,365.5,126.976966763397,13.1357104642377
264288.822671891,3842819.10199973,672.516223717615,L3_1,365.5,95.049580313852,12.3200026623828
264288.822671891,3842819.10199973,672.516223717615,L3_1,365.5,,
264288.822671891,3842819.10199973,672.516223717615,L3_1,365.5,,
264288.822671891,3842819.10199973,672.516223717615,L3_1,365.5,,
264288.822671891,3842819.10199973,672.516223717615,L3_1,365.5,,
264288.822671891,3842819.10199973,672.516223717615,L3_1,365.5,,
264288.822671891,3842819.10199973,672.516223717615,L3_1,365.5,,
264288.822671891,3842819.10199973,672.516223717615,L3_1,365.5,,
264288.822671891,3842819.10199973,672.516223717615,L3_1,365.5,,
264288.822671891,3842819.10199973,672.516223717615,L3_1,365.5,,
264288.822671891,3842819.10199973,672.516223717615,L3_1,365.5,,
264288.822671891,3842819.10199973,672.516223717615,L3_1,365.5,,
264288.822671891,3842819.10199973,672.516223717615,L3_1,365.5,,
264288.822671891,3842819.10199973,672.516223717615,L3_1,365.5,,
264288.822671891,3842819.10199973,672.516223717615,L3_1,365.5,,
264288.822671891,3842819.10199973,672.516223717615,L3_1,365.5,,
264288.822671891,3842819.10199973,672.516223717615,L3_1,365.5,,
264288.822671891,3842819.10199973,672.516223717615,L3_1,365.5,,
264288.822671891,3842819.10199973,672.516223717615,L3_1,365.5,,
264288.822671891,3842819.10199973,672.516223717615,L3_1,365.5,,
264288.822671891,3842819.10199973,672.516223717615,L3_1,365.5,,
264288.822671891,3842819.10199973,672.516223717615,L3_1,365.5,,
264294.190401946,3842822.77860876,672.579215972159,L3_1,372.0,672.579215972159,5.84325536865012
264294.190401946,3842822.77860876,672.579215972159,L3_1,372.0,667.479458547522,9.04391646110151
264294.190401946,3842822.77860876,672.579215972159,L3_1,372.0,662.124713251654,21.4862341109047
264294.190401946,3842822.77860876,672.579215972159,L3_1,372.0,656.502230690992,36.7492153052756
264294.190401946,3842822.77860876,672.579215972159,L3_1,372.0,650.598624002298,34.7628644895172
264294.190401946,3842822.77860876,672.579215972159,L3_1,372.0,644.399836979168,20.4221792251829
264294.190401946,3842822.77860876,672.579215972159,L3_1,372.0,637.891110604882,8.83676065429145
264294.190401946,3842822.77860876,672.579215972159,L3_1,372.0,631.056947911882,3.63935475128194
264294.190401946,3842822.77860876,672.579215972159,L3_1,372.0,623.881077084232,1.90803391343885
264294.190401946,3842822.77860876,672.579215972159,L3_1,372.0,616.346412715199,1.47553466244614
264294.190401946,3842822.77860876,672.579215972159,L3_1,372.0,608.435015127715,1.58117848100112
264294.190401946,3842822.77860876,672.579215972159,L3_1,372.0,600.128047660856,2.04369277053761
264294.190401946,3842822.77860876,672.579215972159,L3_1,372.0,591.405731820654,2.84830800020998
264294.190401946,3842822.77860876,672.579215972159,L3_1,372.0,582.247300188443,3.98522000859344
264294.190401946,3842822.77860876,672.579215972159,L3_1,372.0,572.630946974621,5.40352932717739
264294.190401946,3842822.77860876,672.579215972159,L3_1,372.0,562.533776100107,7.03298634034039
264294.190401946,3842822.77860876,672.579215972159,L3_1,372.0,551.931746681868,8.81121887004772
264294.190401946,3842822.77860876,672.579215972159,L3_1,372.0,540.799615792718,10.6860946616349
264294.190401946,3842822.77860876,672.579215972159,L3_1,372.0,529.110878359109,12.6076983665454
264294.190401946,3842822.77860876,672.579215972159,L3_1,372.0,516.83770405382,14.5245671422825
264294.190401946,3842822.77860876,672.579215972159,L3_1,372.0,503.950871033267,16.383860714484
264294.190401946,3842822.77860876,672.579215972159,L3_1,372.0,490.419696361686,18.1316526110793
264294.190401946,3842822.77860876,672.579215972159,L3_1,372.0,476.211962956526,19.7128186846991
264294.190401946,3842822.77860876,672.579215972159,L3_1,372.0,461.293842881108,21.0720363603095
264294.190401946,3842822.77860876,672.579215972159,L3_1,372.0,445.629816801919,22.1571007841341
264294.190401946,3842822.77860876,672.579215972159,L3_1,372.0,429.18258941877,22.9245408710433
264294.190401946,3842822.77860876,672.579215972159,L3_1,372.0,411.913000666465,23.3461623909536
264294.190401946,3842822.77860876,672.579215972159,L3_1,372.0,393.779932476544,23.4144058741907
264294.190401946,3842822.77860876,672.579215972159,L3_1,372.0,374.740210877126,23.1446763316038
264294.190401946,3842822.77860876,672.579215972159,L3_1,372.0,354.748503197738,22.5738579203598
264294.190401946,3842822.77860876,672.579215972159,L3_1,372.0,333.757210134381,21.7553066804797
264294.190401946,3842822.77860876,672.579215972159,L3_1,372.0,311.720746363475,20.7515799029939
264294.190401946,3842822.77860876,672.579215972159,L3_1,372.0,289.030548893934,19.6332398591678
264294.190401946,3842822.77860876,672.579215972159,L3_1,372.0,265.205841550916,18.4637197522232
264294.190401946,3842822.77860876,672.579215972159,L3_1,372.0,240.189898840747,17.2901023988695
264294.190401946,3842822.77860876,672.579215972159,L3_1,372.0,213.92315899507,16.1496737460145
264294.190401946,3842822.77860876,672.579215972159,L3_1,372.0,186.343082157109,15.0696558898573
264294.190401946,3842822.77860876,672.579215972159,L3_1,372.0,157.384001477249,14.0682040326033
264294.190401946,3842822.77860876,672.579215972159,L3_1,372.0,126.976966763397,13.1558823747613
264294.190401946,3842822.77860876,672.579215972159,L3_1,372.0,95.049580313852,12.3372036722221
264294.190401946,3842822.77860876,672.579215972159,L3_1,372.0,,
264294.190401946,3842822.77860876,672.579215972159,L3_1,372.0,,
264294.190401946,3842822.77860876,672.579215972159,L3_1,372.0,,
264294.190401946,3842822.77860876,672.579215972159,L3_1,372.0,,
264294.190401946,3842822.77860876,672.579215972159,L3_1,372.0,,
264294.190401946,3842822.77860876,672.579215972159,L3_1,372.0,,
264294.190401946,3842822.77860876,672.579215972159,L3_1,372.0,,
264294.190401946,3842822.77860876,672.579215972159,L3_1,372.0,,
264294.190401946,3842822.77860876,672.579215972159,L3_1,372.0,,
264294.190401946,3842822.77860876,672.579215972159,L3_1,372.0,,
264294.190401946,3842822.77860876,672.579215972159,L3_1,372.0,,
264294.190401946,3842822.77860876,672.579215972159,L3_1,372.0,,
264294.190401946,3842822.77860876,672.579215972159,L3_1,372.0,,
264294.190401946,3842822.77860876,672.579215972159,L3_1,372.0,,
264294.190401946,3842822.77860876,672.579215972159,L3_1,372.0,,
264294.190401946,3842822.77860876,672.579215972159,L3_1,372.0,,
264294.190401946,3842822.77860876,672.579215972159,L3_1,372.0,,
264294.190401946,3842822.77860876,672.579215972159,L3_1,372.0,,
264294.190401946,3842822.77860876,672.579215972159,L3_1,372.0,,
264294.190401946,3842822.77860876,672.579215972159,L3_1,372.0,,
264294.190401946,3842822.77860876,672.579215972159,L3_1,372.0,,
264299.145220231,3842826.17234032,672.642208226702,L3_1,378.0,672.642208226702,5.96224004971834
264299.145220231,3842826.17234032,672.642208226702,L3_1,378.0,667.541560033467,9.34296558785474
264299.145220231,3842826.17234032,672.642208226702,L3_1,378.0,662.185879430571,22.3127124376236
264299.145220231,3842826.17234032,672.642208226702,L3_1,378.0,656.56241479753,37.4613716071147
264299.145220231,3842826.17234032,672.642208226702,L3_1,378.0,650.657776932837,34.7421255178604
264299.145220231,3842826.17234032,672.642208226702,L3_1,378.0,644.457907174909,20.1311937328821
264299.145220231,3842826.17234032,672.642208226702,L3_1,378.0,637.948043929085,8.62922426249045
264299.145220231,3842826.17234032,672.642208226702,L3_1,378.0,631.112687520969,3.52814319942605
264299.145220231,3842826.17234032,672.642208226702,L3_1,378.0,623.935563292448,1.84206427558187
264299.145220231,3842826.17234032,672.642208226702,L3_1,378.0,616.399582852501,1.42509435747038
264299.145220231,3842826.17234032,672.642208226702,L3_1,378.0,608.486803390556,1.53334499146353
264299.145220231,3842826.17234032,672.642208226702,L3_1,378.0,600.178384955514,1.99377808148451
264299.145220231,3842826.17234032,672.642208226702,L3_1,378.0,591.45454559872,2.79645997907229
264299.145220231,3842826.17234032,672.642208226702,L3_1,378.0,582.294514274086,3.93421104603816
264299.145220231,3842826.17234032,672.642208226702,L3_1,378.0,572.676481383221,5.35588220772462
264299.145220231,3842826.17234032,672.642208226702,L3_1,378.0,562.577546847813,6.98879247701717
264299.145220231,3842826.17234032,672.642208226702,L3_1,378.0,551.973665585633,8.76800701082368
264299.145220231,3842826.17234032,672.642208226702,L3_1,378.0,540.839590260345,10.6401504861036
264299.145220231,3842826.17234032,672.642208226702,L3_1,378.0,529.148811168793,12.5556099333295
264299.145220231,3842826.17234032,672.642208226702,L3_1,378.0,516.873493122663,14.464335252296
264299.145220231,3842826.17234032,672.642208226702,L3_1,378.0,503.984409174227,16.3154476490833
264299.145220231,3842826.17234032,672.642208226702,L3_1,378.0,490.450871028368,18.0570215720316
264299.145220231,3842826.17234032,672.642208226702,L3_1,378.0,476.240655975217,19.635557079704
264299.145220231,3842826.17234032,672.642208226702,L3_1,378.0,461.319930169408,20.996682547015
264299.145220231,3842826.17234032,672.642208226702,L3_1,378.0,445.653168073309,22.0883289442825
264299.145220231,3842826.17234032,672.642208226702,L3_1,378.0,429.203067872405,22.8663775542164
264299.145220231,3842826.17234032,672.642208226702,L3_1,378.0,411.930462661455,23.3013989602647
264299.145220231,3842826.17234032,672.642208226702,L3_1,378.0,393.794227189958,23.3843014513819
264299.145220231,3842826.17234032,672.642208226702,L3_1,378.0,374.751179944886,23.1289726890838
264299.145220231,3842826.17234032,672.642208226702,L3_1,378.0,354.755980337561,22.5710503756142
264299.145220231,3842826.17234032,672.642208226702,L3_1,378.0,333.76102074987,21.7630554122091
264299.145220231,3842826.17234032,672.642208226702,L3_1,378.0,311.720746363475,20.7671517524906
264299.145220231,3842826.17234032,672.642208226702,L3_1,378.0,289.030548893934,19.6539602259402
264299.145220231,3842826.17234032,672.642208226702,L3_1,378.0,265.205841550916,18.4872523319028
264299.145220231,3842826.17234032,672.642208226702,L3_1,378.0,240.189898840747,17.3145358930044
264299.145220231,3842826.17234032,672.642208226702,L3_1,378.0,213.92315899507,16.1735677390065
264299.145220231,3842826.17234032,672.642208226702,L3_1,378.0,186.343082157109,15.0920183850856
264299.145220231,3842826.17234032,672.642208226702,L3_1,378.0,157.384001477249,14.0884283186589
264299.145220231,3842826.17234032,672.642208226702,L3_1,378.0,126.976966763397,13.1736692308966
264299.145220231,3842826.17234032,672.642208226702,L3_1,378.0,95.049580313852,12.3524824996771
264299.145220231,3842826.17234032,672.642208226702,L3_1,378.0,,
264299.145220231,3842826.17234032,672.642208226702,L3_1,378.0,,
264299.145220231,3842826.17234032,672.642208226702,L3_1,378.0,,
264299.145220231,3842826.17234032,672.642208226702,L3_1,378.0,,
264299.145220231,3842826.17234032,672.642208226702,L3_1,378.0,,
264299.145220231,3842826.17234032,672.642208226702,L3_1,378.0,,
264299.145220231,3842826.17234032,672.642208226702,L3_1,378.0,,
264299.145220231,3842826.17234032,672.642208226702,L3_1,378.0,,
264299.145220231,3842826.17234032,672.642208226702,L3_1,378.0,,
264299.145220231,3842826.17234032,672.642208226702,L3_1,378.0,,
264299.145220231,3842826.17234032,672.642208226702,L3_1,378.0,,
264299.145220231,3842826.17234032,672.642208226702,L3_1,378.0,,
264299.145220231,3842826.17234032,672.642208226702,L3_1,378.0,,
264299.145220231,3842826.17234032,672.642208226702,L3_1,378.0,,
264299.145220231,3842826.17234032,672.642208226702,L3_1,378.0,,
264299.145220231,3842826.17234032,672.642208226702,L3_1,378.0,,
264299.145220231,3842826.17234032,672.642208226702,L3_1,378.0,,
264299.145220231,3842826.17234032,672.642208226702,L3_1,378.0,,
264299.145220231,3842826.17234032,672.642208226702,L3_1,378.0,,
264299.145220231,3842826.17234032,672.642208226702,L3_1,378.0,,
264299.145220231,3842826.17234032,672.642208226702,L3_1,378.0,,
264304.512929794,3842829.84881635,672.705200481245,L3_1,384.5,672.705200481245,8.21084279158585
264304.512929794,3842829.84881635,672.705200481245,L3_1,384.5,667.603661519412,12.1473753964205
264304.512929794,3842829.84881635,672.705200481245,L3_1,384.5,662.247045609488,25.2225388385928
264304.512929794,3842829.84881635,672.705200481245,L3_1,384.5,656.622598904067,37.3934130852696
264304.512929794,3842829.84881635,672.705200481245,L3_1,384.5,650.716929863376,32.8096805021013
264304.512929794,3842829.84881635,672.705200481245,L3_1,384.5,644.51597737065,18.7899566339723
264304.512929794,3842829.84881635,672.705200481245,L3_1,384.5,638.004977253287,8.13422942139866
264304.512929794,3842829.84881635,672.705200481245,L3_1,384.5,631.168427130056,3.38532406917962
264304.512929794,3842829.84881635,672.705200481245,L3_1,384.5,623.990049500664,1.79647756151434
264304.512929794,3842829.84881635,672.705200481245,L3_1,384.5,616.452752989802,1.40264864294669
264304.512929794,3842829.84881635,672.705200481245,L3_1,384.5,608.538591653397,1.51363687477472
264304.512929794,3842829.84881635,672.705200481245,L3_1,384.5,600.228722250172,1.96954097380524
264304.512929794,3842829.84881635,672.705200481245,L3_1,384.5,591.503359376786,2.76462726867058
264304.512929794,3842829.84881635,672.705200481245,L3_1,384.5,582.34172835973,3.89439983411753
264304.512929794,3842829.84881635,672.705200481245,L3_1,384.5,572.722015791822,5.30966439013298
264304.512929794,3842829.84881635,672.705200481245,L3_1,384.5,562.621317595518,6.93805048073475
264304.512929794,3842829.84881635,672.705200481245,L3_1,384.5,552.015584489399,8.71346967018656
264304.512929794,3842829.84881635,672.705200481245,L3_1,384.5,540.879564727973,10.5812146338567
264304.512929794,3842829.84881635,672.705200481245,L3_1,384.5,529.186743978477,12.4911332019262
264304.512929794,3842829.84881635,672.705200481245,L3_1,384.5,516.909282191506,14.3935939493279
264304.512929794,3842829.84881635,672.705200481245,L3_1,384.5,504.017947315186,16.2388057687958
264304.512929794,3842829.84881635,672.705200481245,L3_1,384.5,490.48204569505,17.9762035828184
264304.512929794,3842829.84881635,672.705200481245,L3_1,384.5,476.269348993908,19.5535376140094
264304.512929794,3842829.84881635,672.705200481245,L3_1,384.5,461.346017457708,20.9172595225231
264304.512929794,3842829.84881635,672.705200481245,L3_1,384.5,445.676519344699,22.0155014269869
264304.512929794,3842829.84881635,672.705200481245,L3_1,384.5,429.223546326039,22.8036909014818
264304.512929794,3842829.84881635,672.705200481245,L3_1,384.5,411.947924656446,23.2514026655831
264304.512929794,3842829.84881635,672.705200481245,L3_1,384.5,393.808521903373,23.3482412071649
264304.512929794,3842829.84881635,672.705200481245,L3_1,384.5,374.762149012647,23.1067514603597
264304.512929794,3842829.84881635,672.705200481245,L3_1,384.5,354.763457477384,22.5614239205863
264304.512929794,3842829.84881635,672.705200481245,L3_1,384.5,333.764831365358,21.7639746004828
264304.512929794,3842829.84881635,672.705200481245,L3_1,384.5,311.720746363475,20.776150989782
264304.512929794,3842829.84881635,672.705200481245,L3_1,384.5,289.030548893934,19.6685701014911
264304.512929794,3842829.84881635,672.705200481245,L3_1,384.5,265.205841550916,18.5052679527715
264304.512929794,3842829.84881635,672.705200481245,L3_1,384.5,240.189898840747,17.3341144205947
264304.512929794,3842829.84881635,672.705200481245,L3_1,384.5,213.92315899507,16.1932840253807
264304.512929794,3842829.84881635,672.705200481245,L3_1,384.5,186.343082157109,15.1108555379185
264304.512929794,3842829.84881635,672.705200481245,L3_1,384.5,157.384001477249,14.1057284352368
264304.512929794,3842829.84881635,672.705200481245,L3_1,384.5,126.976966763397,13.1890673449138
264304.512929794,3842829.84881635,672.705200481245,L3_1,384.5,95.049580313852,12.3658361704874
264304.512929794,3842829.84881635,672.705200481245,L3_1,384.5,,
264304.512929794,3842829.84881635,672.705200481245,L3_1,384.5,,
264304.512929794,3842829.84881635,672.705200481245,L3_1,384.5,,
264304.512929794,3842829.84881635,672.705200481245,L3_1,384.5,,
264304.512929794,3842829.84881635,672.705200481245,L3_1,384.5,,
264304.512929794,3842829.84881635,672.705200481245,L3_1,384.5,,
264304.512929794,3842829.84881635,672.705200481245,L3_1,384.5,,
264304.512929794,3842829.84881635,672.705200481245,L3_1,384.5,,
264304.512929794,3842829.84881635,672.705200481245,L3_1,384.5,,
264304.512929794,3842829.84881635,672.705200481245,L3_1,384.5,,
264304.512929794,3842829.84881635,672.705200481245,L3_1,384.5,,
264304.512929794,3842829.84881635,672.705200481245,L3_1,384.5,,
264304.512929794,3842829.84881635,672.705200481245,L3_1,384.5,,
264304.512929794,3842829.84881635,672.705200481245,L3_1,384.5,,
264304.512929794,3842829.84881635,672.705200481245,L3_1,384.5,,
264304.512929794,3842829.84881635,672.705200481245,L3_1,384.5,,
264304.512929794,3842829.84881635,672.705200481245,L3_1,384.5,,
264304.512929794,3842829.84881635,672.705200481245,L3_1,384.5,,
264304.512929794,3842829.84881635,672.705200481245,L3_1,384.5,,
264304.512929794,3842829.84881635,672.705200481245,L3_1,384.5,,
264304.512929794,3842829.84881635,672.705200481245,L3_1,384.5,,
264309.467738621,3842833.24248653,672.740607740516,L3_1,390.5,672.740607740516,9.57307073164965
264309.467738621,3842833.24248653,672.740607740516,L3_1,390.5,667.638568087369,13.0930731103401
264309.467738621,3842833.24248653,672.740607740516,L3_1,390.5,662.281426451565,23.5845997304283
264309.467738621,3842833.24248653,672.740607740516,L3_1,390.5,656.65642773397,32.305708289517
264309.467738621,3842833.24248653,672.740607740516,L3_1,390.5,650.750179080496,28.1067208973893
264309.467738621,3842833.24248653,672.740607740516,L3_1,390.5,644.548617994348,16.4902059156475
264309.467738621,3842833.24248653,672.740607740516,L3_1,390.5,638.036978853893,7.4226063943574
264309.467738621,3842833.24248653,672.740607740516,L3_1,390.5,631.199757756415,3.22670788021678
264309.467738621,3842833.24248653,672.740607740516,L3_1,390.5,624.020675604063,1.77354135596762
264309.467738621,3842833.24248653,672.740607740516,L3_1,390.5,616.482639344094,1.4081213304257
264309.467738621,3842833.24248653,672.740607740516,L3_1,390.5,608.567701271126,1.52182337972126
264309.467738621,3842833.24248653,672.740607740516,L3_1,390.5,600.257016294509,1.97145833359361
264309.467738621,3842833.24248653,672.740607740516,L3_1,390.5,591.530797069062,2.75460545919054
264309.467738621,3842833.24248653,672.740607740516,L3_1,390.5,582.368266882343,3.86908263442759
264309.467738621,3842833.24248653,672.740607740516,L3_1,390.5,572.747610186287,5.26927347786187
264309.467738621,3842833.24248653,672.740607740516,L3_1,390.5,562.645920655429,6.88551559057697
264309.467738621,3842833.24248653,672.740607740516,L3_1,390.5,552.039146648028,8.65202248065699
264309.467738621,3842833.24248653,672.740607740516,L3_1,390.5,540.902033940256,10.5129311043729
264309.467738621,3842833.24248653,672.740607740516,L3_1,390.5,529.208065597096,12.4169824417934
264309.467738621,3842833.24248653,672.740607740516,L3_1,390.5,516.929398836779,14.3141602405534
264309.467738621,3842833.24248653,672.740607740516,L3_1,390.5,504.036798738445,16.154993579775
264309.467738621,3842833.24248653,672.740607740516,L3_1,390.5,490.499568635194,17.8896807491607
264309.467738621,3842833.24248653,672.740607740516,L3_1,390.5,476.285477026782,19.4668467126121
264309.467738621,3842833.24248653,672.740607740516,L3_1,390.5,461.360680837948,20.8336122231469
264309.467738621,3842833.24248653,672.740607740516,L3_1,390.5,445.689644839673,21.9383395158491
264309.467738621,3842833.24248653,672.740607740516,L3_1,390.5,429.235057041484,22.7361506336021
264309.467738621,3842833.24248653,672.740607740516,L3_1,390.5,411.957739853385,23.1958346247333
264309.467738621,3842833.24248653,672.740607740516,L3_1,390.5,393.816556805882,23.3059012445811
264309.467738621,3842833.24248653,672.740607740516,L3_1,390.5,374.768314606003,23.0777133842165
264309.467738621,3842833.24248653,672.740607740516,L3_1,390.5,354.767660296131,22.5447070516615
264309.467738621,3842833.24248653,672.740607740516,L3_1,390.5,333.766973270765,21.7578228642026
264309.467738621,3842833.24248653,672.740607740516,L3_1,390.5,311.720746363475,20.7783671164726
264309.467738621,3842833.24248653,672.740607740516,L3_1,390.5,289.030548893934,19.6768893636477
264309.467738621,3842833.24248653,672.740607740516,L3_1,390.5,265.205841550916,18.5176138418151
264309.467738621,3842833.24248653,672.740607740516,L3_1,390.5,240.189898840747,17.3487079680818
264309.467738621,3842833.24248653,672.740607740516,L3_1,390.5,213.92315899507,16.2087127211536
264309.467738621,3842833.24248653,672.740607740516,L3_1,390.5,186.343082157109,15.1260754084882
264309.467738621,3842833.24248653,672.740607740516,L3_1,390.5,157.384001477249,14.1200287375023
264309.467738621,3842833.24248653,672.740607740516,L3_1,390.5,126.976966763397,13.2020153209126
264309.467738621,3842833.24248653,672.740607740516,L3_1,390.5,95.049580313852,12.3772168871996
264309.467738621,3842833.24248653,672.740607740516,L3_1,390.5,,
264309.467738621,3842833.24248653,672.740607740516,L3_1,390.5,,
264309.467738621,3842833.24248653,672.740607740516,L3_1,390.5,,
264309.467738621,3842833.24248653,672.740607740516,L3_1,390.5,,
264309.467738621,3842833.24248653,672.740607740516,L3_1,390.5,,
264309.467738621,3842833.24248653,672.740607740516,L3_1,390.5,,
264309.467738621,3842833.24248653,672.740607740516,L3_1,390.5,,
264309.467738621,3842833.24248653,672.740607740516,L3_1,390.5,,
264309.467738621,3842833.24248653,672.740607740516,L3_1,390.5,,
264309.467738621,3842833.24248653,672.740607740516,L3_1,390.5,,
264309.467738621,3842833.24248653,672.740607740516,L3_1,390.5,,
264309.467738621,3842833.24248653,672.740607740516,L3_1,390.5,,
264309.467738621,3842833.24248653,672.740607740516,L3_1,390.5,,
264309.467738621,3842833.24248653,672.740607740516,L3_1,390.5,,
264309.467738621,3842833.24248653,672.740607740516,L3_1,390.5,,
264309.467738621,3842833.24248653,672.740607740516,L3_1,390.5,,
264309.467738621,3842833.24248653,672.740607740516,L3_1,390.5,,
264309.467738621,3842833.24248653,672.740607740516,L3_1,390.5,,
264309.467738621,3842833.24248653,672.740607740516,L3_1,390.5,,
264309.467738621,3842833.24248653,672.740607740516,L3_1,390.5,,
264309.467738621,3842833.24248653,672.740607740516,L3_1,390.5,,
264314.835448183,3842836.91896256,672.748501240355,L3_1,397.0,672.748501240355,9.45322831324058
264314.835448183,3842836.91896256,672.748501240355,L3_1,397.0,667.646349965837,12.0830580530747
264314.835448183,3842836.91896256,672.748501240355,L3_1,397.0,662.289091127594,19.3953091280637
264314.835448183,3842836.91896256,672.748501240355,L3_1,397.0,656.663969347439,25.3050670594886
264314.835448183,3842836.91896256,672.748501240355,L3_1,397.0,650.757591478275,22.4361168556041
264314.835448183,3842836.91896256,672.748501240355,L3_1,397.0,644.555894715654,13.8253226731916
264314.835448183,3842836.91896256,672.748501240355,L3_1,397.0,638.044113114901,6.62537018331828
264314.835448183,3842836.91896256,672.748501240355,L3_1,397.0,631.206742434111,3.07299002177637
264314.835448183,3842836.91896256,672.748501240355,L3_1,397.0,624.027503219282,1.77456282593475
264314.835448183,3842836.91896256,672.748501240355,L3_1,397.0,616.489302043711,1.43941197924911
264314.835448183,3842836.91896256,672.748501240355,L3_1,397.0,608.574190809361,1.55472375785479
264314.835448183,3842836.91896256,672.748501240355,L3_1,397.0,600.263324013294,1.99594084769749
264314.835448183,3842836.91896256,672.748501240355,L3_1,397.0,591.536913877424,2.76312307850075
264314.835448183,3842836.91896256,672.748501240355,L3_1,397.0,582.37418323476,3.85601652001217
264314.835448183,3842836.91896256,672.748501240355,L3_1,397.0,572.753316059962,5.23376078450891
264314.835448183,3842836.91896256,672.748501240355,L3_1,397.0,562.651405526425,6.83127044904052
264314.835448183,3842836.91896256,672.748501240355,L3_1,397.0,552.044399466212,8.584307522662
264314.835448183,3842836.91896256,672.748501240355,L3_1,397.0,540.907043102987,10.4361136520065
264314.835448183,3842836.91896256,672.748501240355,L3_1,397.0,529.212818921601,12.3339186711117
264314.835448183,3842836.91896256,672.748501240355,L3_1,397.0,516.933883531146,14.2266465314066
264314.835448183,3842836.91896256,672.748501240355,L3_1,397.0,504.041001371168,16.0644564593107
264314.835448183,3842836.91896256,672.748501240355,L3_1,397.0,490.503475103192,17.7977490164034
264314.835448183,3842836.91896256,672.748501240355,L3_1,397.0,476.289072521816,19.3756624302718
264314.835448183,3842836.91896256,672.748501240355,L3_1,397.0,461.363949811372,20.7458348179467
264314.835448183,3842836.91896256,672.748501240355,L3_1,397.0,445.692570965405,21.8568826603076
264314.835448183,3842836.91896256,672.748501240355,L3_1,397.0,429.23762317714,22.6637646059424
264314.835448183,3842836.91896256,672.748501240355,L3_1,397.0,411.959927999462,23.1346865484582
264314.835448183,3842836.91896256,672.748501240355,L3_1,397.0,393.8183480629,23.257266032765
264314.835448183,3842836.91896256,672.748501240355,L3_1,397.0,374.76968912951,23.0418410130825
264314.835448183,3842836.91896256,672.748501240355,L3_1,397.0,354.76859724945,22.5208832355343
264314.835448183,3842836.91896256,672.748501240355,L3_1,397.0,333.767450775387,21.7445859811591
264314.835448183,3842836.91896256,672.748501240355,L3_1,397.0,311.720746363475,20.7737885011572
264314.835448183,3842836.91896256,672.748501240355,L3_1,397.0,289.030548893934,19.67890874527
264314.835448183,3842836.91896256,672.748501240355,L3_1,397.0,265.205841550916,18.524282783881
264314.835448183,3842836.91896256,672.748501240355,L3_1,397.0,240.189898840747,17.3583106371212
264314.835448183,3842836.91896256,672.748501240355,L3_1,397.0,213.92315899507,16.2198487389975
264314.835448183,3842836.91896256,672.748501240355,L3_1,397.0,186.343082157109,15.13767357137
264314.835448183,3842836.91896256,672.748501240355,L3_1,397.0,157.384001477249,14.1313254674553
264314.835448183,3842836.91896256,672.748501240355,L3_1,397.0,126.976966763397,13.2125100522512
264314.835448183,3842836.91896256,672.748501240355,L3_1,397.0,95.049580313852,12.3866221694228
264314.835448183,3842836.91896256,672.748501240355,L3_1,397.0,,
264314.835448183,3842836.91896256,672.748501240355,L3_1,397.0,,
264314.835448183,3842836.91896256,672.748501240355,L3_1,397.0,,
264314.835448183,3842836.91896256,672.748501240355,L3_1,397.0,,
264314.835448183,3842836.91896256,672.748501240355,L3_1,397.0,,
264314.835448183,3842836.91896256,672.748501240355,L3_1,397.0,,
264314.835448183,3842836.91896256,672.748501240355,L3_1,397.0,,
264314.835448183,3842836.91896256,672.748501240355,L3_1,397.0,,
264314.835448183,3842836.91896256,672.748501240355,L3_1,397.0,,
264314.835448183,3842836.91896256,672.748501240355,L3_1,397.0,,
264314.835448183,3842836.91896256,672.748501240355,L3_1,397.0,,
264314.835448183,3842836.91896256,672.748501240355,L3_1,397.0,,
264314.835448183,3842836.91896256,672.748501240355,L3_1,397.0,,
264314.835448183,3842836.91896256,672.748501240355,L3_1,397.0,,
264314.835448183,3842836.91896256,672.748501240355,L3_1,397.0,,
264314.835448183,3842836.91896256,672.748501240355,L3_1,397.0,,
264314.835448183,3842836.91896256,672.748501240355,L3_1,397.0,,
264314.835448183,3842836.91896256,672.748501240355,L3_1,397.0,,
264314.835448183,3842836.91896256,672.748501240355,L3_1,397.0,,
264314.835448183,3842836.91896256,672.748501240355,L3_1,397.0,,
264314.835448183,3842836.91896256,672.748501240355,L3_1,397.0,,
264319.790249257,3842840.31263792,672.756394740194,L3_1,403.0,672.756394740194,12.189093539333
264319.790249257,3842840.31263792,672.756394740194,L3_1,403.0,667.654131844306,13.9378950123415
264319.790249257,3842840.31263792,672.756394740194,L3_1,403.0,662.296755803623,18.4521166295789
264319.790249257,3842840.31263792,672.756394740194,L3_1,403.0,656.671510960907,21.629972015854
264319.790249257,3842840.31263792,672.756394740194,L3_1,403.0,650.765003876055,18.7643712504183
264319.790249257,3842840.31263792,672.756394740194,L3_1,403.0,644.56317143696,11.8604352083243
264319.790249257,3842840.31263792,672.756394740194,L3_1,403.0,638.05124737591,5.99250570786211
264319.790249257,3842840.31263792,672.756394740194,L3_1,403.0,631.213727111808,2.96033301966836
264319.790249257,3842840.31263792,672.756394740194,L3_1,403.0,624.034330834501,1.79642696980122
264319.790249257,3842840.31263792,672.756394740194,L3_1,403.0,616.495964743328,1.4871880912174
264319.790249257,3842840.31263792,672.756394740194,L3_1,403.0,608.580680347597,1.60194248345336
264319.790249257,3842840.31263792,672.756394740194,L3_1,403.0,600.269631732079,2.03292323284918
264319.790249257,3842840.31263792,672.756394740194,L3_1,403.0,591.543030685785,2.78179890952824
264319.790249257,3842840.31263792,672.756394740194,L3_1,403.0,582.380099587177,3.8498358433519
264319.790249257,3842840.31263792,672.756394740194,L3_1,403.0,572.759021933638,5.20129479286004
264319.790249257,3842840.31263792,672.756394740194,L3_1,403.0,562.656890397422,6.7764708776157
264319.790249257,3842840.31263792,672.756394740194,L3_1,403.0,552.049652284396,8.51335357153555
264319.790249257,3842840.31263792,672.756394740194,L3_1,403.0,540.912052265718,10.3545587681663
264319.790249257,3842840.31263792,672.756394740194,L3_1,403.0,529.217572246106,12.2456903424593
264319.790249257,3842840.31263792,672.756394740194,L3_1,403.0,516.938368225514,14.1342664328893
264319.790249257,3842840.31263792,672.756394740194,L3_1,403.0,504.045204003892,15.9696623263118
264319.790249257,3842840.31263792,672.756394740194,L3_1,403.0,490.507381571189,17.7021129312717
264319.790249257,3842840.31263792,672.756394740194,L3_1,403.0,476.29266801685,19.2810239469081
264319.790249257,3842840.31263792,672.756394740194,L3_1,403.0,461.367218784795,20.6544488646969
264319.790249257,3842840.31263792,672.756394740194,L3_1,403.0,445.695497091137,21.7712866268988
264319.790249257,3842840.31263792,672.756394740194,L3_1,403.0,429.240189312797,22.5864586674285
264319.790249257,3842840.31263792,672.756394740194,L3_1,403.0,411.962116145539,23.0677572428146
264319.790249257,3842840.31263792,672.756394740194,L3_1,403.0,393.820139319918,23.2020732269695
264319.790249257,3842840.31263792,672.756394740194,L3_1,403.0,374.771063653016,22.9988536479967
264319.790249257,3842840.31263792,672.756394740194,L3_1,403.0,354.769534202769,22.4896825751903
264319.790249257,3842840.31263792,672.756394740194,L3_1,403.0,333.76792828001,21.7240177078035
264319.790249257,3842840.31263792,672.756394740194,L3_1,403.0,311.720746363475,20.7622034007187
264319.790249257,3842840.31263792,672.756394740194,L3_1,403.0,289.030548893934,19.674448912478
264319.790249257,3842840.31263792,672.756394740194,L3_1,403.0,265.205841550916,18.5251218119533
264319.790249257,3842840.31263792,672.756394740194,L3_1,403.0,240.189898840747,17.3627961916654
264319.790249257,3842840.31263792,672.756394740194,L3_1,403.0,213.92315899507,16.2265895489039
264319.790249257,3842840.31263792,672.756394740194,L3_1,403.0,186.343082157109,15.1455677641573
264319.790249257,3842840.31263792,672.756394740194,L3_1,403.0,157.384001477249,14.1395528260084
264319.790249257,3842840.31263792,672.756394740194,L3_1,403.0,126.976966763397,13.2205000710263
264319.790249257,3842840.31263792,672.756394740194,L3_1,403.0,95.049580313852,12.3940115204134
264319.790249257,3842840.31263792,672.756394740194,L3_1,403.0,,
264319.790249257,3842840.31263792,672.756394740194,L3_1,403.0,,
264319.790249257,3842840.31263792,672.756394740194,L3_1,403.0,,
264319.790249257,3842840.31263792,672.756394740194,L3_1,403.0,,
264319.790249257,3842840.31263792,672.756394740194,L3_1,403.0,,
264319.790249257,3842840.31263792,672.756394740194,L3_1,403.0,,
264319.790249257,3842840.31263792,672.756394740194,L3_1,403.0,,
264319.790249257,3842840.31263792,672.756394740194,L3_1,403.0,,
264319.790249257,3842840.31263792,672.756394740194,L3_1,403.0,,
264319.790249257,3842840.31263792,672.756394740194,L3_1,403.0,,
264319.790249257,3842840.31263792,672.756394740194,L3_1,403.0,,
264319.790249257,3842840.31263792,672.756394740194,L3_1,403.0,,
264319.790249257,3842840.31263792,672.756394740194,L3_1,403.0,,
264319.790249257,3842840.31263792,672.756394740194,L3_1,403.0,,
264319.790249257,3842840.31263792,672.756394740194,L3_1,403.0,,
264319.790249257,3842840.31263792,672.756394740194,L3_1,403.0,,
264319.790249257,3842840.31263792,672.756394740194,L3_1,403.0,,
264319.790249257,3842840.31263792,672.756394740194,L3_1,403.0,,
264319.790249257,3842840.31263792,672.756394740194,L3_1,403.0,,
264319.790249257,3842840.31263792,672.756394740194,L3_1,403.0,,
264319.790249257,3842840.31263792,672.756394740194,L3_1,403.0,,
264325.157942021,3842843.98912516,672.764288240033,L3_1,409.5,672.764288240033,20.1561551490451
264325.157942021,3842843.98912516,672.764288240033,L3_1,409.5,667.661913722774,19.9460104272928
264325.157942021,3842843.98912516,672.764288240033,L3_1,409.5,662.304420479653,20.6095449341726
264325.157942021,3842843.98912516,672.764288240033,L3_1,409.5,656.679052574375,20.7498891489192
264325.157942021,3842843.98912516,672.764288240033,L3_1,409.5,650.772416273834,16.8917247621891
264325.157942021,3842843.98912516,672.764288240033,L3_1,409.5,644.570448158265,10.6207669148402
264325.157942021,3842843.98912516,672.764288240033,L3_1,409.5,638.058381636919,5.55383617474813
264325.157942021,3842843.98912516,672.764288240033,L3_1,409.5,631.220711789504,2.891581701593
264325.157942021,3842843.98912516,672.764288240033,L3_1,409.5,624.041158449719,1.83230399324621
264325.157942021,3842843.98912516,672.764288240033,L3_1,409.5,616.502627442945,1.54268558560572
264325.157942021,3842843.98912516,672.764288240033,L3_1,409.5,608.587169885832,1.6545111502559
264325.157942021,3842843.98912516,672.764288240033,L3_1,409.5,600.275939450864,2.07374986534017
264325.157942021,3842843.98912516,672.764288240033,L3_1,409.5,591.549147494147,2.80297117100568
264325.157942021,3842843.98912516,672.764288240033,L3_1,409.5,582.386015939594,3.84467264886417
264325.157942021,3842843.98912516,672.764288240033,L3_1,409.5,572.764727807313,5.16816380242008
264325.157942021,3842843.98912516,672.764288240033,L3_1,409.5,562.662375268419,6.7192961156466
264325.157942021,3842843.98912516,672.764288240033,L3_1,409.5,552.05490510258,8.43864432141608
264325.157942021,3842843.98912516,672.764288240033,L3_1,409.5,540.917061428449,10.268488515634
264325.157942021,3842843.98912516,672.764288240033,L3_1,409.5,529.222325570611,12.152851599505
264325.157942021,3842843.98912516,672.764288240033,L3_1,409.5,516.942852919881,14.037658314854
264325.157942021,3842843.98912516,672.764288240033,L3_1,409.5,504.049406636615,15.871200923947
264325.157942021,3842843.98912516,672.764288240033,L3_1,409.5,490.511288039186,17.6032563043096
264325.157942021,3842843.98912516,672.764288240033,L3_1,409.5,476.296263511885,19.183296185328
264325.157942021,3842843.98912516,672.764288240033,L3_1,409.5,461.370487758219,20.5597112722247
264325.157942021,3842843.98912516,672.764288240033,L3_1,409.5,445.69842321687,21.6817222247079
264325.157942021,3842843.98912516,672.764288240033,L3_1,409.5,429.242755448453,22.5043400272606
264325.157942021,3842843.98912516,672.764288240033,L3_1,409.5,411.964304291616,22.9951102161847
264325.157942021,3842843.98912516,672.764288240033,L3_1,409.5,393.821930576936,23.1403584727524
264325.157942021,3842843.98912516,672.764288240033,L3_1,409.5,374.772438176523,22.9487701291405
264325.157942021,3842843.98912516,672.764288240033,L3_1,409.5,354.770471156089,22.4511138802411
264325.157942021,3842843.98912516,672.764288240033,L3_1,409.5,333.768405784633,21.6961206225214
264325.157942021,3842843.98912516,672.764288240033,L3_1,409.5,311.720746363475,20.7436111765797
264325.157942021,3842843.98912516,672.764288240033,L3_1,409.5,289.030548893934,19.6635075873685
264325.157942021,3842843.98912516,672.764288240033,L3_1,409.5,265.205841550916,18.5201275462557
264325.157942021,3842843.98912516,672.764288240033,L3_1,409.5,240.189898840747,17.362161031741
264325.157942021,3842843.98912516,672.764288240033,L3_1,409.5,213.92315899507,16.228931868149
264325.157942021,3842843.98912516,672.764288240033,L3_1,409.5,186.343082157109,15.1497551517841
264325.157942021,3842843.98912516,672.764288240033,L3_1,409.5,157.384001477249,14.1447084223684
264325.157942021,3842843.98912516,672.764288240033,L3_1,409.5,126.976966763397,13.2259833405528
264325.157942021,3842843.98912516,672.764288240033,L3_1,409.5,95.049580313852,12.3993832832689
264325.157942021,3842843.98912516,672.764288240033,L3_1,409.5,,
264325.157942021,3842843.98912516,672.764288240033,L3_1,409.5,,
264325.157942021,3842843.98912516,672.764288240033,L3_1,409.5,,
264325.157942021,3842843.98912516,672.764288240033,L3_1,409.5,,
264325.157942021,3842843.98912516,672.764288240033,L3_1,409.5,,
264325.157942021,3842843.98912516,672.764288240033,L3_1,409.5,,
264325.157942021,3842843.98912516,672.764288240033,L3_1,409.5,,
264325.157942021,3842843.98912516,672.764288240033,L3_1,409.5,,
264325.157942021,3842843.98912516,672.764288240033,L3_1,409.5,,
264325.157942021,3842843.98912516,672.764288240033,L3_1,409.5,,
264325.157942021,3842843.98912516,672.764288240033,L3_1,409.5,,
264325.157942021,3842843.98912516,672.764288240033,L3_1,409.5,,
264325.157942021,3842843.98912516,672.764288240033,L3_1,409.5,,
264325.157942021,3842843.98912516,672.764288240033,L3_1,409.5,,
264325.157942021,3842843.98912516,672.764288240033,L3_1,409.5,,
264325.157942021,3842843.98912516,672.764288240033,L3_1,409.5,,
264325.157942021,3842843.98912516,672.764288240033,L3_1,409.5,,
264325.157942021,3842843.98912516,672.764288240033,L3_1,409.5,,
264325.157942021,3842843.98912516,672.764288240033,L3_1,409.5,,
264325.157942021,3842843.98912516,672.764288240033,L3_1,409.5,,
264325.157942021,3842843.98912516,672.764288240033,L3_1,409.5,,
264330.112735342,3842847.3828057,672.754513388397,L3_1,415.5,672.754513388397,26.2833972029056
264330.112735342,3842847.3828057,672.754513388397,L3_1,415.5,667.652277096559,25.6631776740033
264330.112735342,3842847.3828057,672.754513388397,L3_1,415.5,662.294928990129,24.6858066781166
264330.112735342,3842847.3828057,672.754513388397,L3_1,415.5,656.669713478378,22.2719131186793
264330.112735342,3842847.3828057,672.754513388397,L3_1,415.5,650.76323719104,16.7218272263843
264330.112735342,3842847.3828057,672.754513388397,L3_1,415.5,644.561437089334,10.145349924103
264330.112735342,3842847.3828057,672.754513388397,L3_1,415.5,638.049546982543,5.3329452850394
264330.112735342,3842847.3828057,672.754513388397,L3_1,415.5,631.212062370413,2.86039899687102
264330.112735342,3842847.3828057,672.754513388397,L3_1,415.5,624.032703527676,1.86603254142723
264330.112735342,3842847.3828057,672.754513388397,L3_1,415.5,616.494376742802,1.58898439513686
264330.112735342,3842847.3828057,672.754513388397,L3_1,415.5,608.579133618684,1.6969399066631
264330.112735342,3842847.3828057,672.754513388397,L3_1,415.5,600.268128338361,2.10497081594902
264330.112735342,3842847.3828057,672.754513388397,L3_1,415.5,591.541572794021,2.81597823784683
264330.112735342,3842847.3828057,672.754513388397,L3_1,415.5,582.378689472465,3.83349549394364
264330.112735342,3842847.3828057,672.754513388397,L3_1,415.5,572.757661984831,5.13125861197081
264330.112735342,3842847.3828057,672.754513388397,L3_1,415.5,562.655583122814,6.66004873806062
264330.112735342,3842847.3828057,672.754513388397,L3_1,415.5,552.048400317698,8.36287219374662
264330.112735342,3842847.3828057,672.754513388397,L3_1,415.5,540.910858372325,10.1818676217734
264330.112735342,3842847.3828057,672.754513388397,L3_1,415.5,529.216439329683,12.0596972304447
264330.112735342,3842847.3828057,672.754513388397,L3_1,415.5,516.93729933491,13.9407873912455
264330.112735342,3842847.3828057,672.754513388397,L3_1,415.5,504.044202340398,15.7723321123946
264330.112735342,3842847.3828057,672.754513388397,L3_1,415.5,490.50645049616,17.5035999606386
264330.112735342,3842847.3828057,672.754513388397,L3_1,415.5,476.291811059711,19.0840966249032
264330.112735342,3842847.3828057,672.754513388397,L3_1,415.5,461.366439651439,20.4625679764639
264330.112735342,3842847.3828057,672.754513388397,L3_1,415.5,445.694799672753,21.5886328314742
264330.112735342,3842847.3828057,672.754513388397,L3_1,415.5,429.239577695133,22.4175124338969
264330.112735342,3842847.3828057,672.754513388397,L3_1,415.5,411.961594618632,22.9166446699748
264330.112735342,3842847.3828057,672.754513388397,L3_1,415.5,393.819712388306,23.0719190195438
264330.112735342,3842847.3828057,672.754513388397,L3_1,415.5,374.770736046464,22.8913493478464
264330.112735342,3842847.3828057,672.754513388397,L3_1,415.5,354.769310887529,22.4049344431492
264330.112735342,3842847.3828057,672.754513388397,L3_1,415.5,333.767814470648,21.6606729093093
264330.112735342,3842847.3828057,672.754513388397,L3_1,415.5,311.720746363475,20.7178135836812
264330.112735342,3842847.3828057,672.754513388397,L3_1,415.5,289.030548893934,19.6459151825775
264330.112735342,3842847.3828057,672.754513388397,L3_1,415.5,265.205841550916,18.5091625230838
264330.112735342,3842847.3828057,672.754513388397,L3_1,415.5,240.189898840747,17.3562944464172
264330.112735342,3842847.3828057,672.754513388397,L3_1,415.5,213.92315899507,16.2267863868301
264330.112735342,3842847.3828057,672.754513388397,L3_1,415.5,186.343082157109,15.1501645071681
264330.112735342,3842847.3828057,672.754513388397,L3_1,415.5,157.384001477249,14.1467371399818
264330.112735342,3842847.3828057,672.754513388397,L3_1,415.5,126.976966763397,13.2289174619004
264330.112735342,3842847.3828057,672.754513388397,L3_1,415.5,95.049580313852,12.4027049022633
264330.112735342,3842847.3828057,672.754513388397,L3_1,415.5,,
264330.112735342,3842847.3828057,672.754513388397,L3_1,415.5,,
264330.112735342,3842847.3828057,672.754513388397,L3_1,415.5,,
264330.112735342,3842847.3828057,672.754513388397,L3_1,415.5,,
264330.112735342,3842847.3828057,672.754513388397,L3_1,415.5,,
264330.112735342,3842847.3828057,672.754513388397,L3_1,415.5,,
264330.112735342,3842847.3828057,672.754513388397,L3_1,415.5,,
264330.112735342,3842847.3828057,672.754513388397,L3_1,415.5,,
264330.112735342,3842847.3828057,672.754513388397,L3_1,415.5,,
264330.112735342,3842847.3828057,672.754513388397,L3_1,415.5,,
264330.112735342,3842847.3828057,672.754513388397,L3_1,415.5,,
264330.112735342,3842847.3828057,672.754513388397,L3_1,415.5,,
264330.112735342,3842847.3828057,672.754513388397,L3_1,415.5,,
264330.112735342,3842847.3828057,672.754513388397,L3_1,415.5,,
264330.112735342,3842847.3828057,672.754513388397,L3_1,415.5,,
264330.112735342,3842847.3828057,672.754513388397,L3_1,415.5,,
264330.112735342,3842847.3828057,672.754513388397,L3_1,415.5,,
264330.112735342,3842847.3828057,672.754513388397,L3_1,415.5,,
264330.112735342,3842847.3828057,672.754513388397,L3_1,415.5,,
264330.112735342,3842847.3828057,672.754513388397,L3_1,415.5,,
264330.112735342,3842847.3828057,672.754513388397,L3_1,415.5,,
264335.480428106,3842851.05929294,672.727080104966,L3_1,422.0,672.727080104966,27.4698127144114
264335.480428106,3842851.05929294,672.727080104966,L3_1,422.0,667.625231745067,28.8459884747172
264335.480428106,3842851.05929294,672.727080104966,L3_1,422.0,662.268290967173,29.4731776745606
264335.480428106,3842851.05929294,672.727080104966,L3_1,422.0,656.643503150384,25.2400691695775
264335.480428106,3842851.05929294,672.727080104966,L3_1,422.0,650.737475942756,17.6100224965276
264335.480428106,3842851.05929294,672.727080104966,L3_1,422.0,644.536147374746,10.156611938253
264335.480428106,3842851.05929294,672.727080104966,L3_1,422.0,638.024752378336,5.2503591058901
264335.480428106,3842851.05929294,672.727080104966,L3_1,422.0,631.187787632106,2.84384855868879
264335.480428106,3842851.05929294,672.727080104966,L3_1,422.0,624.008974648563,1.88558155489674
264335.480428106,3842851.05929294,672.727080104966,L3_1,422.0,616.471221015844,1.61687534787125
264335.480428106,3842851.05929294,672.727080104966,L3_1,422.0,608.556579701489,1.72166402726883
264335.480428106,3842851.05929294,672.727080104966,L3_1,422.0,600.246206321416,2.12034841688658
264335.480428106,3842851.05929294,672.727080104966,L3_1,422.0,591.520314272339,2.81589104146157
264335.480428106,3842851.05929294,672.727080104966,L3_1,422.0,582.358127620809,3.81275559122533
264335.480428106,3842851.05929294,672.727080104966,L3_1,422.0,572.737831636702,5.08835709471131
264335.480428106,3842851.05929294,672.727080104966,L3_1,422.0,562.63652085339,6.59761843020116
264335.480428106,3842851.05929294,672.727080104966,L3_1,422.0,552.030144530912,8.2857445037181
264335.480428106,3842851.05929294,672.727080104966,L3_1,422.0,540.89344939231,10.0949309174639
264335.480428106,3842851.05929294,672.727080104966,L3_1,422.0,529.199919496778,11.9667483121054
264335.480428106,3842851.05929294,672.727080104966,L3_1,422.0,516.92171310647,13.8442815775462
264335.480428106,3842851.05929294,672.727080104966,L3_1,422.0,504.029596396646,15.6736719312828
264335.480428106,3842851.05929294,672.727080104966,L3_1,422.0,490.492873851331,17.4036807878023
264335.480428106,3842851.05929294,672.727080104966,L3_1,422.0,476.27931517875,18.9838550687541
264335.480428106,3842851.05929294,672.727080104966,L3_1,422.0,461.35507857254,20.3633406920919
264335.480428106,3842851.05929294,672.727080104966,L3_1,422.0,445.684630136019,21.4922460256635
264335.480428106,3842851.05929294,672.727080104966,L3_1,422.0,429.230659277673,22.3261293958643
264335.480428106,3842851.05929294,672.727080104966,L3_1,422.0,411.953989876409,22.8324603438075
264335.480428106,3842851.05929294,672.727080104966,L3_1,422.0,393.813487005082,22.9968175924431
264335.480428106,3842851.05929294,672.727080104966,L3_1,422.0,374.765958990189,22.826630218063
264335.480428106,3842851.05929294,672.727080104966,L3_1,422.0,354.766054574551,22.351168250195
264335.480428106,3842851.05929294,672.727080104966,L3_1,422.0,333.766154938131,21.6176886380494
264335.480428106,3842851.05929294,672.727080104966,L3_1,422.0,311.720746363475,20.6848180127768
264335.480428106,3842851.05929294,672.727080104966,L3_1,422.0,289.030548893934,19.6216747793552
264335.480428106,3842851.05929294,672.727080104966,L3_1,422.0,265.205841550916,18.492227237477
264335.480428106,3842851.05929294,672.727080104966,L3_1,422.0,240.189898840747,17.3451955290505
264335.480428106,3842851.05929294,672.727080104966,L3_1,422.0,213.92315899507,16.2201517182738
264335.480428106,3842851.05929294,672.727080104966,L3_1,422.0,186.343082157109,15.1467944193016
264335.480428106,3842851.05929294,672.727080104966,L3_1,422.0,157.384001477249,14.1456376326318
264335.480428106,3842851.05929294,672.727080104966,L3_1,422.0,126.976966763397,13.2293012797882
264335.480428106,3842851.05929294,672.727080104966,L3_1,422.0,95.049580313852,12.4039753633392
264335.480428106,3842851.05929294,672.727080104966,L3_1,422.0,,
264335.480428106,3842851.05929294,672.727080104966,L3_1,422.0,,
264335.480428106,3842851.05929294,672.727080104966,L3_1,422.0,,
264335.480428106,3842851.05929294,672.727080104966,L3_1,422.0,,
264335.480428106,3842851.05929294,672.727080104966,L3_1,422.0,,
264335.480428106,3842851.05929294,672.727080104966,L3_1,422.0,,
264335.480428106,3842851.05929294,672.727080104966,L3_1,422.0,,
264335.480428106,3842851.05929294,672.727080104966,L3_1,422.0,,
264335.480428106,3842851.05929294,672.727080104966,L3_1,422.0,,
264335.480428106,3842851.05929294,672.727080104966,L3_1,422.0,,
264335.480428106,3842851.05929294,672.727080104966,L3_1,422.0,,
264335.480428106,3842851.05929294,672.727080104966,L3_1,422.0,,
264335.480428106,3842851.05929294,672.727080104966,L3_1,422.0,,
264335.480428106,3842851.05929294,672.727080104966,L3_1,422.0,,
264335.480428106,3842851.05929294,672.727080104966,L3_1,422.0,,
264335.480428106,3842851.05929294,672.727080104966,L3_1,422.0,,
264335.480428106,3842851.05929294,672.727080104966,L3_1,422.0,,
264335.480428106,3842851.05929294,672.727080104966,L3_1,422.0,,
264335.480428106,3842851.05929294,672.727080104966,L3_1,422.0,,
264335.480428106,3842851.05929294,672.727080104966,L3_1,422.0,,
264335.480428106,3842851.05929294,672.727080104966,L3_1,422.0,,
264340.435213671,3842854.45297865,672.699646821535,L3_1,428.0,672.699646821535,32.0985759603189
264340.435213671,3842854.45297865,672.699646821535,L3_1,428.0,667.598186393575,33.8399436826071
264340.435213671,3842854.45297865,672.699646821535,L3_1,428.0,662.241652944216,34.192570699317
264340.435213671,3842854.45297865,672.699646821535,L3_1,428.0,656.61729282239,28.0450086842084
264340.435213671,3842854.45297865,672.699646821535,L3_1,428.0,650.711714694472,18.5253940674644
264340.435213671,3842854.45297865,672.699646821535,L3_1,428.0,644.510857660158,10.2320118066156
264340.435213671,3842854.45297865,672.699646821535,L3_1,428.0,637.999957774129,5.1819702585845
264340.435213671,3842854.45297865,672.699646821535,L3_1,428.0,631.163512893798,2.80788528110728
264340.435213671,3842854.45297865,672.699646821535,L3_1,428.0,623.985245769451,1.8773617570163
264340.435213671,3842854.45297865,672.699646821535,L3_1,428.0,616.448065288886,1.61786392312292
264340.435213671,3842854.45297865,672.699646821535,L3_1,428.0,608.534025784294,1.72235090483897
264340.435213671,3842854.45297865,672.699646821535,L3_1,428.0,600.224284304471,2.11515435459383
264340.435213671,3842854.45297865,672.699646821535,L3_1,428.0,591.499055750657,2.79965040972674
264340.435213671,3842854.45297865,672.699646821535,L3_1,428.0,582.337565769153,3.78127228087909
264340.435213671,3842854.45297865,672.699646821535,L3_1,428.0,572.718001288574,5.04024377684322
264340.435213671,3842854.45297865,672.699646821535,L3_1,428.0,562.617458583965,6.53457790365808
264340.435213671,3842854.45297865,672.699646821535,L3_1,428.0,552.011888744126,8.21116759506828
264340.435213671,3842854.45297865,672.699646821535,L3_1,428.0,540.876040412295,10.0122961783339
264340.435213671,3842854.45297865,672.699646821535,L3_1,428.0,529.183399663873,11.8786985837434
264340.435213671,3842854.45297865,672.699646821535,L3_1,428.0,516.906126878029,13.7523977928145
264340.435213671,3842854.45297865,672.699646821535,L3_1,428.0,504.014990452893,15.5787237815648
264340.435213671,3842854.45297865,672.699646821535,L3_1,428.0,490.479297206501,17.306127654338
264340.435213671,3842854.45297865,672.699646821535,L3_1,428.0,476.266819297789,18.8843604278326
264340.435213671,3842854.45297865,672.699646821535,L3_1,428.0,461.343717493641,20.2631083653373
264340.435213671,3842854.45297865,672.699646821535,L3_1,428.0,445.674460599286,21.3931018548171
264340.435213671,3842854.45297865,672.699646821535,L3_1,428.0,429.221740860213,22.2303613230734
264340.435213671,3842854.45297865,672.699646821535,L3_1,428.0,411.946385134186,22.742501721213
264340.435213671,3842854.45297865,672.699646821535,L3_1,428.0,393.807261621858,22.9148831208154
264340.435213671,3842854.45297865,672.699646821535,L3_1,428.0,374.761181933914,22.7544024051873
264340.435213671,3842854.45297865,672.699646821535,L3_1,428.0,354.762798261573,22.2896048918604
264340.435213671,3842854.45297865,672.699646821535,L3_1,428.0,333.764495405614,21.5669761177605
264340.435213671,3842854.45297865,672.699646821535,L3_1,428.0,311.720746363475,20.6444589281027
264340.435213671,3842854.45297865,672.699646821535,L3_1,428.0,289.030548893934,19.5906458413885
264340.435213671,3842854.45297865,672.699646821535,L3_1,428.0,265.205841550916,18.469207568896
264340.435213671,3842854.45297865,672.699646821535,L3_1,428.0,240.189898840747,17.3287737217784
264340.435213671,3842854.45297865,672.699646821535,L3_1,428.0,213.92315899507,16.2089580872043
264340.435213671,3842854.45297865,672.699646821535,L3_1,428.0,186.343082157109,15.1395924017028
264340.435213671,3842854.45297865,672.699646821535,L3_1,428.0,157.384001477249,14.1413696172574
264340.435213671,3842854.45297865,672.699646821535,L3_1,428.0,126.976966763397,13.2271036704974
264340.435213671,3842854.45297865,672.699646821535,L3_1,428.0,95.049580313852,12.4031709370002
264340.435213671,3842854.45297865,672.699646821535,L3_1,428.0,,
264340.435213671,3842854.45297865,672.699646821535,L3_1,428.0,,
264340.435213671,3842854.45297865,672.699646821535,L3_1,428.0,,
264340.435213671,3842854.45297865,672.699646821535,L3_1,428.0,,
264340.435213671,3842854.45297865,672.699646821535,L3_1,428.0,,
264340.435213671,3842854.45297865,672.699646821535,L3_1,428.0,,
264340.435213671,3842854.45297865,672.699646821535,L3_1,428.0,,
264340.435213671,3842854.45297865,672.699646821535,L3_1,428.0,,
264340.435213671,3842854.45297865,672.699646821535,L3_1,428.0,,
264340.435213671,3842854.45297865,672.699646821535,L3_1,428.0,,
264340.435213671,3842854.45297865,672.699646821535,L3_1,428.0,,
264340.435213671,3842854.45297865,672.699646821535,L3_1,428.0,,
264340.435213671,3842854.45297865,672.699646821535,L3_1,428.0,,
264340.435213671,3842854.45297865,672.699646821535,L3_1,428.0,,
264340.435213671,3842854.45297865,672.699646821535,L3_1,428.0,,
264340.435213671,3842854.45297865,672.699646821535,L3_1,428.0,,
264340.435213671,3842854.45297865,672.699646821535,L3_1,428.0,,
264340.435213671,3842854.45297865,672.699646821535,L3_1,428.0,,
264340.435213671,3842854.45297865,672.699646821535,L3_1,428.0,,
264340.435213671,3842854.45297865,672.699646821535,L3_1,428.0,,
264340.435213671,3842854.45297865,672.699646821535,L3_1,428.0,,
264345.802889633,3842858.12947711,672.672213538104,L3_1,434.5,672.672213538104,38.6013493683
264345.802889633,3842858.12947711,672.672213538104,L3_1,434.5,667.571141042082,39.7295659919468
264345.802889633,3842858.12947711,672.672213538104,L3_1,434.5,662.215014921259,38.5720657299923
264345.802889633,3842858.12947711,672.672213538104,L3_1,434.5,656.591082494395,30.4861346368164
264345.802889633,3842858.12947711,672.672213538104,L3_1,434.5,650.685953446188,19.3017876899398
264345.802889633,3842858.12947711,672.672213538104,L3_1,434.5,644.485567945571,10.2800094533115
264345.802889633,3842858.12947711,672.672213538104,L3_1,434.5,637.975163169922,5.09715692006354
264345.802889633,3842858.12947711,672.672213538104,L3_1,434.5,631.139238155491,2.74722985580741
264345.802889633,3842858.12947711,672.672213538104,L3_1,434.5,623.961516890339,1.84251642376272
264345.802889633,3842858.12947711,672.672213538104,L3_1,434.5,616.424909561929,1.59414274097196
264345.802889633,3842858.12947711,672.672213538104,L3_1,434.5,608.511471867098,1.70117832069455
264345.802889633,3842858.12947711,672.672213538104,L3_1,434.5,600.202362287526,2.09138321856798
264345.802889633,3842858.12947711,672.672213538104,L3_1,434.5,591.477797228975,2.76898148258937
264345.802889633,3842858.12947711,672.672213538104,L3_1,434.5,582.317003917497,3.74039408136638
264345.802889633,3842858.12947711,672.672213538104,L3_1,434.5,572.698170940445,4.98788471537493
264345.802889633,3842858.12947711,672.672213538104,L3_1,434.5,562.59839631454,6.47164038221814
264345.802889633,3842858.12947711,672.672213538104,L3_1,434.5,551.99363295734,8.13976257693864
264345.802889633,3842858.12947711,672.672213538104,L3_1,434.5,540.85863143228,9.93458810637151
264345.802889633,3842858.12947711,672.672213538104,L3_1,434.5,529.166879830967,11.7961946762805
264345.802889633,3842858.12947711,672.672213538104,L3_1,434.5,516.890540649589,13.6657756358932
264345.802889633,3842858.12947711,672.672213538104,L3_1,434.5,504.000384509141,15.4880775971338
264345.802889633,3842858.12947711,672.672213538104,L3_1,434.5,490.465720561671,17.2114477725697
264345.802889633,3842858.12947711,672.672213538104,L3_1,434.5,476.254323416828,18.7860218003512
264345.802889633,3842858.12947711,672.672213538104,L3_1,434.5,461.332356414742,20.1621824425964
264345.802889633,3842858.12947711,672.672213538104,L3_1,434.5,445.664291062552,21.2914250618524
264345.802889633,3842858.12947711,672.672213538104,L3_1,434.5,429.212822442753,22.1303638330912
264345.802889633,3842858.12947711,672.672213538104,L3_1,434.5,411.938780391963,22.6468738747954
264345.802889633,3842858.12947711,672.672213538104,L3_1,434.5,393.801036238634,22.8261858267422
264345.802889633,3842858.12947711,672.672213538104,L3_1,434.5,374.756404877639,22.6747119816636
264345.802889633,3842858.12947711,672.672213538104,L3_1,434.5,354.759541948594,22.22027446151
264345.802889633,3842858.12947711,672.672213538104,L3_1,434.5,333.762835873097,21.508555488252
264345.802889633,3842858.12947711,672.672213538104,L3_1,434.5,311.720746363475,20.5967486215735
264345.802889633,3842858.12947711,672.672213538104,L3_1,434.5,289.030548893934,19.552835238835
264345.802889633,3842858.12947711,672.672213538104,L3_1,434.5,265.205841550916,18.440107511207
264345.802889633,3842858.12947711,672.672213538104,L3_1,434.5,240.189898840747,17.3070312442889
264345.802889633,3842858.12947711,672.672213538104,L3_1,434.5,213.92315899507,16.1932066452992
264345.802889633,3842858.12947711,672.672213538104,L3_1,434.5,186.343082157109,15.1285589869507
264345.802889633,3842858.12947711,672.672213538104,L3_1,434.5,157.384001477249,14.1339332626005
264345.802889633,3842858.12947711,672.672213538104,L3_1,434.5,126.976966763397,13.2223244910523
264345.802889633,3842858.12947711,672.672213538104,L3_1,434.5,95.049580313852,12.4002913495181
264345.802889633,3842858.12947711,672.672213538104,L3_1,434.5,,
264345.802889633,3842858.12947711,672.672213538104,L3_1,434.5,,
264345.802889633,3842858.12947711,672.672213538104,L3_1,434.5,,
264345.802889633,3842858.12947711,672.672213538104,L3_1,434.5,,
264345.802889633,3842858.12947711,672.672213538104,L3_1,434.5,,
264345.802889633,3842858.12947711,672.672213538104,L3_1,434.5,,
264345.802889633,3842858.12947711,672.672213538104,L3_1,434.5,,
264345.802889633,3842858.12947711,672.672213538104,L3_1,434.5,,
264345.802889633,3842858.12947711,672.672213538104,L3_1,434.5,,
264345.802889633,3842858.12947711,672.672213538104,L3_1,434.5,,
264345.802889633,3842858.12947711,672.672213538104,L3_1,434.5,,
264345.802889633,3842858.12947711,672.672213538104,L3_1,434.5,,
264345.802889633,3842858.12947711,672.672213538104,L3_1,434.5,,
264345.802889633,3842858.12947711,672.672213538104,L3_1,434.5,,
264345.802889633,3842858.12947711,672.672213538104,L3_1,434.5,,
264345.802889633,3842858.12947711,672.672213538104,L3_1,434.5,,
264345.802889633,3842858.12947711,672.672213538104,L3_1,434.5,,
264345.802889633,3842858.12947711,672.672213538104,L3_1,434.5,,
264345.802889633,3842858.12947711,672.672213538104,L3_1,434.5,,
264345.802889633,3842858.12947711,672.672213538104,L3_1,434.5,,
264345.802889633,3842858.12947711,672.672213538104,L3_1,434.5,,
264350.757667443,3842861.523168,672.669119795815,L3_1,440.5,672.669119795815,42.4482605104279
264350.757667443,3842861.523168,672.669119795815,L3_1,440.5,667.568091048163,43.4507863878234
264350.757667443,3842861.523168,672.669119795815,L3_1,440.5,662.212010863129,41.4382969423197
264350.757667443,3842861.523168,672.669119795815,L3_1,440.5,656.588126668843,31.8191574411715
264350.757667443,3842861.523168,672.669119795815,L3_1,440.5,650.683048264843,19.5077304734619
264350.757667443,3842861.523168,672.669119795815,L3_1,440.5,644.482715940644,10.1188244538508
264350.757667443,3842861.523168,672.669119795815,L3_1,440.5,637.972367000234,4.94234651302599
264350.757667443,3842861.523168,672.669119795815,L3_1,440.5,631.136500612803,2.6535837656759
264350.757667443,3842861.523168,672.669119795815,L3_1,440.5,623.958840906001,1.78467295531635
264350.757667443,3842861.523168,672.669119795815,L3_1,440.5,616.422298213859,1.55170747454367
264350.757667443,3842861.523168,672.669119795815,L3_1,440.5,608.50892838711,1.66426153347666
264350.757667443,3842861.523168,672.669119795815,L3_1,440.5,600.199890069023,2.05486496576569
264350.757667443,3842861.523168,672.669119795815,L3_1,440.5,591.475399835032,2.72939643979154
264350.757667443,3842861.523168,672.669119795815,L3_1,440.5,582.314685089342,3.69535756118017
264350.757667443,3842861.523168,672.669119795815,L3_1,440.5,572.695934606366,4.93636831605007
264350.757667443,3842861.523168,672.669119795815,L3_1,440.5,562.596246599243,6.41388619406064
264350.757667443,3842861.523168,672.669119795815,L3_1,440.5,551.991574191763,8.07661665251626
264350.757667443,3842861.523168,672.669119795815,L3_1,440.5,540.856668163909,9.8667426254132
264350.757667443,3842861.523168,672.669119795815,L3_1,440.5,529.165016834662,11.7237607167042
264350.757667443,3842861.523168,672.669119795815,L3_1,440.5,516.888782938953,13.5882801204925
264350.757667443,3842861.523168,672.669119795815,L3_1,440.5,503.998737348458,15.4047894801938
264350.757667443,3842861.523168,672.669119795815,L3_1,440.5,490.464189478439,17.121859290897
264350.757667443,3842861.523168,672.669119795815,L3_1,440.5,476.252914214919,18.6902909052063
264350.757667443,3842861.523168,672.669119795815,L3_1,440.5,461.331075188223,20.0613882892878
264350.757667443,3842861.523168,672.669119795815,L3_1,440.5,445.663144210192,21.187578762021
264350.757667443,3842861.523168,672.669119795815,L3_1,440.5,429.211816683259,22.0261939363511
264350.757667443,3842861.523168,672.669119795815,L3_1,440.5,411.93792277998,22.5454574901603
264350.757667443,3842861.523168,672.669119795815,L3_1,440.5,393.800334181537,22.7305247414892
264350.757667443,3842861.523168,672.669119795815,L3_1,440.5,374.755866153171,22.5873385035132
264350.757667443,3842861.523168,672.669119795815,L3_1,440.5,354.759174723388,22.1429749733148
264350.757667443,3842861.523168,672.669119795815,L3_1,440.5,333.762648722115,21.442255398525
264350.757667443,3842861.523168,672.669119795815,L3_1,440.5,311.720746363475,20.5415447557426
264350.757667443,3842861.523168,672.669119795815,L3_1,440.5,289.030548893934,19.5081306638894
264350.757667443,3842861.523168,672.669119795815,L3_1,440.5,265.205841550916,18.4048405430789
264350.757667443,3842861.523168,672.669119795815,L3_1,440.5,240.189898840747,17.279904154018
264350.757667443,3842861.523168,672.669119795815,L3_1,440.5,213.92315899507,16.17285140037
264350.757667443,3842861.523168,672.669119795815,L3_1,440.5,186.343082157109,15.1136600971607
264350.757667443,3842861.523168,672.669119795815,L3_1,440.5,157.384001477249,14.1233040498481
264350.757667443,3842861.523168,672.669119795815,L3_1,440.5,126.976966763397,13.2149463407971
264350.757667443,3842861.523168,672.669119795815,L3_1,440.5,95.049580313852,12.395324059257
264350.757667443,3842861.523168,672.669119795815,L3_1,440.5,,
264350.757667443,3842861.523168,672.669119795815,L3_1,440.5,,
264350.757667443,3842861.523168,672.669119795815,L3_1,440.5,,
264350.757667443,3842861.523168,672.669119795815,L3_1,440.5,,
264350.757667443,3842861.523168,672.669119795815,L3_1,440.5,,
264350.757667443,3842861.523168,672.669119795815,L3_1,440.5,,
264350.757667443,3842861.523168,672.669119795815,L3_1,440.5,,
264350.757667443,3842861.523168,672.669119795815,L3_1,440.5,,
264350.757667443,3842861.523168,672.669119795815,L3_1,440.5,,
264350.757667443,3842861.523168,672.669119795815,L3_1,440.5,,
264350.757667443,3842861.523168,672.669119795815,L3_1,440.5,,
264350.757667443,3842861.523168,672.669119795815,L3_1,440.5,,
264350.757667443,3842861.523168,672.669119795815,L3_1,440.5,,
264350.757667443,3842861.523168,672.669119795815,L3_1,440.5,,
264350.757667443,3842861.523168,672.669119795815,L3_1,440.5,,
264350.757667443,3842861.523168,672.669119795815,L3_1,440.5,,
264350.757667443,3842861.523168,672.669119795815,L3_1,440.5,,
264350.757667443,3842861.523168,672.669119795815,L3_1,440.5,,
264350.757667443,3842861.523168,672.669119795815,L3_1,440.5,,
264350.757667443,3842861.523168,672.669119795815,L3_1,440.5,,
264350.757667443,3842861.523168,672.669119795815,L3_1,440.5,,
264356.125343405,3842865.19966646,672.690295393493,L3_1,447.0,672.690295393493,43.3086510457128
264356.125343405,3842865.19966646,672.690295393493,L3_1,447.0,667.588967203353,44.9334169096063
264356.125343405,3842865.19966646,672.690295393493,L3_1,447.0,662.232572603706,43.0479218684228
264356.125343405,3842865.19966646,672.690295393493,L3_1,447.0,656.608358274076,32.3185987749807
264356.125343405,3842865.19966646,672.690295393493,L3_1,447.0,650.702933227966,19.3053578981798
264356.125343405,3842865.19966646,672.690295393493,L3_1,447.0,644.502236929549,9.81033124816854
264356.125343405,3842865.19966646,672.690295393493,L3_1,447.0,637.991505816212,4.73743942964025
264356.125343405,3842865.19966646,672.690295393493,L3_1,447.0,631.155238147208,2.53669553048113
264356.125343405,3842865.19966646,672.690295393493,L3_1,447.0,623.977157094754,1.71148055884317
264356.125343405,3842865.19966646,672.690295393493,L3_1,447.0,616.440171989677,1.49732582203303
264356.125343405,3842865.19966646,672.690295393493,L3_1,447.0,608.526337629346,1.61765760322997
264356.125343405,3842865.19966646,672.690295393493,L3_1,447.0,600.216811550999,2.01095021395023
264356.125343405,3842865.19966646,672.690295393493,L3_1,447.0,591.491809168734,2.68538734592522
264356.125343405,3842865.19966646,672.690295393493,L3_1,447.0,582.330556667357,3.64961967362998
264356.125343405,3842865.19966646,672.690295393493,L3_1,447.0,572.71124154091,4.88811960666111
264356.125343405,3842865.19966646,672.690295393493,L3_1,447.0,562.610960658141,6.36291770927455
264356.125343405,3842865.19966646,672.690295393493,L3_1,447.0,552.005665731233,8.02279035457641
264356.125343405,3842865.19966646,672.690295393493,L3_1,447.0,540.87010605798,9.80950708626367
264356.125343405,3842865.19966646,672.690295393493,L3_1,447.0,529.177768401065,11.6619693077367
264356.125343405,3842865.19966646,672.690295393493,L3_1,447.0,516.900813861303,13.5203752691115
264356.125343405,3842865.19966646,672.690295393493,L3_1,447.0,504.010011594554,15.3292386428625
264356.125343405,3842865.19966646,672.690295393493,L3_1,447.0,490.474669214467,17.0376644103356
264356.125343405,3842865.19966646,672.690295393493,L3_1,447.0,476.262559715376,18.5973986297411
264356.125343405,3842865.19966646,672.690295393493,L3_1,447.0,461.33984474133,19.9608928935325
264356.125343405,3842865.19966646,672.690295393493,L3_1,447.0,445.670994018582,21.0816770092563
264356.125343405,3842865.19966646,672.690295393493,L3_1,447.0,429.218700759696,21.917925372926
264356.125343405,3842865.19966646,672.690295393493,L3_1,447.0,411.943792837866,22.4382985456889
264356.125343405,3842865.19966646,672.690295393493,L3_1,447.0,393.805139519945,22.6279279036043
264356.125343405,3842865.19966646,672.690295393493,L3_1,447.0,374.759553536128,22.4922998305193
264356.125343405,3842865.19966646,672.690295393493,L3_1,447.0,354.76168825312,22.0577188007121
264356.125343405,3842865.19966646,672.690295393493,L3_1,447.0,333.763929705961,21.3680849836089
264356.125343405,3842865.19966646,672.690295393493,L3_1,447.0,311.720746363475,20.4788550548004
264356.125343405,3842865.19966646,672.690295393493,L3_1,447.0,289.030548893934,19.4565386095536
264356.125343405,3842865.19966646,672.690295393493,L3_1,447.0,265.205841550916,18.3634117931649
264356.125343405,3842865.19966646,672.690295393493,L3_1,447.0,240.189898840747,17.2473965855486
264356.125343405,3842865.19966646,672.690295393493,L3_1,447.0,213.92315899507,16.1478956105063
264356.125343405,3842865.19966646,672.690295393493,L3_1,447.0,186.343082157109,15.094898078094
264356.125343405,3842865.19966646,672.690295393493,L3_1,447.0,157.384001477249,14.1094835282028
264356.125343405,3842865.19966646,672.690295393493,L3_1,447.0,126.976966763397,13.2049702968499
264356.125343405,3842865.19966646,672.690295393493,L3_1,447.0,95.049580313852,12.3882697099351
264356.125343405,3842865.19966646,672.690295393493,L3_1,447.0,,
264356.125343405,3842865.19966646,672.690295393493,L3_1,447.0,,
264356.125343405,3842865.19966646,672.690295393493,L3_1,447.0,,
264356.125343405,3842865.19966646,672.690295393493,L3_1,447.0,,
264356.125343405,3842865.19966646,672.690295393493,L3_1,447.0,,
264356.125343405,3842865.19966646,672.690295393493,L3_1,447.0,,
264356.125343405,3842865.19966646,672.690295393493,L3_1,447.0,,
264356.125343405,3842865.19966646,672.690295393493,L3_1,447.0,,
264356.125343405,3842865.19966646,672.690295393493,L3_1,447.0,,
264356.125343405,3842865.19966646,672.690295393493,L3_1,447.0,,
264356.125343405,3842865.19966646,672.690295393493,L3_1,447.0,,
264356.125343405,3842865.19966646,672.690295393493,L3_1,447.0,,
264356.125343405,3842865.19966646,672.690295393493,L3_1,447.0,,
264356.125343405,3842865.19966646,672.690295393493,L3_1,447.0,,
264356.125343405,3842865.19966646,672.690295393493,L3_1,447.0,,
264356.125343405,3842865.19966646,672.690295393493,L3_1,447.0,,
264356.125343405,3842865.19966646,672.690295393493,L3_1,447.0,,
264356.125343405,3842865.19966646,672.690295393493,L3_1,447.0,,
264356.125343405,3842865.19966646,672.690295393493,L3_1,447.0,,
264356.125343405,3842865.19966646,672.690295393493,L3_1,447.0,,
264356.125343405,3842865.19966646,672.690295393493,L3_1,447.0,,
264361.08011176,3842868.59329597,672.711470991171,L3_1,453.0,672.711470991171,46.5288195965033
264361.08011176,3842868.59329597,672.711470991171,L3_1,453.0,667.609843358542,47.7964223895123
264361.08011176,3842868.59329597,672.711470991171,L3_1,453.0,662.253134344282,44.5713901360862
264361.08011176,3842868.59329597,672.711470991171,L3_1,453.0,656.628589879309,32.3825969437368
264361.08011176,3842868.59329597,672.711470991171,L3_1,453.0,650.722818191088,18.8172995824918
264361.08011176,3842868.59329597,672.711470991171,L3_1,453.0,644.521757918455,9.38913839882939
264361.08011176,3842868.59329597,672.711470991171,L3_1,453.0,638.010644632191,4.49754408828756
264361.08011176,3842868.59329597,672.711470991171,L3_1,453.0,631.173975681613,2.40860305322056
264361.08011176,3842868.59329597,672.711470991171,L3_1,453.0,623.995473283507,1.63390146092703
264361.08011176,3842868.59329597,672.711470991171,L3_1,453.0,616.458045765495,1.44105155463718
264361.08011176,3842868.59329597,672.711470991171,L3_1,453.0,608.543746871583,1.57070543987705
264361.08011176,3842868.59329597,672.711470991171,L3_1,453.0,600.233733032975,1.96839966289486
264361.08011176,3842868.59329597,672.711470991171,L3_1,453.0,591.508218502437,2.6450789101444
264361.08011176,3842868.59329597,672.711470991171,L3_1,453.0,582.346428245372,3.61051583482823
264361.08011176,3842868.59329597,672.711470991171,L3_1,453.0,572.726548475453,4.84961500889086
264361.08011176,3842868.59329597,672.711470991171,L3_1,453.0,562.625674717039,6.32439831444566
264361.08011176,3842868.59329597,672.711470991171,L3_1,453.0,552.019757270704,7.98319808816738
264361.08011176,3842868.59329597,672.711470991171,L3_1,453.0,540.883543952052,9.76705772158909
264361.08011176,3842868.59329597,672.711470991171,L3_1,453.0,529.190519967467,11.6142296875108
264361.08011176,3842868.59329597,672.711470991171,L3_1,453.0,516.912844783654,13.4646839131993
264361.08011176,3842868.59329597,672.711470991171,L3_1,453.0,504.021285840649,15.2632873192136
264361.08011176,3842868.59329597,672.711470991171,L3_1,453.0,490.485148950495,16.9600436834529
264361.08011176,3842868.59329597,672.711470991171,L3_1,453.0,476.272205215832,18.5079651778313
264361.08011176,3842868.59329597,672.711470991171,L3_1,453.0,461.348614294437,19.8608940215748
264361.08011176,3842868.59329597,672.711470991171,L3_1,453.0,445.678843826972,20.9736316534051
264361.08011176,3842868.59329597,672.711470991171,L3_1,453.0,429.225584836133,21.8053057117768
264361.08011176,3842868.59329597,672.711470991171,L3_1,453.0,411.949662895753,22.325076332565
264361.08011176,3842868.59329597,672.711470991171,L3_1,453.0,393.809944858354,22.518072706541
264361.08011176,3842868.59329597,672.711470991171,L3_1,453.0,374.763240919084,22.3893112359602
264361.08011176,3842868.59329597,672.711470991171,L3_1,453.0,354.764201782851,21.9642749246703
264361.08011176,3842868.59329597,672.711470991171,L3_1,453.0,333.765210689807,21.2858702577406
264361.08011176,3842868.59329597,672.711470991171,L3_1,453.0,311.720746363475,20.4085582335616
264361.08011176,3842868.59329597,672.711470991171,L3_1,453.0,289.030548893934,19.3979777518124
264361.08011176,3842868.59329597,672.711470991171,L3_1,453.0,265.205841550916,18.315770227389
264361.08011176,3842868.59329597,672.711470991171,L3_1,453.0,240.189898840747,17.2094767371626
264361.08011176,3842868.59329597,672.711470991171,L3_1,453.0,213.92315899507,16.1183199176929
264361.08011176,3842868.59329597,672.711470991171,L3_1,453.0,186.343082157109,15.0722626242891
264361.08011176,3842868.59329597,672.711470991171,L3_1,453.0,157.384001477249,14.0924659522218
264361.08011176,3842868.59329597,672.711470991171,L3_1,453.0,126.976966763397,13.1923925323035
264361.08011176,3842868.59329597,672.711470991171,L3_1,453.0,95.049580313852,12.3791259556253
264361.08011176,3842868.59329597,672.711470991171,L3_1,453.0,,
264361.08011176,3842868.59329597,672.711470991171,L3_1,453.0,,
264361.08011176,3842868.59329597,672.711470991171,L3_1,453.0,,
264361.08011176,3842868.59329597,672.711470991171,L3_1,453.0,,
264361.08011176,3842868.59329597,672.711470991171,L3_1,453.0,,
264361.08011176,3842868.59329597,672.711470991171,L3_1,453.0,,
264361.08011176,3842868.59329597,672.711470991171,L3_1,453.0,,
264361.08011176,3842868.59329597,672.711470991171,L3_1,453.0,,
264361.08011176,3842868.59329597,672.711470991171,L3_1,453.0,,
264361.08011176,3842868.59329597,672.711470991171,L3_1,453.0,,
264361.08011176,3842868.59329597,672.711470991171,L3_1,453.0,,
264361.08011176,3842868.59329597,672.711470991171,L3_1,453.0,,
264361.08011176,3842868.59329597,672.711470991171,L3_1,453.0,,
264361.08011176,3842868.59329597,672.711470991171,L3_1,453.0,,
264361.08011176,3842868.59329597,672.711470991171,L3_1,453.0,,
264361.08011176,3842868.59329597,672.711470991171,L3_1,453.0,,
264361.08011176,3842868.59329597,672.711470991171,L3_1,453.0,,
264361.08011176,3842868.59329597,672.711470991171,L3_1,453.0,,
264361.08011176,3842868.59329597,672.711470991171,L3_1,453.0,,
264361.08011176,3842868.59329597,672.711470991171,L3_1,453.0,,
264361.08011176,3842868.59329597,672.711470991171,L3_1,453.0,,
264366.447767234,3842872.26966143,672.732646588848,L3_1,459.5,672.732646588848,53.8696521769223
264366.447767234,3842872.26966143,672.732646588848,L3_1,459.5,667.630719513731,52.9319626298053
264366.447767234,3842872.26966143,672.732646588848,L3_1,459.5,662.273696084859,45.9406793401047
264366.447767234,3842872.26966143,672.732646588848,L3_1,459.5,656.648821484542,31.9230856697414
264366.447767234,3842872.26966143,672.732646588848,L3_1,459.5,650.74270315421,18.0455332878414
264366.447767234,3842872.26966143,672.732646588848,L3_1,459.5,644.541278907361,8.87180542009584
264366.447767234,3842872.26966143,672.732646588848,L3_1,459.5,638.029783448169,4.2319537280667
264366.447767234,3842872.26966143,672.732646588848,L3_1,459.5,631.192713216018,2.27458456446757
264366.447767234,3842872.26966143,672.732646588848,L3_1,459.5,624.01378947226,1.55597138237118
264366.447767234,3842872.26966143,672.732646588848,L3_1,459.5,616.475919541313,1.38654180329312
264366.447767234,3842872.26966143,672.732646588848,L3_1,459.5,608.561156113819,1.52693648132899
264366.447767234,3842872.26966143,672.732646588848,L3_1,459.5,600.250654514951,1.93061018796774
264366.447767234,3842872.26966143,672.732646588848,L3_1,459.5,591.524627836139,2.61154367510315
264366.447767234,3842872.26966143,672.732646588848,L3_1,459.5,582.362299823386,3.58057333191963
264366.447767234,3842872.26966143,672.732646588848,L3_1,459.5,572.741855409996,4.82274089973936
264366.447767234,3842872.26966143,672.732646588848,L3_1,459.5,562.640388775937,6.2996307957622
264366.447767234,3842872.26966143,672.732646588848,L3_1,459.5,552.033848810174,7.95869364280667
264366.447767234,3842872.26966143,672.732646588848,L3_1,459.5,540.896981846123,9.73993643867059
264366.447767234,3842872.26966143,672.732646588848,L3_1,459.5,529.20327153387,11.5808768953252
264366.447767234,3842872.26966143,672.732646588848,L3_1,459.5,516.924875706004,13.4214051101142
264366.447767234,3842872.26966143,672.732646588848,L3_1,459.5,504.032560086745,15.2070454210842
264366.447767234,3842872.26966143,672.732646588848,L3_1,459.5,490.495628686522,16.889048335011
264366.447767234,3842872.26966143,672.732646588848,L3_1,459.5,476.281850716289,18.4220035691211
264366.447767234,3842872.26966143,672.732646588848,L3_1,459.5,461.357383847544,19.761381697651
264366.447767234,3842872.26966143,672.732646588848,L3_1,459.5,445.686693635362,20.863421366011
264366.447767234,3842872.26966143,672.732646588848,L3_1,459.5,429.23246891257,21.688309844321
264366.447767234,3842872.26966143,672.732646588848,L3_1,459.5,411.95553295364,22.2057670124358
264366.447767234,3842872.26966143,672.732646588848,L3_1,459.5,393.814750196762,22.4009402656235
264366.447767234,3842872.26966143,672.732646588848,L3_1,459.5,374.766928302041,22.2783601179039
264366.447767234,3842872.26966143,672.732646588848,L3_1,459.5,354.766715312583,21.862637196025
264366.447767234,3842872.26966143,672.732646588848,L3_1,459.5,333.766491673653,21.1956104956292
264366.447767234,3842872.26966143,672.732646588848,L3_1,459.5,311.720746363475,20.3306573898501
264366.447767234,3842872.26966143,672.732646588848,L3_1,459.5,289.030548893934,19.3324536860734
264366.447767234,3842872.26966143,672.732646588848,L3_1,459.5,265.205841550916,18.2619221175416
264366.447767234,3842872.26966143,672.732646588848,L3_1,459.5,240.189898840747,17.1661506827251
264366.447767234,3842872.26966143,672.732646588848,L3_1,459.5,213.92315899507,16.0841299074201
264366.447767234,3842872.26966143,672.732646588848,L3_1,459.5,186.343082157109,15.0457582524111
264366.447767234,3842872.26966143,672.732646588848,L3_1,459.5,157.384001477249,14.07225470951
264366.447767234,3842872.26966143,672.732646588848,L3_1,459.5,126.976966763397,13.1772154094493
264366.447767234,3842872.26966143,672.732646588848,L3_1,459.5,95.049580313852,12.3678943627796
264366.447767234,3842872.26966143,672.732646588848,L3_1,459.5,,
264366.447767234,3842872.26966143,672.732646588848,L3_1,459.5,,
264366.447767234,3842872.26966143,672.732646588848,L3_1,459.5,,
264366.447767234,3842872.26966143,672.732646588848,L3_1,459.5,,
264366.447767234,3842872.26966143,672.732646588848,L3_1,459.5,,
264366.447767234,3842872.26966143,672.732646588848,L3_1,459.5,,
264366.447767234,3842872.26966143,672.732646588848,L3_1,459.5,,
264366.447767234,3842872.26966143,672.732646588848,L3_1,459.5,,
264366.447767234,3842872.26966143,672.732646588848,L3_1,459.5,,
264366.447767234,3842872.26966143,672.732646588848,L3_1,459.5,,
264366.447767234,3842872.26966143,672.732646588848,L3_1,459.5,,
264366.447767234,3842872.26966143,672.732646588848,L3_1,459.5,,
264366.447767234,3842872.26966143,672.732646588848,L3_1,459.5,,
264366.447767234,3842872.26966143,672.732646588848,L3_1,459.5,,
264366.447767234,3842872.26966143,672.732646588848,L3_1,459.5,,
264366.447767234,3842872.26966143,672.732646588848,L3_1,459.5,,
264366.447767234,3842872.26966143,672.732646588848,L3_1,459.5,,
264366.447767234,3842872.26966143,672.732646588848,L3_1,459.5,,
264366.447767234,3842872.26966143,672.732646588848,L3_1,459.5,,
264366.447767234,3842872.26966143,672.732646588848,L3_1,459.5,,
264366.447767234,3842872.26966143,672.732646588848,L3_1,459.5,,
264371.402526134,3842875.66322955,672.750704048585,L3_1,465.5,672.750704048585,54.3172000529176
264371.402526134,3842875.66322955,672.750704048585,L3_1,465.5,667.648521624327,53.0511802984857
264371.402526134,3842875.66322955,672.750704048585,L3_1,465.5,662.291230078856,45.1986241073778
264371.402526134,3842875.66322955,672.750704048585,L3_1,465.5,656.666073956111,30.6848438543923
264371.402526134,3842875.66322955,672.750704048585,L3_1,465.5,650.75966002723,17.0505534621816
264371.402526134,3842875.66322955,672.750704048585,L3_1,465.5,644.557925401904,8.31616367695896
264371.402526134,3842875.66322955,672.750704048585,L3_1,465.5,638.046104045311,3.97032808437985
264371.402526134,3842875.66322955,672.750704048585,L3_1,465.5,631.208691620889,2.15040865880924
264371.402526134,3842875.66322955,672.750704048585,L3_1,465.5,624.029408575246,1.4878483339946
264371.402526134,3842875.66322955,672.750704048585,L3_1,465.5,616.491161377321,1.34171210172791
264371.402526134,3842875.66322955,672.750704048585,L3_1,465.5,608.5760018195,1.49339789718946
264371.402526134,3842875.66322955,672.750704048585,L3_1,465.5,600.265084283787,1.90426909066032
264371.402526134,3842875.66322955,672.750704048585,L3_1,465.5,591.538620871289,2.591140450524
264371.402526134,3842875.66322955,672.750704048585,L3_1,465.5,582.375834288166,3.56562069361225
264371.402526134,3842875.66322955,672.750704048585,L3_1,465.5,572.754908375887,4.81257213573936
264371.402526134,3842875.66322955,672.750704048585,L3_1,465.5,562.652936167994,6.29279864942497
264371.402526134,3842875.66322955,672.750704048585,L3_1,465.5,552.045865349706,7.95252108231711
264371.402526134,3842875.66322955,672.750704048585,L3_1,465.5,540.908440990504,9.73046771022118
264371.402526134,3842875.66322955,672.750704048585,L3_1,465.5,529.214145413342,11.5633944618098
264371.402526134,3842875.66322955,672.750704048585,L3_1,465.5,516.935135057322,13.3913046595124
264371.402526134,3842875.66322955,672.750704048585,L3_1,465.5,504.0421741835,15.1607115735383
264371.402526134,3842875.66322955,672.750704048585,L3_1,465.5,490.504565265988,16.8244701745126
264371.402526134,3842875.66322955,672.750704048585,L3_1,465.5,476.2900759026,18.3390471692705
264371.402526134,3842875.66322955,672.750704048585,L3_1,465.5,461.364862071042,19.6617568599326
264371.402526134,3842875.66322955,672.750704048585,L3_1,465.5,445.693387547907,20.7504130116312
264371.402526134,3842875.66322955,672.750704048585,L3_1,465.5,429.238339298615,21.5663400593714
264371.402526134,3842875.66322955,672.750704048585,L3_1,465.5,411.960538636858,22.0798540463998
264371.402526134,3842875.66322955,672.750704048585,L3_1,465.5,393.818847942014,22.2761149230636
264371.402526134,3842875.66322955,672.750704048585,L3_1,465.5,374.770072712427,22.15912924958
264371.402526134,3842875.66322955,672.750704048585,L3_1,465.5,354.768858721361,21.7525811050191
264371.402526134,3842875.66322955,672.750704048585,L3_1,465.5,333.767584030741,21.0971612127096
264371.402526134,3842875.66322955,672.750704048585,L3_1,465.5,311.720746363475,20.2450703490334
264371.402526134,3842875.66322955,672.750704048585,L3_1,465.5,289.030548893934,19.2599291162466
264371.402526134,3842875.66322955,672.750704048585,L3_1,465.5,265.205841550916,18.201857386981
264371.402526134,3842875.66322955,672.750704048585,L3_1,465.5,240.189898840747,17.1174245958394
264371.402526134,3842875.66322955,672.750704048585,L3_1,465.5,213.92315899507,16.0453378693613
264371.402526134,3842875.66322955,672.750704048585,L3_1,465.5,186.343082157109,15.0153985684901
264371.402526134,3842875.66322955,672.750704048585,L3_1,465.5,157.384001477249,14.0488636172968
264371.402526134,3842875.66322955,672.750704048585,L3_1,465.5,126.976966763397,13.1594519050653
264371.402526134,3842875.66322955,672.750704048585,L3_1,465.5,95.049580313852,12.3545854599734
264371.402526134,3842875.66322955,672.750704048585,L3_1,465.5,,
264371.402526134,3842875.66322955,672.750704048585,L3_1,465.5,,
264371.402526134,3842875.66322955,672.750704048585,L3_1,465.5,,
264371.402526134,3842875.66322955,672.750704048585,L3_1,465.5,,
264371.402526134,3842875.66322955,672.750704048585,L3_1,465.5,,
264371.402526134,3842875.66322955,672.750704048585,L3_1,465.5,,
264371.402526134,3842875.66322955,672.750704048585,L3_1,465.5,,
264371.402526134,3842875.66322955,672.750704048585,L3_1,465.5,,
264371.402526134,3842875.66322955,672.750704048585,L3_1,465.5,,
264371.402526134,3842875.66322955,672.750704048585,L3_1,465.5,,
264371.402526134,3842875.66322955,672.750704048585,L3_1,465.5,,
264371.402526134,3842875.66322955,672.750704048585,L3_1,465.5,,
264371.402526134,3842875.66322955,672.750704048585,L3_1,465.5,,
264371.402526134,3842875.66322955,672.750704048585,L3_1,465.5,,
264371.402526134,3842875.66322955,672.750704048585,L3_1,465.5,,
264371.402526134,3842875.66322955,672.750704048585,L3_1,465.5,,
264371.402526134,3842875.66322955,672.750704048585,L3_1,465.5,,
264371.402526134,3842875.66322955,672.750704048585,L3_1,465.5,,
264371.402526134,3842875.66322955,672.750704048585,L3_1,465.5,,
264371.402526134,3842875.66322955,672.750704048585,L3_1,465.5,,
264371.402526134,3842875.66322955,672.750704048585,L3_1,465.5,,
264376.770181608,3842879.33959502,672.765646179369,L3_1,472.0,672.765646179369,48.3453338317072
264376.770181608,3842879.33959502,672.765646179369,L3_1,472.0,667.663252459595,48.7357309178933
264376.770181608,3842879.33959502,672.765646179369,L3_1,472.0,662.305739053833,42.9081712773134
264376.770181608,3842879.33959502,672.765646179369,L3_1,472.0,656.680349977782,29.0002089705923
264376.770181608,3842879.33959502,672.765646179369,L3_1,472.0,650.773691447929,15.9656296421383
264376.770181608,3842879.33959502,672.765646179369,L3_1,472.0,644.571699991584,7.76285239581852
264376.770181608,3842879.33959502,672.765646179369,L3_1,472.0,638.059608962421,3.72430518029499
264376.770181608,3842879.33959502,672.765646179369,L3_1,472.0,631.2219133818,2.0401006840631
264376.770181608,3842879.33959502,672.765646179369,L3_1,472.0,624.042333022148,1.43142301888178
264376.770181608,3842879.33959502,672.765646179369,L3_1,472.0,616.503773644513,1.30779279429058
264376.770181608,3842879.33959502,672.765646179369,L3_1,472.0,608.588286297997,1.47114723229815
264376.770181608,3842879.33959502,672.765646179369,L3_1,472.0,600.277024584155,1.8903989621506
264376.770181608,3842879.33959502,672.765646179369,L3_1,472.0,591.55019978462,2.58483821864979
264376.770181608,3842879.33959502,672.765646179369,L3_1,472.0,582.387033745109,3.56651440288402
264376.770181608,3842879.33959502,672.765646179369,L3_1,472.0,572.765709403623,4.81981621702178
264376.770181608,3842879.33959502,672.765646179369,L3_1,472.0,562.663318845062,6.30444955437794
264376.770181608,3842879.33959502,672.765646179369,L3_1,472.0,552.055808758573,7.96506671955838
264376.770181608,3842879.33959502,672.765646179369,L3_1,472.0,540.91792316776,9.73888130271305
264376.770181608,3842879.33959502,672.765646179369,L3_1,472.0,529.223143297405,11.5618715955927
264376.770181608,3842879.33959502,672.765646179369,L3_1,472.0,516.943624433534,13.374361347513
264376.770181608,3842879.33959502,672.765646179369,L3_1,472.0,504.050129626468,15.1241925604167
264376.770181608,3842879.33959502,672.765646179369,L3_1,472.0,490.51196007905,16.7661797307705
264376.770181608,3842879.33959502,672.765646179369,L3_1,472.0,476.29688205426,18.2589582625436
264376.770181608,3842879.33959502,672.765646179369,L3_1,472.0,461.371050128231,19.5618925196358
264376.770181608,3842879.33959502,672.765646179369,L3_1,472.0,445.698926605901,20.6345006459053
264376.770181608,3842879.33959502,672.765646179369,L3_1,472.0,429.243196907454,21.4393161349872
264376.770181608,3842879.33959502,672.765646179369,L3_1,472.0,411.964680724084,21.9472822078525
264376.770181608,3842879.33959502,672.765646179369,L3_1,472.0,393.822238731546,22.1435630309418
264376.770181608,3842879.33959502,672.765646179369,L3_1,472.0,374.772674639382,22.0316025041164
264376.770181608,3842879.33959502,672.765646179369,L3_1,472.0,354.770632342609,21.6341030933767
264376.770181608,3842879.33959502,672.765646179369,L3_1,472.0,333.768487930997,20.990526925417
264376.770181608,3842879.33959502,672.765646179369,L3_1,472.0,311.720746363475,20.1518065207547
264376.770181608,3842879.33959502,672.765646179369,L3_1,472.0,289.030548893934,19.1804154820962
264376.770181608,3842879.33959502,672.765646179369,L3_1,472.0,265.205841550916,18.1355875749484
264376.770181608,3842879.33959502,672.765646179369,L3_1,472.0,240.189898840747,17.0633091503358
264376.770181608,3842879.33959502,672.765646179369,L3_1,472.0,213.92315899507,16.0019527006444
264376.770181608,3842879.33959502,672.765646179369,L3_1,472.0,186.343082157109,14.9811905083794
264376.770181608,3842879.33959502,672.765646179369,L3_1,472.0,157.384001477249,14.0222978478257
264376.770181608,3842879.33959502,672.765646179369,L3_1,472.0,126.976966763397,13.1391056686954
264376.770181608,3842879.33959502,672.765646179369,L3_1,472.0,95.049580313852,12.3392017804227
264376.770181608,3842879.33959502,672.765646179369,L3_1,472.0,,
264376.770181608,3842879.33959502,672.765646179369,L3_1,472.0,,
264376.770181608,3842879.33959502,672.765646179369,L3_1,472.0,,
264376.770181608,3842879.33959502,672.765646179369,L3_1,472.0,,
264376.770181608,3842879.33959502,672.765646179369,L3_1,472.0,,
264376.770181608,3842879.33959502,672.765646179369,L3_1,472.0,,
264376.770181608,3842879.33959502,672.765646179369,L3_1,472.0,,
264376.770181608,3842879.33959502,672.765646179369,L3_1,472.0,,
264376.770181608,3842879.33959502,672.765646179369,L3_1,472.0,,
264376.770181608,3842879.33959502,672.765646179369,L3_1,472.0,,
264376.770181608,3842879.33959502,672.765646179369,L3_1,472.0,,
264376.770181608,3842879.33959502,672.765646179369,L3_1,472.0,,
264376.770181608,3842879.33959502,672.765646179369,L3_1,472.0,,
264376.770181608,3842879.33959502,672.765646179369,L3_1,472.0,,
264376.770181608,3842879.33959502,672.765646179369,L3_1,472.0,,
264376.770181608,3842879.33959502,672.765646179369,L3_1,472.0,,
264376.770181608,3842879.33959502,672.765646179369,L3_1,472.0,,
264376.770181608,3842879.33959502,672.765646179369,L3_1,472.0,,
264376.770181608,3842879.33959502,672.765646179369,L3_1,472.0,,
264376.770181608,3842879.33959502,672.765646179369,L3_1,472.0,,
264376.770181608,3842879.33959502,672.765646179369,L3_1,472.0,,
264381.724934455,3842882.73323488,672.780588310152,L3_1,478.0,672.780588310152,48.6604378243132
264381.724934455,3842882.73323488,672.780588310152,L3_1,478.0,667.677983294863,48.5866623496112
264381.724934455,3842882.73323488,672.780588310152,L3_1,478.0,662.32024802881,41.8015773392686
264381.724934455,3842882.73323488,672.780588310152,L3_1,478.0,656.694625999453,27.6423386290953
264381.724934455,3842882.73323488,672.780588310152,L3_1,478.0,650.787722868629,15.044584744651
264381.724934455,3842882.73323488,672.780588310152,L3_1,478.0,644.585474581264,7.30323836786916
264381.724934455,3842882.73323488,672.780588310152,L3_1,478.0,638.073113879531,3.52853897800945
264381.724934455,3842882.73323488,672.780588310152,L3_1,478.0,631.235135142711,1.95844555659456
264381.724934455,3842882.73323488,672.780588310152,L3_1,478.0,624.05525746905,1.39443320086005
264381.724934455,3842882.73323488,672.780588310152,L3_1,478.0,616.516385911705,1.28987417057145
264381.724934455,3842882.73323488,672.780588310152,L3_1,478.0,608.600570776494,1.46422079313086
264381.724934455,3842882.73323488,672.780588310152,L3_1,478.0,600.288964884522,1.89255886779639
264381.724934455,3842882.73323488,672.780588310152,L3_1,478.0,591.561778697952,2.5958395351581
264381.724934455,3842882.73323488,672.780588310152,L3_1,478.0,582.398233202052,3.58599615899084
264381.724934455,3842882.73323488,672.780588310152,L3_1,478.0,572.776510431358,4.84656719864965
264381.724934455,3842882.73323488,672.780588310152,L3_1,478.0,562.67370152213,6.33586260495172
264381.724934455,3842882.73323488,672.780588310152,L3_1,478.0,552.06575216744,7.99672165989071
264381.724934455,3842882.73323488,672.780588310152,L3_1,478.0,540.927405345015,9.76473161808403
264381.724934455,3842882.73323488,672.780588310152,L3_1,478.0,529.232141181469,11.5751876706597
264381.724934455,3842882.73323488,672.780588310152,L3_1,478.0,516.952113809746,13.3690096735206
264381.724934455,3842882.73323488,672.780588310152,L3_1,478.0,504.058085069436,15.0957136597213
264381.724934455,3842882.73323488,672.780588310152,L3_1,478.0,490.519354892112,16.712390464101
264381.724934455,3842882.73323488,672.780588310152,L3_1,478.0,476.303688205921,18.1800806732742
264381.724934455,3842882.73323488,672.780588310152,L3_1,478.0,461.37723818542,19.4603486830157
264381.724934455,3842882.73323488,672.780588310152,L3_1,478.0,445.704465663894,20.5144994937646
264381.724934455,3842882.73323488,672.780588310152,L3_1,478.0,429.248054516292,21.3063143474265
264381.724934455,3842882.73323488,672.780588310152,L3_1,478.0,411.96882281131,21.8073673421132
264381.724934455,3842882.73323488,672.780588310152,L3_1,478.0,393.825629521079,22.0028075498944
264381.724934455,3842882.73323488,672.780588310152,L3_1,478.0,374.775276566336,21.8954780556754
264381.724934455,3842882.73323488,672.780588310152,L3_1,478.0,354.772405963857,21.5070320613718
264381.724934455,3842882.73323488,672.780588310152,L3_1,478.0,333.769391831253,20.8756273502161
264381.724934455,3842882.73323488,672.780588310152,L3_1,478.0,311.720746363475,20.0508498271518
264381.724934455,3842882.73323488,672.780588310152,L3_1,478.0,289.030548893934,19.0939353719246
264381.724934455,3842882.73323488,672.780588310152,L3_1,478.0,265.205841550916,18.0631542264138
264381.724934455,3842882.73323488,672.780588310152,L3_1,478.0,240.189898840747,17.0038517853705
264381.724934455,3842882.73323488,672.780588310152,L3_1,478.0,213.92315899507,15.9540219584251
264381.724934455,3842882.73323488,672.780588310152,L3_1,478.0,186.343082157109,14.9431773642278
264381.724934455,3842882.73323488,672.780588310152,L3_1,478.0,157.384001477249,13.9925931495199
264381.724934455,3842882.73323488,672.780588310152,L3_1,478.0,126.976966763397,13.116205279328
264381.724934455,3842882.73323488,672.780588310152,L3_1,478.0,95.049580313852,12.3217664848106
264381.724934455,3842882.73323488,672.780588310152,L3_1,478.0,,
264381.724934455,3842882.73323488,672.780588310152,L3_1,478.0,,
264381.724934455,3842882.73323488,672.780588310152,L3_1,478.0,,
264381.724934455,3842882.73323488,672.780588310152,L3_1,478.0,,
264381.724934455,3842882.73323488,672.780588310152,L3_1,478.0,,
264381.724934455,3842882.73323488,672.780588310152,L3_1,478.0,,
264381.724934455,3842882.73323488,672.780588310152,L3_1,478.0,,
264381.724934455,3842882.73323488,672.780588310152,L3_1,478.0,,
264381.724934455,3842882.73323488,672.780588310152,L3_1,478.0,,
264381.724934455,3842882.73323488,672.780588310152,L3_1,478.0,,
264381.724934455,3842882.73323488,672.780588310152,L3_1,478.0,,
264381.724934455,3842882.73323488,672.780588310152,L3_1,478.0,,
264381.724934455,3842882.73323488,672.780588310152,L3_1,478.0,,
264381.724934455,3842882.73323488,672.780588310152,L3_1,478.0,,
264381.724934455,3842882.73323488,672.780588310152,L3_1,478.0,,
264381.724934455,3842882.73323488,672.780588310152,L3_1,478.0,,
264381.724934455,3842882.73323488,672.780588310152,L3_1,478.0,,
264381.724934455,3842882.73323488,672.780588310152,L3_1,478.0,,
264381.724934455,3842882.73323488,672.780588310152,L3_1,478.0,,
264381.724934455,3842882.73323488,672.780588310152,L3_1,478.0,,
264381.724934455,3842882.73323488,672.780588310152,L3_1,478.0,,
264387.092576816,3842886.40975577,672.795530440935,L3_1,484.5,672.795530440935,56.3042767609211
264387.092576816,3842886.40975577,672.795530440935,L3_1,484.5,667.692714130131,53.1090908347866
264387.092576816,3842886.40975577,672.795530440935,L3_1,484.5,662.334757003786,41.9260590873847
264387.092576816,3842886.40975577,672.795530440935,L3_1,484.5,656.708902021124,26.6452189030559
264387.092576816,3842886.40975577,672.795530440935,L3_1,484.5,650.801754289329,14.3165143193913
264387.092576816,3842886.40975577,672.795530440935,L3_1,484.5,644.599249170944,6.95300325004462
264387.092576816,3842886.40975577,672.795530440935,L3_1,484.5,638.08661879664,3.39008258810665
264387.092576816,3842886.40975577,672.795530440935,L3_1,484.5,631.248356903621,1.90835567553123
264387.092576816,3842886.40975577,672.795530440935,L3_1,484.5,624.068181915951,1.37799897010974
264387.092576816,3842886.40975577,672.795530440935,L3_1,484.5,616.528998178897,1.28828410442817
264387.092576816,3842886.40975577,672.795530440935,L3_1,484.5,608.612855254991,1.47255628861343
264387.092576816,3842886.40975577,672.795530440935,L3_1,484.5,600.300905184889,1.91046668807963
264387.092576816,3842886.40975577,672.795530440935,L3_1,484.5,591.573357611283,2.62375862562982
264387.092576816,3842886.40975577,672.795530440935,L3_1,484.5,582.409432658995,3.62369156089457
264387.092576816,3842886.40975577,672.795530440935,L3_1,484.5,572.787311459094,4.89253946292241
264387.092576816,3842886.40975577,672.795530440935,L3_1,484.5,562.684084199197,6.38684375054572
264387.092576816,3842886.40975577,672.795530440935,L3_1,484.5,552.075695576306,8.04732843374536
264387.092576816,3842886.40975577,672.795530440935,L3_1,484.5,540.93688752227,9.80783563450945
264387.092576816,3842886.40975577,672.795530440935,L3_1,484.5,529.241139065532,11.6031019254991
264387.092576816,3842886.40975577,672.795530440935,L3_1,484.5,516.960603185958,13.3749550591407
264387.092576816,3842886.40975577,672.795530440935,L3_1,484.5,504.066040512404,15.074954610998
264387.092576816,3842886.40975577,672.795530440935,L3_1,484.5,490.526749705173,16.6627900850243
264387.092576816,3842886.40975577,672.795530440935,L3_1,484.5,476.310494357581,18.1021370189886
264387.092576816,3842886.40975577,672.795530440935,L3_1,484.5,461.383426242609,19.3568988099327
264387.092576816,3842886.40975577,672.795530440935,L3_1,484.5,445.710004721888,20.3902392015387
264387.092576816,3842886.40975577,672.795530440935,L3_1,484.5,429.252912125131,21.1672172330647
264387.092576816,3842886.40975577,672.795530440935,L3_1,484.5,411.972964898536,21.6600372002386
264387.092576816,3842886.40975577,672.795530440935,L3_1,484.5,393.829020310612,21.8538121353766
264387.092576816,3842886.40975577,672.795530440935,L3_1,484.5,374.777878493291,21.7507446956469
264387.092576816,3842886.40975577,672.795530440935,L3_1,484.5,354.774179585105,21.3713728332819
264387.092576816,3842886.40975577,672.795530440935,L3_1,484.5,333.770295731509,20.7524767516257
264387.092576816,3842886.40975577,672.795530440935,L3_1,484.5,311.720746363475,19.9422186557188
264387.092576816,3842886.40975577,672.795530440935,L3_1,484.5,289.030548893934,19.0005078450091
264387.092576816,3842886.40975577,672.795530440935,L3_1,484.5,265.205841550916,17.984575017369
264387.092576816,3842886.40975577,672.795530440935,L3_1,484.5,240.189898840747,16.9390674889613
264387.092576816,3842886.40975577,672.795530440935,L3_1,484.5,213.92315899507,15.9015575723022
264387.092576816,3842886.40975577,672.795530440935,L3_1,484.5,186.343082157109,14.9013684036551
264387.092576816,3842886.40975577,672.795530440935,L3_1,484.5,157.384001477249,13.959756467756
264387.092576816,3842886.40975577,672.795530440935,L3_1,484.5,126.976966763397,13.0907557210609
264387.092576816,3842886.40975577,672.795530440935,L3_1,484.5,95.049580313852,12.3022829953788
264387.092576816,3842886.40975577,672.795530440935,L3_1,484.5,,
264387.092576816,3842886.40975577,672.795530440935,L3_1,484.5,,
264387.092576816,3842886.40975577,672.795530440935,L3_1,484.5,,
264387.092576816,3842886.40975577,672.795530440935,L3_1,484.5,,
264387.092576816,3842886.40975577,672.795530440935,L3_1,484.5,,
264387.092576816,3842886.40975577,672.795530440935,L3_1,484.5,,
264387.092576816,3842886.40975577,672.795530440935,L3_1,484.5,,
264387.092576816,3842886.40975577,672.795530440935,L3_1,484.5,,
264387.092576816,3842886.40975577,672.795530440935,L3_1,484.5,,
264387.092576816,3842886.40975577,672.795530440935,L3_1,484.5,,
264387.092576816,3842886.40975577,672.795530440935,L3_1,484.5,,
264387.092576816,3842886.40975577,672.795530440935,L3_1,484.5,,
264387.092576816,3842886.40975577,672.795530440935,L3_1,484.5,,
264387.092576816,3842886.40975577,672.795530440935,L3_1,484.5,,
264387.092576816,3842886.40975577,672.795530440935,L3_1,484.5,,
264387.092576816,3842886.40975577,672.795530440935,L3_1,484.5,,
264387.092576816,3842886.40975577,672.795530440935,L3_1,484.5,,
264387.092576816,3842886.40975577,672.795530440935,L3_1,484.5,,
264387.092576816,3842886.40975577,672.795530440935,L3_1,484.5,,
264387.092576816,3842886.40975577,672.795530440935,L3_1,484.5,,
264387.092576816,3842886.40975577,672.795530440935,L3_1,484.5,,
264392.047323611,3842889.80346736,672.806777160188,L3_1,490.5,672.806777160188,55.9426392776529
264392.047323611,3842889.80346736,672.806777160188,L3_1,490.5,667.703801810397,52.2613567151471
264392.047323611,3842889.80346736,672.806777160188,L3_1,490.5,662.345677693116,40.6867327162292
264392.047323611,3842889.80346736,672.806777160188,L3_1,490.5,656.719647369971,25.7298957383579
264392.047323611,3842889.80346736,672.806777160188,L3_1,490.5,650.812315530669,13.8347536347774
264392.047323611,3842889.80346736,672.806777160188,L3_1,490.5,644.609617099402,6.75315397043441
264392.047323611,3842889.80346736,672.806777160188,L3_1,490.5,638.096783746571,3.32467210438336
264392.047323611,3842889.80346736,672.806777160188,L3_1,490.5,631.258308726099,1.89521796648381
264392.047323611,3842889.80346736,672.806777160188,L3_1,490.5,624.077909954603,1.38405382983957
264392.047323611,3842889.80346736,672.806777160188,L3_1,490.5,616.538491244532,1.30375445470259
264392.047323611,3842889.80346736,672.806777160188,L3_1,490.5,608.622101598958,1.49636953688625
264392.047323611,3842889.80346736,672.806777160188,L3_1,490.5,600.309892471105,1.94398986115652
264392.047323611,3842889.80346736,672.806777160188,L3_1,490.5,591.58207288686,2.66809088684948
264392.047323611,3842889.80346736,672.806777160188,L3_1,490.5,582.417862323402,3.67861081350785
264392.047323611,3842889.80346736,672.806777160188,L3_1,490.5,572.795441231771,4.95610151366348
264392.047323611,3842889.80346736,672.806777160188,L3_1,490.5,562.691899085559,6.45499584791995
264392.047323611,3842889.80346736,672.806777160188,L3_1,490.5,552.083179832036,8.11372194422769
264392.047323611,3842889.80346736,672.806777160188,L3_1,490.5,540.944024615837,9.86442414811714
264392.047323611,3842889.80346736,672.806777160188,L3_1,490.5,529.247911638829,11.6415303565908
264392.047323611,3842889.80346736,672.806777160188,L3_1,490.5,516.966993012969,13.3881198786371
264392.047323611,3842889.80346736,672.806777160188,L3_1,490.5,504.072028455817,15.0581194443749
264392.047323611,3842889.80346736,672.806777160188,L3_1,490.5,490.532315670807,16.6140510346637
264392.047323611,3842889.80346736,672.806777160188,L3_1,490.5,476.315617246547,18.0223608917509
264392.047323611,3842889.80346736,672.806777160188,L3_1,490.5,461.388083901073,19.249352554487
264392.047323611,3842889.80346736,672.806777160188,L3_1,490.5,445.714173888326,20.2600697830461
264392.047323611,3842889.80346736,672.806777160188,L3_1,490.5,429.256568374942,21.0208475823736
264392.047323611,3842889.80346736,672.806777160188,L3_1,490.5,411.976082585888,21.5045057849274
264392.047323611,3842889.80346736,672.806777160188,L3_1,490.5,393.831572507382,21.6960972065466
264392.047323611,3842889.80346736,672.806777160188,L3_1,490.5,374.77983692495,21.5971446948823
264392.047323611,3842889.80346736,672.806777160188,L3_1,490.5,354.775514563397,21.2270244953024
264392.047323611,3842889.80346736,672.806777160188,L3_1,490.5,333.770976083766,20.621078925159
264392.047323611,3842889.80346736,672.806777160188,L3_1,490.5,311.720746363475,19.8259758167998
264392.047323611,3842889.80346736,672.806777160188,L3_1,490.5,289.030548893934,18.9002245153331
264392.047323611,3842889.80346736,672.806777160188,L3_1,490.5,265.205841550916,17.8999496408703
264392.047323611,3842889.80346736,672.806777160188,L3_1,490.5,240.189898840747,16.8690518443295
264392.047323611,3842889.80346736,672.806777160188,L3_1,490.5,213.92315899507,15.8446445862542
264392.047323611,3842889.80346736,672.806777160188,L3_1,490.5,186.343082157109,14.8558359026918
264392.047323611,3842889.80346736,672.806777160188,L3_1,490.5,157.384001477249,13.9238480959406
264392.047323611,3842889.80346736,672.806777160188,L3_1,490.5,126.976966763397,13.0628053872515
264392.047323611,3842889.80346736,672.806777160188,L3_1,490.5,95.049580313852,12.2807883331383
264392.047323611,3842889.80346736,672.806777160188,L3_1,490.5,,
264392.047323611,3842889.80346736,672.806777160188,L3_1,490.5,,
264392.047323611,3842889.80346736,672.806777160188,L3_1,490.5,,
264392.047323611,3842889.80346736,672.806777160188,L3_1,490.5,,
264392.047323611,3842889.80346736,672.806777160188,L3_1,490.5,,
264392.047323611,3842889.80346736,672.806777160188,L3_1,490.5,,
264392.047323611,3842889.80346736,672.806777160188,L3_1,490.5,,
264392.047323611,3842889.80346736,672.806777160188,L3_1,490.5,,
264392.047323611,3842889.80346736,672.806777160188,L3_1,490.5,,
264392.047323611,3842889.80346736,672.806777160188,L3_1,490.5,,
264392.047323611,3842889.80346736,672.806777160188,L3_1,490.5,,
264392.047323611,3842889.80346736,672.806777160188,L3_1,490.5,,
264392.047323611,3842889.80346736,672.806777160188,L3_1,490.5,,
264392.047323611,3842889.80346736,672.806777160188,L3_1,490.5,,
264392.047323611,3842889.80346736,672.806777160188,L3_1,490.5,,
264392.047323611,3842889.80346736,672.806777160188,L3_1,490.5,,
264392.047323611,3842889.80346736,672.806777160188,L3_1,490.5,,
264392.047323611,3842889.80346736,672.806777160188,L3_1,490.5,,
264392.047323611,3842889.80346736,672.806777160188,L3_1,490.5,,
264392.047323611,3842889.80346736,672.806777160188,L3_1,490.5,,
264392.047323611,3842889.80346736,672.806777160188,L3_1,490.5,,
264397.414965971,3842893.47998826,672.814342045196,L3_1,497.0,672.814342045196,47.3392986119046
264397.414965971,3842893.47998826,672.814342045196,L3_1,497.0,667.711259720951,45.9143838405347
264397.414965971,3842893.47998826,672.814342045196,L3_1,497.0,662.353023280494,37.9264507531649
264397.414965971,3842893.47998826,672.814342045196,L3_1,497.0,656.726875018014,24.7652320757485
264397.414965971,3842893.47998826,672.814342045196,L3_1,497.0,650.81941934241,13.5325998736252
264397.414965971,3842893.47998826,672.814342045196,L3_1,497.0,644.616590883026,6.67616366486175
264397.414965971,3842893.47998826,672.814342045196,L3_1,497.0,638.103621000672,3.32093164423351
264397.414965971,3842893.47998826,672.814342045196,L3_1,497.0,631.265002624201,1.91350241721944
264397.414965971,3842893.47998826,672.814342045196,L3_1,497.0,624.084453328906,1.40920299901256
264397.414965971,3842893.47998826,672.814342045196,L3_1,497.0,616.544876568847,1.33372899879229
264397.414965971,3842893.47998826,672.814342045196,L3_1,497.0,608.628320970784,1.53346359119355
264397.414965971,3842893.47998826,672.814342045196,L3_1,497.0,600.315937592819,1.99114065670618
264397.414965971,3842893.47998826,672.814342045196,L3_1,497.0,591.587935045955,2.72707966976533
264397.414965971,3842893.47998826,672.814342045196,L3_1,497.0,582.423532371748,3.74930023324168
264397.414965971,3842893.47998826,672.814342045196,L3_1,497.0,572.80090956383,5.03611815983177
264397.414965971,3842893.47998826,672.814342045196,L3_1,497.0,562.697155615517,6.53943510394338
264397.414965971,3842893.47998826,672.814342045196,L3_1,497.0,552.088213969788,8.19516594655152
264397.414965971,3842893.47998826,672.814342045196,L3_1,497.0,540.948825241772,9.93382364412611
264397.414965971,3842893.47998826,672.814342045196,L3_1,497.0,529.252467077356,11.6898248451961
264397.414965971,3842893.47998826,672.814342045196,L3_1,497.0,516.971291004719,13.4078848428528
264397.414965971,3842893.47998826,672.814342045196,L3_1,497.0,504.07605612845,15.0446400484765
264397.414965971,3842893.47998826,672.814342045196,L3_1,497.0,490.536059508368,16.5656809229841
264397.414965971,3842893.47998826,672.814342045196,L3_1,497.0,476.319063057282,17.9403510553733
264397.414965971,3842893.47998826,672.814342045196,L3_1,497.0,461.391216783641,19.1374044065558
264397.414965971,3842893.47998826,672.814342045196,L3_1,497.0,445.716978196318,20.1237756276722
264397.414965971,3842893.47998826,672.814342045196,L3_1,497.0,429.259027679629,20.8670664640358
264397.414965971,3842893.47998826,672.814342045196,L3_1,497.0,411.978179637106,21.3406950454485
264397.414965971,3842893.47998826,672.814342045196,L3_1,497.0,393.833289192457,21.5296288966675
264397.414965971,3842893.47998826,672.814342045196,L3_1,497.0,374.781154225575,21.4346744611676
264397.414965971,3842893.47998826,672.814342045196,L3_1,497.0,354.776412510349,21.0740021132361
264397.414965971,3842893.47998826,672.814342045196,L3_1,497.0,333.771433709361,20.481458474915
264397.414965971,3842893.47998826,672.814342045196,L3_1,497.0,311.720746363475,19.7021489923718
264397.414965971,3842893.47998826,672.814342045196,L3_1,497.0,289.030548893934,18.7931119294819
264397.414965971,3842893.47998826,672.814342045196,L3_1,497.0,265.205841550916,17.8093015289204
264397.414965971,3842893.47998826,672.814342045196,L3_1,497.0,240.189898840747,16.7938244244727
264397.414965971,3842893.47998826,672.814342045196,L3_1,497.0,213.92315899507,15.7832986056127
264397.414965971,3842893.47998826,672.814342045196,L3_1,497.0,186.343082157109,14.8065917211992
264397.414965971,3842893.47998826,672.814342045196,L3_1,497.0,157.384001477249,13.8848768141447
264397.414965971,3842893.47998826,672.814342045196,L3_1,497.0,126.976966763397,13.0323605784904
264397.414965971,3842893.47998826,672.814342045196,L3_1,497.0,95.049580313852,12.2572869441167
264397.414965971,3842893.47998826,672.814342045196,L3_1,497.0,,
264397.414965971,3842893.47998826,672.814342045196,L3_1,497.0,,
264397.414965971,3842893.47998826,672.814342045196,L3_1,497.0,,
264397.414965971,3842893.47998826,672.814342045196,L3_1,497.0,,
264397.414965971,3842893.47998826,672.814342045196,L3_1,497.0,,
264397.414965971,3842893.47998826,672.814342045196,L3_1,497.0,,
264397.414965971,3842893.47998826,672.814342045196,L3_1,497.0,,
264397.414965971,3842893.47998826,672.814342045196,L3_1,497.0,,
264397.414965971,3842893.47998826,672.814342045196,L3_1,497.0,,
264397.414965971,3842893.47998826,672.814342045196,L3_1,497.0,,
264397.414965971,3842893.47998826,672.814342045196,L3_1,497.0,,
264397.414965971,3842893.47998826,672.814342045196,L3_1,497.0,,
264397.414965971,3842893.47998826,672.814342045196,L3_1,497.0,,
264397.414965971,3842893.47998826,672.814342045196,L3_1,497.0,,
264397.414965971,3842893.47998826,672.814342045196,L3_1,497.0,,
264397.414965971,3842893.47998826,672.814342045196,L3_1,497.0,,
264397.414965971,3842893.47998826,672.814342045196,L3_1,497.0,,
264397.414965971,3842893.47998826,672.814342045196,L3_1,497.0,,
264397.414965971,3842893.47998826,672.814342045196,L3_1,497.0,,
264397.414965971,3842893.47998826,672.814342045196,L3_1,497.0,,
264397.414965971,3842893.47998826,672.814342045196,L3_1,497.0,,
264402.369705013,3842896.87370502,672.821906930204,L3_1,503.0,672.821906930204,42.9570411608803
264402.369705013,3842896.87370502,672.821906930204,L3_1,503.0,667.718717631506,42.310664382204
264402.369705013,3842896.87370502,672.821906930204,L3_1,503.0,662.360368867872,35.9832272088453
264402.369705013,3842896.87370502,672.821906930204,L3_1,503.0,656.734102666057,24.030604603767
264402.369705013,3842896.87370502,672.821906930204,L3_1,503.0,650.826523154151,13.3237735715268
264402.369705013,3842896.87370502,672.821906930204,L3_1,503.0,644.62356466665,6.643899379548
264402.369705013,3842896.87370502,672.821906930204,L3_1,503.0,638.110458254773,3.33905277782342
264402.369705013,3842896.87370502,672.821906930204,L3_1,503.0,631.271696522303,1.94382457113766
264402.369705013,3842896.87370502,672.821906930204,L3_1,503.0,624.090996703209,1.44271813362598
264402.369705013,3842896.87370502,672.821906930204,L3_1,503.0,616.551261893161,1.37111854829842
264402.369705013,3842896.87370502,672.821906930204,L3_1,503.0,608.63454034261,1.57832484884718
264402.369705013,3842896.87370502,672.821906930204,L3_1,503.0,600.321982714532,2.04704388977159
264402.369705013,3842896.87370502,672.821906930204,L3_1,503.0,591.59379720505,2.79597446144737
264402.369705013,3842896.87370502,672.821906930204,L3_1,503.0,582.429202420093,3.83076341994929
264402.369705013,3842896.87370502,672.821906930204,L3_1,503.0,572.806377895889,5.1270643430061
264402.369705013,3842896.87370502,672.821906930204,L3_1,503.0,562.702412145475,6.63398635969693
264402.369705013,3842896.87370502,672.821906930204,L3_1,503.0,552.093248107539,8.28494826351072
264402.369705013,3842896.87370502,672.821906930204,L3_1,503.0,540.953625867707,10.0091008014281
264402.369705013,3842896.87370502,672.821906930204,L3_1,503.0,529.257022515884,11.7412356150622
264402.369705013,3842896.87370502,672.821906930204,L3_1,503.0,516.975588996469,13.4280545109442
264402.369705013,3842896.87370502,672.821906930204,L3_1,503.0,504.080083801084,15.0291328316985
264402.369705013,3842896.87370502,672.821906930204,L3_1,503.0,490.539803345929,16.5132292994908
264402.369705013,3842896.87370502,672.821906930204,L3_1,503.0,476.322508868017,17.8525975407671
264402.369705013,3842896.87370502,672.821906930204,L3_1,503.0,461.394349666209,19.0184164681508
264402.369705013,3842896.87370502,672.821906930204,L3_1,503.0,445.71978250431,19.9794749878918
264402.369705013,3842896.87370502,672.821906930204,L3_1,503.0,429.261486984317,20.7046144592976
264402.369705013,3842896.87370502,672.821906930204,L3_1,503.0,411.980276688324,21.1678332792179
264402.369705013,3842896.87370502,672.821906930204,L3_1,503.0,393.835005877532,21.3539989454582
264402.369705013,3842896.87370502,672.821906930204,L3_1,503.0,374.782471526199,21.2631826898089
264402.369705013,3842896.87370502,672.821906930204,L3_1,503.0,354.7773104573,20.9123201084495
264402.369705013,3842896.87370502,672.821906930204,L3_1,503.0,333.771891334956,20.3337235674801
264402.369705013,3842896.87370502,672.821906930204,L3_1,503.0,311.720746363475,19.5708923632444
264402.369705013,3842896.87370502,672.821906930204,L3_1,503.0,289.030548893934,18.6793396521821
264402.369705013,3842896.87370502,672.821906930204,L3_1,503.0,265.205841550916,17.7127956664004
264402.369705013,3842896.87370502,672.821906930204,L3_1,503.0,240.189898840747,16.7135344624086
264402.369705013,3842896.87370502,672.821906930204,L3_1,503.0,213.92315899507,15.7176478612523
264402.369705013,3842896.87370502,672.821906930204,L3_1,503.0,186.343082157109,14.7537412555745
264402.369705013,3842896.87370502,672.821906930204,L3_1,503.0,157.384001477249,13.8429262281207
264402.369705013,3842896.87370502,672.821906930204,L3_1,503.0,126.976966763397,12.9994867327324
264402.369705013,3842896.87370502,672.821906930204,L3_1,503.0,95.049580313852,12.2318293269419
264402.369705013,3842896.87370502,672.821906930204,L3_1,503.0,,
264402.369705013,3842896.87370502,672.821906930204,L3_1,503.0,,
264402.369705013,3842896.87370502,672.821906930204,L3_1,503.0,,
264402.369705013,3842896.87370502,672.821906930204,L3_1,503.0,,
264402.369705013,3842896.87370502,672.821906930204,L3_1,503.0,,
264402.369705013,3842896.87370502,672.821906930204,L3_1,503.0,,
264402.369705013,3842896.87370502,672.821906930204,L3_1,503.0,,
264402.369705013,3842896.87370502,672.821906930204,L3_1,503.0,,
264402.369705013,3842896.87370502,672.821906930204,L3_1,503.0,,
264402.369705013,3842896.87370502,672.821906930204,L3_1,503.0,,
264402.369705013,3842896.87370502,672.821906930204,L3_1,503.0,,
264402.369705013,3842896.87370502,672.821906930204,L3_1,503.0,,
264402.369705013,3842896.87370502,672.821906930204,L3_1,503.0,,
264402.369705013,3842896.87370502,672.821906930204,L3_1,503.0,,
264402.369705013,3842896.87370502,672.821906930204,L3_1,503.0,,
264402.369705013,3842896.87370502,672.821906930204,L3_1,503.0,,
264402.369705013,3842896.87370502,672.821906930204,L3_1,503.0,,
264402.369705013,3842896.87370502,672.821906930204,L3_1,503.0,,
264402.369705013,3842896.87370502,672.821906930204,L3_1,503.0,,
264402.369705013,3842896.87370502,672.821906930204,L3_1,503.0,,
264402.369705013,3842896.87370502,672.821906930204,L3_1,503.0,,
264407.737330575,3842900.55023713,672.829471815212,L3_1,509.5,672.829471815212,40.1430469958467
264407.737330575,3842900.55023713,672.829471815212,L3_1,509.5,667.72617554206,39.9317895075254
264407.737330575,3842900.55023713,672.829471815212,L3_1,509.5,662.36771445525,34.554638193071
264407.737330575,3842900.55023713,672.829471815212,L3_1,509.5,656.7413303141,23.3667511851507
264407.737330575,3842900.55023713,672.829471815212,L3_1,509.5,650.833626965892,13.0756070149402
264407.737330575,3842900.55023713,672.829471815212,L3_1,509.5,644.630538450274,6.57780267348776
264407.737330575,3842900.55023713,672.829471815212,L3_1,509.5,638.117295508874,3.34089313605435
264407.737330575,3842900.55023713,672.829471815212,L3_1,509.5,631.278390420405,1.96777372925443
264407.737330575,3842900.55023713,672.829471815212,L3_1,509.5,624.097540077513,1.47456024669995
264407.737330575,3842900.55023713,672.829471815212,L3_1,509.5,616.557647217475,1.40950235285249
264407.737330575,3842900.55023713,672.829471815212,L3_1,509.5,608.640759714436,1.62627219889668
264407.737330575,3842900.55023713,672.829471815212,L3_1,509.5,600.328027836245,2.10805313092112
264407.737330575,3842900.55023713,672.829471815212,L3_1,509.5,591.599659364144,2.87191396534721
264407.737330575,3842900.55023713,672.829471815212,L3_1,509.5,582.434872468439,3.92078122767981
264407.737330575,3842900.55023713,672.829471815212,L3_1,509.5,572.811846227948,5.22720004428116
264407.737330575,3842900.55023713,672.829471815212,L3_1,509.5,562.707668675432,6.73722020739929
264407.737330575,3842900.55023713,672.829471815212,L3_1,509.5,552.098282245291,8.38182641458373
264407.737330575,3842900.55023713,672.829471815212,L3_1,509.5,540.958426493643,10.0891392205625
264407.737330575,3842900.55023713,672.829471815212,L3_1,509.5,529.261577954412,11.7947600387134
264407.737330575,3842900.55023713,672.829471815212,L3_1,509.5,516.979886988219,13.4477520663953
264407.737330575,3842900.55023713,672.829471815212,L3_1,509.5,504.084111473717,15.0108604401484
264407.737330575,3842900.55023713,672.829471815212,L3_1,509.5,490.54354718349,16.456104132364
264407.737330575,3842900.55023713,672.829471815212,L3_1,509.5,476.325954678752,17.7586499312834
264407.737330575,3842900.55023713,672.829471815212,L3_1,509.5,461.397482548777,18.8920659892484
264407.737330575,3842900.55023713,672.829471815212,L3_1,509.5,445.722586812303,19.8269532825912
264407.737330575,3842900.55023713,672.829471815212,L3_1,509.5,429.263946289005,20.5333639993694
264407.737330575,3842900.55023713,672.829471815212,L3_1,509.5,411.982373739542,20.9858583409216
264407.737330575,3842900.55023713,672.829471815212,L3_1,509.5,393.836722562606,21.1691913358929
264407.737330575,3842900.55023713,672.829471815212,L3_1,509.5,374.783788826824,21.0826829008512
264407.737330575,3842900.55023713,672.829471815212,L3_1,509.5,354.778208404252,20.7420083825477
264407.737330575,3842900.55023713,672.829471815212,L3_1,509.5,333.772348960552,20.1779109078992
264407.737330575,3842900.55023713,672.829471815212,L3_1,509.5,311.720746363475,19.432243373312
264407.737330575,3842900.55023713,672.829471815212,L3_1,509.5,289.030548893934,18.5589421953821
264407.737330575,3842900.55023713,672.829471815212,L3_1,509.5,265.205841550916,17.6104619187377
264407.737330575,3842900.55023713,672.829471815212,L3_1,509.5,240.189898840747,16.6282063289528
264407.737330575,3842900.55023713,672.829471815212,L3_1,509.5,213.92315899507,15.6477112898052
264407.737330575,3842900.55023713,672.829471815212,L3_1,509.5,186.343082157109,14.6972989578134
264407.737330575,3842900.55023713,672.829471815212,L3_1,509.5,157.384001477249,13.7980070823557
264407.737330575,3842900.55023713,672.829471815212,L3_1,509.5,126.976966763397,12.9641916152684
264407.737330575,3842900.55023713,672.829471815212,L3_1,509.5,95.049580313852,12.2044208936195
264407.737330575,3842900.55023713,672.829471815212,L3_1,509.5,,
264407.737330575,3842900.55023713,672.829471815212,L3_1,509.5,,
264407.737330575,3842900.55023713,672.829471815212,L3_1,509.5,,
264407.737330575,3842900.55023713,672.829471815212,L3_1,509.5,,
264407.737330575,3842900.55023713,672.829471815212,L3_1,509.5,,
264407.737330575,3842900.55023713,672.829471815212,L3_1,509.5,,
264407.737330575,3842900.55023713,672.829471815212,L3_1,509.5,,
264407.737330575,3842900.55023713,672.829471815212,L3_1,509.5,,
264407.737330575,3842900.55023713,672.829471815212,L3_1,509.5,,
264407.737330575,3842900.55023713,672.829471815212,L3_1,509.5,,
264407.737330575,3842900.55023713,672.829471815212,L3_1,509.5,,
264407.737330575,3842900.55023713,672.829471815212,L3_1,509.5,,
264407.737330575,3842900.55023713,672.829471815212,L3_1,509.5,,
264407.737330575,3842900.55023713,672.829471815212,L3_1,509.5,,
264407.737330575,3842900.55023713,672.829471815212,L3_1,509.5,,
264407.737330575,3842900.55023713,672.829471815212,L3_1,509.5,,
264407.737330575,3842900.55023713,672.829471815212,L3_1,509.5,,
264407.737330575,3842900.55023713,672.829471815212,L3_1,509.5,,
264407.737330575,3842900.55023713,672.829471815212,L3_1,509.5,,
264407.737330575,3842900.55023713,672.829471815212,L3_1,509.5,,
264407.737330575,3842900.55023713,672.829471815212,L3_1,509.5,,
264412.692061864,3842903.94395907,672.839622192817,L3_1,515.5,672.839622192817,39.6244172848235
264412.692061864,3842903.94395907,672.839622192817,L3_1,515.5,667.73618238396,39.0078054235906
264412.692061864,3842903.94395907,672.839622192817,L3_1,515.5,662.377570584661,33.3105329102143
264412.692061864,3842903.94395907,672.839622192817,L3_1,515.5,656.751028195396,22.4682320180837
264412.692061864,3842903.94395907,672.839622192817,L3_1,515.5,650.843158686668,12.6036553360414
264412.692061864,3842903.94395907,672.839622192817,L3_1,515.5,644.639895702504,6.38391295024772
264412.692061864,3842903.94395907,672.839622192817,L3_1,515.5,638.126469569132,3.2822273053558
264412.692061864,3842903.94395907,672.839622192817,L3_1,515.5,631.287372129091,1.96345605494414
264412.692061864,3842903.94395907,672.839622192817,L3_1,515.5,624.106319817048,1.49214468337931
264412.692061864,3842903.94395907,672.839622192817,L3_1,515.5,616.566214889403,1.44019063832253
264412.692061864,3842903.94395907,672.839622192817,L3_1,515.5,608.649104715375,1.67017050248451
264412.692061864,3842903.94395907,672.839622192817,L3_1,515.5,600.336139032646,2.16744886336305
264412.692061864,3842903.94395907,672.839622192817,L3_1,515.5,591.607525065781,2.94794365604832
264412.692061864,3842903.94395907,672.839622192817,L3_1,515.5,582.442480400573,4.01176047627407
264412.692061864,3842903.94395907,672.839622192817,L3_1,515.5,572.819183502104,5.32813351425309
264412.692061864,3842903.94395907,672.839622192817,L3_1,515.5,562.714721758711,6.8400778054764
264412.692061864,3842903.94395907,672.839622192817,L3_1,515.5,552.105036928149,8.47646097342087
264412.692061864,3842903.94395907,672.839622192817,L3_1,515.5,540.964867856059,10.1648366227254
264412.692061864,3842903.94395907,672.839622192817,L3_1,515.5,529.267690330365,11.8420214464507
264412.692061864,3842903.94395907,672.839622192817,L3_1,515.5,516.985653928385,13.4596726238064
264412.692061864,3842903.94395907,672.839622192817,L3_1,515.5,504.089515706307,14.9837605793864
264412.692061864,3842903.94395907,672.839622192817,L3_1,515.5,490.548570573125,16.3895055346797
264412.692061864,3842903.94395907,672.839622192817,L3_1,515.5,476.330578183283,17.6548833342804
264412.692061864,3842903.94395907,672.839622192817,L3_1,515.5,461.40168617395,18.7557517352646
264412.692061864,3842903.94395907,672.839622192817,L3_1,515.5,445.72634956415,19.6644589098596
264412.692061864,3842903.94395907,672.839622192817,L3_1,515.5,429.26724612386,20.3522352947421
264412.692061864,3842903.94395907,672.839622192817,L3_1,515.5,411.985187511555,20.7941967082773
264412.692061864,3842903.94395907,672.839622192817,L3_1,515.5,393.839025968636,20.974992292261
264412.692061864,3842903.94395907,672.839622192817,L3_1,515.5,374.78555634857,20.8932009480928
264412.692061864,3842903.94395907,672.839622192817,L3_1,515.5,354.779413247501,20.5632390677023
264412.692061864,3842903.94395907,672.839622192817,L3_1,515.5,333.772962991378,20.0142693703538
264412.692061864,3842903.94395907,672.839622192817,L3_1,515.5,311.720746363475,19.286475727482
264412.692061864,3842903.94395907,672.839622192817,L3_1,515.5,289.030548893934,18.4321839491872
264412.692061864,3842903.94395907,672.839622192817,L3_1,515.5,265.205841550916,17.5025393739652
264412.692061864,3842903.94395907,672.839622192817,L3_1,515.5,240.189898840747,16.5380458686402
264412.692061864,3842903.94395907,672.839622192817,L3_1,515.5,213.92315899507,15.573660545647
264412.692061864,3842903.94395907,672.839622192817,L3_1,515.5,186.343082157109,14.6374038966973
264412.692061864,3842903.94395907,672.839622192817,L3_1,515.5,157.384001477249,13.7502293224114
264412.692061864,3842903.94395907,672.839622192817,L3_1,515.5,126.976966763397,12.9265603763347
264412.692061864,3842903.94395907,672.839622192817,L3_1,515.5,95.049580313852,12.1751263500382
264412.692061864,3842903.94395907,672.839622192817,L3_1,515.5,,
264412.692061864,3842903.94395907,672.839622192817,L3_1,515.5,,
264412.692061864,3842903.94395907,672.839622192817,L3_1,515.5,,
264412.692061864,3842903.94395907,672.839622192817,L3_1,515.5,,
264412.692061864,3842903.94395907,672.839622192817,L3_1,515.5,,
264412.692061864,3842903.94395907,672.839622192817,L3_1,515.5,,
264412.692061864,3842903.94395907,672.839622192817,L3_1,515.5,,
264412.692061864,3842903.94395907,672.839622192817,L3_1,515.5,,
264412.692061864,3842903.94395907,672.839622192817,L3_1,515.5,,
264412.692061864,3842903.94395907,672.839622192817,L3_1,515.5,,
264412.692061864,3842903.94395907,672.839622192817,L3_1,515.5,,
264412.692061864,3842903.94395907,672.839622192817,L3_1,515.5,,
264412.692061864,3842903.94395907,672.839622192817,L3_1,515.5,,
264412.692061864,3842903.94395907,672.839622192817,L3_1,515.5,,
264412.692061864,3842903.94395907,672.839622192817,L3_1,515.5,,
264412.692061864,3842903.94395907,672.839622192817,L3_1,515.5,,
264412.692061864,3842903.94395907,672.839622192817,L3_1,515.5,,
264412.692061864,3842903.94395907,672.839622192817,L3_1,515.5,,
264412.692061864,3842903.94395907,672.839622192817,L3_1,515.5,,
264412.692061864,3842903.94395907,672.839622192817,L3_1,515.5,,
264412.692061864,3842903.94395907,672.839622192817,L3_1,515.5,,
264418.059687426,3842907.62049118,672.852354665525,L3_1,522.0,672.852354665525,41.2280860567814
264418.059687426,3842907.62049118,672.852354665525,L3_1,522.0,667.748734807757,39.3197635330923
264418.059687426,3842907.62049118,672.852354665525,L3_1,522.0,662.3899339571,32.0748569249636
264418.059687426,3842907.62049118,672.852354665525,L3_1,522.0,656.763193063911,21.2475136507409
264418.059687426,3842907.62049118,672.852354665525,L3_1,522.0,650.855115126062,11.8823705374377
264418.059687426,3842907.62049118,672.852354665525,L3_1,522.0,644.65163329132,6.05756294290981
264418.059687426,3842907.62049118,672.852354665525,L3_1,522.0,638.137977364842,3.1614141798354
264418.059687426,3842907.62049118,672.852354665525,L3_1,522.0,631.298638642039,1.92903042785231
264418.059687426,3842907.62049118,672.852354665525,L3_1,522.0,624.117332983097,1.49357925727955
264418.059687426,3842907.62049118,672.852354665525,L3_1,522.0,616.576962041207,1.4613890670904
264418.059687426,3842907.62049118,672.852354665525,L3_1,522.0,608.659572552223,1.70829287865228
264418.059687426,3842907.62049118,672.852354665525,L3_1,522.0,600.34631358879,2.22353753056688
264418.059687426,3842907.62049118,672.852354665525,L3_1,522.0,591.617391677184,3.02239666951282
264418.059687426,3842907.62049118,672.852354665525,L3_1,522.0,582.452023669999,4.1020570273042
264418.059687426,3842907.62049118,672.852354665525,L3_1,522.0,572.828387262455,5.42824216227872
264418.059687426,3842907.62049118,672.852354665525,L3_1,522.0,562.723569034533,6.94097912555377
264418.059687426,3842907.62049118,672.852354665525,L3_1,522.0,552.113509895215,8.56736125096706
264418.059687426,3842907.62049118,672.852354665525,L3_1,522.0,540.972947798931,10.2348468897564
264418.059687426,3842907.62049118,672.852354665525,L3_1,522.0,529.275357597833,11.8818619507935
264418.059687426,3842907.62049118,672.852354665525,L3_1,522.0,516.99288788668,13.4628667447365
264418.059687426,3842907.62049118,672.852354665525,L3_1,522.0,504.09629468997,14.9470899497327
264418.059687426,3842907.62049118,672.852354665525,L3_1,522.0,490.554871833424,16.3128781920959
264418.059687426,3842907.62049118,672.852354665525,L3_1,522.0,476.336377834051,17.5409038244163
264418.059687426,3842907.62049118,672.852354665525,L3_1,522.0,461.406959134709,18.6092118431962
264418.059687426,3842907.62049118,672.852354665525,L3_1,522.0,445.7310695004,19.4918343341144
264418.059687426,3842907.62049118,672.852354665525,L3_1,522.0,429.271385384375,20.1611497472122
264418.059687426,3842907.62049118,672.852354665525,L3_1,522.0,411.988717062549,20.5928259695147
264418.059687426,3842907.62049118,672.852354665525,L3_1,522.0,393.841915324632,20.7714166254769
264418.059687426,3842907.62049118,672.852354665525,L3_1,522.0,374.78777349982,20.6947737184668
264418.059687426,3842907.62049118,672.852354665525,L3_1,522.0,354.780924583766,20.3760593884937
264418.059687426,3842907.62049118,672.852354665525,L3_1,522.0,333.77373322191,19.8428486505089
264418.059687426,3842907.62049118,672.852354665525,L3_1,522.0,311.720746363475,19.1336369128151
264418.059687426,3842907.62049118,672.852354665525,L3_1,522.0,289.030548893934,18.2991069600137
264418.059687426,3842907.62049118,672.852354665525,L3_1,522.0,265.205841550916,17.3890634083257
264418.059687426,3842907.62049118,672.852354665525,L3_1,522.0,240.189898840747,16.4430819130055
264418.059687426,3842907.62049118,672.852354665525,L3_1,522.0,213.92315899507,15.4955182258012
264418.059687426,3842907.62049118,672.852354665525,L3_1,522.0,186.343082157109,14.5740732310009
264418.059687426,3842907.62049118,672.852354665525,L3_1,522.0,157.384001477249,13.6996055266291
264418.059687426,3842907.62049118,672.852354665525,L3_1,522.0,126.976966763397,12.8866019282137
264418.059687426,3842907.62049118,672.852354665525,L3_1,522.0,95.049580313852,12.1439518848681
264418.059687426,3842907.62049118,672.852354665525,L3_1,522.0,,
264418.059687426,3842907.62049118,672.852354665525,L3_1,522.0,,
264418.059687426,3842907.62049118,672.852354665525,L3_1,522.0,,
264418.059687426,3842907.62049118,672.852354665525,L3_1,522.0,,
264418.059687426,3842907.62049118,672.852354665525,L3_1,522.0,,
264418.059687426,3842907.62049118,672.852354665525,L3_1,522.0,,
264418.059687426,3842907.62049118,672.852354665525,L3_1,522.0,,
264418.059687426,3842907.62049118,672.852354665525,L3_1,522.0,,
264418.059687426,3842907.62049118,672.852354665525,L3_1,522.0,,
264418.059687426,3842907.62049118,672.852354665525,L3_1,522.0,,
264418.059687426,3842907.62049118,672.852354665525,L3_1,522.0,,
264418.059687426,3842907.62049118,672.852354665525,L3_1,522.0,,
264418.059687426,3842907.62049118,672.852354665525,L3_1,522.0,,
264418.059687426,3842907.62049118,672.852354665525,L3_1,522.0,,
264418.059687426,3842907.62049118,672.852354665525,L3_1,522.0,,
264418.059687426,3842907.62049118,672.852354665525,L3_1,522.0,,
264418.059687426,3842907.62049118,672.852354665525,L3_1,522.0,,
264418.059687426,3842907.62049118,672.852354665525,L3_1,522.0,,
264418.059687426,3842907.62049118,672.852354665525,L3_1,522.0,,
264418.059687426,3842907.62049118,672.852354665525,L3_1,522.0,,
264418.059687426,3842907.62049118,672.852354665525,L3_1,522.0,,
264423.014410959,3842911.0142183,672.865087138233,L3_1,528.0,672.865087138233,40.306068172862
264423.014410959,3842911.0142183,672.865087138233,L3_1,528.0,667.761287231553,38.2042850956707
264423.014410959,3842911.0142183,672.865087138233,L3_1,528.0,662.402297329539,30.7103774421297
264423.014410959,3842911.0142183,672.865087138233,L3_1,528.0,656.775357932425,20.0882107757912
264423.014410959,3842911.0142183,672.865087138233,L3_1,528.0,650.867071565455,11.1898540247956
264423.014410959,3842911.0142183,672.865087138233,L3_1,528.0,644.663370880136,5.73196522930565
264423.014410959,3842911.0142183,672.865087138233,L3_1,528.0,638.149485160551,3.03112534956296
264423.014410959,3842911.0142183,672.865087138233,L3_1,528.0,631.309905154988,1.8839902312109
264423.014410959,3842911.0142183,672.865087138233,L3_1,528.0,624.128346149145,1.48585127848307
264423.014410959,3842911.0142183,672.865087138233,L3_1,528.0,616.587709193011,1.47482269731402
264423.014410959,3842911.0142183,672.865087138233,L3_1,528.0,608.67004038907,1.73937164252092
264423.014410959,3842911.0142183,672.865087138233,L3_1,528.0,600.356488144933,2.27266110869609
264423.014410959,3842911.0142183,672.865087138233,L3_1,528.0,591.627258288588,3.08938962022156
264423.014410959,3842911.0142183,672.865087138233,L3_1,528.0,582.461566939426,4.1838035797227
264423.014410959,3842911.0142183,672.865087138233,L3_1,528.0,572.837591022806,5.51816796180197
264423.014410959,3842911.0142183,672.865087138233,L3_1,528.0,562.732416310354,7.02978699267766
264423.014410959,3842911.0142183,672.865087138233,L3_1,528.0,552.121982862281,8.64439174888448
264423.014410959,3842911.0142183,672.865087138233,L3_1,528.0,540.981027741803,10.2897155127135
264423.014410959,3842911.0142183,672.865087138233,L3_1,528.0,529.283024865302,11.9059765729237
264423.014410959,3842911.0142183,672.865087138233,L3_1,528.0,517.000121844976,13.4504139670151
264423.014410959,3842911.0142183,672.865087138233,L3_1,528.0,504.103073673633,14.895353370082
264423.014410959,3842911.0142183,672.865087138233,L3_1,528.0,490.561173093723,16.2220585845105
264423.014410959,3842911.0142183,672.865087138233,L3_1,528.0,476.342177484818,17.4137142362096
264423.014410959,3842911.0142183,672.865087138233,L3_1,528.0,461.412232095467,18.4504258368464
264423.014410959,3842911.0142183,672.865087138233,L3_1,528.0,445.735789436649,19.3078407033862
264423.014410959,3842911.0142183,672.865087138233,L3_1,528.0,429.27552464489,19.9594679088669
264423.014410959,3842911.0142183,672.865087138233,L3_1,528.0,411.992246613544,20.3815433352009
264423.014410959,3842911.0142183,672.865087138233,L3_1,528.0,393.844804680629,20.5585604707674
264423.014410959,3842911.0142183,672.865087138233,L3_1,528.0,374.789990651069,20.4876804765001
264423.014410959,3842911.0142183,672.865087138233,L3_1,528.0,354.782435920031,20.18084264858
264423.014410959,3842911.0142183,672.865087138233,L3_1,528.0,333.774503452441,19.6640532240835
264423.014410959,3842911.0142183,672.865087138233,L3_1,528.0,311.720746363475,18.9741219812463
264423.014410959,3842911.0142183,672.865087138233,L3_1,528.0,289.030548893934,18.1600733862145
264423.014410959,3842911.0142183,672.865087138233,L3_1,528.0,265.205841550916,17.270349042599
264423.014410959,3842911.0142183,672.865087138233,L3_1,528.0,240.189898840747,16.3435796143845
264423.014410959,3842911.0142183,672.865087138233,L3_1,528.0,213.92315899507,15.4135004850159
264423.014410959,3842911.0142183,672.865087138233,L3_1,528.0,186.343082157109,14.5074795359363
264423.014410959,3842911.0142183,672.865087138233,L3_1,528.0,157.384001477249,13.6462712275199
264423.014410959,3842911.0142183,672.865087138233,L3_1,528.0,126.976966763397,12.8444199624644
264423.014410959,3842911.0142183,672.865087138233,L3_1,528.0,95.049580313852,12.1109757269105
264423.014410959,3842911.0142183,672.865087138233,L3_1,528.0,,
264423.014410959,3842911.0142183,672.865087138233,L3_1,528.0,,
264423.014410959,3842911.0142183,672.865087138233,L3_1,528.0,,
264423.014410959,3842911.0142183,672.865087138233,L3_1,528.0,,
264423.014410959,3842911.0142183,672.865087138233,L3_1,528.0,,
264423.014410959,3842911.0142183,672.865087138233,L3_1,528.0,,
264423.014410959,3842911.0142183,672.865087138233,L3_1,528.0,,
264423.014410959,3842911.0142183,672.865087138233,L3_1,528.0,,
264423.014410959,3842911.0142183,672.865087138233,L3_1,528.0,,
264423.014410959,3842911.0142183,672.865087138233,L3_1,528.0,,
264423.014410959,3842911.0142183,672.865087138233,L3_1,528.0,,
264423.014410959,3842911.0142183,672.865087138233,L3_1,528.0,,
264423.014410959,3842911.0142183,672.865087138233,L3_1,528.0,,
264423.014410959,3842911.0142183,672.865087138233,L3_1,528.0,,
264423.014410959,3842911.0142183,672.865087138233,L3_1,528.0,,
264423.014410959,3842911.0142183,672.865087138233,L3_1,528.0,,
264423.014410959,3842911.0142183,672.865087138233,L3_1,528.0,,
264423.014410959,3842911.0142183,672.865087138233,L3_1,528.0,,
264423.014410959,3842911.0142183,672.865087138233,L3_1,528.0,,
264423.014410959,3842911.0142183,672.865087138233,L3_1,528.0,,
264423.014410959,3842911.0142183,672.865087138233,L3_1,528.0,,
264428.382019718,3842914.69076162,672.877819610941,L3_1,534.5,672.877819610941,38.1402004493456
264428.382019718,3842914.69076162,672.877819610941,L3_1,534.5,667.77383965535,36.5072299179754
264428.382019718,3842914.69076162,672.877819610941,L3_1,534.5,662.414660701979,29.576972763462
264428.382019718,3842914.69076162,672.877819610941,L3_1,534.5,656.787522800939,19.2675213395938
264428.382019718,3842914.69076162,672.877819610941,L3_1,534.5,650.879028004848,10.712148869562
264428.382019718,3842914.69076162,672.877819610941,L3_1,534.5,644.675108468952,5.50514389499168
264428.382019718,3842914.69076162,672.877819610941,L3_1,534.5,638.160992956261,2.93684194572026
264428.382019718,3842914.69076162,672.877819610941,L3_1,534.5,631.321171667936,1.84950256388494
264428.382019718,3842914.69076162,672.877819610941,L3_1,534.5,624.139359315194,1.4797436469014
264428.382019718,3842914.69076162,672.877819610941,L3_1,534.5,616.598456344816,1.48658328224563
264428.382019718,3842914.69076162,672.877819610941,L3_1,534.5,608.680508225918,1.76697579582505
264428.382019718,3842914.69076162,672.877819610941,L3_1,534.5,600.366662701076,2.3166845523164
264428.382019718,3842914.69076162,672.877819610941,L3_1,534.5,591.637124899991,3.14947693880877
264428.382019718,3842914.69076162,672.877819610941,L3_1,534.5,582.471110208852,4.25658096507525
264428.382019718,3842914.69076162,672.877819610941,L3_1,534.5,572.846794783156,5.59687914731703
264428.382019718,3842914.69076162,672.877819610941,L3_1,534.5,562.741263586176,7.10519602650732
264428.382019718,3842914.69076162,672.877819610941,L3_1,534.5,552.130455829346,8.70623374135718
264428.382019718,3842914.69076162,672.877819610941,L3_1,534.5,540.989107684675,10.3282710340636
264428.382019718,3842914.69076162,672.877819610941,L3_1,534.5,529.290692132771,11.913413630773
264428.382019718,3842914.69076162,672.877819610941,L3_1,534.5,517.007355803271,13.4215927502126
264428.382019718,3842914.69076162,672.877819610941,L3_1,534.5,504.109852657296,14.8280352903392
264428.382019718,3842914.69076162,672.877819610941,L3_1,534.5,490.567474354023,16.1167014018369
264428.382019718,3842914.69076162,672.877819610941,L3_1,534.5,476.347977135585,17.2731017739449
264428.382019718,3842914.69076162,672.877819610941,L3_1,534.5,461.417505056226,18.2792797865885
264428.382019718,3842914.69076162,672.877819610941,L3_1,534.5,445.740509372899,19.1124347981434
264428.382019718,3842914.69076162,672.877819610941,L3_1,534.5,429.279663905406,19.7471947641252
264428.382019718,3842914.69076162,672.877819610941,L3_1,534.5,411.995776164538,20.1603858100555
264428.382019718,3842914.69076162,672.877819610941,L3_1,534.5,393.847694036626,20.3364800353383
264428.382019718,3842914.69076162,672.877819610941,L3_1,534.5,374.792207802319,20.2719865388532
264428.382019718,3842914.69076162,672.877819610941,L3_1,534.5,354.783947256297,19.9776559063814
264428.382019718,3842914.69076162,672.877819610941,L3_1,534.5,333.775273682973,19.4779468689041
264428.382019718,3842914.69076162,672.877819610941,L3_1,534.5,311.720746363475,18.807988196709
264428.382019718,3842914.69076162,672.877819610941,L3_1,534.5,289.030548893934,18.0151325147024
264428.382019718,3842914.69076162,672.877819610941,L3_1,534.5,265.205841550916,17.146436993526
264428.382019718,3842914.69076162,672.877819610941,L3_1,534.5,240.189898840747,16.2395714444312
264428.382019718,3842914.69076162,672.877819610941,L3_1,534.5,213.92315899507,15.3276325397112
264428.382019718,3842914.69076162,672.877819610941,L3_1,534.5,186.343082157109,14.4376419013146
264428.382019718,3842914.69076162,672.877819610941,L3_1,534.5,157.384001477249,13.5902405393222
264428.382019718,3842914.69076162,672.877819610941,L3_1,534.5,126.976966763397,12.8000245898639
264428.382019718,3842914.69076162,672.877819610941,L3_1,534.5,95.049580313852,12.0762048843395
264428.382019718,3842914.69076162,672.877819610941,L3_1,534.5,,
264428.382019718,3842914.69076162,672.877819610941,L3_1,534.5,,
264428.382019718,3842914.69076162,672.877819610941,L3_1,534.5,,
264428.382019718,3842914.69076162,672.877819610941,L3_1,534.5,,
264428.382019718,3842914.69076162,672.877819610941,L3_1,534.5,,
264428.382019718,3842914.69076162,672.877819610941,L3_1,534.5,,
264428.382019718,3842914.69076162,672.877819610941,L3_1,534.5,,
264428.382019718,3842914.69076162,672.877819610941,L3_1,534.5,,
264428.382019718,3842914.69076162,672.877819610941,L3_1,534.5,,
264428.382019718,3842914.69076162,672.877819610941,L3_1,534.5,,
264428.382019718,3842914.69076162,672.877819610941,L3_1,534.5,,
264428.382019718,3842914.69076162,672.877819610941,L3_1,534.5,,
264428.382019718,3842914.69076162,672.877819610941,L3_1,534.5,,
264428.382019718,3842914.69076162,672.877819610941,L3_1,534.5,,
264428.382019718,3842914.69076162,672.877819610941,L3_1,534.5,,
264428.382019718,3842914.69076162,672.877819610941,L3_1,534.5,,
264428.382019718,3842914.69076162,672.877819610941,L3_1,534.5,,
264428.382019718,3842914.69076162,672.877819610941,L3_1,534.5,,
264428.382019718,3842914.69076162,672.877819610941,L3_1,534.5,,
264428.382019718,3842914.69076162,672.877819610941,L3_1,534.5,,
264428.382019718,3842914.69076162,672.877819610941,L3_1,534.5,,
264433.336735496,3842918.08449392,672.892569309477,L3_1,540.5,672.892569309477,38.5946300135996
264433.336735496,3842918.08449392,672.892569309477,L3_1,540.5,667.78838077954,37.089583563441
264433.336735496,3842918.08449392,672.892569309477,L3_1,540.5,662.428982823106,30.086347604109
264433.336735496,3842918.08449392,672.892569309477,L3_1,540.5,656.80161496885,19.4721746272556
264433.336735496,3842918.08449392,672.892569309477,L3_1,540.5,650.892878721881,10.7527839536403
264433.336735496,3842918.08449392,672.892569309477,L3_1,540.5,644.688705662564,5.49888628260744
264433.336735496,3842918.08449392,672.892569309477,L3_1,540.5,638.174323950282,2.9269733092863
264433.336735496,3842918.08449392,672.892569309477,L3_1,540.5,631.334223152385,1.84624434650035
264433.336735496,3842918.08449392,672.892569309477,L3_1,540.5,624.152117314593,1.48478842014369
264433.336735496,3842918.08449392,672.892569309477,L3_1,540.5,616.610906184911,1.50079742885442
264433.336735496,3842918.08449392,672.892569309477,L3_1,540.5,608.692634498746,1.79171956685963
264433.336735496,3842918.08449392,672.892569309477,L3_1,540.5,600.378449228272,2.35325913475165
264433.336735496,3842918.08449392,672.892569309477,L3_1,540.5,591.648554694275,3.19763472171838
264433.336735496,3842918.08449392,672.892569309477,L3_1,540.5,582.482165433577,4.31320894082362
264433.336735496,3842918.08449392,672.892569309477,L3_1,540.5,572.857456709845,5.65586156813662
264433.336735496,3842918.08449392,672.892569309477,L3_1,540.5,562.751512549926,7.15829887571774
264433.336735496,3842918.08449392,672.892569309477,L3_1,540.5,552.140271182011,8.74441088398755
264433.336735496,3842918.08449392,672.892569309477,L3_1,540.5,540.998467745701,10.3430298361826
264433.336735496,3842918.08449392,672.892569309477,L3_1,540.5,529.299574137575,11.8979608061688
264433.336735496,3842918.08449392,672.892569309477,L3_1,540.5,517.015735849042,13.3715168377962
264433.336735496,3842918.08449392,672.892569309477,L3_1,540.5,504.117705646083,14.7414869689719
264433.336735496,3842918.08449392,672.892569309477,L3_1,540.5,490.574773932977,15.994236625891
264433.336735496,3842918.08449392,672.892569309477,L3_1,540.5,476.354695634214,17.1173953998934
264433.336735496,3842918.08449392,672.892569309477,L3_1,540.5,461.423613420514,18.094823254836
264433.336735496,3842918.08449392,672.892569309477,L3_1,540.5,445.745977096129,18.9052233272855
264433.336735496,3842918.08449392,672.892569309477,L3_1,540.5,429.284458955524,19.5243490906857
264433.336735496,3842918.08449392,672.892569309477,L3_1,540.5,411.999864907889,19.9296576467824
264433.336735496,3842918.08449392,672.892569309477,L3_1,540.5,393.851041157872,20.1056570367628
264433.336735496,3842918.08449392,672.892569309477,L3_1,540.5,374.794776220355,20.0482678256959
264433.336735496,3842918.08449392,672.892569309477,L3_1,540.5,354.785698035962,19.7671048350868
264433.336735496,3842918.08449392,672.892569309477,L3_1,540.5,333.776165942349,19.2851177831534
264433.336735496,3842918.08449392,672.892569309477,L3_1,540.5,311.720746363475,18.6357742672862
264433.336735496,3842918.08449392,672.892569309477,L3_1,540.5,289.030548893934,17.864755025626
264433.336735496,3842918.08449392,672.892569309477,L3_1,540.5,265.205841550916,17.0177257994742
264433.336735496,3842918.08449392,672.892569309477,L3_1,540.5,240.189898840747,16.1313842924168
264433.336735496,3842918.08449392,672.892569309477,L3_1,540.5,213.92315899507,15.2381764318932
264433.336735496,3842918.08449392,672.892569309477,L3_1,540.5,186.343082157109,14.364766331719
264433.336735496,3842918.08449392,672.892569309477,L3_1,540.5,157.384001477249,13.5316723514786
264433.336735496,3842918.08449392,672.892569309477,L3_1,540.5,126.976966763397,12.7535374851897
264433.336735496,3842918.08449392,672.892569309477,L3_1,540.5,95.049580313852,12.0397311799038
264433.336735496,3842918.08449392,672.892569309477,L3_1,540.5,,
264433.336735496,3842918.08449392,672.892569309477,L3_1,540.5,,
264433.336735496,3842918.08449392,672.892569309477,L3_1,540.5,,
264433.336735496,3842918.08449392,672.892569309477,L3_1,540.5,,
264433.336735496,3842918.08449392,672.892569309477,L3_1,540.5,,
264433.336735496,3842918.08449392,672.892569309477,L3_1,540.5,,
264433.336735496,3842918.08449392,672.892569309477,L3_1,540.5,,
264433.336735496,3842918.08449392,672.892569309477,L3_1,540.5,,
264433.336735496,3842918.08449392,672.892569309477,L3_1,540.5,,
264433.336735496,3842918.08449392,672.892569309477,L3_1,540.5,,
264433.336735496,3842918.08449392,672.892569309477,L3_1,540.5,,
264433.336735496,3842918.08449392,672.892569309477,L3_1,540.5,,
264433.336735496,3842918.08449392,672.892569309477,L3_1,540.5,,
264433.336735496,3842918.08449392,672.892569309477,L3_1,540.5,,
264433.336735496,3842918.08449392,672.892569309477,L3_1,540.5,,
264433.336735496,3842918.08449392,672.892569309477,L3_1,540.5,,
264433.336735496,3842918.08449392,672.892569309477,L3_1,540.5,,
264433.336735496,3842918.08449392,672.892569309477,L3_1,540.5,,
264433.336735496,3842918.08449392,672.892569309477,L3_1,540.5,,
264433.336735496,3842918.08449392,672.892569309477,L3_1,540.5,,
264433.336735496,3842918.08449392,672.892569309477,L3_1,540.5,,
264438.704344256,3842921.76103725,672.909327916813,L3_1,547.0,672.909327916813,41.6788226828227
264438.704344256,3842921.76103725,672.909327916813,L3_1,547.0,667.804902404706,40.037286815561
264438.704344256,3842921.76103725,672.909327916813,L3_1,547.0,662.445255616993,32.358371256674
264438.704344256,3842921.76103725,672.909327916813,L3_1,547.0,656.817626489895,20.7633056715212
264438.704344256,3842921.76103725,672.909327916813,L3_1,547.0,650.908615906442,11.3376017448919
264438.704344256,3842921.76103725,672.909327916813,L3_1,547.0,644.704154793817,5.72703920362916
264438.704344256,3842921.76103725,672.909327916813,L3_1,547.0,638.18947062556,3.01064999916381
264438.704344256,3842921.76103725,672.909327916813,L3_1,547.0,631.34905224889,1.88066590947988
264438.704344256,3842921.76103725,672.909327916813,L3_1,547.0,624.166612953387,1.50570963383622
264438.704344256,3842921.76103725,672.909327916813,L3_1,547.0,616.625051693109,1.52099882107646
264438.704344256,3842921.76103725,672.909327916813,L3_1,547.0,608.706412369816,1.81618435683889
264438.704344256,3842921.76103725,672.909327916813,L3_1,547.0,600.39184108036,2.38405996696707
264438.704344256,3842921.76103725,672.909327916813,L3_1,547.0,591.66154122643,3.2346543069163
264438.704344256,3842921.76103725,672.909327916813,L3_1,547.0,582.494726379804,4.3537345432352
264438.704344256,3842921.76103725,672.909327916813,L3_1,547.0,572.869570790846,5.69467759023652
264438.704344256,3842921.76103725,672.909327916813,L3_1,547.0,562.763157422441,7.18845406562556
264438.704344256,3842921.76103725,672.909327916813,L3_1,547.0,552.151423385615,8.7582905132033
264438.704344256,3842921.76103725,672.909327916813,L3_1,547.0,541.009102646948,10.3334848062853
264438.704344256,3842921.76103725,672.909327916813,L3_1,547.0,529.309665871348,11.8592717174826
264438.704344256,3842921.76103725,672.909327916813,L3_1,547.0,517.025257256968,13.2999869848158
264438.704344256,3842921.76103725,672.909327916813,L3_1,547.0,504.126628211868,14.6356248457824
264438.704344256,3842921.76103725,672.909327916813,L3_1,547.0,490.583067714514,15.8546616124685
264438.704344256,3842921.76103725,672.909327916813,L3_1,547.0,476.362329192292,16.9466437049599
264438.704344256,3842921.76103725,672.909327916813,L3_1,547.0,461.430553743959,17.8971349212979
264438.704344256,3842921.76103725,672.909327916813,L3_1,547.0,445.752189523209,18.6863006197751
264438.704344256,3842921.76103725,672.909327916813,L3_1,547.0,429.289907091422,19.2910314114376
264438.704344256,3842921.76103725,672.909327916813,L3_1,547.0,412.004510538046,19.6894592000238
264438.704344256,3842921.76103725,672.909327916813,L3_1,547.0,393.854844157,19.8661877940295
264438.704344256,3842921.76103725,672.909327916813,L3_1,547.0,374.797694456903,19.8166146423908
264438.704344256,3842921.76103725,672.909327916813,L3_1,547.0,354.7876872718,19.5492720022666
264438.704344256,3842921.76103725,672.909327916813,L3_1,547.0,333.777179727442,19.0856393290507
264438.704344256,3842921.76103725,672.909327916813,L3_1,547.0,311.720746363475,18.4575437195286
264438.704344256,3842921.76103725,672.909327916813,L3_1,547.0,289.030548893934,17.7089948378251
264438.704344256,3842921.76103725,672.909327916813,L3_1,547.0,265.205841550916,16.8842600537231
264438.704344256,3842921.76103725,672.909327916813,L3_1,547.0,240.189898840747,16.0190537743222
264438.704344256,3842921.76103725,672.909327916813,L3_1,547.0,213.92315899507,15.1451599648706
264438.704344256,3842921.76103725,672.909327916813,L3_1,547.0,186.343082157109,14.2888738134709
264438.704344256,3842921.76103725,672.909327916813,L3_1,547.0,157.384001477249,13.4705819352197
264438.704344256,3842921.76103725,672.909327916813,L3_1,547.0,126.976966763397,12.7049696306607
264438.704344256,3842921.76103725,672.909327916813,L3_1,547.0,95.049580313852,12.0015623062778
264438.704344256,3842921.76103725,672.909327916813,L3_1,547.0,,
264438.704344256,3842921.76103725,672.909327916813,L3_1,547.0,,
264438.704344256,3842921.76103725,672.909327916813,L3_1,547.0,,
264438.704344256,3842921.76103725,672.909327916813,L3_1,547.0,,
264438.704344256,3842921.76103725,672.909327916813,L3_1,547.0,,
264438.704344256,3842921.76103725,672.909327916813,L3_1,547.0,,
264438.704344256,3842921.76103725,672.909327916813,L3_1,547.0,,
264438.704344256,3842921.76103725,672.909327916813,L3_1,547.0,,
264438.704344256,3842921.76103725,672.909327916813,L3_1,547.0,,
264438.704344256,3842921.76103725,672.909327916813,L3_1,547.0,,
264438.704344256,3842921.76103725,672.909327916813,L3_1,547.0,,
264438.704344256,3842921.76103725,672.909327916813,L3_1,547.0,,
264438.704344256,3842921.76103725,672.909327916813,L3_1,547.0,,
264438.704344256,3842921.76103725,672.909327916813,L3_1,547.0,,
264438.704344256,3842921.76103725,672.909327916813,L3_1,547.0,,
264438.704344256,3842921.76103725,672.909327916813,L3_1,547.0,,
264438.704344256,3842921.76103725,672.909327916813,L3_1,547.0,,
264438.704344256,3842921.76103725,672.909327916813,L3_1,547.0,,
264438.704344256,3842921.76103725,672.909327916813,L3_1,547.0,,
264438.704344256,3842921.76103725,672.909327916813,L3_1,547.0,,
264438.704344256,3842921.76103725,672.909327916813,L3_1,547.0,,
264443.65905228,3842925.15477472,672.926086524148,L3_1,553.0,672.926086524148,45.0163573749638
264443.65905228,3842925.15477472,672.926086524148,L3_1,553.0,667.821424029871,43.1216753253873
264443.65905228,3842925.15477472,672.926086524148,L3_1,553.0,662.461528410881,34.6955305523193
264443.65905228,3842925.15477472,672.926086524148,L3_1,553.0,656.83363801094,22.2015647483075
264443.65905228,3842925.15477472,672.926086524148,L3_1,553.0,650.924353091003,12.0801030969357
264443.65905228,3842925.15477472,672.926086524148,L3_1,553.0,644.719603925069,6.05478979929347
264443.65905228,3842925.15477472,672.926086524148,L3_1,553.0,638.204617300838,3.14214091752257
264443.65905228,3842925.15477472,672.926086524148,L3_1,553.0,631.363881345396,1.93557983628446
264443.65905228,3842925.15477472,672.926086524148,L3_1,553.0,624.181108592181,1.53449938190374
264443.65905228,3842925.15477472,672.926086524148,L3_1,553.0,616.639197201306,1.54215455974408
264443.65905228,3842925.15477472,672.926086524148,L3_1,553.0,608.720190240887,1.83610658847639
264443.65905228,3842925.15477472,672.926086524148,L3_1,553.0,600.405232932447,2.40468621433569
264443.65905228,3842925.15477472,672.926086524148,L3_1,553.0,591.674527758585,3.25565649406392
264443.65905228,3842925.15477472,672.926086524148,L3_1,553.0,582.50728732603,4.37286165087667
264443.65905228,3842925.15477472,672.926086524148,L3_1,553.0,572.881684871847,5.70796409826863
264443.65905228,3842925.15477472,672.926086524148,L3_1,553.0,562.774802294956,7.19068046142407
264443.65905228,3842925.15477472,672.926086524148,L3_1,553.0,552.162575589219,8.74363501796987
264443.65905228,3842925.15477472,672.926086524148,L3_1,553.0,541.019737548196,10.2963197800209
264443.65905228,3842925.15477472,672.926086524148,L3_1,553.0,529.319757605121,11.7949564110775
264443.65905228,3842925.15477472,672.926086524148,L3_1,553.0,517.034778664893,13.2054372671378
264443.65905228,3842925.15477472,672.926086524148,L3_1,553.0,504.135550777653,14.5095646290986
264443.65905228,3842925.15477472,672.926086524148,L3_1,553.0,490.591361496052,15.6976350024065
264443.65905228,3842925.15477472,672.926086524148,L3_1,553.0,476.36996275037,16.7609255130322
264443.65905228,3842925.15477472,672.926086524148,L3_1,553.0,461.437494067404,17.6866096847676
264443.65905228,3842925.15477472,672.926086524148,L3_1,553.0,445.75840195029,18.4562914274887
264443.65905228,3842925.15477472,672.926086524148,L3_1,553.0,429.29535522732,19.0480225671675
264443.65905228,3842925.15477472,672.926086524148,L3_1,553.0,412.009156168202,19.4406632274441
264443.65905228,3842925.15477472,672.926086524148,L3_1,553.0,393.858647156128,19.6189799974785
264443.65905228,3842925.15477472,672.926086524148,L3_1,553.0,374.80061269345,19.5779177301919
264443.65905228,3842925.15477472,672.926086524148,L3_1,553.0,354.789676507638,19.3249924306027
264443.65905228,3842925.15477472,672.926086524148,L3_1,553.0,333.778193512536,18.8802662669892
264443.65905228,3842925.15477472,672.926086524148,L3_1,553.0,311.720746363475,18.273962091101
264443.65905228,3842925.15477472,672.926086524148,L3_1,553.0,289.030548893934,17.5484239285117
264443.65905228,3842925.15477472,672.926086524148,L3_1,553.0,265.205841550916,16.746514514533
264443.65905228,3842925.15477472,672.926086524148,L3_1,553.0,240.189898840747,15.9029642406094
264443.65905228,3842925.15477472,672.926086524148,L3_1,553.0,213.92315899507,15.0488881375133
264443.65905228,3842925.15477472,672.926086524148,L3_1,553.0,186.343082157109,14.210202269769
264443.65905228,3842925.15477472,672.926086524148,L3_1,553.0,157.384001477249,13.4071523434014
264443.65905228,3842925.15477472,672.926086524148,L3_1,553.0,126.976966763397,12.654459692648
264443.65905228,3842925.15477472,672.926086524148,L3_1,553.0,95.049580313852,11.9618026083348
264443.65905228,3842925.15477472,672.926086524148,L3_1,553.0,,
264443.65905228,3842925.15477472,672.926086524148,L3_1,553.0,,
264443.65905228,3842925.15477472,672.926086524148,L3_1,553.0,,
264443.65905228,3842925.15477472,672.926086524148,L3_1,553.0,,
264443.65905228,3842925.15477472,672.926086524148,L3_1,553.0,,
264443.65905228,3842925.15477472,672.926086524148,L3_1,553.0,,
264443.65905228,3842925.15477472,672.926086524148,L3_1,553.0,,
264443.65905228,3842925.15477472,672.926086524148,L3_1,553.0,,
264443.65905228,3842925.15477472,672.926086524148,L3_1,553.0,,
264443.65905228,3842925.15477472,672.926086524148,L3_1,553.0,,
264443.65905228,3842925.15477472,672.926086524148,L3_1,553.0,,
264443.65905228,3842925.15477472,672.926086524148,L3_1,553.0,,
264443.65905228,3842925.15477472,672.926086524148,L3_1,553.0,,
264443.65905228,3842925.15477472,672.926086524148,L3_1,553.0,,
264443.65905228,3842925.15477472,672.926086524148,L3_1,553.0,,
264443.65905228,3842925.15477472,672.926086524148,L3_1,553.0,,
264443.65905228,3842925.15477472,672.926086524148,L3_1,553.0,,
264443.65905228,3842925.15477472,672.926086524148,L3_1,553.0,,
264443.65905228,3842925.15477472,672.926086524148,L3_1,553.0,,
264443.65905228,3842925.15477472,672.926086524148,L3_1,553.0,,
264443.65905228,3842925.15477472,672.926086524148,L3_1,553.0,,
264449.026644242,3842928.83132926,672.942845131484,L3_1,559.5,672.942845131484,48.599138981974
264449.026644242,3842928.83132926,672.942845131484,L3_1,559.5,667.837945655037,46.217939739355
264449.026644242,3842928.83132926,672.942845131484,L3_1,559.5,662.477801204768,36.8668777686485
264449.026644242,3842928.83132926,672.942845131484,L3_1,559.5,656.849649531986,23.6219353669861
264449.026644242,3842928.83132926,672.942845131484,L3_1,559.5,650.940090275564,12.9007916034856
264449.026644242,3842928.83132926,672.942845131484,L3_1,559.5,644.735053056321,6.4474927786254
264449.026644242,3842928.83132926,672.942845131484,L3_1,559.5,638.219763976116,3.30602295950424
264449.026644242,3842928.83132926,672.942845131484,L3_1,559.5,631.378710441901,2.00386099859889
264449.026644242,3842928.83132926,672.942845131484,L3_1,559.5,624.195604230976,1.56774619554945
264449.026644242,3842928.83132926,672.942845131484,L3_1,559.5,616.653342709503,1.5626118321079
264449.026644242,3842928.83132926,672.942845131484,L3_1,559.5,608.733968111958,1.8508044708291
264449.026644242,3842928.83132926,672.942845131484,L3_1,559.5,600.418624784535,2.41508264671619
264449.026644242,3842928.83132926,672.942845131484,L3_1,559.5,591.687514290741,3.2609802784914
264449.026644242,3842928.83132926,672.942845131484,L3_1,559.5,582.519848272257,4.37113587126669
264449.026644242,3842928.83132926,672.942845131484,L3_1,559.5,572.893798952849,5.69635019835377
264449.026644242,3842928.83132926,672.942845131484,L3_1,559.5,562.78644716747,7.16562848434257
264449.026644242,3842928.83132926,672.942845131484,L3_1,559.5,552.173727792823,8.7010871715679
264449.026644242,3842928.83132926,672.942845131484,L3_1,559.5,541.030372449443,10.2321518310461
264449.026644242,3842928.83132926,672.942845131484,L3_1,559.5,529.329849338894,11.705592903958
264449.026644242,3842928.83132926,672.942845131484,L3_1,559.5,517.044300072818,13.0883967090902
264449.026644242,3842928.83132926,672.942845131484,L3_1,559.5,504.144473343438,14.3637777151382
264449.026644242,3842928.83132926,672.942845131484,L3_1,559.5,490.599655277589,15.5235656263653
264449.026644242,3842928.83132926,672.942845131484,L3_1,559.5,476.377596308448,16.5605877539156
264449.026644242,3842928.83132926,672.942845131484,L3_1,559.5,461.44443439085,17.4635374901352
264449.026644242,3842928.83132926,672.942845131484,L3_1,559.5,445.764614377371,18.2154358857898
264449.026644242,3842928.83132926,672.942845131484,L3_1,559.5,429.300803363219,18.7955207811522
264449.026644242,3842928.83132926,672.942845131484,L3_1,559.5,412.013801798359,19.1834338489127
264449.026644242,3842928.83132926,672.942845131484,L3_1,559.5,393.862450155256,19.3641706539438
264449.026644242,3842928.83132926,672.942845131484,L3_1,559.5,374.803530929998,19.3322921254708
264449.026644242,3842928.83132926,672.942845131484,L3_1,559.5,354.791665743477,19.0943632936109
264449.026644242,3842928.83132926,672.942845131484,L3_1,559.5,333.77920729763,18.6690810754983
264449.026644242,3842928.83132926,672.942845131484,L3_1,559.5,311.720746363475,18.0850989518263
264449.026644242,3842928.83132926,672.942845131484,L3_1,559.5,289.030548893934,17.383099961952
264449.026644242,3842928.83132926,672.942845131484,L3_1,559.5,265.205841550916,16.6045361662215
264449.026644242,3842928.83132926,672.942845131484,L3_1,559.5,240.189898840747,15.7831532739106
264449.026644242,3842928.83132926,672.942845131484,L3_1,559.5,213.92315899507,14.949390171211
264449.026644242,3842928.83132926,672.942845131484,L3_1,559.5,186.343082157109,14.1287737774492
264449.026644242,3842928.83132926,672.942845131484,L3_1,559.5,157.384001477249,13.3413998695133
264449.026644242,3842928.83132926,672.942845131484,L3_1,559.5,126.976966763397,12.602019416119
264449.026644242,3842928.83132926,672.942845131484,L3_1,559.5,95.049580313852,11.9204602912667
264449.026644242,3842928.83132926,672.942845131484,L3_1,559.5,,
264449.026644242,3842928.83132926,672.942845131484,L3_1,559.5,,
264449.026644242,3842928.83132926,672.942845131484,L3_1,559.5,,
264449.026644242,3842928.83132926,672.942845131484,L3_1,559.5,,
264449.026644242,3842928.83132926,672.942845131484,L3_1,559.5,,
264449.026644242,3842928.83132926,672.942845131484,L3_1,559.5,,
264449.026644242,3842928.83132926,672.942845131484,L3_1,559.5,,
264449.026644242,3842928.83132926,672.942845131484,L3_1,559.5,,
264449.026644242,3842928.83132926,672.942845131484,L3_1,559.5,,
264449.026644242,3842928.83132926,672.942845131484,L3_1,559.5,,
264449.026644242,3842928.83132926,672.942845131484,L3_1,559.5,,
264449.026644242,3842928.83132926,672.942845131484,L3_1,559.5,,
264449.026644242,3842928.83132926,672.942845131484,L3_1,559.5,,
264449.026644242,3842928.83132926,672.942845131484,L3_1,559.5,,
264449.026644242,3842928.83132926,672.942845131484,L3_1,559.5,,
264449.026644242,3842928.83132926,672.942845131484,L3_1,559.5,,
264449.026644242,3842928.83132926,672.942845131484,L3_1,559.5,,
264449.026644242,3842928.83132926,672.942845131484,L3_1,559.5,,
264449.026644242,3842928.83132926,672.942845131484,L3_1,559.5,,
264449.026644242,3842928.83132926,672.942845131484,L3_1,559.5,,
264449.026644242,3842928.83132926,672.942845131484,L3_1,559.5,,
264453.981344513,3842932.22507191,672.918403272535,L3_1,565.5,672.918403272535,47.0276667301625
264453.981344513,3842932.22507191,672.918403272535,L3_1,565.5,667.813849426525,45.16025906372
264453.981344513,3842932.22507191,672.918403272535,L3_1,565.5,662.454067888215,36.941872642204
264453.981344513,3842932.22507191,672.918403272535,L3_1,565.5,656.826297272988,24.3252586089516
264453.981344513,3842932.22507191,672.918403272535,L3_1,565.5,650.917138127001,13.5178655155458
264453.981344513,3842932.22507191,672.918403272535,L3_1,565.5,644.712521023714,6.78312489741543
264453.981344513,3842932.22507191,672.918403272535,L3_1,565.5,638.197673065262,3.4494778300685
264453.981344513,3842932.22507191,672.918403272535,L3_1,565.5,631.357082708889,2.06152207273656
264453.981344513,3842932.22507191,672.918403272535,L3_1,565.5,624.174462834696,1.59311662082353
264453.981344513,3842932.22507191,672.918403272535,L3_1,565.5,616.632711966794,1.57508095751543
264453.981344513,3842932.22507191,672.918403272535,L3_1,565.5,608.713873555496,1.8556165048732
264453.981344513,3842932.22507191,672.918403272535,L3_1,565.5,600.399093223634,2.41234594550231
264453.981344513,3842932.22507191,672.918403272535,L3_1,565.5,591.668573875179,3.2491106555038
264453.981344513,3842932.22507191,672.918403272535,L3_1,565.5,582.501528559301,4.34818798404284
264453.981344513,3842932.22507191,672.918403272535,L3_1,565.5,572.876130977629,5.66040204785888
264453.981344513,3842932.22507191,672.918403272535,L3_1,565.5,562.769463516874,7.11460095809749
264453.981344513,3842932.22507191,672.918403272535,L3_1,565.5,552.15746268308,8.63248415195181
264453.981344513,3842932.22507191,672.918403272535,L3_1,565.5,541.014861807597,10.1431484543944
264453.981344513,3842932.22507191,672.918403272535,L3_1,565.5,529.31513088834,11.5934931809641
264453.981344513,3842932.22507191,672.918403272535,L3_1,565.5,517.03041342312,12.9511755794745
264453.981344513,3842932.22507191,672.918403272535,L3_1,565.5,504.131460084639,14.2004792326116
264453.981344513,3842932.22507191,672.918403272535,L3_1,565.5,490.587559079234,15.334527935166
264453.981344513,3842932.22507191,672.918403272535,L3_1,565.5,476.366463023559,16.3475541329216
264453.981344513,3842932.22507191,672.918403272535,L3_1,565.5,461.4343121651,17.2297011607466
264453.981344513,3842932.22507191,672.918403272535,L3_1,565.5,445.755553763718,17.9653921007737
264453.981344513,3842932.22507191,672.918403272535,L3_1,565.5,429.292857442267,18.5350699853876
264453.981344513,3842932.22507191,672.918403272535,L3_1,565.5,412.007026304743,18.9192033674806
264453.981344513,3842932.22507191,672.918403272535,L3_1,565.5,393.856903610343,19.1030762411497
264453.981344513,3842932.22507191,672.918403272535,L3_1,565.5,374.799274781223,19.0809318483229
264453.981344513,3842932.22507191,672.918403272535,L3_1,565.5,354.788764510647,18.8584497274595
264453.981344513,3842932.22507191,672.918403272535,L3_1,565.5,333.777728726543,18.4530143505307
264453.981344513,3842932.22507191,672.918403272535,L3_1,565.5,311.720746363475,17.8917496424754
264453.981344513,3842932.22507191,672.918403272535,L3_1,565.5,289.030548893934,17.2136885677365
264453.981344513,3842932.22507191,672.918403272535,L3_1,565.5,265.205841550916,16.4588703973868
264453.981344513,3842932.22507191,672.918403272535,L3_1,565.5,240.189898840747,15.6600591312391
264453.981344513,3842932.22507191,672.918403272535,L3_1,565.5,213.92315899507,14.847010609643
264453.981344513,3842932.22507191,672.918403272535,L3_1,565.5,186.343082157109,14.0448547806063
264453.981344513,3842932.22507191,672.918403272535,L3_1,565.5,157.384001477249,13.2735286594198
264453.981344513,3842932.22507191,672.918403272535,L3_1,565.5,126.976966763397,12.547803553082
264453.981344513,3842932.22507191,672.918403272535,L3_1,565.5,95.049580313852,11.8776509545623
264453.981344513,3842932.22507191,672.918403272535,L3_1,565.5,,
264453.981344513,3842932.22507191,672.918403272535,L3_1,565.5,,
264453.981344513,3842932.22507191,672.918403272535,L3_1,565.5,,
264453.981344513,3842932.22507191,672.918403272535,L3_1,565.5,,
264453.981344513,3842932.22507191,672.918403272535,L3_1,565.5,,
264453.981344513,3842932.22507191,672.918403272535,L3_1,565.5,,
264453.981344513,3842932.22507191,672.918403272535,L3_1,565.5,,
264453.981344513,3842932.22507191,672.918403272535,L3_1,565.5,,
264453.981344513,3842932.22507191,672.918403272535,L3_1,565.5,,
264453.981344513,3842932.22507191,672.918403272535,L3_1,565.5,,
264453.981344513,3842932.22507191,672.918403272535,L3_1,565.5,,
264453.981344513,3842932.22507191,672.918403272535,L3_1,565.5,,
264453.981344513,3842932.22507191,672.918403272535,L3_1,565.5,,
264453.981344513,3842932.22507191,672.918403272535,L3_1,565.5,,
264453.981344513,3842932.22507191,672.918403272535,L3_1,565.5,,
264453.981344513,3842932.22507191,672.918403272535,L3_1,565.5,,
264453.981344513,3842932.22507191,672.918403272535,L3_1,565.5,,
264453.981344513,3842932.22507191,672.918403272535,L3_1,565.5,,
264453.981344513,3842932.22507191,672.918403272535,L3_1,565.5,,
264453.981344513,3842932.22507191,672.918403272535,L3_1,565.5,,
264453.981344513,3842932.22507191,672.918403272535,L3_1,565.5,,
264459.348936474,3842935.90162644,672.852835148241,L3_1,572.0,672.852835148241,40.7196822584529
264459.348936474,3842935.90162644,672.852835148241,L3_1,572.0,667.749208496004,40.2805879934657
264459.348936474,3842935.90162644,672.852835148241,L3_1,572.0,662.390400511155,35.1071911921548
264459.348936474,3842935.90162644,672.852835148241,L3_1,572.0,656.763652127063,24.3912546507861
264459.348936474,3842935.90162644,672.852835148241,L3_1,572.0,650.855566323767,13.9411903576074
264459.348936474,3842935.90162644,672.852835148241,L3_1,572.0,644.652076230307,7.04730072358146
264459.348936474,3842935.90162644,672.852835148241,L3_1,572.0,638.138411632173,3.55877210655833
264459.348936474,3842935.90162644,672.852835148241,L3_1,572.0,631.299063804132,2.10016390397142
264459.348936474,3842935.90162644,672.852835148241,L3_1,572.0,624.117748584689,1.60584038831143
264459.348936474,3842935.90162644,672.852835148241,L3_1,572.0,616.577367604275,1.57685618500709
264459.348936474,3842935.90162644,672.852835148241,L3_1,572.0,608.659967574839,1.84925586543385
264459.348936474,3842935.90162644,672.852835148241,L3_1,572.0,600.346697543932,2.3964104890307
264459.348936474,3842935.90162644,672.852835148241,L3_1,572.0,591.617764011479,3.22104608752397
264459.348936474,3842935.90162644,672.852835148241,L3_1,572.0,582.452383802404,4.30580150262293
264459.348936474,3842935.90162644,672.852835148241,L3_1,572.0,572.828734582875,5.60232472872745
264459.348936474,3842935.90162644,672.852835148241,L3_1,572.0,562.723902902369,7.03988810673897
264459.348936474,3842935.90162644,672.852835148241,L3_1,572.0,552.113829637839,8.53996863907872
264459.348936474,3842935.90162644,672.852835148241,L3_1,572.0,540.973252710081,10.0311882184592
264459.348936474,3842935.90162644,672.852835148241,L3_1,572.0,529.275646935936,11.4602389625824
264459.348936474,3842935.90162644,672.852835148241,L3_1,572.0,516.993160873084,12.7950712448193
264459.348936474,3842935.90162644,672.852835148241,L3_1,572.0,504.096550507089,14.0207152291296
264459.348936474,3842935.90162644,672.852835148241,L3_1,572.0,490.555109622794,15.1313543349759
264459.348936474,3842935.90162644,672.852835148241,L3_1,572.0,476.336596694285,16.1224802708917
264459.348936474,3842935.90162644,672.852835148241,L3_1,572.0,461.40715811935,16.9856127756052
264459.348936474,3842935.90162644,672.852835148241,L3_1,572.0,445.731247615668,17.7065576787516
264459.348936474,3842935.90162644,672.852835148241,L3_1,572.0,429.271541586802,18.2669792696605
264459.348936474,3842935.90162644,672.852835148241,L3_1,572.0,411.988850256493,18.6482130222108
264459.348936474,3842935.90162644,672.852835148241,L3_1,572.0,393.842024359668,18.8358865927023
264459.348936474,3842935.90162644,672.852835148241,L3_1,572.0,374.787857168002,18.8239875042025
264459.348936474,3842935.90162644,672.852835148241,L3_1,572.0,354.780981616753,18.6173724124481
264459.348936474,3842935.90162644,672.852835148241,L3_1,572.0,333.773762287942,18.2321635917977
264459.348936474,3842935.90162644,672.852835148241,L3_1,572.0,311.720746363475,17.693992646001
264459.348936474,3842935.90162644,672.852835148241,L3_1,572.0,289.030548893934,17.0402528728703
264459.348936474,3842935.90162644,672.852835148241,L3_1,572.0,265.205841550916,16.3095675943328
264459.348936474,3842935.90162644,672.852835148241,L3_1,572.0,240.189898840747,15.5337212695588
264459.348936474,3842935.90162644,672.852835148241,L3_1,572.0,213.92315899507,14.7417797072126
264459.348936474,3842935.90162644,672.852835148241,L3_1,572.0,186.343082157109,13.9584680467157
264459.348936474,3842935.90162644,672.852835148241,L3_1,572.0,157.384001477249,13.203555549169
264459.348936474,3842935.90162644,672.852835148241,L3_1,572.0,126.976966763397,12.4918242665476
264459.348936474,3842935.90162644,672.852835148241,L3_1,572.0,95.049580313852,11.8333832122674
264459.348936474,3842935.90162644,672.852835148241,L3_1,572.0,,
264459.348936474,3842935.90162644,672.852835148241,L3_1,572.0,,
264459.348936474,3842935.90162644,672.852835148241,L3_1,572.0,,
264459.348936474,3842935.90162644,672.852835148241,L3_1,572.0,,
264459.348936474,3842935.90162644,672.852835148241,L3_1,572.0,,
264459.348936474,3842935.90162644,672.852835148241,L3_1,572.0,,
264459.348936474,3842935.90162644,672.852835148241,L3_1,572.0,,
264459.348936474,3842935.90162644,672.852835148241,L3_1,572.0,,
264459.348936474,3842935.90162644,672.852835148241,L3_1,572.0,,
264459.348936474,3842935.90162644,672.852835148241,L3_1,572.0,,
264459.348936474,3842935.90162644,672.852835148241,L3_1,572.0,,
264459.348936474,3842935.90162644,672.852835148241,L3_1,572.0,,
264459.348936474,3842935.90162644,672.852835148241,L3_1,572.0,,
264459.348936474,3842935.90162644,672.852835148241,L3_1,572.0,,
264459.348936474,3842935.90162644,672.852835148241,L3_1,572.0,,
264459.348936474,3842935.90162644,672.852835148241,L3_1,572.0,,
264459.348936474,3842935.90162644,672.852835148241,L3_1,572.0,,
264459.348936474,3842935.90162644,672.852835148241,L3_1,572.0,,
264459.348936474,3842935.90162644,672.852835148241,L3_1,572.0,,
264459.348936474,3842935.90162644,672.852835148241,L3_1,572.0,,
264459.348936474,3842935.90162644,672.852835148241,L3_1,572.0,,
264464.303627289,3842939.29530771,672.787267023947,L3_1,578.0,672.787267023947,36.1066326788357
264464.303627289,3842939.29530771,672.787267023947,L3_1,578.0,667.684567565483,36.5932765096784
264464.303627289,3842939.29530771,672.787267023947,L3_1,578.0,662.326733134095,33.5628950274318
264464.303627289,3842939.29530771,672.787267023947,L3_1,578.0,656.701006981139,24.3134626854662
264464.303627289,3842939.29530771,672.787267023947,L3_1,578.0,650.793994520534,14.1838508198056
264464.303627289,3842939.29530771,672.787267023947,L3_1,578.0,644.591631436899,7.19667662873966
264464.303627289,3842939.29530771,672.787267023947,L3_1,578.0,638.079150199083,3.60873263793628
264464.303627289,3842939.29530771,672.787267023947,L3_1,578.0,631.241044899376,2.10882350819528
264464.303627289,3842939.29530771,672.787267023947,L3_1,578.0,624.061034334683,1.60133250779989
264464.303627289,3842939.29530771,672.787267023947,L3_1,578.0,616.522023241756,1.56639092668961
264464.303627289,3842939.29530771,672.787267023947,L3_1,578.0,608.606061594182,1.8322465349096
264464.303627289,3842939.29530771,672.787267023947,L3_1,578.0,600.294301864229,2.36972380453974
264464.303627289,3842939.29530771,672.787267023947,L3_1,578.0,591.566954147779,3.1811105116223
264464.303627289,3842939.29530771,672.787267023947,L3_1,578.0,582.403239045507,4.2499195663878
264464.303627289,3842939.29530771,672.787267023947,L3_1,578.0,572.781338188121,5.52918784711082
264464.303627289,3842939.29530771,672.787267023947,L3_1,578.0,562.678342287865,6.9490896042738
264464.303627289,3842939.29530771,672.787267023947,L3_1,578.0,552.070196592597,8.43112016679309
264464.303627289,3842939.29530771,672.787267023947,L3_1,578.0,540.931643612566,9.90341687152771
264464.303627289,3842939.29530771,672.787267023947,L3_1,578.0,529.236162983532,11.3122867315732
264464.303627289,3842939.29530771,672.787267023947,L3_1,578.0,516.955908323048,12.6257372333171
264464.303627289,3842939.29530771,672.787267023947,L3_1,578.0,504.061640929539,13.8293297140358
264464.303627289,3842939.29530771,672.787267023947,L3_1,578.0,490.522660166354,14.9181442546405
264464.303627289,3842939.29530771,672.787267023947,L3_1,578.0,476.30673036501,15.8888253032757
264464.303627289,3842939.29530771,672.787267023947,L3_1,578.0,461.380004073599,16.7342057950487
264464.303627289,3842939.29530771,672.787267023947,L3_1,578.0,445.706941467618,17.4414453606518
264464.303627289,3842939.29530771,672.787267023947,L3_1,578.0,429.250225731337,17.993425424998
264464.303627289,3842939.29530771,672.787267023947,L3_1,578.0,411.970674208243,18.3723642697219
264464.303627289,3842939.29530771,672.787267023947,L3_1,578.0,393.827145108993,18.5642707729933
264464.303627289,3842939.29530771,672.787267023947,L3_1,578.0,374.776439554782,18.5629222905956
264464.303627289,3842939.29530771,672.787267023947,L3_1,578.0,354.773198722859,18.3724001251448
264464.303627289,3842939.29530771,672.787267023947,L3_1,578.0,333.769795849341,18.0076115488899
264464.303627289,3842939.29530771,672.787267023947,L3_1,578.0,311.720746363475,17.4927358112333
264464.303627289,3842939.29530771,672.787267023947,L3_1,578.0,289.030548893934,16.863538676867
264464.303627289,3842939.29530771,672.787267023947,L3_1,578.0,265.205841550916,16.1572298705414
264464.303627289,3842939.29530771,672.787267023947,L3_1,578.0,240.189898840747,15.4046183662438
264464.303627289,3842939.29530771,672.787267023947,L3_1,578.0,213.92315899507,14.6340743844859
264464.303627289,3842939.29530771,672.787267023947,L3_1,578.0,186.343082157109,13.86990628477
264464.303627289,3842939.29530771,672.787267023947,L3_1,578.0,157.384001477249,13.1317032998027
264464.303627289,3842939.29530771,672.787267023947,L3_1,578.0,126.976966763397,12.4342493293404
264464.303627289,3842939.29530771,672.787267023947,L3_1,578.0,95.049580313852,11.7877827477645
264464.303627289,3842939.29530771,672.787267023947,L3_1,578.0,,
264464.303627289,3842939.29530771,672.787267023947,L3_1,578.0,,
264464.303627289,3842939.29530771,672.787267023947,L3_1,578.0,,
264464.303627289,3842939.29530771,672.787267023947,L3_1,578.0,,
264464.303627289,3842939.29530771,672.787267023947,L3_1,578.0,,
264464.303627289,3842939.29530771,672.787267023947,L3_1,578.0,,
264464.303627289,3842939.29530771,672.787267023947,L3_1,578.0,,
264464.303627289,3842939.29530771,672.787267023947,L3_1,578.0,,
264464.303627289,3842939.29530771,672.787267023947,L3_1,578.0,,
264464.303627289,3842939.29530771,672.787267023947,L3_1,578.0,,
264464.303627289,3842939.29530771,672.787267023947,L3_1,578.0,,
264464.303627289,3842939.29530771,672.787267023947,L3_1,578.0,,
264464.303627289,3842939.29530771,672.787267023947,L3_1,578.0,,
264464.303627289,3842939.29530771,672.787267023947,L3_1,578.0,,
264464.303627289,3842939.29530771,672.787267023947,L3_1,578.0,,
264464.303627289,3842939.29530771,672.787267023947,L3_1,578.0,,
264464.303627289,3842939.29530771,672.787267023947,L3_1,578.0,,
264464.303627289,3842939.29530771,672.787267023947,L3_1,578.0,,
264464.303627289,3842939.29530771,672.787267023947,L3_1,578.0,,
264464.303627289,3842939.29530771,672.787267023947,L3_1,578.0,,
264464.303627289,3842939.29530771,672.787267023947,L3_1,578.0,,
264469.671198761,3842942.97172926,672.721698899652,L3_1,584.5,672.721698899652,31.9043367911464
264469.671198761,3842942.97172926,672.721698899652,L3_1,584.5,667.619926634961,33.2398299687731
264469.671198761,3842942.97172926,672.721698899652,L3_1,584.5,662.263065757036,31.9445119426838
264469.671198761,3842942.97172926,672.721698899652,L3_1,584.5,656.638361835214,23.8023911958985
264469.671198761,3842942.97172926,672.721698899652,L3_1,584.5,650.732422717301,14.055271323631
264469.671198761,3842942.97172926,672.721698899652,L3_1,584.5,644.531186643492,7.1432371005951
264469.671198761,3842942.97172926,672.721698899652,L3_1,584.5,638.019888765993,3.56668737644223
264469.671198761,3842942.97172926,672.721698899652,L3_1,584.5,631.183025994619,2.07566621966866
264469.671198761,3842942.97172926,672.721698899652,L3_1,584.5,624.004320084676,1.57473099954222
264469.671198761,3842942.97172926,672.721698899652,L3_1,584.5,616.466678879236,1.54152748670629
264469.671198761,3842942.97172926,672.721698899652,L3_1,584.5,608.552155613524,1.80395908360803
264469.671198761,3842942.97172926,672.721698899652,L3_1,584.5,600.241906184527,2.332886267642
264469.671198761,3842942.97172926,672.721698899652,L3_1,584.5,591.51614428408,3.13099147523664
264469.671198761,3842942.97172926,672.721698899652,L3_1,584.5,582.35409428861,4.18306279743586
264469.671198761,3842942.97172926,672.721698899652,L3_1,584.5,572.733941793367,5.44396084219687
264469.671198761,3842942.97172926,672.721698899652,L3_1,584.5,562.632781673361,6.84523261975008
264469.671198761,3842942.97172926,672.721698899652,L3_1,584.5,552.026563547356,8.30874135095445
264469.671198761,3842942.97172926,672.721698899652,L3_1,584.5,540.89003451505,9.76226860947176
264469.671198761,3842942.97172926,672.721698899652,L3_1,584.5,529.196679031129,11.1516652916044
264469.671198761,3842942.97172926,672.721698899652,L3_1,584.5,516.918655773011,12.4448210063891
264469.671198761,3842942.97172926,672.721698899652,L3_1,584.5,504.026731351988,13.6276379391626
264469.671198761,3842942.97172926,672.721698899652,L3_1,584.5,490.490210709914,14.6959346501533
264469.671198761,3842942.97172926,672.721698899652,L3_1,584.5,476.276864035736,15.6473984645533
264469.671198761,3842942.97172926,672.721698899652,L3_1,584.5,461.352850027849,16.4761065261017
264469.671198761,3842942.97172926,672.721698899652,L3_1,584.5,445.682635319568,17.1705369097789
264469.671198761,3842942.97172926,672.721698899652,L3_1,584.5,429.228909875873,17.7147780620771
264469.671198761,3842942.97172926,672.721698899652,L3_1,584.5,411.952498159993,18.0919418337878
264469.671198761,3842942.97172926,672.721698899652,L3_1,584.5,393.812265858318,18.2884491319482
264469.671198761,3842942.97172926,672.721698899652,L3_1,584.5,374.765021941561,18.2979080530312
264469.671198761,3842942.97172926,672.721698899652,L3_1,584.5,354.765415828965,18.123668309782
264469.671198761,3842942.97172926,672.721698899652,L3_1,584.5,333.76582941074,17.7794650314956
264469.671198761,3842942.97172926,672.721698899652,L3_1,584.5,311.720746363475,17.2880631529437
264469.671198761,3842942.97172926,672.721698899652,L3_1,584.5,289.030548893934,16.6836116053636
264469.671198761,3842942.97172926,672.721698899652,L3_1,584.5,265.205841550916,16.0019082547507
264469.671198761,3842942.97172926,672.721698899652,L3_1,584.5,240.189898840747,15.2727900717444
264469.671198761,3842942.97172926,672.721698899652,L3_1,584.5,213.92315899507,14.5239251917288
264469.671198761,3842942.97172926,672.721698899652,L3_1,584.5,186.343082157109,13.7791925268673
264469.671198761,3842942.97172926,672.721698899652,L3_1,584.5,157.384001477249,13.0579889510197
264469.671198761,3842942.97172926,672.721698899652,L3_1,584.5,126.976966763397,12.3750910798716
264469.671198761,3842942.97172926,672.721698899652,L3_1,584.5,95.049580313852,11.7408582795759
264469.671198761,3842942.97172926,672.721698899652,L3_1,584.5,,
264469.671198761,3842942.97172926,672.721698899652,L3_1,584.5,,
264469.671198761,3842942.97172926,672.721698899652,L3_1,584.5,,
264469.671198761,3842942.97172926,672.721698899652,L3_1,584.5,,
264469.671198761,3842942.97172926,672.721698899652,L3_1,584.5,,
264469.671198761,3842942.97172926,672.721698899652,L3_1,584.5,,
264469.671198761,3842942.97172926,672.721698899652,L3_1,584.5,,
264469.671198761,3842942.97172926,672.721698899652,L3_1,584.5,,
264469.671198761,3842942.97172926,672.721698899652,L3_1,584.5,,
264469.671198761,3842942.97172926,672.721698899652,L3_1,584.5,,
264469.671198761,3842942.97172926,672.721698899652,L3_1,584.5,,
264469.671198761,3842942.97172926,672.721698899652,L3_1,584.5,,
264469.671198761,3842942.97172926,672.721698899652,L3_1,584.5,,
264469.671198761,3842942.97172926,672.721698899652,L3_1,584.5,,
264469.671198761,3842942.97172926,672.721698899652,L3_1,584.5,,
264469.671198761,3842942.97172926,672.721698899652,L3_1,584.5,,
264469.671198761,3842942.97172926,672.721698899652,L3_1,584.5,,
264469.671198761,3842942.97172926,672.721698899652,L3_1,584.5,,
264469.671198761,3842942.97172926,672.721698899652,L3_1,584.5,,
264469.671198761,3842942.97172926,672.721698899652,L3_1,584.5,,
264469.671198761,3842942.97172926,672.721698899652,L3_1,584.5,,
264474.625880119,3842946.36534915,672.629450308899,L3_1,590.5,672.629450308899,29.3036310781194
264474.625880119,3842946.36534915,672.629450308899,L3_1,590.5,667.528982524393,30.6047237595645
264474.625880119,3842946.36534915,672.629450308899,L3_1,590.5,662.173491350661,29.711816419439
264474.625880119,3842946.36534915,672.629450308899,L3_1,590.5,656.550225618244,22.475226408474
264474.625880119,3842946.36534915,672.629450308899,L3_1,590.5,650.645796599205,13.4327067137654
264474.625880119,3842946.36534915,672.629450308899,L3_1,590.5,644.446146129214,6.87036699463569
264474.625880119,3842946.36534915,672.629450308899,L3_1,590.5,637.936513135724,3.43915018430717
264474.625880119,3842946.36534915,672.629450308899,L3_1,590.5,631.10139849256,2.00801880972257
264474.625880119,3842946.36534915,672.629450308899,L3_1,590.5,623.924528117237,1.53186541697479
264474.625880119,3842946.36534915,672.629450308899,L3_1,590.5,616.388814223148,1.50761490711682
264474.625880119,3842946.36534915,672.629450308899,L3_1,590.5,608.476314634354,1.77021015440419
264474.625880119,3842946.36534915,672.629450308899,L3_1,590.5,600.168190066121,2.29280492044877
264474.625880119,3842946.36534915,672.629450308899,L3_1,590.5,591.444659269476,3.07899280495699
264474.625880119,3842946.36534915,672.629450308899,L3_1,590.5,582.284951932999,4.1148620754068
264474.625880119,3842946.36534915,672.629450308899,L3_1,590.5,572.667259229698,5.35717330488296
264474.625880119,3842946.36534915,672.629450308899,L3_1,590.5,562.568681891232,6.73911701926689
264474.625880119,3842946.36534915,672.629450308899,L3_1,590.5,551.965175685843,8.18328068264074
264474.625880119,3842946.36534915,672.629450308899,L3_1,590.5,540.831494170184,9.6173660811393
264474.625880119,3842946.36534915,672.629450308899,L3_1,590.5,529.141128578743,10.9868949999971
264474.625880119,3842946.36534915,672.629450308899,L3_1,590.5,516.866244707729,12.2596447259488
264474.625880119,3842946.36534915,672.629450308899,L3_1,590.5,503.977616643165,13.4217998239723
264474.625880119,3842946.36534915,672.629450308899,L3_1,590.5,490.444557175372,14.4698429634502
264474.625880119,3842946.36534915,672.629450308899,L3_1,590.5,476.23484473419,15.4024317512906
264474.625880119,3842946.36534915,672.629450308899,L3_1,590.5,461.314646670948,16.2148267909858
264474.625880119,3842946.36534915,672.629450308899,L3_1,590.5,445.648438704545,16.8967739095057
264474.625880119,3842946.36534915,672.629450308899,L3_1,590.5,429.198920339821,17.4335328413942
264474.625880119,3842946.36534915,672.629450308899,L3_1,590.5,411.926926056862,17.809090215108
264474.625880119,3842946.36534915,672.629450308899,L3_1,590.5,393.791332059754,18.0102763539094
264474.625880119,3842946.36534915,672.629450308899,L3_1,590.5,374.748958362791,18.0305487099778
264474.625880119,3842946.36534915,672.629450308899,L3_1,590.5,354.754465980979,17.8725558322297
264474.625880119,3842946.36534915,672.629450308899,L3_1,590.5,333.760248980078,17.5488950541659
264474.625880119,3842946.36534915,672.629450308899,L3_1,590.5,311.720746363475,17.0809487951512
264474.625880119,3842946.36534915,672.629450308899,L3_1,590.5,289.030548893934,16.5012681088637
264474.625880119,3842946.36534915,672.629450308899,L3_1,590.5,265.205841550916,15.8442449201683
264474.625880119,3842946.36534915,672.629450308899,L3_1,590.5,240.189898840747,15.1387456163428
264474.625880119,3842946.36534915,672.629450308899,L3_1,590.5,213.92315899507,14.411729104468
264474.625880119,3842946.36534915,672.629450308899,L3_1,590.5,186.343082157109,13.6866331906857
264474.625880119,3842946.36534915,672.629450308899,L3_1,590.5,157.384001477249,12.9826476421023
264474.625880119,3842946.36534915,672.629450308899,L3_1,590.5,126.976966763397,12.3145275309153
264474.625880119,3842946.36534915,672.629450308899,L3_1,590.5,95.049580313852,11.6927430089345
264474.625880119,3842946.36534915,672.629450308899,L3_1,590.5,,
264474.625880119,3842946.36534915,672.629450308899,L3_1,590.5,,
264474.625880119,3842946.36534915,672.629450308899,L3_1,590.5,,
264474.625880119,3842946.36534915,672.629450308899,L3_1,590.5,,
264474.625880119,3842946.36534915,672.629450308899,L3_1,590.5,,
264474.625880119,3842946.36534915,672.629450308899,L3_1,590.5,,
264474.625880119,3842946.36534915,672.629450308899,L3_1,590.5,,
264474.625880119,3842946.36534915,672.629450308899,L3_1,590.5,,
264474.625880119,3842946.36534915,672.629450308899,L3_1,590.5,,
264474.625880119,3842946.36534915,672.629450308899,L3_1,590.5,,
264474.625880119,3842946.36534915,672.629450308899,L3_1,590.5,,
264474.625880119,3842946.36534915,672.629450308899,L3_1,590.5,,
264474.625880119,3842946.36534915,672.629450308899,L3_1,590.5,,
264474.625880119,3842946.36534915,672.629450308899,L3_1,590.5,,
264474.625880119,3842946.36534915,672.629450308899,L3_1,590.5,,
264474.625880119,3842946.36534915,672.629450308899,L3_1,590.5,,
264474.625880119,3842946.36534915,672.629450308899,L3_1,590.5,,
264474.625880119,3842946.36534915,672.629450308899,L3_1,590.5,,
264474.625880119,3842946.36534915,672.629450308899,L3_1,590.5,,
264474.625880119,3842946.36534915,672.629450308899,L3_1,590.5,,
264474.625880119,3842946.36534915,672.629450308899,L3_1,590.5,,
264479.99345159,3842950.04177069,672.510645192471,L3_1,597.0,672.510645192471,28.2232063073047
264479.99345159,3842950.04177069,672.510645192471,L3_1,597.0,667.411857421925,28.672493514684
264479.99345159,3842950.04177069,672.510645192471,L3_1,597.0,662.058130262852,26.9289392122574
264479.99345159,3842950.04177069,672.510645192471,L3_1,597.0,656.436716745826,20.3904311283499
264479.99345159,3842950.04177069,672.510645192471,L3_1,597.0,650.534232552948,12.3612399047004
264479.99345159,3842950.04177069,672.510645192471,L3_1,597.0,644.336624150426,6.409227434388
264479.99345159,3842950.04177069,672.510645192471,L3_1,597.0,637.829135327778,3.24348741952869
264479.99345159,3842950.04177069,672.510645192471,L3_1,597.0,630.996272063997,1.91422562219658
264479.99345159,3842950.04177069,672.510645192471,L3_1,597.0,623.821765637028,1.47677672923051
264479.99345159,3842950.04177069,672.510645192471,L3_1,597.0,616.28853388871,1.46693718493947
264479.99345159,3842950.04177069,672.510645192471,L3_1,597.0,608.378640552976,1.73264320831248
264479.99345159,3842950.04177069,672.510645192471,L3_1,597.0,600.073252550456,2.25101073073705
264479.99345159,3842950.04177069,672.510645192471,L3_1,597.0,591.352595147809,3.0268392834384
264479.99345159,3842950.04177069,672.510645192471,L3_1,597.0,582.19590487503,4.04735770286296
264479.99345159,3842950.04177069,672.510645192471,L3_1,597.0,572.581380088613,5.27111380037402
264479.99345159,3842950.04177069,672.510645192471,L3_1,597.0,562.486129062874,6.63310405696524
264479.99345159,3842950.04177069,672.510645192471,L3_1,597.0,551.886115485848,8.05699470824791
264479.99345159,3842950.04177069,672.510645192471,L3_1,597.0,540.756101229972,9.47074251057719
264479.99345159,3842950.04177069,672.510645192471,L3_1,597.0,529.069586261301,10.8197322690457
264479.99345159,3842950.04177069,672.510645192471,L3_1,597.0,516.798745544196,12.0716809625175
264479.99345159,3842950.04177069,672.510645192471,L3_1,597.0,503.914362791237,13.2130225542496
264479.99345159,3842950.04177069,672.510645192471,L3_1,597.0,490.38576090063,14.2408419889298
264479.99345159,3842950.04177069,672.510645192471,L3_1,597.0,476.180728915492,15.1546981113227
264479.99345159,3842950.04177069,672.510645192471,L3_1,597.0,461.265445331097,15.9509736848157
264479.99345159,3842950.04177069,672.510645192471,L3_1,597.0,445.604397567483,16.6206294136252
264479.99345159,3842950.04177069,672.510645192471,L3_1,597.0,429.160297415687,17.1500567359288
264479.99345159,3842950.04177069,672.510645192471,L3_1,597.0,411.893992256303,17.524093709225
264479.99345159,3842950.04177069,672.510645192471,L3_1,597.0,393.764371838948,17.7299739266396
264479.99345159,3842950.04177069,672.510645192471,L3_1,597.0,374.728270400726,17.7610182963881
264479.99345159,3842950.04177069,672.510645192471,L3_1,597.0,354.740363890594,17.6191995010211
264479.99345159,3842950.04177069,672.510645192471,L3_1,597.0,333.753062054954,17.3160091701085
264479.99345159,3842950.04177069,672.510645192471,L3_1,597.0,311.720746363475,16.871476795822
264479.99345159,3842950.04177069,672.510645192471,L3_1,597.0,289.030548893934,16.3165734803911
264479.99345159,3842950.04177069,672.510645192471,L3_1,597.0,265.205841550916,15.6842902848003
264479.99345159,3842950.04177069,672.510645192471,L3_1,597.0,240.189898840747,15.0025237077152
264479.99345159,3842950.04177069,672.510645192471,L3_1,597.0,213.92315899507,14.2975156284201
264479.99345159,3842950.04177069,672.510645192471,L3_1,597.0,186.343082157109,13.5922506281025
264479.99345159,3842950.04177069,672.510645192471,L3_1,597.0,157.384001477249,12.9056961738028
264479.99345159,3842950.04177069,672.510645192471,L3_1,597.0,126.976966763397,12.2525710081028
264479.99345159,3842950.04177069,672.510645192471,L3_1,597.0,95.049580313852,11.6434457016655
264479.99345159,3842950.04177069,672.510645192471,L3_1,597.0,,
264479.99345159,3842950.04177069,672.510645192471,L3_1,597.0,,
264479.99345159,3842950.04177069,672.510645192471,L3_1,597.0,,
264479.99345159,3842950.04177069,672.510645192471,L3_1,597.0,,
264479.99345159,3842950.04177069,672.510645192471,L3_1,597.0,,
264479.99345159,3842950.04177069,672.510645192471,L3_1,597.0,,
264479.99345159,3842950.04177069,672.510645192471,L3_1,597.0,,
264479.99345159,3842950.04177069,672.510645192471,L3_1,597.0,,
264479.99345159,3842950.04177069,672.510645192471,L3_1,597.0,,
264479.99345159,3842950.04177069,672.510645192471,L3_1,597.0,,
264479.99345159,3842950.04177069,672.510645192471,L3_1,597.0,,
264479.99345159,3842950.04177069,672.510645192471,L3_1,597.0,,
264479.99345159,3842950.04177069,672.510645192471,L3_1,597.0,,
264479.99345159,3842950.04177069,672.510645192471,L3_1,597.0,,
264479.99345159,3842950.04177069,672.510645192471,L3_1,597.0,,
264479.99345159,3842950.04177069,672.510645192471,L3_1,597.0,,
264479.99345159,3842950.04177069,672.510645192471,L3_1,597.0,,
264479.99345159,3842950.04177069,672.510645192471,L3_1,597.0,,
264479.99345159,3842950.04177069,672.510645192471,L3_1,597.0,,
264479.99345159,3842950.04177069,672.510645192471,L3_1,597.0,,
264479.99345159,3842950.04177069,672.510645192471,L3_1,597.0,,
264484.948125195,3842953.43539576,672.391840076044,L3_1,603.0,672.391840076044,26.9239060652681
264484.948125195,3842953.43539576,672.391840076044,L3_1,603.0,667.294732319458,26.8127688090272
264484.948125195,3842953.43539576,672.391840076044,L3_1,603.0,661.942769175043,24.5205112719801
264484.948125195,3842953.43539576,672.391840076044,L3_1,603.0,656.323207873408,18.5583156461429
264484.948125195,3842953.43539576,672.391840076044,L3_1,603.0,650.42266850669,11.4160913152438
264484.948125195,3842953.43539576,672.391840076044,L3_1,603.0,644.227102171637,6.00593564381951
264484.948125195,3842953.43539576,672.391840076044,L3_1,603.0,637.721757519831,3.07206902681437
264484.948125195,3842953.43539576,672.391840076044,L3_1,603.0,630.891145635435,1.83038098636553
264484.948125195,3842953.43539576,672.391840076044,L3_1,603.0,623.719003156819,1.42661095586728
264484.948125195,3842953.43539576,672.391840076044,L3_1,603.0,616.188253554272,1.43013610914896
264484.948125195,3842953.43539576,672.391840076044,L3_1,603.0,608.280966471598,1.69971458573143
264484.948125195,3842953.43539576,672.391840076044,L3_1,603.0,599.97831503479,2.21554139375447
264484.948125195,3842953.43539576,672.391840076044,L3_1,603.0,591.260531026142,2.98301744645359
264484.948125195,3842953.43539576,672.391840076044,L3_1,603.0,582.106857817062,3.98983057827618
264484.948125195,3842953.43539576,672.391840076044,L3_1,603.0,572.495500947527,5.19575997909472
264484.948125195,3842953.43539576,672.391840076044,L3_1,603.0,562.403576234516,6.53745946244896
264484.948125195,3842953.43539576,672.391840076044,L3_1,603.0,551.807055285854,7.93991384373134
264484.948125195,3842953.43539576,672.391840076044,L3_1,603.0,540.680708289759,9.33173196356491
264484.948125195,3842953.43539576,672.391840076044,L3_1,603.0,528.998043943859,10.6585116181486
264484.948125195,3842953.43539576,672.391840076044,L3_1,603.0,516.731246380664,11.8881343857158
264484.948125195,3842953.43539576,672.391840076044,L3_1,603.0,503.851108939309,13.0073947044623
264484.948125195,3842953.43539576,672.391840076044,L3_1,603.0,490.326964625887,14.0140074571863
264484.948125195,3842953.43539576,672.391840076044,L3_1,603.0,476.126613096794,14.9084105624239
264484.948125195,3842953.43539576,672.391840076044,L3_1,603.0,461.216243991246,15.6880568190373
264484.948125195,3842953.43539576,672.391840076044,L3_1,603.0,445.56035643042,16.3450535956296
264484.948125195,3842953.43539576,672.391840076044,L3_1,603.0,429.121674491553,16.8668586389602
264484.948125195,3842953.43539576,672.391840076044,L3_1,603.0,411.861058455743,17.2391112739854
264484.948125195,3842953.43539576,672.391840076044,L3_1,603.0,393.737411618143,17.4494158784714
264484.948125195,3842953.43539576,672.391840076044,L3_1,603.0,374.707582438662,17.4909443061327
264484.948125195,3842953.43539576,672.391840076044,L3_1,603.0,354.726261800208,17.3650034755624
264484.948125195,3842953.43539576,672.391840076044,L3_1,603.0,333.74587512983,17.0820020425437
264484.948125195,3842953.43539576,672.391840076044,L3_1,603.0,311.720746363475,16.6606389719408
264484.948125195,3842953.43539576,672.391840076044,L3_1,603.0,289.030548893934,16.1303335563486
264484.948125195,3842953.43539576,672.391840076044,L3_1,603.0,265.205841550916,15.5226944181702
264484.948125195,3842953.43539576,672.391840076044,L3_1,603.0,240.189898840747,14.8646437656179
264484.948125195,3842953.43539576,672.391840076044,L3_1,603.0,213.92315899507,14.1816946294944
264484.948125195,3842953.43539576,672.391840076044,L3_1,603.0,186.343082157109,13.4963630287702
264484.948125195,3842953.43539576,672.391840076044,L3_1,603.0,157.384001477249,12.8273785692683
264484.948125195,3842953.43539576,672.391840076044,L3_1,603.0,126.976966763397,12.1894074083974
264484.948125195,3842953.43539576,672.391840076044,L3_1,603.0,95.049580313852,11.5931060813727
264484.948125195,3842953.43539576,672.391840076044,L3_1,603.0,,
264484.948125195,3842953.43539576,672.391840076044,L3_1,603.0,,
264484.948125195,3842953.43539576,672.391840076044,L3_1,603.0,,
264484.948125195,3842953.43539576,672.391840076044,L3_1,603.0,,
264484.948125195,3842953.43539576,672.391840076044,L3_1,603.0,,
264484.948125195,3842953.43539576,672.391840076044,L3_1,603.0,,
264484.948125195,3842953.43539576,672.391840076044,L3_1,603.0,,
264484.948125195,3842953.43539576,672.391840076044,L3_1,603.0,,
264484.948125195,3842953.43539576,672.391840076044,L3_1,603.0,,
264484.948125195,3842953.43539576,672.391840076044,L3_1,603.0,,
264484.948125195,3842953.43539576,672.391840076044,L3_1,603.0,,
264484.948125195,3842953.43539576,672.391840076044,L3_1,603.0,,
264484.948125195,3842953.43539576,672.391840076044,L3_1,603.0,,
264484.948125195,3842953.43539576,672.391840076044,L3_1,603.0,,
264484.948125195,3842953.43539576,672.391840076044,L3_1,603.0,,
264484.948125195,3842953.43539576,672.391840076044,L3_1,603.0,,
264484.948125195,3842953.43539576,672.391840076044,L3_1,603.0,,
264484.948125195,3842953.43539576,672.391840076044,L3_1,603.0,,
264484.948125195,3842953.43539576,672.391840076044,L3_1,603.0,,
264484.948125195,3842953.43539576,672.391840076044,L3_1,603.0,,
264484.948125195,3842953.43539576,672.391840076044,L3_1,603.0,,
264490.315679868,3842957.11182852,672.273034959616,L3_1,609.5,672.273034959616,26.8024383888681
264490.315679868,3842957.11182852,672.273034959616,L3_1,609.5,667.177607216991,25.9088153148013
264490.315679868,3842957.11182852,672.273034959616,L3_1,609.5,661.827408087234,22.8555559955939
264490.315679868,3842957.11182852,672.273034959616,L3_1,609.5,656.20969900099,17.336360359534
264490.315679868,3842957.11182852,672.273034959616,L3_1,609.5,650.311104460433,10.8523309925386
264490.315679868,3842957.11182852,672.273034959616,L3_1,609.5,644.117580192849,5.78700243690936
264490.315679868,3842957.11182852,672.273034959616,L3_1,609.5,637.614379711885,2.97590998543484
264490.315679868,3842957.11182852,672.273034959616,L3_1,609.5,630.786019206873,1.77664012329772
264490.315679868,3842957.11182852,672.273034959616,L3_1,609.5,623.61624067661,1.39032215034797
264490.315679868,3842957.11182852,672.273034959616,L3_1,609.5,616.087973219835,1.40183294946066
264490.315679868,3842957.11182852,672.273034959616,L3_1,609.5,608.18329239022,1.67405620218876
264490.315679868,3842957.11182852,672.273034959616,L3_1,609.5,599.883377519125,2.18795262558712
264490.315679868,3842957.11182852,672.273034959616,L3_1,609.5,591.168466904475,2.94852152989781
264490.315679868,3842957.11182852,672.273034959616,L3_1,609.5,582.017810759093,3.94308191934924
264490.315679868,3842957.11182852,672.273034959616,L3_1,609.5,572.409621806441,5.13194629252765
264490.315679868,3842957.11182852,672.273034959616,L3_1,609.5,562.321023406157,6.45313358517283
264490.315679868,3842957.11182852,672.273034959616,L3_1,609.5,551.727995085859,7.8330848412214
264490.315679868,3842957.11182852,672.273034959616,L3_1,609.5,540.605315349545,9.20141170910527
264490.315679868,3842957.11182852,672.273034959616,L3_1,609.5,528.926501626417,10.504271823316
264490.315679868,3842957.11182852,672.273034959616,L3_1,609.5,516.663747217131,11.7099544114674
264490.315679868,3842957.11182852,672.273034959616,L3_1,609.5,503.787855087382,12.8057488167627
264490.315679868,3842957.11182852,672.273034959616,L3_1,609.5,490.268168351145,13.7900468071694
264490.315679868,3842957.11182852,672.273034959616,L3_1,609.5,476.072497278096,14.6641557454253
264490.315679868,3842957.11182852,672.273034959616,L3_1,609.5,461.167042651394,15.4265533155625
264490.315679868,3842957.11182852,672.273034959616,L3_1,609.5,445.516315293358,16.0704291865039
264490.315679868,3842957.11182852,672.273034959616,L3_1,609.5,429.083051567419,16.5842429900855
264490.315679868,3842957.11182852,672.273034959616,L3_1,609.5,411.828124655184,16.9543840632282
264490.315679868,3842957.11182852,672.273034959616,L3_1,609.5,393.710451397337,17.1687933684171
264490.315679868,3842957.11182852,672.273034959616,L3_1,609.5,374.686894476598,17.2204787599205
264490.315679868,3842957.11182852,672.273034959616,L3_1,609.5,354.712159709822,17.1100891584496
264490.315679868,3842957.11182852,672.273034959616,L3_1,609.5,333.738688204707,16.8469703676001
264490.315679868,3842957.11182852,672.273034959616,L3_1,609.5,311.720746363475,16.4485113488338
264490.315679868,3842957.11182852,672.273034959616,L3_1,609.5,289.030548893934,15.9426076125563
264490.315679868,3842957.11182852,672.273034959616,L3_1,609.5,265.205841550916,15.3595035342085
264490.315679868,3842957.11182852,672.273034959616,L3_1,609.5,240.189898840747,14.7251414408843
264490.315679868,3842957.11182852,672.273034959616,L3_1,609.5,213.92315899507,14.0642936048688
264490.315679868,3842957.11182852,672.273034959616,L3_1,609.5,186.343082157109,13.3989916200492
264490.315679868,3842957.11182852,672.273034959616,L3_1,609.5,157.384001477249,12.7477108547464
264490.315679868,3842957.11182852,672.273034959616,L3_1,609.5,126.976966763397,12.1250486375375
264490.315679868,3842957.11182852,672.273034959616,L3_1,609.5,95.049580313852,11.5417328634482
264490.315679868,3842957.11182852,672.273034959616,L3_1,609.5,,
264490.315679868,3842957.11182852,672.273034959616,L3_1,609.5,,
264490.315679868,3842957.11182852,672.273034959616,L3_1,609.5,,
264490.315679868,3842957.11182852,672.273034959616,L3_1,609.5,,
264490.315679868,3842957.11182852,672.273034959616,L3_1,609.5,,
264490.315679868,3842957.11182852,672.273034959616,L3_1,609.5,,
264490.315679868,3842957.11182852,672.273034959616,L3_1,609.5,,
264490.315679868,3842957.11182852,672.273034959616,L3_1,609.5,,
264490.315679868,3842957.11182852,672.273034959616,L3_1,609.5,,
264490.315679868,3842957.11182852,672.273034959616,L3_1,609.5,,
264490.315679868,3842957.11182852,672.273034959616,L3_1,609.5,,
264490.315679868,3842957.11182852,672.273034959616,L3_1,609.5,,
264490.315679868,3842957.11182852,672.273034959616,L3_1,609.5,,
264490.315679868,3842957.11182852,672.273034959616,L3_1,609.5,,
264490.315679868,3842957.11182852,672.273034959616,L3_1,609.5,,
264490.315679868,3842957.11182852,672.273034959616,L3_1,609.5,,
264490.315679868,3842957.11182852,672.273034959616,L3_1,609.5,,
264490.315679868,3842957.11182852,672.273034959616,L3_1,609.5,,
264490.315679868,3842957.11182852,672.273034959616,L3_1,609.5,,
264490.315679868,3842957.11182852,672.273034959616,L3_1,609.5,,
264490.315679868,3842957.11182852,672.273034959616,L3_1,609.5,,
264495.27034572,3842960.50545876,672.237364556692,L3_1,615.5,672.237364556692,24.9089942976968
264495.27034572,3842960.50545876,672.237364556692,L3_1,615.5,667.142441226475,24.3901945163401
264495.27034572,3842960.50545876,672.237364556692,L3_1,615.5,661.792771729747,22.2210011123422
264495.27034572,3842960.50545876,672.237364556692,L3_1,615.5,656.175618758183,17.4071599143407
264495.27034572,3842960.50545876,672.237364556692,L3_1,615.5,650.27760813804,11.0870576793922
264495.27034572,3842960.50545876,672.237364556692,L3_1,615.5,644.08469698689,5.9199273502226
264495.27034572,3842960.50545876,672.237364556692,L3_1,615.5,637.582140278183,3.0117800476257
264495.27034572,3842960.50545876,672.237364556692,L3_1,615.5,630.75445573404,1.77393608004004
264495.27034572,3842960.50545876,672.237364556692,L3_1,615.5,623.58538696269,1.37805523157052
264495.27034572,3842960.50545876,672.237364556692,L3_1,615.5,616.057864752773,1.38867759655908
264495.27034572,3842960.50545876,672.237364556692,L3_1,615.5,608.15396643236,1.66116964953734
264495.27034572,3842960.50545876,672.237364556692,L3_1,615.5,599.854873195926,2.17356130547237
264495.27034572,3842960.50545876,672.237364556692,L3_1,615.5,591.14082529767,2.92899777891379
264495.27034572,3842960.50545876,672.237364556692,L3_1,615.5,581.991075004502,3.91334745046703
264495.27034572,3842960.50545876,672.237364556692,L3_1,615.5,572.383837196675,5.08650634828175
264495.27034572,3842960.50545876,672.237364556692,L3_1,615.5,562.296237498457,6.38733562542145
264495.27034572,3842960.50545876,672.237364556692,L3_1,615.5,551.704257815328,7.74373364068921
264495.27034572,3842960.50545876,672.237364556692,L3_1,615.5,540.582679148043,9.0866590702502
264495.27034572,3842960.50545876,672.237364556692,L3_1,615.5,528.905021547393,10.3632714482135
264495.27034572,3842960.50545876,672.237364556692,L3_1,615.5,516.643481066711,11.5426447819575
264495.27034572,3842960.50545876,672.237364556692,L3_1,615.5,503.768863561995,12.6128142931974
264495.27034572,3842960.50545876,672.237364556692,L3_1,615.5,490.250515182042,13.5729754422204
264495.27034572,3842960.50545876,672.237364556692,L3_1,615.5,476.056249383093,14.4253347067953
264495.27034572,3842960.50545876,672.237364556692,L3_1,615.5,461.152270294196,15.1693571421264
264495.27034572,3842960.50545876,672.237364556692,L3_1,615.5,445.503092250853,15.7992446690205
264495.27034572,3842960.50545876,672.237364556692,L3_1,615.5,429.071455305344,16.3043758361974
264495.27034572,3842960.50545876,672.237364556692,L3_1,615.5,411.81823651256,16.6718139536157
264495.27034572,3842960.50545876,672.237364556692,L3_1,615.5,393.702356780136,16.8897843533521
264495.27034572,3842960.50545876,672.237364556692,L3_1,615.5,374.680683061091,16.9511040560125
264495.27034572,3842960.50545876,672.237364556692,L3_1,615.5,354.707925656093,16.8557569065778
264495.27034572,3842960.50545876,672.237364556692,L3_1,615.5,333.736530380846,16.6120348290505
264495.27034572,3842960.50545876,672.237364556692,L3_1,615.5,311.720746363475,16.2360371381641
264495.27034572,3842960.50545876,672.237364556692,L3_1,615.5,289.030548893934,15.7541748182438
264495.27034572,3842960.50545876,672.237364556692,L3_1,615.5,265.205841550916,15.1953535651578
264495.27034572,3842960.50545876,672.237364556692,L3_1,615.5,240.189898840747,14.5845291704493
264495.27034572,3842960.50545876,672.237364556692,L3_1,615.5,213.92315899507,13.9457206746677
264495.27034572,3842960.50545876,672.237364556692,L3_1,615.5,186.343082157109,13.3004573425121
264495.27034572,3842960.50545876,672.237364556692,L3_1,615.5,157.384001477249,12.666941299198
264495.27034572,3842960.50545876,672.237364556692,L3_1,615.5,126.976966763397,12.0596839681444
264495.27034572,3842960.50545876,672.237364556692,L3_1,615.5,95.049580313852,11.4894693831921
264495.27034572,3842960.50545876,672.237364556692,L3_1,615.5,,
264495.27034572,3842960.50545876,672.237364556692,L3_1,615.5,,
264495.27034572,3842960.50545876,672.237364556692,L3_1,615.5,,
264495.27034572,3842960.50545876,672.237364556692,L3_1,615.5,,
264495.27034572,3842960.50545876,672.237364556692,L3_1,615.5,,
264495.27034572,3842960.50545876,672.237364556692,L3_1,615.5,,
264495.27034572,3842960.50545876,672.237364556692,L3_1,615.5,,
264495.27034572,3842960.50545876,672.237364556692,L3_1,615.5,,
264495.27034572,3842960.50545876,672.237364556692,L3_1,615.5,,
264495.27034572,3842960.50545876,672.237364556692,L3_1,615.5,,
264495.27034572,3842960.50545876,672.237364556692,L3_1,615.5,,
264495.27034572,3842960.50545876,672.237364556692,L3_1,615.5,,
264495.27034572,3842960.50545876,672.237364556692,L3_1,615.5,,
264495.27034572,3842960.50545876,672.237364556692,L3_1,615.5,,
264495.27034572,3842960.50545876,672.237364556692,L3_1,615.5,,
264495.27034572,3842960.50545876,672.237364556692,L3_1,615.5,,
264495.27034572,3842960.50545876,672.237364556692,L3_1,615.5,,
264495.27034572,3842960.50545876,672.237364556692,L3_1,615.5,,
264495.27034572,3842960.50545876,672.237364556692,L3_1,615.5,,
264495.27034572,3842960.50545876,672.237364556692,L3_1,615.5,,
264495.27034572,3842960.50545876,672.237364556692,L3_1,615.5,,
264500.637900393,3842964.18189152,672.284598070028,L3_1,622.0,672.284598070028,21.6605242704315
264500.637900393,3842964.18189152,672.284598070028,L3_1,622.0,667.189006814353,22.5105961456662
264500.637900393,3842964.18189152,672.284598070028,L3_1,622.0,661.838635995894,22.7504609661696
264500.637900393,3842964.18189152,672.284598070028,L3_1,622.0,656.220746636512,18.9079331989619
264500.637900393,3842964.18189152,672.284598070028,L3_1,622.0,650.321962809161,12.2047768132715
264500.637900393,3842964.18189152,672.284598070028,L3_1,622.0,644.128239790443,6.43289252748613
264500.637900393,3842964.18189152,672.284598070028,L3_1,622.0,637.624830620789,3.18509682801613
264500.637900393,3842964.18189152,672.284598070028,L3_1,622.0,630.796250992651,1.82310951977421
264500.637900393,3842964.18189152,672.284598070028,L3_1,622.0,623.626242383108,1.39027851396893
264500.637900393,3842964.18189152,672.284598070028,L3_1,622.0,616.097733343086,1.39107325462353
264500.637900393,3842964.18189152,672.284598070028,L3_1,622.0,608.192798851064,1.66124840741017
264500.637900393,3842964.18189152,672.284598070028,L3_1,622.0,599.892617634441,2.17226225085049
264500.637900393,3842964.18189152,672.284598070028,L3_1,622.0,591.177427356986,2.92403944883349
264500.637900393,3842964.18189152,672.284598070028,L3_1,622.0,582.026477565659,3.90002468684288
264500.637900393,3842964.18189152,672.284598070028,L3_1,622.0,572.417980284765,5.0588185380826
264500.637900393,3842964.18189152,672.284598070028,L3_1,622.0,562.329058139827,6.33958208211514
264500.637900393,3842964.18189152,672.284598070028,L3_1,622.0,551.735689887642,7.67159067641316
264500.637900393,3842964.18189152,672.284598070028,L3_1,622.0,540.612653222847,8.98741303717053
264500.637900393,3842964.18189152,672.284598070028,L3_1,622.0,528.933464724813,10.2356066564986
264500.637900393,3842964.18189152,672.284598070028,L3_1,622.0,516.670316801877,11.3863984122253
264500.637900393,3842964.18189152,672.284598070028,L3_1,622.0,503.794011482795,12.4288301800168
264500.637900393,3842964.18189152,672.284598070028,L3_1,622.0,490.273890897758,13.3630420583654
264500.637900393,3842964.18189152,672.284598070028,L3_1,622.0,476.077764283469,14.1921834119873
264500.637900393,3842964.18189152,672.284598070028,L3_1,622.0,461.171831338466,14.9166799256319
264500.637900393,3842964.18189152,672.284598070028,L3_1,622.0,445.520601746213,15.5316827303942
264500.637900393,3842964.18189152,672.284598070028,L3_1,622.0,429.086810674347,16.0274109888161
264500.637900393,3842964.18189152,672.284598070028,L3_1,622.0,411.831330048888,16.3915293011373
264500.637900393,3842964.18189152,672.284598070028,L3_1,622.0,393.713075392156,16.6124956104429
264500.637900393,3842964.18189152,672.284598070028,L3_1,622.0,374.688908002587,16.6829093443873
264500.637900393,3842964.18189152,672.284598070028,L3_1,622.0,354.71353224354,16.6020814935755
264500.637900393,3842964.18189152,672.284598070028,L3_1,622.0,333.73938769654,16.3772581396769
264500.637900393,3842964.18189152,672.284598070028,L3_1,622.0,311.720746363475,16.0232690724181
264500.637900393,3842964.18189152,672.284598070028,L3_1,622.0,289.030548893934,15.5650792474413
264500.637900393,3842964.18189152,672.284598070028,L3_1,622.0,265.205841550916,15.0302807875175
264500.637900393,3842964.18189152,672.284598070028,L3_1,622.0,240.189898840747,14.4428364314867
264500.637900393,3842964.18189152,672.284598070028,L3_1,622.0,213.92315899507,13.8259996155861
264500.637900393,3842964.18189152,672.284598070028,L3_1,622.0,186.343082157109,13.2007790713986
264500.637900393,3842964.18189152,672.284598070028,L3_1,622.0,157.384001477249,12.5850845421484
264500.637900393,3842964.18189152,672.284598070028,L3_1,622.0,126.976966763397,11.9933244258144
264500.637900393,3842964.18189152,672.284598070028,L3_1,622.0,95.049580313852,11.4363237739591
264500.637900393,3842964.18189152,672.284598070028,L3_1,622.0,,
264500.637900393,3842964.18189152,672.284598070028,L3_1,622.0,,
264500.637900393,3842964.18189152,672.284598070028,L3_1,622.0,,
264500.637900393,3842964.18189152,672.284598070028,L3_1,622.0,,
264500.637900393,3842964.18189152,672.284598070028,L3_1,622.0,,
264500.637900393,3842964.18189152,672.284598070028,L3_1,622.0,,
264500.637900393,3842964.18189152,672.284598070028,L3_1,622.0,,
264500.637900393,3842964.18189152,672.284598070028,L3_1,622.0,,
264500.637900393,3842964.18189152,672.284598070028,L3_1,622.0,,
264500.637900393,3842964.18189152,672.284598070028,L3_1,622.0,,
264500.637900393,3842964.18189152,672.284598070028,L3_1,622.0,,
264500.637900393,3842964.18189152,672.284598070028,L3_1,622.0,,
264500.637900393,3842964.18189152,672.284598070028,L3_1,622.0,,
264500.637900393,3842964.18189152,672.284598070028,L3_1,622.0,,
264500.637900393,3842964.18189152,672.284598070028,L3_1,622.0,,
264500.637900393,3842964.18189152,672.284598070028,L3_1,622.0,,
264500.637900393,3842964.18189152,672.284598070028,L3_1,622.0,,
264500.637900393,3842964.18189152,672.284598070028,L3_1,622.0,,
264500.637900393,3842964.18189152,672.284598070028,L3_1,622.0,,
264500.637900393,3842964.18189152,672.284598070028,L3_1,622.0,,
264500.637900393,3842964.18189152,672.284598070028,L3_1,622.0,,
264505.59255849,3842967.57552693,672.331831583364,L3_1,628.0,672.331831583364,20.5664367339926
264505.59255849,3842967.57552693,672.331831583364,L3_1,628.0,667.235572402231,22.3555779298135
264505.59255849,3842967.57552693,672.331831583364,L3_1,628.0,661.884500262041,24.4587215578632
264505.59255849,3842967.57552693,672.331831583364,L3_1,628.0,656.265874514842,21.2271625074825
264505.59255849,3842967.57552693,672.331831583364,L3_1,628.0,650.366317480283,13.7592015431537
264505.59255849,3842967.57552693,672.331831583364,L3_1,628.0,644.171782593996,7.12755590679258
264505.59255849,3842967.57552693,672.331831583364,L3_1,628.0,637.667520963394,3.42729579962909
264505.59255849,3842967.57552693,672.331831583364,L3_1,628.0,630.838046251263,1.90221605539396
264505.59255849,3842967.57552693,672.331831583364,L3_1,628.0,623.667097803525,1.41993897261604
264505.59255849,3842967.57552693,672.331831583364,L3_1,628.0,616.1376019334,1.40700801906328
264505.59255849,3842967.57552693,672.331831583364,L3_1,628.0,608.231631269769,1.67433864343747
264505.59255849,3842967.57552693,672.331831583364,L3_1,628.0,599.930362072956,2.1852240875678
264505.59255849,3842967.57552693,672.331831583364,L3_1,628.0,591.214029416302,2.93558338887703
264505.59255849,3842967.57552693,672.331831583364,L3_1,628.0,582.061880126816,3.90564369447849
264505.59255849,3842967.57552693,672.331831583364,L3_1,628.0,572.452123372856,5.05188563532805
264505.59255849,3842967.57552693,672.331831583364,L3_1,628.0,562.361878781197,6.3132027975814
264505.59255849,3842967.57552693,672.331831583364,L3_1,628.0,551.767121959956,7.62011938870923
264505.59255849,3842967.57552693,672.331831583364,L3_1,628.0,540.642627297652,8.90706974182167
264505.59255849,3842967.57552693,672.331831583364,L3_1,628.0,528.961907902234,10.1244553043982
264505.59255849,3842967.57552693,672.331831583364,L3_1,628.0,516.697152537044,11.2440975316942
264505.59255849,3842967.57552693,672.331831583364,L3_1,628.0,503.819159403595,12.2563702467022
264505.59255849,3842967.57552693,672.331831583364,L3_1,628.0,490.297266613473,13.1625394839469
264505.59255849,3842967.57552693,672.331831583364,L3_1,628.0,476.099279183846,13.9667554901834
264505.59255849,3842967.57552693,672.331831583364,L3_1,628.0,461.191392382737,14.6703790071819
264505.59255849,3842967.57552693,672.331831583364,L3_1,628.0,445.538111241572,15.2694379369148
264505.59255849,3842967.57552693,672.331831583364,L3_1,628.0,429.10216604335,15.7549053596219
264505.59255849,3842967.57552693,672.331831583364,L3_1,628.0,411.844423585216,16.1149653379353
264505.59255849,3842967.57552693,672.331831583364,L3_1,628.0,393.723794004176,16.3382468880015
264505.59255849,3842967.57552693,672.331831583364,L3_1,628.0,374.697132944083,16.4170963252235
264505.59255849,3842967.57552693,672.331831583364,L3_1,628.0,354.719138830986,16.3501436902224
264505.59255849,3842967.57552693,672.331831583364,L3_1,628.0,333.742245012234,16.1435999483019
264505.59255849,3842967.57552693,672.331831583364,L3_1,628.0,311.720746363475,15.8110408502129
264505.59255849,3842967.57552693,672.331831583364,L3_1,628.0,289.030548893934,15.3760302883786
264505.59255849,3842967.57552693,672.331831583364,L3_1,628.0,265.205841550916,14.8648795258873
264505.59255849,3842967.57552693,672.331831583364,L3_1,628.0,240.189898840747,14.300552158033
264505.59255849,3842967.57552693,672.331831583364,L3_1,628.0,213.92315899507,13.705524735907
264505.59255849,3842967.57552693,672.331831583364,L3_1,628.0,186.343082157109,13.1002701551834
264505.59255849,3842967.57552693,672.331831583364,L3_1,628.0,157.384001477249,12.5023865421791
264505.59255849,3842967.57552693,672.331831583364,L3_1,628.0,126.976966763397,11.9261600777593
264505.59255849,3842967.57552693,672.331831583364,L3_1,628.0,95.049580313852,11.3824409750906
264505.59255849,3842967.57552693,672.331831583364,L3_1,628.0,,
264505.59255849,3842967.57552693,672.331831583364,L3_1,628.0,,
264505.59255849,3842967.57552693,672.331831583364,L3_1,628.0,,
264505.59255849,3842967.57552693,672.331831583364,L3_1,628.0,,
264505.59255849,3842967.57552693,672.331831583364,L3_1,628.0,,
264505.59255849,3842967.57552693,672.331831583364,L3_1,628.0,,
264505.59255849,3842967.57552693,672.331831583364,L3_1,628.0,,
264505.59255849,3842967.57552693,672.331831583364,L3_1,628.0,,
264505.59255849,3842967.57552693,672.331831583364,L3_1,628.0,,
264505.59255849,3842967.57552693,672.331831583364,L3_1,628.0,,
264505.59255849,3842967.57552693,672.331831583364,L3_1,628.0,,
264505.59255849,3842967.57552693,672.331831583364,L3_1,628.0,,
264505.59255849,3842967.57552693,672.331831583364,L3_1,628.0,,
264505.59255849,3842967.57552693,672.331831583364,L3_1,628.0,,
264505.59255849,3842967.57552693,672.331831583364,L3_1,628.0,,
264505.59255849,3842967.57552693,672.331831583364,L3_1,628.0,,
264505.59255849,3842967.57552693,672.331831583364,L3_1,628.0,,
264505.59255849,3842967.57552693,672.331831583364,L3_1,628.0,,
264505.59255849,3842967.57552693,672.331831583364,L3_1,628.0,,
264505.59255849,3842967.57552693,672.331831583364,L3_1,628.0,,
264505.59255849,3842967.57552693,672.331831583364,L3_1,628.0,,
264510.960096361,3842971.25197091,672.3790650967,L3_1,634.5,672.3790650967,20.4373704903631
264510.960096361,3842971.25197091,672.3790650967,L3_1,634.5,667.282137990109,23.220930575788
264510.960096361,3842971.25197091,672.3790650967,L3_1,634.5,661.930364528188,27.0915046705304
264510.960096361,3842971.25197091,672.3790650967,L3_1,634.5,656.311002393172,23.9859115166443
264510.960096361,3842971.25197091,672.3790650967,L3_1,634.5,650.410672151405,15.4308076285762
264510.960096361,3842971.25197091,672.3790650967,L3_1,634.5,644.215325397549,7.84462647819692
264510.960096361,3842971.25197091,672.3790650967,L3_1,634.5,637.710211306,3.67947130740328
264510.960096361,3842971.25197091,672.3790650967,L3_1,634.5,630.879841509874,1.99097359862567
264510.960096361,3842971.25197091,672.3790650967,L3_1,634.5,623.707953223942,1.45917373205757
264510.960096361,3842971.25197091,672.3790650967,L3_1,634.5,616.177470523713,1.43271771832646
264510.960096361,3842971.25197091,672.3790650967,L3_1,634.5,608.270463688473,1.69822453929652
264510.960096361,3842971.25197091,672.3790650967,L3_1,634.5,599.968106511471,2.21086761787042
264510.960096361,3842971.25197091,672.3790650967,L3_1,634.5,591.250631475618,2.96224298196855
264510.960096361,3842971.25197091,672.3790650967,L3_1,634.5,582.097282687973,3.9288197336736
264510.960096361,3842971.25197091,672.3790650967,L3_1,634.5,572.486266460946,5.06433951379906
264510.960096361,3842971.25197091,672.3790650967,L3_1,634.5,562.394699422567,6.30695386856019
264510.960096361,3842971.25197091,672.3790650967,L3_1,634.5,551.798554032269,7.58828872024096
264510.960096361,3842971.25197091,672.3790650967,L3_1,634.5,540.672601372457,8.84483970313928
264510.960096361,3842971.25197091,672.3790650967,L3_1,634.5,528.990351079654,10.0292515925036
264510.960096361,3842971.25197091,672.3790650967,L3_1,634.5,516.72398827221,11.1153594218794
264510.960096361,3842971.25197091,672.3790650967,L3_1,634.5,503.844307324395,12.0951904671597
264510.960096361,3842971.25197091,672.3790650967,L3_1,634.5,490.320642329189,12.9713233973977
264510.960096361,3842971.25197091,672.3790650967,L3_1,634.5,476.120794084222,13.7489743404174
264510.960096361,3842971.25197091,672.3790650967,L3_1,634.5,461.210953427007,14.4304211130019
264510.960096361,3842971.25197091,672.3790650967,L3_1,634.5,445.555620736932,15.0125030239721
264510.960096361,3842971.25197091,672.3790650967,L3_1,634.5,429.117521412352,15.4868665347638
264510.960096361,3842971.25197091,672.3790650967,L3_1,634.5,411.857517121544,15.8421376392024
264510.960096361,3842971.25197091,672.3790650967,L3_1,634.5,393.734512616195,16.0670581668444
264510.960096361,3842971.25197091,672.3790650967,L3_1,634.5,374.705357885579,16.1536879000439
264510.960096361,3842971.25197091,672.3790650967,L3_1,634.5,354.724745418432,16.0999687172232
264510.960096361,3842971.25197091,672.3790650967,L3_1,634.5,333.745102327928,15.911087247104
264510.960096361,3842971.25197091,672.3790650967,L3_1,634.5,311.720746363475,15.5993803791707
264510.960096361,3842971.25197091,672.3790650967,L3_1,634.5,289.030548893934,15.1870554007073
264510.960096361,3842971.25197091,672.3790650967,L3_1,634.5,265.205841550916,14.6991753633644
264510.960096361,3842971.25197091,672.3790650967,L3_1,634.5,240.189898840747,14.1576993502894
264510.960096361,3842971.25197091,672.3790650967,L3_1,634.5,213.92315899507,13.5843159409843
264510.960096361,3842971.25197091,672.3790650967,L3_1,634.5,186.343082157109,12.9989471062237
264510.960096361,3842971.25197091,672.3790650967,L3_1,634.5,157.384001477249,12.4188605078078
264510.960096361,3842971.25197091,672.3790650967,L3_1,634.5,126.976966763397,11.858201189709
264510.960096361,3842971.25197091,672.3790650967,L3_1,634.5,95.049580313852,11.3278286696269
264510.960096361,3842971.25197091,672.3790650967,L3_1,634.5,,
264510.960096361,3842971.25197091,672.3790650967,L3_1,634.5,,
264510.960096361,3842971.25197091,672.3790650967,L3_1,634.5,,
264510.960096361,3842971.25197091,672.3790650967,L3_1,634.5,,
264510.960096361,3842971.25197091,672.3790650967,L3_1,634.5,,
264510.960096361,3842971.25197091,672.3790650967,L3_1,634.5,,
264510.960096361,3842971.25197091,672.3790650967,L3_1,634.5,,
264510.960096361,3842971.25197091,672.3790650967,L3_1,634.5,,
264510.960096361,3842971.25197091,672.3790650967,L3_1,634.5,,
264510.960096361,3842971.25197091,672.3790650967,L3_1,634.5,,
264510.960096361,3842971.25197091,672.3790650967,L3_1,634.5,,
264510.960096361,3842971.25197091,672.3790650967,L3_1,634.5,,
264510.960096361,3842971.25197091,672.3790650967,L3_1,634.5,,
264510.960096361,3842971.25197091,672.3790650967,L3_1,634.5,,
264510.960096361,3842971.25197091,672.3790650967,L3_1,634.5,,
264510.960096361,3842971.25197091,672.3790650967,L3_1,634.5,,
264510.960096361,3842971.25197091,672.3790650967,L3_1,634.5,,
264510.960096361,3842971.25197091,672.3790650967,L3_1,634.5,,
264510.960096361,3842971.25197091,672.3790650967,L3_1,634.5,,
264510.960096361,3842971.25197091,672.3790650967,L3_1,634.5,,
264510.960096361,3842971.25197091,672.3790650967,L3_1,634.5,,
264515.914746704,3842974.64561151,672.545901942218,L3_1,640.5,672.545901942218,20.1053320691144
264515.914746704,3842974.64561151,672.545901942218,L3_1,640.5,667.446615608702,23.0688091702025
264515.914746704,3842974.64561151,672.545901942218,L3_1,640.5,662.09236495851,27.4522914321496
264515.914746704,3842974.64561151,672.545901942218,L3_1,640.5,656.470401775808,24.6864952825278
264515.914746704,3842974.64561151,672.545901942218,L3_1,640.5,650.567340433971,16.0137006814851
264515.914746704,3842974.64561151,672.545901942218,L3_1,640.5,644.369126025042,8.16612500978289
264515.914746704,3842974.64561151,672.545901942218,L3_1,640.5,637.861000895667,3.82272567077416
264515.914746704,3842974.64561151,672.545901942218,L3_1,640.5,631.027469509823,2.05558466249997
264515.914746704,3842974.64561151,672.545901942218,L3_1,640.5,623.852261554687,1.49639805572446
264515.914746704,3842974.64561151,672.545901942218,L3_1,640.5,616.318293201795,1.46317827116784
264515.914746704,3842974.64561151,672.545901942218,L3_1,640.5,608.407626431257,1.7303885641964
264515.914746704,3842974.64561151,672.545901942218,L3_1,640.5,600.101426322193,2.24790734589047
264515.914746704,3842974.64561151,672.545901942218,L3_1,640.5,591.379916207675,3.00338985516111
264515.914746704,3842974.64561151,672.545901942218,L3_1,640.5,582.222330587432,3.96924793320262
264515.914746704,3842974.64561151,672.545901942218,L3_1,640.5,572.606865686176,5.09602568622652
264515.914746704,3842974.64561151,672.545901942218,L3_1,640.5,562.510627539858,6.32076014602548
264515.914746704,3842974.64561151,672.545901942218,L3_1,640.5,551.909577486223,7.57607595639184
264515.914746704,3842974.64561151,672.545901942218,L3_1,640.5,540.778474929907,8.80075075080716
264515.914746704,3842974.64561151,672.545901942218,L3_1,640.5,529.090817245775,9.9500928166291
264515.914746704,3842974.64561151,672.545901942218,L3_1,640.5,516.818776677437,11.0003844597663
264515.914746704,3842974.64561151,672.545901942218,L3_1,640.5,503.933134080681,11.9456244122065
264515.914746704,3842974.64561151,672.545901942218,L3_1,640.5,490.403209354088,12.7898734804947
264515.914746704,3842974.64561151,672.545901942218,L3_1,640.5,476.196788391166,13.5394611816277
264515.914746704,3842974.64561151,672.545901942218,L3_1,640.5,461.280046380097,14.1975498326594
264515.914746704,3842974.64561151,672.545901942218,L3_1,640.5,445.617467268474,14.7617161592961
264515.914746704,3842974.64561151,672.545901942218,L3_1,640.5,429.171759201271,15.2241928308265
264515.914746704,3842974.64561151,672.545901942218,L3_1,640.5,411.903765730707,15.5739716982078
264515.914746704,3842974.64561151,672.545901942218,L3_1,640.5,393.772372586615,15.7998525407812
264515.914746704,3842974.64561151,672.545901942218,L3_1,640.5,374.734409785319,15.8935807716462
264515.914746704,3842974.64561151,672.545901942218,L3_1,640.5,354.744548843957,15.8524055728007
264515.914746704,3842974.64561151,672.545901942218,L3_1,640.5,333.755194855528,15.6805026894796
264515.914746704,3842974.64561151,672.545901942218,L3_1,640.5,311.720746363475,15.3889935660459
264515.914746704,3842974.64561151,672.545901942218,L3_1,640.5,289.030548893934,14.9987776866334
264515.914746704,3842974.64561151,672.545901942218,L3_1,640.5,265.205841550916,14.5337053116991
264515.914746704,3842974.64561151,672.545901942218,L3_1,640.5,240.189898840747,14.0147299760509
264515.914746704,3842974.64561151,672.545901942218,L3_1,640.5,213.92315899507,13.4627470643563
264515.914746704,3842974.64561151,672.545901942218,L3_1,640.5,186.343082157109,12.8971126707583
264515.914746704,3842974.64561151,672.545901942218,L3_1,640.5,157.384001477249,12.3347466846794
264515.914746704,3842974.64561151,672.545901942218,L3_1,640.5,126.976966763397,11.7896357472392
264515.914746704,3842974.64561151,672.545901942218,L3_1,640.5,95.049580313852,11.2726313015151
264515.914746704,3842974.64561151,672.545901942218,L3_1,640.5,,
264515.914746704,3842974.64561151,672.545901942218,L3_1,640.5,,
264515.914746704,3842974.64561151,672.545901942218,L3_1,640.5,,
264515.914746704,3842974.64561151,672.545901942218,L3_1,640.5,,
264515.914746704,3842974.64561151,672.545901942218,L3_1,640.5,,
264515.914746704,3842974.64561151,672.545901942218,L3_1,640.5,,
264515.914746704,3842974.64561151,672.545901942218,L3_1,640.5,,
264515.914746704,3842974.64561151,672.545901942218,L3_1,640.5,,
264515.914746704,3842974.64561151,672.545901942218,L3_1,640.5,,
264515.914746704,3842974.64561151,672.545901942218,L3_1,640.5,,
264515.914746704,3842974.64561151,672.545901942218,L3_1,640.5,,
264515.914746704,3842974.64561151,672.545901942218,L3_1,640.5,,
264515.914746704,3842974.64561151,672.545901942218,L3_1,640.5,,
264515.914746704,3842974.64561151,672.545901942218,L3_1,640.5,,
264515.914746704,3842974.64561151,672.545901942218,L3_1,640.5,,
264515.914746704,3842974.64561151,672.545901942218,L3_1,640.5,,
264515.914746704,3842974.64561151,672.545901942218,L3_1,640.5,,
264515.914746704,3842974.64561151,672.545901942218,L3_1,640.5,,
264515.914746704,3842974.64561151,672.545901942218,L3_1,640.5,,
264515.914746704,3842974.64561151,672.545901942218,L3_1,640.5,,
264515.914746704,3842974.64561151,672.545901942218,L3_1,640.5,,
264521.282284574,3842978.32205548,672.831665810071,L3_1,647.0,672.831665810071,19.5138369211885
264521.282284574,3842978.32205548,672.831665810071,L3_1,647.0,667.728338511807,21.7568074489946
264521.282284574,3842978.32205548,672.831665810071,L3_1,647.0,662.36984484863,25.192278280546
264521.282284574,3842978.32205548,672.831665810071,L3_1,647.0,656.743426502294,22.9826423499809
264521.282284574,3842978.32205548,672.831665810071,L3_1,647.0,650.835687238641,15.3125133017612
264521.282284574,3842978.32205548,672.831665810071,L3_1,647.0,644.632561011806,8.01216821993958
264521.282284574,3842978.32205548,672.831665810071,L3_1,647.0,638.119278473629,3.8302810215368
264521.282284574,3842978.32205548,672.831665810071,L3_1,647.0,631.280331808543,2.08732448222115
264521.282284574,3842978.32205548,672.831665810071,L3_1,647.0,624.099437810203,1.52818799437852
264521.282284574,3842978.32205548,672.831665810071,L3_1,647.0,616.559499111945,1.49655112649825
264521.282284574,3842978.32205548,672.831665810071,L3_1,647.0,608.642563478775,1.76949040905331
264521.282284574,3842978.32205548,672.831665810071,L3_1,647.0,600.329781063947,2.29511065800893
264521.282284574,3842978.32205548,672.831665810071,L3_1,647.0,591.601359528377,3.05771113517644
264521.282284574,3842978.32205548,672.831665810071,L3_1,647.0,582.436516916028,4.02547464862601
264521.282284574,3842978.32205548,672.831665810071,L3_1,647.0,572.813432173062,5.14540143556748
264521.282284574,3842978.32205548,672.831665810071,L3_1,647.0,562.709193192948,6.35309667164409
264521.282284574,3842978.32205548,672.831665810071,L3_1,647.0,552.099742263828,7.5820751872895
264521.282284574,3842978.32205548,672.831665810071,L3_1,647.0,540.959818788252,8.77358101425262
264521.282284574,3842978.32205548,672.831665810071,L3_1,647.0,529.262899138897,9.8859671511151
264521.282284574,3842978.32205548,672.831665810071,L3_1,647.0,516.981133507075,10.8983674175286
264521.282284574,3842978.32205548,672.831665810071,L3_1,647.0,504.085279593661,11.807051901607
264521.282284574,3842978.32205548,672.831665810071,L3_1,647.0,490.544632984577,12.6177248708662
264521.282284574,3842978.32205548,672.831665810071,L3_1,647.0,476.326954045038,13.3378750475589
264521.282284574,3842978.32205548,672.831665810071,L3_1,647.0,461.398391158523,13.9715190632749
264521.282284574,3842978.32205548,672.831665810071,L3_1,647.0,445.723400127681,14.516901759273
264521.282284574,3842978.32205548,672.831665810071,L3_1,647.0,429.264659545298,14.9667597568017
264521.282284574,3842978.32205548,672.831665810071,L3_1,647.0,411.982981933796,15.3103800945345
264521.282284574,3842978.32205548,672.831665810071,L3_1,647.0,393.837220441718,15.5365702663504
264521.282284574,3842978.32205548,672.831665810071,L3_1,647.0,374.784170875036,15.6367361307809
264521.282284574,3842978.32205548,672.831665810071,L3_1,647.0,354.778468830021,15.6074321799377
264521.282284574,3842978.32205548,672.831665810071,L3_1,647.0,333.772481682755,15.4518381259715
264521.282284574,3842978.32205548,672.831665810071,L3_1,647.0,311.720746363475,15.1798833019865
264521.282284574,3842978.32205548,672.831665810071,L3_1,647.0,289.030548893934,14.8112073601436
264521.282284574,3842978.32205548,672.831665810071,L3_1,647.0,265.205841550916,14.3684836925062
264521.282284574,3842978.32205548,672.831665810071,L3_1,647.0,240.189898840747,13.8716598743727
264521.282284574,3842978.32205548,672.831665810071,L3_1,647.0,213.92315899507,13.340833327185
264521.282284574,3842978.32205548,672.831665810071,L3_1,647.0,186.343082157109,12.7947803726477
264521.282284574,3842978.32205548,672.831665810071,L3_1,647.0,157.384001477249,12.2500564474383
264521.282284574,3842978.32205548,672.831665810071,L3_1,647.0,126.976966763397,11.7204728451665
264521.282284574,3842978.32205548,672.831665810071,L3_1,647.0,95.049580313852,11.2168558619418
264521.282284574,3842978.32205548,672.831665810071,L3_1,647.0,,
264521.282284574,3842978.32205548,672.831665810071,L3_1,647.0,,
264521.282284574,3842978.32205548,672.831665810071,L3_1,647.0,,
264521.282284574,3842978.32205548,672.831665810071,L3_1,647.0,,
264521.282284574,3842978.32205548,672.831665810071,L3_1,647.0,,
264521.282284574,3842978.32205548,672.831665810071,L3_1,647.0,,
264521.282284574,3842978.32205548,672.831665810071,L3_1,647.0,,
264521.282284574,3842978.32205548,672.831665810071,L3_1,647.0,,
264521.282284574,3842978.32205548,672.831665810071,L3_1,647.0,,
264521.282284574,3842978.32205548,672.831665810071,L3_1,647.0,,
264521.282284574,3842978.32205548,672.831665810071,L3_1,647.0,,
264521.282284574,3842978.32205548,672.831665810071,L3_1,647.0,,
264521.282284574,3842978.32205548,672.831665810071,L3_1,647.0,,
264521.282284574,3842978.32205548,672.831665810071,L3_1,647.0,,
264521.282284574,3842978.32205548,672.831665810071,L3_1,647.0,,
264521.282284574,3842978.32205548,672.831665810071,L3_1,647.0,,
264521.282284574,3842978.32205548,672.831665810071,L3_1,647.0,,
264521.282284574,3842978.32205548,672.831665810071,L3_1,647.0,,
264521.282284574,3842978.32205548,672.831665810071,L3_1,647.0,,
264521.282284574,3842978.32205548,672.831665810071,L3_1,647.0,,
264521.282284574,3842978.32205548,672.831665810071,L3_1,647.0,,
264526.237476847,3842981.7156872,673.117429677923,L3_1,653.0,673.117429677923,19.6978537733989
264526.237476847,3842981.7156872,673.117429677923,L3_1,653.0,668.010061414912,21.2363491425648
264526.237476847,3842981.7156872,673.117429677923,L3_1,653.0,662.64732473875,23.3663261892698
264526.237476847,3842981.7156872,673.117429677923,L3_1,653.0,657.01645122878,21.011942856245
264526.237476847,3842981.7156872,673.117429677923,L3_1,653.0,651.104034043311,14.2036658648445
264526.237476847,3842981.7156872,673.117429677923,L3_1,653.0,644.895995998569,7.62970532943221
264526.237476847,3842981.7156872,673.117429677923,L3_1,653.0,638.37755605159,3.75585613856436
264526.237476847,3842981.7156872,673.117429677923,L3_1,653.0,631.533194107262,2.09689514143849
264526.237476847,3842981.7156872,673.117429677923,L3_1,653.0,624.346614065718,1.55672548859517
264526.237476847,3842981.7156872,673.117429677923,L3_1,653.0,616.800705022096,1.53300242317768
264526.237476847,3842981.7156872,673.117429677923,L3_1,653.0,608.877500526293,1.81488920605295
264526.237476847,3842981.7156872,673.117429677923,L3_1,653.0,600.558135805701,2.35125986565016
264526.237476847,3842981.7156872,673.117429677923,L3_1,653.0,591.822802849078,3.12343768157066
264526.237476847,3842981.7156872,673.117429677923,L3_1,653.0,582.650703244624,4.0951834691297
264526.237476847,3842981.7156872,673.117429677923,L3_1,653.0,573.019998659948,5.2096607111997
264526.237476847,3842981.7156872,673.117429677923,L3_1,653.0,562.907758846038,6.40080761929191
264526.237476847,3842981.7156872,673.117429677923,L3_1,653.0,552.289907041432,7.60299537008031
264526.237476847,3842981.7156872,673.117429677923,L3_1,653.0,541.141162646597,8.76014822723507
264526.237476847,3842981.7156872,673.117429677923,L3_1,653.0,529.434981032019,9.83401926921569
264526.237476847,3842981.7156872,673.117429677923,L3_1,653.0,517.143490336712,10.8069314834393
264526.237476847,3842981.7156872,673.117429677923,L3_1,653.0,504.23742510664,11.6776470467082
264526.237476847,3842981.7156872,673.117429677923,L3_1,653.0,490.686056615065,12.4536045407238
264526.237476847,3842981.7156872,673.117429677923,L3_1,653.0,476.45711969891,13.1434459122354
264526.237476847,3842981.7156872,673.117429677923,L3_1,653.0,461.516735936949,13.7519818656442
264526.237476847,3842981.7156872,673.117429677923,L3_1,653.0,445.829332986888,14.2780446664244
264526.237476847,3842981.7156872,673.117429677923,L3_1,653.0,429.357559889325,14.7147990542873
264526.237476847,3842981.7156872,673.117429677923,L3_1,653.0,412.062198136884,15.0517663429077
264526.237476847,3842981.7156872,673.117429677923,L3_1,653.0,393.902068296821,15.2777230727237
264526.237476847,3842981.7156872,673.117429677923,L3_1,653.0,374.833931964754,15.383723261009
264526.237476847,3842981.7156872,673.117429677923,L3_1,653.0,354.812388816084,15.3656376620101
264526.237476847,3842981.7156872,673.117429677923,L3_1,653.0,333.789768509981,15.2256778767457
264526.237476847,3842981.7156872,673.117429677923,L3_1,653.0,311.720746363475,14.9726138096687
264526.237476847,3842981.7156872,673.117429677923,L3_1,653.0,289.030548893934,14.6248704698999
264526.237476847,3842981.7156872,673.117429677923,L3_1,653.0,265.205841550916,14.2039821988865
264526.237476847,3842981.7156872,673.117429677923,L3_1,653.0,240.189898840747,13.7289001989429
264526.237476847,3842981.7156872,673.117429677923,L3_1,653.0,213.92315899507,13.2189215150792
264526.237476847,3842981.7156872,673.117429677923,L3_1,653.0,186.343082157109,12.6922355088011
264526.237476847,3842981.7156872,673.117429677923,L3_1,653.0,157.384001477249,12.1650201894426
264526.237476847,3842981.7156872,673.117429677923,L3_1,653.0,126.976966763397,11.6508950459235
264526.237476847,3842981.7156872,673.117429677923,L3_1,653.0,95.049580313852,11.1606444234686
264526.237476847,3842981.7156872,673.117429677923,L3_1,653.0,,
264526.237476847,3842981.7156872,673.117429677923,L3_1,653.0,,
264526.237476847,3842981.7156872,673.117429677923,L3_1,653.0,,
264526.237476847,3842981.7156872,673.117429677923,L3_1,653.0,,
264526.237476847,3842981.7156872,673.117429677923,L3_1,653.0,,
264526.237476847,3842981.7156872,673.117429677923,L3_1,653.0,,
264526.237476847,3842981.7156872,673.117429677923,L3_1,653.0,,
264526.237476847,3842981.7156872,673.117429677923,L3_1,653.0,,
264526.237476847,3842981.7156872,673.117429677923,L3_1,653.0,,
264526.237476847,3842981.7156872,673.117429677923,L3_1,653.0,,
264526.237476847,3842981.7156872,673.117429677923,L3_1,653.0,,
264526.237476847,3842981.7156872,673.117429677923,L3_1,653.0,,
264526.237476847,3842981.7156872,673.117429677923,L3_1,653.0,,
264526.237476847,3842981.7156872,673.117429677923,L3_1,653.0,,
264526.237476847,3842981.7156872,673.117429677923,L3_1,653.0,,
264526.237476847,3842981.7156872,673.117429677923,L3_1,653.0,,
264526.237476847,3842981.7156872,673.117429677923,L3_1,653.0,,
264526.237476847,3842981.7156872,673.117429677923,L3_1,653.0,,
264526.237476847,3842981.7156872,673.117429677923,L3_1,653.0,,
264526.237476847,3842981.7156872,673.117429677923,L3_1,653.0,,
264526.237476847,3842981.7156872,673.117429677923,L3_1,653.0,,
264531.606188901,3842985.39211195,673.403193545776,L3_1,659.5,673.403193545776,21.5398755692252
264531.606188901,3842985.39211195,673.403193545776,L3_1,659.5,668.291784318017,22.1289993638282
264531.606188901,3842985.39211195,673.403193545776,L3_1,659.5,662.92480462887,22.4272682182882
264531.606188901,3842985.39211195,673.403193545776,L3_1,659.5,657.289475955266,19.3633052067394
264531.606188901,3842985.39211195,673.403193545776,L3_1,659.5,651.372380847981,13.1017236715741
264531.606188901,3842985.39211195,673.403193545776,L3_1,659.5,645.159430985333,7.19783958702263
264531.606188901,3842985.39211195,673.403193545776,L3_1,659.5,638.635833629552,3.65622815499703
264531.606188901,3842985.39211195,673.403193545776,L3_1,659.5,631.786056405982,2.10057707209975
264531.606188901,3842985.39211195,673.403193545776,L3_1,659.5,624.593790321233,1.58708944514332
264531.606188901,3842985.39211195,673.403193545776,L3_1,659.5,617.041910932247,1.5742663491885
264531.606188901,3842985.39211195,673.403193545776,L3_1,659.5,609.112437573812,1.86697688984459
264531.606188901,3842985.39211195,673.403193545776,L3_1,659.5,600.786490547454,2.41598009996085
264531.606188901,3842985.39211195,673.403193545776,L3_1,659.5,592.04424616978,3.19967762553168
264531.606188901,3842985.39211195,673.403193545776,L3_1,659.5,582.864889573221,4.17713372810752
264531.606188901,3842985.39211195,673.403193545776,L3_1,659.5,573.226565146834,5.28734619644385
264531.606188901,3842985.39211195,673.403193545776,L3_1,659.5,563.106324499128,6.46233647499706
264531.606188901,3842985.39211195,673.403193545776,L3_1,659.5,552.480071819037,7.63729221028941
264531.606188901,3842985.39211195,673.403193545776,L3_1,659.5,541.322506504941,8.75901604706654
264531.606188901,3842985.39211195,673.403193545776,L3_1,659.5,529.607062925141,9.7929862907703
264531.606188901,3842985.39211195,673.403193545776,L3_1,659.5,517.30584716635,10.7250177649533
264531.606188901,3842985.39211195,673.403193545776,L3_1,659.5,504.38957061962,11.5565552307102
264531.606188901,3842985.39211195,673.403193545776,L3_1,659.5,490.827480245553,12.2968422982386
264531.606188901,3842985.39211195,673.403193545776,L3_1,659.5,476.587285352783,12.955659495089
264531.606188901,3842985.39211195,673.403193545776,L3_1,659.5,461.635080715374,13.5385494501208
264531.606188901,3842985.39211195,673.403193545776,L3_1,659.5,445.935265846095,14.0448533799974
264531.606188901,3842985.39211195,673.403193545776,L3_1,659.5,429.450460233353,14.4680932791223
264531.606188901,3842985.39211195,673.403193545776,L3_1,659.5,412.141414339973,14.7979689820683
264531.606188901,3842985.39211195,673.403193545776,L3_1,659.5,393.966916151924,15.0231925066431
264531.606188901,3842985.39211195,673.403193545776,L3_1,659.5,374.883693054472,15.1344577736429
264531.606188901,3842985.39211195,673.403193545776,L3_1,659.5,354.846308802148,15.1269650229616
264531.606188901,3842985.39211195,673.403193545776,L3_1,659.5,333.807055337208,15.0019869264423
264531.606188901,3842985.39211195,673.403193545776,L3_1,659.5,311.720746363475,14.7671677160128
264531.606188901,3842985.39211195,673.403193545776,L3_1,659.5,289.030548893934,14.4397629230971
264531.606188901,3842985.39211195,673.403193545776,L3_1,659.5,265.205841550916,14.0402051855263
264531.606188901,3842985.39211195,673.403193545776,L3_1,659.5,240.189898840747,13.5864597968117
264531.606188901,3842985.39211195,673.403193545776,L3_1,659.5,213.92315899507,13.097022237363
264531.606188901,3842985.39211195,673.403193545776,L3_1,659.5,186.343082157109,12.5894885521683
264531.606188901,3842985.39211195,673.403193545776,L3_1,659.5,157.384001477249,12.0796472120318
264531.606188901,3842985.39211195,673.403193545776,L3_1,659.5,126.976966763397,11.5809101245813
264531.606188901,3842985.39211195,673.403193545776,L3_1,659.5,95.049580313852,11.104003196967
264531.606188901,3842985.39211195,673.403193545776,L3_1,659.5,,
264531.606188901,3842985.39211195,673.403193545776,L3_1,659.5,,
264531.606188901,3842985.39211195,673.403193545776,L3_1,659.5,,
264531.606188901,3842985.39211195,673.403193545776,L3_1,659.5,,
264531.606188901,3842985.39211195,673.403193545776,L3_1,659.5,,
264531.606188901,3842985.39211195,673.403193545776,L3_1,659.5,,
264531.606188901,3842985.39211195,673.403193545776,L3_1,659.5,,
264531.606188901,3842985.39211195,673.403193545776,L3_1,659.5,,
264531.606188901,3842985.39211195,673.403193545776,L3_1,659.5,,
264531.606188901,3842985.39211195,673.403193545776,L3_1,659.5,,
264531.606188901,3842985.39211195,673.403193545776,L3_1,659.5,,
264531.606188901,3842985.39211195,673.403193545776,L3_1,659.5,,
264531.606188901,3842985.39211195,673.403193545776,L3_1,659.5,,
264531.606188901,3842985.39211195,673.403193545776,L3_1,659.5,,
264531.606188901,3842985.39211195,673.403193545776,L3_1,659.5,,
264531.606188901,3842985.39211195,673.403193545776,L3_1,659.5,,
264531.606188901,3842985.39211195,673.403193545776,L3_1,659.5,,
264531.606188901,3842985.39211195,673.403193545776,L3_1,659.5,,
264531.606188901,3842985.39211195,673.403193545776,L3_1,659.5,,
264531.606188901,3842985.39211195,673.403193545776,L3_1,659.5,,
264531.606188901,3842985.39211195,673.403193545776,L3_1,659.5,,
264536.561923105,3842988.7857348,673.733092502651,L3_1,665.5,673.733092502651,22.5889986951379
264536.561923105,3842988.7857348,673.733092502651,L3_1,665.5,668.617018199265,22.8624735383653
264536.561923105,3842988.7857348,673.733092502651,L3_1,665.5,663.24514018071,22.4015783220079
264536.561923105,3842988.7857348,673.733092502651,L3_1,665.5,657.604668261227,18.8071045178508
264536.561923105,3842988.7857348,673.733092502651,L3_1,665.5,651.68217274577,12.6094763713278
264536.561923105,3842988.7857348,673.733092502651,L3_1,665.5,645.46355245454,6.98044961614528
264536.561923105,3842988.7857348,673.733092502651,L3_1,665.5,638.934001148749,3.61468937685444
264536.561923105,3842988.7857348,673.733092502651,L3_1,665.5,632.077972277668,2.1212241688481
264536.561923105,3842988.7857348,673.733092502651,L3_1,665.5,624.879141963033,1.62526113342941
264536.561923105,3842988.7857348,673.733092502651,L3_1,665.5,617.320370132666,1.62141509943886
264536.561923105,3842988.7857348,673.733092502651,L3_1,665.5,609.383659710781,1.92499005746189
264536.561923105,3842988.7857348,673.733092502651,L3_1,665.5,601.050113767802,2.48739120469425
264536.561923105,3842988.7857348,673.733092502651,L3_1,665.5,592.299890527673,3.28353656404679
264536.561923105,3842988.7857348,673.733092502651,L3_1,665.5,583.112156125539,4.2674155853073
264536.561923105,3842988.7857348,673.733092502651,L3_1,665.5,573.465035003297,5.37362669681946
264536.561923105,3842988.7857348,673.733092502651,L3_1,665.5,563.335557824944,6.53219811030013
264536.561923105,3842988.7857348,673.733092502651,L3_1,665.5,552.699606787672,7.67923297356892
264536.561923105,3842988.7857348,673.733092502651,L3_1,665.5,541.531858198538,8.76464432576631
264536.561923105,3842988.7857348,673.733092502651,L3_1,665.5,529.805722179946,9.75788682222429
264536.561923105,3842988.7857348,673.733092502651,L3_1,665.5,517.493279360425,10.6484315334146
264536.561923105,3842988.7857348,673.733092502651,L3_1,665.5,504.565214399928,11.4404533704523
264536.561923105,3842988.7857348,673.733092502651,L3_1,665.5,490.990746191406,12.1449605470513
264536.561923105,3842988.7857348,673.733092502651,L3_1,665.5,476.737554572458,12.7727878068244
264536.561923105,3842988.7857348,673.733092502651,L3_1,665.5,461.771703372562,13.3301173913787
264536.561923105,3842988.7857348,673.733092502651,L3_1,665.5,446.057559612672,13.8167176880204
264536.561923105,3842988.7857348,673.733092502651,L3_1,665.5,429.557708664787,14.2264043490343
264536.561923105,3842988.7857348,673.733092502651,L3_1,665.5,412.232865169508,14.5490166639897
264536.561923105,3842988.7857348,673.733092502651,L3_1,665.5,394.041779499466,14.7731902146529
264536.561923105,3842988.7857348,673.733092502651,L3_1,665.5,374.94113954592,14.8892699946265
264536.561923105,3842988.7857348,673.733092502651,L3_1,665.5,354.885467594698,14.891815590798
264536.561923105,3842988.7857348,673.733092502651,L3_1,665.5,333.827012045915,14.7812024207125
264536.561923105,3842988.7857348,673.733092502651,L3_1,665.5,311.720746363475,14.5639953450871
264536.561923105,3842988.7857348,673.733092502651,L3_1,665.5,289.030548893934,14.2563269893981
264536.561923105,3842988.7857348,673.733092502651,L3_1,665.5,265.205841550916,13.8775633068968
264536.561923105,3842988.7857348,673.733092502651,L3_1,665.5,240.189898840747,13.4447042749291
264536.561923105,3842988.7857348,673.733092502651,L3_1,665.5,213.92315899507,12.9754524569024
264536.561923105,3842988.7857348,673.733092502651,L3_1,665.5,186.343082157109,12.4868071280637
264536.561923105,3842988.7857348,673.733092502651,L3_1,665.5,157.384001477249,11.9941571703929
264536.561923105,3842988.7857348,673.733092502651,L3_1,665.5,126.976966763397,11.5106935144875
264536.561923105,3842988.7857348,673.733092502651,L3_1,665.5,95.049580313852,11.0470700842241
264536.561923105,3842988.7857348,673.733092502651,L3_1,665.5,,
264536.561923105,3842988.7857348,673.733092502651,L3_1,665.5,,
264536.561923105,3842988.7857348,673.733092502651,L3_1,665.5,,
264536.561923105,3842988.7857348,673.733092502651,L3_1,665.5,,
264536.561923105,3842988.7857348,673.733092502651,L3_1,665.5,,
264536.561923105,3842988.7857348,673.733092502651,L3_1,665.5,,
264536.561923105,3842988.7857348,673.733092502651,L3_1,665.5,,
264536.561923105,3842988.7857348,673.733092502651,L3_1,665.5,,
264536.561923105,3842988.7857348,673.733092502651,L3_1,665.5,,
264536.561923105,3842988.7857348,673.733092502651,L3_1,665.5,,
264536.561923105,3842988.7857348,673.733092502651,L3_1,665.5,,
264536.561923105,3842988.7857348,673.733092502651,L3_1,665.5,,
264536.561923105,3842988.7857348,673.733092502651,L3_1,665.5,,
264536.561923105,3842988.7857348,673.733092502651,L3_1,665.5,,
264536.561923105,3842988.7857348,673.733092502651,L3_1,665.5,,
264536.561923105,3842988.7857348,673.733092502651,L3_1,665.5,,
264536.561923105,3842988.7857348,673.733092502651,L3_1,665.5,,
264536.561923105,3842988.7857348,673.733092502651,L3_1,665.5,,
264536.561923105,3842988.7857348,673.733092502651,L3_1,665.5,,
264536.561923105,3842988.7857348,673.733092502651,L3_1,665.5,,
264536.561923105,3842988.7857348,673.733092502651,L3_1,665.5,,
264541.930635159,3842992.46215955,674.106957768576,L3_1,672.0,674.106957768576,22.5528579921556
264541.930635159,3842992.46215955,674.106957768576,L3_1,672.0,668.985596665388,23.2829436724955
264541.930635159,3842992.46215955,674.106957768576,L3_1,672.0,663.608167507041,23.2341248892939
264541.930635159,3842992.46215955,674.106957768576,L3_1,672.0,657.961866890777,19.277789797183
264541.930635159,3842992.46215955,674.106957768576,L3_1,672.0,652.033251243699,12.7048630006999
264541.930635159,3842992.46215955,674.106957768576,L3_1,672.0,645.808204814268,6.98635536062068
264541.930635159,3842992.46215955,674.106957768576,L3_1,672.0,639.271906063365,3.64081496141364
264541.930635159,3842992.46215955,674.106957768576,L3_1,672.0,632.408792374917,2.16299012558557
264541.930635159,3842992.46215955,674.106957768576,L3_1,672.0,625.202523002046,1.67251483456261
264541.930635159,3842992.46215955,674.106957768576,L3_1,672.0,617.635940160532,1.67470609628627
264541.930635159,3842992.46215955,674.106957768576,L3_1,672.0,609.691028176942,1.98881960662659
264541.930635159,3842992.46215955,674.106957768576,L3_1,672.0,601.348870594173,2.56514931105365
264541.930635159,3842992.46215955,674.106957768576,L3_1,672.0,592.589605132265,3.37442651992263
264541.930635159,3842992.46215955,674.106957768576,L3_1,672.0,583.392376397262,4.36517283454917
264541.930635159,3842992.46215955,674.106957768576,L3_1,672.0,573.735286225508,5.46738584739286
264541.930635159,3842992.46215955,674.106957768576,L3_1,672.0,563.595341545167,6.60908016889024
264541.930635159,3842992.46215955,674.106957768576,L3_1,672.0,552.948399630809,7.72741929682054
264541.930635159,3842992.46215955,674.106957768576,L3_1,672.0,541.769110620733,8.77566742554741
264541.930635159,3842992.46215955,674.106957768576,L3_1,672.0,530.030857160153,9.72748058270128
264541.930635159,3842992.46215955,674.106957768576,L3_1,672.0,517.705691026545,10.5761088083204
264541.930635159,3842992.46215955,674.106957768576,L3_1,672.0,504.764266586255,11.32846774383
264541.930635159,3842992.46215955,674.106957768576,L3_1,672.0,491.175770923952,11.9972646229405
264541.930635159,3842992.46215955,674.106957768576,L3_1,672.0,476.907850478533,12.594290801686
264541.930635159,3842992.46215955,674.106957768576,L3_1,672.0,461.926534010843,13.1262717370947
264541.930635159,3842992.46215955,674.106957768576,L3_1,672.0,446.196151719769,13.5933231929053
264541.930635159,3842992.46215955,674.106957768576,L3_1,672.0,429.679250314141,13.9894946711415
264541.930635159,3842992.46215955,674.106957768576,L3_1,672.0,412.336503838231,14.3047304808777
264541.930635159,3842992.46215955,674.106957768576,L3_1,672.0,394.126620038526,14.5275825815724
264541.930635159,3842992.46215955,674.106957768576,L3_1,672.0,375.006242048836,14.6480622433462
264541.930635159,3842992.46215955,674.106957768576,L3_1,672.0,354.929845159661,14.6601207151592
264541.930635159,3842992.46215955,674.106957768576,L3_1,672.0,333.849628426028,14.563279331028
264541.930635159,3842992.46215955,674.106957768576,L3_1,672.0,311.720746363475,14.3630704919656
264541.930635159,3842992.46215955,674.106957768576,L3_1,672.0,289.030548893934,14.0745505990374
264541.930635159,3842992.46215955,674.106957768576,L3_1,672.0,265.205841550916,13.7160543184852
264541.930635159,3842992.46215955,674.106957768576,L3_1,672.0,240.189898840747,13.3036374868984
264541.930635159,3842992.46215955,674.106957768576,L3_1,672.0,213.92315899507,12.8542189448554
264541.930635159,3842992.46215955,674.106957768576,L3_1,672.0,186.343082157109,12.3841988799471
264541.930635159,3842992.46215955,674.106957768576,L3_1,672.0,157.384001477249,11.9085574968315
264541.930635159,3842992.46215955,674.106957768576,L3_1,672.0,126.976966763397,11.4402517285103
264541.930635159,3842992.46215955,674.106957768576,L3_1,672.0,95.049580313852,10.989850390801
264541.930635159,3842992.46215955,674.106957768576,L3_1,672.0,,
264541.930635159,3842992.46215955,674.106957768576,L3_1,672.0,,
264541.930635159,3842992.46215955,674.106957768576,L3_1,672.0,,
264541.930635159,3842992.46215955,674.106957768576,L3_1,672.0,,
264541.930635159,3842992.46215955,674.106957768576,L3_1,672.0,,
264541.930635159,3842992.46215955,674.106957768576,L3_1,672.0,,
264541.930635159,3842992.46215955,674.106957768576,L3_1,672.0,,
264541.930635159,3842992.46215955,674.106957768576,L3_1,672.0,,
264541.930635159,3842992.46215955,674.106957768576,L3_1,672.0,,
264541.930635159,3842992.46215955,674.106957768576,L3_1,672.0,,
264541.930635159,3842992.46215955,674.106957768576,L3_1,672.0,,
264541.930635159,3842992.46215955,674.106957768576,L3_1,672.0,,
264541.930635159,3842992.46215955,674.106957768576,L3_1,672.0,,
264541.930635159,3842992.46215955,674.106957768576,L3_1,672.0,,
264541.930635159,3842992.46215955,674.106957768576,L3_1,672.0,,
264541.930635159,3842992.46215955,674.106957768576,L3_1,672.0,,
264541.930635159,3842992.46215955,674.106957768576,L3_1,672.0,,
264541.930635159,3842992.46215955,674.106957768576,L3_1,672.0,,
264541.930635159,3842992.46215955,674.106957768576,L3_1,672.0,,
264541.930635159,3842992.46215955,674.106957768576,L3_1,672.0,,
264541.930635159,3842992.46215955,674.106957768576,L3_1,672.0,,
264546.885813625,3842995.85586818,674.480823034502,L3_1,678.0,674.480823034502,23.5592365918414
264546.885813625,3842995.85586818,674.480823034502,L3_1,678.0,669.354175131512,24.5517982720817
264546.885813625,3842995.85586818,674.480823034502,L3_1,678.0,663.971194833373,24.6301692407647
264546.885813625,3842995.85586818,674.480823034502,L3_1,678.0,658.319065520327,20.1293929244437
264546.885813625,3842995.85586818,674.480823034502,L3_1,678.0,652.384329741629,13.0119455545229
264546.885813625,3842995.85586818,674.480823034502,L3_1,678.0,646.152857173996,7.08157985960287
264546.885813625,3842995.85586818,674.480823034502,L3_1,678.0,639.609810977981,3.69636811823801
264546.885813625,3842995.85586818,674.480823034502,L3_1,678.0,632.739612472166,2.21404545242799
264546.885813625,3842995.85586818,674.480823034502,L3_1,678.0,625.525904041059,1.72389493172722
264546.885813625,3842995.85586818,674.480823034502,L3_1,678.0,617.951510188398,1.731253902651
264546.885813625,3842995.85586818,674.480823034502,L3_1,678.0,609.998396643103,2.05611070352565
264546.885813625,3842995.85586818,674.480823034502,L3_1,678.0,601.647627420544,2.64656771915573
264546.885813625,3842995.85586818,674.480823034502,L3_1,678.0,592.879319736856,3.46869443312971
264546.885813625,3842995.85586818,674.480823034502,L3_1,678.0,583.672596668985,4.46543953329704
264546.885813625,3842995.85586818,674.480823034502,L3_1,678.0,574.005537447719,5.56239204090114
264546.885813625,3842995.85586818,674.480823034502,L3_1,678.0,563.855125265391,6.68589544539569
264546.885813625,3842995.85586818,674.480823034502,L3_1,678.0,553.197192473946,7.77451568196763
264546.885813625,3842995.85586818,674.480823034502,L3_1,678.0,542.006363042929,8.7851000844829
264546.885813625,3842995.85586818,674.480823034502,L3_1,678.0,530.25599214036,9.6955730183447
264546.885813625,3842995.85586818,674.480823034502,L3_1,678.0,517.918102692664,10.5028798199238
264546.885813625,3842995.85586818,674.480823034502,L3_1,678.0,504.963318772583,11.2165066109109
264546.885813625,3842995.85586818,674.480823034502,L3_1,678.0,491.360795656497,11.8506702281883
264546.885813625,3842995.85586818,674.480823034502,L3_1,678.0,477.078146384608,12.4179571617397
264546.885813625,3842995.85586818,674.480823034502,L3_1,678.0,462.081364649123,12.9255170291496
264546.885813625,3842995.85586818,674.480823034502,L3_1,678.0,446.334743826865,13.3737355157517
264546.885813625,3842995.85586818,674.480823034502,L3_1,678.0,429.800791963494,13.7568546567865
264546.885813625,3842995.85586818,674.480823034502,L3_1,678.0,412.440142506954,14.0649130684082
264546.885813625,3842995.85586818,674.480823034502,L3_1,678.0,394.211460577587,14.2863936594244
264546.885813625,3842995.85586818,674.480823034502,L3_1,678.0,375.071344551752,14.4110095323573
264546.885813625,3842995.85586818,674.480823034502,L3_1,678.0,354.974222724625,14.4321538022719
264546.885813625,3842995.85586818,674.480823034502,L3_1,678.0,333.872244806142,14.3485503596061
264546.885813625,3842995.85586818,674.480823034502,L3_1,678.0,311.720746363475,14.1647571632496
264546.885813625,3842995.85586818,674.480823034502,L3_1,678.0,289.030548893934,13.8948039716919
264546.885813625,3842995.85586818,674.480823034502,L3_1,678.0,265.205841550916,13.5560345505343
264546.885813625,3842995.85586818,674.480823034502,L3_1,678.0,240.189898840747,13.1635874821103
264546.885813625,3842995.85586818,674.480823034502,L3_1,678.0,213.92315899507,12.7336111468574
264546.885813625,3842995.85586818,674.480823034502,L3_1,678.0,186.343082157109,12.2819112214107
264546.885813625,3842995.85586818,674.480823034502,L3_1,678.0,157.384001477249,11.823054122234
264546.885813625,3842995.85586818,674.480823034502,L3_1,678.0,126.976966763397,11.3697527172561
264546.885813625,3842995.85586818,674.480823034502,L3_1,678.0,95.049580313852,10.9324775346747
264546.885813625,3842995.85586818,674.480823034502,L3_1,678.0,,
264546.885813625,3842995.85586818,674.480823034502,L3_1,678.0,,
264546.885813625,3842995.85586818,674.480823034502,L3_1,678.0,,
264546.885813625,3842995.85586818,674.480823034502,L3_1,678.0,,
264546.885813625,3842995.85586818,674.480823034502,L3_1,678.0,,
264546.885813625,3842995.85586818,674.480823034502,L3_1,678.0,,
264546.885813625,3842995.85586818,674.480823034502,L3_1,678.0,,
264546.885813625,3842995.85586818,674.480823034502,L3_1,678.0,,
264546.885813625,3842995.85586818,674.480823034502,L3_1,678.0,,
264546.885813625,3842995.85586818,674.480823034502,L3_1,678.0,,
264546.885813625,3842995.85586818,674.480823034502,L3_1,678.0,,
264546.885813625,3842995.85586818,674.480823034502,L3_1,678.0,,
264546.885813625,3842995.85586818,674.480823034502,L3_1,678.0,,
264546.885813625,3842995.85586818,674.480823034502,L3_1,678.0,,
264546.885813625,3842995.85586818,674.480823034502,L3_1,678.0,,
264546.885813625,3842995.85586818,674.480823034502,L3_1,678.0,,
264546.885813625,3842995.85586818,674.480823034502,L3_1,678.0,,
264546.885813625,3842995.85586818,674.480823034502,L3_1,678.0,,
264546.885813625,3842995.85586818,674.480823034502,L3_1,678.0,,
264546.885813625,3842995.85586818,674.480823034502,L3_1,678.0,,
264546.885813625,3842995.85586818,674.480823034502,L3_1,678.0,,
264552.253321581,3842999.5324788,674.854688300427,L3_1,684.5,674.854688300427,24.9548758997129
264552.253321581,3842999.5324788,674.854688300427,L3_1,684.5,669.722753597636,26.2192807278457
264552.253321581,3842999.5324788,674.854688300427,L3_1,684.5,664.334222159705,26.2895093395132
264552.253321581,3842999.5324788,674.854688300427,L3_1,684.5,658.676264149878,21.0322858791361
264552.253321581,3842999.5324788,674.854688300427,L3_1,684.5,652.735408239559,13.3072082070974
264552.253321581,3842999.5324788,674.854688300427,L3_1,684.5,646.497509533724,7.16262540690118
264552.253321581,3842999.5324788,674.854688300427,L3_1,684.5,639.947715892598,3.74346572917763
264552.253321581,3842999.5324788,674.854688300427,L3_1,684.5,633.070432569415,2.26144094394322
264552.253321581,3842999.5324788,674.854688300427,L3_1,684.5,625.849285080073,1.77483783611768
264552.253321581,3842999.5324788,674.854688300427,L3_1,684.5,618.267080216264,1.78955376562405
264552.253321581,3842999.5324788,674.854688300427,L3_1,684.5,610.305765109265,2.12662772665331
264552.253321581,3842999.5324788,674.854688300427,L3_1,684.5,601.946384246915,2.73187655508952
264552.253321581,3842999.5324788,674.854688300427,L3_1,684.5,593.169034341448,3.56652958509134
264552.253321581,3842999.5324788,674.854688300427,L3_1,684.5,583.952816940708,4.56805033574799
264552.253321581,3842999.5324788,674.854688300427,L3_1,684.5,574.275788669931,5.65802714032843
264552.253321581,3842999.5324788,674.854688300427,L3_1,684.5,564.114908985615,6.76165558308742
264552.253321581,3842999.5324788,674.854688300427,L3_1,684.5,553.445985317083,7.81933463827593
264552.253321581,3842999.5324788,674.854688300427,L3_1,684.5,542.243615465124,8.79172653483915
264552.253321581,3842999.5324788,674.854688300427,L3_1,684.5,530.481127120568,9.66104090810433
264552.253321581,3842999.5324788,674.854688300427,L3_1,684.5,518.130514358783,10.4277763737273
264552.253321581,3842999.5324788,674.854688300427,L3_1,684.5,505.16237095891,11.1037735424204
264552.253321581,3842999.5324788,674.854688300427,L3_1,684.5,491.545820389043,11.7045420790159
264552.253321581,3842999.5324788,674.854688300427,L3_1,684.5,477.248442290682,12.2432893203724
264552.253321581,3842999.5324788,674.854688300427,L3_1,684.5,462.236195287404,12.7274675354011
264552.253321581,3842999.5324788,674.854688300427,L3_1,684.5,446.473335933961,13.1576568412636
264552.253321581,3842999.5324788,674.854688300427,L3_1,684.5,429.922333612847,13.5282547293067
264552.253321581,3842999.5324788,674.854688300427,L3_1,684.5,412.543781175677,13.8293883011281
264552.253321581,3842999.5324788,674.854688300427,L3_1,684.5,394.296301116648,14.0494897381985
264552.253321581,3842999.5324788,674.854688300427,L3_1,684.5,375.136447054667,14.1780120130131
264552.253321581,3842999.5324788,674.854688300427,L3_1,684.5,355.018600289588,14.2078424369206
264552.253321581,3842999.5324788,674.854688300427,L3_1,684.5,333.894861186255,14.1369656258475
264552.253321581,3842999.5324788,674.854688300427,L3_1,684.5,311.720746363475,13.9690236597503
264552.253321581,3842999.5324788,674.854688300427,L3_1,684.5,289.030548893934,13.7170693123616
264552.253321581,3842999.5324788,674.854688300427,L3_1,684.5,265.205841550916,13.3974961400767
264552.253321581,3842999.5324788,674.854688300427,L3_1,684.5,240.189898840747,13.0245530045207
264552.253321581,3842999.5324788,674.854688300427,L3_1,684.5,213.92315899507,12.613631816218
264552.253321581,3842999.5324788,674.854688300427,L3_1,684.5,186.343082157109,12.1799489096143
264552.253321581,3842999.5324788,674.854688300427,L3_1,684.5,157.384001477249,11.7376523900387
264552.253321581,3842999.5324788,674.854688300427,L3_1,684.5,126.976966763397,11.2992016403018
264552.253321581,3842999.5324788,674.854688300427,L3_1,684.5,95.049580313852,10.8749560659388
264552.253321581,3842999.5324788,674.854688300427,L3_1,684.5,,
264552.253321581,3842999.5324788,674.854688300427,L3_1,684.5,,
264552.253321581,3842999.5324788,674.854688300427,L3_1,684.5,,
264552.253321581,3842999.5324788,674.854688300427,L3_1,684.5,,
264552.253321581,3842999.5324788,674.854688300427,L3_1,684.5,,
264552.253321581,3842999.5324788,674.854688300427,L3_1,684.5,,
264552.253321581,3842999.5324788,674.854688300427,L3_1,684.5,,
264552.253321581,3842999.5324788,674.854688300427,L3_1,684.5,,
264552.253321581,3842999.5324788,674.854688300427,L3_1,684.5,,
264552.253321581,3842999.5324788,674.854688300427,L3_1,684.5,,
264552.253321581,3842999.5324788,674.854688300427,L3_1,684.5,,
264552.253321581,3842999.5324788,674.854688300427,L3_1,684.5,,
264552.253321581,3842999.5324788,674.854688300427,L3_1,684.5,,
264552.253321581,3842999.5324788,674.854688300427,L3_1,684.5,,
264552.253321581,3842999.5324788,674.854688300427,L3_1,684.5,,
264552.253321581,3842999.5324788,674.854688300427,L3_1,684.5,,
264552.253321581,3842999.5324788,674.854688300427,L3_1,684.5,,
264552.253321581,3842999.5324788,674.854688300427,L3_1,684.5,,
264552.253321581,3842999.5324788,674.854688300427,L3_1,684.5,,
264552.253321581,3842999.5324788,674.854688300427,L3_1,684.5,,
264552.253321581,3842999.5324788,674.854688300427,L3_1,684.5,,
264557.20794431,3843002.92627322,675.245758945806,L3_1,690.5,675.245758945806,26.2264983158134
264557.20794431,3843002.92627322,675.245758945806,L3_1,690.5,670.108294143273,27.3936431596941
264557.20794431,3843002.92627322,675.245758945806,L3_1,690.5,664.713956100613,26.9735069793228
264557.20794431,3843002.92627322,675.245758945806,L3_1,690.5,659.049901155821,21.1033369159407
264557.20794431,3843002.92627322,675.245758945806,L3_1,690.5,653.102643463788,13.1554034506209
264557.20794431,3843002.92627322,675.245758945806,L3_1,690.5,646.858022887155,7.06153557586528
264557.20794431,3843002.92627322,675.245758945806,L3_1,690.5,640.301171281689,3.7264983136448
264557.20794431,3843002.92627322,675.245758945806,L3_1,690.5,633.416477095951,2.28728797330343
264557.20794431,3843002.92627322,675.245758945806,L3_1,690.5,626.187548200925,1.81931417516985
264557.20794431,3843002.92627322,675.245758945806,L3_1,690.5,618.597172861148,1.8474848008949
264557.20794431,3843002.92627322,675.245758945806,L3_1,690.5,610.627278754382,2.19930602163683
264557.20794431,3843002.92627322,675.245758945806,L3_1,690.5,602.258889942278,2.81954384466428
264557.20794431,3843002.92627322,675.245758945806,L3_1,690.5,593.472081689569,3.6649328029461
264557.20794431,3843002.92627322,675.245758945806,L3_1,690.5,584.245933024224,4.66811693745634
264557.20794431,3843002.92627322,675.245758945806,L3_1,690.5,574.558476925612,5.74773790109022
264557.20794431,3843002.92627322,675.245758945806,L3_1,690.5,564.38664802207,6.82882472354596
264557.20794431,3843002.92627322,675.245758945806,L3_1,690.5,553.70622767335,7.85417584337089
264557.20794431,3843002.92627322,675.245758945806,L3_1,690.5,542.491786307195,8.78836754736099
264557.20794431,3843002.92627322,675.245758945806,L3_1,690.5,530.716622872731,9.61765547264002
264557.20794431,3843002.92627322,675.245758945806,L3_1,690.5,518.352701266545,10.345693256528
264557.20794431,3843002.92627322,675.245758945806,L3_1,690.5,505.370583580049,10.9862730131245
264557.20794431,3843002.92627322,675.245758945806,L3_1,690.5,491.739360009228,11.5558782772079
264557.20794431,3843002.92627322,675.245758945806,L3_1,690.5,477.426575259866,12.0681207432686
264557.20794431,3843002.92627322,675.245758945806,L3_1,690.5,462.398151273036,12.5306289317592
264557.20794431,3843002.92627322,675.245758945806,L3_1,690.5,446.618306086865,12.9441172887825
264557.20794431,3843002.92627322,675.245758945806,L3_1,690.5,430.049468641385,13.3031237081593
264557.20794431,3843002.92627322,675.245758945806,L3_1,690.5,412.652189323631,13.5978811382819
264557.20794431,3843002.92627322,675.245758945806,L3_1,690.5,394.38504603999,13.8168104680203
264557.20794431,3843002.92627322,675.245758945806,L3_1,690.5,375.204545592166,13.9491607207672
264557.20794431,3843002.92627322,675.245758945806,L3_1,690.5,355.065020121951,13.9873806622658
264557.20794431,3843002.92627322,675.245758945806,L3_1,690.5,333.918518378226,13.9287855122563
264557.20794431,3843002.92627322,675.245758945806,L3_1,690.5,311.720746363475,13.7761688335611
264557.20794431,3843002.92627322,675.245758945806,L3_1,690.5,289.030548893934,13.5416616165157
264557.20794431,3843002.92627322,675.245758945806,L3_1,690.5,265.205841550916,13.2407483353129
264557.20794431,3843002.92627322,675.245758945806,L3_1,690.5,240.189898840747,12.8868227615386
264557.20794431,3843002.92627322,675.245758945806,L3_1,690.5,213.92315899507,12.494541753155
264557.20794431,3843002.92627322,675.245758945806,L3_1,690.5,186.343082157109,12.0785391281033
264557.20794431,3843002.92627322,675.245758945806,L3_1,690.5,157.384001477249,11.6525442392736
264557.20794431,3843002.92627322,675.245758945806,L3_1,690.5,126.976966763397,11.2287561083012
264557.20794431,3843002.92627322,675.245758945806,L3_1,690.5,95.049580313852,10.8174127146403
264557.20794431,3843002.92627322,675.245758945806,L3_1,690.5,,
264557.20794431,3843002.92627322,675.245758945806,L3_1,690.5,,
264557.20794431,3843002.92627322,675.245758945806,L3_1,690.5,,
264557.20794431,3843002.92627322,675.245758945806,L3_1,690.5,,
264557.20794431,3843002.92627322,675.245758945806,L3_1,690.5,,
264557.20794431,3843002.92627322,675.245758945806,L3_1,690.5,,
264557.20794431,3843002.92627322,675.245758945806,L3_1,690.5,,
264557.20794431,3843002.92627322,675.245758945806,L3_1,690.5,,
264557.20794431,3843002.92627322,675.245758945806,L3_1,690.5,,
264557.20794431,3843002.92627322,675.245758945806,L3_1,690.5,,
264557.20794431,3843002.92627322,675.245758945806,L3_1,690.5,,
264557.20794431,3843002.92627322,675.245758945806,L3_1,690.5,,
264557.20794431,3843002.92627322,675.245758945806,L3_1,690.5,,
264557.20794431,3843002.92627322,675.245758945806,L3_1,690.5,,
264557.20794431,3843002.92627322,675.245758945806,L3_1,690.5,,
264557.20794431,3843002.92627322,675.245758945806,L3_1,690.5,,
264557.20794431,3843002.92627322,675.245758945806,L3_1,690.5,,
264557.20794431,3843002.92627322,675.245758945806,L3_1,690.5,,
264557.20794431,3843002.92627322,675.245758945806,L3_1,690.5,,
264557.20794431,3843002.92627322,675.245758945806,L3_1,690.5,,
264557.20794431,3843002.92627322,675.245758945806,L3_1,690.5,,
264562.575452265,3843006.60288384,675.654000408029,L3_1,697.0,675.654000408029,27.2527285800611
264562.575452265,3843006.60288384,675.654000408029,L3_1,697.0,670.510762694562,27.9791763308708
264562.575452265,3843006.60288384,675.654000408029,L3_1,697.0,665.110363095422,26.6691669789603
264562.575452265,3843006.60288384,675.654000408029,L3_1,697.0,659.439943516324,20.373762100922
264562.575452265,3843006.60288384,675.654000408029,L3_1,697.0,653.486002958272,12.5714080157248
264562.575452265,3843006.60288384,675.654000408029,L3_1,697.0,647.234365372317,6.77905787648563
264562.575452265,3843006.60288384,675.654000408029,L3_1,697.0,640.670145907064,3.64396830792901
264562.575452265,3843006.60288384,675.654000408029,L3_1,697.0,633.777715468549,2.29164462546909
264562.575452265,3843006.60288384,675.654000408029,L3_1,697.0,626.540663508108,1.85881152853681
264562.575452265,3843006.60288384,675.654000408029,L3_1,697.0,618.941758949645,1.90732035827524
264562.575452265,3843006.60288384,675.654000408029,L3_1,697.0,610.962909163258,2.27665398726883
264562.575452265,3843006.60288384,675.654000408029,L3_1,697.0,602.585116887553,2.91179598350912
264562.575452265,3843006.60288384,675.654000408029,L3_1,697.0,593.788434998062,3.76542410934987
264562.575452265,3843006.60288384,675.654000408029,L3_1,697.0,584.551919014096,4.76627229574354
264562.575452265,3843006.60288384,675.654000408029,L3_1,697.0,574.853577230933,5.83136800149656
264562.575452265,3843006.60288384,675.654000408029,L3_1,697.0,564.670318358611,6.88671893466069
264562.575452265,3843006.60288384,675.654000408029,L3_1,697.0,553.977896542673,7.87810734332374
264562.575452265,3843006.60288384,675.654000408029,L3_1,697.0,542.750853635938,8.77405345364137
264562.575452265,3843006.60288384,675.654000408029,L3_1,697.0,530.962458583866,9.56453062858053
264562.575452265,3843006.60288384,675.654000408029,L3_1,697.0,518.584643779191,10.2558775196256
264562.575452265,3843006.60288384,675.654000408029,L3_1,697.0,505.587938234282,10.8633905452691
264562.575452265,3843006.60288384,675.654000408029,L3_1,697.0,491.941397412128,11.4041873265294
264562.575452265,3843006.60288384,675.654000408029,L3_1,697.0,477.612529548866,11.8920612325232
264562.575452265,3843006.60288384,675.654000408029,L3_1,697.0,462.56721829244,12.334691393778
264562.575452265,3843006.60288384,675.654000408029,L3_1,697.0,446.769641473194,12.7328698138318
264562.575452265,3843006.60288384,675.654000408029,L3_1,697.0,430.182185812985,13.0812642945573
264562.575452265,3843006.60288384,675.654000408029,L3_1,697.0,412.765357369766,13.3702342809332
264562.575452265,3843006.60288384,675.654000408029,L3_1,697.0,394.477687504385,13.5882315598751
264562.575452265,3843006.60288384,675.654000408029,L3_1,697.0,375.275634145736,13.724359518661
264562.575452265,3843006.60288384,675.654000408029,L3_1,697.0,355.113478119154,13.770696174096
264562.575452265,3843006.60288384,675.654000408029,L3_1,697.0,333.943214291243,13.7239578432952
264562.575452265,3843006.60288384,675.654000408029,L3_1,697.0,311.720746363475,13.5861570194747
264562.575452265,3843006.60288384,675.654000408029,L3_1,697.0,289.030548893934,13.3685583658047
264562.575452265,3843006.60288384,675.654000408029,L3_1,697.0,265.205841550916,13.0857787296781
264562.575452265,3843006.60288384,675.654000408029,L3_1,697.0,240.189898840747,12.7503914857114
264562.575452265,3843006.60288384,675.654000408029,L3_1,697.0,213.92315899507,12.3763403087251
264562.575452265,3843006.60288384,675.654000408029,L3_1,697.0,186.343082157109,11.9776838366265
264562.575452265,3843006.60288384,675.654000408029,L3_1,697.0,157.384001477249,11.5677329032926
264562.575452265,3843006.60288384,675.654000408029,L3_1,697.0,126.976966763397,11.1584198243958
264562.575452265,3843006.60288384,675.654000408029,L3_1,697.0,95.049580313852,10.7598510675705
264562.575452265,3843006.60288384,675.654000408029,L3_1,697.0,,
264562.575452265,3843006.60288384,675.654000408029,L3_1,697.0,,
264562.575452265,3843006.60288384,675.654000408029,L3_1,697.0,,
264562.575452265,3843006.60288384,675.654000408029,L3_1,697.0,,
264562.575452265,3843006.60288384,675.654000408029,L3_1,697.0,,
264562.575452265,3843006.60288384,675.654000408029,L3_1,697.0,,
264562.575452265,3843006.60288384,675.654000408029,L3_1,697.0,,
264562.575452265,3843006.60288384,675.654000408029,L3_1,697.0,,
264562.575452265,3843006.60288384,675.654000408029,L3_1,697.0,,
264562.575452265,3843006.60288384,675.654000408029,L3_1,697.0,,
264562.575452265,3843006.60288384,675.654000408029,L3_1,697.0,,
264562.575452265,3843006.60288384,675.654000408029,L3_1,697.0,,
264562.575452265,3843006.60288384,675.654000408029,L3_1,697.0,,
264562.575452265,3843006.60288384,675.654000408029,L3_1,697.0,,
264562.575452265,3843006.60288384,675.654000408029,L3_1,697.0,,
264562.575452265,3843006.60288384,675.654000408029,L3_1,697.0,,
264562.575452265,3843006.60288384,675.654000408029,L3_1,697.0,,
264562.575452265,3843006.60288384,675.654000408029,L3_1,697.0,,
264562.575452265,3843006.60288384,675.654000408029,L3_1,697.0,,
264562.575452265,3843006.60288384,675.654000408029,L3_1,697.0,,
264562.575452265,3843006.60288384,675.654000408029,L3_1,697.0,,
264567.530067239,3843009.99668343,676.062241870253,L3_1,703.0,676.062241870253,28.9511774831582
264567.530067239,3843009.99668343,676.062241870253,L3_1,703.0,670.913231245852,29.0792215313814
264567.530067239,3843009.99668343,676.062241870253,L3_1,703.0,665.50677009023,26.4668757614345
264567.530067239,3843009.99668343,676.062241870253,L3_1,703.0,659.829985876828,19.4725393137312
264567.530067239,3843009.99668343,676.062241870253,L3_1,703.0,653.869362452755,11.830246865378
264567.530067239,3843009.99668343,676.062241870253,L3_1,703.0,647.610707857479,6.41961167797426
264567.530067239,3843009.99668343,676.062241870253,L3_1,703.0,641.039120532439,3.53449885680511
264567.530067239,3843009.99668343,676.062241870253,L3_1,703.0,634.138953841147,2.29136090184061
264567.530067239,3843009.99668343,676.062241870253,L3_1,703.0,626.893778815291,1.90301903117948
264567.530067239,3843009.99668343,676.062241870253,L3_1,703.0,619.286345038141,1.97557435736324
264567.530067239,3843009.99668343,676.062241870253,L3_1,703.0,611.298539572135,2.36264954534179
264567.530067239,3843009.99668343,676.062241870253,L3_1,703.0,602.911343832827,3.00977945527825
264567.530067239,3843009.99668343,676.062241870253,L3_1,703.0,594.104788306555,3.86612534280558
264567.530067239,3843009.99668343,676.062241870253,L3_1,703.0,584.857905003969,4.85798837704271
264567.530067239,3843009.99668343,676.062241870253,L3_1,703.0,575.148677536253,5.90262490106505
264567.530067239,3843009.99668343,676.062241870253,L3_1,703.0,564.953988695152,6.92833134404489
264567.530067239,3843009.99668343,676.062241870253,L3_1,703.0,554.249565411995,7.88429846043283
264567.530067239,3843009.99668343,676.062241870253,L3_1,703.0,543.009920964681,8.74270531670435
264567.530067239,3843009.99668343,676.062241870253,L3_1,703.0,531.208294295001,9.49659569227894
264567.530067239,3843009.99668343,676.062241870253,L3_1,703.0,518.816586291838,10.1542949129178
264567.530067239,3843009.99668343,676.062241870253,L3_1,703.0,505.805292888516,10.7320328231052
264567.530067239,3843009.99668343,676.062241870253,L3_1,703.0,492.143434815027,11.2471705722855
264567.530067239,3843009.99668343,676.062241870253,L3_1,703.0,477.798483837865,11.7134559489337
264567.530067239,3843009.99668343,676.062241870253,L3_1,703.0,462.736285311844,12.138508208517
264567.530067239,3843009.99668343,676.062241870253,L3_1,703.0,446.920976859522,12.523161744202
264567.530067239,3843009.99668343,676.062241870253,L3_1,703.0,430.314902984585,12.8622254034947
264567.530067239,3843009.99668343,676.062241870253,L3_1,703.0,412.8785254159,13.14622416188
264567.530067239,3843009.99668343,676.062241870253,L3_1,703.0,394.570328968781,13.3636993178011
264567.530067239,3843009.99668343,676.062241870253,L3_1,703.0,375.346722699306,13.5036789866351
264567.530067239,3843009.99668343,676.062241870253,L3_1,703.0,355.161936116357,13.557947452872
264567.530067239,3843009.99668343,676.062241870253,L3_1,703.0,333.967910204261,13.522701262367
264567.530067239,3843009.99668343,676.062241870253,L3_1,703.0,311.720746363475,13.399244211314
264567.530067239,3843009.99668343,676.062241870253,L3_1,703.0,289.030548893934,13.198031452756
264567.530067239,3843009.99668343,676.062241870253,L3_1,703.0,265.205841550916,12.9328593368415
264567.530067239,3843009.99668343,676.062241870253,L3_1,703.0,240.189898840747,12.6155187990154
264567.530067239,3843009.99668343,676.062241870253,L3_1,703.0,213.92315899507,12.2592638419547
264567.530067239,3843009.99668343,676.062241870253,L3_1,703.0,186.343082157109,11.8775911861811
264567.530067239,3843009.99668343,676.062241870253,L3_1,703.0,157.384001477249,11.483396426813
264567.530067239,3843009.99668343,676.062241870253,L3_1,703.0,126.976966763397,11.0883408492603
264567.530067239,3843009.99668343,676.062241870253,L3_1,703.0,95.049580313852,10.7023907592272
264567.530067239,3843009.99668343,676.062241870253,L3_1,703.0,,
264567.530067239,3843009.99668343,676.062241870253,L3_1,703.0,,
264567.530067239,3843009.99668343,676.062241870253,L3_1,703.0,,
264567.530067239,3843009.99668343,676.062241870253,L3_1,703.0,,
264567.530067239,3843009.99668343,676.062241870253,L3_1,703.0,,
264567.530067239,3843009.99668343,676.062241870253,L3_1,703.0,,
264567.530067239,3843009.99668343,676.062241870253,L3_1,703.0,,
264567.530067239,3843009.99668343,676.062241870253,L3_1,703.0,,
264567.530067239,3843009.99668343,676.062241870253,L3_1,703.0,,
264567.530067239,3843009.99668343,676.062241870253,L3_1,703.0,,
264567.530067239,3843009.99668343,676.062241870253,L3_1,703.0,,
264567.530067239,3843009.99668343,676.062241870253,L3_1,703.0,,
264567.530067239,3843009.99668343,676.062241870253,L3_1,703.0,,
264567.530067239,3843009.99668343,676.062241870253,L3_1,703.0,,
264567.530067239,3843009.99668343,676.062241870253,L3_1,703.0,,
264567.530067239,3843009.99668343,676.062241870253,L3_1,703.0,,
264567.530067239,3843009.99668343,676.062241870253,L3_1,703.0,,
264567.530067239,3843009.99668343,676.062241870253,L3_1,703.0,,
264567.530067239,3843009.99668343,676.062241870253,L3_1,703.0,,
264567.530067239,3843009.99668343,676.062241870253,L3_1,703.0,,
264567.530067239,3843009.99668343,676.062241870253,L3_1,703.0,,
264572.897558392,3843013.67330527,676.470483332477,L3_1,709.5,676.470483332477,32.0495930079219
264572.897558392,3843013.67330527,676.470483332477,L3_1,709.5,671.315699797141,31.1332649966385
264572.897558392,3843013.67330527,676.470483332477,L3_1,709.5,665.903177085039,26.5193389635446
264572.897558392,3843013.67330527,676.470483332477,L3_1,709.5,660.220028237332,18.5661449115273
264572.897558392,3843013.67330527,676.470483332477,L3_1,709.5,654.252721947239,11.0690168753963
264572.897558392,3843013.67330527,676.470483332477,L3_1,709.5,647.987050342642,6.05773354048107
264572.897558392,3843013.67330527,676.470483332477,L3_1,709.5,641.408095157814,3.43176562450675
264572.897558392,3843013.67330527,676.470483332477,L3_1,709.5,634.500192213746,2.30260143201349
264572.897558392,3843013.67330527,676.470483332477,L3_1,709.5,627.246894122474,1.96145167367111
264572.897558392,3843013.67330527,676.470483332477,L3_1,709.5,619.630931126638,2.05875994745194
264572.897558392,3843013.67330527,676.470483332477,L3_1,709.5,611.634169981011,2.46175457277
264572.897558392,3843013.67330527,676.470483332477,L3_1,709.5,603.237570778102,3.11611848048779
264572.897558392,3843013.67330527,676.470483332477,L3_1,709.5,594.421141615048,3.96808596440332
264572.897558392,3843013.67330527,676.470483332477,L3_1,709.5,585.163890993841,4.94320835954773
264572.897558392,3843013.67330527,676.470483332477,L3_1,709.5,575.443777841573,5.96085557732838
264572.897558392,3843013.67330527,676.470483332477,L3_1,709.5,565.237659031693,6.95280207189526
264572.897558392,3843013.67330527,676.470483332477,L3_1,709.5,554.521234281318,7.87190855141766
264572.897558392,3843013.67330527,676.470483332477,L3_1,709.5,543.268988293425,8.69359843583357
264572.897558392,3843013.67330527,676.470483332477,L3_1,709.5,531.454130006137,9.41326140174368
264572.897558392,3843013.67330527,676.470483332477,L3_1,709.5,519.048528804484,10.040475576728
264572.897558392,3843013.67330527,676.470483332477,L3_1,709.5,506.022647542749,10.5918236974802
264572.897558392,3843013.67330527,676.470483332477,L3_1,709.5,492.345472217927,11.0845218788327
264572.897558392,3843013.67330527,676.470483332477,L3_1,709.5,477.984438126864,11.5320501423745
264572.897558392,3843013.67330527,676.470483332477,L3_1,709.5,462.905352331248,11.9418635494079
264572.897558392,3843013.67330527,676.470483332477,L3_1,709.5,447.072312245851,12.3148082135774
264572.897558392,3843013.67330527,676.470483332477,L3_1,709.5,430.447620156184,12.6458481143192
264572.897558392,3843013.67330527,676.470483332477,L3_1,709.5,412.991693462034,12.9257152585955
264572.897558392,3843013.67330527,676.470483332477,L3_1,709.5,394.662970433177,13.1430999916848
264572.897558392,3843013.67330527,676.470483332477,L3_1,709.5,375.417811252876,13.2870259754601
264572.897558392,3843013.67330527,676.470483332477,L3_1,709.5,355.210394113561,13.3490608737753
264572.897558392,3843013.67330527,676.470483332477,L3_1,709.5,333.992606117279,13.3249597856387
264572.897558392,3843013.67330527,676.470483332477,L3_1,709.5,311.720746363475,13.215389914716
264572.897558392,3843013.67330527,676.470483332477,L3_1,709.5,289.030548893934,13.0300536498588
264572.897558392,3843013.67330527,676.470483332477,L3_1,709.5,265.205841550916,12.7819733800598
264572.897558392,3843013.67330527,676.470483332477,L3_1,709.5,240.189898840747,12.4821955121034
264572.897558392,3843013.67330527,676.470483332477,L3_1,709.5,213.92315899507,12.1433084352271
264572.897558392,3843013.67330527,676.470483332477,L3_1,709.5,186.343082157109,11.7782607879728
264572.897558392,3843013.67330527,676.470483332477,L3_1,709.5,157.384001477249,11.399536399821
264572.897558392,3843013.67330527,676.470483332477,L3_1,709.5,126.976966763397,11.0185215681355
264572.897558392,3843013.67330527,676.470483332477,L3_1,709.5,95.049580313852,10.6450343588515
264572.897558392,3843013.67330527,676.470483332477,L3_1,709.5,,
264572.897558392,3843013.67330527,676.470483332477,L3_1,709.5,,
264572.897558392,3843013.67330527,676.470483332477,L3_1,709.5,,
264572.897558392,3843013.67330527,676.470483332477,L3_1,709.5,,
264572.897558392,3843013.67330527,676.470483332477,L3_1,709.5,,
264572.897558392,3843013.67330527,676.470483332477,L3_1,709.5,,
264572.897558392,3843013.67330527,676.470483332477,L3_1,709.5,,
264572.897558392,3843013.67330527,676.470483332477,L3_1,709.5,,
264572.897558392,3843013.67330527,676.470483332477,L3_1,709.5,,
264572.897558392,3843013.67330527,676.470483332477,L3_1,709.5,,
264572.897558392,3843013.67330527,676.470483332477,L3_1,709.5,,
264572.897558392,3843013.67330527,676.470483332477,L3_1,709.5,,
264572.897558392,3843013.67330527,676.470483332477,L3_1,709.5,,
264572.897558392,3843013.67330527,676.470483332477,L3_1,709.5,,
264572.897558392,3843013.67330527,676.470483332477,L3_1,709.5,,
264572.897558392,3843013.67330527,676.470483332477,L3_1,709.5,,
264572.897558392,3843013.67330527,676.470483332477,L3_1,709.5,,
264572.897558392,3843013.67330527,676.470483332477,L3_1,709.5,,
264572.897558392,3843013.67330527,676.470483332477,L3_1,709.5,,
264572.897558392,3843013.67330527,676.470483332477,L3_1,709.5,,
264572.897558392,3843013.67330527,676.470483332477,L3_1,709.5,,
264577.852165611,3843017.06711004,676.91183859328,L3_1,715.5,676.91183859328,33.2394844960904
264577.852165611,3843017.06711004,676.91183859328,L3_1,715.5,671.750813887347,31.867262872664
264577.852165611,3843017.06711004,676.91183859328,L3_1,715.5,666.331737946116,26.247121982521
264577.852165611,3843017.06711004,676.91183859328,L3_1,715.5,660.641708207825,17.7982723703109
264577.852165611,3843017.06711004,676.91183859328,L3_1,715.5,654.667176982618,10.4930621549191
264577.852165611,3843017.06711004,676.91183859328,L3_1,715.5,648.393919196152,5.81090663988679
264577.852165611,3843017.06711004,676.91183859328,L3_1,715.5,641.806998520362,3.3907284904269
264577.852165611,3843017.06711004,676.91183859328,L3_1,715.5,634.890731810782,2.35182119842783
264577.852165611,3843017.06711004,676.91183859328,L3_1,715.5,627.628651765724,2.04818526791824
264577.852165611,3843017.06711004,676.91183859328,L3_1,715.5,620.003467718412,2.16429585347124
264577.852165611,3843017.06711004,676.91183859328,L3_1,715.5,611.997024468735,2.57651992992262
264577.852165611,3843017.06711004,676.91183859328,L3_1,715.5,603.590259056574,3.22934849520981
264577.852165611,3843017.06711004,676.91183859328,L3_1,715.5,594.763155373805,4.06689671234719
264577.852165611,3843017.06711004,676.91183859328,L3_1,715.5,585.494696506898,5.01593225210889
264577.852165611,3843017.06711004,676.91183859328,L3_1,715.5,575.762814696645,5.99971391053404
264577.852165611,3843017.06711004,676.91183859328,L3_1,715.5,565.54433879588,6.95429154461513
264577.852165611,3843017.06711004,676.91183859328,L3_1,715.5,554.814939100076,7.83602760946549
264577.852165611,3843017.06711004,676.91183859328,L3_1,715.5,543.549069419483,8.62284439410975
264577.852165611,3843017.06711004,676.91183859328,L3_1,715.5,531.719906254859,9.31156445433211
264577.852165611,3843017.06711004,676.91183859328,L3_1,715.5,519.299284932005,9.9122123937828
264577.852165611,3843017.06711004,676.91183859328,L3_1,715.5,506.257632543007,10.4411407670323
264577.852165611,3843017.06711004,676.91183859328,L3_1,715.5,492.56389753456,10.9150621493597
264577.852165611,3843017.06711004,676.91183859328,L3_1,715.5,478.18547577569,11.3470015884089
264577.852165611,3843017.06711004,676.91183859328,L3_1,715.5,463.088132928877,11.7441734451126
264577.852165611,3843017.06711004,676.91183859328,L3_1,715.5,447.235922939724,12.1074264100491
264577.852165611,3843017.06711004,676.91183859328,L3_1,715.5,430.591102451112,12.4319085534939
264577.852165611,3843017.06711004,676.91183859328,L3_1,715.5,413.11404093807,12.7086099576845
264577.852165611,3843017.06711004,676.91183859328,L3_1,715.5,394.763126349376,12.9264360178052
264577.852165611,3843017.06711004,676.91183859328,L3_1,715.5,375.494666031247,13.0744816012406
264577.852165611,3843017.06711004,676.91183859328,L3_1,715.5,355.262782697212,13.1441785875795
264577.852165611,3843017.06711004,676.91183859328,L3_1,715.5,334.019305196475,13.1309213243858
264577.852165611,3843017.06711004,676.91183859328,L3_1,715.5,311.720746363475,13.0348142299758
264577.852165611,3843017.06711004,676.91183859328,L3_1,715.5,289.030548893934,12.8648629885916
264577.852165611,3843017.06711004,676.91183859328,L3_1,715.5,265.205841550916,12.6333616196474
264577.852165611,3843017.06711004,676.91183859328,L3_1,715.5,240.189898840747,12.3506525773369
264577.852165611,3843017.06711004,676.91183859328,L3_1,715.5,213.92315899507,12.0286873122444
264577.852165611,3843017.06711004,676.91183859328,L3_1,715.5,186.343082157109,11.6798826951173
264577.852165611,3843017.06711004,676.91183859328,L3_1,715.5,157.384001477249,11.3163163810423
264577.852165611,3843017.06711004,676.91183859328,L3_1,715.5,126.976966763397,10.9490989831282
264577.852165611,3843017.06711004,676.91183859328,L3_1,715.5,95.049580313852,10.5878943404973
264577.852165611,3843017.06711004,676.91183859328,L3_1,715.5,,
264577.852165611,3843017.06711004,676.91183859328,L3_1,715.5,,
264577.852165611,3843017.06711004,676.91183859328,L3_1,715.5,,
264577.852165611,3843017.06711004,676.91183859328,L3_1,715.5,,
264577.852165611,3843017.06711004,676.91183859328,L3_1,715.5,,
264577.852165611,3843017.06711004,676.91183859328,L3_1,715.5,,
264577.852165611,3843017.06711004,676.91183859328,L3_1,715.5,,
264577.852165611,3843017.06711004,676.91183859328,L3_1,715.5,,
264577.852165611,3843017.06711004,676.91183859328,L3_1,715.5,,
264577.852165611,3843017.06711004,676.91183859328,L3_1,715.5,,
264577.852165611,3843017.06711004,676.91183859328,L3_1,715.5,,
264577.852165611,3843017.06711004,676.91183859328,L3_1,715.5,,
264577.852165611,3843017.06711004,676.91183859328,L3_1,715.5,,
264577.852165611,3843017.06711004,676.91183859328,L3_1,715.5,,
264577.852165611,3843017.06711004,676.91183859328,L3_1,715.5,,
264577.852165611,3843017.06711004,676.91183859328,L3_1,715.5,,
264577.852165611,3843017.06711004,676.91183859328,L3_1,715.5,,
264577.852165611,3843017.06711004,676.91183859328,L3_1,715.5,,
264577.852165611,3843017.06711004,676.91183859328,L3_1,715.5,,
264577.852165611,3843017.06711004,676.91183859328,L3_1,715.5,,
264577.852165611,3843017.06711004,676.91183859328,L3_1,715.5,,
264583.219656764,3843020.74373188,677.386157617804,L3_1,722.0,677.386157617804,32.1127621638015
264583.219656764,3843020.74373188,677.386157617804,L3_1,722.0,672.21842560324,31.0691642374873
264583.219656764,3843020.74373188,677.386157617804,L3_1,722.0,666.792306987948,25.6384405624306
264583.219656764,3843020.74373188,677.386157617804,L3_1,722.0,661.09488244189,17.1689146209962
264583.219656764,3843020.74373188,677.386157617804,L3_1,722.0,655.112586668531,10.1005034332097
264583.219656764,3843020.74373188,677.386157617804,L3_1,722.0,648.831176106503,5.68329246932782
264583.219656764,3843020.74373188,677.386157617804,L3_1,722.0,642.235695016373,3.41769352580248
264583.219656764,3843020.74373188,677.386157617804,L3_1,722.0,635.310439871737,2.44397773966562
264583.219656764,3843020.74373188,677.386157617804,L3_1,722.0,628.03892196987,2.16593185085399
264583.219656764,3843020.74373188,677.386157617804,L3_1,722.0,620.403828172909,2.29260553129855
264583.219656764,3843020.74373188,677.386157617804,L3_1,722.0,612.3869796861,2.70533175353871
264583.219656764,3843020.74373188,677.386157617804,L3_1,722.0,603.96928877495,3.34647329357547
264583.219656764,3843020.74373188,677.386157617804,L3_1,722.0,595.130713318243,4.15913478028919
264583.219656764,3843020.74373188,677.386157617804,L3_1,722.0,585.850209088701,5.07313276247051
264583.219656764,3843020.74373188,677.386157617804,L3_1,722.0,576.105679647682,6.01695031956838
264583.219656764,3843020.74373188,677.386157617804,L3_1,722.0,565.873923734611,6.9313185583833
264583.219656764,3843020.74373188,677.386157617804,L3_1,722.0,555.130580025887,7.7757512153321
264583.219656764,3843020.74373188,677.386157617804,L3_1,722.0,543.850069131727,8.52990360254
264583.219656764,3843020.74373188,677.386157617804,L3_1,722.0,532.005532692859,9.19116724261448
264583.219656764,3843020.74373188,677.386157617804,L3_1,722.0,519.568769432047,9.76926701687187
264583.219656764,3843020.74373188,677.386157617804,L3_1,722.0,506.510168008195,10.2797884967644
264583.219656764,3843020.74373188,677.386157617804,L3_1,722.0,492.798636513151,10.7386119350985
264583.219656764,3843020.74373188,677.386157617804,L3_1,722.0,478.401528443354,11.1581371097647
264583.219656764,3843020.74373188,677.386157617804,L3_1,722.0,463.284564970067,11.5452690953461
264583.219656764,3843020.74373188,677.386157617804,L3_1,722.0,447.411753323116,11.9008535296062
264583.219656764,3843020.74373188,677.386157617804,L3_1,722.0,430.745301093817,12.2202531776363
264583.219656764,3843020.74373188,677.386157617804,L3_1,722.0,413.245526253053,12.4947675333584
264583.219656764,3843020.74373188,677.386157617804,L3_1,722.0,394.870762670252,12.7135820880179
264583.219656764,3843020.74373188,677.386157617804,L3_1,722.0,375.57726090831,12.8659380773348
264583.219656764,3843020.74373188,677.386157617804,L3_1,722.0,355.319084058271,12.9432116776767
264583.219656764,3843020.74373188,677.386157617804,L3_1,722.0,334.04799836573,12.9405159458472
264583.219656764,3843020.74373188,677.386157617804,L3_1,722.0,311.720746363475,12.8574652177541
264583.219656764,3843020.74373188,677.386157617804,L3_1,722.0,289.030548893934,12.7024231216609
264583.219656764,3843020.74373188,677.386157617804,L3_1,722.0,265.205841550916,12.4870004652153
264583.219656764,3843020.74373188,677.386157617804,L3_1,722.0,240.189898840747,12.2208761311783
264583.219656764,3843020.74373188,677.386157617804,L3_1,722.0,213.92315899507,11.9153933358153
264583.219656764,3843020.74373188,677.386157617804,L3_1,722.0,186.343082157109,11.5824540671641
264583.219656764,3843020.74373188,677.386157617804,L3_1,722.0,157.384001477249,11.2337361118093
264583.219656764,3843020.74373188,677.386157617804,L3_1,722.0,126.976966763397,10.880074257501
264583.219656764,3843020.74373188,677.386157617804,L3_1,722.0,95.049580313852,10.5309724660223
264583.219656764,3843020.74373188,677.386157617804,L3_1,722.0,,
264583.219656764,3843020.74373188,677.386157617804,L3_1,722.0,,
264583.219656764,3843020.74373188,677.386157617804,L3_1,722.0,,
264583.219656764,3843020.74373188,677.386157617804,L3_1,722.0,,
264583.219656764,3843020.74373188,677.386157617804,L3_1,722.0,,
264583.219656764,3843020.74373188,677.386157617804,L3_1,722.0,,
264583.219656764,3843020.74373188,677.386157617804,L3_1,722.0,,
264583.219656764,3843020.74373188,677.386157617804,L3_1,722.0,,
264583.219656764,3843020.74373188,677.386157617804,L3_1,722.0,,
264583.219656764,3843020.74373188,677.386157617804,L3_1,722.0,,
264583.219656764,3843020.74373188,677.386157617804,L3_1,722.0,,
264583.219656764,3843020.74373188,677.386157617804,L3_1,722.0,,
264583.219656764,3843020.74373188,677.386157617804,L3_1,722.0,,
264583.219656764,3843020.74373188,677.386157617804,L3_1,722.0,,
264583.219656764,3843020.74373188,677.386157617804,L3_1,722.0,,
264583.219656764,3843020.74373188,677.386157617804,L3_1,722.0,,
264583.219656764,3843020.74373188,677.386157617804,L3_1,722.0,,
264583.219656764,3843020.74373188,677.386157617804,L3_1,722.0,,
264583.219656764,3843020.74373188,677.386157617804,L3_1,722.0,,
264583.219656764,3843020.74373188,677.386157617804,L3_1,722.0,,
264583.219656764,3843020.74373188,677.386157617804,L3_1,722.0,,
264588.174263983,3843024.13753665,677.860476642328,L3_1,728.0,677.860476642328,32.1691336601361
264588.174263983,3843024.13753665,677.860476642328,L3_1,728.0,672.686037319133,30.8625394625877
264588.174263983,3843024.13753665,677.860476642328,L3_1,728.0,667.252876029779,25.0487973719178
264588.174263983,3843024.13753665,677.860476642328,L3_1,728.0,661.548056675956,16.6183926049123
264588.174263983,3843024.13753665,677.860476642328,L3_1,728.0,655.557996354443,9.83435429036746
264588.174263983,3843024.13753665,677.860476642328,L3_1,728.0,649.268433016853,5.65383158863749
264588.174263983,3843024.13753665,677.860476642328,L3_1,728.0,642.664391512385,3.50665368196139
264588.174263983,3843024.13753665,677.860476642328,L3_1,728.0,635.730147932693,2.57577368965117
264588.174263983,3843024.13753665,677.860476642328,L3_1,728.0,628.449192174016,2.30986035755302
264588.174263983,3843024.13753665,677.860476642328,L3_1,728.0,620.804188627405,2.43631640053072
264588.174263983,3843024.13753665,677.860476642328,L3_1,728.0,612.776934903464,2.83869286827618
264588.174263983,3843024.13753665,677.860476642328,L3_1,728.0,604.348318493326,3.45716229878336
264588.174263983,3843024.13753665,677.860476642328,L3_1,728.0,595.498271262681,4.23519878271609
264588.174263983,3843024.13753665,677.860476642328,L3_1,728.0,586.205721670504,5.10706721099166
264588.174263983,3843024.13753665,677.860476642328,L3_1,728.0,576.448544598718,6.00706594697
264588.174263983,3843024.13753665,677.860476642328,L3_1,728.0,566.203508673342,6.88041849839523
264588.174263983,3843024.13753665,677.860476642328,L3_1,728.0,555.446220951698,7.68915629245596
264588.174263983,3843024.13753665,677.860476642328,L3_1,728.0,544.151068843971,8.41386518048489
264588.174263983,3843024.13753665,677.860476642328,L3_1,728.0,532.291159130859,9.05173595057223
264588.174263983,3843024.13753665,677.860476642328,L3_1,728.0,519.83825393209,9.61158347264249
264588.174263983,3843024.13753665,677.860476642328,L3_1,728.0,506.762703473383,10.1078137474963
264588.174263983,3843024.13753665,677.860476642328,L3_1,728.0,493.033375491741,10.5552355109269
264588.174263983,3843024.13753665,677.860476642328,L3_1,728.0,478.617581111017,10.9655066189995
264588.174263983,3843024.13753665,677.860476642328,L3_1,728.0,463.480997011256,11.3451843849903
264588.174263983,3843024.13753665,677.860476642328,L3_1,728.0,447.587583706508,11.6951173358643
264588.174263983,3843024.13753665,677.860476642328,L3_1,728.0,430.899499736522,12.010915436242
264588.174263983,3843024.13753665,677.860476642328,L3_1,728.0,413.377011568037,12.2842375957409
264588.174263983,3843024.13753665,677.860476642328,L3_1,728.0,394.978398991127,12.5046117516118
264588.174263983,3843024.13753665,677.860476642328,L3_1,728.0,375.659855785372,12.6614968879036
264588.174263983,3843024.13753665,677.860476642328,L3_1,728.0,355.375385419329,12.7462904597588
264588.174263983,3843024.13753665,677.860476642328,L3_1,728.0,334.076691534984,12.7539021986227
264588.174263983,3843024.13753665,677.860476642328,L3_1,728.0,311.720746363475,12.683531029525
264588.174263983,3843024.13753665,677.860476642328,L3_1,728.0,289.030548893934,12.5429440505306
264588.174263983,3843024.13753665,677.860476642328,L3_1,728.0,265.205841550916,12.3431045156231
264588.174263983,3843024.13753665,677.860476642328,L3_1,728.0,240.189898840747,12.0930738296057
264588.174263983,3843024.13753665,677.860476642328,L3_1,728.0,213.92315899507,11.8036187580015
264588.174263983,3843024.13753665,677.860476642328,L3_1,728.0,186.343082157109,11.4861463632982
264588.174263983,3843024.13753665,677.860476642328,L3_1,728.0,157.384001477249,11.1519446750036
264588.174263983,3843024.13753665,677.860476642328,L3_1,728.0,126.976966763397,10.8115734746501
264588.174263983,3843024.13753665,677.860476642328,L3_1,728.0,95.049580313852,10.4743723660244
264588.174263983,3843024.13753665,677.860476642328,L3_1,728.0,,
264588.174263983,3843024.13753665,677.860476642328,L3_1,728.0,,
264588.174263983,3843024.13753665,677.860476642328,L3_1,728.0,,
264588.174263983,3843024.13753665,677.860476642328,L3_1,728.0,,
264588.174263983,3843024.13753665,677.860476642328,L3_1,728.0,,
264588.174263983,3843024.13753665,677.860476642328,L3_1,728.0,,
264588.174263983,3843024.13753665,677.860476642328,L3_1,728.0,,
264588.174263983,3843024.13753665,677.860476642328,L3_1,728.0,,
264588.174263983,3843024.13753665,677.860476642328,L3_1,728.0,,
264588.174263983,3843024.13753665,677.860476642328,L3_1,728.0,,
264588.174263983,3843024.13753665,677.860476642328,L3_1,728.0,,
264588.174263983,3843024.13753665,677.860476642328,L3_1,728.0,,
264588.174263983,3843024.13753665,677.860476642328,L3_1,728.0,,
264588.174263983,3843024.13753665,677.860476642328,L3_1,728.0,,
264588.174263983,3843024.13753665,677.860476642328,L3_1,728.0,,
264588.174263983,3843024.13753665,677.860476642328,L3_1,728.0,,
264588.174263983,3843024.13753665,677.860476642328,L3_1,728.0,,
264588.174263983,3843024.13753665,677.860476642328,L3_1,728.0,,
264588.174263983,3843024.13753665,677.860476642328,L3_1,728.0,,
264588.174263983,3843024.13753665,677.860476642328,L3_1,728.0,,
264588.174263983,3843024.13753665,677.860476642328,L3_1,728.0,,
264593.541755136,3843027.81415849,678.334795666852,L3_1,734.5,678.334795666852,33.0381824582396
264593.541755136,3843027.81415849,678.334795666852,L3_1,734.5,673.153649035026,30.8955999085709
264593.541755136,3843027.81415849,678.334795666852,L3_1,734.5,667.71344507161,24.2064939334545
264593.541755136,3843027.81415849,678.334795666852,L3_1,734.5,662.001230910022,15.9554864197728
264593.541755136,3843027.81415849,678.334795666852,L3_1,734.5,656.003406040355,9.5798613260105
264593.541755136,3843027.81415849,678.334795666852,L3_1,734.5,649.705689927204,5.66257664808799
264593.541755136,3843027.81415849,678.334795666852,L3_1,734.5,643.093088008396,3.62711923386956
264593.541755136,3843027.81415849,678.334795666852,L3_1,734.5,636.149855993648,2.72915538548392
264593.541755136,3843027.81415849,678.334795666852,L3_1,734.5,628.859462378162,2.46628848908253
264593.541755136,3843027.81415849,678.334795666852,L3_1,734.5,621.204549081902,2.58326652867249
264593.541755136,3843027.81415849,678.334795666852,L3_1,734.5,613.166890120829,2.96560706990784
264593.541755136,3843027.81415849,678.334795666852,L3_1,734.5,604.727348211702,3.55223523890614
264593.541755136,3843027.81415849,678.334795666852,L3_1,734.5,595.865829207119,4.28835467614469
264593.541755136,3843027.81415849,678.334795666852,L3_1,734.5,586.561234252307,5.11349655015565
264593.541755136,3843027.81415849,678.334795666852,L3_1,734.5,576.791409549754,5.96782356215345
264593.541755136,3843027.81415849,678.334795666852,L3_1,734.5,566.533093612073,6.80066616379722
264593.541755136,3843027.81415849,678.334795666852,L3_1,734.5,555.761861877509,7.57602611388153
264593.541755136,3843027.81415849,678.334795666852,L3_1,734.5,544.452068556216,8.27481066237323
264593.541755136,3843027.81415849,678.334795666852,L3_1,734.5,532.576785568858,8.89342080507157
264593.541755136,3843027.81415849,678.334795666852,L3_1,734.5,520.107738432133,9.43927634824652
264593.541755136,3843027.81415849,678.334795666852,L3_1,734.5,507.015238938571,9.92526277379548
264593.541755136,3843027.81415849,678.334795666852,L3_1,734.5,493.268114470332,10.3649122187292
264593.541755136,3843027.81415849,678.334795666852,L3_1,734.5,478.83363377868,10.769036982448
264593.541755136,3843027.81415849,678.334795666852,L3_1,734.5,463.677429052446,11.1438107518894
264593.541755136,3843027.81415849,678.334795666852,L3_1,734.5,447.7634140899,11.4900892966722
264593.541755136,3843027.81415849,678.334795666852,L3_1,734.5,431.053698379227,11.8037593400658
264593.541755136,3843027.81415849,678.334795666852,L3_1,734.5,413.50849688302,12.0768859642956
264593.541755136,3843027.81415849,678.334795666852,L3_1,734.5,395.086035312003,12.2993998651946
264593.541755136,3843027.81415849,678.334795666852,L3_1,734.5,375.742450662435,12.4610469484414
264593.541755136,3843027.81415849,678.334795666852,L3_1,734.5,355.431686780388,12.5533209916901
264593.541755136,3843027.81415849,678.334795666852,L3_1,734.5,334.105384704239,12.571004388324
264593.541755136,3843027.81415849,678.334795666852,L3_1,734.5,311.720746363475,12.5129537660467
264593.541755136,3843027.81415849,678.334795666852,L3_1,734.5,289.030548893934,12.3863840819532
264593.541755136,3843027.81415849,678.334795666852,L3_1,734.5,265.205841550916,12.2016454651576
264593.541755136,3843027.81415849,678.334795666852,L3_1,734.5,240.189898840747,11.9672279459359
264593.541755136,3843027.81415849,678.334795666852,L3_1,734.5,213.92315899507,11.6933534531682
264593.541755136,3843027.81415849,678.334795666852,L3_1,734.5,186.343082157109,11.3909545361547
264593.541755136,3843027.81415849,678.334795666852,L3_1,734.5,157.384001477249,11.0709402141174
264593.541755136,3843027.81415849,678.334795666852,L3_1,734.5,126.976966763397,10.7435965827531
264593.541755136,3843027.81415849,678.334795666852,L3_1,734.5,95.049580313852,10.4180949663316
264593.541755136,3843027.81415849,678.334795666852,L3_1,734.5,,
264593.541755136,3843027.81415849,678.334795666852,L3_1,734.5,,
264593.541755136,3843027.81415849,678.334795666852,L3_1,734.5,,
264593.541755136,3843027.81415849,678.334795666852,L3_1,734.5,,
264593.541755136,3843027.81415849,678.334795666852,L3_1,734.5,,
264593.541755136,3843027.81415849,678.334795666852,L3_1,734.5,,
264593.541755136,3843027.81415849,678.334795666852,L3_1,734.5,,
264593.541755136,3843027.81415849,678.334795666852,L3_1,734.5,,
264593.541755136,3843027.81415849,678.334795666852,L3_1,734.5,,
264593.541755136,3843027.81415849,678.334795666852,L3_1,734.5,,
264593.541755136,3843027.81415849,678.334795666852,L3_1,734.5,,
264593.541755136,3843027.81415849,678.334795666852,L3_1,734.5,,
264593.541755136,3843027.81415849,678.334795666852,L3_1,734.5,,
264593.541755136,3843027.81415849,678.334795666852,L3_1,734.5,,
264593.541755136,3843027.81415849,678.334795666852,L3_1,734.5,,
264593.541755136,3843027.81415849,678.334795666852,L3_1,734.5,,
264593.541755136,3843027.81415849,678.334795666852,L3_1,734.5,,
264593.541755136,3843027.81415849,678.334795666852,L3_1,734.5,,
264593.541755136,3843027.81415849,678.334795666852,L3_1,734.5,,
264593.541755136,3843027.81415849,678.334795666852,L3_1,734.5,,
264593.541755136,3843027.81415849,678.334795666852,L3_1,734.5,,
264598.496362355,3843031.20796327,678.571628191993,L3_1,740.5,678.571628191993,33.5424058399254
264598.496362355,3843031.20796327,678.571628191993,L3_1,740.5,673.387132529752,30.8913023312194
264598.496362355,3843031.20796327,678.571628191993,L3_1,740.5,667.943412084398,23.7070758265509
264598.496362355,3843031.20796327,678.571628191993,L3_1,740.5,662.227505616777,15.5726476658486
264598.496362355,3843031.20796327,678.571628191993,L3_1,740.5,656.225803825775,9.42733854073241
264598.496362355,3843031.20796327,678.571628191993,L3_1,740.5,649.924016945223,5.65596211238116
264598.496362355,3843031.20796327,678.571628191993,L3_1,740.5,643.307140720643,3.68319975974004
264598.496362355,3843031.20796327,678.571628191993,L3_1,740.5,636.359420684834,2.80439543140279
264598.496362355,3843031.20796327,678.571628191993,L3_1,740.5,629.064314647235,2.54336095436863
264598.496362355,3843031.20796327,678.571628191993,L3_1,740.5,621.404453307755,2.65468725826398
264598.496362355,3843031.20796327,678.571628191993,L3_1,740.5,613.361598901302,3.0257454200281
264598.496362355,3843031.20796327,678.571628191993,L3_1,740.5,604.916601774526,3.59548752484958
264598.496362355,3843031.20796327,678.571628191993,L3_1,740.5,596.049354791411,4.31032639370097
264598.496362355,3843031.20796327,678.571628191993,L3_1,740.5,586.738745459141,5.11238162262458
264598.496362355,3843031.20796327,678.571628191993,L3_1,740.5,576.962605660257,5.94448145096394
264598.496362355,3843031.20796327,678.571628191993,L3_1,740.5,566.697658871429,6.75776407026025
264598.496362355,3843031.20796327,678.571628191993,L3_1,740.5,555.919464743159,7.51708723227848
264598.496362355,3843031.20796327,678.571628191993,L3_1,740.5,544.602360908476,8.20347833306644
264598.496362355,3843031.20796327,678.571628191993,L3_1,740.5,532.719401882059,8.81294183529775
264598.496362355,3843031.20796327,678.571628191993,L3_1,740.5,520.242294904321,9.35220892274572
264598.496362355,3843031.20796327,678.571628191993,L3_1,740.5,507.141332577696,9.83341399736775
264598.496362355,3843031.20796327,678.571628191993,L3_1,740.5,493.38532213474,10.2694583821111
264598.496362355,3843031.20796327,678.571628191993,L3_1,740.5,478.941511169635,10.6707377347465
264598.496362355,3843031.20796327,678.571628191993,L3_1,740.5,463.775509656276,11.0432392006218
264598.496362355,3843031.20796327,678.571628191993,L3_1,740.5,447.851208067249,11.3878265444496
264598.496362355,3843031.20796327,678.571628191993,L3_1,740.5,431.13069139877,11.7005291191346
264598.496362355,3843031.20796327,678.571628191993,L3_1,740.5,413.574148896868,11.973619199619
264598.496362355,3843031.20796327,678.571628191993,L3_1,740.5,395.13977926987,12.1972333582053
264598.496362355,3843031.20796327,678.571628191993,L3_1,740.5,375.783691161523,12.3612660350824
264598.496362355,3843031.20796327,678.571628191993,L3_1,740.5,355.459798647758,12.4572644869546
264598.496362355,3843031.20796327,678.571628191993,L3_1,740.5,334.119711508305,12.4799526510534
264598.496362355,3843031.20796327,678.571628191993,L3_1,740.5,311.720746363475,12.4280210952849
264598.496362355,3843031.20796327,678.571628191993,L3_1,740.5,289.030548893934,12.3084130067917
264598.496362355,3843031.20796327,678.571628191993,L3_1,740.5,265.205841550916,12.1311755223881
264598.496362355,3843031.20796327,678.571628191993,L3_1,740.5,240.189898840747,11.9045163055288
264598.496362355,3843031.20796327,678.571628191993,L3_1,740.5,213.92315899507,11.6383872600101
264598.496362355,3843031.20796327,678.571628191993,L3_1,740.5,186.343082157109,11.3434854964788
264598.496362355,3843031.20796327,678.571628191993,L3_1,740.5,157.384001477249,11.0305315007672
264598.496362355,3843031.20796327,678.571628191993,L3_1,740.5,126.976966763397,10.7096746837538
264598.496362355,3843031.20796327,678.571628191993,L3_1,740.5,95.049580313852,10.3900018552409
264598.496362355,3843031.20796327,678.571628191993,L3_1,740.5,,
264598.496362355,3843031.20796327,678.571628191993,L3_1,740.5,,
264598.496362355,3843031.20796327,678.571628191993,L3_1,740.5,,
264598.496362355,3843031.20796327,678.571628191993,L3_1,740.5,,
264598.496362355,3843031.20796327,678.571628191993,L3_1,740.5,,
264598.496362355,3843031.20796327,678.571628191993,L3_1,740.5,,
264598.496362355,3843031.20796327,678.571628191993,L3_1,740.5,,
264598.496362355,3843031.20796327,678.571628191993,L3_1,740.5,,
264598.496362355,3843031.20796327,678.571628191993,L3_1,740.5,,
264598.496362355,3843031.20796327,678.571628191993,L3_1,740.5,,
264598.496362355,3843031.20796327,678.571628191993,L3_1,740.5,,
264598.496362355,3843031.20796327,678.571628191993,L3_1,740.5,,
264598.496362355,3843031.20796327,678.571628191993,L3_1,740.5,,
264598.496362355,3843031.20796327,678.571628191993,L3_1,740.5,,
264598.496362355,3843031.20796327,678.571628191993,L3_1,740.5,,
264598.496362355,3843031.20796327,678.571628191993,L3_1,740.5,,
264598.496362355,3843031.20796327,678.571628191993,L3_1,740.5,,
264598.496362355,3843031.20796327,678.571628191993,L3_1,740.5,,
264598.496362355,3843031.20796327,678.571628191993,L3_1,740.5,,
264598.496362355,3843031.20796327,678.571628191993,L3_1,740.5,,
264598.496362355,3843031.20796327,678.571628191993,L3_1,740.5,,
