X,Y,Z,LINE,STN_CORR,Elev_trim,Res_trim
264371.887693893,3842423.16136827,641.473363868758,L4_1,9.5,641.473363868758,18.1852322949388
264371.887693893,3842423.16136827,641.473363868758,L4_1,9.5,636.473363868758,10.9766057028076
264371.887693893,3842423.16136827,641.473363868758,L4_1,9.5,631.223363868758,3.88113658574172
264371.887693893,3842423.16136827,641.473363868758,L4_1,9.5,625.710863868758,1.67829716385241
264371.887693893,3842423.16136827,641.473363868758,L4_1,9.5,619.922738868758,1.29407309835284
264371.887693893,3842423.16136827,641.473363868758,L4_1,9.5,613.845207618758,1.69799961782752
264371.887693893,3842423.16136827,641.473363868758,L4_1,9.5,607.463799806258,2.65240863248361
264371.887693893,3842423.16136827,641.473363868758,L4_1,9.5,600.763321603133,3.93876416614403
264371.887693893,3842423.16136827,641.473363868758,L4_1,9.5,593.727819489851,5.50827803738089
264371.887693893,3842423.16136827,641.473363868758,L4_1,9.5,586.340542270906,7.44468863131097
264371.887693893,3842423.16136827,641.473363868758,L4_1,9.5,578.583901191013,9.70246604206043
264371.887693893,3842423.16136827,641.473363868758,L4_1,9.5,570.439428057126,12.0462653520488
264371.887693893,3842423.16136827,641.473363868758,L4_1,9.5,561.887731266545,14.202110650372
264371.887693893,3842423.16136827,641.473363868758,L4_1,9.5,552.908449636434,16.0115333316344
264371.887693893,3842423.16136827,641.473363868758,L4_1,9.5,543.480203924818,17.4451116688465
264371.887693893,3842423.16136827,641.473363868758,L4_1,9.5,533.580545927621,18.5303006427742
264371.887693893,3842423.16136827,641.473363868758,L4_1,9.5,523.185905030564,19.295073410698
264371.887693893,3842423.16136827,641.473363868758,L4_1,9.5,512.271532088654,19.7542408964642
264371.887693893,3842423.16136827,641.473363868758,L4_1,9.5,500.811440499649,19.9186632425371
264371.887693893,3842423.16136827,641.473363868758,L4_1,9.5,488.778344331194,19.8071393846701
264371.887693893,3842423.16136827,641.473363868758,L4_1,9.5,476.143593354315,19.4522981078061
264371.887693893,3842423.16136827,641.473363868758,L4_1,9.5,462.877104828593,18.8996496330695
264371.887693893,3842423.16136827,641.473363868758,L4_1,9.5,448.947291876585,18.202310163514
264371.887693893,3842423.16136827,641.473363868758,L4_1,9.5,434.320988276976,17.4144584050761
264371.887693893,3842423.16136827,641.473363868758,L4_1,9.5,418.963369497387,16.5856762602398
264371.887693893,3842423.16136827,641.473363868758,L4_1,9.5,402.837869778819,15.7571356497782
264371.887693893,3842423.16136827,641.473363868758,L4_1,9.5,385.906095074322,14.9597464242469
264371.887693893,3842423.16136827,641.473363868758,L4_1,9.5,368.1277316346,14.2139212162898
264371.887693893,3842423.16136827,641.473363868758,L4_1,9.5,349.460450022892,13.5304780036229
264371.887693893,3842423.16136827,641.473363868758,L4_1,9.5,329.859804330599,12.9122566885298
264371.887693893,3842423.16136827,641.473363868758,L4_1,9.5,309.279126353691,12.3561506927036
264371.887693893,3842423.16136827,641.473363868758,L4_1,9.5,287.669414477938,11.8553804231256
264371.887693893,3842423.16136827,641.473363868758,L4_1,9.5,264.979217008397,11.4013652147825
264371.887693893,3842423.16136827,641.473363868758,L4_1,9.5,241.154509665379,10.984905837249
264371.887693893,3842423.16136827,641.473363868758,L4_1,9.5,216.13856695521,10.5971634228623
264371.887693893,3842423.16136827,641.473363868758,L4_1,9.5,189.871827109532,10.2307234317661
264371.887693893,3842423.16136827,641.473363868758,L4_1,9.5,162.291750271571,9.88032849466562
264371.887693893,3842423.16136827,641.473363868758,L4_1,9.5,133.332669591712,9.54298255902543
264371.887693893,3842423.16136827,641.473363868758,L4_1,9.5,102.925634877859,9.21772247184234
264371.887693893,3842423.16136827,641.473363868758,L4_1,9.5,70.9982484283146,8.90522734600175
264371.887693893,3842423.16136827,641.473363868758,L4_1,9.5,,
264371.887693893,3842423.16136827,641.473363868758,L4_1,9.5,,
264371.887693893,3842423.16136827,641.473363868758,L4_1,9.5,,
264371.887693893,3842423.16136827,641.473363868758,L4_1,9.5,,
264371.887693893,3842423.16136827,641.473363868758,L4_1,9.5,,
264371.887693893,3842423.16136827,641.473363868758,L4_1,9.5,,
264371.887693893,3842423.16136827,641.473363868758,L4_1,9.5,,
264371.887693893,3842423.16136827,641.473363868758,L4_1,9.5,,
264371.887693893,3842423.16136827,641.473363868758,L4_1,9.5,,
264371.887693893,3842423.16136827,641.473363868758,L4_1,9.5,,
264371.887693893,3842423.16136827,641.473363868758,L4_1,9.5,,
264371.887693893,3842423.16136827,641.473363868758,L4_1,9.5,,
264371.887693893,3842423.16136827,641.473363868758,L4_1,9.5,,
264371.887693893,3842423.16136827,641.473363868758,L4_1,9.5,,
264371.887693893,3842423.16136827,641.473363868758,L4_1,9.5,,
264371.887693893,3842423.16136827,641.473363868758,L4_1,9.5,,
264371.887693893,3842423.16136827,641.473363868758,L4_1,9.5,,
264371.887693893,3842423.16136827,641.473363868758,L4_1,9.5,,
264371.887693893,3842423.16136827,641.473363868758,L4_1,9.5,,
264371.887693893,3842423.16136827,641.473363868758,L4_1,9.5,,
264371.887693893,3842423.16136827,641.473363868758,L4_1,9.5,,
264376.841573831,3842426.55524943,641.599002425272,L4_1,15.5,641.599002425272,14.8000784878702
264376.841573831,3842426.55524943,641.599002425272,L4_1,15.5,636.597225780165,9.3993364264401
264376.841573831,3842426.55524943,641.599002425272,L4_1,15.5,631.345360302801,3.97384993891261
264376.841573831,3842426.55524943,641.599002425272,L4_1,15.5,625.83090155157,2.12209114949062
264376.841573831,3842426.55524943,641.599002425272,L4_1,15.5,620.040719862777,1.69654121639971
264376.841573831,3842426.55524943,641.599002425272,L4_1,15.5,613.961029089545,1.93062085294251
264376.841573831,3842426.55524943,641.599002425272,L4_1,15.5,607.57735377765,2.58882958665738
264376.841573831,3842426.55524943,641.599002425272,L4_1,15.5,600.874494700162,3.58651744401606
264376.841573831,3842426.55524943,641.599002425272,L4_1,15.5,593.836492668798,5.01075707702226
264376.841573831,3842426.55524943,641.599002425272,L4_1,15.5,586.446590535867,6.97495204373352
264376.841573831,3842426.55524943,641.599002425272,L4_1,15.5,578.687193296289,9.41470985780894
264376.841573831,3842426.55524943,641.599002425272,L4_1,15.5,570.539826194732,12.0337156780346
264376.841573831,3842426.55524943,641.599002425272,L4_1,15.5,561.985090738097,14.4693892420279
264376.841573831,3842426.55524943,641.599002425272,L4_1,15.5,553.00261850863,16.4953518264731
264376.841573831,3842426.55524943,641.599002425272,L4_1,15.5,543.57102266769,18.0605094222231
264376.841573831,3842426.55524943,641.599002425272,L4_1,15.5,533.667847034703,19.2034518323111
264376.841573831,3842426.55524943,641.599002425272,L4_1,15.5,523.269512620067,19.9733144944657
264376.841573831,3842426.55524943,641.599002425272,L4_1,15.5,512.351261484699,20.4036136676854
264376.841573831,3842426.55524943,641.599002425272,L4_1,15.5,500.887097792562,20.5186931989993
264376.841573831,3842426.55524943,641.599002425272,L4_1,15.5,488.849725915819,20.3466990050057
264376.841573831,3842426.55524943,641.599002425272,L4_1,15.5,476.210485445239,19.9269066491322
264376.841573831,3842426.55524943,641.599002425272,L4_1,15.5,462.939282951129,19.3096192400621
264376.841573831,3842426.55524943,641.599002425272,L4_1,15.5,449.004520332314,18.5512797602543
264376.841573831,3842426.55524943,641.599002425272,L4_1,15.5,434.373019582558,17.708142559475
264376.841573831,3842426.55524943,641.599002425272,L4_1,15.5,419.009943795315,16.8308308544875
264376.841573831,3842426.55524943,641.599002425272,L4_1,15.5,402.878714218709,15.9607664071555
264376.841573831,3842426.55524943,641.599002425272,L4_1,15.5,385.940923163273,15.128559758841
264376.841573831,3842426.55524943,641.599002425272,L4_1,15.5,368.156242555066,14.3539871296561
264376.841573831,3842426.55524943,641.599002425272,L4_1,15.5,349.482327916447,13.6470543992627
264376.841573831,3842426.55524943,641.599002425272,L4_1,15.5,329.874717545898,13.0097284458391
264376.841573831,3842426.55524943,641.599002425272,L4_1,15.5,309.286726656822,12.4380685265915
264376.841573831,3842426.55524943,641.599002425272,L4_1,15.5,287.669414477938,11.9246062958366
264376.841573831,3842426.55524943,641.599002425272,L4_1,15.5,264.979217008397,11.4602207189458
264376.841573831,3842426.55524943,641.599002425272,L4_1,15.5,241.154509665379,11.0352477546366
264376.841573831,3842426.55524943,641.599002425272,L4_1,15.5,216.13856695521,10.6404119164569
264376.841573831,3842426.55524943,641.599002425272,L4_1,15.5,189.871827109532,10.2679160296588
264376.841573831,3842426.55524943,641.599002425272,L4_1,15.5,162.291750271571,9.91222804879147
264376.841573831,3842426.55524943,641.599002425272,L4_1,15.5,133.332669591712,9.57017562560893
264376.841573831,3842426.55524943,641.599002425272,L4_1,15.5,102.925634877859,9.24068815837419
264376.841573831,3842426.55524943,641.599002425272,L4_1,15.5,70.9982484283146,8.92438389304003
264376.841573831,3842426.55524943,641.599002425272,L4_1,15.5,,
264376.841573831,3842426.55524943,641.599002425272,L4_1,15.5,,
264376.841573831,3842426.55524943,641.599002425272,L4_1,15.5,,
264376.841573831,3842426.55524943,641.599002425272,L4_1,15.5,,
264376.841573831,3842426.55524943,641.599002425272,L4_1,15.5,,
264376.841573831,3842426.55524943,641.599002425272,L4_1,15.5,,
264376.841573831,3842426.55524943,641.599002425272,L4_1,15.5,,
264376.841573831,3842426.55524943,641.599002425272,L4_1,15.5,,
264376.841573831,3842426.55524943,641.599002425272,L4_1,15.5,,
264376.841573831,3842426.55524943,641.599002425272,L4_1,15.5,,
264376.841573831,3842426.55524943,641.599002425272,L4_1,15.5,,
264376.841573831,3842426.55524943,641.599002425272,L4_1,15.5,,
264376.841573831,3842426.55524943,641.599002425272,L4_1,15.5,,
264376.841573831,3842426.55524943,641.599002425272,L4_1,15.5,,
264376.841573831,3842426.55524943,641.599002425272,L4_1,15.5,,
264376.841573831,3842426.55524943,641.599002425272,L4_1,15.5,,
264376.841573831,3842426.55524943,641.599002425272,L4_1,15.5,,
264376.841573831,3842426.55524943,641.599002425272,L4_1,15.5,,
264376.841573831,3842426.55524943,641.599002425272,L4_1,15.5,,
264376.841573831,3842426.55524943,641.599002425272,L4_1,15.5,,
264376.841573831,3842426.55524943,641.599002425272,L4_1,15.5,,
264382.208277097,3842430.23195402,641.850446634873,L4_1,22.0,641.850446634873,9.27429888098122
264382.208277097,3842430.23195402,641.850446634873,L4_1,22.0,636.84511433665,7.0165853023504
264382.208277097,3842430.23195402,641.850446634873,L4_1,22.0,631.589515423516,4.39064915432295
264382.208277097,3842430.23195402,641.850446634873,L4_1,22.0,626.071136564725,3.23480433644885
264382.208277097,3842430.23195402,641.850446634873,L4_1,22.0,620.276838762994,2.64272349181798
264382.208277097,3842430.23195402,641.850446634873,L4_1,22.0,614.192826071177,2.35735011110663
264382.208277097,3842430.23195402,641.850446634873,L4_1,22.0,607.804612744769,2.40880985672756
264382.208277097,3842430.23195402,641.850446634873,L4_1,22.0,601.096988752041,2.90393350816222
264382.208277097,3842430.23195402,641.850446634873,L4_1,22.0,594.053983559676,4.04746699192695
264382.208277097,3842430.23195402,641.850446634873,L4_1,22.0,586.658828107693,6.02132344002594
264382.208277097,3842430.23195402,641.850446634873,L4_1,22.0,578.893914883111,8.78501782350831
264382.208277097,3842430.23195402,641.850446634873,L4_1,22.0,570.7407559973,11.9505550435508
264382.208277097,3842430.23195402,641.850446634873,L4_1,22.0,562.179939167198,14.9676348198618
264382.208277097,3842430.23195402,641.850446634873,L4_1,22.0,553.191081495592,17.4523392398077
264382.208277097,3842430.23195402,641.850446634873,L4_1,22.0,543.752780940404,19.2987718140287
264382.208277097,3842430.23195402,641.850446634873,L4_1,22.0,533.842565357458,20.5665208114894
264382.208277097,3842430.23195402,641.850446634873,L4_1,22.0,523.436838995364,21.3495735760843
264382.208277097,3842430.23195402,641.850446634873,L4_1,22.0,512.510826315165,21.7215353026409
264382.208277097,3842430.23195402,641.850446634873,L4_1,22.0,501.038513000957,21.7355915664765
264382.208277097,3842430.23195402,641.850446634873,L4_1,22.0,488.992584021038,21.4397142639509
264382.208277097,3842430.23195402,641.850446634873,L4_1,22.0,476.344358592123,20.8870996011768
264382.208277097,3842430.23195402,641.850446634873,L4_1,22.0,463.063721891763,20.1379462616449
264382.208277097,3842430.23195402,641.850446634873,L4_1,22.0,449.119053356384,19.255467991997
264382.208277097,3842430.23195402,641.850446634873,L4_1,22.0,434.477151394237,18.3000770188123
264382.208277097,3842430.23195402,641.850446634873,L4_1,22.0,419.103154333982,17.3244295318739
264382.208277097,3842430.23195402,641.850446634873,L4_1,22.0,402.960457420714,16.3703760533881
264382.208277097,3842430.23195402,641.850446634873,L4_1,22.0,386.010625661783,15.4678554902004
264382.208277097,3842430.23195402,641.850446634873,L4_1,22.0,368.213302314905,14.6353062427049
264382.208277097,3842430.23195402,641.850446634873,L4_1,22.0,349.526112800684,13.8810563442322
264382.208277097,3842430.23195402,641.850446634873,L4_1,22.0,329.904563810751,13.2052845134877
264382.208277097,3842430.23195402,641.850446634873,L4_1,22.0,309.301937371322,12.6023506891519
264382.208277097,3842430.23195402,641.850446634873,L4_1,22.0,287.669414477938,12.0633874069196
264382.208277097,3842430.23195402,641.850446634873,L4_1,22.0,264.979217008397,11.5781784981694
264382.208277097,3842430.23195402,641.850446634873,L4_1,22.0,241.154509665379,11.1361198760975
264382.208277097,3842430.23195402,641.850446634873,L4_1,22.0,216.13856695521,10.7270544660875
264382.208277097,3842430.23195402,641.850446634873,L4_1,22.0,189.871827109532,10.3424141313527
264382.208277097,3842430.23195402,641.850446634873,L4_1,22.0,162.291750271571,9.97611400195459
264382.208277097,3842430.23195402,641.850446634873,L4_1,22.0,133.332669591712,9.62462720741805
264382.208277097,3842430.23195402,641.850446634873,L4_1,22.0,102.925634877859,9.28666731488066
264382.208277097,3842430.23195402,641.850446634873,L4_1,22.0,70.9982484283146,8.96273036353402
264382.208277097,3842430.23195402,641.850446634873,L4_1,22.0,,
264382.208277097,3842430.23195402,641.850446634873,L4_1,22.0,,
264382.208277097,3842430.23195402,641.850446634873,L4_1,22.0,,
264382.208277097,3842430.23195402,641.850446634873,L4_1,22.0,,
264382.208277097,3842430.23195402,641.850446634873,L4_1,22.0,,
264382.208277097,3842430.23195402,641.850446634873,L4_1,22.0,,
264382.208277097,3842430.23195402,641.850446634873,L4_1,22.0,,
264382.208277097,3842430.23195402,641.850446634873,L4_1,22.0,,
264382.208277097,3842430.23195402,641.850446634873,L4_1,22.0,,
264382.208277097,3842430.23195402,641.850446634873,L4_1,22.0,,
264382.208277097,3842430.23195402,641.850446634873,L4_1,22.0,,
264382.208277097,3842430.23195402,641.850446634873,L4_1,22.0,,
264382.208277097,3842430.23195402,641.850446634873,L4_1,22.0,,
264382.208277097,3842430.23195402,641.850446634873,L4_1,22.0,,
264382.208277097,3842430.23195402,641.850446634873,L4_1,22.0,,
264382.208277097,3842430.23195402,641.850446634873,L4_1,22.0,,
264382.208277097,3842430.23195402,641.850446634873,L4_1,22.0,,
264382.208277097,3842430.23195402,641.850446634873,L4_1,22.0,,
264382.208277097,3842430.23195402,641.850446634873,L4_1,22.0,,
264382.208277097,3842430.23195402,641.850446634873,L4_1,22.0,,
264382.208277097,3842430.23195402,641.850446634873,L4_1,22.0,,
264387.162702876,3842433.62582371,642.101890844473,L4_1,28.0,642.101890844473,6.14305700773425
264387.162702876,3842433.62582371,642.101890844473,L4_1,28.0,637.093002893135,6.60691188912708
264387.162702876,3842433.62582371,642.101890844473,L4_1,28.0,631.83367054423,7.2082685467372
264387.162702876,3842433.62582371,642.101890844473,L4_1,28.0,626.311371577879,6.2797382658491
264387.162702876,3842433.62582371,642.101890844473,L4_1,28.0,620.512957663211,4.27602044206284
264387.162702876,3842433.62582371,642.101890844473,L4_1,28.0,614.42462305281,2.79827409002283
264387.162702876,3842433.62582371,642.101890844473,L4_1,28.0,608.031871711888,2.17451636578541
264387.162702876,3842433.62582371,642.101890844473,L4_1,28.0,601.31948280392,2.28260244344318
264387.162702876,3842433.62582371,642.101890844473,L4_1,28.0,594.271474450554,3.16793730197453
264387.162702876,3842433.62582371,642.101890844473,L4_1,28.0,586.87106567952,5.03207907002284
264387.162702876,3842433.62582371,642.101890844473,L4_1,28.0,579.100636469934,7.9396022917668
264387.162702876,3842433.62582371,642.101890844473,L4_1,28.0,570.941685799869,11.517301230965
264387.162702876,3842433.62582371,642.101890844473,L4_1,28.0,562.3747875963,15.0731687239352
264387.162702876,3842433.62582371,642.101890844473,L4_1,28.0,553.379544482553,18.0450119056195
264387.162702876,3842433.62582371,642.101890844473,L4_1,28.0,543.934539213119,20.2324707749314
264387.162702876,3842433.62582371,642.101890844473,L4_1,28.0,534.017283680212,21.689056900961
264387.162702876,3842433.62582371,642.101890844473,L4_1,28.0,523.604165370661,22.5419926830233
264387.162702876,3842433.62582371,642.101890844473,L4_1,28.0,512.670391145632,22.9019842961132
264387.162702876,3842433.62582371,642.101890844473,L4_1,28.0,501.189928209352,22.8514042252413
264387.162702876,3842433.62582371,642.101890844473,L4_1,28.0,489.135442126257,22.4593761104008
264387.162702876,3842433.62582371,642.101890844473,L4_1,28.0,476.478231739008,21.7945581254146
264387.162702876,3842433.62582371,642.101890844473,L4_1,28.0,463.188160832396,20.928559929344
264387.162702876,3842433.62582371,642.101890844473,L4_1,28.0,449.233586380454,19.9327271042873
264387.162702876,3842433.62582371,642.101890844473,L4_1,28.0,434.581283205915,18.8727706461855
264387.162702876,3842433.62582371,642.101890844473,L4_1,28.0,419.196364872649,17.8042695797606
264387.162702876,3842433.62582371,642.101890844473,L4_1,28.0,403.042200622719,16.7701586648824
264387.162702876,3842433.62582371,642.101890844473,L4_1,28.0,386.080328160293,15.800168769461
264387.162702876,3842433.62582371,642.101890844473,L4_1,28.0,368.270362074745,14.9117129015297
264387.162702876,3842433.62582371,642.101890844473,L4_1,28.0,349.569897684921,14.1116483854647
264387.162702876,3842433.62582371,642.101890844473,L4_1,28.0,329.934410075605,13.3984997738269
264387.162702876,3842433.62582371,642.101890844473,L4_1,28.0,309.317148085823,12.7650218460556
264387.162702876,3842433.62582371,642.101890844473,L4_1,28.0,287.669414477938,12.2010417978518
264387.162702876,3842433.62582371,642.101890844473,L4_1,28.0,264.979217008397,11.6953392012349
264387.162702876,3842433.62582371,642.101890844473,L4_1,28.0,241.154509665379,11.2364357163292
264387.162702876,3842433.62582371,642.101890844473,L4_1,28.0,216.13856695521,10.8133205112684
264387.162702876,3842433.62582371,642.101890844473,L4_1,28.0,189.871827109532,10.4166589850691
264387.162702876,3842433.62582371,642.101890844473,L4_1,28.0,162.291750271571,10.0398214508461
264387.162702876,3842433.62582371,642.101890844473,L4_1,28.0,133.332669591712,9.67894042566227
264387.162702876,3842433.62582371,642.101890844473,L4_1,28.0,102.925634877859,9.332527598688
264387.162702876,3842433.62582371,642.101890844473,L4_1,28.0,70.9982484283146,9.00096757596156
264387.162702876,3842433.62582371,642.101890844473,L4_1,28.0,,
264387.162702876,3842433.62582371,642.101890844473,L4_1,28.0,,
264387.162702876,3842433.62582371,642.101890844473,L4_1,28.0,,
264387.162702876,3842433.62582371,642.101890844473,L4_1,28.0,,
264387.162702876,3842433.62582371,642.101890844473,L4_1,28.0,,
264387.162702876,3842433.62582371,642.101890844473,L4_1,28.0,,
264387.162702876,3842433.62582371,642.101890844473,L4_1,28.0,,
264387.162702876,3842433.62582371,642.101890844473,L4_1,28.0,,
264387.162702876,3842433.62582371,642.101890844473,L4_1,28.0,,
264387.162702876,3842433.62582371,642.101890844473,L4_1,28.0,,
264387.162702876,3842433.62582371,642.101890844473,L4_1,28.0,,
264387.162702876,3842433.62582371,642.101890844473,L4_1,28.0,,
264387.162702876,3842433.62582371,642.101890844473,L4_1,28.0,,
264387.162702876,3842433.62582371,642.101890844473,L4_1,28.0,,
264387.162702876,3842433.62582371,642.101890844473,L4_1,28.0,,
264387.162702876,3842433.62582371,642.101890844473,L4_1,28.0,,
264387.162702876,3842433.62582371,642.101890844473,L4_1,28.0,,
264387.162702876,3842433.62582371,642.101890844473,L4_1,28.0,,
264387.162702876,3842433.62582371,642.101890844473,L4_1,28.0,,
264387.162702876,3842433.62582371,642.101890844473,L4_1,28.0,,
264387.162702876,3842433.62582371,642.101890844473,L4_1,28.0,,
264392.530588797,3842437.30250345,642.353335054074,L4_1,34.5,642.353335054074,4.49176202004344
264392.530588797,3842437.30250345,642.353335054074,L4_1,34.5,637.34089144962,7.61022716082127
264392.530588797,3842437.30250345,642.353335054074,L4_1,34.5,632.077825664944,14.9194688642438
264392.530588797,3842437.30250345,642.353335054074,L4_1,34.5,626.551606591034,13.5522741139811
264392.530588797,3842437.30250345,642.353335054074,L4_1,34.5,620.749076563428,7.2071257284897
264392.530588797,3842437.30250345,642.353335054074,L4_1,34.5,614.656420034442,3.42228579857284
264392.530588797,3842437.30250345,642.353335054074,L4_1,34.5,608.259130679007,2.02034682390849
264392.530588797,3842437.30250345,642.353335054074,L4_1,34.5,601.5419768558,1.82937153192543
264392.530588797,3842437.30250345,642.353335054074,L4_1,34.5,594.488965341432,2.48639847853962
264392.530588797,3842437.30250345,642.353335054074,L4_1,34.5,587.083303251347,4.15289337455057
264392.530588797,3842437.30250345,642.353335054074,L4_1,34.5,579.307358056757,7.02344789313844
264392.530588797,3842437.30250345,642.353335054074,L4_1,34.5,571.142615602437,10.8354846916862
264392.530588797,3842437.30250345,642.353335054074,L4_1,34.5,562.569636025402,14.83544110156
264392.530588797,3842437.30250345,642.353335054074,L4_1,34.5,553.568007469514,18.2874690850701
264392.530588797,3842437.30250345,642.353335054074,L4_1,34.5,544.116297485833,20.8587433325172
264392.530588797,3842437.30250345,642.353335054074,L4_1,34.5,534.192002002967,22.5624268568429
264392.530588797,3842437.30250345,642.353335054074,L4_1,34.5,523.771491745958,23.5413701451542
264392.530588797,3842437.30250345,642.353335054074,L4_1,34.5,512.829955976099,23.9371427641862
264392.530588797,3842437.30250345,642.353335054074,L4_1,34.5,501.341343417746,23.8601533047522
264392.530588797,3842437.30250345,642.353335054074,L4_1,34.5,489.278300231476,23.4013897974332
264392.530588797,3842437.30250345,642.353335054074,L4_1,34.5,476.612104885893,22.6463175582747
264392.530588797,3842437.30250345,642.353335054074,L4_1,34.5,463.31259977303,21.6794637949538
264392.530588797,3842437.30250345,642.353335054074,L4_1,34.5,449.348119404524,20.5817299622995
264392.530588797,3842437.30250345,642.353335054074,L4_1,34.5,434.685415017593,19.4253449805426
264392.530588797,3842437.30250345,642.353335054074,L4_1,34.5,419.289575411315,18.2697689614925
264392.530588797,3842437.30250345,642.353335054074,L4_1,34.5,403.123943824724,17.1597273278719
264392.530588797,3842437.30250345,642.353335054074,L4_1,34.5,386.150030658803,16.1252418098647
264392.530588797,3842437.30250345,642.353335054074,L4_1,34.5,368.327421834585,15.1830353106865
264392.530588797,3842437.30250345,642.353335054074,L4_1,34.5,349.613682569157,14.3387164611116
264392.530588797,3842437.30250345,642.353335054074,L4_1,34.5,329.964256340458,13.5892991086475
264392.530588797,3842437.30250345,642.353335054074,L4_1,34.5,309.332358800323,12.9260330818161
264392.530588797,3842437.30250345,642.353335054074,L4_1,34.5,287.669414477938,12.3375384186312
264392.530588797,3842437.30250345,642.353335054074,L4_1,34.5,264.979217008397,11.8116837277979
264392.530588797,3842437.30250345,642.353335054074,L4_1,34.5,241.154509665379,11.3361838364196
264392.530588797,3842437.30250345,642.353335054074,L4_1,34.5,216.13856695521,10.8992035050205
264392.530588797,3842437.30250345,642.353335054074,L4_1,34.5,189.871827109532,10.4906469558493
264392.530588797,3842437.30250345,642.353335054074,L4_1,34.5,162.291750271571,10.1033483702132
264392.530588797,3842437.30250345,642.353335054074,L4_1,34.5,133.332669591712,9.73311411945294
264392.530588797,3842437.30250345,642.353335054074,L4_1,34.5,102.925634877859,9.3782682798001
264392.530588797,3842437.30250345,642.353335054074,L4_1,34.5,70.9982484283146,9.03909500002796
264392.530588797,3842437.30250345,642.353335054074,L4_1,34.5,,
264392.530588797,3842437.30250345,642.353335054074,L4_1,34.5,,
264392.530588797,3842437.30250345,642.353335054074,L4_1,34.5,,
264392.530588797,3842437.30250345,642.353335054074,L4_1,34.5,,
264392.530588797,3842437.30250345,642.353335054074,L4_1,34.5,,
264392.530588797,3842437.30250345,642.353335054074,L4_1,34.5,,
264392.530588797,3842437.30250345,642.353335054074,L4_1,34.5,,
264392.530588797,3842437.30250345,642.353335054074,L4_1,34.5,,
264392.530588797,3842437.30250345,642.353335054074,L4_1,34.5,,
264392.530588797,3842437.30250345,642.353335054074,L4_1,34.5,,
264392.530588797,3842437.30250345,642.353335054074,L4_1,34.5,,
264392.530588797,3842437.30250345,642.353335054074,L4_1,34.5,,
264392.530588797,3842437.30250345,642.353335054074,L4_1,34.5,,
264392.530588797,3842437.30250345,642.353335054074,L4_1,34.5,,
264392.530588797,3842437.30250345,642.353335054074,L4_1,34.5,,
264392.530588797,3842437.30250345,642.353335054074,L4_1,34.5,,
264392.530588797,3842437.30250345,642.353335054074,L4_1,34.5,,
264392.530588797,3842437.30250345,642.353335054074,L4_1,34.5,,
264392.530588797,3842437.30250345,642.353335054074,L4_1,34.5,,
264392.530588797,3842437.30250345,642.353335054074,L4_1,34.5,,
264392.530588797,3842437.30250345,642.353335054074,L4_1,34.5,,
264397.485560417,3842440.69636167,642.592878329197,L4_1,40.5,642.592878329197,3.82824701957515
264397.485560417,3842440.69636167,642.592878329197,L4_1,40.5,637.577047361822,7.24412784944214
264397.485560417,3842440.69636167,642.592878329197,L4_1,40.5,632.310424846078,16.376630829233
264397.485560417,3842440.69636167,642.592878329197,L4_1,40.5,626.780471204547,15.3951610528251
264397.485560417,3842440.69636167,642.592878329197,L4_1,40.5,620.974019880939,8.05527079653806
264397.485560417,3842440.69636167,642.592878329197,L4_1,40.5,614.877245991151,3.58461321361492
264397.485560417,3842440.69636167,642.592878329197,L4_1,40.5,608.475633406873,1.91751903704099
264397.485560417,3842440.69636167,642.592878329197,L4_1,40.5,601.753940193382,1.6048543066969
264397.485560417,3842440.69636167,642.592878329197,L4_1,40.5,594.696162319216,2.13049885124751
264397.485560417,3842440.69636167,642.592878329197,L4_1,40.5,587.285495551342,3.63438045643029
264397.485560417,3842440.69636167,642.592878329197,L4_1,40.5,579.504295445074,6.39520630859721
264397.485560417,3842440.69636167,642.592878329197,L4_1,40.5,571.334035333492,10.2691455947088
264397.485560417,3842440.69636167,642.592878329197,L4_1,40.5,562.755262216332,14.523330312642
264397.485560417,3842440.69636167,642.592878329197,L4_1,40.5,553.747550443314,18.3235861248923
264397.485560417,3842440.69636167,642.592878329197,L4_1,40.5,544.289453081644,21.2226900205714
264397.485560417,3842440.69636167,642.592878329197,L4_1,40.5,534.358450851891,23.1736400256088
264397.485560417,3842440.69636167,642.592878329197,L4_1,40.5,523.930898510651,24.3087721067294
264397.485560417,3842440.69636167,642.592878329197,L4_1,40.5,512.981968552348,24.7815761312484
264397.485560417,3842440.69636167,642.592878329197,L4_1,40.5,501.485592096131,24.7196565631064
264397.485560417,3842440.69636167,642.592878329197,L4_1,40.5,489.414396817102,24.230641824494
264397.485560417,3842440.69636167,642.592878329197,L4_1,40.5,476.739641774122,23.4149637051869
264397.485560417,3842440.69636167,642.592878329197,L4_1,40.5,463.431148978993,22.3701100480769
264397.485560417,3842440.69636167,642.592878329197,L4_1,40.5,449.457231544108,21.1874761495055
264397.485560417,3842440.69636167,642.592878329197,L4_1,40.5,434.784618237478,19.9470247545582
264397.485560417,3842440.69636167,642.592878329197,L4_1,40.5,419.378374265517,18.7132586709809
264397.485560417,3842440.69636167,642.592878329197,L4_1,40.5,403.201818094958,17.5336472277668
264397.485560417,3842440.69636167,642.592878329197,L4_1,40.5,386.216434115871,16.4392234179356
264397.485560417,3842440.69636167,642.592878329197,L4_1,40.5,368.381780937829,15.4465395032627
264397.485560417,3842440.69636167,642.592878329197,L4_1,40.5,349.655395100886,14.5603148359752
264397.485560417,3842440.69636167,642.592878329197,L4_1,40.5,329.992689972095,13.7762962802456
264397.485560417,3842440.69636167,642.592878329197,L4_1,40.5,309.346849586865,13.0843981440681
264397.485560417,3842440.69636167,642.592878329197,L4_1,40.5,287.669414477938,12.4721742329148
264397.485560417,3842440.69636167,642.592878329197,L4_1,40.5,264.979217008397,11.9267097471293
264397.485560417,3842440.69636167,642.592878329197,L4_1,40.5,241.154509665379,11.4350041009497
264397.485560417,3842440.69636167,642.592878329197,L4_1,40.5,216.13856695521,10.9844410743625
264397.485560417,3842440.69636167,642.592878329197,L4_1,40.5,189.871827109532,10.5641828490799
264397.485560417,3842440.69636167,642.592878329197,L4_1,40.5,162.291750271571,10.1665473373215
264397.485560417,3842440.69636167,642.592878329197,L4_1,40.5,133.332669591712,9.78703577184926
264397.485560417,3842440.69636167,642.592878329197,L4_1,40.5,102.925634877859,9.42380282948446
264397.485560417,3842440.69636167,642.592878329197,L4_1,40.5,70.9982484283146,9.07704585316427
264397.485560417,3842440.69636167,642.592878329197,L4_1,40.5,,
264397.485560417,3842440.69636167,642.592878329197,L4_1,40.5,,
264397.485560417,3842440.69636167,642.592878329197,L4_1,40.5,,
264397.485560417,3842440.69636167,642.592878329197,L4_1,40.5,,
264397.485560417,3842440.69636167,642.592878329197,L4_1,40.5,,
264397.485560417,3842440.69636167,642.592878329197,L4_1,40.5,,
264397.485560417,3842440.69636167,642.592878329197,L4_1,40.5,,
264397.485560417,3842440.69636167,642.592878329197,L4_1,40.5,,
264397.485560417,3842440.69636167,642.592878329197,L4_1,40.5,,
264397.485560417,3842440.69636167,642.592878329197,L4_1,40.5,,
264397.485560417,3842440.69636167,642.592878329197,L4_1,40.5,,
264397.485560417,3842440.69636167,642.592878329197,L4_1,40.5,,
264397.485560417,3842440.69636167,642.592878329197,L4_1,40.5,,
264397.485560417,3842440.69636167,642.592878329197,L4_1,40.5,,
264397.485560417,3842440.69636167,642.592878329197,L4_1,40.5,,
264397.485560417,3842440.69636167,642.592878329197,L4_1,40.5,,
264397.485560417,3842440.69636167,642.592878329197,L4_1,40.5,,
264397.485560417,3842440.69636167,642.592878329197,L4_1,40.5,,
264397.485560417,3842440.69636167,642.592878329197,L4_1,40.5,,
264397.485560417,3842440.69636167,642.592878329197,L4_1,40.5,,
264397.485560417,3842440.69636167,642.592878329197,L4_1,40.5,,
264402.853446339,3842444.37304141,642.820506281575,L4_1,47.0,642.820506281575,3.87088589882058
264402.853446339,3842444.37304141,642.820506281575,L4_1,47.0,637.801456444935,5.48240479246665
264402.853446339,3842444.37304141,642.820506281575,L4_1,47.0,632.531454116464,9.30456209455185
264402.853446339,3842444.37304141,642.820506281575,L4_1,47.0,626.997951671568,9.75106085099689
264402.853446339,3842444.37304141,642.820506281575,L4_1,47.0,621.187774104429,6.18427539512605
264402.853446339,3842444.37304141,642.820506281575,L4_1,47.0,615.087087658932,3.16076892359836
264402.853446339,3842444.37304141,642.820506281575,L4_1,47.0,608.68136689116,1.81095404812683
264402.853446339,3842444.37304141,642.820506281575,L4_1,47.0,601.955360084999,1.53414870375942
264402.853446339,3842444.37304141,642.820506281575,L4_1,47.0,594.893052938531,2.01248498215431
264402.853446339,3842444.37304141,642.820506281575,L4_1,47.0,587.477630434739,3.40739169510576
264402.853446339,3842444.37304141,642.820506281575,L4_1,47.0,579.691436805758,6.03091254166732
264402.853446339,3842444.37304141,642.820506281575,L4_1,47.0,571.515933495327,9.83399878567514
264402.853446339,3842444.37304141,642.820506281575,L4_1,47.0,562.931655019375,14.1653313188153
264402.853446339,3842444.37304141,642.820506281575,L4_1,47.0,553.918162619626,18.1748922097133
264402.853446339,3842444.37304141,642.820506281575,L4_1,47.0,544.453995599889,21.3340639544338
264402.853446339,3842444.37304141,642.820506281575,L4_1,47.0,534.516620229165,23.5236094647832
264402.853446339,3842444.37304141,642.820506281575,L4_1,47.0,524.082376089905,24.8404965755279
264402.853446339,3842444.37304141,642.820506281575,L4_1,47.0,513.126419743682,25.4300660316567
264402.853446339,3842444.37304141,642.820506281575,L4_1,47.0,501.622665580147,25.4248923352562
264402.853446339,3842444.37304141,642.820506281575,L4_1,47.0,489.543723708436,24.9430147207132
264402.853446339,3842444.37304141,642.820506281575,L4_1,47.0,476.86083474314,24.0974135712619
264402.853446339,3842444.37304141,642.820506281575,L4_1,47.0,463.543801329579,22.9983172471086
264402.853446339,3842444.37304141,642.820506281575,L4_1,47.0,449.560916245339,21.7484754464894
264402.853446339,3842444.37304141,642.820506281575,L4_1,47.0,434.878886906888,20.4368126571773
264402.853446339,3842444.37304141,642.820506281575,L4_1,47.0,419.462756101514,19.1340783418344
264402.853446339,3842444.37304141,642.820506281575,L4_1,47.0,403.275818755871,17.8914831355251
264402.853446339,3842444.37304141,642.820506281575,L4_1,47.0,386.279534542946,16.7418273408166
264402.853446339,3842444.37304141,642.820506281575,L4_1,47.0,368.433436119375,15.7020376570249
264402.853446339,3842444.37304141,642.820506281575,L4_1,47.0,349.695032774626,14.7763208032043
264402.853446339,3842444.37304141,642.820506281575,L4_1,47.0,330.019709262639,13.9594116822922
264402.853446339,3842444.37304141,642.820506281575,L4_1,47.0,309.360619575052,13.2400657728427
264402.853446339,3842444.37304141,642.820506281575,L4_1,47.0,287.669414477938,12.6049165014062
264402.853446339,3842444.37304141,642.820506281575,L4_1,47.0,264.979217008397,12.0403966956181
264402.853446339,3842444.37304141,642.820506281575,L4_1,47.0,241.154509665379,11.5328839439706
264402.853446339,3842444.37304141,642.820506281575,L4_1,47.0,216.13856695521,11.0690257522096
264402.853446339,3842444.37304141,642.820506281575,L4_1,47.0,189.871827109532,10.6372623023098
264402.853446339,3842444.37304141,642.820506281575,L4_1,47.0,162.291750271571,10.2294157914597
264402.853446339,3842444.37304141,642.820506281575,L4_1,47.0,133.332669591712,9.84070383800674
264402.853446339,3842444.37304141,642.820506281575,L4_1,47.0,102.925634877859,9.46913025896085
264402.853446339,3842444.37304141,642.820506281575,L4_1,47.0,70.9982484283146,9.11481941645059
264402.853446339,3842444.37304141,642.820506281575,L4_1,47.0,,
264402.853446339,3842444.37304141,642.820506281575,L4_1,47.0,,
264402.853446339,3842444.37304141,642.820506281575,L4_1,47.0,,
264402.853446339,3842444.37304141,642.820506281575,L4_1,47.0,,
264402.853446339,3842444.37304141,642.820506281575,L4_1,47.0,,
264402.853446339,3842444.37304141,642.820506281575,L4_1,47.0,,
264402.853446339,3842444.37304141,642.820506281575,L4_1,47.0,,
264402.853446339,3842444.37304141,642.820506281575,L4_1,47.0,,
264402.853446339,3842444.37304141,642.820506281575,L4_1,47.0,,
264402.853446339,3842444.37304141,642.820506281575,L4_1,47.0,,
264402.853446339,3842444.37304141,642.820506281575,L4_1,47.0,,
264402.853446339,3842444.37304141,642.820506281575,L4_1,47.0,,
264402.853446339,3842444.37304141,642.820506281575,L4_1,47.0,,
264402.853446339,3842444.37304141,642.820506281575,L4_1,47.0,,
264402.853446339,3842444.37304141,642.820506281575,L4_1,47.0,,
264402.853446339,3842444.37304141,642.820506281575,L4_1,47.0,,
264402.853446339,3842444.37304141,642.820506281575,L4_1,47.0,,
264402.853446339,3842444.37304141,642.820506281575,L4_1,47.0,,
264402.853446339,3842444.37304141,642.820506281575,L4_1,47.0,,
264402.853446339,3842444.37304141,642.820506281575,L4_1,47.0,,
264402.853446339,3842444.37304141,642.820506281575,L4_1,47.0,,
264407.808410205,3842447.76690481,643.048134233953,L4_1,53.0,643.048134233953,5.38860382920357
264407.808410205,3842447.76690481,643.048134233953,L4_1,53.0,638.025865528049,5.41832161226726
264407.808410205,3842447.76690481,643.048134233953,L4_1,53.0,632.75248338685,5.92492989941237
264407.808410205,3842447.76690481,643.048134233953,L4_1,53.0,627.21543213859,5.98358144336612
264407.808410205,3842447.76690481,643.048134233953,L4_1,53.0,621.401528327918,4.38247896015754
264407.808410205,3842447.76690481,643.048134233953,L4_1,53.0,615.296929326712,2.64301237968313
264407.808410205,3842447.76690481,643.048134233953,L4_1,53.0,608.887100375446,1.73758041795321
264407.808410205,3842447.76690481,643.048134233953,L4_1,53.0,602.156779976617,1.57781338173073
264407.808410205,3842447.76690481,643.048134233953,L4_1,53.0,595.089943557846,2.0733886406335
264407.808410205,3842447.76690481,643.048134233953,L4_1,53.0,587.669765318137,3.42252642804892
264407.808410205,3842447.76690481,643.048134233953,L4_1,53.0,579.878578166442,5.93469753314517
264407.808410205,3842447.76690481,643.048134233953,L4_1,53.0,571.697831657162,9.60894712462339
264407.808410205,3842447.76690481,643.048134233953,L4_1,53.0,563.108047822419,13.8846138427263
264407.808410205,3842447.76690481,643.048134233953,L4_1,53.0,554.088774795938,17.9584723562882
264407.808410205,3842447.76690481,643.048134233953,L4_1,53.0,544.618538118133,21.2739019485454
264407.808410205,3842447.76690481,643.048134233953,L4_1,53.0,534.674789606438,23.6535538863004
264407.808410205,3842447.76690481,643.048134233953,L4_1,53.0,524.233853669159,25.14757530107
264407.808410205,3842447.76690481,643.048134233953,L4_1,53.0,513.270870935015,25.8755384115168
264407.808410205,3842447.76690481,643.048134233953,L4_1,53.0,501.759739064164,25.9603727417999
264407.808410205,3842447.76690481,643.048134233953,L4_1,53.0,489.673050599771,25.5208959867026
264407.808410205,3842447.76690481,643.048134233953,L4_1,53.0,476.982027712157,24.6773318417175
264407.808410205,3842447.76690481,643.048134233953,L4_1,53.0,463.656453680164,23.5504302055371
264407.808410205,3842447.76690481,643.048134233953,L4_1,53.0,449.66460094657,22.2539981006657
264407.808410205,3842447.76690481,643.048134233953,L4_1,53.0,434.973155576297,20.8865998092478
264407.808410205,3842447.76690481,643.048134233953,L4_1,53.0,419.54713793751,19.5262396579449
264407.808410205,3842447.76690481,643.048134233953,L4_1,53.0,403.349819416784,18.2288721970506
264407.808410205,3842447.76690481,643.048134233953,L4_1,53.0,386.342634970022,17.0298968723609
264407.808410205,3842447.76690481,643.048134233953,L4_1,53.0,368.485091300921,15.9472492849156
264407.808410205,3842447.76690481,643.048134233953,L4_1,53.0,349.734670448365,14.9850852329487
264407.808410205,3842447.76690481,643.048134233953,L4_1,53.0,330.046728553182,14.137449110919
264407.808410205,3842447.76690481,643.048134233953,L4_1,53.0,309.374389563239,13.3921670490248
264407.808410205,3842447.76690481,643.048134233953,L4_1,53.0,287.669414477938,12.7351347716507
264407.808410205,3842447.76690481,643.048134233953,L4_1,53.0,264.979217008397,12.1522861006713
264407.808410205,3842447.76690481,643.048134233953,L4_1,53.0,241.154509665379,11.6294865165192
264407.808410205,3842447.76690481,643.048134233953,L4_1,53.0,216.13856695521,11.1527063336192
264407.808410205,3842447.76690481,643.048134233953,L4_1,53.0,189.871827109532,10.7096951376798
264407.808410205,3842447.76690481,643.048134233953,L4_1,53.0,162.291750271571,10.2918078893306
264407.808410205,3842447.76690481,643.048134233953,L4_1,53.0,133.332669591712,9.89400566673106
264407.808410205,3842447.76690481,643.048134233953,L4_1,53.0,102.925634877859,9.51416317990475
264407.808410205,3842447.76690481,643.048134233953,L4_1,53.0,70.9982484283146,9.15234772535944
264407.808410205,3842447.76690481,643.048134233953,L4_1,53.0,,
264407.808410205,3842447.76690481,643.048134233953,L4_1,53.0,,
264407.808410205,3842447.76690481,643.048134233953,L4_1,53.0,,
264407.808410205,3842447.76690481,643.048134233953,L4_1,53.0,,
264407.808410205,3842447.76690481,643.048134233953,L4_1,53.0,,
264407.808410205,3842447.76690481,643.048134233953,L4_1,53.0,,
264407.808410205,3842447.76690481,643.048134233953,L4_1,53.0,,
264407.808410205,3842447.76690481,643.048134233953,L4_1,53.0,,
264407.808410205,3842447.76690481,643.048134233953,L4_1,53.0,,
264407.808410205,3842447.76690481,643.048134233953,L4_1,53.0,,
264407.808410205,3842447.76690481,643.048134233953,L4_1,53.0,,
264407.808410205,3842447.76690481,643.048134233953,L4_1,53.0,,
264407.808410205,3842447.76690481,643.048134233953,L4_1,53.0,,
264407.808410205,3842447.76690481,643.048134233953,L4_1,53.0,,
264407.808410205,3842447.76690481,643.048134233953,L4_1,53.0,,
264407.808410205,3842447.76690481,643.048134233953,L4_1,53.0,,
264407.808410205,3842447.76690481,643.048134233953,L4_1,53.0,,
264407.808410205,3842447.76690481,643.048134233953,L4_1,53.0,,
264407.808410205,3842447.76690481,643.048134233953,L4_1,53.0,,
264407.808410205,3842447.76690481,643.048134233953,L4_1,53.0,,
264407.808410205,3842447.76690481,643.048134233953,L4_1,53.0,,
264413.176279329,3842451.44359576,643.275762186331,L4_1,59.5,643.275762186331,10.1318984694309
264413.176279329,3842451.44359576,643.275762186331,L4_1,59.5,638.250274611162,7.53689933520576
264413.176279329,3842451.44359576,643.275762186331,L4_1,59.5,632.973512657236,4.88679212923031
264413.176279329,3842451.44359576,643.275762186331,L4_1,59.5,627.432912605612,3.7363398336524
264413.176279329,3842451.44359576,643.275762186331,L4_1,59.5,621.615282551408,2.77592428134128
264413.176279329,3842451.44359576,643.275762186331,L4_1,59.5,615.506770994493,2.03352628763872
264413.176279329,3842451.44359576,643.275762186331,L4_1,59.5,609.092833859733,1.66371364847814
264413.176279329,3842451.44359576,643.275762186331,L4_1,59.5,602.358199868235,1.71409720728661
264413.176279329,3842451.44359576,643.275762186331,L4_1,59.5,595.286834177161,2.29325281386983
264413.176279329,3842451.44359576,643.275762186331,L4_1,59.5,587.861900201535,3.64920888346901
264413.176279329,3842451.44359576,643.275762186331,L4_1,59.5,580.065719527126,6.06786255569344
264413.176279329,3842451.44359576,643.275762186331,L4_1,59.5,571.879729818998,9.56142366748688
264413.176279329,3842451.44359576,643.275762186331,L4_1,59.5,563.284440625463,13.6638251930986
264413.176279329,3842451.44359576,643.275762186331,L4_1,59.5,554.259386972251,17.6692667823086
264413.176279329,3842451.44359576,643.275762186331,L4_1,59.5,544.783080636378,21.0421528400857
264413.176279329,3842451.44359576,643.275762186331,L4_1,59.5,534.832958983712,23.5635537203499
264413.176279329,3842451.44359576,643.275762186331,L4_1,59.5,524.385331248413,25.2286388868514
264413.176279329,3842451.44359576,643.275762186331,L4_1,59.5,513.415322126348,26.1154073589603
264413.176279329,3842451.44359576,643.275762186331,L4_1,59.5,501.896812548181,26.323041070702
264413.176279329,3842451.44359576,643.275762186331,L4_1,59.5,489.802377491105,25.9613815695018
264413.176279329,3842451.44359576,643.275762186331,L4_1,59.5,477.103220681175,25.1522973187054
264413.176279329,3842451.44359576,643.275762186331,L4_1,59.5,463.769106030749,24.0245957559916
264413.176279329,3842451.44359576,643.275762186331,L4_1,59.5,449.768285647801,22.7027049614266
264413.176279329,3842451.44359576,643.275762186331,L4_1,59.5,435.067424245706,21.2954544265393
264413.176279329,3842451.44359576,643.275762186331,L4_1,59.5,419.631519773507,19.8891096770276
264413.176279329,3842451.44359576,643.275762186331,L4_1,59.5,403.423820077697,18.5453908595539
264413.176279329,3842451.44359576,643.275762186331,L4_1,59.5,386.405735397097,17.3031513286619
264413.176279329,3842451.44359576,643.275762186331,L4_1,59.5,368.536746482467,16.1819898198177
264413.176279329,3842451.44359576,643.275762186331,L4_1,59.5,349.774308122105,15.1864876280413
264413.176279329,3842451.44359576,643.275762186331,L4_1,59.5,330.073747843725,14.3103303685515
264413.176279329,3842451.44359576,643.275762186331,L4_1,59.5,309.388159551427,13.5406514604209
264413.176279329,3842451.44359576,643.275762186331,L4_1,59.5,287.669414477938,12.8627965020649
264413.176279329,3842451.44359576,643.275762186331,L4_1,59.5,264.979217008397,12.2623571043897
264413.176279329,3842451.44359576,643.275762186331,L4_1,59.5,241.154509665379,11.7247986321374
264413.176279329,3842451.44359576,643.275762186331,L4_1,59.5,216.13856695521,11.2354746502296
264413.176279329,3842451.44359576,643.275762186331,L4_1,59.5,189.871827109532,10.7814763938135
264413.176279329,3842451.44359576,643.275762186331,L4_1,59.5,162.291750271571,10.3537206371823
264413.176279329,3842451.44359576,643.275762186331,L4_1,59.5,133.332669591712,9.94693937945535
264413.176279329,3842451.44359576,643.275762186331,L4_1,59.5,102.925634877859,9.55890032860689
264413.176279329,3842451.44359576,643.275762186331,L4_1,59.5,70.9982484283146,9.18962989187061
264413.176279329,3842451.44359576,643.275762186331,L4_1,59.5,,
264413.176279329,3842451.44359576,643.275762186331,L4_1,59.5,,
264413.176279329,3842451.44359576,643.275762186331,L4_1,59.5,,
264413.176279329,3842451.44359576,643.275762186331,L4_1,59.5,,
264413.176279329,3842451.44359576,643.275762186331,L4_1,59.5,,
264413.176279329,3842451.44359576,643.275762186331,L4_1,59.5,,
264413.176279329,3842451.44359576,643.275762186331,L4_1,59.5,,
264413.176279329,3842451.44359576,643.275762186331,L4_1,59.5,,
264413.176279329,3842451.44359576,643.275762186331,L4_1,59.5,,
264413.176279329,3842451.44359576,643.275762186331,L4_1,59.5,,
264413.176279329,3842451.44359576,643.275762186331,L4_1,59.5,,
264413.176279329,3842451.44359576,643.275762186331,L4_1,59.5,,
264413.176279329,3842451.44359576,643.275762186331,L4_1,59.5,,
264413.176279329,3842451.44359576,643.275762186331,L4_1,59.5,,
264413.176279329,3842451.44359576,643.275762186331,L4_1,59.5,,
264413.176279329,3842451.44359576,643.275762186331,L4_1,59.5,,
264413.176279329,3842451.44359576,643.275762186331,L4_1,59.5,,
264413.176279329,3842451.44359576,643.275762186331,L4_1,59.5,,
264413.176279329,3842451.44359576,643.275762186331,L4_1,59.5,,
264413.176279329,3842451.44359576,643.275762186331,L4_1,59.5,,
264413.176279329,3842451.44359576,643.275762186331,L4_1,59.5,,
264418.131235443,3842454.83746434,643.526005589496,L4_1,65.5,643.526005589496,15.5224522119759
264418.131235443,3842454.83746434,643.526005589496,L4_1,65.5,638.496979341723,10.8921674192726
264418.131235443,3842454.83746434,643.526005589496,L4_1,65.5,633.216501781562,5.41516755092232
264418.131235443,3842454.83746434,643.526005589496,L4_1,65.5,627.672000343392,3.00743198488387
264418.131235443,3842454.83746434,643.526005589496,L4_1,65.5,621.850273833314,2.05750227383659
264418.131235443,3842454.83746434,643.526005589496,L4_1,65.5,615.737460997732,1.71729743733131
264418.131235443,3842454.83746434,643.526005589496,L4_1,65.5,609.319007520371,1.68637540051153
264418.131235443,3842454.83746434,643.526005589496,L4_1,65.5,602.579631369142,1.93395107171284
264418.131235443,3842454.83746434,643.526005589496,L4_1,65.5,595.503286410351,2.61123492440088
264418.131235443,3842454.83746434,643.526005589496,L4_1,65.5,588.073124203621,3.97854750257311
264418.131235443,3842454.83746434,643.526005589496,L4_1,65.5,580.271453886555,6.29358364958692
264418.131235443,3842454.83746434,643.526005589496,L4_1,65.5,572.079700053635,9.5762108146031
264418.131235443,3842454.83746434,643.526005589496,L4_1,65.5,563.478358529069,13.4497702841705
264418.131235443,3842454.83746434,643.526005589496,L4_1,65.5,554.446949928275,17.3154161992979
264418.131235443,3842454.83746434,643.526005589496,L4_1,65.5,544.963970897441,20.6800218928369
264418.131235443,3842454.83746434,643.526005589496,L4_1,65.5,535.006842915066,23.2997853412041
264418.131235443,3842454.83746434,643.526005589496,L4_1,65.5,524.551858533571,25.119350621337
264418.131235443,3842454.83746434,643.526005589496,L4_1,65.5,513.574124933002,26.1707233737363
264418.131235443,3842454.83746434,643.526005589496,L4_1,65.5,502.047504652405,26.521507099851
264418.131235443,3842454.83746434,643.526005589496,L4_1,65.5,489.944553357777,26.2648412805103
264418.131235443,3842454.83746434,643.526005589496,L4_1,65.5,477.236454498419,25.5183311437013
264418.131235443,3842454.83746434,643.526005589496,L4_1,65.5,463.892950696092,24.4152359151467
264418.131235443,3842454.83746434,643.526005589496,L4_1,65.5,449.882271703649,23.0890055262242
264418.131235443,3842454.83746434,643.526005589496,L4_1,65.5,435.171058761584,21.6584993717003
264418.131235443,3842454.83746434,643.526005589496,L4_1,65.5,419.724285172415,20.2187455753501
264418.131235443,3842454.83746434,643.526005589496,L4_1,65.5,403.505172903788,18.8379864101726
264418.131235443,3842454.83746434,643.526005589496,L4_1,65.5,386.47510502173,17.5592838781882
264418.131235443,3842454.83746434,643.526005589496,L4_1,65.5,368.593533745569,16.4045411502807
264418.131235443,3842454.83746434,643.526005589496,L4_1,65.5,349.8178839056,15.3792548063061
264418.131235443,3842454.83746434,643.526005589496,L4_1,65.5,330.103451573632,14.4771124832079
264418.131235443,3842454.83746434,643.526005589496,L4_1,65.5,309.403297625066,13.6848172318702
264418.131235443,3842454.83746434,643.526005589496,L4_1,65.5,287.669414477938,12.9873760507006
264418.131235443,3842454.83746434,643.526005589496,L4_1,65.5,264.979217008397,12.3702130093156
264418.131235443,3842454.83746434,643.526005589496,L4_1,65.5,241.154509665379,11.8185177198165
264418.131235443,3842454.83746434,643.526005589496,L4_1,65.5,216.13856695521,11.3170973616588
264418.131235443,3842454.83746434,643.526005589496,L4_1,65.5,189.871827109532,10.8524245905256
264418.131235443,3842454.83746434,643.526005589496,L4_1,65.5,162.291750271571,10.4150123630068
264418.131235443,3842454.83746434,643.526005589496,L4_1,65.5,133.332669591712,9.99939391207369
264418.131235443,3842454.83746434,643.526005589496,L4_1,65.5,102.925634877859,9.60325447675031
264418.131235443,3842454.83746434,643.526005589496,L4_1,65.5,70.9982484283146,9.22659739633623
264418.131235443,3842454.83746434,643.526005589496,L4_1,65.5,,
264418.131235443,3842454.83746434,643.526005589496,L4_1,65.5,,
264418.131235443,3842454.83746434,643.526005589496,L4_1,65.5,,
264418.131235443,3842454.83746434,643.526005589496,L4_1,65.5,,
264418.131235443,3842454.83746434,643.526005589496,L4_1,65.5,,
264418.131235443,3842454.83746434,643.526005589496,L4_1,65.5,,
264418.131235443,3842454.83746434,643.526005589496,L4_1,65.5,,
264418.131235443,3842454.83746434,643.526005589496,L4_1,65.5,,
264418.131235443,3842454.83746434,643.526005589496,L4_1,65.5,,
264418.131235443,3842454.83746434,643.526005589496,L4_1,65.5,,
264418.131235443,3842454.83746434,643.526005589496,L4_1,65.5,,
264418.131235443,3842454.83746434,643.526005589496,L4_1,65.5,,
264418.131235443,3842454.83746434,643.526005589496,L4_1,65.5,,
264418.131235443,3842454.83746434,643.526005589496,L4_1,65.5,,
264418.131235443,3842454.83746434,643.526005589496,L4_1,65.5,,
264418.131235443,3842454.83746434,643.526005589496,L4_1,65.5,,
264418.131235443,3842454.83746434,643.526005589496,L4_1,65.5,,
264418.131235443,3842454.83746434,643.526005589496,L4_1,65.5,,
264418.131235443,3842454.83746434,643.526005589496,L4_1,65.5,,
264418.131235443,3842454.83746434,643.526005589496,L4_1,65.5,,
264418.131235443,3842454.83746434,643.526005589496,L4_1,65.5,,
264423.499104567,3842458.51415529,643.798889050021,L4_1,72.0,643.798889050021,19.8663142256424
264423.499104567,3842458.51415529,643.798889050021,L4_1,72.0,638.766003978344,15.4017015289799
264423.499104567,3842458.51415529,643.798889050021,L4_1,72.0,633.481474653084,7.54395143310339
264423.499104567,3842458.51415529,643.798889050021,L4_1,72.0,627.93271886156,3.30082024370082
264423.499104567,3842458.51415529,643.798889050021,L4_1,72.0,622.10652528046,1.934085151285
264423.499104567,3842458.51415529,643.798889050021,L4_1,72.0,615.989022020305,1.64453246988889
264423.499104567,3842458.51415529,643.798889050021,L4_1,72.0,609.565643597143,1.79649666473883
264423.499104567,3842458.51415529,643.798889050021,L4_1,72.0,602.821096252822,2.2211518946427
264423.499104567,3842458.51415529,643.798889050021,L4_1,72.0,595.739321541285,3.00525801471682
264423.499104567,3842458.51415529,643.798889050021,L4_1,72.0,588.303458094172,4.38014377386017
264423.499104567,3842458.51415529,643.798889050021,L4_1,72.0,580.495801474702,6.57443792412497
264423.499104567,3842458.51415529,643.798889050021,L4_1,72.0,572.29776202426,9.61614543769643
264423.499104567,3842458.51415529,643.798889050021,L4_1,72.0,563.689820601295,13.2133295376127
264423.499104567,3842458.51415529,643.798889050021,L4_1,72.0,554.651482107182,16.8789337920356
264423.499104567,3842458.51415529,643.798889050021,L4_1,72.0,545.161226688363,20.1787608573957
264423.499104567,3842458.51415529,643.798889050021,L4_1,72.0,535.196458498603,22.8588736832299
264423.499104567,3842458.51415529,643.798889050021,L4_1,72.0,524.733451899355,24.8184562174629
264423.499104567,3842458.51415529,643.798889050021,L4_1,72.0,513.747294970145,26.0405614041777
264423.499104567,3842458.51415529,643.798889050021,L4_1,72.0,502.211830194474,26.5545797464466
264423.499104567,3842458.51415529,643.798889050021,L4_1,72.0,490.09959218002,26.4298529666422
264423.499104567,3842458.51415529,643.798889050021,L4_1,72.0,477.381742264843,25.7739993131218
264423.499104567,3842458.51415529,643.798889050021,L4_1,72.0,464.027999853908,24.7210832651097
264423.499104567,3842458.51415529,643.798889050021,L4_1,72.0,450.006570322425,23.4118789754388
264423.499104567,3842458.51415529,643.798889050021,L4_1,72.0,435.284069314369,21.9749638464442
264423.499104567,3842458.51415529,643.798889050021,L4_1,72.0,419.825443255909,20.514590363173
264423.499104567,3842458.51415529,643.798889050021,L4_1,72.0,403.593885894527,19.1062680497155
264423.499104567,3842458.51415529,643.798889050021,L4_1,72.0,386.550750665075,17.7980259818617
264423.499104567,3842458.51415529,643.798889050021,L4_1,72.0,368.655458674151,16.6147216321172
264423.499104567,3842458.51415529,643.798889050021,L4_1,72.0,349.865402083681,15.5632654802608
264423.499104567,3842458.51415529,643.798889050021,L4_1,72.0,330.135842663687,14.637715458722
264423.499104567,3842458.51415529,643.798889050021,L4_1,72.0,309.419805272693,13.8246121083218
264423.499104567,3842458.51415529,643.798889050021,L4_1,72.0,287.669414477938,13.1088394696704
264423.499104567,3842458.51415529,643.798889050021,L4_1,72.0,264.979217008397,12.4758319020814
264423.499104567,3842458.51415529,643.798889050021,L4_1,72.0,241.154509665379,11.9106298190932
264423.499104567,3842458.51415529,643.798889050021,L4_1,72.0,216.13856695521,11.397565707221
264423.499104567,3842458.51415529,643.798889050021,L4_1,72.0,189.871827109532,10.9225342777123
264423.499104567,3842458.51415529,643.798889050021,L4_1,72.0,162.291750271571,10.4756796753516
264423.499104567,3842458.51415529,643.798889050021,L4_1,72.0,133.332669591712,10.0513671139149
264423.499104567,3842458.51415529,643.798889050021,L4_1,72.0,102.925634877859,9.64722418063913
264423.499104567,3842458.51415529,643.798889050021,L4_1,72.0,70.9982484283146,9.26324919614878
264423.499104567,3842458.51415529,643.798889050021,L4_1,72.0,,
264423.499104567,3842458.51415529,643.798889050021,L4_1,72.0,,
264423.499104567,3842458.51415529,643.798889050021,L4_1,72.0,,
264423.499104567,3842458.51415529,643.798889050021,L4_1,72.0,,
264423.499104567,3842458.51415529,643.798889050021,L4_1,72.0,,
264423.499104567,3842458.51415529,643.798889050021,L4_1,72.0,,
264423.499104567,3842458.51415529,643.798889050021,L4_1,72.0,,
264423.499104567,3842458.51415529,643.798889050021,L4_1,72.0,,
264423.499104567,3842458.51415529,643.798889050021,L4_1,72.0,,
264423.499104567,3842458.51415529,643.798889050021,L4_1,72.0,,
264423.499104567,3842458.51415529,643.798889050021,L4_1,72.0,,
264423.499104567,3842458.51415529,643.798889050021,L4_1,72.0,,
264423.499104567,3842458.51415529,643.798889050021,L4_1,72.0,,
264423.499104567,3842458.51415529,643.798889050021,L4_1,72.0,,
264423.499104567,3842458.51415529,643.798889050021,L4_1,72.0,,
264423.499104567,3842458.51415529,643.798889050021,L4_1,72.0,,
264423.499104567,3842458.51415529,643.798889050021,L4_1,72.0,,
264423.499104567,3842458.51415529,643.798889050021,L4_1,72.0,,
264423.499104567,3842458.51415529,643.798889050021,L4_1,72.0,,
264423.499104567,3842458.51415529,643.798889050021,L4_1,72.0,,
264423.499104567,3842458.51415529,643.798889050021,L4_1,72.0,,
264428.453503211,3842461.90804309,644.071772510547,L4_1,78.0,644.071772510547,23.5599978921364
264428.453503211,3842461.90804309,644.071772510547,L4_1,78.0,639.035028614966,19.1182217516559
264428.453503211,3842461.90804309,644.071772510547,L4_1,78.0,633.746447524606,9.37110808283722
264428.453503211,3842461.90804309,644.071772510547,L4_1,78.0,628.193437379728,3.61793480421788
264428.453503211,3842461.90804309,644.071772510547,L4_1,78.0,622.362776727606,1.89829158300375
264428.453503211,3842461.90804309,644.071772510547,L4_1,78.0,616.240583042879,1.61338979679
264428.453503211,3842461.90804309,644.071772510547,L4_1,78.0,609.812279673914,1.88394980108773
264428.453503211,3842461.90804309,644.071772510547,L4_1,78.0,603.062561136502,2.44489921364206
264428.453503211,3842461.90804309,644.071772510547,L4_1,78.0,595.975356672219,3.30568762215175
264428.453503211,3842461.90804309,644.071772510547,L4_1,78.0,588.533791984722,4.65831955074493
264428.453503211,3842461.90804309,644.071772510547,L4_1,78.0,580.72014906285,6.71381795168906
264428.453503211,3842461.90804309,644.071772510547,L4_1,78.0,572.515823994884,9.51826848201392
264428.453503211,3842461.90804309,644.071772510547,L4_1,78.0,563.90128267352,12.8541900516488
264428.453503211,3842461.90804309,644.071772510547,L4_1,78.0,554.856014286088,16.3276190992041
264428.453503211,3842461.90804309,644.071772510547,L4_1,78.0,545.358482479284,19.556482028409
264428.453503211,3842461.90804309,644.071772510547,L4_1,78.0,535.38607408214,22.2832841106369
264428.453503211,3842461.90804309,644.071772510547,L4_1,78.0,524.915045265139,24.3717325149492
264428.453503211,3842461.90804309,644.071772510547,L4_1,78.0,513.920465007288,25.7623293746708
264428.453503211,3842461.90804309,644.071772510547,L4_1,78.0,502.376155736544,26.4476021842188
264428.453503211,3842461.90804309,644.071772510547,L4_1,78.0,490.254631002263,26.4708064202472
264428.453503211,3842461.90804309,644.071772510547,L4_1,78.0,477.527030031268,25.9257564792259
264428.453503211,3842461.90804309,644.071772510547,L4_1,78.0,464.163049011724,24.9437410168098
264428.453503211,3842461.90804309,644.071772510547,L4_1,78.0,450.130868941202,23.6704270403867
264428.453503211,3842461.90804309,644.071772510547,L4_1,78.0,435.397079867154,22.2429482657557
264428.453503211,3842461.90804309,644.071772510547,L4_1,78.0,419.926601339403,20.7745585553337
264428.453503211,3842461.90804309,644.071772510547,L4_1,78.0,403.682598885265,19.3483387389517
264428.453503211,3842461.90804309,644.071772510547,L4_1,78.0,386.62639630842,18.0177996474173
264428.453503211,3842461.90804309,644.071772510547,L4_1,78.0,368.717383602733,16.8112766324572
264428.453503211,3842461.90804309,644.071772510547,L4_1,78.0,349.912920261762,15.7375450866372
264428.453503211,3842461.90804309,644.071772510547,L4_1,78.0,330.168233753742,14.7913891853781
264428.453503211,3842461.90804309,644.071772510547,L4_1,78.0,309.436312920321,13.9594609791479
264428.453503211,3842461.90804309,644.071772510547,L4_1,78.0,287.669414477938,13.2267433936538
264428.453503211,3842461.90804309,644.071772510547,L4_1,78.0,264.979217008397,12.5788682820746
264428.453503211,3842461.90804309,644.071772510547,L4_1,78.0,241.154509665379,12.0008632158116
264428.453503211,3842461.90804309,644.071772510547,L4_1,78.0,216.13856695521,11.4766649126045
264428.453503211,3842461.90804309,644.071772510547,L4_1,78.0,189.871827109532,10.9916352769712
264428.453503211,3842461.90804309,644.071772510547,L4_1,78.0,162.291750271571,10.535586992177
264428.453503211,3842461.90804309,644.071772510547,L4_1,78.0,133.332669591712,10.1027511142588
264428.453503211,3842461.90804309,644.071772510547,L4_1,78.0,102.925634877859,9.69072351618424
264428.453503211,3842461.90804309,644.071772510547,L4_1,78.0,70.9982484283146,9.29951731984139
264428.453503211,3842461.90804309,644.071772510547,L4_1,78.0,,
264428.453503211,3842461.90804309,644.071772510547,L4_1,78.0,,
264428.453503211,3842461.90804309,644.071772510547,L4_1,78.0,,
264428.453503211,3842461.90804309,644.071772510547,L4_1,78.0,,
264428.453503211,3842461.90804309,644.071772510547,L4_1,78.0,,
264428.453503211,3842461.90804309,644.071772510547,L4_1,78.0,,
264428.453503211,3842461.90804309,644.071772510547,L4_1,78.0,,
264428.453503211,3842461.90804309,644.071772510547,L4_1,78.0,,
264428.453503211,3842461.90804309,644.071772510547,L4_1,78.0,,
264428.453503211,3842461.90804309,644.071772510547,L4_1,78.0,,
264428.453503211,3842461.90804309,644.071772510547,L4_1,78.0,,
264428.453503211,3842461.90804309,644.071772510547,L4_1,78.0,,
264428.453503211,3842461.90804309,644.071772510547,L4_1,78.0,,
264428.453503211,3842461.90804309,644.071772510547,L4_1,78.0,,
264428.453503211,3842461.90804309,644.071772510547,L4_1,78.0,,
264428.453503211,3842461.90804309,644.071772510547,L4_1,78.0,,
264428.453503211,3842461.90804309,644.071772510547,L4_1,78.0,,
264428.453503211,3842461.90804309,644.071772510547,L4_1,78.0,,
264428.453503211,3842461.90804309,644.071772510547,L4_1,78.0,,
264428.453503211,3842461.90804309,644.071772510547,L4_1,78.0,,
264428.453503211,3842461.90804309,644.071772510547,L4_1,78.0,,
264433.820164484,3842465.58477571,644.344655971072,L4_1,84.5,644.344655971072,24.6445926650048
264433.820164484,3842465.58477571,644.344655971072,L4_1,84.5,639.304053251587,20.8594733307225
264433.820164484,3842465.58477571,644.344655971072,L4_1,84.5,634.011420396128,10.6871347320209
264433.820164484,3842465.58477571,644.344655971072,L4_1,84.5,628.454155897896,3.97865949857219
264433.820164484,3842465.58477571,644.344655971072,L4_1,84.5,622.619028174753,1.95968245599113
264433.820164484,3842465.58477571,644.344655971072,L4_1,84.5,616.492144065452,1.63730217944008
264433.820164484,3842465.58477571,644.344655971072,L4_1,84.5,610.058915750686,1.95734683599716
264433.820164484,3842465.58477571,644.344655971072,L4_1,84.5,603.304026020182,2.59109677420894
264433.820164484,3842465.58477571,644.344655971072,L4_1,84.5,596.211391803153,3.48265630726941
264433.820164484,3842465.58477571,644.344655971072,L4_1,84.5,588.764125875272,4.782517356457
264433.820164484,3842465.58477571,644.344655971072,L4_1,84.5,580.944496650997,6.68850871245881
264433.820164484,3842465.58477571,644.344655971072,L4_1,84.5,572.733885965509,9.2663661621021
264433.820164484,3842465.58477571,644.344655971072,L4_1,84.5,564.112744745746,12.3605140754031
264433.820164484,3842465.58477571,644.344655971072,L4_1,84.5,555.060546464995,15.6532829982979
264433.820164484,3842465.58477571,644.344655971072,L4_1,84.5,545.555738270206,18.8087865501158
264433.820164484,3842465.58477571,644.344655971072,L4_1,84.5,535.575689665678,21.571747785645
264433.820164484,3842465.58477571,644.344655971072,L4_1,84.5,525.096638630923,23.7796603548806
264433.820164484,3842465.58477571,644.344655971072,L4_1,84.5,514.093635044431,25.3369504085224
264433.820164484,3842465.58477571,644.344655971072,L4_1,84.5,502.540481278614,26.2011764787469
264433.820164484,3842465.58477571,644.344655971072,L4_1,84.5,490.409669824506,26.3877704430978
264433.820164484,3842465.58477571,644.344655971072,L4_1,84.5,477.672317797693,25.9732518915713
264433.820164484,3842465.58477571,644.344655971072,L4_1,84.5,464.29809816954,25.0826489861509
264433.820164484,3842465.58477571,644.344655971072,L4_1,84.5,450.255167559978,23.8640541699219
264433.820164484,3842465.58477571,644.344655971072,L4_1,84.5,435.510090419939,22.4619210172332
264433.820164484,3842465.58477571,644.344655971072,L4_1,84.5,420.027759422897,20.9982207583588
264433.820164484,3842465.58477571,644.344655971072,L4_1,84.5,403.771311876004,19.5638730101466
264433.820164484,3842465.58477571,644.344655971072,L4_1,84.5,386.702041951765,18.2183682936844
264433.820164484,3842465.58477571,644.344655971072,L4_1,84.5,368.779308531315,16.9940392690708
264433.820164484,3842465.58477571,644.344655971072,L4_1,84.5,349.960438439843,15.9019786636403
264433.820164484,3842465.58477571,644.344655971072,L4_1,84.5,330.200624843796,14.9380559925335
264433.820164484,3842465.58477571,644.344655971072,L4_1,84.5,309.452820567948,14.089312192711
264433.820164484,3842465.58477571,644.344655971072,L4_1,84.5,287.669414477938,13.3410539082864
264433.820164484,3842465.58477571,644.344655971072,L4_1,84.5,264.979217008397,12.6793000999677
264433.820164484,3842465.58477571,644.344655971072,L4_1,84.5,241.154509665379,12.0892037238816
264433.820164484,3842465.58477571,644.344655971072,L4_1,84.5,216.13856695521,11.5543859935596
264433.820164484,3842465.58477571,644.344655971072,L4_1,84.5,189.871827109532,11.0597219272407
264433.820164484,3842465.58477571,644.344655971072,L4_1,84.5,162.291750271571,10.5947306950822
264433.820164484,3842465.58477571,644.344655971072,L4_1,84.5,133.332669591712,10.1535435432982
264433.820164484,3842465.58477571,644.344655971072,L4_1,84.5,102.925634877859,9.733750865207
264433.820164484,3842465.58477571,644.344655971072,L4_1,84.5,70.9982484283146,9.33540060294622
264433.820164484,3842465.58477571,644.344655971072,L4_1,84.5,,
264433.820164484,3842465.58477571,644.344655971072,L4_1,84.5,,
264433.820164484,3842465.58477571,644.344655971072,L4_1,84.5,,
264433.820164484,3842465.58477571,644.344655971072,L4_1,84.5,,
264433.820164484,3842465.58477571,644.344655971072,L4_1,84.5,,
264433.820164484,3842465.58477571,644.344655971072,L4_1,84.5,,
264433.820164484,3842465.58477571,644.344655971072,L4_1,84.5,,
264433.820164484,3842465.58477571,644.344655971072,L4_1,84.5,,
264433.820164484,3842465.58477571,644.344655971072,L4_1,84.5,,
264433.820164484,3842465.58477571,644.344655971072,L4_1,84.5,,
264433.820164484,3842465.58477571,644.344655971072,L4_1,84.5,,
264433.820164484,3842465.58477571,644.344655971072,L4_1,84.5,,
264433.820164484,3842465.58477571,644.344655971072,L4_1,84.5,,
264433.820164484,3842465.58477571,644.344655971072,L4_1,84.5,,
264433.820164484,3842465.58477571,644.344655971072,L4_1,84.5,,
264433.820164484,3842465.58477571,644.344655971072,L4_1,84.5,,
264433.820164484,3842465.58477571,644.344655971072,L4_1,84.5,,
264433.820164484,3842465.58477571,644.344655971072,L4_1,84.5,,
264433.820164484,3842465.58477571,644.344655971072,L4_1,84.5,,
264433.820164484,3842465.58477571,644.344655971072,L4_1,84.5,,
264433.820164484,3842465.58477571,644.344655971072,L4_1,84.5,,
264438.774005659,3842468.97868275,644.639460528869,L4_1,90.5,644.639460528869,26.2416786768149
264438.774005659,3842468.97868275,644.639460528869,L4_1,90.5,639.59468900094,21.987810112021
264438.774005659,3842468.97868275,644.639460528869,L4_1,90.5,634.297678896614,11.1032891360317
264438.774005659,3842468.97868275,644.639460528869,L4_1,90.5,628.735818287072,4.05141088990548
264438.774005659,3842468.97868275,644.639460528869,L4_1,90.5,622.895864647052,1.93780932404625
264438.774005659,3842468.97868275,644.639460528869,L4_1,90.5,616.763913325032,1.5964704639894
264438.774005659,3842468.97868275,644.639460528869,L4_1,90.5,610.325364436911,1.91869068536199
264438.774005659,3842468.97868275,644.639460528869,L4_1,90.5,603.564888104384,2.56027647020487
264438.774005659,3842468.97868275,644.639460528869,L4_1,90.5,596.46638795523,3.43545715652252
264438.774005659,3842468.97868275,644.639460528869,L4_1,90.5,589.012962798618,4.66481038539809
264438.774005659,3842468.97868275,644.639460528869,L4_1,90.5,581.186866384177,6.43354232378341
264438.774005659,3842468.97868275,644.639460528869,L4_1,90.5,572.969465149013,8.82262666015774
264438.774005659,3842468.97868275,644.639460528869,L4_1,90.5,564.34119385209,11.7234798649083
264438.774005659,3842468.97868275,644.639460528869,L4_1,90.5,555.281508990322,14.8751242102192
264438.774005659,3842468.97868275,644.639460528869,L4_1,90.5,545.768839885465,17.9767517055404
264438.774005659,3842468.97868275,644.639460528869,L4_1,90.5,535.780537325366,20.776842864968
264438.774005659,3842468.97868275,644.639460528869,L4_1,90.5,525.292819637261,23.0954432618669
264438.774005659,3842468.97868275,644.639460528869,L4_1,90.5,514.280716064751,24.8102264946125
264438.774005659,3842468.97868275,644.639460528869,L4_1,90.5,502.718007313616,25.8498662847931
264438.774005659,3842468.97868275,644.639460528869,L4_1,90.5,490.577163124924,26.2038759873188
264438.774005659,3842468.97868275,644.639460528869,L4_1,90.5,477.829276726797,25.9301909240872
264438.774005659,3842468.97868275,644.639460528869,L4_1,90.5,464.443996008764,25.1448417639982
264438.774005659,3842468.97868275,644.639460528869,L4_1,90.5,450.389451254829,23.9956429709663
264438.774005659,3842468.97868275,644.639460528869,L4_1,90.5,435.632179263198,22.6324805748486
264438.774005659,3842468.97868275,644.639460528869,L4_1,90.5,420.137043671985,21.1850877791722
264438.774005659,3842468.97868275,644.639460528869,L4_1,90.5,403.867151301211,19.7519770475375
264438.774005659,3842468.97868275,644.639460528869,L4_1,90.5,386.783764311899,18.3987742980138
264438.774005659,3842468.97868275,644.639460528869,L4_1,90.5,368.846207973121,17.1621327451862
264438.774005659,3842468.97868275,644.639460528869,L4_1,90.5,350.011773817404,16.0558221730518
264438.774005659,3842468.97868275,644.639460528869,L4_1,90.5,330.235617953902,15.0771104370942
264438.774005659,3842468.97868275,644.639460528869,L4_1,90.5,309.470654297224,14.2136817732954
264438.774005659,3842468.97868275,644.639460528869,L4_1,90.5,287.669414477938,13.4513870352204
264438.774005659,3842468.97868275,644.639460528869,L4_1,90.5,264.979217008397,12.7768224551005
264438.774005659,3842468.97868275,644.639460528869,L4_1,90.5,241.154509665379,12.1754084126059
264438.774005659,3842468.97868275,644.639460528869,L4_1,90.5,216.13856695521,11.6305330801309
264438.774005659,3842468.97868275,644.639460528869,L4_1,90.5,189.871827109532,11.1266351885198
264438.774005659,3842468.97868275,644.639460528869,L4_1,90.5,162.291750271571,10.6529819320643
264438.774005659,3842468.97868275,644.639460528869,L4_1,90.5,133.332669591712,10.2036393641846
264438.774005659,3842468.97868275,644.639460528869,L4_1,90.5,102.925634877859,9.77622179449449
264438.774005659,3842468.97868275,644.639460528869,L4_1,90.5,70.9982484283146,9.37083186468154
264438.774005659,3842468.97868275,644.639460528869,L4_1,90.5,,
264438.774005659,3842468.97868275,644.639460528869,L4_1,90.5,,
264438.774005659,3842468.97868275,644.639460528869,L4_1,90.5,,
264438.774005659,3842468.97868275,644.639460528869,L4_1,90.5,,
264438.774005659,3842468.97868275,644.639460528869,L4_1,90.5,,
264438.774005659,3842468.97868275,644.639460528869,L4_1,90.5,,
264438.774005659,3842468.97868275,644.639460528869,L4_1,90.5,,
264438.774005659,3842468.97868275,644.639460528869,L4_1,90.5,,
264438.774005659,3842468.97868275,644.639460528869,L4_1,90.5,,
264438.774005659,3842468.97868275,644.639460528869,L4_1,90.5,,
264438.774005659,3842468.97868275,644.639460528869,L4_1,90.5,,
264438.774005659,3842468.97868275,644.639460528869,L4_1,90.5,,
264438.774005659,3842468.97868275,644.639460528869,L4_1,90.5,,
264438.774005659,3842468.97868275,644.639460528869,L4_1,90.5,,
264438.774005659,3842468.97868275,644.639460528869,L4_1,90.5,,
264438.774005659,3842468.97868275,644.639460528869,L4_1,90.5,,
264438.774005659,3842468.97868275,644.639460528869,L4_1,90.5,,
264438.774005659,3842468.97868275,644.639460528869,L4_1,90.5,,
264438.774005659,3842468.97868275,644.639460528869,L4_1,90.5,,
264438.774005659,3842468.97868275,644.639460528869,L4_1,90.5,,
264438.774005659,3842468.97868275,644.639460528869,L4_1,90.5,,
264444.140666931,3842472.65541537,644.956207383756,L4_1,97.0,644.956207383756,28.8184102676669
264444.140666931,3842472.65541537,644.956207383756,L4_1,97.0,639.906956763056,22.8561351899732
264444.140666931,3842472.65541537,644.956207383756,L4_1,97.0,634.605243611322,10.8000914371399
264444.140666931,3842472.65541537,644.956207383756,L4_1,97.0,629.038444802,3.8964617785853
264444.140666931,3842472.65541537,644.956207383756,L4_1,97.0,623.193306052213,1.85446268024984
264444.140666931,3842472.65541537,644.956207383756,L4_1,97.0,617.055910364936,1.50802451017855
264444.140666931,3842472.65541537,644.956207383756,L4_1,97.0,610.611644893296,1.79136352970669
264444.140666931,3842472.65541537,644.956207383756,L4_1,97.0,603.845166148073,2.38068768867541
264444.140666931,3842472.65541537,644.956207383756,L4_1,97.0,596.740363465589,3.19386724505935
264444.140666931,3842472.65541537,644.956207383756,L4_1,97.0,589.280320648981,4.33546363365573
264444.140666931,3842472.65541537,644.956207383756,L4_1,97.0,581.447275691543,5.97757176334077
264444.140666931,3842472.65541537,644.956207383756,L4_1,97.0,573.222578486233,8.21040363526027
264444.140666931,3842472.65541537,644.956207383756,L4_1,97.0,564.586646420657,10.9590046845158
264444.140666931,3842472.65541537,644.956207383756,L4_1,97.0,555.518917751802,14.0026218010989
264444.140666931,3842472.65541537,644.956207383756,L4_1,97.0,545.997802649505,17.0660261445443
264444.140666931,3842472.65541537,644.956207383756,L4_1,97.0,536.000631792093,19.9025596532409
264444.140666931,3842472.65541537,644.956207383756,L4_1,97.0,525.50360239181,22.3224036429819
264444.140666931,3842472.65541537,644.956207383756,L4_1,97.0,514.481721521513,24.1849340890534
264444.140666931,3842472.65541537,644.956207383756,L4_1,97.0,502.908746607701,25.3957339022173
264444.140666931,3842472.65541537,644.956207383756,L4_1,97.0,490.757122948199,25.9203920848029
264444.140666931,3842472.65541537,644.956207383756,L4_1,97.0,477.997918105721,25.7971525754805
264444.140666931,3842472.65541537,644.956207383756,L4_1,97.0,464.60075302112,25.1304185877365
264444.140666931,3842472.65541537,644.956207383756,L4_1,97.0,450.533729682288,24.0650282960126
264444.140666931,3842472.65541537,644.956207383756,L4_1,97.0,435.763355176515,22.7543583956916
264444.140666931,3842472.65541537,644.956207383756,L4_1,97.0,420.254461945454,21.3348826646125
264444.140666931,3842472.65541537,644.956207383756,L4_1,97.0,403.970124052839,19.9124100776455
264444.140666931,3842472.65541537,644.956207383756,L4_1,97.0,386.871569265594,18.5588267613403
264444.140666931,3842472.65541537,644.956207383756,L4_1,97.0,368.918086738986,17.3154142541633
264444.140666931,3842472.65541537,644.956207383756,L4_1,97.0,350.066930086048,16.1989730999721
264444.140666931,3842472.65541537,644.956207383756,L4_1,97.0,330.273215600463,15.2084812519398
264444.140666931,3842472.65541537,644.956207383756,L4_1,97.0,309.489815390598,14.3325214349233
264444.140666931,3842472.65541537,644.956207383756,L4_1,97.0,287.669414477938,13.5577105965663
264444.140666931,3842472.65541537,644.956207383756,L4_1,97.0,264.979217008397,12.8714141548107
264444.140666931,3842472.65541537,644.956207383756,L4_1,97.0,241.154509665379,12.2594634885997
264444.140666931,3842472.65541537,644.956207383756,L4_1,97.0,216.13856695521,11.705097257702
264444.140666931,3842472.65541537,644.956207383756,L4_1,97.0,189.871827109532,11.192369312544
264444.140666931,3842472.65541537,644.956207383756,L4_1,97.0,162.291750271571,10.7103369594495
264444.140666931,3842472.65541537,644.956207383756,L4_1,97.0,133.332669591712,10.2530360597306
264444.140666931,3842472.65541537,644.956207383756,L4_1,97.0,102.925634877859,9.81813455024421
264444.140666931,3842472.65541537,644.956207383756,L4_1,97.0,70.9982484283146,9.4058098227636
264444.140666931,3842472.65541537,644.956207383756,L4_1,97.0,,
264444.140666931,3842472.65541537,644.956207383756,L4_1,97.0,,
264444.140666931,3842472.65541537,644.956207383756,L4_1,97.0,,
264444.140666931,3842472.65541537,644.956207383756,L4_1,97.0,,
264444.140666931,3842472.65541537,644.956207383756,L4_1,97.0,,
264444.140666931,3842472.65541537,644.956207383756,L4_1,97.0,,
264444.140666931,3842472.65541537,644.956207383756,L4_1,97.0,,
264444.140666931,3842472.65541537,644.956207383756,L4_1,97.0,,
264444.140666931,3842472.65541537,644.956207383756,L4_1,97.0,,
264444.140666931,3842472.65541537,644.956207383756,L4_1,97.0,,
264444.140666931,3842472.65541537,644.956207383756,L4_1,97.0,,
264444.140666931,3842472.65541537,644.956207383756,L4_1,97.0,,
264444.140666931,3842472.65541537,644.956207383756,L4_1,97.0,,
264444.140666931,3842472.65541537,644.956207383756,L4_1,97.0,,
264444.140666931,3842472.65541537,644.956207383756,L4_1,97.0,,
264444.140666931,3842472.65541537,644.956207383756,L4_1,97.0,,
264444.140666931,3842472.65541537,644.956207383756,L4_1,97.0,,
264444.140666931,3842472.65541537,644.956207383756,L4_1,97.0,,
264444.140666931,3842472.65541537,644.956207383756,L4_1,97.0,,
264444.140666931,3842472.65541537,644.956207383756,L4_1,97.0,,
264444.140666931,3842472.65541537,644.956207383756,L4_1,97.0,,
264449.095050068,3842476.04931352,645.272954238643,L4_1,103.0,645.272954238643,26.591766223823
264449.095050068,3842476.04931352,645.272954238643,L4_1,103.0,640.219224525173,21.0036710683041
264449.095050068,3842476.04931352,645.272954238643,L4_1,103.0,634.91280832603,10.0257215264348
264449.095050068,3842476.04931352,645.272954238643,L4_1,103.0,629.341071316929,3.71739166658341
264449.095050068,3842476.04931352,645.272954238643,L4_1,103.0,623.490747457374,1.79091994362357
264449.095050068,3842476.04931352,645.272954238643,L4_1,103.0,617.34790740484,1.43567393831495
264449.095050068,3842476.04931352,645.272954238643,L4_1,103.0,610.89792534968,1.66310819871426
264449.095050068,3842476.04931352,645.272954238643,L4_1,103.0,604.125444191762,2.17325498230702
264449.095050068,3842476.04931352,645.272954238643,L4_1,103.0,597.014338975949,2.89918862144913
264449.095050068,3842476.04931352,645.272954238643,L4_1,103.0,589.547678499344,3.94012153308873
264449.095050068,3842476.04931352,645.272954238643,L4_1,103.0,581.707684998909,5.45832501723219
264449.095050068,3842476.04931352,645.272954238643,L4_1,103.0,573.475691823453,7.55066818156136
264449.095050068,3842476.04931352,645.272954238643,L4_1,103.0,564.832098989223,10.167866135925
264449.095050068,3842476.04931352,645.272954238643,L4_1,103.0,555.756326513282,13.1191332790421
264449.095050068,3842476.04931352,645.272954238643,L4_1,103.0,546.226765413545,16.1479747816724
264449.095050068,3842476.04931352,645.272954238643,L4_1,103.0,536.22072625882,19.0120440827422
264449.095050068,3842476.04931352,645.272954238643,L4_1,103.0,525.714385146359,21.516129196515
264449.095050068,3842476.04931352,645.272954238643,L4_1,103.0,514.682726978275,23.507822796434
264449.095050068,3842476.04931352,645.272954238643,L4_1,103.0,503.099485901786,24.8753669794901
264449.095050068,3842476.04931352,645.272954238643,L4_1,103.0,490.937082771474,25.5636185453719
264449.095050068,3842476.04931352,645.272954238643,L4_1,103.0,478.166559484646,25.5913986210124
264449.095050068,3842476.04931352,645.272954238643,L4_1,103.0,464.757510033476,25.0496556030911
264449.095050068,3842476.04931352,645.272954238643,L4_1,103.0,450.678008109748,24.0776681309236
264449.095050068,3842476.04931352,645.272954238643,L4_1,103.0,435.894531089833,22.8300143937173
264449.095050068,3842476.04931352,645.272954238643,L4_1,103.0,420.371880218923,21.4483766503223
264449.095050068,3842476.04931352,645.272954238643,L4_1,103.0,404.073096804467,20.0450867331933
264449.095050068,3842476.04931352,645.272954238643,L4_1,103.0,386.959374219288,18.6980659521551
264449.095050068,3842476.04931352,645.272954238643,L4_1,103.0,368.989965504851,17.4533107383234
264449.095050068,3842476.04931352,645.272954238643,L4_1,103.0,350.122086354691,16.3308661535029
264449.095050068,3842476.04931352,645.272954238643,L4_1,103.0,330.310813247024,15.3316650709687
264449.095050068,3842476.04931352,645.272954238643,L4_1,103.0,309.508976483973,14.4454116265206
264449.095050068,3842476.04931352,645.272954238643,L4_1,103.0,287.669414477938,13.6596878699252
264449.095050068,3842476.04931352,645.272954238643,L4_1,103.0,264.979217008397,12.9628094482904
264449.095050068,3842476.04931352,645.272954238643,L4_1,103.0,241.154509665379,12.3411558312375
264449.095050068,3842476.04931352,645.272954238643,L4_1,103.0,216.13856695521,11.7779037845986
264449.095050068,3842476.04931352,645.272954238643,L4_1,103.0,189.871827109532,11.2567788833782
264449.095050068,3842476.04931352,645.272954238643,L4_1,103.0,162.291750271571,10.7666738782545
264449.095050068,3842476.04931352,645.272954238643,L4_1,103.0,133.332669591712,10.3016333308327
264449.095050068,3842476.04931352,645.272954238643,L4_1,103.0,102.925634877859,9.85940733752745
264449.095050068,3842476.04931352,645.272954238643,L4_1,103.0,70.9982484283146,9.44026851404971
264449.095050068,3842476.04931352,645.272954238643,L4_1,103.0,,
264449.095050068,3842476.04931352,645.272954238643,L4_1,103.0,,
264449.095050068,3842476.04931352,645.272954238643,L4_1,103.0,,
264449.095050068,3842476.04931352,645.272954238643,L4_1,103.0,,
264449.095050068,3842476.04931352,645.272954238643,L4_1,103.0,,
264449.095050068,3842476.04931352,645.272954238643,L4_1,103.0,,
264449.095050068,3842476.04931352,645.272954238643,L4_1,103.0,,
264449.095050068,3842476.04931352,645.272954238643,L4_1,103.0,,
264449.095050068,3842476.04931352,645.272954238643,L4_1,103.0,,
264449.095050068,3842476.04931352,645.272954238643,L4_1,103.0,,
264449.095050068,3842476.04931352,645.272954238643,L4_1,103.0,,
264449.095050068,3842476.04931352,645.272954238643,L4_1,103.0,,
264449.095050068,3842476.04931352,645.272954238643,L4_1,103.0,,
264449.095050068,3842476.04931352,645.272954238643,L4_1,103.0,,
264449.095050068,3842476.04931352,645.272954238643,L4_1,103.0,,
264449.095050068,3842476.04931352,645.272954238643,L4_1,103.0,,
264449.095050068,3842476.04931352,645.272954238643,L4_1,103.0,,
264449.095050068,3842476.04931352,645.272954238643,L4_1,103.0,,
264449.095050068,3842476.04931352,645.272954238643,L4_1,103.0,,
264449.095050068,3842476.04931352,645.272954238643,L4_1,103.0,,
264449.095050068,3842476.04931352,645.272954238643,L4_1,103.0,,
264454.462885593,3842479.7260269,645.58970109353,L4_1,109.5,645.58970109353,20.5120553124006
264454.462885593,3842479.7260269,645.58970109353,L4_1,109.5,640.53149228729,16.932803667305
264454.462885593,3842479.7260269,645.58970109353,L4_1,109.5,635.220373040738,8.78538453584836
264454.462885593,3842479.7260269,645.58970109353,L4_1,109.5,629.643697831858,3.4780342664
264454.462885593,3842479.7260269,645.58970109353,L4_1,109.5,623.788188862534,1.72786181120266
264454.462885593,3842479.7260269,645.58970109353,L4_1,109.5,617.639904444744,1.36881512247257
264454.462885593,3842479.7260269,645.58970109353,L4_1,109.5,611.184205806065,1.53268233691075
264454.462885593,3842479.7260269,645.58970109353,L4_1,109.5,604.405722235452,1.95002400329692
264454.462885593,3842479.7260269,645.58970109353,L4_1,109.5,597.288314486308,2.57522770373203
264454.462885593,3842479.7260269,645.58970109353,L4_1,109.5,589.815036349707,3.50823983975715
264454.462885593,3842479.7260269,645.58970109353,L4_1,109.5,581.968094306275,4.90470949362034
264454.462885593,3842479.7260269,645.58970109353,L4_1,109.5,573.728805160673,6.86757376673206
264454.462885593,3842479.7260269,645.58970109353,L4_1,109.5,565.07755155779,9.3678034166997
264454.462885593,3842479.7260269,645.58970109353,L4_1,109.5,555.993735274763,12.2365385125522
264454.462885593,3842479.7260269,645.58970109353,L4_1,109.5,546.455728177584,15.2303240626977
264454.462885593,3842479.7260269,645.58970109353,L4_1,109.5,536.440820725547,18.1106094967395
264454.462885593,3842479.7260269,645.58970109353,L4_1,109.5,525.925167900908,20.6806719385226
264454.462885593,3842479.7260269,645.58970109353,L4_1,109.5,514.883732435037,22.7821693055425
264454.462885593,3842479.7260269,645.58970109353,L4_1,109.5,503.290225195872,24.2913373428034
264454.462885593,3842479.7260269,645.58970109353,L4_1,109.5,491.117042594749,25.135385322551
264454.462885593,3842479.7260269,645.58970109353,L4_1,109.5,478.33520086357,25.3140546477662
264454.462885593,3842479.7260269,645.58970109353,L4_1,109.5,464.914267045832,24.9031133776767
264454.462885593,3842479.7260269,645.58970109353,L4_1,109.5,450.822286537207,24.0337420392403
264454.462885593,3842479.7260269,645.58970109353,L4_1,109.5,436.025707003151,22.8594137532227
264454.462885593,3842479.7260269,645.58970109353,L4_1,109.5,420.489298492392,21.5254403007541
264454.462885593,3842479.7260269,645.58970109353,L4_1,109.5,404.176069556095,20.1498543123519
264454.462885593,3842479.7260269,645.58970109353,L4_1,109.5,387.047179172983,18.8163513343913
264454.462885593,3842479.7260269,645.58970109353,L4_1,109.5,369.061844270715,17.5757072524936
264454.462885593,3842479.7260269,645.58970109353,L4_1,109.5,350.177242623334,16.4514137702578
264454.462885593,3842479.7260269,645.58970109353,L4_1,109.5,330.348410893585,15.44659854057
264454.462885593,3842479.7260269,645.58970109353,L4_1,109.5,309.528137577347,14.5523083197365
264454.462885593,3842479.7260269,645.58970109353,L4_1,109.5,287.669414477938,13.7572891340538
264454.462885593,3842479.7260269,645.58970109353,L4_1,109.5,264.979217008397,13.050988646332
264454.462885593,3842479.7260269,645.58970109353,L4_1,109.5,241.154509665379,12.4204724969402
264454.462885593,3842479.7260269,645.58970109353,L4_1,109.5,216.13856695521,11.8489441378644
264454.462885593,3842479.7260269,645.58970109353,L4_1,109.5,189.871827109532,11.3198582347789
264454.462885593,3842479.7260269,645.58970109353,L4_1,109.5,162.291750271571,10.8219888655524
264454.462885593,3842479.7260269,645.58970109353,L4_1,109.5,133.332669591712,10.3494285297335
264454.462885593,3842479.7260269,645.58970109353,L4_1,109.5,102.925634877859,9.90003826018471
264454.462885593,3842479.7260269,645.58970109353,L4_1,109.5,70.9982484283146,9.47420652625656
264454.462885593,3842479.7260269,645.58970109353,L4_1,109.5,,
264454.462885593,3842479.7260269,645.58970109353,L4_1,109.5,,
264454.462885593,3842479.7260269,645.58970109353,L4_1,109.5,,
264454.462885593,3842479.7260269,645.58970109353,L4_1,109.5,,
264454.462885593,3842479.7260269,645.58970109353,L4_1,109.5,,
264454.462885593,3842479.7260269,645.58970109353,L4_1,109.5,,
264454.462885593,3842479.7260269,645.58970109353,L4_1,109.5,,
264454.462885593,3842479.7260269,645.58970109353,L4_1,109.5,,
264454.462885593,3842479.7260269,645.58970109353,L4_1,109.5,,
264454.462885593,3842479.7260269,645.58970109353,L4_1,109.5,,
264454.462885593,3842479.7260269,645.58970109353,L4_1,109.5,,
264454.462885593,3842479.7260269,645.58970109353,L4_1,109.5,,
264454.462885593,3842479.7260269,645.58970109353,L4_1,109.5,,
264454.462885593,3842479.7260269,645.58970109353,L4_1,109.5,,
264454.462885593,3842479.7260269,645.58970109353,L4_1,109.5,,
264454.462885593,3842479.7260269,645.58970109353,L4_1,109.5,,
264454.462885593,3842479.7260269,645.58970109353,L4_1,109.5,,
264454.462885593,3842479.7260269,645.58970109353,L4_1,109.5,,
264454.462885593,3842479.7260269,645.58970109353,L4_1,109.5,,
264454.462885593,3842479.7260269,645.58970109353,L4_1,109.5,,
264454.462885593,3842479.7260269,645.58970109353,L4_1,109.5,,
264459.417810692,3842483.11991618,645.911491368411,L4_1,115.5,645.911491368411,17.4840438393177
264459.417810692,3842483.11991618,645.911491368411,L4_1,115.5,640.848732150789,14.8033862048102
264459.417810692,3842483.11991618,645.911491368411,L4_1,115.5,635.532834972286,8.18674076504691
264459.417810692,3842483.11991618,645.911491368411,L4_1,115.5,629.951142934857,3.46750103206056
264459.417810692,3842483.11991618,645.911491368411,L4_1,115.5,624.090366295557,1.77760527140969
264459.417810692,3842483.11991618,645.911491368411,L4_1,115.5,617.936550824292,1.3811397497815
264459.417810692,3842483.11991618,645.911491368411,L4_1,115.5,611.475044579464,1.47663968637965
264459.417810692,3842483.11991618,645.911491368411,L4_1,115.5,604.690463022395,1.80550083840601
264459.417810692,3842483.11991618,645.911491368411,L4_1,115.5,597.566652387471,2.33442275374638
264459.417810692,3842483.11991618,645.911491368411,L4_1,115.5,590.086651220802,3.16317175446713
264459.417810692,3842483.11991618,645.911491368411,L4_1,115.5,582.232649995799,4.44177337870584
264459.417810692,3842483.11991618,645.911491368411,L4_1,115.5,573.985948709547,6.27784819447052
264459.417810692,3842483.11991618,645.911491368411,L4_1,115.5,565.326912358981,8.65943513798325
264459.417810692,3842483.11991618,645.911491368411,L4_1,115.5,556.234924190887,11.4369171000024
264459.417810692,3842483.11991618,645.911491368411,L4_1,115.5,546.688336614389,14.3791664848301
264459.417810692,3842483.11991618,645.911491368411,L4_1,115.5,536.664419659066,17.2527411673897
264459.417810692,3842483.11991618,645.911491368411,L4_1,115.5,526.139306855976,19.86224102931
264459.417810692,3842483.11991618,645.911491368411,L4_1,115.5,515.087938412732,22.0471971029994
264459.417810692,3842483.11991618,645.911491368411,L4_1,115.5,503.484001547326,23.6757725247575
264459.417810692,3842483.11991618,645.911491368411,L4_1,115.5,491.299867838649,24.6604179692551
264459.417810692,3842483.11991618,645.911491368411,L4_1,115.5,478.506527444539,24.9827432550667
264459.417810692,3842483.11991618,645.911491368411,L4_1,115.5,465.073520030723,24.7023485114805
264459.417810692,3842483.11991618,645.911491368411,L4_1,115.5,450.968862246216,23.9401859845535
264459.417810692,3842483.11991618,645.911491368411,L4_1,115.5,436.158971572484,22.8463090182691
264459.417810692,3842483.11991618,645.911491368411,L4_1,115.5,420.608586365066,21.5678211831383
264459.417810692,3842483.11991618,645.911491368411,L4_1,115.5,404.280681897276,20.2273020539839
264459.417810692,3842483.11991618,645.911491368411,L4_1,115.5,387.136382206097,18.9136608923332
264459.417810692,3842483.11991618,645.911491368411,L4_1,115.5,369.134867530359,17.6822952449786
264459.417810692,3842483.11991618,645.911491368411,L4_1,115.5,350.233277120834,16.5602056023766
264459.417810692,3842483.11991618,645.911491368411,L4_1,115.5,330.386607190833,15.5528662693343
264459.417810692,3842483.11991618,645.911491368411,L4_1,115.5,309.547603764332,14.6528434815255
264459.417810692,3842483.11991618,645.911491368411,L4_1,115.5,287.669414477938,13.8502170595712
264459.417810692,3842483.11991618,645.911491368411,L4_1,115.5,264.979217008397,13.1357192872573
264459.417810692,3842483.11991618,645.911491368411,L4_1,115.5,241.154509665379,12.4972281867116
264459.417810692,3842483.11991618,645.911491368411,L4_1,115.5,216.13856695521,11.9180636614827
264459.417810692,3842483.11991618,645.911491368411,L4_1,115.5,189.871827109532,11.3814752060876
264459.417810692,3842483.11991618,645.911491368411,L4_1,115.5,162.291750271571,10.8761695112627
264459.417810692,3842483.11991618,645.911491368411,L4_1,115.5,133.332669591712,10.3963269638313
264459.417810692,3842483.11991618,645.911491368411,L4_1,115.5,102.925634877859,9.93994833493965
264459.417810692,3842483.11991618,645.911491368411,L4_1,115.5,70.9982484283146,9.50755916230126
264459.417810692,3842483.11991618,645.911491368411,L4_1,115.5,,
264459.417810692,3842483.11991618,645.911491368411,L4_1,115.5,,
264459.417810692,3842483.11991618,645.911491368411,L4_1,115.5,,
264459.417810692,3842483.11991618,645.911491368411,L4_1,115.5,,
264459.417810692,3842483.11991618,645.911491368411,L4_1,115.5,,
264459.417810692,3842483.11991618,645.911491368411,L4_1,115.5,,
264459.417810692,3842483.11991618,645.911491368411,L4_1,115.5,,
264459.417810692,3842483.11991618,645.911491368411,L4_1,115.5,,
264459.417810692,3842483.11991618,645.911491368411,L4_1,115.5,,
264459.417810692,3842483.11991618,645.911491368411,L4_1,115.5,,
264459.417810692,3842483.11991618,645.911491368411,L4_1,115.5,,
264459.417810692,3842483.11991618,645.911491368411,L4_1,115.5,,
264459.417810692,3842483.11991618,645.911491368411,L4_1,115.5,,
264459.417810692,3842483.11991618,645.911491368411,L4_1,115.5,,
264459.417810692,3842483.11991618,645.911491368411,L4_1,115.5,,
264459.417810692,3842483.11991618,645.911491368411,L4_1,115.5,,
264459.417810692,3842483.11991618,645.911491368411,L4_1,115.5,,
264459.417810692,3842483.11991618,645.911491368411,L4_1,115.5,,
264459.417810692,3842483.11991618,645.911491368411,L4_1,115.5,,
264459.417810692,3842483.11991618,645.911491368411,L4_1,115.5,,
264459.417810692,3842483.11991618,645.911491368411,L4_1,115.5,,
264464.785646216,3842486.79662956,646.238329330855,L4_1,122.0,646.238329330855,16.972428075034
264464.785646216,3842486.79662956,646.238329330855,L4_1,122.0,641.170948322891,14.3949071345905
264464.785646216,3842486.79662956,646.238329330855,L4_1,122.0,635.850198264529,8.25346207034711
264464.785646216,3842486.79662956,646.238329330855,L4_1,122.0,630.263410703249,3.71849113567326
264464.785646216,3842486.79662956,646.238329330855,L4_1,122.0,624.397283763905,1.95554918849981
264464.785646216,3842486.79662956,646.238329330855,L4_1,122.0,618.237850477594,1.47665367358187
264464.785646216,3842486.79662956,646.238329330855,L4_1,122.0,611.770445526967,1.49161691589348
264464.785646216,3842486.79662956,646.238329330855,L4_1,122.0,604.979670328809,1.73244372623911
264464.785646216,3842486.79662956,646.238329330855,L4_1,122.0,597.849356370743,2.16921867499519
264464.785646216,3842486.79662956,646.238329330855,L4_1,122.0,590.362526714773,2.89906545461972
264464.785646216,3842486.79662956,646.238329330855,L4_1,122.0,582.501355576006,4.06580756279931
264464.785646216,3842486.79662956,646.238329330855,L4_1,122.0,574.247125880299,5.77969042213887
264464.785646216,3842486.79662956,646.238329330855,L4_1,122.0,565.580184699808,8.0424276301931
264464.785646216,3842486.79662956,646.238329330855,L4_1,122.0,556.479896460292,10.7209058180028
264464.785646216,3842486.79662956,646.238329330855,L4_1,122.0,546.9245938088,13.5957101376356
264464.785646216,3842486.79662956,646.238329330855,L4_1,122.0,536.891526024734,16.4400129648476
264464.785646216,3842486.79662956,646.238329330855,L4_1,122.0,526.356804851464,19.062684906146
264464.785646216,3842486.79662956,646.238329330855,L4_1,122.0,515.29534761953,21.3049038187234
264464.785646216,3842486.79662956,646.238329330855,L4_1,122.0,503.680817526,23.0306069229524
264464.785646216,3842486.79662956,646.238329330855,L4_1,122.0,491.485560927794,24.1403594736706
264464.785646216,3842486.79662956,646.238329330855,L4_1,122.0,478.680541499677,24.598674730789
264464.785646216,3842486.79662956,646.238329330855,L4_1,122.0,465.235271100155,24.4481241721617
264464.785646216,3842486.79662956,646.238329330855,L4_1,122.0,451.117737180656,23.7973961798049
264464.785646216,3842486.79662956,646.238329330855,L4_1,122.0,436.294326565182,22.790845893256
264464.785646216,3842486.79662956,646.238329330855,L4_1,122.0,420.729745418935,21.5755211434135
264464.785646216,3842486.79662956,646.238329330855,L4_1,122.0,404.386935215375,20.2773647311273
264464.785646216,3842486.79662956,646.238329330855,L4_1,122.0,387.226984501637,18.9899089257621
264464.785646216,3842486.79662956,646.238329330855,L4_1,122.0,369.209036252213,17.7729925252011
264464.785646216,3842486.79662956,646.238329330855,L4_1,122.0,350.290190590317,16.6571730051459
264464.785646216,3842486.79662956,646.238329330855,L4_1,122.0,330.425402645326,15.6504155668872
264464.785646216,3842486.79662956,646.238329330855,L4_1,122.0,309.567375303086,14.7469790491771
264464.785646216,3842486.79662956,646.238329330855,L4_1,122.0,287.669414477938,13.9384454194916
264464.785646216,3842486.79662956,646.238329330855,L4_1,122.0,264.979217008397,13.2169837406447
264464.785646216,3842486.79662956,646.238329330855,L4_1,122.0,241.154509665379,12.5714111438856
264464.785646216,3842486.79662956,646.238329330855,L4_1,122.0,216.13856695521,11.9852545201507
264464.785646216,3842486.79662956,646.238329330855,L4_1,122.0,189.871827109532,11.441624490959
264464.785646216,3842486.79662956,646.238329330855,L4_1,122.0,162.291750271571,10.929212118565
264464.785646216,3842486.79662956,646.238329330855,L4_1,122.0,133.332669591712,10.4423259879407
264464.785646216,3842486.79662956,646.238329330855,L4_1,122.0,102.925634877859,9.97913563502043
264464.785646216,3842486.79662956,646.238329330855,L4_1,122.0,70.9982484283146,9.54032498057913
264464.785646216,3842486.79662956,646.238329330855,L4_1,122.0,,
264464.785646216,3842486.79662956,646.238329330855,L4_1,122.0,,
264464.785646216,3842486.79662956,646.238329330855,L4_1,122.0,,
264464.785646216,3842486.79662956,646.238329330855,L4_1,122.0,,
264464.785646216,3842486.79662956,646.238329330855,L4_1,122.0,,
264464.785646216,3842486.79662956,646.238329330855,L4_1,122.0,,
264464.785646216,3842486.79662956,646.238329330855,L4_1,122.0,,
264464.785646216,3842486.79662956,646.238329330855,L4_1,122.0,,
264464.785646216,3842486.79662956,646.238329330855,L4_1,122.0,,
264464.785646216,3842486.79662956,646.238329330855,L4_1,122.0,,
264464.785646216,3842486.79662956,646.238329330855,L4_1,122.0,,
264464.785646216,3842486.79662956,646.238329330855,L4_1,122.0,,
264464.785646216,3842486.79662956,646.238329330855,L4_1,122.0,,
264464.785646216,3842486.79662956,646.238329330855,L4_1,122.0,,
264464.785646216,3842486.79662956,646.238329330855,L4_1,122.0,,
264464.785646216,3842486.79662956,646.238329330855,L4_1,122.0,,
264464.785646216,3842486.79662956,646.238329330855,L4_1,122.0,,
264464.785646216,3842486.79662956,646.238329330855,L4_1,122.0,,
264464.785646216,3842486.79662956,646.238329330855,L4_1,122.0,,
264464.785646216,3842486.79662956,646.238329330855,L4_1,122.0,,
264464.785646216,3842486.79662956,646.238329330855,L4_1,122.0,,
264469.740563563,3842490.19052401,646.565167293298,L4_1,128.0,646.565167293298,16.5584484700521
264469.740563563,3842490.19052401,646.565167293298,L4_1,128.0,641.493164494993,14.3614237551583
264469.740563563,3842490.19052401,646.565167293298,L4_1,128.0,636.167561556772,8.69160153813959
264469.740563563,3842490.19052401,646.565167293298,L4_1,128.0,630.575678471641,4.11378108246351
264469.740563563,3842490.19052401,646.565167293298,L4_1,128.0,624.704201232253,2.18727046087967
264469.740563563,3842490.19052401,646.565167293298,L4_1,128.0,618.539150130895,1.60125511349363
264469.740563563,3842490.19052401,646.565167293298,L4_1,128.0,612.06584647447,1.538173969369
264469.740563563,3842490.19052401,646.565167293298,L4_1,128.0,605.268877635223,1.70761613321555
264469.740563563,3842490.19052401,646.565167293298,L4_1,128.0,598.132060354014,2.07384274432955
264469.740563563,3842490.19052401,646.565167293298,L4_1,128.0,590.638402208745,2.7265078071023
264469.740563563,3842490.19052401,646.565167293298,L4_1,128.0,582.770061156212,3.80083742343227
264469.740563563,3842490.19052401,646.565167293298,L4_1,128.0,574.508303051052,5.40593246820583
264469.740563563,3842490.19052401,646.565167293298,L4_1,128.0,565.833457040635,7.55279753365586
264469.740563563,3842490.19052401,646.565167293298,L4_1,128.0,556.724868729696,10.1231462147777
264469.740563563,3842490.19052401,646.565167293298,L4_1,128.0,547.160851003211,12.911341636318
264469.740563563,3842490.19052401,646.565167293298,L4_1,128.0,537.118632390402,15.7010131990777
264469.740563563,3842490.19052401,646.565167293298,L4_1,128.0,526.574302846952,18.3089098281657
264469.740563563,3842490.19052401,646.565167293298,L4_1,128.0,515.502756826329,20.5808515609733
264469.740563563,3842490.19052401,646.565167293298,L4_1,128.0,503.877633504675,22.3793174094001
264469.740563563,3842490.19052401,646.565167293298,L4_1,128.0,491.671254016939,23.5953841221962
264469.740563563,3842490.19052401,646.565167293298,L4_1,128.0,478.854555554816,24.1778168074469
264469.740563563,3842490.19052401,646.565167293298,L4_1,128.0,465.397022169586,24.1520383290928
264469.740563563,3842490.19052401,646.565167293298,L4_1,128.0,451.266612115096,23.6131033314232
264469.740563563,3842490.19052401,646.565167293298,L4_1,128.0,436.42968155788,22.6977483341424
264469.740563563,3842490.19052401,646.565167293298,L4_1,128.0,420.850904472804,21.5511601245828
264469.740563563,3842490.19052401,646.565167293298,L4_1,128.0,404.493188533474,20.3013112496054
264469.740563563,3842490.19052401,646.565167293298,L4_1,128.0,387.317586797178,19.0455589896387
264469.740563563,3842490.19052401,646.565167293298,L4_1,128.0,369.283204974067,17.8478182405439
264469.740563563,3842490.19052401,646.565167293298,L4_1,128.0,350.3471040598,16.7421148881168
264469.740563563,3842490.19052401,646.565167293298,L4_1,128.0,330.46419809982,15.7389635872912
264469.740563563,3842490.19052401,646.565167293298,L4_1,128.0,309.587146841841,14.8344360709772
264469.740563563,3842490.19052401,646.565167293298,L4_1,128.0,287.669414477938,14.0217384487566
264469.740563563,3842490.19052401,646.565167293298,L4_1,128.0,264.979217008397,13.2945953753909
264469.740563563,3842490.19052401,646.565167293298,L4_1,128.0,241.154509665379,12.6428708260389
264469.740563563,3842490.19052401,646.565167293298,L4_1,128.0,216.13856695521,12.0503869279874
264469.740563563,3842490.19052401,646.565167293298,L4_1,128.0,189.871827109532,11.5001902635436
264469.740563563,3842490.19052401,646.565167293298,L4_1,128.0,162.291750271571,10.9810139447221
264469.740563563,3842490.19052401,646.565167293298,L4_1,128.0,133.332669591712,10.4873360653911
264469.740563563,3842490.19052401,646.565167293298,L4_1,128.0,102.925634877859,10.0175248662828
264469.740563563,3842490.19052401,646.565167293298,L4_1,128.0,70.9982484283146,9.57244256903688
264469.740563563,3842490.19052401,646.565167293298,L4_1,128.0,,
264469.740563563,3842490.19052401,646.565167293298,L4_1,128.0,,
264469.740563563,3842490.19052401,646.565167293298,L4_1,128.0,,
264469.740563563,3842490.19052401,646.565167293298,L4_1,128.0,,
264469.740563563,3842490.19052401,646.565167293298,L4_1,128.0,,
264469.740563563,3842490.19052401,646.565167293298,L4_1,128.0,,
264469.740563563,3842490.19052401,646.565167293298,L4_1,128.0,,
264469.740563563,3842490.19052401,646.565167293298,L4_1,128.0,,
264469.740563563,3842490.19052401,646.565167293298,L4_1,128.0,,
264469.740563563,3842490.19052401,646.565167293298,L4_1,128.0,,
264469.740563563,3842490.19052401,646.565167293298,L4_1,128.0,,
264469.740563563,3842490.19052401,646.565167293298,L4_1,128.0,,
264469.740563563,3842490.19052401,646.565167293298,L4_1,128.0,,
264469.740563563,3842490.19052401,646.565167293298,L4_1,128.0,,
264469.740563563,3842490.19052401,646.565167293298,L4_1,128.0,,
264469.740563563,3842490.19052401,646.565167293298,L4_1,128.0,,
264469.740563563,3842490.19052401,646.565167293298,L4_1,128.0,,
264469.740563563,3842490.19052401,646.565167293298,L4_1,128.0,,
264469.740563563,3842490.19052401,646.565167293298,L4_1,128.0,,
264469.740563563,3842490.19052401,646.565167293298,L4_1,128.0,,
264469.740563563,3842490.19052401,646.565167293298,L4_1,128.0,,
264475.10838229,3842493.86724861,646.892005255741,L4_1,134.5,646.892005255741,16.3995080502625
264475.10838229,3842493.86724861,646.892005255741,L4_1,134.5,641.815380667094,14.778203949955
264475.10838229,3842493.86724861,646.892005255741,L4_1,134.5,636.484924849015,9.52815784823554
264475.10838229,3842493.86724861,646.892005255741,L4_1,134.5,630.887946240032,4.65912421596928
264475.10838229,3842493.86724861,646.892005255741,L4_1,134.5,625.0111187006,2.46986402387369
264475.10838229,3842493.86724861,646.892005255741,L4_1,134.5,618.840449784197,1.75153334593033
264475.10838229,3842493.86724861,646.892005255741,L4_1,134.5,612.361247421973,1.61355275143303
264475.10838229,3842493.86724861,646.892005255741,L4_1,134.5,605.558084941637,1.72740336745567
264475.10838229,3842493.86724861,646.892005255741,L4_1,134.5,598.414764337286,2.04263094753945
264475.10838229,3842493.86724861,646.892005255741,L4_1,134.5,590.914277702716,2.63776235796426
264475.10838229,3842493.86724861,646.892005255741,L4_1,134.5,583.038766736418,3.63787449041981
264475.10838229,3842493.86724861,646.892005255741,L4_1,134.5,574.769480221805,5.14755718844316
264475.10838229,3842493.86724861,646.892005255741,L4_1,134.5,566.086729381462,7.18264758772679
264475.10838229,3842493.86724861,646.892005255741,L4_1,134.5,556.969840999101,9.63752258616824
264475.10838229,3842493.86724861,646.892005255741,L4_1,134.5,547.397108197622,12.3218441384852
264475.10838229,3842493.86724861,646.892005255741,L4_1,134.5,537.34573875607,15.0332242792135
264475.10838229,3842493.86724861,646.892005255741,L4_1,134.5,526.791800842439,17.5997942364882
264475.10838229,3842493.86724861,646.892005255741,L4_1,134.5,515.710166033127,19.8749748230687
264475.10838229,3842493.86724861,646.892005255741,L4_1,134.5,504.07444948335,21.7225169369574
264475.10838229,3842493.86724861,646.892005255741,L4_1,134.5,491.856947106084,23.0264032400417
264475.10838229,3842493.86724861,646.892005255741,L4_1,134.5,479.028569609954,23.7210708395936
264475.10838229,3842493.86724861,646.892005255741,L4_1,134.5,465.558773239018,23.814801534567
264475.10838229,3842493.86724861,646.892005255741,L4_1,134.5,451.415487049535,23.3877735881767
264475.10838229,3842493.86724861,646.892005255741,L4_1,134.5,436.565036550578,22.567267941352
264475.10838229,3842493.86724861,646.892005255741,L4_1,134.5,420.972063526673,21.4948379480749
264475.10838229,3842493.86724861,646.892005255741,L4_1,134.5,404.599441851573,20.2991514143499
264475.10838229,3842493.86724861,646.892005255741,L4_1,134.5,387.408189092718,19.0805770241165
264475.10838229,3842493.86724861,646.892005255741,L4_1,134.5,369.35737369592,17.9067233975343
264475.10838229,3842493.86724861,646.892005255741,L4_1,134.5,350.404017529283,16.8149828751288
264475.10838229,3842493.86724861,646.892005255741,L4_1,134.5,330.502993554313,15.818469578126
264475.10838229,3842493.86724861,646.892005255741,L4_1,134.5,309.606918380595,14.9151835365447
264475.10838229,3842493.86724861,646.892005255741,L4_1,134.5,287.669414477938,14.1000741438011
264475.10838229,3842493.86724861,646.892005255741,L4_1,134.5,264.979217008397,13.3685391795692
264475.10838229,3842493.86724861,646.892005255741,L4_1,134.5,241.154509665379,12.7115970781128
264475.10838229,3842493.86724861,646.892005255741,L4_1,134.5,216.13856695521,12.1134539538217
264475.10838229,3842493.86724861,646.892005255741,L4_1,134.5,189.871827109532,11.5571676511182
264475.10838229,3842493.86724861,646.892005255741,L4_1,134.5,162.291750271571,11.0315714486399
264475.10838229,3842493.86724861,646.892005255741,L4_1,134.5,133.332669591712,10.5313545769344
264475.10838229,3842493.86724861,646.892005255741,L4_1,134.5,102.925634877859,10.0551140444883
264475.10838229,3842493.86724861,646.892005255741,L4_1,134.5,70.9982484283146,9.60391040849969
264475.10838229,3842493.86724861,646.892005255741,L4_1,134.5,,
264475.10838229,3842493.86724861,646.892005255741,L4_1,134.5,,
264475.10838229,3842493.86724861,646.892005255741,L4_1,134.5,,
264475.10838229,3842493.86724861,646.892005255741,L4_1,134.5,,
264475.10838229,3842493.86724861,646.892005255741,L4_1,134.5,,
264475.10838229,3842493.86724861,646.892005255741,L4_1,134.5,,
264475.10838229,3842493.86724861,646.892005255741,L4_1,134.5,,
264475.10838229,3842493.86724861,646.892005255741,L4_1,134.5,,
264475.10838229,3842493.86724861,646.892005255741,L4_1,134.5,,
264475.10838229,3842493.86724861,646.892005255741,L4_1,134.5,,
264475.10838229,3842493.86724861,646.892005255741,L4_1,134.5,,
264475.10838229,3842493.86724861,646.892005255741,L4_1,134.5,,
264475.10838229,3842493.86724861,646.892005255741,L4_1,134.5,,
264475.10838229,3842493.86724861,646.892005255741,L4_1,134.5,,
264475.10838229,3842493.86724861,646.892005255741,L4_1,134.5,,
264475.10838229,3842493.86724861,646.892005255741,L4_1,134.5,,
264475.10838229,3842493.86724861,646.892005255741,L4_1,134.5,,
264475.10838229,3842493.86724861,646.892005255741,L4_1,134.5,,
264475.10838229,3842493.86724861,646.892005255741,L4_1,134.5,,
264475.10838229,3842493.86724861,646.892005255741,L4_1,134.5,,
264475.10838229,3842493.86724861,646.892005255741,L4_1,134.5,,
264480.063291884,3842497.26114823,647.153305602469,L4_1,140.5,647.153305602469,16.2562530694904
264480.063291884,3842497.26114823,647.153305602469,L4_1,140.5,642.072985985834,14.7335833187595
264480.063291884,3842497.26114823,647.153305602469,L4_1,140.5,636.738650388368,9.62546336624883
264480.063291884,3842497.26114823,647.153305602469,L4_1,140.5,631.137598011028,4.77049075090734
264480.063291884,3842497.26114823,647.153305602469,L4_1,140.5,625.256493014822,2.546948972922
264480.063291884,3842497.26114823,647.153305602469,L4_1,140.5,619.081332768805,1.80294410818305
264480.063291884,3842497.26114823,647.153305602469,L4_1,140.5,612.597414510487,1.65010997598014
264480.063291884,3842497.26114823,647.153305602469,L4_1,140.5,605.789300339253,1.75202856785298
264480.063291884,3842497.26114823,647.153305602469,L4_1,140.5,598.640780459458,2.04966756543324
264480.063291884,3842497.26114823,647.153305602469,L4_1,140.5,591.134834585673,2.61354403870498
264480.063291884,3842497.26114823,647.153305602469,L4_1,140.5,583.253591418198,3.56087394142091
264480.063291884,3842497.26114823,647.153305602469,L4_1,140.5,574.97828609235,4.99063420896824
264480.063291884,3842497.26114823,647.153305602469,L4_1,140.5,566.28921550021,6.92029214681475
264480.063291884,3842497.26114823,647.153305602469,L4_1,140.5,557.165691378462,9.25533190640039
264480.063291884,3842497.26114823,647.153305602469,L4_1,140.5,547.585991050627,11.8225058548171
264480.063291884,3842497.26114823,647.153305602469,L4_1,140.5,537.5273057064,14.4368917785052
264480.063291884,3842497.26114823,647.153305602469,L4_1,140.5,526.965686094962,16.9409595231689
264480.063291884,3842497.26114823,647.153305602469,L4_1,140.5,515.875985502952,19.197683968162
264480.063291884,3842497.26114823,647.153305602469,L4_1,140.5,504.231799881342,21.0737674709063
264480.063291884,3842497.26114823,647.153305602469,L4_1,140.5,492.005404978651,22.4479413049796
264480.063291884,3842497.26114823,647.153305602469,L4_1,140.5,479.167690330825,23.2419271262486
264480.063291884,3842497.26114823,647.153305602469,L4_1,140.5,465.688089950609,23.4475801736792
264480.063291884,3842497.26114823,647.153305602469,L4_1,140.5,451.534509551381,23.1298018859851
264480.063291884,3842497.26114823,647.153305602469,L4_1,140.5,436.673250132192,22.4052171536782
264480.063291884,3842497.26114823,647.153305602469,L4_1,140.5,421.068927742044,21.4102878074521
264480.063291884,3842497.26114823,647.153305602469,L4_1,140.5,404.684389232388,20.273106348315
264480.063291884,3842497.26114823,647.153305602469,L4_1,140.5,387.480623797249,19.0961713836074
264480.063291884,3842497.26114823,647.153305602469,L4_1,140.5,369.416670090353,17.9502782417418
264480.063291884,3842497.26114823,647.153305602469,L4_1,140.5,350.449518698113,16.8759670217733
264480.063291884,3842497.26114823,647.153305602469,L4_1,140.5,330.534009736261,15.8889233616766
264480.063291884,3842497.26114823,647.153305602469,L4_1,140.5,309.622725326316,14.9891256387026
264480.063291884,3842497.26114823,647.153305602469,L4_1,140.5,287.669414477938,14.173335785377
264480.063291884,3842497.26114823,647.153305602469,L4_1,140.5,264.979217008397,13.4387046699102
264480.063291884,3842497.26114823,647.153305602469,L4_1,140.5,241.154509665379,12.7774860379736
264480.063291884,3842497.26114823,647.153305602469,L4_1,140.5,216.13856695521,12.1743531289594
264480.063291884,3842497.26114823,647.153305602469,L4_1,140.5,189.871827109532,11.6124567705089
264480.063291884,3842497.26114823,647.153305602469,L4_1,140.5,162.291750271571,11.0807915168361
264480.063291884,3842497.26114823,647.153305602469,L4_1,140.5,133.332669591712,10.5742987938907
264480.063291884,3842497.26114823,647.153305602469,L4_1,140.5,102.925634877859,10.0918318219543
264480.063291884,3842497.26114823,647.153305602469,L4_1,140.5,70.9982484283146,9.63466833125321
264480.063291884,3842497.26114823,647.153305602469,L4_1,140.5,,
264480.063291884,3842497.26114823,647.153305602469,L4_1,140.5,,
264480.063291884,3842497.26114823,647.153305602469,L4_1,140.5,,
264480.063291884,3842497.26114823,647.153305602469,L4_1,140.5,,
264480.063291884,3842497.26114823,647.153305602469,L4_1,140.5,,
264480.063291884,3842497.26114823,647.153305602469,L4_1,140.5,,
264480.063291884,3842497.26114823,647.153305602469,L4_1,140.5,,
264480.063291884,3842497.26114823,647.153305602469,L4_1,140.5,,
264480.063291884,3842497.26114823,647.153305602469,L4_1,140.5,,
264480.063291884,3842497.26114823,647.153305602469,L4_1,140.5,,
264480.063291884,3842497.26114823,647.153305602469,L4_1,140.5,,
264480.063291884,3842497.26114823,647.153305602469,L4_1,140.5,,
264480.063291884,3842497.26114823,647.153305602469,L4_1,140.5,,
264480.063291884,3842497.26114823,647.153305602469,L4_1,140.5,,
264480.063291884,3842497.26114823,647.153305602469,L4_1,140.5,,
264480.063291884,3842497.26114823,647.153305602469,L4_1,140.5,,
264480.063291884,3842497.26114823,647.153305602469,L4_1,140.5,,
264480.063291884,3842497.26114823,647.153305602469,L4_1,140.5,,
264480.063291884,3842497.26114823,647.153305602469,L4_1,140.5,,
264480.063291884,3842497.26114823,647.153305602469,L4_1,140.5,,
264480.063291884,3842497.26114823,647.153305602469,L4_1,140.5,,
264485.43111061,3842500.93787283,647.349020802425,L4_1,147.0,647.349020802425,16.1262885303597
264485.43111061,3842500.93787283,647.349020802425,L4_1,147.0,642.265933592289,14.2133869305433
264485.43111061,3842500.93787283,647.349020802425,L4_1,147.0,636.928692021646,8.94910115699154
264485.43111061,3842500.93787283,647.349020802425,L4_1,147.0,631.324588372471,4.42302017518778
264485.43111061,3842500.93787283,647.349020802425,L4_1,147.0,625.440279540838,2.40777929762845
264485.43111061,3842500.93787283,647.349020802425,L4_1,147.0,619.261755267623,1.75321339723856
264485.43111061,3842500.93787283,647.349020802425,L4_1,147.0,612.774304780747,1.6495928247654
264485.43111061,3842500.93787283,647.349020802425,L4_1,147.0,605.962481769527,1.78450523754379
264485.43111061,3842500.93787283,647.349020802425,L4_1,147.0,598.810067607746,2.09740069592744
264485.43111061,3842500.93787283,647.349020802425,L4_1,147.0,591.300032737876,2.65451996027081
264485.43111061,3842500.93787283,647.349020802425,L4_1,147.0,583.414496124513,3.56816081748991
264485.43111061,3842500.93787283,647.349020802425,L4_1,147.0,575.134682680481,4.93126112217694
264485.43111061,3842500.93787283,647.349020802425,L4_1,147.0,566.440878564248,6.76032190841845
264485.43111061,3842500.93787283,647.349020802425,L4_1,147.0,557.312384242203,8.97070570885212
264485.43111061,3842500.93787283,647.349020802425,L4_1,147.0,547.727465204056,11.4079659976603
264485.43111061,3842500.93787283,647.349020802425,L4_1,147.0,537.663300214002,13.9077767168101
264485.43111061,3842500.93787283,647.349020802425,L4_1,147.0,527.095926974445,16.3295187938426
264485.43111061,3842500.93787283,647.349020802425,L4_1,147.0,516.00018507291,18.5473859283574
264485.43111061,3842500.93787283,647.349020802425,L4_1,147.0,504.349656076298,20.432523023051
264485.43111061,3842500.93787283,647.349020802425,L4_1,147.0,492.116600629856,21.8601516414827
264485.43111061,3842500.93787283,647.349020802425,L4_1,147.0,479.271892411092,22.7408857048143
264485.43111061,3842500.93787283,647.349020802425,L4_1,147.0,465.784948781389,23.0509466179262
264485.43111061,3842500.93787283,647.349020802425,L4_1,147.0,451.623657970201,22.8396736634155
264485.43111061,3842500.93787283,647.349020802425,L4_1,147.0,436.754302618454,22.2119382220989
264485.43111061,3842500.93787283,647.349020802425,L4_1,147.0,421.14147949912,21.2977164287588
264485.43111061,3842500.93787283,647.349020802425,L4_1,147.0,404.748015223819,20.2232813553417
264485.43111061,3842500.93787283,647.349020802425,L4_1,147.0,387.534877734753,19.0923824813208
264485.43111061,3842500.93787283,647.349020802425,L4_1,147.0,369.461083371233,17.9784871517108
264485.43111061,3842500.93787283,647.349020802425,L4_1,147.0,350.483599289537,16.9250550547014
264485.43111061,3842500.93787283,647.349020802425,L4_1,147.0,330.557241003757,15.9503075036702
264485.43111061,3842500.93787283,647.349020802425,L4_1,147.0,309.634564803688,15.0562456957582
264485.43111061,3842500.93787283,647.349020802425,L4_1,147.0,287.669414477938,14.2415098626262
264485.43111061,3842500.93787283,647.349020802425,L4_1,147.0,264.979217008397,13.505081751609
264485.43111061,3842500.93787283,647.349020802425,L4_1,147.0,241.154509665379,12.8405302578355
264485.43111061,3842500.93787283,647.349020802425,L4_1,147.0,216.13856695521,12.2330788767262
264485.43111061,3842500.93787283,647.349020802425,L4_1,147.0,189.871827109532,11.6660533944443
264485.43111061,3842500.93787283,647.349020802425,L4_1,147.0,162.291750271571,11.1286708872139
264485.43111061,3842500.93787283,647.349020802425,L4_1,147.0,133.332669591712,10.6161661587795
264485.43111061,3842500.93787283,647.349020802425,L4_1,147.0,102.925634877859,10.1276761782062
264485.43111061,3842500.93787283,647.349020802425,L4_1,147.0,70.9982484283146,9.66471475002736
264485.43111061,3842500.93787283,647.349020802425,L4_1,147.0,,
264485.43111061,3842500.93787283,647.349020802425,L4_1,147.0,,
264485.43111061,3842500.93787283,647.349020802425,L4_1,147.0,,
264485.43111061,3842500.93787283,647.349020802425,L4_1,147.0,,
264485.43111061,3842500.93787283,647.349020802425,L4_1,147.0,,
264485.43111061,3842500.93787283,647.349020802425,L4_1,147.0,,
264485.43111061,3842500.93787283,647.349020802425,L4_1,147.0,,
264485.43111061,3842500.93787283,647.349020802425,L4_1,147.0,,
264485.43111061,3842500.93787283,647.349020802425,L4_1,147.0,,
264485.43111061,3842500.93787283,647.349020802425,L4_1,147.0,,
264485.43111061,3842500.93787283,647.349020802425,L4_1,147.0,,
264485.43111061,3842500.93787283,647.349020802425,L4_1,147.0,,
264485.43111061,3842500.93787283,647.349020802425,L4_1,147.0,,
264485.43111061,3842500.93787283,647.349020802425,L4_1,147.0,,
264485.43111061,3842500.93787283,647.349020802425,L4_1,147.0,,
264485.43111061,3842500.93787283,647.349020802425,L4_1,147.0,,
264485.43111061,3842500.93787283,647.349020802425,L4_1,147.0,,
264485.43111061,3842500.93787283,647.349020802425,L4_1,147.0,,
264485.43111061,3842500.93787283,647.349020802425,L4_1,147.0,,
264485.43111061,3842500.93787283,647.349020802425,L4_1,147.0,,
264485.43111061,3842500.93787283,647.349020802425,L4_1,147.0,,
264490.38601245,3842504.33177763,647.544736002381,L4_1,153.0,647.544736002381,16.1148284704362
264490.38601245,3842504.33177763,647.544736002381,L4_1,153.0,642.458881198744,13.9969123784666
264490.38601245,3842504.33177763,647.544736002381,L4_1,153.0,637.118733654925,8.51211736723508
264490.38601245,3842504.33177763,647.544736002381,L4_1,153.0,631.511578733915,4.09916832096681
264490.38601245,3842504.33177763,647.544736002381,L4_1,153.0,625.624066066854,2.24073170474753
264490.38601245,3842504.33177763,647.544736002381,L4_1,153.0,619.44217776644,1.68177645101857
264490.38601245,3842504.33177763,647.544736002381,L4_1,153.0,612.951195051006,1.64749629832235
264490.38601245,3842504.33177763,647.544736002381,L4_1,153.0,606.1356631998,1.8389040690877
264490.38601245,3842504.33177763,647.544736002381,L4_1,153.0,598.979354756034,2.1867942592831
264490.38601245,3842504.33177763,647.544736002381,L4_1,153.0,591.465230890079,2.7503444189946
264490.38601245,3842504.33177763,647.544736002381,L4_1,153.0,583.575400830827,3.63812110451824
264490.38601245,3842504.33177763,647.544736002381,L4_1,153.0,575.291079268612,4.93825903376739
264490.38601245,3842504.33177763,647.544736002381,L4_1,153.0,566.592541628287,6.66655901958437
264490.38601245,3842504.33177763,647.544736002381,L4_1,153.0,557.459077105945,8.74855962953247
264490.38601245,3842504.33177763,647.544736002381,L4_1,153.0,547.868939357486,11.0494415106974
264490.38601245,3842504.33177763,647.544736002381,L4_1,153.0,537.799294721604,13.4263229497668
264490.38601245,3842504.33177763,647.544736002381,L4_1,153.0,527.226167853928,15.7557941966108
264490.38601245,3842504.33177763,647.544736002381,L4_1,153.0,516.124384642868,17.9232353581739
264490.38601245,3842504.33177763,647.544736002381,L4_1,153.0,504.467512271255,19.804628863864
264490.38601245,3842504.33177763,647.544736002381,L4_1,153.0,492.227796281061,21.2729101969262
264490.38601245,3842504.33177763,647.544736002381,L4_1,153.0,479.376094491358,22.2292791189831
264490.38601245,3842504.33177763,647.544736002381,L4_1,153.0,465.88180761217,22.6357148507604
264490.38601245,3842504.33177763,647.544736002381,L4_1,153.0,451.712806389022,22.5265332900967
264490.38601245,3842504.33177763,647.544736002381,L4_1,153.0,436.835355104717,21.9944989377229
264490.38601245,3842504.33177763,647.544736002381,L4_1,153.0,421.214031256196,21.1622156365164
264490.38601245,3842504.33177763,647.544736002381,L4_1,153.0,404.81164121525,20.1531448145805
264490.38601245,3842504.33177763,647.544736002381,L4_1,153.0,387.589131672256,19.0714559028149
264490.38601245,3842504.33177763,647.544736002381,L4_1,153.0,369.505496652113,17.992732132912
264490.38601245,3842504.33177763,647.544736002381,L4_1,153.0,350.517679880962,16.9630547573905
264490.38601245,3842504.33177763,647.544736002381,L4_1,153.0,330.580472271254,16.0030571091068
264490.38601245,3842504.33177763,647.544736002381,L4_1,153.0,309.64640428106,15.1167507137807
264490.38601245,3842504.33177763,647.544736002381,L4_1,153.0,287.669414477938,14.3046708921009
264490.38601245,3842504.33177763,647.544736002381,L4_1,153.0,264.979217008397,13.5676672442841
264490.38601245,3842504.33177763,647.544736002381,L4_1,153.0,241.154509665379,12.900682960728
264490.38601245,3842504.33177763,647.544736002381,L4_1,153.0,216.13856695521,12.2895599341356
264490.38601245,3842504.33177763,647.544736002381,L4_1,153.0,189.871827109532,11.7178759821392
264490.38601245,3842504.33177763,647.544736002381,L4_1,153.0,162.291750271571,11.1751277167913
264490.38601245,3842504.33177763,647.544736002381,L4_1,153.0,133.332669591712,10.6568803618319
264490.38601245,3842504.33177763,647.544736002381,L4_1,153.0,102.925634877859,10.1625797578811
264490.38601245,3842504.33177763,647.544736002381,L4_1,153.0,70.9982484283146,9.6939924763218
264490.38601245,3842504.33177763,647.544736002381,L4_1,153.0,,
264490.38601245,3842504.33177763,647.544736002381,L4_1,153.0,,
264490.38601245,3842504.33177763,647.544736002381,L4_1,153.0,,
264490.38601245,3842504.33177763,647.544736002381,L4_1,153.0,,
264490.38601245,3842504.33177763,647.544736002381,L4_1,153.0,,
264490.38601245,3842504.33177763,647.544736002381,L4_1,153.0,,
264490.38601245,3842504.33177763,647.544736002381,L4_1,153.0,,
264490.38601245,3842504.33177763,647.544736002381,L4_1,153.0,,
264490.38601245,3842504.33177763,647.544736002381,L4_1,153.0,,
264490.38601245,3842504.33177763,647.544736002381,L4_1,153.0,,
264490.38601245,3842504.33177763,647.544736002381,L4_1,153.0,,
264490.38601245,3842504.33177763,647.544736002381,L4_1,153.0,,
264490.38601245,3842504.33177763,647.544736002381,L4_1,153.0,,
264490.38601245,3842504.33177763,647.544736002381,L4_1,153.0,,
264490.38601245,3842504.33177763,647.544736002381,L4_1,153.0,,
264490.38601245,3842504.33177763,647.544736002381,L4_1,153.0,,
264490.38601245,3842504.33177763,647.544736002381,L4_1,153.0,,
264490.38601245,3842504.33177763,647.544736002381,L4_1,153.0,,
264490.38601245,3842504.33177763,647.544736002381,L4_1,153.0,,
264490.38601245,3842504.33177763,647.544736002381,L4_1,153.0,,
264490.38601245,3842504.33177763,647.544736002381,L4_1,153.0,,
264495.753814374,3842508.00851345,647.740451202337,L4_1,159.5,647.740451202337,16.2242010786377
264495.753814374,3842508.00851345,647.740451202337,L4_1,159.5,642.651828805198,14.1398925996296
264495.753814374,3842508.00851345,647.740451202337,L4_1,159.5,637.308775288203,8.38865099673677
264495.753814374,3842508.00851345,647.740451202337,L4_1,159.5,631.698569095358,3.85508343814198
264495.753814374,3842508.00851345,647.740451202337,L4_1,159.5,625.80785259287,2.08076644866614
264495.753814374,3842508.00851345,647.740451202337,L4_1,159.5,619.622600265258,1.60983544436281
264495.753814374,3842508.00851345,647.740451202337,L4_1,159.5,613.128085321266,1.65787604695605
264495.753814374,3842508.00851345,647.740451202337,L4_1,159.5,606.308844630074,1.92613679105258
264495.753814374,3842508.00851345,647.740451202337,L4_1,159.5,599.148641904322,2.32659992772161
264495.753814374,3842508.00851345,647.740451202337,L4_1,159.5,591.630429042283,2.90678887561078
264495.753814374,3842508.00851345,647.740451202337,L4_1,159.5,583.736305537142,3.77285735935092
264495.753814374,3842508.00851345,647.740451202337,L4_1,159.5,575.447475856743,5.01026862362296
264495.753814374,3842508.00851345,647.740451202337,L4_1,159.5,566.744204692325,6.63515034401185
264495.753814374,3842508.00851345,647.740451202337,L4_1,159.5,557.605769969686,8.58383278896021
264495.753814374,3842508.00851345,647.740451202337,L4_1,159.5,548.010413510915,10.7418134097333
264495.753814374,3842508.00851345,647.740451202337,L4_1,159.5,537.935289229205,12.9881126826326
264495.753814374,3842508.00851345,647.740451202337,L4_1,159.5,527.35640873341,15.2164306232962
264495.753814374,3842508.00851345,647.740451202337,L4_1,159.5,516.248584212825,17.3230162119187
264495.753814374,3842508.00851345,647.740451202337,L4_1,159.5,504.585368466211,19.188899437274
264495.753814374,3842508.00851345,647.740451202337,L4_1,159.5,492.338991932266,20.6858326267811
264495.753814374,3842508.00851345,647.740451202337,L4_1,159.5,479.480296571624,21.7072384435269
264495.753814374,3842508.00851345,647.740451202337,L4_1,159.5,465.97866644295,22.2022620655338
264495.753814374,3842508.00851345,647.740451202337,L4_1,159.5,451.801954807842,22.1908065264724
264495.753814374,3842508.00851345,647.740451202337,L4_1,159.5,436.916407590979,21.7532641604698
264495.753814374,3842508.00851345,647.740451202337,L4_1,159.5,421.286583013273,21.0040516814498
264495.753814374,3842508.00851345,647.740451202337,L4_1,159.5,404.875267206681,20.0628691973231
264495.753814374,3842508.00851345,647.740451202337,L4_1,159.5,387.643385609759,19.0334921477429
264495.753814374,3842508.00851345,647.740451202337,L4_1,159.5,369.549909932992,17.9930651927854
264495.753814374,3842508.00851345,647.740451202337,L4_1,159.5,350.551760472386,16.9899887144238
264495.753814374,3842508.00851345,647.740451202337,L4_1,159.5,330.60370353875,16.0471788095721
264495.753814374,3842508.00851345,647.740451202337,L4_1,159.5,309.658243758432,15.1706397850503
264495.753814374,3842508.00851345,647.740451202337,L4_1,159.5,287.669414477938,14.3628149535244
264495.753814374,3842508.00851345,647.740451202337,L4_1,159.5,264.979217008397,13.6264564691623
264495.753814374,3842508.00851345,647.740451202337,L4_1,159.5,241.154509665379,12.9579396783855
264495.753814374,3842508.00851345,647.740451202337,L4_1,159.5,216.13856695521,12.3437922814618
264495.753814374,3842508.00851345,647.740451202337,L4_1,159.5,189.871827109532,11.7679210571438
264495.753814374,3842508.00851345,647.740451202337,L4_1,159.5,162.291750271571,11.2201590668263
264495.753814374,3842508.00851345,647.740451202337,L4_1,159.5,133.332669591712,10.6964389742867
264495.753814374,3842508.00851345,647.740451202337,L4_1,159.5,102.925634877859,10.1965405948779
264495.753814374,3842508.00851345,647.740451202337,L4_1,159.5,70.9982484283146,9.72249993132517
264495.753814374,3842508.00851345,647.740451202337,L4_1,159.5,,
264495.753814374,3842508.00851345,647.740451202337,L4_1,159.5,,
264495.753814374,3842508.00851345,647.740451202337,L4_1,159.5,,
264495.753814374,3842508.00851345,647.740451202337,L4_1,159.5,,
264495.753814374,3842508.00851345,647.740451202337,L4_1,159.5,,
264495.753814374,3842508.00851345,647.740451202337,L4_1,159.5,,
264495.753814374,3842508.00851345,647.740451202337,L4_1,159.5,,
264495.753814374,3842508.00851345,647.740451202337,L4_1,159.5,,
264495.753814374,3842508.00851345,647.740451202337,L4_1,159.5,,
264495.753814374,3842508.00851345,647.740451202337,L4_1,159.5,,
264495.753814374,3842508.00851345,647.740451202337,L4_1,159.5,,
264495.753814374,3842508.00851345,647.740451202337,L4_1,159.5,,
264495.753814374,3842508.00851345,647.740451202337,L4_1,159.5,,
264495.753814374,3842508.00851345,647.740451202337,L4_1,159.5,,
264495.753814374,3842508.00851345,647.740451202337,L4_1,159.5,,
264495.753814374,3842508.00851345,647.740451202337,L4_1,159.5,,
264495.753814374,3842508.00851345,647.740451202337,L4_1,159.5,,
264495.753814374,3842508.00851345,647.740451202337,L4_1,159.5,,
264495.753814374,3842508.00851345,647.740451202337,L4_1,159.5,,
264495.753814374,3842508.00851345,647.740451202337,L4_1,159.5,,
264495.753814374,3842508.00851345,647.740451202337,L4_1,159.5,,
264500.708708459,3842511.40242343,647.875592630779,L4_1,165.5,647.875592630779,17.6652216006738
264500.708708459,3842511.40242343,647.875592630779,L4_1,165.5,642.785059209156,15.2017664227235
264500.708708459,3842511.40242343,647.875592630779,L4_1,165.5,637.439999116452,8.66726624511191
264500.708708459,3842511.40242343,647.875592630779,L4_1,165.5,631.827686019113,3.82632598880502
264500.708708459,3842511.40242343,647.875592630779,L4_1,165.5,625.934757266906,2.04719073076573
264500.708708459,3842511.40242343,647.875592630779,L4_1,165.5,619.747182077089,1.61885429048218
264500.708708459,3842511.40242343,647.875592630779,L4_1,165.5,613.250228127782,1.72718677124356
264500.708708459,3842511.40242343,647.875592630779,L4_1,165.5,606.428426481009,2.06020331804831
264500.708708459,3842511.40242343,647.875592630779,L4_1,165.5,599.265534751897,2.50349646312295
264500.708708459,3842511.40242343,647.875592630779,L4_1,165.5,591.74449843633,3.08997843543877
264500.708708459,3842511.40242343,647.875592630779,L4_1,165.5,583.847410304985,3.92447803593923
264500.708708459,3842511.40242343,647.875592630779,L4_1,165.5,575.555467767072,5.09213662113439
264500.708708459,3842511.40242343,647.875592630779,L4_1,165.5,566.848928102263,6.61099682922365
264500.708708459,3842511.40242343,647.875592630779,L4_1,165.5,557.707061454214,8.42806212323681
264500.708708459,3842511.40242343,647.875592630779,L4_1,165.5,548.108101473763,10.4474278617659
264500.708708459,3842511.40242343,647.875592630779,L4_1,165.5,538.029193494289,12.567621873609
264500.708708459,3842511.40242343,647.875592630779,L4_1,165.5,527.446340115842,14.697292498029
264500.708708459,3842511.40242343,647.875592630779,L4_1,165.5,516.334344068472,16.742180957564
264500.708708459,3842511.40242343,647.875592630779,L4_1,165.5,504.666748218733,18.5880922447764
264500.708708459,3842511.40242343,647.875592630779,L4_1,165.5,492.415772576508,20.106508384103
264500.708708459,3842511.40242343,647.875592630779,L4_1,165.5,479.552248152171,21.1847955950766
264500.708708459,3842511.40242343,647.875592630779,L4_1,165.5,466.045547506618,21.7610778233126
264500.708708459,3842511.40242343,647.875592630779,L4_1,165.5,451.863511828786,21.8420764469236
264500.708708459,3842511.40242343,647.875592630779,L4_1,165.5,436.972374367064,21.4962087702792
264500.708708459,3842511.40242343,647.875592630779,L4_1,165.5,421.336680032255,20.8294212410592
264500.708708459,3842511.40242343,647.875592630779,L4_1,165.5,404.919200980705,19.9570184189285
264500.708708459,3842511.40242343,647.875592630779,L4_1,165.5,387.680847976579,18.9817153353679
264500.708708459,3842511.40242343,647.875592630779,L4_1,165.5,369.580577322246,17.9816899333149
264500.708708459,3842511.40242343,647.875592630779,L4_1,165.5,350.575293135196,17.0073120101642
264500.708708459,3842511.40242343,647.875592630779,L4_1,165.5,330.619744738793,16.0835957849156
264500.708708459,3842511.40242343,647.875592630779,L4_1,165.5,309.666418922571,15.2184611593281
264500.708708459,3842511.40242343,647.875592630779,L4_1,165.5,287.669414477938,14.4162301870977
264500.708708459,3842511.40242343,647.875592630779,L4_1,165.5,264.979217008397,13.6815670253997
264500.708708459,3842511.40242343,647.875592630779,L4_1,165.5,241.154509665379,13.0123148387284
264500.708708459,3842511.40242343,647.875592630779,L4_1,165.5,216.13856695521,12.3957370719976
264500.708708459,3842511.40242343,647.875592630779,L4_1,165.5,189.871827109532,11.816125050497
264500.708708459,3842511.40242343,647.875592630779,L4_1,165.5,162.291750271571,11.2636930594971
264500.708708459,3842511.40242343,647.875592630779,L4_1,165.5,133.332669591712,10.7347716256895
264500.708708459,3842511.40242343,647.875592630779,L4_1,165.5,102.925634877859,10.2294952609232
264500.708708459,3842511.40242343,647.875592630779,L4_1,165.5,70.9982484283146,9.75018342918934
264500.708708459,3842511.40242343,647.875592630779,L4_1,165.5,,
264500.708708459,3842511.40242343,647.875592630779,L4_1,165.5,,
264500.708708459,3842511.40242343,647.875592630779,L4_1,165.5,,
264500.708708459,3842511.40242343,647.875592630779,L4_1,165.5,,
264500.708708459,3842511.40242343,647.875592630779,L4_1,165.5,,
264500.708708459,3842511.40242343,647.875592630779,L4_1,165.5,,
264500.708708459,3842511.40242343,647.875592630779,L4_1,165.5,,
264500.708708459,3842511.40242343,647.875592630779,L4_1,165.5,,
264500.708708459,3842511.40242343,647.875592630779,L4_1,165.5,,
264500.708708459,3842511.40242343,647.875592630779,L4_1,165.5,,
264500.708708459,3842511.40242343,647.875592630779,L4_1,165.5,,
264500.708708459,3842511.40242343,647.875592630779,L4_1,165.5,,
264500.708708459,3842511.40242343,647.875592630779,L4_1,165.5,,
264500.708708459,3842511.40242343,647.875592630779,L4_1,165.5,,
264500.708708459,3842511.40242343,647.875592630779,L4_1,165.5,,
264500.708708459,3842511.40242343,647.875592630779,L4_1,165.5,,
264500.708708459,3842511.40242343,647.875592630779,L4_1,165.5,,
264500.708708459,3842511.40242343,647.875592630779,L4_1,165.5,,
264500.708708459,3842511.40242343,647.875592630779,L4_1,165.5,,
264500.708708459,3842511.40242343,647.875592630779,L4_1,165.5,,
264500.708708459,3842511.40242343,647.875592630779,L4_1,165.5,,
264506.076510384,3842515.07915924,647.950123680171,L4_1,172.0,647.950123680171,20.38642160157
264506.076510384,3842515.07915924,647.950123680171,L4_1,172.0,642.858536320744,17.0243635364287
264506.076510384,3842515.07915924,647.950123680171,L4_1,172.0,637.512369593347,9.18784509244636
264506.076510384,3842515.07915924,647.950123680171,L4_1,172.0,631.898894529579,3.9435043966433
264506.076510384,3842515.07915924,647.950123680171,L4_1,172.0,626.004745712623,2.11392663331297
264506.076510384,3842515.07915924,647.950123680171,L4_1,172.0,619.815889454819,1.69864930893785
264506.076510384,3842515.07915924,647.950123680171,L4_1,172.0,613.317590384125,1.85056964967647
264506.076510384,3842515.07915924,647.950123680171,L4_1,172.0,606.494376359896,2.23603315335159
264506.076510384,3842515.07915924,647.950123680171,L4_1,172.0,599.330001634456,2.70995531026109
264506.076510384,3842515.07915924,647.950123680171,L4_1,172.0,591.807408172743,3.29053032236875
264506.076510384,3842515.07915924,647.950123680171,L4_1,172.0,583.908685037945,4.08321213990373
264506.076510384,3842515.07915924,647.950123680171,L4_1,172.0,575.615025746408,5.17489832711537
264506.076510384,3842515.07915924,647.950123680171,L4_1,172.0,566.906683490293,6.58658548410001
264506.076510384,3842515.07915924,647.950123680171,L4_1,172.0,557.762924121372,8.27529941706735
264506.076510384,3842515.07915924,647.950123680171,L4_1,172.0,548.161976784006,10.1616875217738
264506.076510384,3842515.07915924,647.950123680171,L4_1,172.0,538.080982079771,12.1613201536622
264506.076510384,3842515.07915924,647.950123680171,L4_1,172.0,527.495937640325,14.1957166436596
264506.076510384,3842515.07915924,647.950123680171,L4_1,172.0,516.381640978906,16.1788358098278
264506.076510384,3842515.07915924,647.950123680171,L4_1,172.0,504.711629484416,18.0010243650507
264506.076510384,3842515.07915924,647.950123680171,L4_1,172.0,492.458117415202,19.534375426451
264506.076510384,3842515.07915924,647.950123680171,L4_1,172.0,479.591929742527,20.6618612547691
264506.076510384,3842515.07915924,647.950123680171,L4_1,172.0,466.082432686218,21.3123640826579
264506.076510384,3842515.07915924,647.950123680171,L4_1,172.0,451.897460777094,21.4806696853783
264506.076510384,3842515.07915924,647.950123680171,L4_1,172.0,437.003240272513,21.2236666836509
264506.076510384,3842515.07915924,647.950123680171,L4_1,172.0,421.364308742704,20.6386039109372
264506.076510384,3842515.07915924,647.950123680171,L4_1,172.0,404.943430636404,19.8357990977621
264506.076510384,3842515.07915924,647.950123680171,L4_1,172.0,387.701508624789,18.9162646792133
264506.076510384,3842515.07915924,647.950123680171,L4_1,172.0,369.597490512594,17.9586931492941
264506.076510384,3842515.07915924,647.950123680171,L4_1,172.0,350.588271494788,17.0150748992838
264506.076510384,3842515.07915924,647.950123680171,L4_1,172.0,330.628591526093,16.112334737508
264506.076510384,3842515.07915924,647.950123680171,L4_1,172.0,309.670927558962,15.2602274305753
264506.076510384,3842515.07915924,647.950123680171,L4_1,172.0,287.669414477938,14.4649213036137
264506.076510384,3842515.07915924,647.950123680171,L4_1,172.0,264.979217008397,13.7329994268176
264506.076510384,3842515.07915924,647.950123680171,L4_1,172.0,241.154509665379,13.0638068451768
264506.076510384,3842515.07915924,647.950123680171,L4_1,172.0,216.13856695521,12.4453918075739
264506.076510384,3842515.07915924,647.950123680171,L4_1,172.0,189.871827109532,11.8624852374195
264506.076510384,3842515.07915924,647.950123680171,L4_1,172.0,162.291750271571,11.3057271086186
264506.076510384,3842515.07915924,647.950123680171,L4_1,172.0,133.332669591712,10.7718760062093
264506.076510384,3842515.07915924,647.950123680171,L4_1,172.0,102.925634877859,10.2614417934594
264506.076510384,3842515.07915924,647.950123680171,L4_1,172.0,70.9982484283146,9.77704136140815
264506.076510384,3842515.07915924,647.950123680171,L4_1,172.0,,
264506.076510384,3842515.07915924,647.950123680171,L4_1,172.0,,
264506.076510384,3842515.07915924,647.950123680171,L4_1,172.0,,
264506.076510384,3842515.07915924,647.950123680171,L4_1,172.0,,
264506.076510384,3842515.07915924,647.950123680171,L4_1,172.0,,
264506.076510384,3842515.07915924,647.950123680171,L4_1,172.0,,
264506.076510384,3842515.07915924,647.950123680171,L4_1,172.0,,
264506.076510384,3842515.07915924,647.950123680171,L4_1,172.0,,
264506.076510384,3842515.07915924,647.950123680171,L4_1,172.0,,
264506.076510384,3842515.07915924,647.950123680171,L4_1,172.0,,
264506.076510384,3842515.07915924,647.950123680171,L4_1,172.0,,
264506.076510384,3842515.07915924,647.950123680171,L4_1,172.0,,
264506.076510384,3842515.07915924,647.950123680171,L4_1,172.0,,
264506.076510384,3842515.07915924,647.950123680171,L4_1,172.0,,
264506.076510384,3842515.07915924,647.950123680171,L4_1,172.0,,
264506.076510384,3842515.07915924,647.950123680171,L4_1,172.0,,
264506.076510384,3842515.07915924,647.950123680171,L4_1,172.0,,
264506.076510384,3842515.07915924,647.950123680171,L4_1,172.0,,
264506.076510384,3842515.07915924,647.950123680171,L4_1,172.0,,
264506.076510384,3842515.07915924,647.950123680171,L4_1,172.0,,
264506.076510384,3842515.07915924,647.950123680171,L4_1,172.0,,
264511.031396715,3842518.4730744,648.024654729563,L4_1,178.0,648.024654729563,20.6785258459171
264511.031396715,3842518.4730744,648.024654729563,L4_1,178.0,642.932013432333,16.837050706209
264511.031396715,3842518.4730744,648.024654729563,L4_1,178.0,637.584740070241,8.99640544880446
264511.031396715,3842518.4730744,648.024654729563,L4_1,178.0,631.970103040045,4.0153874653386
264511.031396715,3842518.4730744,648.024654729563,L4_1,178.0,626.07473415834,2.21389990209589
264511.031396715,3842518.4730744,648.024654729563,L4_1,178.0,619.884596832548,1.78004270516595
264511.031396715,3842518.4730744,648.024654729563,L4_1,178.0,613.384952640468,1.93212161952768
264511.031396715,3842518.4730744,648.024654729563,L4_1,178.0,606.560326238783,2.33642887960585
264511.031396715,3842518.4730744,648.024654729563,L4_1,178.0,599.394468517014,2.82619559599672
264511.031396715,3842518.4730744,648.024654729563,L4_1,178.0,591.870317909157,3.40068562704581
264511.031396715,3842518.4730744,648.024654729563,L4_1,178.0,583.969959770906,4.15874194451694
264511.031396715,3842518.4730744,648.024654729563,L4_1,178.0,575.674583725743,5.18619075633038
264511.031396715,3842518.4730744,648.024654729563,L4_1,178.0,566.964438878323,6.50650371196118
264511.031396715,3842518.4730744,648.024654729563,L4_1,178.0,557.818786788531,8.08542125881121
264511.031396715,3842518.4730744,648.024654729563,L4_1,178.0,548.215852094249,9.85757033501776
264511.031396715,3842518.4730744,648.024654729563,L4_1,178.0,538.132770665253,11.7528717701744
264511.031396715,3842518.4730744,648.024654729563,L4_1,178.0,527.545535164808,13.7038176684194
264511.031396715,3842518.4730744,648.024654729563,L4_1,178.0,516.42893788934,15.6316864416297
264511.031396715,3842518.4730744,648.024654729563,L4_1,178.0,504.756510750099,17.4314295862438
264511.031396715,3842518.4730744,648.024654729563,L4_1,178.0,492.500462253896,18.9767067180459
264511.031396715,3842518.4730744,648.024654729563,L4_1,178.0,479.631611332883,20.1477479062722
264511.031396715,3842518.4730744,648.024654729563,L4_1,178.0,466.119317865819,20.8660604976492
264511.031396715,3842518.4730744,648.024654729563,L4_1,178.0,451.931409725401,21.1160259974066
264511.031396715,3842518.4730744,648.024654729563,L4_1,178.0,437.034106177963,20.9438649895552
264511.031396715,3842518.4730744,648.024654729563,L4_1,178.0,421.391937453153,20.4383033498086
264511.031396715,3842518.4730744,648.024654729563,L4_1,178.0,404.967660292103,19.7043975017155
264511.031396715,3842518.4730744,648.024654729563,L4_1,178.0,387.722169273,18.8409932171795
264511.031396715,3842518.4730744,648.024654729563,L4_1,178.0,369.614403702942,17.9268409638447
264511.031396715,3842518.4730744,648.024654729563,L4_1,178.0,350.601249854381,17.0152017508757
264511.031396715,3842518.4730744,648.024654729563,L4_1,178.0,330.637438313392,16.1346854878261
264511.031396715,3842518.4730744,648.024654729563,L4_1,178.0,309.675436195353,15.2967513055775
264511.031396715,3842518.4730744,648.024654729563,L4_1,178.0,287.669414477938,14.5093478691148
264511.031396715,3842518.4730744,648.024654729563,L4_1,178.0,264.979217008397,13.7809693273313
264511.031396715,3842518.4730744,648.024654729563,L4_1,178.0,241.154509665379,13.1124814991119
264511.031396715,3842518.4730744,648.024654729563,L4_1,178.0,216.13856695521,12.4927425949385
264511.031396715,3842518.4730744,648.024654729563,L4_1,178.0,189.871827109532,11.9069520012945
264511.031396715,3842518.4730744,648.024654729563,L4_1,178.0,162.291750271571,11.346198673789
264511.031396715,3842518.4730744,648.024654729563,L4_1,178.0,133.332669591712,10.8076884107711
264511.031396715,3842518.4730744,648.024654729563,L4_1,178.0,102.925634877859,10.2923214073641
264511.031396715,3842518.4730744,648.024654729563,L4_1,178.0,70.9982484283146,9.8030224056806
264511.031396715,3842518.4730744,648.024654729563,L4_1,178.0,,
264511.031396715,3842518.4730744,648.024654729563,L4_1,178.0,,
264511.031396715,3842518.4730744,648.024654729563,L4_1,178.0,,
264511.031396715,3842518.4730744,648.024654729563,L4_1,178.0,,
264511.031396715,3842518.4730744,648.024654729563,L4_1,178.0,,
264511.031396715,3842518.4730744,648.024654729563,L4_1,178.0,,
264511.031396715,3842518.4730744,648.024654729563,L4_1,178.0,,
264511.031396715,3842518.4730744,648.024654729563,L4_1,178.0,,
264511.031396715,3842518.4730744,648.024654729563,L4_1,178.0,,
264511.031396715,3842518.4730744,648.024654729563,L4_1,178.0,,
264511.031396715,3842518.4730744,648.024654729563,L4_1,178.0,,
264511.031396715,3842518.4730744,648.024654729563,L4_1,178.0,,
264511.031396715,3842518.4730744,648.024654729563,L4_1,178.0,,
264511.031396715,3842518.4730744,648.024654729563,L4_1,178.0,,
264511.031396715,3842518.4730744,648.024654729563,L4_1,178.0,,
264511.031396715,3842518.4730744,648.024654729563,L4_1,178.0,,
264511.031396715,3842518.4730744,648.024654729563,L4_1,178.0,,
264511.031396715,3842518.4730744,648.024654729563,L4_1,178.0,,
264511.031396715,3842518.4730744,648.024654729563,L4_1,178.0,,
264511.031396715,3842518.4730744,648.024654729563,L4_1,178.0,,
264511.031396715,3842518.4730744,648.024654729563,L4_1,178.0,,
264516.399181842,3842522.14982142,648.099185778955,L4_1,184.5,648.099185778955,18.3177988153664
264516.399181842,3842522.14982142,648.099185778955,L4_1,184.5,643.005490543921,14.3783439671809
264516.399181842,3842522.14982142,648.099185778955,L4_1,184.5,637.657110547136,7.8908476922808
264516.399181842,3842522.14982142,648.099185778955,L4_1,184.5,632.041311550512,3.96133917568173
264516.399181842,3842522.14982142,648.099185778955,L4_1,184.5,626.144722604056,2.3118396847044
264516.399181842,3842522.14982142,648.099185778955,L4_1,184.5,619.953304210278,1.82708716499965
264516.399181842,3842522.14982142,648.099185778955,L4_1,184.5,613.452314896811,1.9265633979137
264516.399181842,3842522.14982142,648.099185778955,L4_1,184.5,606.62627611767,2.31150243904652
264516.399181842,3842522.14982142,648.099185778955,L4_1,184.5,599.458935399572,2.80719297479061
264516.399181842,3842522.14982142,648.099185778955,L4_1,184.5,591.93322764557,3.38651563848343
264516.399181842,3842522.14982142,648.099185778955,L4_1,184.5,584.031234503867,4.12887520186824
264516.399181842,3842522.14982142,648.099185778955,L4_1,184.5,575.734141705079,5.11312602288585
264516.399181842,3842522.14982142,648.099185778955,L4_1,184.5,567.022194266352,6.36405732854266
264516.399181842,3842522.14982142,648.099185778955,L4_1,184.5,557.874649455689,7.8552322081372
264516.399181842,3842522.14982142,648.099185778955,L4_1,184.5,548.269727404492,9.53348331004359
264516.399181842,3842522.14982142,648.099185778955,L4_1,184.5,538.184559250735,11.3412202418913
264516.399181842,3842522.14982142,648.099185778955,L4_1,184.5,527.595132689291,13.2206537140948
264516.399181842,3842522.14982142,648.099185778955,L4_1,184.5,516.476234799774,15.0998625237169
264516.399181842,3842522.14982142,648.099185778955,L4_1,184.5,504.801392015782,16.8786121304953
264516.399181842,3842522.14982142,648.099185778955,L4_1,184.5,492.54280709259,18.4330767298369
264516.399181842,3842522.14982142,648.099185778955,L4_1,184.5,479.671292923238,19.6423191065225
264516.399181842,3842522.14982142,648.099185778955,L4_1,184.5,466.156203045419,20.4222620319418
264516.399181842,3842522.14982142,648.099185778955,L4_1,184.5,451.965358673709,20.7483763102935
264516.399181842,3842522.14982142,648.099185778955,L4_1,184.5,437.064972083413,20.6570795097041
264516.399181842,3842522.14982142,648.099185778955,L4_1,184.5,421.419566163603,20.2287779435425
264516.399181842,3842522.14982142,648.099185778955,L4_1,184.5,404.991889947802,19.5630241234629
264516.399181842,3842522.14982142,648.099185778955,L4_1,184.5,387.742829921211,18.7560566785425
264516.399181842,3842522.14982142,648.099185778955,L4_1,184.5,369.63131689329,17.8862405656855
264516.399181842,3842522.14982142,648.099185778955,L4_1,184.5,350.614228213973,17.0077619983445
264516.399181842,3842522.14982142,648.099185778955,L4_1,184.5,330.646285100691,16.1506904578615
264516.399181842,3842522.14982142,648.099185778955,L4_1,184.5,309.679944831744,15.328057086916
264516.399181842,3842522.14982142,648.099185778955,L4_1,184.5,287.669414477938,14.5495225541935
264516.399181842,3842522.14982142,648.099185778955,L4_1,184.5,264.979217008397,13.8254821906131
264516.399181842,3842522.14982142,648.099185778955,L4_1,184.5,241.154509665379,13.1583401057595
264516.399181842,3842522.14982142,648.099185778955,L4_1,184.5,216.13856695521,12.5377885023143
264516.399181842,3842522.14982142,648.099185778955,L4_1,184.5,189.871827109532,11.9495233945485
264516.399181842,3842522.14982142,648.099185778955,L4_1,184.5,162.291750271571,11.3851055080071
264516.399181842,3842522.14982142,648.099185778955,L4_1,184.5,133.332669591712,10.8422066788542
264516.399181842,3842522.14982142,648.099185778955,L4_1,184.5,102.925634877859,10.3221322142249
264516.399181842,3842522.14982142,648.099185778955,L4_1,184.5,70.9982484283146,9.82812498651312
264516.399181842,3842522.14982142,648.099185778955,L4_1,184.5,,
264516.399181842,3842522.14982142,648.099185778955,L4_1,184.5,,
264516.399181842,3842522.14982142,648.099185778955,L4_1,184.5,,
264516.399181842,3842522.14982142,648.099185778955,L4_1,184.5,,
264516.399181842,3842522.14982142,648.099185778955,L4_1,184.5,,
264516.399181842,3842522.14982142,648.099185778955,L4_1,184.5,,
264516.399181842,3842522.14982142,648.099185778955,L4_1,184.5,,
264516.399181842,3842522.14982142,648.099185778955,L4_1,184.5,,
264516.399181842,3842522.14982142,648.099185778955,L4_1,184.5,,
264516.399181842,3842522.14982142,648.099185778955,L4_1,184.5,,
264516.399181842,3842522.14982142,648.099185778955,L4_1,184.5,,
264516.399181842,3842522.14982142,648.099185778955,L4_1,184.5,,
264516.399181842,3842522.14982142,648.099185778955,L4_1,184.5,,
264516.399181842,3842522.14982142,648.099185778955,L4_1,184.5,,
264516.399181842,3842522.14982142,648.099185778955,L4_1,184.5,,
264516.399181842,3842522.14982142,648.099185778955,L4_1,184.5,,
264516.399181842,3842522.14982142,648.099185778955,L4_1,184.5,,
264516.399181842,3842522.14982142,648.099185778955,L4_1,184.5,,
264516.399181842,3842522.14982142,648.099185778955,L4_1,184.5,,
264516.399181842,3842522.14982142,648.099185778955,L4_1,184.5,,
264516.399181842,3842522.14982142,648.099185778955,L4_1,184.5,,
264521.354060421,3842525.54374175,648.22949269146,L4_1,190.5,648.22949269146,14.4370253370604
264521.354060421,3842525.54374175,648.22949269146,L4_1,190.5,643.133954796458,11.7647792561697
264521.354060421,3842525.54374175,648.22949269146,L4_1,190.5,637.783640006706,7.45251018304314
264521.354060421,3842525.54374175,648.22949269146,L4_1,190.5,632.165809477466,4.34050795089382
264521.354060421,3842525.54374175,648.22949269146,L4_1,190.5,626.267087421764,2.54471994432118
264521.354060421,3842525.54374175,648.22949269146,L4_1,190.5,620.073429263277,1.83309867736821
264521.354060421,3842525.54374175,648.22949269146,L4_1,190.5,613.570088196866,1.79146040184576
264521.354060421,3842525.54374175,648.22949269146,L4_1,190.5,606.741580077134,2.11335090690393
264521.354060421,3842525.54374175,648.22949269146,L4_1,190.5,599.571646551416,2.60765393726997
264521.354060421,3842525.54374175,648.22949269146,L4_1,190.5,592.043216349412,3.21120044918907
264521.354060421,3842525.54374175,648.22949269146,L4_1,190.5,584.138364637307,3.96838317871795
264521.354060421,3842525.54374175,648.22949269146,L4_1,190.5,575.838270339597,4.94130032670821
264521.354060421,3842525.54374175,648.22949269146,L4_1,190.5,567.123171327002,6.15289669136473
264521.354060421,3842525.54374175,648.22949269146,L4_1,190.5,557.972317363777,7.58355226433676
264521.354060421,3842525.54374175,648.22949269146,L4_1,190.5,548.363920702391,9.19129958149659
264521.354060421,3842525.54374175,648.22949269146,L4_1,190.5,538.275104207935,10.9300518741319
264521.354060421,3842525.54374175,648.22949269146,L4_1,190.5,527.681846888756,12.75116749954
264521.354060421,3842525.54374175,648.22949269146,L4_1,190.5,516.558926703619,14.589434411799
264521.354060421,3842525.54374175,648.22949269146,L4_1,190.5,504.879860509225,16.3497792626437
264521.354060421,3842525.54374175,648.22949269146,L4_1,190.5,492.616841005111,17.9117262075633
264521.354060421,3842525.54374175,648.22949269146,L4_1,190.5,479.740670525792,19.1544855056548
264521.354060421,3842525.54374175,648.22949269146,L4_1,190.5,466.220691522506,19.9899761935965
264521.354060421,3842525.54374175,648.22949269146,L4_1,190.5,452.024713569056,20.3862124930141
264521.354060421,3842525.54374175,648.22949269146,L4_1,190.5,437.118936717934,20.3708064067361
264521.354060421,3842525.54374175,648.22949269146,L4_1,190.5,421.467871024255,20.0162780561911
264521.354060421,3842525.54374175,648.22949269146,L4_1,190.5,405.034252045893,19.4166383488738
264521.354060421,3842525.54374175,648.22949269146,L4_1,190.5,387.778952118612,18.665230310095
264521.354060421,3842525.54374175,648.22949269146,L4_1,190.5,369.660887194968,17.839670136391
264521.354060421,3842525.54374175,648.22949269146,L4_1,190.5,350.636919025141,16.9947392988427
264521.354060421,3842525.54374175,648.22949269146,L4_1,190.5,330.661752446823,16.161711179882
264521.354060421,3842525.54374175,648.22949269146,L4_1,190.5,309.687827539589,15.3550195589134
264521.354060421,3842525.54374175,648.22949269146,L4_1,190.5,287.669414477938,14.5859507278756
264521.354060421,3842525.54374175,648.22949269146,L4_1,190.5,264.979217008397,13.8667820966998
264521.354060421,3842525.54374175,648.22949269146,L4_1,190.5,241.154509665379,13.2014664021144
264521.354060421,3842525.54374175,648.22949269146,L4_1,190.5,216.13856695521,12.5805291322372
264521.354060421,3842525.54374175,648.22949269146,L4_1,190.5,189.871827109532,11.9901591456684
264521.354060421,3842525.54374175,648.22949269146,L4_1,190.5,162.291750271571,11.4223917594713
264521.354060421,3842525.54374175,648.22949269146,L4_1,190.5,133.332669591712,10.8753725812131
264521.354060421,3842525.54374175,648.22949269146,L4_1,190.5,102.925634877859,10.3508196150559
264521.354060421,3842525.54374175,648.22949269146,L4_1,190.5,70.9982484283146,9.85230115209341
264521.354060421,3842525.54374175,648.22949269146,L4_1,190.5,,
264521.354060421,3842525.54374175,648.22949269146,L4_1,190.5,,
264521.354060421,3842525.54374175,648.22949269146,L4_1,190.5,,
264521.354060421,3842525.54374175,648.22949269146,L4_1,190.5,,
264521.354060421,3842525.54374175,648.22949269146,L4_1,190.5,,
264521.354060421,3842525.54374175,648.22949269146,L4_1,190.5,,
264521.354060421,3842525.54374175,648.22949269146,L4_1,190.5,,
264521.354060421,3842525.54374175,648.22949269146,L4_1,190.5,,
264521.354060421,3842525.54374175,648.22949269146,L4_1,190.5,,
264521.354060421,3842525.54374175,648.22949269146,L4_1,190.5,,
264521.354060421,3842525.54374175,648.22949269146,L4_1,190.5,,
264521.354060421,3842525.54374175,648.22949269146,L4_1,190.5,,
264521.354060421,3842525.54374175,648.22949269146,L4_1,190.5,,
264521.354060421,3842525.54374175,648.22949269146,L4_1,190.5,,
264521.354060421,3842525.54374175,648.22949269146,L4_1,190.5,,
264521.354060421,3842525.54374175,648.22949269146,L4_1,190.5,,
264521.354060421,3842525.54374175,648.22949269146,L4_1,190.5,,
264521.354060421,3842525.54374175,648.22949269146,L4_1,190.5,,
264521.354060421,3842525.54374175,648.22949269146,L4_1,190.5,,
264521.354060421,3842525.54374175,648.22949269146,L4_1,190.5,,
264521.354060421,3842525.54374175,648.22949269146,L4_1,190.5,,
264526.721845548,3842529.22048878,648.415602432413,L4_1,197.0,648.415602432413,9.63848760068264
264526.721845548,3842529.22048878,648.415602432413,L4_1,197.0,643.317432773962,9.40794191065054
264526.721845548,3842529.22048878,648.415602432413,L4_1,197.0,637.964354632589,8.10382100977397
264526.721845548,3842529.22048878,648.415602432413,L4_1,197.0,632.343622584147,5.44521518908475
264526.721845548,3842529.22048878,648.415602432413,L4_1,197.0,626.441853933283,3.00925994029436
264526.721845548,3842529.22048878,648.415602432413,L4_1,197.0,620.244996849875,1.83247579486285
264526.721845548,3842529.22048878,648.415602432413,L4_1,197.0,613.738296912298,1.56719139174213
264526.721845548,3842529.22048878,648.415602432413,L4_1,197.0,606.906261977841,1.78480135193443
264526.721845548,3842529.22048878,648.415602432413,L4_1,197.0,599.732625296662,2.26013919715115
264526.721845548,3842529.22048878,648.415602432413,L4_1,197.0,592.200306781424,2.89491750946182
264526.721845548,3842529.22048878,648.415602432413,L4_1,197.0,584.291372340423,3.68936622649601
264526.721845548,3842529.22048878,648.415602432413,L4_1,197.0,575.986991177373,4.67883665466674
264526.721845548,3842529.22048878,648.415602432413,L4_1,197.0,567.26739095617,5.87906675666808
264526.721845548,3842529.22048878,648.415602432413,L4_1,197.0,558.111810723907,7.2748268962248
264526.721845548,3842529.22048878,648.415602432413,L4_1,197.0,548.498451480031,8.83394444314871
264526.721845548,3842529.22048878,648.415602432413,L4_1,197.0,538.404424273961,10.5209433671271
264526.721845548,3842529.22048878,648.415602432413,L4_1,197.0,527.805695707588,12.2959172718895
264526.721845548,3842529.22048878,648.415602432413,L4_1,197.0,516.677030712896,14.1003347186147
264526.721845548,3842529.22048878,648.415602432413,L4_1,197.0,504.991932468469,15.8445942770629
264526.721845548,3842529.22048878,648.415602432413,L4_1,197.0,492.722579311822,17.4123085430646
264526.721845548,3842529.22048878,648.415602432413,L4_1,197.0,479.839758497341,18.6840310435431
264526.721845548,3842529.22048878,648.415602432413,L4_1,197.0,466.312796642137,19.5691523482504
264526.721845548,3842529.22048878,648.415602432413,L4_1,197.0,452.109486694172,20.0296158745394
264526.721845548,3842529.22048878,648.415602432413,L4_1,197.0,437.196011248809,20.0851997747561
264526.721845548,3842529.22048878,648.415602432413,L4_1,197.0,421.536862031178,19.8009769268694
264526.721845548,3842529.22048878,648.415602432413,L4_1,197.0,405.094755352666,19.2653979136942
264526.721845548,3842529.22048878,648.415602432413,L4_1,197.0,387.830543340228,18.5686408543468
264526.721845548,3842529.22048878,648.415602432413,L4_1,197.0,369.703120727168,17.7872231095006
264526.721845548,3842529.22048878,648.415602432413,L4_1,197.0,350.669326983455,16.9761981380801
264526.721845548,3842529.22048878,648.415602432413,L4_1,197.0,330.683843552556,16.1677897140465
264526.721845548,3842529.22048878,648.415602432413,L4_1,197.0,309.699085950112,15.3776645891976
264526.721845548,3842529.22048878,648.415602432413,L4_1,197.0,287.669414477938,14.6186470258588
264526.721845548,3842529.22048878,648.415602432413,L4_1,197.0,264.979217008397,13.9048762158702
264526.721845548,3842529.22048878,648.415602432413,L4_1,197.0,241.154509665379,13.241862906426
264526.721845548,3842529.22048878,648.415602432413,L4_1,197.0,216.13856695521,12.620964369467
264526.721845548,3842529.22048878,648.415602432413,L4_1,197.0,189.871827109532,12.0288578383598
264526.721845548,3842529.22048878,648.415602432413,L4_1,197.0,162.291750271571,11.4580555137295
264526.721845548,3842529.22048878,648.415602432413,L4_1,197.0,133.332669591712,10.9071841293415
264526.721845548,3842529.22048878,648.415602432413,L4_1,197.0,102.925634877859,10.3783817661985
264526.721845548,3842529.22048878,648.415602432413,L4_1,197.0,70.9982484283146,9.87554933405662
264526.721845548,3842529.22048878,648.415602432413,L4_1,197.0,,
264526.721845548,3842529.22048878,648.415602432413,L4_1,197.0,,
264526.721845548,3842529.22048878,648.415602432413,L4_1,197.0,,
264526.721845548,3842529.22048878,648.415602432413,L4_1,197.0,,
264526.721845548,3842529.22048878,648.415602432413,L4_1,197.0,,
264526.721845548,3842529.22048878,648.415602432413,L4_1,197.0,,
264526.721845548,3842529.22048878,648.415602432413,L4_1,197.0,,
264526.721845548,3842529.22048878,648.415602432413,L4_1,197.0,,
264526.721845548,3842529.22048878,648.415602432413,L4_1,197.0,,
264526.721845548,3842529.22048878,648.415602432413,L4_1,197.0,,
264526.721845548,3842529.22048878,648.415602432413,L4_1,197.0,,
264526.721845548,3842529.22048878,648.415602432413,L4_1,197.0,,
264526.721845548,3842529.22048878,648.415602432413,L4_1,197.0,,
264526.721845548,3842529.22048878,648.415602432413,L4_1,197.0,,
264526.721845548,3842529.22048878,648.415602432413,L4_1,197.0,,
264526.721845548,3842529.22048878,648.415602432413,L4_1,197.0,,
264526.721845548,3842529.22048878,648.415602432413,L4_1,197.0,,
264526.721845548,3842529.22048878,648.415602432413,L4_1,197.0,,
264526.721845548,3842529.22048878,648.415602432413,L4_1,197.0,,
264526.721845548,3842529.22048878,648.415602432413,L4_1,197.0,,
264526.721845548,3842529.22048878,648.415602432413,L4_1,197.0,,
264531.676438728,3842532.61438932,648.601712173366,L4_1,203.0,648.601712173366,7.0263430948336
264531.676438728,3842532.61438932,648.601712173366,L4_1,203.0,643.500910751466,8.59536312863759
264531.676438728,3842532.61438932,648.601712173366,L4_1,203.0,638.145069258472,10.3568513016648
264531.676438728,3842532.61438932,648.601712173366,L4_1,203.0,632.521435690828,7.56651642051406
264531.676438728,3842532.61438932,648.601712173366,L4_1,203.0,626.616620444801,3.71805944319371
264531.676438728,3842532.61438932,648.601712173366,L4_1,203.0,620.416564436474,1.86836254956671
264531.676438728,3842532.61438932,648.601712173366,L4_1,203.0,613.90650562773,1.37611716090225
264531.676438728,3842532.61438932,648.601712173366,L4_1,203.0,607.070943878548,1.49435370477043
264531.676438728,3842532.61438932,648.601712173366,L4_1,203.0,599.893604041908,1.93199875565655
264531.676438728,3842532.61438932,648.601712173366,L4_1,203.0,592.357397213436,2.57483836581418
264531.676438728,3842532.61438932,648.601712173366,L4_1,203.0,584.44438004354,3.39462495103903
264531.676438728,3842532.61438932,648.601712173366,L4_1,203.0,576.135712015149,4.40061291027779
264531.676438728,3842532.61438932,648.601712173366,L4_1,203.0,567.411610585339,5.59669768991336
264531.676438728,3842532.61438932,648.601712173366,L4_1,203.0,558.251304084038,6.96801828513216
264531.676438728,3842532.61438932,648.601712173366,L4_1,203.0,548.632982257672,8.48944612004024
264531.676438728,3842532.61438932,648.601712173366,L4_1,203.0,538.533744339988,10.1342342292011
264531.676438728,3842532.61438932,648.601712173366,L4_1,203.0,527.92954452642,11.8700108298271
264531.676438728,3842532.61438932,648.601712173366,L4_1,203.0,516.795134722173,13.6442950025125
264531.676438728,3842532.61438932,648.601712173366,L4_1,203.0,505.104004427714,15.3727865054459
264531.676438728,3842532.61438932,648.601712173366,L4_1,203.0,492.828317618532,16.9434678089643
264531.676438728,3842532.61438932,648.601712173366,L4_1,203.0,479.938846468891,18.2389843265141
264531.676438728,3842532.61438932,648.601712173366,L4_1,203.0,466.404901761768,19.1672932696652
264531.676438728,3842532.61438932,648.601712173366,L4_1,203.0,452.194259819288,19.6854286897135
264531.676438728,3842532.61438932,648.601712173366,L4_1,203.0,437.273085779685,19.8062464690866
264531.676438728,3842532.61438932,648.601712173366,L4_1,203.0,421.605853038102,19.5878715928515
264531.676438728,3842532.61438932,648.601712173366,L4_1,203.0,405.155258659439,19.1132968867509
264531.676438728,3842532.61438932,648.601712173366,L4_1,203.0,387.882134561843,18.4693598377159
264531.676438728,3842532.61438932,648.601712173366,L4_1,203.0,369.745354259368,17.7311781754851
264531.676438728,3842532.61438932,648.601712173366,L4_1,203.0,350.701734941768,16.9537703191022
264531.676438728,3842532.61438932,648.601712173366,L4_1,203.0,330.705934658289,16.1700499996446
264531.676438728,3842532.61438932,648.601712173366,L4_1,203.0,309.710344360636,15.3967206375151
264531.676438728,3842532.61438932,648.601712173366,L4_1,203.0,287.669414477938,14.6480372472241
264531.676438728,3842532.61438932,648.601712173366,L4_1,203.0,264.979217008397,13.9399765455329
264531.676438728,3842532.61438932,648.601712173366,L4_1,203.0,241.154509665379,13.2796074462762
264531.676438728,3842532.61438932,648.601712173366,L4_1,203.0,216.13856695521,12.6590981108076
264531.676438728,3842532.61438932,648.601712173366,L4_1,203.0,189.871827109532,12.0655860663726
264531.676438728,3842532.61438932,648.601712173366,L4_1,203.0,162.291750271571,11.4920475542977
264531.676438728,3842532.61438932,648.601712173366,L4_1,203.0,133.332669591712,10.93758781578
264531.676438728,3842532.61438932,648.601712173366,L4_1,203.0,102.925634877859,10.4047678826149
264531.676438728,3842532.61438932,648.601712173366,L4_1,203.0,70.9982484283146,9.89782485286308
264531.676438728,3842532.61438932,648.601712173366,L4_1,203.0,,
264531.676438728,3842532.61438932,648.601712173366,L4_1,203.0,,
264531.676438728,3842532.61438932,648.601712173366,L4_1,203.0,,
264531.676438728,3842532.61438932,648.601712173366,L4_1,203.0,,
264531.676438728,3842532.61438932,648.601712173366,L4_1,203.0,,
264531.676438728,3842532.61438932,648.601712173366,L4_1,203.0,,
264531.676438728,3842532.61438932,648.601712173366,L4_1,203.0,,
264531.676438728,3842532.61438932,648.601712173366,L4_1,203.0,,
264531.676438728,3842532.61438932,648.601712173366,L4_1,203.0,,
264531.676438728,3842532.61438932,648.601712173366,L4_1,203.0,,
264531.676438728,3842532.61438932,648.601712173366,L4_1,203.0,,
264531.676438728,3842532.61438932,648.601712173366,L4_1,203.0,,
264531.676438728,3842532.61438932,648.601712173366,L4_1,203.0,,
264531.676438728,3842532.61438932,648.601712173366,L4_1,203.0,,
264531.676438728,3842532.61438932,648.601712173366,L4_1,203.0,,
264531.676438728,3842532.61438932,648.601712173366,L4_1,203.0,,
264531.676438728,3842532.61438932,648.601712173366,L4_1,203.0,,
264531.676438728,3842532.61438932,648.601712173366,L4_1,203.0,,
264531.676438728,3842532.61438932,648.601712173366,L4_1,203.0,,
264531.676438728,3842532.61438932,648.601712173366,L4_1,203.0,,
264531.676438728,3842532.61438932,648.601712173366,L4_1,203.0,,
264537.043605491,3842536.29109348,648.787821914318,L4_1,209.5,648.787821914318,5.87686042443058
264537.043605491,3842536.29109348,648.787821914318,L4_1,209.5,643.68438872897,9.04746412520885
264537.043605491,3842536.29109348,648.787821914318,L4_1,209.5,638.325783884355,14.7997742475485
264537.043605491,3842536.29109348,648.787821914318,L4_1,209.5,632.699248797508,11.0706556731062
264537.043605491,3842536.29109348,648.787821914318,L4_1,209.5,626.79138695632,4.69206169235659
264537.043605491,3842536.29109348,648.787821914318,L4_1,209.5,620.588132023072,1.94228310777931
264537.043605491,3842536.29109348,648.787821914318,L4_1,209.5,614.074714343161,1.23015842111543
264537.043605491,3842536.29109348,648.787821914318,L4_1,209.5,607.235625779255,1.26079318076292
264537.043605491,3842536.29109348,648.787821914318,L4_1,209.5,600.054582787154,1.64858787175836
264537.043605491,3842536.29109348,648.787821914318,L4_1,209.5,592.514487645448,2.27686819063688
264537.043605491,3842536.29109348,648.787821914318,L4_1,209.5,584.597387746656,3.10518926956187
264537.043605491,3842536.29109348,648.787821914318,L4_1,209.5,576.284432852925,4.12168614216401
264537.043605491,3842536.29109348,648.787821914318,L4_1,209.5,567.555830214507,5.31596647395321
264537.043605491,3842536.29109348,648.787821914318,L4_1,209.5,558.390797444169,6.66970710222178
264537.043605491,3842536.29109348,648.787821914318,L4_1,209.5,548.767513035313,8.16176815434232
264537.043605491,3842536.29109348,648.787821914318,L4_1,209.5,538.663064406015,9.77202404410878
264537.043605491,3842536.29109348,648.787821914318,L4_1,209.5,528.053393345252,11.4742981736701
264537.043605491,3842536.29109348,648.787821914318,L4_1,209.5,516.91323873145,13.2214135650758
264537.043605491,3842536.29109348,648.787821914318,L4_1,209.5,505.216076386959,14.9340868647506
264537.043605491,3842536.29109348,648.787821914318,L4_1,209.5,492.934055925242,16.5048390691417
264537.043605491,3842536.29109348,648.787821914318,L4_1,209.5,480.037934440441,17.8190469532514
264537.043605491,3842536.29109348,648.787821914318,L4_1,209.5,466.497006881399,18.7842336334272
264537.043605491,3842536.29109348,648.787821914318,L4_1,209.5,452.279032944405,19.3536157073862
264537.043605491,3842536.29109348,648.787821914318,L4_1,209.5,437.350160310561,19.5340026049953
264537.043605491,3842536.29109348,648.787821914318,L4_1,209.5,421.674844045025,19.3770636572754
264537.043605491,3842536.29109348,648.787821914318,L4_1,209.5,405.215761966212,18.9604462097647
264537.043605491,3842536.29109348,648.787821914318,L4_1,209.5,387.933725783459,18.3674862823899
264537.043605491,3842536.29109348,648.787821914318,L4_1,209.5,369.787587791568,17.671613741481
264537.043605491,3842536.29109348,648.787821914318,L4_1,209.5,350.734142900082,16.9275129361362
264537.043605491,3842536.29109348,648.787821914318,L4_1,209.5,330.728025764022,16.1685310234122
264537.043605491,3842536.29109348,648.787821914318,L4_1,209.5,309.721602771159,15.4122128268378
264537.043605491,3842536.29109348,648.787821914318,L4_1,209.5,287.669414477938,14.674136515894
264537.043605491,3842536.29109348,648.787821914318,L4_1,209.5,264.979217008397,13.9720912693461
264537.043605491,3842536.29109348,648.787821914318,L4_1,209.5,241.154509665379,13.3147035650779
264537.043605491,3842536.29109348,648.787821914318,L4_1,209.5,216.13856695521,12.6949310326501
264537.043605491,3842536.29109348,648.787821914318,L4_1,209.5,189.871827109532,12.1003429228547
264537.043605491,3842536.29109348,648.787821914318,L4_1,209.5,162.291750271571,11.5243662454097
264537.043605491,3842536.29109348,648.787821914318,L4_1,209.5,133.332669591712,10.9665817998861
264537.043605491,3842536.29109348,648.787821914318,L4_1,209.5,102.925634877859,10.4299761797461
264537.043605491,3842536.29109348,648.787821914318,L4_1,209.5,70.9982484283146,9.9191261428243
264537.043605491,3842536.29109348,648.787821914318,L4_1,209.5,,
264537.043605491,3842536.29109348,648.787821914318,L4_1,209.5,,
264537.043605491,3842536.29109348,648.787821914318,L4_1,209.5,,
264537.043605491,3842536.29109348,648.787821914318,L4_1,209.5,,
264537.043605491,3842536.29109348,648.787821914318,L4_1,209.5,,
264537.043605491,3842536.29109348,648.787821914318,L4_1,209.5,,
264537.043605491,3842536.29109348,648.787821914318,L4_1,209.5,,
264537.043605491,3842536.29109348,648.787821914318,L4_1,209.5,,
264537.043605491,3842536.29109348,648.787821914318,L4_1,209.5,,
264537.043605491,3842536.29109348,648.787821914318,L4_1,209.5,,
264537.043605491,3842536.29109348,648.787821914318,L4_1,209.5,,
264537.043605491,3842536.29109348,648.787821914318,L4_1,209.5,,
264537.043605491,3842536.29109348,648.787821914318,L4_1,209.5,,
264537.043605491,3842536.29109348,648.787821914318,L4_1,209.5,,
264537.043605491,3842536.29109348,648.787821914318,L4_1,209.5,,
264537.043605491,3842536.29109348,648.787821914318,L4_1,209.5,,
264537.043605491,3842536.29109348,648.787821914318,L4_1,209.5,,
264537.043605491,3842536.29109348,648.787821914318,L4_1,209.5,,
264537.043605491,3842536.29109348,648.787821914318,L4_1,209.5,,
264537.043605491,3842536.29109348,648.787821914318,L4_1,209.5,,
264537.043605491,3842536.29109348,648.787821914318,L4_1,209.5,,
264541.997913272,3842539.68497425,649.037334499435,L4_1,215.5,649.037334499435,4.86278108203293
264541.997913272,3842539.68497425,649.037334499435,L4_1,215.5,643.930372975924,8.24488191734203
264541.997913272,3842539.68497425,649.037334499435,L4_1,215.5,638.568063376238,15.6023764388072
264541.997913272,3842539.68497425,649.037334499435,L4_1,215.5,632.937638296567,12.3061789674411
264541.997913272,3842539.68497425,649.037334499435,L4_1,215.5,627.025691962912,5.10552868485944
264541.997913272,3842539.68497425,649.037334499435,L4_1,215.5,620.818148312575,1.96764614121789
264541.997913272,3842539.68497425,649.037334499435,L4_1,215.5,614.300227479721,1.14907488489158
264541.997913272,3842539.68497425,649.037334499435,L4_1,215.5,607.456410605224,1.12878507319525
264541.997913272,3842539.68497425,649.037334499435,L4_1,215.5,600.270402887003,1.47718408493817
264541.997913272,3842539.68497425,649.037334499435,L4_1,215.5,592.72509478287,2.08214637030101
264541.997913272,3842539.68497425,649.037334499435,L4_1,215.5,584.802521273531,2.90156841228681
264541.997913272,3842539.68497425,649.037334499435,L4_1,215.5,576.483819088725,3.91186508196868
264541.997913272,3842539.68497425,649.037334499435,L4_1,215.5,567.749181794678,5.09232073126886
264541.997913272,3842539.68497425,649.037334499435,L4_1,215.5,558.57781263593,6.42153719382845
264541.997913272,3842539.68497425,649.037334499435,L4_1,215.5,548.947875019243,7.88115913115375
264541.997913272,3842539.68497425,649.037334499435,L4_1,215.5,538.836440521723,9.45592292258279
264541.997913272,3842539.68497425,649.037334499435,L4_1,215.5,528.219434299326,11.1241956212277
264541.997913272,3842539.68497425,649.037334499435,L4_1,215.5,517.07157776581,12.8428851284407
264541.997913272,3842539.68497425,649.037334499435,L4_1,215.5,505.366328405617,14.5369895334033
264541.997913272,3842539.68497425,649.037334499435,L4_1,215.5,493.075816577416,16.1033115940719
264541.997913272,3842539.68497425,649.037334499435,L4_1,215.5,480.170779157804,17.4301889492078
264541.997913272,3842539.68497425,649.037334499435,L4_1,215.5,466.620489867211,18.4253444532494
264541.997913272,3842539.68497425,649.037334499435,L4_1,215.5,452.392686112089,19.0390078527154
264541.997913272,3842539.68497425,649.037334499435,L4_1,215.5,437.453492169211,19.2726963922911
264541.997913272,3842539.68497425,649.037334499435,L4_1,215.5,421.767338529188,19.1721026729747
264541.997913272,3842539.68497425,649.037334499435,L4_1,215.5,405.296877207165,18.8096910217086
264541.997913272,3842539.68497425,649.037334499435,L4_1,215.5,388.00289281904,18.2651981980949
264541.997913272,3842539.68497425,649.037334499435,L4_1,215.5,369.84420921151,17.610130645911
264541.997913272,3842539.68497425,649.037334499435,L4_1,215.5,350.777591423602,16.8985570704748
264541.997913272,3842539.68497425,649.037334499435,L4_1,215.5,330.7576427463,16.1639950281444
264541.997913272,3842539.68497425,649.037334499435,L4_1,215.5,309.736696635132,15.4246263411035
264541.997913272,3842539.68497425,649.037334499435,L4_1,215.5,287.669414477938,14.697226683853
264541.997913272,3842539.68497425,649.037334499435,L4_1,215.5,264.979217008397,14.0013612108674
264541.997913272,3842539.68497425,649.037334499435,L4_1,215.5,241.154509665379,13.3472015237279
264541.997913272,3842539.68497425,649.037334499435,L4_1,215.5,216.13856695521,12.7284599100683
264541.997913272,3842539.68497425,649.037334499435,L4_1,215.5,189.871827109532,12.1330969957551
264541.997913272,3842539.68497425,649.037334499435,L4_1,215.5,162.291750271571,11.5549662349302
264541.997913272,3842539.68497425,649.037334499435,L4_1,215.5,133.332669591712,10.9941171504724
264541.997913272,3842539.68497425,649.037334499435,L4_1,215.5,102.925634877859,10.4539601801861
264541.997913272,3842539.68497425,649.037334499435,L4_1,215.5,70.9982484283146,9.93941215174408
264541.997913272,3842539.68497425,649.037334499435,L4_1,215.5,,
264541.997913272,3842539.68497425,649.037334499435,L4_1,215.5,,
264541.997913272,3842539.68497425,649.037334499435,L4_1,215.5,,
264541.997913272,3842539.68497425,649.037334499435,L4_1,215.5,,
264541.997913272,3842539.68497425,649.037334499435,L4_1,215.5,,
264541.997913272,3842539.68497425,649.037334499435,L4_1,215.5,,
264541.997913272,3842539.68497425,649.037334499435,L4_1,215.5,,
264541.997913272,3842539.68497425,649.037334499435,L4_1,215.5,,
264541.997913272,3842539.68497425,649.037334499435,L4_1,215.5,,
264541.997913272,3842539.68497425,649.037334499435,L4_1,215.5,,
264541.997913272,3842539.68497425,649.037334499435,L4_1,215.5,,
264541.997913272,3842539.68497425,649.037334499435,L4_1,215.5,,
264541.997913272,3842539.68497425,649.037334499435,L4_1,215.5,,
264541.997913272,3842539.68497425,649.037334499435,L4_1,215.5,,
264541.997913272,3842539.68497425,649.037334499435,L4_1,215.5,,
264541.997913272,3842539.68497425,649.037334499435,L4_1,215.5,,
264541.997913272,3842539.68497425,649.037334499435,L4_1,215.5,,
264541.997913272,3842539.68497425,649.037334499435,L4_1,215.5,,
264541.997913272,3842539.68497425,649.037334499435,L4_1,215.5,,
264541.997913272,3842539.68497425,649.037334499435,L4_1,215.5,,
264541.997913272,3842539.68497425,649.037334499435,L4_1,215.5,,
264547.365080035,3842543.36167841,649.350272917693,L4_1,222.0,649.350272917693,3.96950535953981
264547.365080035,3842543.36167841,649.350272917693,L4_1,222.0,644.23888615622,6.29280636928232
264547.365080035,3842543.36167841,649.350272917693,L4_1,222.0,638.871930056673,11.8055584279613
264547.365080035,3842543.36167841,649.350272917693,L4_1,222.0,633.236626152148,10.5124191230794
264547.365080035,3842543.36167841,649.350272917693,L4_1,222.0,627.319557052398,4.80787595195237
264547.365080035,3842543.36167841,649.350272917693,L4_1,222.0,621.106634497659,1.92914194176536
264547.365080035,3842543.36167841,649.350272917693,L4_1,222.0,614.583065815184,1.12116776257185
264547.365080035,3842543.36167841,649.350272917693,L4_1,222.0,607.733318698585,1.08126494743241
264547.365080035,3842543.36167841,649.350272917693,L4_1,222.0,600.541084226156,1.4028336134295
264547.365080035,3842543.36167841,649.350272917693,L4_1,222.0,592.989238030106,1.98264304169045
264547.365080035,3842543.36167841,649.350272917693,L4_1,222.0,585.059799524253,2.78181876478973
264547.365080035,3842543.36167841,649.350272917693,L4_1,222.0,576.733889093108,3.77232246527967
264547.365080035,3842543.36167841,649.350272917693,L4_1,222.0,567.991683140405,4.92779880459708
264547.365080035,3842543.36167841,649.350272917693,L4_1,222.0,558.812366890067,6.22531091012909
264547.365080035,3842543.36167841,649.350272917693,L4_1,222.0,549.174084827212,7.6488095164819
264547.365080035,3842543.36167841,649.350272917693,L4_1,222.0,539.053888661214,9.18648747185681
264547.365080035,3842543.36167841,649.350272917693,L4_1,222.0,528.427682686917,10.8197530149345
264547.365080035,3842543.36167841,649.350272917693,L4_1,222.0,517.270166413905,12.5084278156521
264547.365080035,3842543.36167841,649.350272917693,L4_1,222.0,505.554774327242,14.18105472107
264547.365080035,3842543.36167841,649.350272917693,L4_1,222.0,493.253612636246,15.7384332567233
264547.365080035,3842543.36167841,649.350272917693,L4_1,222.0,480.3373928607,17.0720450841638
264547.365080035,3842543.36167841,649.350272917693,L4_1,222.0,466.775362096377,18.090392721475
264547.365080035,3842543.36167841,649.350272917693,L4_1,222.0,452.535229793837,18.7415025203958
264547.365080035,3842543.36167841,649.350272917693,L4_1,222.0,437.583090876171,19.022324585459
264547.365080035,3842543.36167841,649.350272917693,L4_1,222.0,421.883345012622,18.9730445532926
264547.365080035,3842543.36167841,649.350272917693,L4_1,222.0,405.398611855894,18.6611113893401
264547.365080035,3842543.36167841,649.350272917693,L4_1,222.0,388.089642041331,18.1625763945364
264547.365080035,3842543.36167841,649.350272917693,L4_1,222.0,369.915223736039,17.5467982222454
264547.365080035,3842543.36167841,649.350272917693,L4_1,222.0,350.832084515483,16.8669564348482
264547.365080035,3842543.36167841,649.350272917693,L4_1,222.0,330.794788333899,16.156480621052
264547.365080035,3842543.36167841,649.350272917693,L4_1,222.0,309.755627343236,15.4339872446337
264547.365080035,3842543.36167841,649.350272917693,L4_1,222.0,287.669414477938,14.7173241646139
264547.365080035,3842543.36167841,649.350272917693,L4_1,222.0,264.979217008397,14.0277957060831
264547.365080035,3842543.36167841,649.350272917693,L4_1,222.0,241.154509665379,13.377105799345
264547.365080035,3842543.36167841,649.350272917693,L4_1,222.0,216.13856695521,12.7596861249685
264547.365080035,3842543.36167841,649.350272917693,L4_1,222.0,189.871827109532,12.163847863553
264547.365080035,3842543.36167841,649.350272917693,L4_1,222.0,162.291750271571,11.5838461701927
264547.365080035,3842543.36167841,649.350272917693,L4_1,222.0,133.332669591712,11.020192186627
264547.365080035,3842543.36167841,649.350272917693,L4_1,222.0,102.925634877859,10.4767182191642
264547.365080035,3842543.36167841,649.350272917693,L4_1,222.0,70.9982484283146,9.95868136499699
264547.365080035,3842543.36167841,649.350272917693,L4_1,222.0,,
264547.365080035,3842543.36167841,649.350272917693,L4_1,222.0,,
264547.365080035,3842543.36167841,649.350272917693,L4_1,222.0,,
264547.365080035,3842543.36167841,649.350272917693,L4_1,222.0,,
264547.365080035,3842543.36167841,649.350272917693,L4_1,222.0,,
264547.365080035,3842543.36167841,649.350272917693,L4_1,222.0,,
264547.365080035,3842543.36167841,649.350272917693,L4_1,222.0,,
264547.365080035,3842543.36167841,649.350272917693,L4_1,222.0,,
264547.365080035,3842543.36167841,649.350272917693,L4_1,222.0,,
264547.365080035,3842543.36167841,649.350272917693,L4_1,222.0,,
264547.365080035,3842543.36167841,649.350272917693,L4_1,222.0,,
264547.365080035,3842543.36167841,649.350272917693,L4_1,222.0,,
264547.365080035,3842543.36167841,649.350272917693,L4_1,222.0,,
264547.365080035,3842543.36167841,649.350272917693,L4_1,222.0,,
264547.365080035,3842543.36167841,649.350272917693,L4_1,222.0,,
264547.365080035,3842543.36167841,649.350272917693,L4_1,222.0,,
264547.365080035,3842543.36167841,649.350272917693,L4_1,222.0,,
264547.365080035,3842543.36167841,649.350272917693,L4_1,222.0,,
264547.365080035,3842543.36167841,649.350272917693,L4_1,222.0,,
264547.365080035,3842543.36167841,649.350272917693,L4_1,222.0,,
264547.365080035,3842543.36167841,649.350272917693,L4_1,222.0,,
264552.319656007,3842546.75552275,649.663211335952,L4_1,228.0,649.663211335952,3.91191289884423
264552.319656007,3842546.75552275,649.663211335952,L4_1,228.0,644.547399336516,5.50548234086496
264552.319656007,3842546.75552275,649.663211335952,L4_1,228.0,639.175796737108,9.14159421519431
264552.319656007,3842546.75552275,649.663211335952,L4_1,228.0,633.53561400773,8.46309100828623
264552.319656007,3842546.75552275,649.663211335952,L4_1,228.0,627.613422141883,4.23259070529169
264552.319656007,3842546.75552275,649.663211335952,L4_1,228.0,621.395120682743,1.85026309180301
264552.319656007,3842546.75552275,649.663211335952,L4_1,228.0,614.865904150647,1.1312569751332
264552.319656007,3842546.75552275,649.663211335952,L4_1,228.0,608.010226791946,1.10041720738575
264552.319656007,3842546.75552275,649.663211335952,L4_1,228.0,600.811765565309,1.41387696120849
264552.319656007,3842546.75552275,649.663211335952,L4_1,228.0,593.253381277341,1.97871240160336
264552.319656007,3842546.75552275,649.663211335952,L4_1,228.0,585.317077774975,2.75748945091012
264552.319656007,3842546.75552275,649.663211335952,L4_1,228.0,576.98395909749,3.72057190028537
264552.319656007,3842546.75552275,649.663211335952,L4_1,228.0,568.234184486131,4.84082254378162
264552.319656007,3842546.75552275,649.663211335952,L4_1,228.0,559.046921144204,6.09740940595392
264552.319656007,3842546.75552275,649.663211335952,L4_1,228.0,549.400294635181,7.47795898954773
264552.319656007,3842546.75552275,649.663211335952,L4_1,228.0,539.271336800706,8.97379546741341
264552.319656007,3842546.75552275,649.663211335952,L4_1,228.0,528.635931074508,10.5683772269989
264552.319656007,3842546.75552275,649.663211335952,L4_1,228.0,517.468755062,12.223458684746
264552.319656007,3842546.75552275,649.663211335952,L4_1,228.0,505.743220248866,13.870399734698
264552.319656007,3842546.75552275,649.663211335952,L4_1,228.0,493.431408695076,15.413600012182
264552.319656007,3842546.75552275,649.663211335952,L4_1,228.0,480.504006563596,16.7476771114201
264552.319656007,3842546.75552275,649.663211335952,L4_1,228.0,466.930234325542,17.7822810832483
264552.319656007,3842546.75552275,649.663211335952,L4_1,228.0,452.677773475586,18.4638430715071
264552.319656007,3842546.75552275,649.663211335952,L4_1,228.0,437.712689583132,18.7853836980929
264552.319656007,3842546.75552275,649.663211335952,L4_1,228.0,421.999351496055,18.7820467201903
264552.319656007,3842546.75552275,649.663211335952,L4_1,228.0,405.500346504624,18.5164637535043
264552.319656007,3842546.75552275,649.663211335952,L4_1,228.0,388.176391263622,18.0609688565616
264552.319656007,3842546.75552275,649.663211335952,L4_1,228.0,369.986238260569,17.4825877292516
264552.319656007,3842546.75552275,649.663211335952,L4_1,228.0,350.886577607364,16.8333669410703
264552.319656007,3842546.75552275,649.663211335952,L4_1,228.0,330.831933921499,16.1464044000043
264552.319656007,3842546.75552275,649.663211335952,L4_1,228.0,309.77455805134,15.4405464127416
264552.319656007,3842546.75552275,649.663211335952,L4_1,228.0,287.669414477938,14.7345745969178
264552.319656007,3842546.75552275,649.663211335952,L4_1,228.0,264.979217008397,14.0514717428217
264552.319656007,3842546.75552275,649.663211335952,L4_1,228.0,241.154509665379,13.4044458591493
264552.319656007,3842546.75552275,649.663211335952,L4_1,228.0,216.13856695521,12.7886029769121
264552.319656007,3842546.75552275,649.663211335952,L4_1,228.0,189.871827109532,12.1925650198823
264552.319656007,3842546.75552275,649.663211335952,L4_1,228.0,162.291750271571,11.6109646254587
264552.319656007,3842546.75552275,649.663211335952,L4_1,228.0,133.332669591712,11.0447623778952
264552.319656007,3842546.75552275,649.663211335952,L4_1,228.0,102.925634877859,10.4982075563022
264552.319656007,3842546.75552275,649.663211335952,L4_1,228.0,70.9982484283146,9.97689567463178
264552.319656007,3842546.75552275,649.663211335952,L4_1,228.0,,
264552.319656007,3842546.75552275,649.663211335952,L4_1,228.0,,
264552.319656007,3842546.75552275,649.663211335952,L4_1,228.0,,
264552.319656007,3842546.75552275,649.663211335952,L4_1,228.0,,
264552.319656007,3842546.75552275,649.663211335952,L4_1,228.0,,
264552.319656007,3842546.75552275,649.663211335952,L4_1,228.0,,
264552.319656007,3842546.75552275,649.663211335952,L4_1,228.0,,
264552.319656007,3842546.75552275,649.663211335952,L4_1,228.0,,
264552.319656007,3842546.75552275,649.663211335952,L4_1,228.0,,
264552.319656007,3842546.75552275,649.663211335952,L4_1,228.0,,
264552.319656007,3842546.75552275,649.663211335952,L4_1,228.0,,
264552.319656007,3842546.75552275,649.663211335952,L4_1,228.0,,
264552.319656007,3842546.75552275,649.663211335952,L4_1,228.0,,
264552.319656007,3842546.75552275,649.663211335952,L4_1,228.0,,
264552.319656007,3842546.75552275,649.663211335952,L4_1,228.0,,
264552.319656007,3842546.75552275,649.663211335952,L4_1,228.0,,
264552.319656007,3842546.75552275,649.663211335952,L4_1,228.0,,
264552.319656007,3842546.75552275,649.663211335952,L4_1,228.0,,
264552.319656007,3842546.75552275,649.663211335952,L4_1,228.0,,
264552.319656007,3842546.75552275,649.663211335952,L4_1,228.0,,
264552.319656007,3842546.75552275,649.663211335952,L4_1,228.0,,
264557.687403849,3842550.432148,649.97614975421,L4_1,234.5,649.97614975421,4.73283537792654
264557.687403849,3842550.432148,649.97614975421,L4_1,234.5,644.855912516811,5.77420308653276
264557.687403849,3842550.432148,649.97614975421,L4_1,234.5,639.479663417543,7.64837468032067
264557.687403849,3842550.432148,649.97614975421,L4_1,234.5,633.834601863311,6.57865729138496
264557.687403849,3842550.432148,649.97614975421,L4_1,234.5,627.907287231368,3.52904364719237
264557.687403849,3842550.432148,649.97614975421,L4_1,234.5,621.683606867827,1.7524205200806
264557.687403849,3842550.432148,649.97614975421,L4_1,234.5,615.14874248611,1.18207464497654
264557.687403849,3842550.432148,649.97614975421,L4_1,234.5,608.287134885306,1.18626054207678
264557.687403849,3842550.432148,649.97614975421,L4_1,234.5,601.082446904463,1.50843154825543
264557.687403849,3842550.432148,649.97614975421,L4_1,234.5,593.517524524577,2.0673146754185
264557.687403849,3842550.432148,649.97614975421,L4_1,234.5,585.574356025697,2.82551374977137
264557.687403849,3842550.432148,649.97614975421,L4_1,234.5,577.234029101873,3.75408002570524
264557.687403849,3842550.432148,649.97614975421,L4_1,234.5,568.476685831857,4.82942886436324
264557.687403849,3842550.432148,649.97614975421,L4_1,234.5,559.281475398341,6.03631694200652
264557.687403849,3842550.432148,649.97614975421,L4_1,234.5,549.626504443149,7.36740857876452
264557.687403849,3842550.432148,649.97614975421,L4_1,234.5,539.488784940198,8.81685320952101
264557.687403849,3842550.432148,649.97614975421,L4_1,234.5,528.844179462099,10.3692004006698
264557.687403849,3842550.432148,649.97614975421,L4_1,234.5,517.667343710095,11.9871979150894
264557.687403849,3842550.432148,649.97614975421,L4_1,234.5,505.93166617049,13.6043336159814
264557.687403849,3842550.432148,649.97614975421,L4_1,234.5,493.609204753906,15.1282339014599
264557.687403849,3842550.432148,649.97614975421,L4_1,234.5,480.670620266492,16.4566463858795
264557.687403849,3842550.432148,649.97614975421,L4_1,234.5,467.085106554708,17.5007208288898
264557.687403849,3842550.432148,649.97614975421,L4_1,234.5,452.820317157334,18.2058782545721
264557.687403849,3842550.432148,649.97614975421,L4_1,234.5,437.842288290092,18.5618289843767
264557.687403849,3842550.432148,649.97614975421,L4_1,234.5,422.115357979488,18.5991329948493
264557.687403849,3842550.432148,649.97614975421,L4_1,234.5,405.602081153353,18.3758062231607
264557.687403849,3842550.432148,649.97614975421,L4_1,234.5,388.263140485912,17.9604430291811
264557.687403849,3842550.432148,649.97614975421,L4_1,234.5,370.057252785099,17.4175612843076
264557.687403849,3842550.432148,649.97614975421,L4_1,234.5,350.941070699245,16.7978388763079
264557.687403849,3842550.432148,649.97614975421,L4_1,234.5,330.869079509098,16.1338036632466
264557.687403849,3842550.432148,649.97614975421,L4_1,234.5,309.793488759444,15.4443296240838
264557.687403849,3842550.432148,649.97614975421,L4_1,234.5,287.669414477938,14.7489946083514
264557.687403849,3842550.432148,649.97614975421,L4_1,234.5,264.979217008397,14.072399165563
264557.687403849,3842550.432148,649.97614975421,L4_1,234.5,241.154509665379,13.4292267652001
264557.687403849,3842550.432148,649.97614975421,L4_1,234.5,216.13856695521,12.8152123379331
264557.687403849,3842550.432148,649.97614975421,L4_1,234.5,189.871827109532,12.2192484032717
264557.687403849,3842550.432148,649.97614975421,L4_1,234.5,162.291750271571,11.6363205212002
264557.687403849,3842550.432148,649.97614975421,L4_1,234.5,133.332669591712,11.0678262021415
264557.687403849,3842550.432148,649.97614975421,L4_1,234.5,102.925634877859,10.5184266109646
264557.687403849,3842550.432148,649.97614975421,L4_1,234.5,70.9982484283146,9.99405367093528
264557.687403849,3842550.432148,649.97614975421,L4_1,234.5,,
264557.687403849,3842550.432148,649.97614975421,L4_1,234.5,,
264557.687403849,3842550.432148,649.97614975421,L4_1,234.5,,
264557.687403849,3842550.432148,649.97614975421,L4_1,234.5,,
264557.687403849,3842550.432148,649.97614975421,L4_1,234.5,,
264557.687403849,3842550.432148,649.97614975421,L4_1,234.5,,
264557.687403849,3842550.432148,649.97614975421,L4_1,234.5,,
264557.687403849,3842550.432148,649.97614975421,L4_1,234.5,,
264557.687403849,3842550.432148,649.97614975421,L4_1,234.5,,
264557.687403849,3842550.432148,649.97614975421,L4_1,234.5,,
264557.687403849,3842550.432148,649.97614975421,L4_1,234.5,,
264557.687403849,3842550.432148,649.97614975421,L4_1,234.5,,
264557.687403849,3842550.432148,649.97614975421,L4_1,234.5,,
264557.687403849,3842550.432148,649.97614975421,L4_1,234.5,,
264557.687403849,3842550.432148,649.97614975421,L4_1,234.5,,
264557.687403849,3842550.432148,649.97614975421,L4_1,234.5,,
264557.687403849,3842550.432148,649.97614975421,L4_1,234.5,,
264557.687403849,3842550.432148,649.97614975421,L4_1,234.5,,
264557.687403849,3842550.432148,649.97614975421,L4_1,234.5,,
264557.687403849,3842550.432148,649.97614975421,L4_1,234.5,,
264557.687403849,3842550.432148,649.97614975421,L4_1,234.5,,
264562.642248012,3842553.82595592,650.305545583691,L4_1,240.5,650.305545583691,6.60055262386258
264562.642248012,3842553.82595592,650.305545583691,L4_1,240.5,645.180650385351,7.09809913571548
264562.642248012,3842553.82595592,650.305545583691,L4_1,240.5,639.799510427094,7.34364906255546
264562.642248012,3842553.82595592,650.305545583691,L4_1,240.5,634.149313470924,5.48299882866121
264562.642248012,3842553.82595592,650.305545583691,L4_1,240.5,628.216606666946,3.0201519760195
264562.642248012,3842553.82595592,650.305545583691,L4_1,240.5,621.987264522769,1.68323576867847
264562.642248012,3842553.82595592,650.305545583691,L4_1,240.5,615.446455271383,1.26291922141723
264562.642248012,3842553.82595592,650.305545583691,L4_1,240.5,608.578605557428,1.32129329439327
264562.642248012,3842553.82595592,650.305545583691,L4_1,240.5,601.367363357775,1.66728986799806
264562.642248012,3842553.82595592,650.305545583691,L4_1,240.5,593.79555904814,2.22813560949501
264562.642248012,3842553.82595592,650.305545583691,L4_1,240.5,585.845164523022,2.96622942034669
264562.642248012,3842553.82595592,650.305545583691,L4_1,240.5,577.497250271649,3.85583984781242
264562.642248012,3842553.82595592,650.305545583691,L4_1,240.5,568.731940307707,4.88041545238193
264562.642248012,3842553.82595592,650.305545583691,L4_1,240.5,559.528364845568,6.03260202632946
264562.642248012,3842553.82595592,650.305545583691,L4_1,240.5,549.864610610322,7.31068295664757
264562.642248012,3842553.82595592,650.305545583691,L4_1,240.5,539.717668663314,8.71118399049733
264562.642248012,3842553.82595592,650.305545583691,L4_1,240.5,529.063379618955,10.2190374029948
264562.642248012,3842553.82595592,650.305545583691,L4_1,240.5,517.876376122378,11.7973661556259
264562.642248012,3842553.82595592,650.305545583691,L4_1,240.5,506.130022450973,13.3813284771409
264562.642248012,3842553.82595592,650.305545583691,L4_1,240.5,493.796351095997,14.88151161064
264562.642248012,3842553.82595592,650.305545583691,L4_1,240.5,480.845996173273,16.1987861774119
264562.642248012,3842553.82595592,650.305545583691,L4_1,240.5,467.248123504412,17.2460989261629
264562.642248012,3842553.82595592,650.305545583691,L4_1,240.5,452.970357202108,17.9683860970831
264562.642248012,3842553.82595592,650.305545583691,L4_1,240.5,437.978702584689,18.352632067854
264562.642248012,3842553.82595592,650.305545583691,L4_1,240.5,422.237465236399,18.4252848681696
264562.642248012,3842553.82595592,650.305545583691,L4_1,240.5,405.709166020695,18.2400021874629
264562.642248012,3842553.82595592,650.305545583691,L4_1,240.5,388.354451844205,17.8616766414539
264562.642248012,3842553.82595592,650.305545583691,L4_1,240.5,370.132001958891,17.3521973131251
264562.642248012,3842553.82595592,650.305545583691,L4_1,240.5,350.998429579311,16.7606711079342
264562.642248012,3842553.82595592,650.305545583691,L4_1,240.5,330.908178580752,16.118840908266
264562.642248012,3842553.82595592,650.305545583691,L4_1,240.5,309.813415032265,15.4454162678147
264562.642248012,3842553.82595592,650.305545583691,L4_1,240.5,287.669414477938,14.7606238259507
264562.642248012,3842553.82595592,650.305545583691,L4_1,240.5,264.979217008397,14.090600633893
264562.642248012,3842553.82595592,650.305545583691,L4_1,240.5,241.154509665379,13.451453979249
264562.642248012,3842553.82595592,650.305545583691,L4_1,240.5,216.13856695521,12.8395006186589
264562.642248012,3842553.82595592,650.305545583691,L4_1,240.5,189.871827109532,12.243868987898
264562.642248012,3842553.82595592,650.305545583691,L4_1,240.5,162.291750271571,11.6598757614355
264562.642248012,3842553.82595592,650.305545583691,L4_1,240.5,133.332669591712,11.0893428893418
264562.642248012,3842553.82595592,650.305545583691,L4_1,240.5,102.925634877859,10.5373364702255
264562.642248012,3842553.82595592,650.305545583691,L4_1,240.5,70.9982484283146,10.0101210546011
264562.642248012,3842553.82595592,650.305545583691,L4_1,240.5,,
264562.642248012,3842553.82595592,650.305545583691,L4_1,240.5,,
264562.642248012,3842553.82595592,650.305545583691,L4_1,240.5,,
264562.642248012,3842553.82595592,650.305545583691,L4_1,240.5,,
264562.642248012,3842553.82595592,650.305545583691,L4_1,240.5,,
264562.642248012,3842553.82595592,650.305545583691,L4_1,240.5,,
264562.642248012,3842553.82595592,650.305545583691,L4_1,240.5,,
264562.642248012,3842553.82595592,650.305545583691,L4_1,240.5,,
264562.642248012,3842553.82595592,650.305545583691,L4_1,240.5,,
264562.642248012,3842553.82595592,650.305545583691,L4_1,240.5,,
264562.642248012,3842553.82595592,650.305545583691,L4_1,240.5,,
264562.642248012,3842553.82595592,650.305545583691,L4_1,240.5,,
264562.642248012,3842553.82595592,650.305545583691,L4_1,240.5,,
264562.642248012,3842553.82595592,650.305545583691,L4_1,240.5,,
264562.642248012,3842553.82595592,650.305545583691,L4_1,240.5,,
264562.642248012,3842553.82595592,650.305545583691,L4_1,240.5,,
264562.642248012,3842553.82595592,650.305545583691,L4_1,240.5,,
264562.642248012,3842553.82595592,650.305545583691,L4_1,240.5,,
264562.642248012,3842553.82595592,650.305545583691,L4_1,240.5,,
264562.642248012,3842553.82595592,650.305545583691,L4_1,240.5,,
264562.642248012,3842553.82595592,650.305545583691,L4_1,240.5,,
264568.009995854,3842557.50258116,650.651402802605,L4_1,247.0,650.651402802605,9.98270200497574
264568.009995854,3842557.50258116,650.651402802605,L4_1,247.0,645.521616864089,9.76417410768018
264568.009995854,3842557.50258116,650.651402802605,L4_1,247.0,640.135341628648,8.00250108207204
264568.009995854,3842557.50258116,650.651402802605,L4_1,247.0,634.479752631434,4.93027877988651
264568.009995854,3842557.50258116,650.651402802605,L4_1,247.0,628.54138418436,2.65570972985284
264568.009995854,3842557.50258116,650.651402802605,L4_1,247.0,622.306097314932,1.63721428027712
264568.009995854,3842557.50258116,650.651402802605,L4_1,247.0,615.759046102033,1.37398490168117
264568.009995854,3842557.50258116,650.651402802605,L4_1,247.0,608.884642328488,1.50992394608398
264568.009995854,3842557.50258116,650.651402802605,L4_1,247.0,601.666518366267,1.89539533537488
264568.009995854,3842557.50258116,650.651402802605,L4_1,247.0,594.087488205934,2.4637160195054
264568.009995854,3842557.50258116,650.651402802605,L4_1,247.0,586.129506537585,3.17944407267457
264568.009995854,3842557.50258116,650.651402802605,L4_1,247.0,577.773625785818,4.02396605680531
264568.009995854,3842557.50258116,650.651402802605,L4_1,247.0,568.999950996463,4.99130789400482
264568.009995854,3842557.50258116,650.651402802605,L4_1,247.0,559.787592467641,6.08388337390266
264568.009995854,3842557.50258116,650.651402802605,L4_1,247.0,550.114616012377,7.30577437330581
264568.009995854,3842557.50258116,650.651402802605,L4_1,247.0,539.95799073435,8.65519129022032
264568.009995854,3842557.50258116,650.651402802605,L4_1,247.0,529.293534192421,10.1166380244073
264568.009995854,3842557.50258116,650.651402802605,L4_1,247.0,518.095854823396,11.6529776650417
264568.009995854,3842557.50258116,650.651402802605,L4_1,247.0,506.33829148592,13.2006029360986
264568.009995854,3842557.50258116,650.651402802605,L4_1,247.0,493.99284998157,14.6728249148112
264568.009995854,3842557.50258116,650.651402802605,L4_1,247.0,481.030136402003,15.9736489191535
264568.009995854,3842557.50258116,650.651402802605,L4_1,247.0,467.419287143457,17.0181186608831
264568.009995854,3842557.50258116,650.651402802605,L4_1,247.0,453.127895421984,17.7512024541372
264568.009995854,3842557.50258116,650.651402802605,L4_1,247.0,438.121934114438,18.1577325730069
264568.009995854,3842557.50258116,650.651402802605,L4_1,247.0,422.365674741514,18.2605118353437
264568.009995854,3842557.50258116,650.651402802605,L4_1,247.0,405.821602399943,18.1090992723797
264568.009995854,3842557.50258116,650.651402802605,L4_1,247.0,388.450326441295,17.7647310050327
264568.009995854,3842557.50258116,650.651402802605,L4_1,247.0,370.210486684713,17.2865553289879
264568.009995854,3842557.50258116,650.651402802605,L4_1,247.0,351.058654940303,16.7219136014649
264568.009995854,3842557.50258116,650.651402802605,L4_1,247.0,330.949231608672,16.1015541601749
264568.009995854,3842557.50258116,650.651402802605,L4_1,247.0,309.83433711046,15.4438331219975
264568.009995854,3842557.50258116,650.651402802605,L4_1,247.0,287.669414477938,14.7694798516085
264568.009995854,3842557.50258116,650.651402802605,L4_1,247.0,264.979217008397,14.1060868313288
264568.009995854,3842557.50258116,650.651402802605,L4_1,247.0,241.154509665379,13.4711332204584
264568.009995854,3842557.50258116,650.651402802605,L4_1,247.0,216.13856695521,12.8614702130573
264568.009995854,3842557.50258116,650.651402802605,L4_1,247.0,189.871827109532,12.2664270912885
264568.009995854,3842557.50258116,650.651402802605,L4_1,247.0,162.291750271571,11.6816294858598
264568.009995854,3842557.50258116,650.651402802605,L4_1,247.0,133.332669591712,11.1093110646158
264568.009995854,3842557.50258116,650.651402802605,L4_1,247.0,102.925634877859,10.5549356354074
264568.009995854,3842557.50258116,650.651402802605,L4_1,247.0,70.9982484283146,10.0250964216005
264568.009995854,3842557.50258116,650.651402802605,L4_1,247.0,,
264568.009995854,3842557.50258116,650.651402802605,L4_1,247.0,,
264568.009995854,3842557.50258116,650.651402802605,L4_1,247.0,,
264568.009995854,3842557.50258116,650.651402802605,L4_1,247.0,,
264568.009995854,3842557.50258116,650.651402802605,L4_1,247.0,,
264568.009995854,3842557.50258116,650.651402802605,L4_1,247.0,,
264568.009995854,3842557.50258116,650.651402802605,L4_1,247.0,,
264568.009995854,3842557.50258116,650.651402802605,L4_1,247.0,,
264568.009995854,3842557.50258116,650.651402802605,L4_1,247.0,,
264568.009995854,3842557.50258116,650.651402802605,L4_1,247.0,,
264568.009995854,3842557.50258116,650.651402802605,L4_1,247.0,,
264568.009995854,3842557.50258116,650.651402802605,L4_1,247.0,,
264568.009995854,3842557.50258116,650.651402802605,L4_1,247.0,,
264568.009995854,3842557.50258116,650.651402802605,L4_1,247.0,,
264568.009995854,3842557.50258116,650.651402802605,L4_1,247.0,,
264568.009995854,3842557.50258116,650.651402802605,L4_1,247.0,,
264568.009995854,3842557.50258116,650.651402802605,L4_1,247.0,,
264568.009995854,3842557.50258116,650.651402802605,L4_1,247.0,,
264568.009995854,3842557.50258116,650.651402802605,L4_1,247.0,,
264568.009995854,3842557.50258116,650.651402802605,L4_1,247.0,,
264568.009995854,3842557.50258116,650.651402802605,L4_1,247.0,,
264572.964560197,3842560.89643326,650.997260021518,L4_1,253.0,650.997260021518,14.6978641959427
264572.964560197,3842560.89643326,650.997260021518,L4_1,253.0,645.862583342827,13.1666334661804
264572.964560197,3842560.89643326,650.997260021518,L4_1,253.0,640.471172830201,8.79429551390693
264572.964560197,3842560.89643326,650.997260021518,L4_1,253.0,634.810191791943,4.57758957270264
264572.964560197,3842560.89643326,650.997260021518,L4_1,253.0,628.866161701773,2.40441945004678
264572.964560197,3842560.89643326,650.997260021518,L4_1,253.0,622.624930107094,1.61887499519167
264572.964560197,3842560.89643326,650.997260021518,L4_1,253.0,616.071636932682,1.50127096952407
264572.964560197,3842560.89643326,650.997260021518,L4_1,253.0,609.190679099548,1.72543935227098
264572.964560197,3842560.89643326,650.997260021518,L4_1,253.0,601.965673374758,2.1573712814503
264572.964560197,3842560.89643326,650.997260021518,L4_1,253.0,594.379417363729,2.73284591472553
264572.964560197,3842560.89643326,650.997260021518,L4_1,253.0,586.413848552148,3.42252485526604
264572.964560197,3842560.89643326,650.997260021518,L4_1,253.0,578.050001299988,4.21911533321637
264572.964560197,3842560.89643326,650.997260021518,L4_1,253.0,569.26796168522,5.12902714592322
264572.964560197,3842560.89643326,650.997260021518,L4_1,253.0,560.046820089713,6.16403550162251
264572.964560197,3842560.89643326,650.997260021518,L4_1,253.0,550.364621414432,7.33271165668725
264572.964560197,3842560.89643326,650.997260021518,L4_1,253.0,540.198312805386,8.63378604847259
264572.964560197,3842560.89643326,650.997260021518,L4_1,253.0,529.523688765888,10.0506414871622
264572.964560197,3842560.89643326,650.997260021518,L4_1,253.0,518.315333524415,11.5455344536564
264572.964560197,3842560.89643326,650.997260021518,L4_1,253.0,506.546560520868,13.0559154027618
264572.964560197,3842560.89643326,650.997260021518,L4_1,253.0,494.189348867144,14.4977567010013
264572.964560197,3842560.89643326,650.997260021518,L4_1,253.0,481.214276630734,15.7783033834602
264572.964560197,3842560.89643326,650.997260021518,L4_1,253.0,467.590450782503,16.8150258948713
264572.964560197,3842560.89643326,650.997260021518,L4_1,253.0,453.28543364186,17.5534492630178
264572.964560197,3842560.89643326,650.997260021518,L4_1,253.0,438.265165644186,17.9768422366985
264572.964560197,3842560.89643326,650.997260021518,L4_1,253.0,422.493884246628,18.1048643862039
264572.964560197,3842560.89643326,650.997260021518,L4_1,253.0,405.934038779192,17.9832901640053
264572.964560197,3842560.89643326,650.997260021518,L4_1,253.0,388.546201038384,17.6698092171588
264572.964560197,3842560.89643326,650.997260021518,L4_1,253.0,370.288971410536,17.2207789302341
264572.964560197,3842560.89643326,650.997260021518,L4_1,253.0,351.118880301295,16.6816304423623
264572.964560197,3842560.89643326,650.997260021518,L4_1,253.0,330.990284636593,16.0819440400395
264572.964560197,3842560.89643326,650.997260021518,L4_1,253.0,309.855259188655,15.4395536646767
264572.964560197,3842560.89643326,650.997260021518,L4_1,253.0,287.669414477938,14.775542434445
264572.964560197,3842560.89643326,650.997260021518,L4_1,253.0,264.979217008397,14.1188510987641
264572.964560197,3842560.89643326,650.997260021518,L4_1,253.0,241.154509665379,13.4882600863537
264572.964560197,3842560.89643326,650.997260021518,L4_1,253.0,216.13856695521,12.8811061653564
264572.964560197,3842560.89643326,650.997260021518,L4_1,253.0,189.871827109532,12.2868958403245
264572.964560197,3842560.89643326,650.997260021518,L4_1,253.0,162.291750271571,11.7015477060723
264572.964560197,3842560.89643326,650.997260021518,L4_1,253.0,133.332669591712,11.127694744455
264572.964560197,3842560.89643326,650.997260021518,L4_1,253.0,102.925634877859,10.5711899492644
264572.964560197,3842560.89643326,650.997260021518,L4_1,253.0,70.9982484283146,10.038949192174
264572.964560197,3842560.89643326,650.997260021518,L4_1,253.0,,
264572.964560197,3842560.89643326,650.997260021518,L4_1,253.0,,
264572.964560197,3842560.89643326,650.997260021518,L4_1,253.0,,
264572.964560197,3842560.89643326,650.997260021518,L4_1,253.0,,
264572.964560197,3842560.89643326,650.997260021518,L4_1,253.0,,
264572.964560197,3842560.89643326,650.997260021518,L4_1,253.0,,
264572.964560197,3842560.89643326,650.997260021518,L4_1,253.0,,
264572.964560197,3842560.89643326,650.997260021518,L4_1,253.0,,
264572.964560197,3842560.89643326,650.997260021518,L4_1,253.0,,
264572.964560197,3842560.89643326,650.997260021518,L4_1,253.0,,
264572.964560197,3842560.89643326,650.997260021518,L4_1,253.0,,
264572.964560197,3842560.89643326,650.997260021518,L4_1,253.0,,
264572.964560197,3842560.89643326,650.997260021518,L4_1,253.0,,
264572.964560197,3842560.89643326,650.997260021518,L4_1,253.0,,
264572.964560197,3842560.89643326,650.997260021518,L4_1,253.0,,
264572.964560197,3842560.89643326,650.997260021518,L4_1,253.0,,
264572.964560197,3842560.89643326,650.997260021518,L4_1,253.0,,
264572.964560197,3842560.89643326,650.997260021518,L4_1,253.0,,
264572.964560197,3842560.89643326,650.997260021518,L4_1,253.0,,
264572.964560197,3842560.89643326,650.997260021518,L4_1,253.0,,
264572.964560197,3842560.89643326,650.997260021518,L4_1,253.0,,
264578.331701764,3842564.57315424,651.343117240432,L4_1,259.5,651.343117240432,21.2273325457291
264578.331701764,3842564.57315424,651.343117240432,L4_1,259.5,646.203549821565,17.4805618667569
264578.331701764,3842564.57315424,651.343117240432,L4_1,259.5,640.807004031754,9.76039429658467
264578.331701764,3842564.57315424,651.343117240432,L4_1,259.5,635.140630952453,4.40438658203063
264578.331701764,3842564.57315424,651.343117240432,L4_1,259.5,629.190939219187,2.24440590842722
264578.331701764,3842564.57315424,651.343117240432,L4_1,259.5,622.943762899257,1.61838459232072
264578.331701764,3842564.57315424,651.343117240432,L4_1,259.5,616.384227763331,1.6342650920461
264578.331701764,3842564.57315424,651.343117240432,L4_1,259.5,609.496715870608,1.95733299186989
264578.331701764,3842564.57315424,651.343117240432,L4_1,259.5,602.26482838325,2.44375297655337
264578.331701764,3842564.57315424,651.343117240432,L4_1,259.5,594.671346521523,3.02713000808758
264578.331701764,3842564.57315424,651.343117240432,L4_1,259.5,586.698190566711,3.68843897433908
264578.331701764,3842564.57315424,651.343117240432,L4_1,259.5,578.326376814157,4.43579965487119
264578.331701764,3842564.57315424,651.343117240432,L4_1,259.5,569.535972373976,5.28948910637142
264578.331701764,3842564.57315424,651.343117240432,L4_1,259.5,560.306047711786,6.2700747116254
264578.331701764,3842564.57315424,651.343117240432,L4_1,259.5,550.614626816486,7.38931642839339
264578.331701764,3842564.57315424,651.343117240432,L4_1,259.5,540.438634876422,8.64536591088524
264578.331701764,3842564.57315424,651.343117240432,L4_1,259.5,529.753843339354,10.0198526799828
264578.331701764,3842564.57315424,651.343117240432,L4_1,259.5,518.534812225433,11.4741278608435
264578.331701764,3842564.57315424,651.343117240432,L4_1,259.5,506.754829555815,12.9465642458864
264578.331701764,3842564.57315424,651.343117240432,L4_1,259.5,494.385847752717,14.3557677550865
264578.331701764,3842564.57315424,651.343117240432,L4_1,259.5,481.398416859464,15.6123515318825
264578.331701764,3842564.57315424,651.343117240432,L4_1,259.5,467.761614421548,16.6365515756074
264578.331701764,3842564.57315424,651.343117240432,L4_1,259.5,453.442971861737,17.3749716411631
264578.331701764,3842564.57315424,651.343117240432,L4_1,259.5,438.408397173935,17.8098984086338
264578.331701764,3842564.57315424,651.343117240432,L4_1,259.5,422.622093751742,17.9583448733402
264578.331701764,3842564.57315424,651.343117240432,L4_1,259.5,406.046475158441,17.8626151729499
264578.331701764,3842564.57315424,651.343117240432,L4_1,259.5,388.642075635474,17.5769674249094
264578.331701764,3842564.57315424,651.343117240432,L4_1,259.5,370.367456136358,17.1549249682582
264578.331701764,3842564.57315424,651.343117240432,L4_1,259.5,351.179105662287,16.6398707569503
264578.331701764,3842564.57315424,651.343117240432,L4_1,259.5,331.031337664513,16.0600486585646
264578.331701764,3842564.57315424,651.343117240432,L4_1,259.5,309.876181266849,15.4326051145807
264578.331701764,3842564.57315424,651.343117240432,L4_1,259.5,287.669414477938,14.7788296254602
264578.331701764,3842564.57315424,651.343117240432,L4_1,259.5,264.979217008397,14.1289045061324
264578.331701764,3842564.57315424,651.343117240432,L4_1,259.5,241.154509665379,13.5028406948142
264578.331701764,3842564.57315424,651.343117240432,L4_1,259.5,216.13856695521,12.8984112149233
264578.331701764,3842564.57315424,651.343117240432,L4_1,259.5,189.871827109532,12.3052758116578
264578.331701764,3842564.57315424,651.343117240432,L4_1,259.5,162.291750271571,11.7196297797793
264578.331701764,3842564.57315424,651.343117240432,L4_1,259.5,133.332669591712,11.1444927169352
264578.331701764,3842564.57315424,651.343117240432,L4_1,259.5,102.925634877859,10.5860980383047
264578.331701764,3842564.57315424,651.343117240432,L4_1,259.5,70.9982484283146,10.0516780820376
264578.331701764,3842564.57315424,651.343117240432,L4_1,259.5,,
264578.331701764,3842564.57315424,651.343117240432,L4_1,259.5,,
264578.331701764,3842564.57315424,651.343117240432,L4_1,259.5,,
264578.331701764,3842564.57315424,651.343117240432,L4_1,259.5,,
264578.331701764,3842564.57315424,651.343117240432,L4_1,259.5,,
264578.331701764,3842564.57315424,651.343117240432,L4_1,259.5,,
264578.331701764,3842564.57315424,651.343117240432,L4_1,259.5,,
264578.331701764,3842564.57315424,651.343117240432,L4_1,259.5,,
264578.331701764,3842564.57315424,651.343117240432,L4_1,259.5,,
264578.331701764,3842564.57315424,651.343117240432,L4_1,259.5,,
264578.331701764,3842564.57315424,651.343117240432,L4_1,259.5,,
264578.331701764,3842564.57315424,651.343117240432,L4_1,259.5,,
264578.331701764,3842564.57315424,651.343117240432,L4_1,259.5,,
264578.331701764,3842564.57315424,651.343117240432,L4_1,259.5,,
264578.331701764,3842564.57315424,651.343117240432,L4_1,259.5,,
264578.331701764,3842564.57315424,651.343117240432,L4_1,259.5,,
264578.331701764,3842564.57315424,651.343117240432,L4_1,259.5,,
264578.331701764,3842564.57315424,651.343117240432,L4_1,259.5,,
264578.331701764,3842564.57315424,651.343117240432,L4_1,259.5,,
264578.331701764,3842564.57315424,651.343117240432,L4_1,259.5,,
264578.331701764,3842564.57315424,651.343117240432,L4_1,259.5,,
264583.285986288,3842567.96705053,651.661882787048,L4_1,265.5,651.661882787048,24.9729987910903
264583.285986288,3842567.96705053,651.661882787048,L4_1,265.5,646.517807729247,20.3585651794168
264583.285986288,3842567.96705053,651.661882787048,L4_1,265.5,641.116528918556,10.6341058197494
264583.285986288,3842567.96705053,651.661882787048,L4_1,265.5,635.44518616733,4.3637538355852
264583.285986288,3842567.96705053,651.661882787048,L4_1,265.5,629.490276278543,2.16220151368885
264583.285986288,3842567.96705053,651.661882787048,L4_1,265.5,623.237620895316,1.63363332573989
264583.285986288,3842567.96705053,651.661882787048,L4_1,265.5,616.672332742929,1.75227855328282
264583.285986288,3842567.96705053,651.661882787048,L4_1,265.5,609.778780182922,2.16052814890226
264583.285986288,3842567.96705053,651.661882787048,L4_1,265.5,602.540549994914,2.69436216816177
264583.285986288,3842567.96705053,651.661882787048,L4_1,265.5,594.940408297506,3.28327560857302
264583.285986288,3842567.96705053,651.661882787048,L4_1,265.5,586.960259515228,3.91924255434449
264583.285986288,3842567.96705053,651.661882787048,L4_1,265.5,578.581103293836,4.62531593307161
264583.285986288,3842567.96705053,651.661882787048,L4_1,265.5,569.782989261374,5.43369517608242
264583.285986288,3842567.96705053,651.661882787048,L4_1,265.5,560.54496952729,6.37143782292674
264583.285986288,3842567.96705053,651.661882787048,L4_1,265.5,550.845048806501,7.4517668579839
264583.285986288,3842567.96705053,651.661882787048,L4_1,265.5,540.660132049672,8.67135641759984
264583.285986288,3842567.96705053,651.661882787048,L4_1,265.5,529.965969455002,10.0097924401913
264583.285986288,3842567.96705053,651.661882787048,L4_1,265.5,518.737098730599,11.4275269949028
264583.285986288,3842567.96705053,651.661882787048,L4_1,265.5,506.946784469975,12.8639431175611
264583.285986288,3842567.96705053,651.661882787048,L4_1,265.5,494.56695449632,14.240407214041
264583.285986288,3842567.96705053,651.661882787048,L4_1,265.5,481.568133023983,15.4711273877096
264583.285986288,3842567.96705053,651.661882787048,L4_1,265.5,467.919370478028,16.4794902540569
264583.285986288,3842567.96705053,651.661882787048,L4_1,265.5,453.588169804776,17.2137110743615
264583.285986288,3842567.96705053,651.661882787048,L4_1,265.5,438.540409097862,17.6556842875091
264583.285986288,3842567.96705053,651.661882787048,L4_1,265.5,422.740260355601,17.8203000862786
264583.285986288,3842567.96705053,651.661882787048,L4_1,265.5,406.150104176228,17.7467587151686
264583.285986288,3842567.96705053,651.661882787048,L4_1,265.5,388.730440187886,17.4860609504452
264583.285986288,3842567.96705053,651.661882787048,L4_1,265.5,370.439793000126,17.0889110969956
264583.285986288,3842567.96705053,651.661882787048,L4_1,265.5,351.234613452979,16.5965595996947
264583.285986288,3842567.96705053,651.661882787048,L4_1,265.5,331.069174928475,16.0357852448011
264583.285986288,3842567.96705053,651.661882787048,L4_1,265.5,309.895464477745,15.4229138051274
264583.285986288,3842567.96705053,651.661882787048,L4_1,265.5,287.669414477938,14.7792961030514
264583.285986288,3842567.96705053,651.661882787048,L4_1,265.5,264.979217008397,14.1362275843694
264583.285986288,3842567.96705053,651.661882787048,L4_1,265.5,241.154509665379,13.5148643082256
264583.285986288,3842567.96705053,651.661882787048,L4_1,265.5,216.13856695521,12.9133701142577
264583.285986288,3842567.96705053,651.661882787048,L4_1,265.5,189.871827109532,12.3215432288339
264583.285986288,3842567.96705053,651.661882787048,L4_1,265.5,162.291750271571,11.7358464617795
264583.285986288,3842567.96705053,651.661882787048,L4_1,265.5,133.332669591712,11.1596742240212
264583.285986288,3842567.96705053,651.661882787048,L4_1,265.5,102.925634877859,10.5996301823373
264583.285986288,3842567.96705053,651.661882787048,L4_1,265.5,70.9982484283146,10.0632564332777
264583.285986288,3842567.96705053,651.661882787048,L4_1,265.5,,
264583.285986288,3842567.96705053,651.661882787048,L4_1,265.5,,
264583.285986288,3842567.96705053,651.661882787048,L4_1,265.5,,
264583.285986288,3842567.96705053,651.661882787048,L4_1,265.5,,
264583.285986288,3842567.96705053,651.661882787048,L4_1,265.5,,
264583.285986288,3842567.96705053,651.661882787048,L4_1,265.5,,
264583.285986288,3842567.96705053,651.661882787048,L4_1,265.5,,
264583.285986288,3842567.96705053,651.661882787048,L4_1,265.5,,
264583.285986288,3842567.96705053,651.661882787048,L4_1,265.5,,
264583.285986288,3842567.96705053,651.661882787048,L4_1,265.5,,
264583.285986288,3842567.96705053,651.661882787048,L4_1,265.5,,
264583.285986288,3842567.96705053,651.661882787048,L4_1,265.5,,
264583.285986288,3842567.96705053,651.661882787048,L4_1,265.5,,
264583.285986288,3842567.96705053,651.661882787048,L4_1,265.5,,
264583.285986288,3842567.96705053,651.661882787048,L4_1,265.5,,
264583.285986288,3842567.96705053,651.661882787048,L4_1,265.5,,
264583.285986288,3842567.96705053,651.661882787048,L4_1,265.5,,
264583.285986288,3842567.96705053,651.661882787048,L4_1,265.5,,
264583.285986288,3842567.96705053,651.661882787048,L4_1,265.5,,
264583.285986288,3842567.96705053,651.661882787048,L4_1,265.5,,
264583.285986288,3842567.96705053,651.661882787048,L4_1,265.5,,
264588.653127855,3842571.64377151,651.953553386419,L4_1,272.0,651.953553386419,25.5150130860202
264588.653127855,3842571.64377151,651.953553386419,L4_1,272.0,646.805353837237,21.4993332181213
264588.653127855,3842571.64377151,651.953553386419,L4_1,272.0,641.399744310596,11.3259368168442
264588.653127855,3842571.64377151,651.953553386419,L4_1,272.0,635.723854307623,4.42279647068082
264588.653127855,3842571.64377151,651.953553386419,L4_1,272.0,629.764169804501,2.14372042509264
264588.653127855,3842571.64377151,651.953553386419,L4_1,272.0,623.506501076223,1.6589945677167
264588.653127855,3842571.64377151,651.953553386419,L4_1,272.0,616.935948911531,1.84541134489514
264588.653127855,3842571.64377151,651.953553386419,L4_1,272.0,610.036869138604,2.31973927338676
264588.653127855,3842571.64377151,651.953553386419,L4_1,272.0,602.792835377031,2.89339271764884
264588.653127855,3842571.64377151,651.953553386419,L4_1,272.0,595.18659992738,3.48860769671138
264588.653127855,3842571.64377151,651.953553386419,L4_1,272.0,587.200052705246,4.10624371173293
264588.653127855,3842571.64377151,651.953553386419,L4_1,272.0,578.814178122005,4.78215957713921
264588.653127855,3842571.64377151,651.953553386419,L4_1,272.0,570.009009809602,5.5582107586269
264588.653127855,3842571.64377151,651.953553386419,L4_1,272.0,560.763583081579,6.4659155484161
264588.653127855,3842571.64377151,651.953553386419,L4_1,272.0,551.055885017155,7.51857136495544
264588.653127855,3842571.64377151,651.953553386419,L4_1,272.0,540.86280204951,8.71070232025031
264588.653127855,3842571.64377151,651.953553386419,L4_1,272.0,530.160064933482,10.0196813061497
264588.653127855,3842571.64377151,651.953553386419,L4_1,272.0,518.922190961654,11.4051312326374
264588.653127855,3842571.64377151,651.953553386419,L4_1,272.0,507.122423291233,12.8075732344079
264588.653127855,3842571.64377151,651.953553386419,L4_1,272.0,494.732667237292,14.1512904798499
264588.653127855,3842571.64377151,651.953553386419,L4_1,272.0,481.723423380653,15.3543323402676
264588.653127855,3842571.64377151,651.953553386419,L4_1,272.0,468.063717331183,16.3436288989541
264588.653127855,3842571.64377151,651.953553386419,L4_1,272.0,453.721025979239,17.0695374526803
264588.653127855,3842571.64377151,651.953553386419,L4_1,272.0,438.661200059698,17.5141423249319
264588.653127855,3842571.64377151,651.953553386419,L4_1,272.0,422.84838284418,17.6907276661764
264588.653127855,3842571.64377151,651.953553386419,L4_1,272.0,406.244924767886,17.6357534232189
264588.653127855,3842571.64377151,651.953553386419,L4_1,272.0,388.811293787777,17.3971389291142
264588.653127855,3842571.64377151,651.953553386419,L4_1,272.0,370.505981258663,17.0227891027488
264588.653127855,3842571.64377151,651.953553386419,L4_1,272.0,351.285403103093,16.5517429662531
264588.653127855,3842571.64377151,651.953553386419,L4_1,272.0,331.103796039744,16.0091902380479
264588.653127855,3842571.64377151,651.953553386419,L4_1,272.0,309.913108623229,15.4105061381221
264588.653127855,3842571.64377151,651.953553386419,L4_1,272.0,287.669414477938,14.7769596401614
264588.653127855,3842571.64377151,651.953553386419,L4_1,272.0,264.979217008397,14.1408314961437
264588.653127855,3842571.64377151,651.953553386419,L4_1,272.0,241.154509665379,13.524337297207
264588.653127855,3842571.64377151,651.953553386419,L4_1,272.0,216.13856695521,12.9259858915295
264588.653127855,3842571.64377151,651.953553386419,L4_1,272.0,189.871827109532,12.3356989533471
264588.653127855,3842571.64377151,651.953553386419,L4_1,272.0,162.291750271571,11.7501973540091
264588.653127855,3842571.64377151,651.953553386419,L4_1,272.0,133.332669591712,11.1732382316507
264588.653127855,3842571.64377151,651.953553386419,L4_1,272.0,102.925634877859,10.6117851478266
264588.653127855,3842571.64377151,651.953553386419,L4_1,272.0,70.9982484283146,10.0736830492086
264588.653127855,3842571.64377151,651.953553386419,L4_1,272.0,,
264588.653127855,3842571.64377151,651.953553386419,L4_1,272.0,,
264588.653127855,3842571.64377151,651.953553386419,L4_1,272.0,,
264588.653127855,3842571.64377151,651.953553386419,L4_1,272.0,,
264588.653127855,3842571.64377151,651.953553386419,L4_1,272.0,,
264588.653127855,3842571.64377151,651.953553386419,L4_1,272.0,,
264588.653127855,3842571.64377151,651.953553386419,L4_1,272.0,,
264588.653127855,3842571.64377151,651.953553386419,L4_1,272.0,,
264588.653127855,3842571.64377151,651.953553386419,L4_1,272.0,,
264588.653127855,3842571.64377151,651.953553386419,L4_1,272.0,,
264588.653127855,3842571.64377151,651.953553386419,L4_1,272.0,,
264588.653127855,3842571.64377151,651.953553386419,L4_1,272.0,,
264588.653127855,3842571.64377151,651.953553386419,L4_1,272.0,,
264588.653127855,3842571.64377151,651.953553386419,L4_1,272.0,,
264588.653127855,3842571.64377151,651.953553386419,L4_1,272.0,,
264588.653127855,3842571.64377151,651.953553386419,L4_1,272.0,,
264588.653127855,3842571.64377151,651.953553386419,L4_1,272.0,,
264588.653127855,3842571.64377151,651.953553386419,L4_1,272.0,,
264588.653127855,3842571.64377151,651.953553386419,L4_1,272.0,,
264588.653127855,3842571.64377151,651.953553386419,L4_1,272.0,,
264588.653127855,3842571.64377151,651.953553386419,L4_1,272.0,,
264593.607128683,3842575.03771457,652.24522398579,L4_1,278.0,652.24522398579,28.1820296967902
264593.607128683,3842575.03771457,652.24522398579,L4_1,278.0,647.092899945227,23.3342630155483
264593.607128683,3842575.03771457,652.24522398579,L4_1,278.0,641.682959702636,11.8326084167098
264593.607128683,3842575.03771457,652.24522398579,L4_1,278.0,636.002522447915,4.46513043355832
264593.607128683,3842575.03771457,652.24522398579,L4_1,278.0,630.038063330458,2.14096739734877
264593.607128683,3842575.03771457,652.24522398579,L4_1,278.0,623.775381257129,1.68106283724762
264593.607128683,3842575.03771457,652.24522398579,L4_1,278.0,617.199565080133,1.90671530489931
264593.607128683,3842575.03771457,652.24522398579,L4_1,278.0,610.294958094287,2.41897541772324
264593.607128683,3842575.03771457,652.24522398579,L4_1,278.0,603.045120759149,3.01421441311387
264593.607128683,3842575.03771457,652.24522398579,L4_1,278.0,595.432791557253,3.61162310347887
264593.607128683,3842575.03771457,652.24522398579,L4_1,278.0,587.439845895263,4.21858907846948
264593.607128683,3842575.03771457,652.24522398579,L4_1,278.0,579.047252950174,4.87884360547715
264593.607128683,3842575.03771457,652.24522398579,L4_1,278.0,570.23503035783,5.63943710789467
264593.607128683,3842575.03771457,652.24522398579,L4_1,278.0,560.982196635869,6.53340409858939
264593.607128683,3842575.03771457,652.24522398579,L4_1,278.0,551.26672122781,7.57260541878085
264593.607128683,3842575.03771457,652.24522398579,L4_1,278.0,541.065472049348,8.74885564914227
264593.607128683,3842575.03771457,652.24522398579,L4_1,278.0,530.354160411963,10.0372485248356
264593.607128683,3842575.03771457,652.24522398579,L4_1,278.0,519.107283192708,11.3967025160928
264593.607128683,3842575.03771457,652.24522398579,L4_1,278.0,507.298062112491,12.7690485997976
264593.607128683,3842575.03771457,652.24522398579,L4_1,278.0,494.898379978263,14.0816771881467
264593.607128683,3842575.03771457,652.24522398579,L4_1,278.0,481.878713737324,15.2567381121358
264593.607128683,3842575.03771457,652.24522398579,L4_1,278.0,468.208064184337,16.2250857529931
264593.607128683,3842575.03771457,652.24522398579,L4_1,278.0,453.853882153702,16.9397209354618
264593.607128683,3842575.03771457,652.24522398579,L4_1,278.0,438.781991021534,17.3834697522781
264593.607128683,3842575.03771457,652.24522398579,L4_1,278.0,422.956505332758,17.5685160357043
264593.607128683,3842575.03771457,652.24522398579,L4_1,278.0,406.339745359544,17.5289563087733
264593.607128683,3842575.03771457,652.24522398579,L4_1,278.0,388.892147387668,17.309843740159
264593.607128683,3842575.03771457,652.24522398579,L4_1,278.0,370.572169517199,16.9563534012527
264593.607128683,3842575.03771457,652.24522398579,L4_1,278.0,351.336192753206,16.5052837565337
264593.607128683,3842575.03771457,652.24522398579,L4_1,278.0,331.138417151014,15.9801614295075
264593.607128683,3842575.03771457,652.24522398579,L4_1,278.0,309.930752768712,15.3953073224514
264593.607128683,3842575.03771457,652.24522398579,L4_1,278.0,287.669414477938,14.7717750853452
264593.607128683,3842575.03771457,652.24522398579,L4_1,278.0,264.979217008397,14.1426979262124
264593.607128683,3842575.03771457,652.24522398579,L4_1,278.0,241.154509665379,13.5312501977807
264593.607128683,3842575.03771457,652.24522398579,L4_1,278.0,216.13856695521,12.9362441891528
264593.607128683,3842575.03771457,652.24522398579,L4_1,278.0,189.871827109532,12.3477223977888
264593.607128683,3842575.03771457,652.24522398579,L4_1,278.0,162.291750271571,11.762657015382
264593.607128683,3842575.03771457,652.24522398579,L4_1,278.0,133.332669591712,11.1851576102403
264593.607128683,3842575.03771457,652.24522398579,L4_1,278.0,102.925634877859,10.622537044802
264593.607128683,3842575.03771457,652.24522398579,L4_1,278.0,70.9982484283146,10.0829352700645
264593.607128683,3842575.03771457,652.24522398579,L4_1,278.0,,
264593.607128683,3842575.03771457,652.24522398579,L4_1,278.0,,
264593.607128683,3842575.03771457,652.24522398579,L4_1,278.0,,
264593.607128683,3842575.03771457,652.24522398579,L4_1,278.0,,
264593.607128683,3842575.03771457,652.24522398579,L4_1,278.0,,
264593.607128683,3842575.03771457,652.24522398579,L4_1,278.0,,
264593.607128683,3842575.03771457,652.24522398579,L4_1,278.0,,
264593.607128683,3842575.03771457,652.24522398579,L4_1,278.0,,
264593.607128683,3842575.03771457,652.24522398579,L4_1,278.0,,
264593.607128683,3842575.03771457,652.24522398579,L4_1,278.0,,
264593.607128683,3842575.03771457,652.24522398579,L4_1,278.0,,
264593.607128683,3842575.03771457,652.24522398579,L4_1,278.0,,
264593.607128683,3842575.03771457,652.24522398579,L4_1,278.0,,
264593.607128683,3842575.03771457,652.24522398579,L4_1,278.0,,
264593.607128683,3842575.03771457,652.24522398579,L4_1,278.0,,
264593.607128683,3842575.03771457,652.24522398579,L4_1,278.0,,
264593.607128683,3842575.03771457,652.24522398579,L4_1,278.0,,
264593.607128683,3842575.03771457,652.24522398579,L4_1,278.0,,
264593.607128683,3842575.03771457,652.24522398579,L4_1,278.0,,
264593.607128683,3842575.03771457,652.24522398579,L4_1,278.0,,
264593.607128683,3842575.03771457,652.24522398579,L4_1,278.0,,
264598.973655578,3842578.71453688,652.536894585162,L4_1,284.5,652.536894585162,34.2037569594231
264598.973655578,3842578.71453688,652.536894585162,L4_1,284.5,647.380446053218,26.4351200387807
264598.973655578,3842578.71453688,652.536894585162,L4_1,284.5,641.966175094676,12.2401093145179
264598.973655578,3842578.71453688,652.536894585162,L4_1,284.5,636.281190588208,4.50118490716997
264598.973655578,3842578.71453688,652.536894585162,L4_1,284.5,630.311956856416,2.15702890649549
264598.973655578,3842578.71453688,652.536894585162,L4_1,284.5,624.044261438035,1.70540543269771
264598.973655578,3842578.71453688,652.536894585162,L4_1,284.5,617.463181248735,1.94340093059717
264598.973655578,3842578.71453688,652.536894585162,L4_1,284.5,610.553047049969,2.46529424480836
264598.973655578,3842578.71453688,652.536894585162,L4_1,284.5,603.297406141266,3.06298623917682
264598.973655578,3842578.71453688,652.536894585162,L4_1,284.5,595.678983187127,3.65718644143037
264598.973655578,3842578.71453688,652.536894585162,L4_1,284.5,587.679639085281,4.25962237295136
264598.973655578,3842578.71453688,652.536894585162,L4_1,284.5,579.280327778343,4.91733994752472
264598.973655578,3842578.71453688,652.536894585162,L4_1,284.5,570.461050906058,5.67836070687506
264598.973655578,3842578.71453688,652.536894585162,L4_1,284.5,561.200810190159,6.57429263036746
264598.973655578,3842578.71453688,652.536894585162,L4_1,284.5,551.477557438465,7.61394312689156
264598.973655578,3842578.71453688,652.536894585162,L4_1,284.5,541.268142049186,8.7857438520672
264598.973655578,3842578.71453688,652.536894585162,L4_1,284.5,530.548255890443,10.0623587971933
264598.973655578,3842578.71453688,652.536894585162,L4_1,284.5,519.292375423763,11.4020777035683
264598.973655578,3842578.71453688,652.536894585162,L4_1,284.5,507.473700933749,12.7481932479318
264598.973655578,3842578.71453688,652.536894585162,L4_1,284.5,495.064092719235,14.0313911757664
264598.973655578,3842578.71453688,652.536894585162,L4_1,284.5,482.034004093994,15.1781841676844
264598.973655578,3842578.71453688,652.536894585162,L4_1,284.5,468.352411037492,16.1237324739752
264598.973655578,3842578.71453688,652.536894585162,L4_1,284.5,453.986738328164,16.8241769186885
264598.973655578,3842578.71453688,652.536894585162,L4_1,284.5,438.90278198337,17.2636282993524
264598.973655578,3842578.71453688,652.536894585162,L4_1,284.5,423.064627821337,17.4536668415021
264598.973655578,3842578.71453688,652.536894585162,L4_1,284.5,406.434565951201,17.4263969092931
264598.973655578,3842578.71453688,652.536894585162,L4_1,284.5,388.973000987559,17.2242195610305
264598.973655578,3842578.71453688,652.536894585162,L4_1,284.5,370.638357775735,16.8896515554471
264598.973655578,3842578.71453688,652.536894585162,L4_1,284.5,351.38698240332,16.4572253002284
264598.973655578,3842578.71453688,652.536894585162,L4_1,284.5,331.173038262284,15.9487339235954
264598.973655578,3842578.71453688,652.536894585162,L4_1,284.5,309.948396914196,15.3773431982062
264598.973655578,3842578.71453688,652.536894585162,L4_1,284.5,287.669414477938,14.7637599637716
264598.973655578,3842578.71453688,652.536894585162,L4_1,284.5,264.979217008397,14.1418378955012
264598.973655578,3842578.71453688,652.536894585162,L4_1,284.5,241.154509665379,13.5356093434451
264598.973655578,3842578.71453688,652.536894585162,L4_1,284.5,216.13856695521,12.9441480952471
264598.973655578,3842578.71453688,652.536894585162,L4_1,284.5,189.871827109532,12.3576145469254
264598.973655578,3842578.71453688,652.536894585162,L4_1,284.5,162.291750271571,11.7732251635496
264598.973655578,3842578.71453688,652.536894585162,L4_1,284.5,133.332669591712,11.1954314374037
264598.973655578,3842578.71453688,652.536894585162,L4_1,284.5,102.925634877859,10.6318847340372
264598.973655578,3842578.71453688,652.536894585162,L4_1,284.5,70.9982484283146,10.0910119704663
264598.973655578,3842578.71453688,652.536894585162,L4_1,284.5,,
264598.973655578,3842578.71453688,652.536894585162,L4_1,284.5,,
264598.973655578,3842578.71453688,652.536894585162,L4_1,284.5,,
264598.973655578,3842578.71453688,652.536894585162,L4_1,284.5,,
264598.973655578,3842578.71453688,652.536894585162,L4_1,284.5,,
264598.973655578,3842578.71453688,652.536894585162,L4_1,284.5,,
264598.973655578,3842578.71453688,652.536894585162,L4_1,284.5,,
264598.973655578,3842578.71453688,652.536894585162,L4_1,284.5,,
264598.973655578,3842578.71453688,652.536894585162,L4_1,284.5,,
264598.973655578,3842578.71453688,652.536894585162,L4_1,284.5,,
264598.973655578,3842578.71453688,652.536894585162,L4_1,284.5,,
264598.973655578,3842578.71453688,652.536894585162,L4_1,284.5,,
264598.973655578,3842578.71453688,652.536894585162,L4_1,284.5,,
264598.973655578,3842578.71453688,652.536894585162,L4_1,284.5,,
264598.973655578,3842578.71453688,652.536894585162,L4_1,284.5,,
264598.973655578,3842578.71453688,652.536894585162,L4_1,284.5,,
264598.973655578,3842578.71453688,652.536894585162,L4_1,284.5,,
264598.973655578,3842578.71453688,652.536894585162,L4_1,284.5,,
264598.973655578,3842578.71453688,652.536894585162,L4_1,284.5,,
264598.973655578,3842578.71453688,652.536894585162,L4_1,284.5,,
264598.973655578,3842578.71453688,652.536894585162,L4_1,284.5,,
264603.927372711,3842582.10852671,652.773487236108,L4_1,290.5,652.773487236108,33.1470295299336
264603.927372711,3842582.10852671,652.773487236108,L4_1,290.5,647.61369306579,25.7531526888679
264603.927372711,3842582.10852671,652.773487236108,L4_1,290.5,642.195909186957,12.0757655660714
264603.927372711,3842582.10852671,652.773487236108,L4_1,290.5,636.507236114182,4.50048848432684
264603.927372711,3842582.10852671,652.773487236108,L4_1,290.5,630.534129387768,2.17790147798846
264603.927372711,3842582.10852671,652.773487236108,L4_1,290.5,624.262367325034,1.72831651090967
264603.927372711,3842582.10852671,652.773487236108,L4_1,290.5,617.677017159163,1.96435180416199
264603.927372711,3842582.10852671,652.773487236108,L4_1,290.5,610.762399484999,2.47805939075033
264603.927372711,3842582.10852671,652.773487236108,L4_1,290.5,603.502050927126,3.0628854286343
264603.927372711,3842582.10852671,652.773487236108,L4_1,290.5,595.878684941359,3.64595356575141
264603.927372711,3842582.10852671,652.773487236108,L4_1,290.5,587.874150656305,4.24420399957794
264603.927372711,3842582.10852671,652.773487236108,L4_1,290.5,579.469389656997,4.90604266269121
264603.927372711,3842582.10852671,652.773487236108,L4_1,290.5,570.644390607724,5.67768993060654
264603.927372711,3842582.10852671,652.773487236108,L4_1,290.5,561.378141605988,6.58699388713905
264603.927372711,3842582.10852671,652.773487236108,L4_1,290.5,551.648580154164,7.63816399674919
264603.927372711,3842582.10852671,652.773487236108,L4_1,290.5,541.43254062975,8.81534981026936
264603.927372711,3842582.10852671,652.773487236108,L4_1,290.5,530.705699129115,10.0883147602377
264603.927372711,3842582.10852671,652.773487236108,L4_1,290.5,519.442515553448,11.4145109262067
264603.927372711,3842582.10852671,652.773487236108,L4_1,290.5,507.616172798997,12.7386390917419
264603.927372711,3842582.10852671,652.773487236108,L4_1,290.5,495.198512906824,13.9947370124258
264603.927372711,3842582.10852671,652.773487236108,L4_1,290.5,482.159970020043,15.1138441228235
264603.927372711,3842582.10852671,652.773487236108,L4_1,290.5,468.469499988922,16.0357094826792
264603.927372711,3842582.10852671,652.773487236108,L4_1,290.5,454.094506456246,16.7200061323658
264603.927372711,3842582.10852671,652.773487236108,L4_1,290.5,439.000763246935,17.1525851771584
264603.927372711,3842582.10852671,652.773487236108,L4_1,290.5,423.152332877159,17.3448545896256
264603.927372711,3842582.10852671,652.773487236108,L4_1,290.5,406.511480988895,17.3272729755232
264603.927372711,3842582.10852671,652.773487236108,L4_1,290.5,389.038586506217,17.1398156039133
264603.927372711,3842582.10852671,652.773487236108,L4_1,290.5,370.692047299405,16.8224453024237
264603.927372711,3842582.10852671,652.773487236108,L4_1,290.5,351.428181132252,16.4074453277855
264603.927372711,3842582.10852671,652.773487236108,L4_1,290.5,331.201121656742,15.9148373854119
264603.927372711,3842582.10852671,652.773487236108,L4_1,290.5,309.962709207456,15.3565702105116
264603.927372711,3842582.10852671,652.773487236108,L4_1,290.5,287.669414477938,14.7528945964197
264603.927372711,3842582.10852671,652.773487236108,L4_1,290.5,264.979217008397,14.1382457932908
264603.927372711,3842582.10852671,652.773487236108,L4_1,290.5,241.154509665379,13.5374117215335
264603.927372711,3842582.10852671,652.773487236108,L4_1,290.5,216.13856695521,12.9496890890177
264603.927372711,3842582.10852671,652.773487236108,L4_1,290.5,189.871827109532,12.3653591927597
264603.927372711,3842582.10852671,652.773487236108,L4_1,290.5,162.291750271571,11.7818814374015
264603.927372711,3842582.10852671,652.773487236108,L4_1,290.5,133.332669591712,11.2040381219325
264603.927372711,3842582.10852671,652.773487236108,L4_1,290.5,102.925634877859,10.6398078296216
264603.927372711,3842582.10852671,652.773487236108,L4_1,290.5,70.9982484283146,10.0978950153738
264603.927372711,3842582.10852671,652.773487236108,L4_1,290.5,,
264603.927372711,3842582.10852671,652.773487236108,L4_1,290.5,,
264603.927372711,3842582.10852671,652.773487236108,L4_1,290.5,,
264603.927372711,3842582.10852671,652.773487236108,L4_1,290.5,,
264603.927372711,3842582.10852671,652.773487236108,L4_1,290.5,,
264603.927372711,3842582.10852671,652.773487236108,L4_1,290.5,,
264603.927372711,3842582.10852671,652.773487236108,L4_1,290.5,,
264603.927372711,3842582.10852671,652.773487236108,L4_1,290.5,,
264603.927372711,3842582.10852671,652.773487236108,L4_1,290.5,,
264603.927372711,3842582.10852671,652.773487236108,L4_1,290.5,,
264603.927372711,3842582.10852671,652.773487236108,L4_1,290.5,,
264603.927372711,3842582.10852671,652.773487236108,L4_1,290.5,,
264603.927372711,3842582.10852671,652.773487236108,L4_1,290.5,,
264603.927372711,3842582.10852671,652.773487236108,L4_1,290.5,,
264603.927372711,3842582.10852671,652.773487236108,L4_1,290.5,,
264603.927372711,3842582.10852671,652.773487236108,L4_1,290.5,,
264603.927372711,3842582.10852671,652.773487236108,L4_1,290.5,,
264603.927372711,3842582.10852671,652.773487236108,L4_1,290.5,,
264603.927372711,3842582.10852671,652.773487236108,L4_1,290.5,,
264603.927372711,3842582.10852671,652.773487236108,L4_1,290.5,,
264603.927372711,3842582.10852671,652.773487236108,L4_1,290.5,,
264609.293899605,3842585.78534903,652.955001935612,L4_1,297.0,652.955001935612,25.7327744834315
264609.293899605,3842585.78534903,652.955001935612,L4_1,297.0,647.792640979971,21.6984704446792
264609.293899605,3842585.78534903,652.955001935612,L4_1,297.0,642.372161976549,11.4731807555303
264609.293899605,3842585.78534903,652.955001935612,L4_1,297.0,636.680659022956,4.50925766028793
264609.293899605,3842585.78534903,652.955001935612,L4_1,297.0,630.704580921682,2.22130032554446
264609.293899605,3842585.78534903,652.955001935612,L4_1,297.0,624.429698915346,1.76010611737024
264609.293899605,3842585.78534903,652.955001935612,L4_1,297.0,617.841072808692,1.9792616492522
264609.293899605,3842585.78534903,652.955001935612,L4_1,297.0,610.923015396705,2.46829381217234
264609.293899605,3842585.78534903,652.955001935612,L4_1,297.0,603.65905511412,3.0256074787388
264609.293899605,3842585.78534903,652.955001935612,L4_1,297.0,596.031896817405,3.5885619824541
264609.293899605,3842585.78534903,652.955001935612,L4_1,297.0,588.023380605854,4.18070011892028
264609.293899605,3842585.78534903,652.955001935612,L4_1,297.0,579.614438583726,4.85082355316391
264609.293899605,3842585.78534903,652.955001935612,L4_1,297.0,570.785049460491,5.64121399697979
264609.293899605,3842585.78534903,652.955001935612,L4_1,297.0,561.514190881095,6.57381159018525
264609.293899605,3842585.78534903,652.955001935612,L4_1,297.0,551.779789372728,7.64661377235937
264609.293899605,3842585.78534903,652.955001935612,L4_1,297.0,541.558667788944,8.83843828799369
264609.293899605,3842585.78534903,652.955001935612,L4_1,297.0,530.82649012597,10.1155361346818
264609.293899605,3842585.78534903,652.955001935612,L4_1,297.0,519.557703579848,11.4342126781809
264609.293899605,3842585.78534903,652.955001935612,L4_1,297.0,507.725477706419,12.7404649692271
264609.293899605,3842585.78534903,652.955001935612,L4_1,297.0,495.301640539319,13.9717115172552
264609.293899605,3842585.78534903,652.955001935612,L4_1,297.0,482.256611513864,15.0636707718827
264609.293899605,3842585.78534903,652.955001935612,L4_1,297.0,468.559331037136,15.9609567211955
264609.293899605,3842585.78534903,652.955001935612,L4_1,297.0,454.177186536572,16.6271587586393
264609.293899605,3842585.78534903,652.955001935612,L4_1,297.0,439.07593481098,17.0503137401044
264609.293899605,3842585.78534903,652.955001935612,L4_1,297.0,423.219620499108,17.2420787620651
264609.293899605,3842585.78534903,652.955001935612,L4_1,297.0,406.570490471642,17.2316054795175
264609.293899605,3842585.78534903,652.955001935612,L4_1,297.0,389.088903942803,17.0566659529156
264609.293899605,3842585.78534903,652.955001935612,L4_1,297.0,370.733238087523,16.7547732466099
264609.293899605,3842585.78534903,652.955001935612,L4_1,297.0,351.459788939478,16.3559803254272
264609.293899605,3842585.78534903,652.955001935612,L4_1,297.0,331.222667334031,15.8785022508316
264609.293899605,3842585.78534903,652.955001935612,L4_1,297.0,309.973689648311,15.3330113206327
264609.293899605,3842585.78534903,652.955001935612,L4_1,297.0,287.669414477938,14.7391949715777
264609.293899605,3842585.78534903,652.955001935612,L4_1,297.0,264.979217008397,14.1319319726911
264609.293899605,3842585.78534903,652.955001935612,L4_1,297.0,241.154509665379,13.5366634477532
264609.293899605,3842585.78534903,652.955001935612,L4_1,297.0,216.13856695521,12.9528702619032
264609.293899605,3842585.78534903,652.955001935612,L4_1,297.0,189.871827109532,12.3709573934571
264609.293899605,3842585.78534903,652.955001935612,L4_1,297.0,162.291750271571,11.7886256776678
264609.293899605,3842585.78534903,652.955001935612,L4_1,297.0,133.332669591712,11.2109768760657
264609.293899605,3842585.78534903,652.955001935612,L4_1,297.0,102.925634877859,10.6463052842458
264609.293899605,3842585.78534903,652.955001935612,L4_1,297.0,70.9982484283146,10.1035833478493
264609.293899605,3842585.78534903,652.955001935612,L4_1,297.0,,
264609.293899605,3842585.78534903,652.955001935612,L4_1,297.0,,
264609.293899605,3842585.78534903,652.955001935612,L4_1,297.0,,
264609.293899605,3842585.78534903,652.955001935612,L4_1,297.0,,
264609.293899605,3842585.78534903,652.955001935612,L4_1,297.0,,
264609.293899605,3842585.78534903,652.955001935612,L4_1,297.0,,
264609.293899605,3842585.78534903,652.955001935612,L4_1,297.0,,
264609.293899605,3842585.78534903,652.955001935612,L4_1,297.0,,
264609.293899605,3842585.78534903,652.955001935612,L4_1,297.0,,
264609.293899605,3842585.78534903,652.955001935612,L4_1,297.0,,
264609.293899605,3842585.78534903,652.955001935612,L4_1,297.0,,
264609.293899605,3842585.78534903,652.955001935612,L4_1,297.0,,
264609.293899605,3842585.78534903,652.955001935612,L4_1,297.0,,
264609.293899605,3842585.78534903,652.955001935612,L4_1,297.0,,
264609.293899605,3842585.78534903,652.955001935612,L4_1,297.0,,
264609.293899605,3842585.78534903,652.955001935612,L4_1,297.0,,
264609.293899605,3842585.78534903,652.955001935612,L4_1,297.0,,
264609.293899605,3842585.78534903,652.955001935612,L4_1,297.0,,
264609.293899605,3842585.78534903,652.955001935612,L4_1,297.0,,
264609.293899605,3842585.78534903,652.955001935612,L4_1,297.0,,
264609.293899605,3842585.78534903,652.955001935612,L4_1,297.0,,
264614.248156993,3842589.17926343,653.136516635116,L4_1,303.0,653.136516635116,24.6863318586751
264614.248156993,3842589.17926343,653.136516635116,L4_1,303.0,647.971588894153,21.0610389415278
264614.248156993,3842589.17926343,653.136516635116,L4_1,303.0,642.548414766141,11.4351078112097
264614.248156993,3842589.17926343,653.136516635116,L4_1,303.0,636.854081931729,4.60383710721937
264614.248156993,3842589.17926343,653.136516635116,L4_1,303.0,630.875032455596,2.29274005105664
264614.248156993,3842589.17926343,653.136516635116,L4_1,303.0,624.597030505657,1.81008949490904
264614.248156993,3842589.17926343,653.136516635116,L4_1,303.0,618.005128458221,2.00959120241214
264614.248156993,3842589.17926343,653.136516635116,L4_1,303.0,611.083631308412,2.47005045835674
264614.248156993,3842589.17926343,653.136516635116,L4_1,303.0,603.816059301114,2.99265830530279
264614.248156993,3842589.17926343,653.136516635116,L4_1,303.0,596.18510869345,3.52687131486447
264614.248156993,3842589.17926343,653.136516635116,L4_1,303.0,588.172610555404,4.10570563523423
264614.248156993,3842589.17926343,653.136516635116,L4_1,303.0,579.759487510455,4.78006566602871
264614.248156993,3842589.17926343,653.136516635116,L4_1,303.0,570.925708313258,5.58859754377443
264614.248156993,3842589.17926343,653.136516635116,L4_1,303.0,561.650240156202,6.54674564565759
264614.248156993,3842589.17926343,653.136516635116,L4_1,303.0,551.910998591293,7.64530572281021
264614.248156993,3842589.17926343,653.136516635116,L4_1,303.0,541.684794948138,8.85671669959754
264614.248156993,3842589.17926343,653.136516635116,L4_1,303.0,530.947281122826,10.1428361794753
264614.248156993,3842589.17926343,653.136516635116,L4_1,303.0,519.672891606248,11.458205003064
264614.248156993,3842589.17926343,653.136516635116,L4_1,303.0,507.834782613841,12.7497510703901
264614.248156993,3842589.17926343,653.136516635116,L4_1,303.0,495.404768171814,13.9581050051296
264614.248156993,3842589.17926343,653.136516635116,L4_1,303.0,482.353253007685,15.0236518536788
264614.248156993,3842589.17926343,653.136516635116,L4_1,303.0,468.64916208535,15.8959944607253
264614.248156993,3842589.17926343,653.136516635116,L4_1,303.0,454.259866616899,16.542866622835
264614.248156993,3842589.17926343,653.136516635116,L4_1,303.0,439.151106375024,16.9547857385288
264614.248156993,3842589.17926343,653.136516635116,L4_1,303.0,423.286908121056,17.1439775829056
264614.248156993,3842589.17926343,653.136516635116,L4_1,303.0,406.62949995439,17.1385657173995
264614.248156993,3842589.17926343,653.136516635116,L4_1,303.0,389.13922137939,16.9743235821181
264614.248156993,3842589.17926343,653.136516635116,L4_1,303.0,370.774428875641,16.6864337217427
264614.248156993,3842589.17926343,653.136516635116,L4_1,303.0,351.491396746703,16.3027640324318
264614.248156993,3842589.17926343,653.136516635116,L4_1,303.0,331.244213011319,15.8397275684807
264614.248156993,3842589.17926343,653.136516635116,L4_1,303.0,309.984670089166,15.3066895924281
264614.248156993,3842589.17926343,653.136516635116,L4_1,303.0,287.669414477938,14.7226862388956
264614.248156993,3842589.17926343,653.136516635116,L4_1,303.0,264.979217008397,14.1229150753121
264614.248156993,3842589.17926343,653.136516635116,L4_1,303.0,241.154509665379,13.5333726573795
264614.248156993,3842589.17926343,653.136516635116,L4_1,303.0,216.13856695521,12.9536903283558
264614.248156993,3842589.17926343,653.136516635116,L4_1,303.0,189.871827109532,12.3744003676524
264614.248156993,3842589.17926343,653.136516635116,L4_1,303.0,162.291750271571,11.7934441140617
264614.248156993,3842589.17926343,653.136516635116,L4_1,303.0,133.332669591712,11.216232009589
264614.248156993,3842589.17926343,653.136516635116,L4_1,303.0,102.925634877859,10.6513611643086
264614.248156993,3842589.17926343,653.136516635116,L4_1,303.0,70.9982484283146,10.1080623363069
264614.248156993,3842589.17926343,653.136516635116,L4_1,303.0,,
264614.248156993,3842589.17926343,653.136516635116,L4_1,303.0,,
264614.248156993,3842589.17926343,653.136516635116,L4_1,303.0,,
264614.248156993,3842589.17926343,653.136516635116,L4_1,303.0,,
264614.248156993,3842589.17926343,653.136516635116,L4_1,303.0,,
264614.248156993,3842589.17926343,653.136516635116,L4_1,303.0,,
264614.248156993,3842589.17926343,653.136516635116,L4_1,303.0,,
264614.248156993,3842589.17926343,653.136516635116,L4_1,303.0,,
264614.248156993,3842589.17926343,653.136516635116,L4_1,303.0,,
264614.248156993,3842589.17926343,653.136516635116,L4_1,303.0,,
264614.248156993,3842589.17926343,653.136516635116,L4_1,303.0,,
264614.248156993,3842589.17926343,653.136516635116,L4_1,303.0,,
264614.248156993,3842589.17926343,653.136516635116,L4_1,303.0,,
264614.248156993,3842589.17926343,653.136516635116,L4_1,303.0,,
264614.248156993,3842589.17926343,653.136516635116,L4_1,303.0,,
264614.248156993,3842589.17926343,653.136516635116,L4_1,303.0,,
264614.248156993,3842589.17926343,653.136516635116,L4_1,303.0,,
264614.248156993,3842589.17926343,653.136516635116,L4_1,303.0,,
264614.248156993,3842589.17926343,653.136516635116,L4_1,303.0,,
264614.248156993,3842589.17926343,653.136516635116,L4_1,303.0,,
264614.248156993,3842589.17926343,653.136516635116,L4_1,303.0,,
264619.615854439,3842592.85592232,653.318031334621,L4_1,309.5,653.318031334621,29.9562747061442
264619.615854439,3842592.85592232,653.318031334621,L4_1,309.5,648.150536808334,23.8844204974769
264619.615854439,3842592.85592232,653.318031334621,L4_1,309.5,642.724667555733,11.9659648097751
264619.615854439,3842592.85592232,653.318031334621,L4_1,309.5,637.027504840503,4.77054904437919
264619.615854439,3842592.85592232,653.318031334621,L4_1,309.5,631.04548398951,2.38568291407846
264619.615854439,3842592.85592232,653.318031334621,L4_1,309.5,624.764362095968,1.87645302353191
264619.615854439,3842592.85592232,653.318031334621,L4_1,309.5,618.169184107749,2.05626593812194
264619.615854439,3842592.85592232,653.318031334621,L4_1,309.5,611.244247220119,2.4861640324471
264619.615854439,3842592.85592232,653.318031334621,L4_1,309.5,603.973063488108,2.96803780026673
264619.615854439,3842592.85592232,653.318031334621,L4_1,309.5,596.338320569496,3.46528806666271
264619.615854439,3842592.85592232,653.318031334621,L4_1,309.5,588.321840504953,4.02343014674644
264619.615854439,3842592.85592232,653.318031334621,L4_1,309.5,579.904536437183,4.69738026506357
264619.615854439,3842592.85592232,653.318031334621,L4_1,309.5,571.066367166025,5.52267028148975
264619.615854439,3842592.85592232,653.318031334621,L4_1,309.5,561.786289431309,6.50785560878517
264619.615854439,3842592.85592232,653.318031334621,L4_1,309.5,552.042207809857,7.6356591780788
264619.615854439,3842592.85592232,653.318031334621,L4_1,309.5,541.810922107332,8.8711274256862
264619.615854439,3842592.85592232,653.318031334621,L4_1,309.5,531.068072119681,10.1708221737934
264619.615854439,3842592.85592232,653.318031334621,L4_1,309.5,519.788079632648,11.4868633911928
264619.615854439,3842592.85592232,653.318031334621,L4_1,309.5,507.944087521263,12.7667116532934
264619.615854439,3842592.85592232,653.318031334621,L4_1,309.5,495.507895804309,13.9540206200709
264619.615854439,3842592.85592232,653.318031334621,L4_1,309.5,482.449894501506,14.9938189009269
264619.615854439,3842592.85592232,653.318031334621,L4_1,309.5,468.738993133564,15.8408155479001
264619.615854439,3842592.85592232,653.318031334621,L4_1,309.5,454.342546697225,16.4671100086254
264619.615854439,3842592.85592232,653.318031334621,L4_1,309.5,439.226277939069,16.8659866434025
264619.615854439,3842592.85592232,653.318031334621,L4_1,309.5,423.354195743005,17.0505503442228
264619.615854439,3842592.85592232,653.318031334621,L4_1,309.5,406.688509437138,17.0481677522968
264619.615854439,3842592.85592232,653.318031334621,L4_1,309.5,389.189538815977,16.8928134379986
264619.615854439,3842592.85592232,653.318031334621,L4_1,309.5,370.815619663759,16.6174568718715
264619.615854439,3842592.85592232,653.318031334621,L4_1,309.5,351.523004553929,16.2478264384195
264619.615854439,3842592.85592232,653.318031334621,L4_1,309.5,331.265758688608,15.7985393993555
264619.615854439,3842592.85592232,653.318031334621,L4_1,309.5,309.995650530021,15.2776253838043
264619.615854439,3842592.85592232,653.318031334621,L4_1,309.5,287.669414477938,14.7033828960462
264619.615854439,3842592.85592232,653.318031334621,L4_1,309.5,264.979217008397,14.1112046117993
264619.615854439,3842592.85592232,653.318031334621,L4_1,309.5,241.154509665379,13.5275450705592
264619.615854439,3842592.85592232,653.318031334621,L4_1,309.5,216.13856695521,12.952152238761
264619.615854439,3842592.85592232,653.318031334621,L4_1,309.5,189.871827109532,12.3756892137689
264619.615854439,3842592.85592232,653.318031334621,L4_1,309.5,162.291750271571,11.7963367064358
264619.615854439,3842592.85592232,653.318031334621,L4_1,309.5,133.332669591712,11.2198028553974
264619.615854439,3842592.85592232,653.318031334621,L4_1,309.5,102.925634877859,10.6549745662966
264619.615854439,3842592.85592232,653.318031334621,L4_1,309.5,70.9982484283146,10.1113310450463
264619.615854439,3842592.85592232,653.318031334621,L4_1,309.5,,
264619.615854439,3842592.85592232,653.318031334621,L4_1,309.5,,
264619.615854439,3842592.85592232,653.318031334621,L4_1,309.5,,
264619.615854439,3842592.85592232,653.318031334621,L4_1,309.5,,
264619.615854439,3842592.85592232,653.318031334621,L4_1,309.5,,
264619.615854439,3842592.85592232,653.318031334621,L4_1,309.5,,
264619.615854439,3842592.85592232,653.318031334621,L4_1,309.5,,
264619.615854439,3842592.85592232,653.318031334621,L4_1,309.5,,
264619.615854439,3842592.85592232,653.318031334621,L4_1,309.5,,
264619.615854439,3842592.85592232,653.318031334621,L4_1,309.5,,
264619.615854439,3842592.85592232,653.318031334621,L4_1,309.5,,
264619.615854439,3842592.85592232,653.318031334621,L4_1,309.5,,
264619.615854439,3842592.85592232,653.318031334621,L4_1,309.5,,
264619.615854439,3842592.85592232,653.318031334621,L4_1,309.5,,
264619.615854439,3842592.85592232,653.318031334621,L4_1,309.5,,
264619.615854439,3842592.85592232,653.318031334621,L4_1,309.5,,
264619.615854439,3842592.85592232,653.318031334621,L4_1,309.5,,
264619.615854439,3842592.85592232,653.318031334621,L4_1,309.5,,
264619.615854439,3842592.85592232,653.318031334621,L4_1,309.5,,
264619.615854439,3842592.85592232,653.318031334621,L4_1,309.5,,
264619.615854439,3842592.85592232,653.318031334621,L4_1,309.5,,
264624.570652081,3842596.2497613,653.452854485212,L4_1,315.5,653.452854485212,28.4758497835421
264624.570652081,3842596.2497613,653.452854485212,L4_1,315.5,648.283453435184,22.8580868816648
264624.570652081,3842596.2497613,653.452854485212,L4_1,315.5,642.855582332654,11.6713176139329
264624.570652081,3842596.2497613,653.452854485212,L4_1,315.5,637.156317674998,4.78124281207353
264624.570652081,3842596.2497613,653.452854485212,L4_1,315.5,631.172089784458,2.45328519642347
264624.570652081,3842596.2497613,653.452854485212,L4_1,315.5,624.888650499392,1.95260552913517
264624.570652081,3842596.2497613,653.452854485212,L4_1,315.5,618.291039250072,2.12878986482484
264624.570652081,3842596.2497613,653.452854485212,L4_1,315.5,611.363547438287,2.53461900152899
264624.570652081,3842596.2497613,653.452854485212,L4_1,315.5,604.089681035912,2.97387468308255
264624.570652081,3842596.2497613,653.452854485212,L4_1,315.5,596.452121313419,3.42764531299429
264624.570652081,3842596.2497613,653.452854485212,L4_1,315.5,588.4326836048,3.95740252490973
264624.570652081,3842596.2497613,653.452854485212,L4_1,315.5,580.012274010751,4.62397383962448
264624.570652081,3842596.2497613,653.452854485212,L4_1,315.5,571.170843937,5.46081806267077
264624.570652081,3842596.2497613,653.452854485212,L4_1,315.5,561.887342359561,6.47006398625242
264624.570652081,3842596.2497613,653.452854485212,L4_1,315.5,552.13966570325,7.62622900556773
264624.570652081,3842596.2497613,653.452854485212,L4_1,315.5,541.904605214123,8.88640394312449
264624.570652081,3842596.2497613,653.452854485212,L4_1,315.5,531.15779170054,10.2011545258253
264624.570652081,3842596.2497613,653.452854485212,L4_1,315.5,519.873637511278,11.5195738038452
264624.570652081,3842596.2497613,653.452854485212,L4_1,315.5,508.025275612552,12.7892275215643
264624.570652081,3842596.2497613,653.452854485212,L4_1,315.5,495.584495618891,13.9565310666134
264624.570652081,3842596.2497613,653.452854485212,L4_1,315.5,482.521676625546,14.9710234580939
264624.570652081,3842596.2497613,653.452854485212,L4_1,315.5,468.805716682535,15.7924848132256
264624.570652081,3842596.2497613,653.452854485212,L4_1,315.5,454.403958742372,16.3974390035141
264624.570652081,3842596.2497613,653.452854485212,L4_1,315.5,439.282112905202,16.7820717204398
264624.570652081,3842596.2497613,653.452854485212,L4_1,315.5,423.404174776173,16.9605465687792
264624.570652081,3842596.2497613,653.452854485212,L4_1,315.5,406.732339740692,16.9596665495861
264624.570652081,3842596.2497613,653.452854485212,L4_1,315.5,389.226912953438,16.8117683112491
264624.570652081,3842596.2497613,653.452854485212,L4_1,315.5,370.84621482682,16.547725403777
264624.570652081,3842596.2497613,653.452854485212,L4_1,315.5,351.546481793872,16.1911960686746
264624.570652081,3842596.2497613,653.452854485212,L4_1,315.5,331.281762109277,15.7550314174312
264624.570652081,3842596.2497613,653.452854485212,L4_1,315.5,310.003806440451,15.2459196549322
264624.570652081,3842596.2497613,653.452854485212,L4_1,315.5,287.669414477938,14.681361965375
264624.570652081,3842596.2497613,653.452854485212,L4_1,315.5,264.979217008397,14.0968473060546
264624.570652081,3842596.2497613,653.452854485212,L4_1,315.5,241.154509665379,13.5192017658564
264624.570652081,3842596.2497613,653.452854485212,L4_1,315.5,216.13856695521,12.9482600149749
264624.570652081,3842596.2497613,653.452854485212,L4_1,315.5,189.871827109532,12.3748195409611
264624.570652081,3842596.2497613,653.452854485212,L4_1,315.5,162.291750271571,11.7972949663789
264624.570652081,3842596.2497613,653.452854485212,L4_1,315.5,133.332669591712,11.2216792049515
264624.570652081,3842596.2497613,653.452854485212,L4_1,315.5,102.925634877859,10.6571357382423
264624.570652081,3842596.2497613,653.452854485212,L4_1,315.5,70.9982484283146,10.113380801537
264624.570652081,3842596.2497613,653.452854485212,L4_1,315.5,,
264624.570652081,3842596.2497613,653.452854485212,L4_1,315.5,,
264624.570652081,3842596.2497613,653.452854485212,L4_1,315.5,,
264624.570652081,3842596.2497613,653.452854485212,L4_1,315.5,,
264624.570652081,3842596.2497613,653.452854485212,L4_1,315.5,,
264624.570652081,3842596.2497613,653.452854485212,L4_1,315.5,,
264624.570652081,3842596.2497613,653.452854485212,L4_1,315.5,,
264624.570652081,3842596.2497613,653.452854485212,L4_1,315.5,,
264624.570652081,3842596.2497613,653.452854485212,L4_1,315.5,,
264624.570652081,3842596.2497613,653.452854485212,L4_1,315.5,,
264624.570652081,3842596.2497613,653.452854485212,L4_1,315.5,,
264624.570652081,3842596.2497613,653.452854485212,L4_1,315.5,,
264624.570652081,3842596.2497613,653.452854485212,L4_1,315.5,,
264624.570652081,3842596.2497613,653.452854485212,L4_1,315.5,,
264624.570652081,3842596.2497613,653.452854485212,L4_1,315.5,,
264624.570652081,3842596.2497613,653.452854485212,L4_1,315.5,,
264624.570652081,3842596.2497613,653.452854485212,L4_1,315.5,,
264624.570652081,3842596.2497613,653.452854485212,L4_1,315.5,,
264624.570652081,3842596.2497613,653.452854485212,L4_1,315.5,,
264624.570652081,3842596.2497613,653.452854485212,L4_1,315.5,,
264624.570652081,3842596.2497613,653.452854485212,L4_1,315.5,,
264629.938349527,3842599.92642018,653.540991725351,L4_1,322.0,653.540991725351,20.6774199053411
264629.938349527,3842599.92642018,653.540991725351,L4_1,322.0,648.370344333429,18.1316285762283
264629.938349527,3842599.92642018,653.540991725351,L4_1,322.0,642.94116457191,10.5307807198733
264629.938349527,3842599.92642018,653.540991725351,L4_1,322.0,637.240525822315,4.6219283876803
264629.938349527,3842599.92642018,653.540991725351,L4_1,322.0,631.254855135241,2.49046441497366
264629.938349527,3842599.92642018,653.540991725351,L4_1,322.0,624.969900913812,2.03712879811502
264629.938349527,3842599.92642018,653.540991725351,L4_1,322.0,618.370698981313,2.22674036788614
264629.938349527,3842599.92642018,653.540991725351,L4_1,322.0,611.441536952188,2.61430902943669
264629.938349527,3842599.92642018,653.540991725351,L4_1,322.0,604.165916821607,3.00815334187893
264629.938349527,3842599.92642018,653.540991725351,L4_1,322.0,596.526515684497,3.41186704148051
264629.938349527,3842599.92642018,653.540991725351,L4_1,322.0,588.505144490532,3.90622830814683
264629.938349527,3842599.92642018,653.540991725351,L4_1,322.0,580.082704736868,4.55930009256766
264629.938349527,3842599.92642018,653.540991725351,L4_1,322.0,571.239142995521,5.4031259112655
264629.938349527,3842599.92642018,653.540991725351,L4_1,322.0,561.953403167107,6.43378250490929
264629.938349527,3842599.92642018,653.540991725351,L4_1,322.0,552.203376347272,7.61752207641349
264629.938349527,3842599.92642018,653.540991725351,L4_1,322.0,541.965848186446,8.90301901803964
264629.938349527,3842599.92642018,653.540991725351,L4_1,322.0,531.216443617578,10.2342170138121
264629.938349527,3842599.92642018,653.540991725351,L4_1,322.0,519.929568820266,11.5566173449485
264629.938349527,3842599.92642018,653.540991725351,L4_1,322.0,508.078350283089,12.8174833080494
264629.938349527,3842599.92642018,653.540991725351,L4_1,322.0,495.634570819054,13.9657402206473
264629.938349527,3842599.92642018,653.540991725351,L4_1,322.0,482.568602381816,14.9553090195628
264629.938349527,3842599.92642018,653.540991725351,L4_1,322.0,468.849335522717,15.7510073163362
264629.938349527,3842599.92642018,653.540991725351,L4_1,322.0,454.444105320662,16.3338405914527
264629.938349527,3842599.92642018,653.540991725351,L4_1,322.0,439.318613608505,16.7030257409806
264629.938349527,3842599.92642018,653.540991725351,L4_1,322.0,423.43684731074,16.873958538727
264629.938349527,3842599.92642018,653.540991725351,L4_1,322.0,406.760992698087,16.8730654083396
264629.938349527,3842599.92642018,653.540991725351,L4_1,322.0,389.251345354801,16.7312013499227
264629.938349527,3842599.92642018,653.540991725351,L4_1,322.0,370.866215644351,16.4772586445579
264629.938349527,3842599.92642018,653.540991725351,L4_1,322.0,351.561829448378,16.1328942558265
264629.938349527,3842599.92642018,653.540991725351,L4_1,322.0,331.292223942607,15.7092235434747
264629.938349527,3842599.92642018,653.540991725351,L4_1,322.0,310.009138161547,15.2115888040141
264629.938349527,3842599.92642018,653.540991725351,L4_1,322.0,287.669414477938,14.6566356711224
264629.938349527,3842599.92642018,653.540991725351,L4_1,322.0,264.979217008397,14.0798515024833
264629.938349527,3842599.92642018,653.540991725351,L4_1,322.0,241.154509665379,13.5083479016344
264629.938349527,3842599.92642018,653.540991725351,L4_1,322.0,216.13856695521,12.9420164217984
264629.938349527,3842599.92642018,653.540991725351,L4_1,322.0,189.871827109532,12.3717924254021
264629.938349527,3842599.92642018,653.540991725351,L4_1,322.0,162.291750271571,11.7963189368604
264629.938349527,3842599.92642018,653.540991725351,L4_1,322.0,133.332669591712,11.2218605392806
264629.938349527,3842599.92642018,653.540991725351,L4_1,322.0,102.925634877859,10.6578438953624
264629.938349527,3842599.92642018,653.540991725351,L4_1,322.0,70.9982484283146,10.1142107774389
264629.938349527,3842599.92642018,653.540991725351,L4_1,322.0,,
264629.938349527,3842599.92642018,653.540991725351,L4_1,322.0,,
264629.938349527,3842599.92642018,653.540991725351,L4_1,322.0,,
264629.938349527,3842599.92642018,653.540991725351,L4_1,322.0,,
264629.938349527,3842599.92642018,653.540991725351,L4_1,322.0,,
264629.938349527,3842599.92642018,653.540991725351,L4_1,322.0,,
264629.938349527,3842599.92642018,653.540991725351,L4_1,322.0,,
264629.938349527,3842599.92642018,653.540991725351,L4_1,322.0,,
264629.938349527,3842599.92642018,653.540991725351,L4_1,322.0,,
264629.938349527,3842599.92642018,653.540991725351,L4_1,322.0,,
264629.938349527,3842599.92642018,653.540991725351,L4_1,322.0,,
264629.938349527,3842599.92642018,653.540991725351,L4_1,322.0,,
264629.938349527,3842599.92642018,653.540991725351,L4_1,322.0,,
264629.938349527,3842599.92642018,653.540991725351,L4_1,322.0,,
264629.938349527,3842599.92642018,653.540991725351,L4_1,322.0,,
264629.938349527,3842599.92642018,653.540991725351,L4_1,322.0,,
264629.938349527,3842599.92642018,653.540991725351,L4_1,322.0,,
264629.938349527,3842599.92642018,653.540991725351,L4_1,322.0,,
264629.938349527,3842599.92642018,653.540991725351,L4_1,322.0,,
264629.938349527,3842599.92642018,653.540991725351,L4_1,322.0,,
264629.938349527,3842599.92642018,653.540991725351,L4_1,322.0,,
264634.893139416,3842603.32026434,653.629128965491,L4_1,328.0,653.629128965491,20.3337071875285
264634.893139416,3842603.32026434,653.629128965491,L4_1,328.0,648.457235231674,17.5299037834315
264634.893139416,3842603.32026434,653.629128965491,L4_1,328.0,643.026746811166,10.05597018268
264634.893139416,3842603.32026434,653.629128965491,L4_1,328.0,637.324733969633,4.51970155075304
264634.893139416,3842603.32026434,653.629128965491,L4_1,328.0,631.337620486023,2.53159546602658
264634.893139416,3842603.32026434,653.629128965491,L4_1,328.0,625.051151328233,2.12861730005357
264634.893139416,3842603.32026434,653.629128965491,L4_1,328.0,618.450358712553,2.33709158812812
264634.893139416,3842603.32026434,653.629128965491,L4_1,328.0,611.519526466089,2.7083008477185
264634.893139416,3842603.32026434,653.629128965491,L4_1,328.0,604.242152607302,3.05626879545147
264634.893139416,3842603.32026434,653.629128965491,L4_1,328.0,596.600910055576,3.40920629619956
264634.893139416,3842603.32026434,653.629128965491,L4_1,328.0,588.577605376264,3.8673548191562
264634.893139416,3842603.32026434,653.629128965491,L4_1,328.0,580.153135462985,4.50548971858742
264634.893139416,3842603.32026434,653.629128965491,L4_1,328.0,571.307442054043,5.3543399834455
264634.893139416,3842603.32026434,653.629128965491,L4_1,328.0,562.019463974654,6.40447310089983
264634.893139416,3842603.32026434,653.629128965491,L4_1,328.0,552.267086991295,7.61430860891632
264634.893139416,3842603.32026434,653.629128965491,L4_1,328.0,542.027091158769,8.92422508786283
264634.893139416,3842603.32026434,653.629128965491,L4_1,328.0,531.275095534616,10.2714568002257
264634.893139416,3842603.32026434,653.629128965491,L4_1,328.0,519.985500129255,11.5977614462736
264634.893139416,3842603.32026434,653.629128965491,L4_1,328.0,508.131424953626,12.8499517374881
264634.893139416,3842603.32026434,653.629128965491,L4_1,328.0,495.684646019216,13.9793249208806
264634.893139416,3842603.32026434,653.629128965491,L4_1,328.0,482.615528138086,14.9440479939789
264634.893139416,3842603.32026434,653.629128965491,L4_1,328.0,468.892954362899,15.7138584532629
264634.893139416,3842603.32026434,653.629128965491,L4_1,328.0,454.484251898952,16.2741674427822
264634.893139416,3842603.32026434,653.629128965491,L4_1,328.0,439.355114311809,16.6272103426043
264634.893139416,3842603.32026434,653.629128965491,L4_1,328.0,423.469519845308,16.7896741880532
264634.893139416,3842603.32026434,653.629128965491,L4_1,328.0,406.789645655482,16.7877124665795
264634.893139416,3842603.32026434,653.629128965491,L4_1,328.0,389.275777756164,16.6508214011744
264634.893139416,3842603.32026434,653.629128965491,L4_1,328.0,370.886216461881,16.4060167986161
264634.893139416,3842603.32026434,653.629128965491,L4_1,328.0,351.577177102884,16.0730278734793
264634.893139416,3842603.32026434,653.629128965491,L4_1,328.0,331.302685775936,15.6612832420067
264634.893139416,3842603.32026434,653.629128965491,L4_1,328.0,310.014469882642,15.1747954939261
264634.893139416,3842603.32026434,653.629128965491,L4_1,328.0,287.669414477938,14.6293240830591
264634.893139416,3842603.32026434,653.629128965491,L4_1,328.0,264.979217008397,14.0602854212613
264634.893139416,3842603.32026434,653.629128965491,L4_1,328.0,241.154509665379,13.4950147788601
264634.893139416,3842603.32026434,653.629128965491,L4_1,328.0,216.13856695521,12.9334341570485
264634.893139416,3842603.32026434,653.629128965491,L4_1,328.0,189.871827109532,12.3666114565849
264634.893139416,3842603.32026434,653.629128965491,L4_1,328.0,162.291750271571,11.7934075857977
264634.893139416,3842603.32026434,653.629128965491,L4_1,328.0,133.332669591712,11.220343125282
264634.893139416,3842603.32026434,653.629128965491,L4_1,328.0,102.925634877859,10.6570937235062
264634.893139416,3842603.32026434,653.629128965491,L4_1,328.0,70.9982484283146,10.1138153962104
264634.893139416,3842603.32026434,653.629128965491,L4_1,328.0,,
264634.893139416,3842603.32026434,653.629128965491,L4_1,328.0,,
264634.893139416,3842603.32026434,653.629128965491,L4_1,328.0,,
264634.893139416,3842603.32026434,653.629128965491,L4_1,328.0,,
264634.893139416,3842603.32026434,653.629128965491,L4_1,328.0,,
264634.893139416,3842603.32026434,653.629128965491,L4_1,328.0,,
264634.893139416,3842603.32026434,653.629128965491,L4_1,328.0,,
264634.893139416,3842603.32026434,653.629128965491,L4_1,328.0,,
264634.893139416,3842603.32026434,653.629128965491,L4_1,328.0,,
264634.893139416,3842603.32026434,653.629128965491,L4_1,328.0,,
264634.893139416,3842603.32026434,653.629128965491,L4_1,328.0,,
264634.893139416,3842603.32026434,653.629128965491,L4_1,328.0,,
264634.893139416,3842603.32026434,653.629128965491,L4_1,328.0,,
264634.893139416,3842603.32026434,653.629128965491,L4_1,328.0,,
264634.893139416,3842603.32026434,653.629128965491,L4_1,328.0,,
264634.893139416,3842603.32026434,653.629128965491,L4_1,328.0,,
264634.893139416,3842603.32026434,653.629128965491,L4_1,328.0,,
264634.893139416,3842603.32026434,653.629128965491,L4_1,328.0,,
264634.893139416,3842603.32026434,653.629128965491,L4_1,328.0,,
264634.893139416,3842603.32026434,653.629128965491,L4_1,328.0,,
264634.893139416,3842603.32026434,653.629128965491,L4_1,328.0,,
264640.260820065,3842606.99693444,653.71726620563,L4_1,334.5,653.71726620563,27.3432771609372
264640.260820065,3842606.99693444,653.71726620563,L4_1,334.5,648.544126129918,20.855212163285
264640.260820065,3842606.99693444,653.71726620563,L4_1,334.5,643.112329050422,10.2347436935354
264640.260820065,3842606.99693444,653.71726620563,L4_1,334.5,637.40894211695,4.48878516721029
264640.260820065,3842606.99693444,653.71726620563,L4_1,334.5,631.420385836805,2.58289358787095
264640.260820065,3842606.99693444,653.71726620563,L4_1,334.5,625.132401742653,2.22850177614948
264640.260820065,3842606.99693444,653.71726620563,L4_1,334.5,618.530018443793,2.45793894522841
264640.260820065,3842606.99693444,653.71726620563,L4_1,334.5,611.597515979991,2.81211698580885
264640.260820065,3842606.99693444,653.71726620563,L4_1,334.5,604.318388392998,3.11270728398673
264640.260820065,3842606.99693444,653.71726620563,L4_1,334.5,596.675304426655,3.41452020948544
264640.260820065,3842606.99693444,653.71726620563,L4_1,334.5,588.650066261995,3.83668561187825
264640.260820065,3842606.99693444,653.71726620563,L4_1,334.5,580.223566189102,4.4596375981024
264640.260820065,3842606.99693444,653.71726620563,L4_1,334.5,571.375741112565,5.31262114898303
264640.260820065,3842606.99693444,653.71726620563,L4_1,334.5,562.085524782201,6.38111632582454
264640.260820065,3842606.99693444,653.71726620563,L4_1,334.5,552.330797635318,7.61612046927474
264640.260820065,3842606.99693444,653.71726620563,L4_1,334.5,542.088334131092,8.94987647222335
264640.260820065,3842606.99693444,653.71726620563,L4_1,334.5,531.333747451654,10.3128856115747
264640.260820065,3842606.99693444,653.71726620563,L4_1,334.5,520.041431438244,11.6430720244924
264640.260820065,3842606.99693444,653.71726620563,L4_1,334.5,508.184499624163,12.8866976735639
264640.260820065,3842606.99693444,653.71726620563,L4_1,334.5,495.734721219379,13.997325726434
264640.260820065,3842606.99693444,653.71726620563,L4_1,334.5,482.662453894356,14.9372523435954
264640.260820065,3842606.99693444,653.71726620563,L4_1,334.5,468.936573203081,15.6810273727402
264640.260820065,3842606.99693444,653.71726620563,L4_1,334.5,454.524398477242,16.2183960606583
264640.260820065,3842606.99693444,653.71726620563,L4_1,334.5,439.391615015112,16.5545998894268
264640.260820065,3842606.99693444,653.71726620563,L4_1,334.5,423.502192379875,16.7076735441652
264640.260820065,3842606.99693444,653.71726620563,L4_1,334.5,406.818298612876,16.7035973182951
264640.260820065,3842606.99693444,653.71726620563,L4_1,334.5,389.300210157528,16.5706278861963
264640.260820065,3842606.99693444,653.71726620563,L4_1,334.5,370.906217279411,16.3340069028801
264640.260820065,3842606.99693444,653.71726620563,L4_1,334.5,351.592524757389,16.0116083359166
264640.260820065,3842606.99693444,653.71726620563,L4_1,334.5,331.313147609266,15.6112232042679
264640.260820065,3842606.99693444,653.71726620563,L4_1,334.5,310.019801603737,15.1355514277975
264640.260820065,3842606.99693444,653.71726620563,L4_1,334.5,287.669414477938,14.5994367101198
264640.260820065,3842606.99693444,653.71726620563,L4_1,334.5,264.979217008397,14.0381560218483
264640.260820065,3842606.99693444,653.71726620563,L4_1,334.5,241.154509665379,13.479206923943
264640.260820065,3842606.99693444,653.71726620563,L4_1,334.5,216.13856695521,12.9225157503995
264640.260820065,3842606.99693444,653.71726620563,L4_1,334.5,189.871827109532,12.3592777091023
264640.260820065,3842606.99693444,653.71726620563,L4_1,334.5,162.291750271571,11.7885610289678
264640.260820065,3842606.99693444,653.71726620563,L4_1,334.5,133.332669591712,11.2171265426159
264640.260820065,3842606.99693444,653.71726620563,L4_1,334.5,102.925634877859,10.6548845504944
264640.260820065,3842606.99693444,653.71726620563,L4_1,334.5,70.9982484283146,10.1121939306318
264640.260820065,3842606.99693444,653.71726620563,L4_1,334.5,,
264640.260820065,3842606.99693444,653.71726620563,L4_1,334.5,,
264640.260820065,3842606.99693444,653.71726620563,L4_1,334.5,,
264640.260820065,3842606.99693444,653.71726620563,L4_1,334.5,,
264640.260820065,3842606.99693444,653.71726620563,L4_1,334.5,,
264640.260820065,3842606.99693444,653.71726620563,L4_1,334.5,,
264640.260820065,3842606.99693444,653.71726620563,L4_1,334.5,,
264640.260820065,3842606.99693444,653.71726620563,L4_1,334.5,,
264640.260820065,3842606.99693444,653.71726620563,L4_1,334.5,,
264640.260820065,3842606.99693444,653.71726620563,L4_1,334.5,,
264640.260820065,3842606.99693444,653.71726620563,L4_1,334.5,,
264640.260820065,3842606.99693444,653.71726620563,L4_1,334.5,,
264640.260820065,3842606.99693444,653.71726620563,L4_1,334.5,,
264640.260820065,3842606.99693444,653.71726620563,L4_1,334.5,,
264640.260820065,3842606.99693444,653.71726620563,L4_1,334.5,,
264640.260820065,3842606.99693444,653.71726620563,L4_1,334.5,,
264640.260820065,3842606.99693444,653.71726620563,L4_1,334.5,,
264640.260820065,3842606.99693444,653.71726620563,L4_1,334.5,,
264640.260820065,3842606.99693444,653.71726620563,L4_1,334.5,,
264640.260820065,3842606.99693444,653.71726620563,L4_1,334.5,,
264640.260820065,3842606.99693444,653.71726620563,L4_1,334.5,,
264645.215602201,3842610.39078376,653.804671156265,L4_1,340.5,653.804671156265,26.0550125039507
264645.215602201,3842610.39078376,653.804671156265,L4_1,340.5,648.630295093909,19.7783234693587
264645.215602201,3842610.39078376,653.804671156265,L4_1,340.5,643.197200228435,9.70733868589639
264645.215602201,3842610.39078376,653.804671156265,L4_1,340.5,637.492450619688,4.35303718367701
264645.215602201,3842610.39078376,653.804671156265,L4_1,340.5,631.502463530503,2.59659222919179
264645.215602201,3842610.39078376,653.804671156265,L4_1,340.5,625.212977086859,2.30094049153759
264645.215602201,3842610.39078376,653.804671156265,L4_1,340.5,618.609016321032,2.552296213629
264645.215602201,3842610.39078376,653.804671156265,L4_1,340.5,611.674857516915,2.89097072076173
264645.215602201,3842610.39078376,653.804671156265,L4_1,340.5,604.393990772591,3.14963774087407
264645.215602201,3842610.39078376,653.804671156265,L4_1,340.5,596.749080691052,3.40813749583671
264645.215602201,3842610.39078376,653.804671156265,L4_1,340.5,588.721925105435,3.80160381941059
264645.215602201,3842610.39078376,653.804671156265,L4_1,340.5,580.293411740537,4.4146129858985
264645.215602201,3842610.39078376,653.804671156265,L4_1,340.5,571.443472707395,5.27481445789737
264645.215602201,3842610.39078376,653.804671156265,L4_1,340.5,562.151036722596,6.36306443675437
264645.215602201,3842610.39078376,653.804671156265,L4_1,340.5,552.393978938556,7.62344924021698
264645.215602201,3842610.39078376,653.804671156265,L4_1,340.5,542.149068265315,8.98051655318642
264645.215602201,3842610.39078376,653.804671156265,L4_1,340.5,531.391912058411,10.3584297679915
264645.215602201,3842610.39078376,653.804671156265,L4_1,340.5,520.096898041162,11.6916181568406
264645.215602201,3842610.39078376,653.804671156265,L4_1,340.5,508.237133323051,12.9260197643974
264645.215602201,3842610.39078376,653.804671156265,L4_1,340.5,495.784380369035,14.0175449786456
264645.215602201,3842610.39078376,653.804671156265,L4_1,340.5,482.708989767317,14.9325642986909
264645.215602201,3842610.39078376,653.804671156265,L4_1,340.5,468.979829635514,15.6502930817136
264645.215602201,3842610.39078376,653.804671156265,L4_1,340.5,454.56421149712,16.1646466819509
264645.215602201,3842610.39078376,653.804671156265,L4_1,340.5,439.427812451807,16.4837637857592
264645.215602201,3842610.39078376,653.804671156265,L4_1,340.5,423.534593454228,16.6269907752628
264645.215602201,3842610.39078376,653.804671156265,L4_1,340.5,406.84671350677,16.620169395197
264645.215602201,3842610.39078376,653.804671156265,L4_1,340.5,389.324439561939,16.4903973134027
264645.215602201,3842610.39078376,653.804671156265,L4_1,340.5,370.926051919867,16.261233524526
264645.215602201,3842610.39078376,653.804671156265,L4_1,340.5,351.607744895691,15.9487810411742
264645.215602201,3842610.39078376,653.804671156265,L4_1,340.5,331.323522520306,15.5592481982852
264645.215602201,3842610.39078376,653.804671156265,L4_1,340.5,310.025089026153,15.0940518562101
264645.215602201,3842610.39078376,653.804671156265,L4_1,340.5,287.669414477938,14.567114980126
264645.215602201,3842610.39078376,653.804671156265,L4_1,340.5,264.979217008397,14.0135437505161
264645.215602201,3842610.39078376,653.804671156265,L4_1,340.5,241.154509665379,13.4609638580101
264645.215602201,3842610.39078376,653.804671156265,L4_1,340.5,216.13856695521,12.909280207287
264645.215602201,3842610.39078376,653.804671156265,L4_1,340.5,189.871827109532,12.3497996851404
264645.215602201,3842610.39078376,653.804671156265,L4_1,340.5,162.291750271571,11.7817822807012
264645.215602201,3842610.39078376,653.804671156265,L4_1,340.5,133.332669591712,11.212211782088
264645.215602201,3842610.39078376,653.804671156265,L4_1,340.5,102.925634877859,10.6512168465269
264645.215602201,3842610.39078376,653.804671156265,L4_1,340.5,70.9982484283146,10.1093468525996
264645.215602201,3842610.39078376,653.804671156265,L4_1,340.5,,
264645.215602201,3842610.39078376,653.804671156265,L4_1,340.5,,
264645.215602201,3842610.39078376,653.804671156265,L4_1,340.5,,
264645.215602201,3842610.39078376,653.804671156265,L4_1,340.5,,
264645.215602201,3842610.39078376,653.804671156265,L4_1,340.5,,
264645.215602201,3842610.39078376,653.804671156265,L4_1,340.5,,
264645.215602201,3842610.39078376,653.804671156265,L4_1,340.5,,
264645.215602201,3842610.39078376,653.804671156265,L4_1,340.5,,
264645.215602201,3842610.39078376,653.804671156265,L4_1,340.5,,
264645.215602201,3842610.39078376,653.804671156265,L4_1,340.5,,
264645.215602201,3842610.39078376,653.804671156265,L4_1,340.5,,
264645.215602201,3842610.39078376,653.804671156265,L4_1,340.5,,
264645.215602201,3842610.39078376,653.804671156265,L4_1,340.5,,
264645.215602201,3842610.39078376,653.804671156265,L4_1,340.5,,
264645.215602201,3842610.39078376,653.804671156265,L4_1,340.5,,
264645.215602201,3842610.39078376,653.804671156265,L4_1,340.5,,
264645.215602201,3842610.39078376,653.804671156265,L4_1,340.5,,
264645.215602201,3842610.39078376,653.804671156265,L4_1,340.5,,
264645.215602201,3842610.39078376,653.804671156265,L4_1,340.5,,
264645.215602201,3842610.39078376,653.804671156265,L4_1,340.5,,
264645.215602201,3842610.39078376,653.804671156265,L4_1,340.5,,
264650.583282849,3842614.06745387,653.891343994288,L4_1,347.0,653.891343994288,16.6548684124868
264650.583282849,3842614.06745387,653.891343994288,L4_1,347.0,648.715742298035,14.3945749909823
264650.583282849,3842614.06745387,653.891343994288,L4_1,347.0,643.28136051697,8.44935995239135
264650.583282849,3842614.06745387,653.891343994288,L4_1,347.0,637.57525964685,4.09264043693
264650.583282849,3842614.06745387,653.891343994288,L4_1,347.0,631.583853733225,2.56266369463415
264650.583282849,3842614.06745387,653.891343994288,L4_1,347.0,625.292877523919,2.33797321705675
264650.583282849,3842614.06745387,653.891343994288,L4_1,347.0,618.687352504147,2.61228940538476
264650.583282849,3842614.06745387,653.891343994288,L4_1,347.0,611.751551233387,2.93759474398398
264650.583282849,3842614.06745387,653.891343994288,L4_1,347.0,604.468959899089,3.16115440996436
264650.583282849,3842614.06745387,653.891343994288,L4_1,347.0,596.822238998076,3.38551448714722
264650.583282849,3842614.06745387,653.891343994288,L4_1,347.0,588.793182052012,3.75858033314966
264650.583282849,3842614.06745387,653.891343994288,L4_1,347.0,580.362672258645,4.3676831749514
264650.583282849,3842614.06745387,653.891343994288,L4_1,347.0,571.51063697561,5.23890553077224
264650.583282849,3842614.06745387,653.891343994288,L4_1,347.0,562.215999928423,6.34895239118458
264650.583282849,3842614.06745387,653.891343994288,L4_1,347.0,552.456631028876,7.6354600599537
264650.583282849,3842614.06745387,653.891343994288,L4_1,347.0,542.209293684353,9.0156882422391
264650.583282849,3842614.06745387,653.891343994288,L4_1,347.0,531.449589472603,10.407865667072
264650.583282849,3842614.06745387,653.891343994288,L4_1,347.0,520.151900050265,11.7433012279975
264650.583282849,3842614.06745387,653.891343994288,L4_1,347.0,508.289326156811,12.9678755936325
264650.583282849,3842614.06745387,653.891343994288,L4_1,347.0,495.833623568684,14.0399585660819
264650.583282849,3842614.06745387,653.891343994288,L4_1,347.0,482.75513585115,14.9299603731827
264650.583282849,3842614.06745387,653.891343994288,L4_1,347.0,469.02272374774,15.6216271949297
264650.583282849,3842614.06745387,653.891343994288,L4_1,347.0,454.60369103916,16.112887379178
264650.583282849,3842614.06745387,653.891343994288,L4_1,347.0,439.46370669515,16.414670871467
264650.583282849,3842614.06745387,653.891343994288,L4_1,347.0,423.56672313394,16.5476000372986
264650.583282849,3842614.06745387,653.891343994288,L4_1,347.0,406.87489039467,16.5374112280194
264650.583282849,3842614.06745387,653.891343994288,L4_1,347.0,389.348466018435,16.4101213376497
264650.583282849,3842614.06745387,653.891343994288,L4_1,347.0,370.94572042339,16.1876961526103
264650.583282849,3842614.06745387,653.891343994288,L4_1,347.0,351.622837548592,15.8845508709147
264650.583282849,3842614.06745387,653.891343994288,L4_1,347.0,331.333810530054,15.5053658178449
264650.583282849,3842614.06745387,653.891343994288,L4_1,347.0,310.030332160589,15.0503048589597
264650.583282849,3842614.06745387,653.891343994288,L4_1,347.0,287.669414477938,14.5323660123153
264650.583282849,3842614.06745387,653.891343994288,L4_1,347.0,264.979217008397,13.986454051575
264650.583282849,3842614.06745387,653.891343994288,L4_1,347.0,241.154509665379,13.4402892583454
264650.583282849,3842614.06745387,653.891343994288,L4_1,347.0,216.13856695521,12.8937296925181
264650.583282849,3842614.06745387,653.891343994288,L4_1,347.0,189.871827109532,12.3381783938685
264650.583282849,3842614.06745387,653.891343994288,L4_1,347.0,162.291750271571,11.7730715471458
264650.583282849,3842614.06745387,653.891343994288,L4_1,347.0,133.332669591712,11.2055985550329
264650.583282849,3842614.06745387,653.891343994288,L4_1,347.0,102.925634877859,10.6460901095698
264650.583282849,3842614.06745387,653.891343994288,L4_1,347.0,70.9982484283146,10.105273602324
264650.583282849,3842614.06745387,653.891343994288,L4_1,347.0,,
264650.583282849,3842614.06745387,653.891343994288,L4_1,347.0,,
264650.583282849,3842614.06745387,653.891343994288,L4_1,347.0,,
264650.583282849,3842614.06745387,653.891343994288,L4_1,347.0,,
264650.583282849,3842614.06745387,653.891343994288,L4_1,347.0,,
264650.583282849,3842614.06745387,653.891343994288,L4_1,347.0,,
264650.583282849,3842614.06745387,653.891343994288,L4_1,347.0,,
264650.583282849,3842614.06745387,653.891343994288,L4_1,347.0,,
264650.583282849,3842614.06745387,653.891343994288,L4_1,347.0,,
264650.583282849,3842614.06745387,653.891343994288,L4_1,347.0,,
264650.583282849,3842614.06745387,653.891343994288,L4_1,347.0,,
264650.583282849,3842614.06745387,653.891343994288,L4_1,347.0,,
264650.583282849,3842614.06745387,653.891343994288,L4_1,347.0,,
264650.583282849,3842614.06745387,653.891343994288,L4_1,347.0,,
264650.583282849,3842614.06745387,653.891343994288,L4_1,347.0,,
264650.583282849,3842614.06745387,653.891343994288,L4_1,347.0,,
264650.583282849,3842614.06745387,653.891343994288,L4_1,347.0,,
264650.583282849,3842614.06745387,653.891343994288,L4_1,347.0,,
264650.583282849,3842614.06745387,653.891343994288,L4_1,347.0,,
264650.583282849,3842614.06745387,653.891343994288,L4_1,347.0,,
264650.583282849,3842614.06745387,653.891343994288,L4_1,347.0,,
264655.538058932,3842617.46137493,653.978016832312,L4_1,353.0,653.978016832312,14.8731428235964
264655.538058932,3842617.46137493,653.978016832312,L4_1,353.0,648.801189502162,12.9160834334174
264655.538058932,3842617.46137493,653.978016832312,L4_1,353.0,643.365520805504,7.76461630675681
264655.538058932,3842617.46137493,653.978016832312,L4_1,353.0,637.658068674013,3.92631069993545
264655.538058932,3842617.46137493,653.978016832312,L4_1,353.0,631.665243935948,2.56038178363393
264655.538058932,3842617.46137493,653.978016832312,L4_1,353.0,625.372777960979,2.38391328170089
264655.538058932,3842617.46137493,653.978016832312,L4_1,353.0,618.765688687263,2.66258021190054
264655.538058932,3842617.46137493,653.978016832312,L4_1,353.0,611.82824494986,2.96296682367023
264655.538058932,3842617.46137493,653.978016832312,L4_1,353.0,604.543929025587,3.15084904247575
264655.538058932,3842617.46137493,653.978016832312,L4_1,353.0,596.8953973051,3.34703937251557
264655.538058932,3842617.46137493,653.978016832312,L4_1,353.0,588.864438998589,3.70674672006086
264655.538058932,3842617.46137493,653.978016832312,L4_1,353.0,580.431932776753,4.31767931205657
264655.538058932,3842617.46137493,653.978016832312,L4_1,353.0,571.577801243825,5.2039162453998
264655.538058932,3842617.46137493,653.978016832312,L4_1,353.0,562.28096313425,6.33809452930456
264655.538058932,3842617.46137493,653.978016832312,L4_1,353.0,552.519283119197,7.65156160971401
264655.538058932,3842617.46137493,653.978016832312,L4_1,353.0,542.269519103391,9.05458972109632
264655.538058932,3842617.46137493,653.978016832312,L4_1,353.0,531.507266886794,10.459957789274
264655.538058932,3842617.46137493,653.978016832312,L4_1,353.0,520.206902059368,11.7963976558945
264655.538058932,3842617.46137493,653.978016832312,L4_1,353.0,508.34151899057,13.0101605926542
264655.538058932,3842617.46137493,653.978016832312,L4_1,353.0,495.882866768333,14.062278747088
264655.538058932,3842617.46137493,653.978016832312,L4_1,353.0,482.801281934984,14.9271833556806
264655.538058932,3842617.46137493,653.978016832312,L4_1,353.0,469.065617859967,15.5929880484902
264655.538058932,3842617.46137493,653.978016832312,L4_1,353.0,454.6431705812,16.0614232890876
264655.538058932,3842617.46137493,653.978016832312,L4_1,353.0,439.499600938494,16.3460295644704
264655.538058932,3842617.46137493,653.978016832312,L4_1,353.0,423.598852813652,16.468610182815
264655.538058932,3842617.46137493,653.978016832312,L4_1,353.0,406.903067282569,16.4547913476537
264655.538058932,3842617.46137493,653.978016832312,L4_1,353.0,389.372492474932,16.3295598820374
264655.538058932,3842617.46137493,653.978016832312,L4_1,353.0,370.965388926912,16.1133709102854
264655.538058932,3842617.46137493,653.978016832312,L4_1,353.0,351.637930201492,15.8190301195846
264655.538058932,3842617.46137493,653.978016832312,L4_1,353.0,331.344098539801,15.4497518713629
264655.538058932,3842617.46137493,653.978016832312,L4_1,353.0,310.035575295025,15.0044858348277
264655.538058932,3842617.46137493,653.978016832312,L4_1,353.0,287.669414477938,14.4953197612431
264655.538058932,3842617.46137493,653.978016832312,L4_1,353.0,264.979217008397,13.95696395945
264655.538058932,3842617.46137493,653.978016832312,L4_1,353.0,241.154509665379,13.4172236647125
264655.538058932,3842617.46137493,653.978016832312,L4_1,353.0,216.13856695521,12.8758863375829
264655.538058932,3842617.46137493,653.978016832312,L4_1,353.0,189.871827109532,12.3244289538859
264655.538058932,3842617.46137493,653.978016832312,L4_1,353.0,162.291750271571,11.762440581115
264655.538058932,3842617.46137493,653.978016832312,L4_1,353.0,133.332669591712,11.1972951774237
264655.538058932,3842617.46137493,653.978016832312,L4_1,353.0,102.925634877859,10.6395100594628
264655.538058932,3842617.46137493,653.978016832312,L4_1,353.0,70.9982484283146,10.0999783559035
264655.538058932,3842617.46137493,653.978016832312,L4_1,353.0,,
264655.538058932,3842617.46137493,653.978016832312,L4_1,353.0,,
264655.538058932,3842617.46137493,653.978016832312,L4_1,353.0,,
264655.538058932,3842617.46137493,653.978016832312,L4_1,353.0,,
264655.538058932,3842617.46137493,653.978016832312,L4_1,353.0,,
264655.538058932,3842617.46137493,653.978016832312,L4_1,353.0,,
264655.538058932,3842617.46137493,653.978016832312,L4_1,353.0,,
264655.538058932,3842617.46137493,653.978016832312,L4_1,353.0,,
264655.538058932,3842617.46137493,653.978016832312,L4_1,353.0,,
264655.538058932,3842617.46137493,653.978016832312,L4_1,353.0,,
264655.538058932,3842617.46137493,653.978016832312,L4_1,353.0,,
264655.538058932,3842617.46137493,653.978016832312,L4_1,353.0,,
264655.538058932,3842617.46137493,653.978016832312,L4_1,353.0,,
264655.538058932,3842617.46137493,653.978016832312,L4_1,353.0,,
264655.538058932,3842617.46137493,653.978016832312,L4_1,353.0,,
264655.538058932,3842617.46137493,653.978016832312,L4_1,353.0,,
264655.538058932,3842617.46137493,653.978016832312,L4_1,353.0,,
264655.538058932,3842617.46137493,653.978016832312,L4_1,353.0,,
264655.538058932,3842617.46137493,653.978016832312,L4_1,353.0,,
264655.538058932,3842617.46137493,653.978016832312,L4_1,353.0,,
264655.538058932,3842617.46137493,653.978016832312,L4_1,353.0,,
264660.905726462,3842621.13820046,654.064689670335,L4_1,359.5,654.064689670335,19.5924679433869
264660.905726462,3842621.13820046,654.064689670335,L4_1,359.5,648.886636706288,14.7901258062462
264660.905726462,3842621.13820046,654.064689670335,L4_1,359.5,643.449681094038,7.6026156734172
264660.905726462,3842621.13820046,654.064689670335,L4_1,359.5,637.740877701176,3.85331877373476
264660.905726462,3842621.13820046,654.064689670335,L4_1,359.5,631.74663413867,2.59139412062073
264660.905726462,3842621.13820046,654.064689670335,L4_1,359.5,625.45267839804,2.43866437345074
264660.905726462,3842621.13820046,654.064689670335,L4_1,359.5,618.844024870378,2.7015340025869
264660.905726462,3842621.13820046,654.064689670335,L4_1,359.5,611.904938666332,2.96558905361207
264660.905726462,3842621.13820046,654.064689670335,L4_1,359.5,604.618898152085,3.11802543902405
264660.905726462,3842621.13820046,654.064689670335,L4_1,359.5,596.968555612125,3.29237281029011
264660.905726462,3842621.13820046,654.064689670335,L4_1,359.5,588.935695945167,3.64567581446709
264660.905726462,3842621.13820046,654.064689670335,L4_1,359.5,580.501193294861,4.26400185593656
264660.905726462,3842621.13820046,654.064689670335,L4_1,359.5,571.644965512039,5.16918818081782
264660.905726462,3842621.13820046,654.064689670335,L4_1,359.5,562.345926340077,6.32990421795871
264660.905726462,3842621.13820046,654.064689670335,L4_1,359.5,552.581935209517,7.67130591842444
264660.905726462,3842621.13820046,654.064689670335,L4_1,359.5,542.329744522428,9.09691232522836
264660.905726462,3842621.13820046,654.064689670335,L4_1,359.5,531.564944300986,10.5145039526858
264660.905726462,3842621.13820046,654.064689670335,L4_1,359.5,520.261904068471,11.8507746837783
264660.905726462,3842621.13820046,654.064689670335,L4_1,359.5,508.39371182433,13.0527831971092
264660.905726462,3842621.13820046,654.064689670335,L4_1,359.5,495.932109967982,14.0844368217645
264660.905726462,3842621.13820046,654.064689670335,L4_1,359.5,482.847428018817,14.9241761904748
264660.905726462,3842621.13820046,654.064689670335,L4_1,359.5,469.108511972194,15.5643241102532
264660.905726462,3842621.13820046,654.064689670335,L4_1,359.5,454.682650123239,16.0102062511691
264660.905726462,3842621.13820046,654.064689670335,L4_1,359.5,439.535495181837,16.2777958831446
264660.905726462,3842621.13820046,654.064689670335,L4_1,359.5,423.630982493365,16.3899837442903
264660.905726462,3842621.13820046,654.064689670335,L4_1,359.5,406.931244170469,16.3722808533626
264660.905726462,3842621.13820046,654.064689670335,L4_1,359.5,389.396518931428,16.2486933769115
264660.905726462,3842621.13820046,654.064689670335,L4_1,359.5,370.985057430435,16.0382468720625
264660.905726462,3842621.13820046,654.064689670335,L4_1,359.5,351.653022854392,15.752214758388
264660.905726462,3842621.13820046,654.064689670335,L4_1,359.5,331.354386549548,15.3924070175711
264660.905726462,3842621.13820046,654.064689670335,L4_1,359.5,310.040818429461,14.9565980215003
264660.905726462,3842621.13820046,654.064689670335,L4_1,359.5,287.669414477938,14.4559803605019
264660.905726462,3842621.13820046,654.064689670335,L4_1,359.5,264.979217008397,13.9250773027852
264660.905726462,3842621.13820046,654.064689670335,L4_1,359.5,241.154509665379,13.3917699464805
264660.905726462,3842621.13820046,654.064689670335,L4_1,359.5,216.13856695521,12.8557519499773
264660.905726462,3842621.13820046,654.064689670335,L4_1,359.5,189.871827109532,12.3085522890889
264660.905726462,3842621.13820046,654.064689670335,L4_1,359.5,162.291750271571,11.7498896505014
264660.905726462,3842621.13820046,654.064689670335,L4_1,359.5,133.332669591712,11.1873015025532
264660.905726462,3842621.13820046,654.064689670335,L4_1,359.5,102.925634877859,10.6314763311419
264660.905726462,3842621.13820046,654.064689670335,L4_1,359.5,70.9982484283146,10.0934606733366
264660.905726462,3842621.13820046,654.064689670335,L4_1,359.5,,
264660.905726462,3842621.13820046,654.064689670335,L4_1,359.5,,
264660.905726462,3842621.13820046,654.064689670335,L4_1,359.5,,
264660.905726462,3842621.13820046,654.064689670335,L4_1,359.5,,
264660.905726462,3842621.13820046,654.064689670335,L4_1,359.5,,
264660.905726462,3842621.13820046,654.064689670335,L4_1,359.5,,
264660.905726462,3842621.13820046,654.064689670335,L4_1,359.5,,
264660.905726462,3842621.13820046,654.064689670335,L4_1,359.5,,
264660.905726462,3842621.13820046,654.064689670335,L4_1,359.5,,
264660.905726462,3842621.13820046,654.064689670335,L4_1,359.5,,
264660.905726462,3842621.13820046,654.064689670335,L4_1,359.5,,
264660.905726462,3842621.13820046,654.064689670335,L4_1,359.5,,
264660.905726462,3842621.13820046,654.064689670335,L4_1,359.5,,
264660.905726462,3842621.13820046,654.064689670335,L4_1,359.5,,
264660.905726462,3842621.13820046,654.064689670335,L4_1,359.5,,
264660.905726462,3842621.13820046,654.064689670335,L4_1,359.5,,
264660.905726462,3842621.13820046,654.064689670335,L4_1,359.5,,
264660.905726462,3842621.13820046,654.064689670335,L4_1,359.5,,
264660.905726462,3842621.13820046,654.064689670335,L4_1,359.5,,
264660.905726462,3842621.13820046,654.064689670335,L4_1,359.5,,
264660.905726462,3842621.13820046,654.064689670335,L4_1,359.5,,
264665.86049649,3842624.53219326,654.201786987532,L4_1,365.5,654.201786987532,17.7909734784408
264665.86049649,3842624.53219326,654.201786987532,L4_1,365.5,649.021795340928,13.5314477726673
264665.86049649,3842624.53219326,654.201786987532,L4_1,365.5,643.582804111994,7.25788252143844
264665.86049649,3842624.53219326,654.201786987532,L4_1,365.5,637.871863321614,3.90727855235929
264665.86049649,3842624.53219326,654.201786987532,L4_1,365.5,631.875375491714,2.70872865314305
264665.86049649,3842624.53219326,654.201786987532,L4_1,365.5,625.57906327032,2.54040475106603
264665.86049649,3842624.53219326,654.201786987532,L4_1,365.5,618.967935437856,2.76040657296635
264665.86049649,3842624.53219326,654.201786987532,L4_1,365.5,612.026251213769,2.97291852848142
264665.86049649,3842624.53219326,654.201786987532,L4_1,365.5,604.737482778477,3.08533889945534
264665.86049649,3842624.53219326,654.201786987532,L4_1,365.5,597.084275921421,3.23869126262218
264665.86049649,3842624.53219326,654.201786987532,L4_1,365.5,589.048408721511,3.58765794329537
264665.86049649,3842624.53219326,654.201786987532,L4_1,365.5,580.610748161607,4.21504992214392
264665.86049649,3842624.53219326,654.201786987532,L4_1,365.5,571.751204573707,5.14008713324025
264665.86049649,3842624.53219326,654.201786987532,L4_1,365.5,562.448683806412,6.32735433479162
264665.86049649,3842624.53219326,654.201786987532,L4_1,365.5,552.681037000753,7.69578021958297
264665.86049649,3842624.53219326,654.201786987532,L4_1,365.5,542.42500785481,9.14231199092321
264665.86049649,3842624.53219326,654.201786987532,L4_1,365.5,531.656177251571,10.5701572270916
264665.86049649,3842624.53219326,654.201786987532,L4_1,365.5,520.348905118169,11.9044720605974
264665.86049649,3842624.53219326,654.201786987532,L4_1,365.5,508.476269378097,13.0934923409033
264665.86049649,3842624.53219326,654.201786987532,L4_1,365.5,496.010001851022,14.1041417067708
264665.86049649,3842624.53219326,654.201786987532,L4_1,365.5,482.920420947593,14.9187901752526
264665.86049649,3842624.53219326,654.201786987532,L4_1,365.5,469.176360998993,15.5337477343401
264665.86049649,3842624.53219326,654.201786987532,L4_1,365.5,454.745098052962,15.9576716030556
264665.86049649,3842624.53219326,654.201786987532,L4_1,365.5,439.59227195963,16.2087523067947
264665.86049649,3842624.53219326,654.201786987532,L4_1,365.5,423.681804561631,16.3108424019398
264665.86049649,3842624.53219326,654.201786987532,L4_1,365.5,406.975813793733,16.2893017805356
264665.86049649,3842624.53219326,654.201786987532,L4_1,365.5,389.434523487439,16.1671938016776
264665.86049649,3842624.53219326,654.201786987532,L4_1,365.5,371.016168665831,15.9621887029187
264665.86049649,3842624.53219326,654.201786987532,L4_1,365.5,351.676896103143,15.6841037275173
264665.86049649,3842624.53219326,654.201786987532,L4_1,365.5,331.37065991232,15.3334065584287
264665.86049649,3842624.53219326,654.201786987532,L4_1,365.5,310.049111911955,14.9067415084931
264665.86049649,3842624.53219326,654.201786987532,L4_1,365.5,287.669414477938,14.4144331915053
264665.86049649,3842624.53219326,654.201786987532,L4_1,365.5,264.979217008397,13.8908503414301
264665.86049649,3842624.53219326,654.201786987532,L4_1,365.5,241.154509665379,13.3639639465502
264665.86049649,3842624.53219326,654.201786987532,L4_1,365.5,216.13856695521,12.8333525443654
264665.86049649,3842624.53219326,654.201786987532,L4_1,365.5,189.871827109532,12.2905686257017
264665.86049649,3842624.53219326,654.201786987532,L4_1,365.5,162.291750271571,11.7354346265709
264665.86049649,3842624.53219326,654.201786987532,L4_1,365.5,133.332669591712,11.1756312521922
264665.86049649,3842624.53219326,654.201786987532,L4_1,365.5,102.925634877859,10.6220005592188
264665.86049649,3842624.53219326,654.201786987532,L4_1,365.5,70.9982484283146,10.0857302664111
264665.86049649,3842624.53219326,654.201786987532,L4_1,365.5,,
264665.86049649,3842624.53219326,654.201786987532,L4_1,365.5,,
264665.86049649,3842624.53219326,654.201786987532,L4_1,365.5,,
264665.86049649,3842624.53219326,654.201786987532,L4_1,365.5,,
264665.86049649,3842624.53219326,654.201786987532,L4_1,365.5,,
264665.86049649,3842624.53219326,654.201786987532,L4_1,365.5,,
264665.86049649,3842624.53219326,654.201786987532,L4_1,365.5,,
264665.86049649,3842624.53219326,654.201786987532,L4_1,365.5,,
264665.86049649,3842624.53219326,654.201786987532,L4_1,365.5,,
264665.86049649,3842624.53219326,654.201786987532,L4_1,365.5,,
264665.86049649,3842624.53219326,654.201786987532,L4_1,365.5,,
264665.86049649,3842624.53219326,654.201786987532,L4_1,365.5,,
264665.86049649,3842624.53219326,654.201786987532,L4_1,365.5,,
264665.86049649,3842624.53219326,654.201786987532,L4_1,365.5,,
264665.86049649,3842624.53219326,654.201786987532,L4_1,365.5,,
264665.86049649,3842624.53219326,654.201786987532,L4_1,365.5,,
264665.86049649,3842624.53219326,654.201786987532,L4_1,365.5,,
264665.86049649,3842624.53219326,654.201786987532,L4_1,365.5,,
264665.86049649,3842624.53219326,654.201786987532,L4_1,365.5,,
264665.86049649,3842624.53219326,654.201786987532,L4_1,365.5,,
264665.86049649,3842624.53219326,654.201786987532,L4_1,365.5,,
264671.22816402,3842628.20901879,654.389290512843,L4_1,372.0,654.389290512843,10.4815288039805
264671.22816402,3842628.20901879,654.389290512843,L4_1,372.0,649.206647393394,9.59730485093348
264671.22816402,3842628.20901879,654.389290512843,L4_1,372.0,643.764872117972,6.77674731461493
264671.22816402,3842628.20901879,654.389290512843,L4_1,372.0,638.05100807878,4.10582685857666
264671.22816402,3842628.20901879,654.389290512843,L4_1,372.0,632.051450837628,2.92239087416578
264671.22816402,3842628.20901879,654.389290512843,L4_1,372.0,625.751915734418,2.69400834275143
264671.22816402,3842628.20901879,654.389290512843,L4_1,372.0,619.137403876048,2.84354819446436
264671.22816402,3842628.20901879,654.389290512843,L4_1,372.0,612.192166424759,2.99022492770569
264671.22816402,3842628.20901879,654.389290512843,L4_1,372.0,604.899667100906,3.05798897489088
264671.22816402,3842628.20901879,654.389290512843,L4_1,372.0,597.24254281086,3.19017665556154
264671.22816402,3842628.20901879,654.389290512843,L4_1,372.0,589.202562306312,3.53567357120532
264671.22816402,3842628.20901879,654.389290512843,L4_1,372.0,580.760582776536,4.17279659294269
264671.22816402,3842628.20901879,654.389290512843,L4_1,372.0,571.896504270272,5.11783480609666
264671.22816402,3842628.20901879,654.389290512843,L4_1,372.0,562.589221838694,6.33113906582935
264671.22816402,3842628.20901879,654.389290512843,L4_1,372.0,552.816575285538,7.72533042265306
264671.22816402,3842628.20901879,654.389290512843,L4_1,372.0,542.555296404724,9.19092183123561
264671.22816402,3842628.20901879,654.389290512843,L4_1,372.0,531.780953579869,10.6269333070504
264671.22816402,3842628.20901879,654.389290512843,L4_1,372.0,520.467893613771,11.9574501036138
264671.22816402,3842628.20901879,654.389290512843,L4_1,372.0,508.589180649368,13.1322294298554
264671.22816402,3842628.20901879,654.389290512843,L4_1,372.0,496.116532036746,14.1213338082909
264671.22816402,3842628.20901879,654.389290512843,L4_1,372.0,483.020250993492,14.9109708461447
264671.22816402,3842628.20901879,654.389290512843,L4_1,372.0,469.269155898075,15.5012099516122
264671.22816402,3842628.20901879,654.389290512843,L4_1,372.0,454.830506047888,15.9037748696017
264671.22816402,3842628.20901879,654.389290512843,L4_1,372.0,439.669923705191,16.1388588512041
264671.22816402,3842628.20901879,654.389290512843,L4_1,372.0,423.75131224536,16.2311517486469
264671.22816402,3842628.20901879,654.389290512843,L4_1,372.0,407.036770212536,16.2058266705945
264671.22816402,3842628.20901879,654.389290512843,L4_1,372.0,389.486501078072,16.0850414401542
264671.22816402,3842628.20901879,654.389290512843,L4_1,372.0,371.058718486885,15.8851841246607
264671.22816402,3842628.20901879,654.389290512843,L4_1,372.0,351.709546766138,15.6146909457127
264671.22816402,3842628.20901879,654.389290512843,L4_1,372.0,331.392916459353,15.2727488600633
264671.22816402,3842628.20901879,654.389290512843,L4_1,372.0,310.06045463723,14.8549173562152
264671.22816402,3842628.20901879,654.389290512843,L4_1,372.0,287.669414477938,14.3706805463166
264671.22816402,3842628.20901879,654.389290512843,L4_1,372.0,264.979217008397,13.8542855551143
264671.22816402,3842628.20901879,654.389290512843,L4_1,372.0,241.154509665379,13.3338077366887
264671.22816402,3842628.20901879,654.389290512843,L4_1,372.0,216.13856695521,12.8086895476641
264671.22816402,3842628.20901879,654.389290512843,L4_1,372.0,189.871827109532,12.2704787582445
264671.22816402,3842628.20901879,654.389290512843,L4_1,372.0,162.291750271571,11.7190758128069
264671.22816402,3842628.20901879,654.389290512843,L4_1,372.0,133.332669591712,11.1622844074199
264671.22816402,3842628.20901879,654.389290512843,L4_1,372.0,102.925634877859,10.6110825227939
264671.22816402,3842628.20901879,654.389290512843,L4_1,372.0,70.9982484283146,10.0767868221874
264671.22816402,3842628.20901879,654.389290512843,L4_1,372.0,,
264671.22816402,3842628.20901879,654.389290512843,L4_1,372.0,,
264671.22816402,3842628.20901879,654.389290512843,L4_1,372.0,,
264671.22816402,3842628.20901879,654.389290512843,L4_1,372.0,,
264671.22816402,3842628.20901879,654.389290512843,L4_1,372.0,,
264671.22816402,3842628.20901879,654.389290512843,L4_1,372.0,,
264671.22816402,3842628.20901879,654.389290512843,L4_1,372.0,,
264671.22816402,3842628.20901879,654.389290512843,L4_1,372.0,,
264671.22816402,3842628.20901879,654.389290512843,L4_1,372.0,,
264671.22816402,3842628.20901879,654.389290512843,L4_1,372.0,,
264671.22816402,3842628.20901879,654.389290512843,L4_1,372.0,,
264671.22816402,3842628.20901879,654.389290512843,L4_1,372.0,,
264671.22816402,3842628.20901879,654.389290512843,L4_1,372.0,,
264671.22816402,3842628.20901879,654.389290512843,L4_1,372.0,,
264671.22816402,3842628.20901879,654.389290512843,L4_1,372.0,,
264671.22816402,3842628.20901879,654.389290512843,L4_1,372.0,,
264671.22816402,3842628.20901879,654.389290512843,L4_1,372.0,,
264671.22816402,3842628.20901879,654.389290512843,L4_1,372.0,,
264671.22816402,3842628.20901879,654.389290512843,L4_1,372.0,,
264671.22816402,3842628.20901879,654.389290512843,L4_1,372.0,,
264671.22816402,3842628.20901879,654.389290512843,L4_1,372.0,,
264676.182924595,3842631.6029502,654.576794038154,L4_1,378.0,654.576794038154,9.33053947998371
264676.182924595,3842631.6029502,654.576794038154,L4_1,378.0,649.39149944586,9.05108720599313
264676.182924595,3842631.6029502,654.576794038154,L4_1,378.0,643.946940123951,7.01780077319877
264676.182924595,3842631.6029502,654.576794038154,L4_1,378.0,638.230152835946,4.4518224012598
264676.182924595,3842631.6029502,654.576794038154,L4_1,378.0,632.227526183541,3.17939514812073
264676.182924595,3842631.6029502,654.576794038154,L4_1,378.0,625.924768198516,2.8703548418493
264676.182924595,3842631.6029502,654.576794038154,L4_1,378.0,619.30687231424,2.94798173159822
264676.182924595,3842631.6029502,654.576794038154,L4_1,378.0,612.35808163575,3.03092091618149
264676.182924595,3842631.6029502,654.576794038154,L4_1,378.0,605.061851423335,3.05451759328543
264676.182924595,3842631.6029502,654.576794038154,L4_1,378.0,597.400809700299,3.1643366401319
264676.182924595,3842631.6029502,654.576794038154,L4_1,378.0,589.356715891112,3.50438245086161
264676.182924595,3842631.6029502,654.576794038154,L4_1,378.0,580.910417391466,4.14880351787534
264676.182924595,3842631.6029502,654.576794038154,L4_1,378.0,572.041803966837,5.11088862720988
264676.182924595,3842631.6029502,654.576794038154,L4_1,378.0,562.729759870977,6.34668353534199
264676.182924595,3842631.6029502,654.576794038154,L4_1,378.0,552.952113570323,7.76265473667065
264676.182924595,3842631.6029502,654.576794038154,L4_1,378.0,542.685584954637,9.24329129737415
264676.182924595,3842631.6029502,654.576794038154,L4_1,378.0,531.905729908167,10.6839365297624
264676.182924595,3842631.6029502,654.576794038154,L4_1,378.0,520.586882109373,12.0080110362388
264676.182924595,3842631.6029502,654.576794038154,L4_1,378.0,508.70209192064,13.1669753021793
264676.182924595,3842631.6029502,654.576794038154,L4_1,378.0,496.223062222469,14.1339751055699
264676.182924595,3842631.6029502,654.576794038154,L4_1,378.0,483.120081039391,14.8988261261627
264676.182924595,3842631.6029502,654.576794038154,L4_1,378.0,469.361950797158,15.4650429459269
264676.182924595,3842631.6029502,654.576794038154,L4_1,378.0,454.915914042814,15.8471081171251
264676.182924595,3842631.6029502,654.576794038154,L4_1,378.0,439.747575450752,16.0669753498771
264676.182924595,3842631.6029502,654.576794038154,L4_1,378.0,423.820819929088,16.1500265190596
264676.182924595,3842631.6029502,654.576794038154,L4_1,378.0,407.09772663134,16.1212056147647
264676.182924595,3842631.6029502,654.576794038154,L4_1,378.0,389.538478668705,16.0017944476161
264676.182924595,3842631.6029502,654.576794038154,L4_1,378.0,371.101268307938,15.8069611443736
264676.182924595,3842631.6029502,654.576794038154,L4_1,378.0,351.742197429133,15.5438359060139
264676.182924595,3842631.6029502,654.576794038154,L4_1,378.0,331.415173006387,15.2103868869187
264676.182924595,3842631.6029502,654.576794038154,L4_1,378.0,310.071797362504,14.8011293812456
264676.182924595,3842631.6029502,654.576794038154,L4_1,378.0,287.669414477938,14.3247456774663
264676.182924595,3842631.6029502,654.576794038154,L4_1,378.0,264.979217008397,13.8154093635926
264676.182924595,3842631.6029502,654.576794038154,L4_1,378.0,241.154509665379,13.3013271523266
264676.182924595,3842631.6029502,654.576794038154,L4_1,378.0,216.13856695521,12.7817884843446
264676.182924595,3842631.6029502,654.576794038154,L4_1,378.0,189.871827109532,12.2483077203495
264676.182924595,3842631.6029502,654.576794038154,L4_1,378.0,162.291750271571,11.7008371034492
264676.182924595,3842631.6029502,654.576794038154,L4_1,378.0,133.332669591712,11.1472820243919
264676.182924595,3842631.6029502,654.576794038154,L4_1,378.0,102.925634877859,10.5987402713731
264676.182924595,3842631.6029502,654.576794038154,L4_1,378.0,70.9982484283146,10.0666446651002
264676.182924595,3842631.6029502,654.576794038154,L4_1,378.0,,
264676.182924595,3842631.6029502,654.576794038154,L4_1,378.0,,
264676.182924595,3842631.6029502,654.576794038154,L4_1,378.0,,
264676.182924595,3842631.6029502,654.576794038154,L4_1,378.0,,
264676.182924595,3842631.6029502,654.576794038154,L4_1,378.0,,
264676.182924595,3842631.6029502,654.576794038154,L4_1,378.0,,
264676.182924595,3842631.6029502,654.576794038154,L4_1,378.0,,
264676.182924595,3842631.6029502,654.576794038154,L4_1,378.0,,
264676.182924595,3842631.6029502,654.576794038154,L4_1,378.0,,
264676.182924595,3842631.6029502,654.576794038154,L4_1,378.0,,
264676.182924595,3842631.6029502,654.576794038154,L4_1,378.0,,
264676.182924595,3842631.6029502,654.576794038154,L4_1,378.0,,
264676.182924595,3842631.6029502,654.576794038154,L4_1,378.0,,
264676.182924595,3842631.6029502,654.576794038154,L4_1,378.0,,
264676.182924595,3842631.6029502,654.576794038154,L4_1,378.0,,
264676.182924595,3842631.6029502,654.576794038154,L4_1,378.0,,
264676.182924595,3842631.6029502,654.576794038154,L4_1,378.0,,
264676.182924595,3842631.6029502,654.576794038154,L4_1,378.0,,
264676.182924595,3842631.6029502,654.576794038154,L4_1,378.0,,
264676.182924595,3842631.6029502,654.576794038154,L4_1,378.0,,
264676.182924595,3842631.6029502,654.576794038154,L4_1,378.0,,
264681.550571644,3842635.27964273,654.764297563466,L4_1,384.5,654.764297563466,13.2255062457845
264681.550571644,3842635.27964273,654.764297563466,L4_1,384.5,649.576351498326,11.6836984029163
264681.550571644,3842635.27964273,654.764297563466,L4_1,384.5,644.129008129929,8.06506232174178
264681.550571644,3842635.27964273,654.764297563466,L4_1,384.5,638.409297593112,4.96419898114611
264681.550571644,3842635.27964273,654.764297563466,L4_1,384.5,632.403601529455,3.48753340588041
264681.550571644,3842635.27964273,654.764297563466,L4_1,384.5,626.097620662614,3.08179795417258
264681.550571644,3842635.27964273,654.764297563466,L4_1,384.5,619.476340752432,3.08826892233491
264681.550571644,3842635.27964273,654.764297563466,L4_1,384.5,612.52399684674,3.10766176800349
264681.550571644,3842635.27964273,654.764297563466,L4_1,384.5,605.224035745764,3.08409934028348
264681.550571644,3842635.27964273,654.764297563466,L4_1,384.5,597.559076589739,3.16738888777165
264681.550571644,3842635.27964273,654.764297563466,L4_1,384.5,589.510869475913,3.49805534960498
264681.550571644,3842635.27964273,654.764297563466,L4_1,384.5,581.060252006395,4.14610263556501
264681.550571644,3842635.27964273,654.764297563466,L4_1,384.5,572.187103663402,5.12140104906693
264681.550571644,3842635.27964273,654.764297563466,L4_1,384.5,562.870297903259,6.37544079063111
264681.550571644,3842635.27964273,654.764297563466,L4_1,384.5,553.087651855108,7.80864640751995
264681.550571644,3842635.27964273,654.764297563466,L4_1,384.5,542.815873504551,9.29990194698673
264681.550571644,3842635.27964273,654.764297563466,L4_1,384.5,532.030506236465,10.7413808886861
264681.550571644,3842635.27964273,654.764297563466,L4_1,384.5,520.705870604975,12.0562175146803
264681.550571644,3842635.27964273,654.764297563466,L4_1,384.5,508.815003191911,13.1977198123604
264681.550571644,3842635.27964273,654.764297563466,L4_1,384.5,496.329592408193,14.1420275375407
264681.550571644,3842635.27964273,654.764297563466,L4_1,384.5,483.21991108529,14.8823110837001
264681.550571644,3842635.27964273,654.764297563466,L4_1,384.5,469.454745696241,15.4252024563268
264681.550571644,3842635.27964273,654.764297563466,L4_1,384.5,455.00132203774,15.7876297156402
264681.550571644,3842635.27964273,654.764297563466,L4_1,384.5,439.825227196314,15.9930634752908
264681.550571644,3842635.27964273,654.764297563466,L4_1,384.5,423.890327612816,16.067432661436
264681.550571644,3842635.27964273,654.764297563466,L4_1,384.5,407.158683050144,16.0354101869139
264681.550571644,3842635.27964273,654.764297563466,L4_1,384.5,389.590456259338,15.9174309357904
264681.550571644,3842635.27964273,654.764297563466,L4_1,384.5,371.143818128991,15.7275044501789
264681.550571644,3842635.27964273,654.764297563466,L4_1,384.5,351.774848092128,15.4715291401932
264681.550571644,3842635.27964273,654.764297563466,L4_1,384.5,331.437429553421,15.14631576389
264681.550571644,3842635.27964273,654.764297563466,L4_1,384.5,310.083140087779,14.7453759027451
264681.550571644,3842635.27964273,654.764297563466,L4_1,384.5,287.669414477938,14.2766288423604
264681.550571644,3842635.27964273,654.764297563466,L4_1,384.5,264.979217008397,13.7742229386802
264681.550571644,3842635.27964273,654.764297563466,L4_1,384.5,241.154509665379,13.2665235374651
264681.550571644,3842635.27964273,654.764297563466,L4_1,384.5,216.13856695521,12.752650457859
264681.550571644,3842635.27964273,654.764297563466,L4_1,384.5,189.871827109532,12.2240562418117
264681.550571644,3842635.27964273,654.764297563466,L4_1,384.5,162.291750271571,11.6807188868596
264681.550571644,3842635.27964273,654.764297563466,L4_1,384.5,133.332669591712,11.1306241918027
264681.550571644,3842635.27964273,654.764297563466,L4_1,384.5,102.925634877859,10.5849737076149
264681.550571644,3842635.27964273,654.764297563466,L4_1,384.5,70.9982484283146,10.0553036274163
264681.550571644,3842635.27964273,654.764297563466,L4_1,384.5,,
264681.550571644,3842635.27964273,654.764297563466,L4_1,384.5,,
264681.550571644,3842635.27964273,654.764297563466,L4_1,384.5,,
264681.550571644,3842635.27964273,654.764297563466,L4_1,384.5,,
264681.550571644,3842635.27964273,654.764297563466,L4_1,384.5,,
264681.550571644,3842635.27964273,654.764297563466,L4_1,384.5,,
264681.550571644,3842635.27964273,654.764297563466,L4_1,384.5,,
264681.550571644,3842635.27964273,654.764297563466,L4_1,384.5,,
264681.550571644,3842635.27964273,654.764297563466,L4_1,384.5,,
264681.550571644,3842635.27964273,654.764297563466,L4_1,384.5,,
264681.550571644,3842635.27964273,654.764297563466,L4_1,384.5,,
264681.550571644,3842635.27964273,654.764297563466,L4_1,384.5,,
264681.550571644,3842635.27964273,654.764297563466,L4_1,384.5,,
264681.550571644,3842635.27964273,654.764297563466,L4_1,384.5,,
264681.550571644,3842635.27964273,654.764297563466,L4_1,384.5,,
264681.550571644,3842635.27964273,654.764297563466,L4_1,384.5,,
264681.550571644,3842635.27964273,654.764297563466,L4_1,384.5,,
264681.550571644,3842635.27964273,654.764297563466,L4_1,384.5,,
264681.550571644,3842635.27964273,654.764297563466,L4_1,384.5,,
264681.550571644,3842635.27964273,654.764297563466,L4_1,384.5,,
264681.550571644,3842635.27964273,654.764297563466,L4_1,384.5,,
264686.505322766,3842638.67351276,655.003954787679,L4_1,390.5,655.003954787679,13.3382247164513
264686.505322766,3842638.67351276,655.003954787679,L4_1,390.5,649.812619748272,11.7266171571352
264686.505322766,3842638.67351276,655.003954787679,L4_1,390.5,644.361717956895,8.04988629549476
264686.505322766,3842638.67351276,655.003954787679,L4_1,390.5,638.638271075949,5.00572498368107
264686.505322766,3842638.67351276,655.003954787679,L4_1,390.5,632.628651850956,3.59707770084434
264686.505322766,3842638.67351276,655.003954787679,L4_1,390.5,626.318551664713,3.22554836253702
264686.505322766,3842638.67351276,655.003954787679,L4_1,390.5,619.692946469158,3.22833819063006
264686.505322766,3842638.67351276,655.003954787679,L4_1,390.5,612.736061013826,3.21334713393957
264686.505322766,3842638.67351276,655.003954787679,L4_1,390.5,605.431331285726,3.14952518303171
264686.505322766,3842638.67351276,655.003954787679,L4_1,390.5,597.761365071222,3.20481947916908
264686.505322766,3842638.67351276,655.003954787679,L4_1,390.5,589.707900545992,3.5228095739138
264686.505322766,3842638.67351276,655.003954787679,L4_1,390.5,581.251762794501,4.17066168372879
264686.505322766,3842638.67351276,655.003954787679,L4_1,390.5,572.372818155436,5.15449173460854
264686.505322766,3842638.67351276,655.003954787679,L4_1,390.5,563.049926284417,6.42104459164711
264686.505322766,3842638.67351276,655.003954787679,L4_1,390.5,553.260889819847,7.86516687811977
264686.505322766,3842638.67351276,655.003954787679,L4_1,390.5,542.982401532049,9.36101924454477
264686.505322766,3842638.67351276,655.003954787679,L4_1,390.5,532.189988829861,10.7984095983196
264686.505322766,3842638.67351276,655.003954787679,L4_1,390.5,520.857955492563,12.1006049639345
264686.505322766,3842638.67351276,655.003954787679,L4_1,390.5,508.9593204884,13.2227786408038
264686.505322766,3842638.67351276,655.003954787679,L4_1,390.5,496.46575373403,14.1438164972837
264686.505322766,3842638.67351276,655.003954787679,L4_1,390.5,483.347508641941,14.8598697887173
264686.505322766,3842638.67351276,655.003954787679,L4_1,390.5,469.573351295247,15.3802930621116
264686.505322766,3842638.67351276,655.003954787679,L4_1,390.5,455.110486081219,15.7241135566939
264686.505322766,3842638.67351276,655.003954787679,L4_1,390.5,439.924477606489,15.9160671975339
264686.505322766,3842638.67351276,655.003954787679,L4_1,390.5,423.979168708023,15.9824907509273
264686.505322766,3842638.67351276,655.003954787679,L4_1,390.5,407.236594364633,15.9477372081311
264686.505322766,3842638.67351276,655.003954787679,L4_1,390.5,389.656891304074,15.831411929343
264686.505322766,3842638.67351276,655.003954787679,L4_1,390.5,371.198203090487,15.6464230211129
264686.505322766,3842638.67351276,655.003954787679,L4_1,390.5,351.816580466221,15.3975025218369
264686.505322766,3842638.67351276,655.003954787679,L4_1,390.5,331.465876710742,15.0803662639242
264686.505322766,3842638.67351276,655.003954787679,L4_1,390.5,310.097637767488,14.6875667299048
264686.505322766,3842638.67351276,655.003954787679,L4_1,390.5,287.669414477938,14.226294685206
264686.505322766,3842638.67351276,655.003954787679,L4_1,390.5,264.979217008397,13.7307272140081
264686.505322766,3842638.67351276,655.003954787679,L4_1,390.5,241.154509665379,13.2294187001829
264686.505322766,3842638.67351276,655.003954787679,L4_1,390.5,216.13856695521,12.7213065535165
264686.505322766,3842638.67351276,655.003954787679,L4_1,390.5,189.871827109532,12.1977573286943
264686.505322766,3842638.67351276,655.003954787679,L4_1,390.5,162.291750271571,11.6587519137115
264686.505322766,3842638.67351276,655.003954787679,L4_1,390.5,133.332669591712,11.1123374749205
264686.505322766,3842638.67351276,655.003954787679,L4_1,390.5,102.925634877859,10.5698049127705
264686.505322766,3842638.67351276,655.003954787679,L4_1,390.5,70.9982484283146,10.0427831605101
264686.505322766,3842638.67351276,655.003954787679,L4_1,390.5,,
264686.505322766,3842638.67351276,655.003954787679,L4_1,390.5,,
264686.505322766,3842638.67351276,655.003954787679,L4_1,390.5,,
264686.505322766,3842638.67351276,655.003954787679,L4_1,390.5,,
264686.505322766,3842638.67351276,655.003954787679,L4_1,390.5,,
264686.505322766,3842638.67351276,655.003954787679,L4_1,390.5,,
264686.505322766,3842638.67351276,655.003954787679,L4_1,390.5,,
264686.505322766,3842638.67351276,655.003954787679,L4_1,390.5,,
264686.505322766,3842638.67351276,655.003954787679,L4_1,390.5,,
264686.505322766,3842638.67351276,655.003954787679,L4_1,390.5,,
264686.505322766,3842638.67351276,655.003954787679,L4_1,390.5,,
264686.505322766,3842638.67351276,655.003954787679,L4_1,390.5,,
264686.505322766,3842638.67351276,655.003954787679,L4_1,390.5,,
264686.505322766,3842638.67351276,655.003954787679,L4_1,390.5,,
264686.505322766,3842638.67351276,655.003954787679,L4_1,390.5,,
264686.505322766,3842638.67351276,655.003954787679,L4_1,390.5,,
264686.505322766,3842638.67351276,655.003954787679,L4_1,390.5,,
264686.505322766,3842638.67351276,655.003954787679,L4_1,390.5,,
264686.505322766,3842638.67351276,655.003954787679,L4_1,390.5,,
264686.505322766,3842638.67351276,655.003954787679,L4_1,390.5,,
264686.505322766,3842638.67351276,655.003954787679,L4_1,390.5,,
264691.872969815,3842642.3502053,655.295740514523,L4_1,397.0,655.295740514523,9.54756649825104
264691.872969815,3842642.3502053,655.295740514523,L4_1,397.0,650.100279355726,9.10450861884668
264691.872969815,3842642.3502053,655.295740514523,L4_1,397.0,644.64504513899,6.93416953463709
264691.872969815,3842642.3502053,655.295740514523,L4_1,397.0,638.917049211417,4.55595375392603
264691.872969815,3842642.3502053,655.295740514523,L4_1,397.0,632.902653487466,3.495693248146
264691.872969815,3842642.3502053,655.295740514523,L4_1,397.0,626.587537977316,3.29822726289448
264691.872969815,3842642.3502053,655.295740514523,L4_1,397.0,619.95666669166,3.37033387192311
264691.872969815,3842642.3502053,655.295740514523,L4_1,397.0,612.99425184172,3.35104985623008
264691.872969815,3842642.3502053,655.295740514523,L4_1,397.0,605.683716249284,3.25300995942191
264691.872969815,3842642.3502053,655.295740514523,L4_1,397.0,598.007653877225,3.27818587721584
264691.872969815,3842642.3502053,655.295740514523,L4_1,397.0,589.947788386564,3.57999982434366
264691.872969815,3842642.3502053,655.295740514523,L4_1,397.0,581.48492962137,4.22381349304036
264691.872969815,3842642.3502053,655.295740514523,L4_1,397.0,572.598927917916,5.21142218864056
264691.872969815,3842642.3502053,655.295740514523,L4_1,397.0,563.268626129289,6.48455107247781
264691.872969815,3842642.3502053,655.295740514523,L4_1,397.0,553.471809251231,7.93297569541219
264691.872969815,3842642.3502053,655.295740514523,L4_1,397.0,543.18515152927,9.42710721535523
264691.872969815,3842642.3502053,655.295740514523,L4_1,397.0,532.384160921211,10.8552582795051
264691.872969815,3842642.3502053,655.295740514523,L4_1,397.0,521.043120782749,12.1412641653199
264691.872969815,3842642.3502053,655.295740514523,L4_1,397.0,509.135028637364,13.2421653556791
264691.872969815,3842642.3502053,655.295740514523,L4_1,397.0,496.63153188471,14.1393211881279
264691.872969815,3842642.3502053,655.295740514523,L4_1,397.0,483.502860294423,14.8314692306859
264691.872969815,3842642.3502053,655.295740514523,L4_1,397.0,469.717755124622,15.3302787698484
264691.872969815,3842642.3502053,655.295740514523,L4_1,397.0,455.243394696331,15.6565238033914
264691.872969815,3842642.3502053,655.295740514523,L4_1,397.0,440.045316246625,15.8359522758567
264691.872969815,3842642.3502053,655.295740514523,L4_1,397.0,424.087333874433,15.8951695722314
264691.872969815,3842642.3502053,655.295740514523,L4_1,397.0,407.331452383632,15.8581598038306
264691.872969815,3842642.3502053,655.295740514523,L4_1,397.0,389.737776818292,15.7437158320183
264691.872969815,3842642.3502053,655.295740514523,L4_1,397.0,371.264417474684,15.5637008651644
264691.872969815,3842642.3502053,655.295740514523,L4_1,397.0,351.867390163895,15.3217452630112
264691.872969815,3842642.3502053,655.295740514523,L4_1,397.0,331.500511487568,15.012531904076
264691.872969815,3842642.3502053,655.295740514523,L4_1,397.0,310.115288877424,14.6276986157348
264691.872969815,3842642.3502053,655.295740514523,L4_1,397.0,287.669414477938,14.1737421707394
264691.872969815,3842642.3502053,655.295740514523,L4_1,397.0,264.979217008397,13.6849224100794
264691.872969815,3842642.3502053,655.295740514523,L4_1,397.0,241.154509665379,13.1900133952168
264691.872969815,3842642.3502053,655.295740514523,L4_1,397.0,216.13856695521,12.6877576092749
264691.872969815,3842642.3502053,655.295740514523,L4_1,397.0,189.871827109532,12.1694116642089
264691.872969815,3842642.3502053,655.295740514523,L4_1,397.0,162.291750271571,11.6349366288893
264691.872969815,3842642.3502053,655.295740514523,L4_1,397.0,133.332669591712,11.0924221356244
264691.872969815,3842642.3502053,655.295740514523,L4_1,397.0,102.925634877859,10.5532340145783
264691.872969815,3842642.3502053,655.295740514523,L4_1,397.0,70.9982484283146,10.0290832622918
264691.872969815,3842642.3502053,655.295740514523,L4_1,397.0,,
264691.872969815,3842642.3502053,655.295740514523,L4_1,397.0,,
264691.872969815,3842642.3502053,655.295740514523,L4_1,397.0,,
264691.872969815,3842642.3502053,655.295740514523,L4_1,397.0,,
264691.872969815,3842642.3502053,655.295740514523,L4_1,397.0,,
264691.872969815,3842642.3502053,655.295740514523,L4_1,397.0,,
264691.872969815,3842642.3502053,655.295740514523,L4_1,397.0,,
264691.872969815,3842642.3502053,655.295740514523,L4_1,397.0,,
264691.872969815,3842642.3502053,655.295740514523,L4_1,397.0,,
264691.872969815,3842642.3502053,655.295740514523,L4_1,397.0,,
264691.872969815,3842642.3502053,655.295740514523,L4_1,397.0,,
264691.872969815,3842642.3502053,655.295740514523,L4_1,397.0,,
264691.872969815,3842642.3502053,655.295740514523,L4_1,397.0,,
264691.872969815,3842642.3502053,655.295740514523,L4_1,397.0,,
264691.872969815,3842642.3502053,655.295740514523,L4_1,397.0,,
264691.872969815,3842642.3502053,655.295740514523,L4_1,397.0,,
264691.872969815,3842642.3502053,655.295740514523,L4_1,397.0,,
264691.872969815,3842642.3502053,655.295740514523,L4_1,397.0,,
264691.872969815,3842642.3502053,655.295740514523,L4_1,397.0,,
264691.872969815,3842642.3502053,655.295740514523,L4_1,397.0,,
264691.872969815,3842642.3502053,655.295740514523,L4_1,397.0,,
264696.827713183,3842645.74408051,655.587526241366,L4_1,403.0,655.587526241366,10.7403482014233
264696.827713183,3842645.74408051,655.587526241366,L4_1,403.0,650.38793896318,9.47364358040869
264696.827713183,3842645.74408051,655.587526241366,L4_1,403.0,644.928372321085,6.47725988844213
264696.827713183,3842645.74408051,655.587526241366,L4_1,403.0,639.195827346885,4.20358238553271
264696.827713183,3842645.74408051,655.587526241366,L4_1,403.0,633.176655123975,3.3837843216328
264696.827713183,3842645.74408051,655.587526241366,L4_1,403.0,626.856524289919,3.35325322985039
264696.827713183,3842645.74408051,655.587526241366,L4_1,403.0,620.220386914161,3.50856421248666
264696.827713183,3842645.74408051,655.587526241366,L4_1,403.0,613.252442669615,3.49777825499088
264696.827713183,3842645.74408051,655.587526241366,L4_1,403.0,605.936101212841,3.37363703068698
264696.827713183,3842645.74408051,655.587526241366,L4_1,403.0,598.253942683229,3.37330967386553
264696.827713183,3842645.74408051,655.587526241366,L4_1,403.0,590.187676227136,3.66112394184378
264696.827713183,3842645.74408051,655.587526241366,L4_1,403.0,581.718096448239,4.30083090110069
264696.827713183,3842645.74408051,655.587526241366,L4_1,403.0,572.825037680396,5.28964822041975
264696.827713183,3842645.74408051,655.587526241366,L4_1,403.0,563.487325974162,6.56441009750161
264696.827713183,3842645.74408051,655.587526241366,L4_1,403.0,553.682728682615,8.0107761978856
264696.827713183,3842645.74408051,655.587526241366,L4_1,403.0,543.387901526492,9.49682073462261
264696.827713183,3842645.74408051,655.587526241366,L4_1,403.0,532.578333012562,10.9105220593313
264696.827713183,3842645.74408051,655.587526241366,L4_1,403.0,521.228286072936,12.1768150343572
264696.827713183,3842645.74408051,655.587526241366,L4_1,403.0,509.310736786328,13.2545898417269
264696.827713183,3842645.74408051,655.587526241366,L4_1,403.0,496.797310035391,14.1273584391883
264696.827713183,3842645.74408051,655.587526241366,L4_1,403.0,483.658211946906,14.7960172926855
264696.827713183,3842645.74408051,655.587526241366,L4_1,403.0,469.862158953997,15.274138946817
264696.827713183,3842645.74408051,655.587526241366,L4_1,403.0,455.376303311442,15.5839072243233
264696.827713183,3842645.74408051,655.587526241366,L4_1,403.0,440.16615488676,15.7518460077584
264696.827713183,3842645.74408051,655.587526241366,L4_1,403.0,424.195499040844,15.8046897516063
264696.827713183,3842645.74408051,655.587526241366,L4_1,403.0,407.426310402632,15.7660031528047
264696.827713183,3842645.74408051,655.587526241366,L4_1,403.0,389.818662332509,15.6537819224996
264696.827713183,3842645.74408051,655.587526241366,L4_1,403.0,371.33063185888,15.4788939424554
264696.827713183,3842645.74408051,655.587526241366,L4_1,403.0,351.91819986157,15.2439288005168
264696.827713183,3842645.74408051,655.587526241366,L4_1,403.0,331.535146264394,14.9425850982157
264696.827713183,3842645.74408051,655.587526241366,L4_1,403.0,310.132939987359,14.5656302727888
264696.827713183,3842645.74408051,655.587526241366,L4_1,403.0,287.669414477938,14.1189056300521
264696.827713183,3842645.74408051,655.587526241366,L4_1,403.0,264.979217008397,13.6367983260043
264696.827713183,3842645.74408051,655.587526241366,L4_1,403.0,241.154509665379,13.1483304708408
264696.827713183,3842645.74408051,655.587526241366,L4_1,403.0,216.13856695521,12.6520397388671
264696.827713183,3842645.74408051,655.587526241366,L4_1,403.0,189.871827109532,12.1390580362136
264696.827713183,3842645.74408051,655.587526241366,L4_1,403.0,162.291750271571,11.6093099855958
264696.827713183,3842645.74408051,655.587526241366,L4_1,403.0,133.332669591712,11.070911811555
264696.827713183,3842645.74408051,655.587526241366,L4_1,403.0,102.925634877859,10.535290750705
264696.827713183,3842645.74408051,655.587526241366,L4_1,403.0,70.9982484283146,10.0142278249907
264696.827713183,3842645.74408051,655.587526241366,L4_1,403.0,,
264696.827713183,3842645.74408051,655.587526241366,L4_1,403.0,,
264696.827713183,3842645.74408051,655.587526241366,L4_1,403.0,,
264696.827713183,3842645.74408051,655.587526241366,L4_1,403.0,,
264696.827713183,3842645.74408051,655.587526241366,L4_1,403.0,,
264696.827713183,3842645.74408051,655.587526241366,L4_1,403.0,,
264696.827713183,3842645.74408051,655.587526241366,L4_1,403.0,,
264696.827713183,3842645.74408051,655.587526241366,L4_1,403.0,,
264696.827713183,3842645.74408051,655.587526241366,L4_1,403.0,,
264696.827713183,3842645.74408051,655.587526241366,L4_1,403.0,,
264696.827713183,3842645.74408051,655.587526241366,L4_1,403.0,,
264696.827713183,3842645.74408051,655.587526241366,L4_1,403.0,,
264696.827713183,3842645.74408051,655.587526241366,L4_1,403.0,,
264696.827713183,3842645.74408051,655.587526241366,L4_1,403.0,,
264696.827713183,3842645.74408051,655.587526241366,L4_1,403.0,,
264696.827713183,3842645.74408051,655.587526241366,L4_1,403.0,,
264696.827713183,3842645.74408051,655.587526241366,L4_1,403.0,,
264696.827713183,3842645.74408051,655.587526241366,L4_1,403.0,,
264696.827713183,3842645.74408051,655.587526241366,L4_1,403.0,,
264696.827713183,3842645.74408051,655.587526241366,L4_1,403.0,,
264696.827713183,3842645.74408051,655.587526241366,L4_1,403.0,,
264702.19534343,3842649.42078426,655.87931196821,L4_1,409.5,655.87931196821,18.2245620486721
264702.19534343,3842649.42078426,655.87931196821,L4_1,409.5,650.675598570634,13.0126229457268
264702.19534343,3842649.42078426,655.87931196821,L4_1,409.5,645.21169950318,6.62577345160846
264702.19534343,3842649.42078426,655.87931196821,L4_1,409.5,639.474605482353,3.95464180259977
264702.19534343,3842649.42078426,655.87931196821,L4_1,409.5,633.450656760484,3.26354701414387
264702.19534343,3842649.42078426,655.87931196821,L4_1,409.5,627.125510602522,3.37907999109585
264702.19534343,3842649.42078426,655.87931196821,L4_1,409.5,620.484107136662,3.6263201720367
264702.19534343,3842649.42078426,655.87931196821,L4_1,409.5,613.510633497509,3.63935438871228
264702.19534343,3842649.42078426,655.87931196821,L4_1,409.5,606.188486176399,3.50226275952369
264702.19534343,3842649.42078426,655.87931196821,L4_1,409.5,598.500231489232,3.48516522462249
264702.19534343,3842649.42078426,655.87931196821,L4_1,409.5,590.427564067708,3.76372873212688
264702.19534343,3842649.42078426,655.87931196821,L4_1,409.5,581.951263275107,4.40072398525215
264702.19534343,3842649.42078426,655.87931196821,L4_1,409.5,573.051147442876,5.38895312978863
264702.19534343,3842649.42078426,655.87931196821,L4_1,409.5,563.706025819034,6.66074271265505
264702.19534343,3842649.42078426,655.87931196821,L4_1,409.5,553.893648114,8.09876870289577
264702.19534343,3842649.42078426,655.87931196821,L4_1,409.5,543.590651523713,9.5703192784811
264702.19534343,3842649.42078426,655.87931196821,L4_1,409.5,532.772505103913,10.9642902590233
264702.19534343,3842649.42078426,655.87931196821,L4_1,409.5,521.413451363122,12.207289796072
264702.19534343,3842649.42078426,655.87931196821,L4_1,409.5,509.486444935292,13.2600499258413
264702.19534343,3842649.42078426,655.87931196821,L4_1,409.5,496.963088186071,14.1079091924097
264702.19534343,3842649.42078426,655.87931196821,L4_1,409.5,483.813563599388,14.7534878145499
264702.19534343,3842649.42078426,655.87931196821,L4_1,409.5,470.006562783372,15.2118446042845
264702.19534343,3842649.42078426,655.87931196821,L4_1,409.5,455.509211926554,15.5062337618671
264702.19534343,3842649.42078426,655.87931196821,L4_1,409.5,440.286993526896,15.6637185096687
264702.19534343,3842649.42078426,655.87931196821,L4_1,409.5,424.303664207254,15.7110230210763
264702.19534343,3842649.42078426,655.87931196821,L4_1,409.5,407.521168421631,15.6712421511194
264702.19534343,3842649.42078426,655.87931196821,L4_1,409.5,389.899547846726,15.5615894240942
264702.19534343,3842649.42078426,655.87931196821,L4_1,409.5,371.396846243076,15.3919862767698
264702.19534343,3842649.42078426,655.87931196821,L4_1,409.5,351.969009559244,15.164041741573
264702.19534343,3842649.42078426,655.87931196821,L4_1,409.5,331.56978104122,14.8705184093718
264702.19534343,3842649.42078426,655.87931196821,L4_1,409.5,310.150591097295,14.5013573817097
264702.19534343,3842649.42078426,655.87931196821,L4_1,409.5,287.669414477938,14.0617830371842
264702.19534343,3842649.42078426,655.87931196821,L4_1,409.5,264.979217008397,13.5863544588057
264702.19534343,3842649.42078426,655.87931196821,L4_1,409.5,241.154509665379,13.104370211874
264702.19534343,3842649.42078426,655.87931196821,L4_1,409.5,216.13856695521,12.6141535526765
264702.19534343,3842649.42078426,655.87931196821,L4_1,409.5,189.871827109532,12.1066970994169
264702.19534343,3842649.42078426,655.87931196821,L4_1,409.5,162.291750271571,11.5818725055188
264702.19534343,3842649.42078426,655.87931196821,L4_1,409.5,133.332669591712,11.0478068788149
264702.19534343,3842649.42078426,655.87931196821,L4_1,409.5,102.925634877859,10.5159753490132
264702.19534343,3842649.42078426,655.87931196821,L4_1,409.5,70.9982484283146,9.99821696478932
264702.19534343,3842649.42078426,655.87931196821,L4_1,409.5,,
264702.19534343,3842649.42078426,655.87931196821,L4_1,409.5,,
264702.19534343,3842649.42078426,655.87931196821,L4_1,409.5,,
264702.19534343,3842649.42078426,655.87931196821,L4_1,409.5,,
264702.19534343,3842649.42078426,655.87931196821,L4_1,409.5,,
264702.19534343,3842649.42078426,655.87931196821,L4_1,409.5,,
264702.19534343,3842649.42078426,655.87931196821,L4_1,409.5,,
264702.19534343,3842649.42078426,655.87931196821,L4_1,409.5,,
264702.19534343,3842649.42078426,655.87931196821,L4_1,409.5,,
264702.19534343,3842649.42078426,655.87931196821,L4_1,409.5,,
264702.19534343,3842649.42078426,655.87931196821,L4_1,409.5,,
264702.19534343,3842649.42078426,655.87931196821,L4_1,409.5,,
264702.19534343,3842649.42078426,655.87931196821,L4_1,409.5,,
264702.19534343,3842649.42078426,655.87931196821,L4_1,409.5,,
264702.19534343,3842649.42078426,655.87931196821,L4_1,409.5,,
264702.19534343,3842649.42078426,655.87931196821,L4_1,409.5,,
264702.19534343,3842649.42078426,655.87931196821,L4_1,409.5,,
264702.19534343,3842649.42078426,655.87931196821,L4_1,409.5,,
264702.19534343,3842649.42078426,655.87931196821,L4_1,409.5,,
264702.19534343,3842649.42078426,655.87931196821,L4_1,409.5,,
264702.19534343,3842649.42078426,655.87931196821,L4_1,409.5,,
264707.150079043,3842652.81466465,656.202015913659,L4_1,415.5,656.202015913659,19.1477570129713
264707.150079043,3842652.81466465,656.202015913659,L4_1,415.5,650.993739184556,13.4810789919891
264707.150079043,3842652.81466465,656.202015913659,L4_1,415.5,645.525048618998,6.61002152617555
264707.150079043,3842652.81466465,656.202015913659,L4_1,415.5,639.782923525163,3.84369268108615
264707.150079043,3842652.81466465,656.202015913659,L4_1,415.5,633.753692176635,3.20163699813695
264707.150079043,3842652.81466465,656.202015913659,L4_1,415.5,627.422999260681,3.38896592991631
264707.150079043,3842652.81466465,656.202015913659,L4_1,415.5,620.77577169893,3.69414018959251
264707.150079043,3842652.81466465,656.202015913659,L4_1,415.5,613.796182759091,3.73505908760369
264707.150079043,3842652.81466465,656.202015913659,L4_1,415.5,606.46761437226,3.60544398459311
264707.150079043,3842652.81466465,656.202015913659,L4_1,415.5,598.772617566087,3.59021357949874
264707.150079043,3842652.81466465,656.202015913659,L4_1,415.5,590.692870919606,3.87146362095267
264707.150079043,3842652.81466465,656.202015913659,L4_1,415.5,582.209136940801,4.51174681995638
264707.150079043,3842652.81466465,656.202015913659,L4_1,415.5,573.301216263055,5.50064892564775
264707.150079043,3842652.81466465,656.202015913659,L4_1,415.5,563.947899551422,6.76710267876978
264707.150079043,3842652.81466465,656.202015913659,L4_1,415.5,554.126917004208,8.1922972797052
264707.150079043,3842652.81466465,656.202015913659,L4_1,415.5,543.814885329633,9.64439756525689
264707.150079043,3842652.81466465,656.202015913659,L4_1,415.5,532.987252071329,11.0144666130155
264707.150079043,3842652.81466465,656.202015913659,L4_1,415.5,521.61823715011,12.2313583603342
264707.150079043,3842652.81466465,656.202015913659,L4_1,415.5,509.68077148283,13.2576733568826
264707.150079043,3842652.81466465,656.202015913659,L4_1,415.5,497.146432532186,14.0803181278011
264707.150079043,3842652.81466465,656.202015913659,L4_1,415.5,483.985376634009,14.7032900214282
264707.150079043,3842652.81466465,656.202015913659,L4_1,415.5,470.166267940924,15.1427926126385
264707.150079043,3842652.81466465,656.202015913659,L4_1,415.5,455.656203813185,15.4228674980655
264707.150079043,3842652.81466465,656.202015913659,L4_1,415.5,440.420636479059,15.5709135413913
264707.150079043,3842652.81466465,656.202015913659,L4_1,415.5,424.423290778226,15.6135266039326
264707.150079043,3842652.81466465,656.202015913659,L4_1,415.5,407.626077792352,15.5732862956691
264707.150079043,3842652.81466465,656.202015913659,L4_1,415.5,389.989004157184,15.4666257048105
264707.150079043,3842652.81466465,656.202015913659,L4_1,415.5,371.470076840257,15.3025554278588
264707.150079043,3842652.81466465,656.202015913659,L4_1,415.5,352.025203157485,15.0817514121706
264707.150079043,3842652.81466465,656.202015913659,L4_1,415.5,331.608085790573,14.7960917041536
264707.150079043,3842652.81466465,656.202015913659,L4_1,415.5,310.170112555316,14.4347320201048
264707.150079043,3842652.81466465,656.202015913659,L4_1,415.5,287.669414477938,14.0023069497078
264707.150079043,3842652.81466465,656.202015913659,L4_1,415.5,264.979217008397,13.5335839450087
264707.150079043,3842652.81466465,656.202015913659,L4_1,415.5,241.154509665379,13.0581592603421
264707.150079043,3842652.81466465,656.202015913659,L4_1,415.5,216.13856695521,12.5741413393196
264707.150079043,3842652.81466465,656.202015913659,L4_1,415.5,189.871827109532,12.0723761071868
264707.150079043,3842652.81466465,656.202015913659,L4_1,415.5,162.291750271571,11.5526693462465
264707.150079043,3842652.81466465,656.202015913659,L4_1,415.5,133.332669591712,11.0231480239
264707.150079043,3842652.81466465,656.202015913659,L4_1,415.5,102.925634877859,10.4953222584912
264707.150079043,3842652.81466465,656.202015913659,L4_1,415.5,70.9982484283146,9.98107970790892
264707.150079043,3842652.81466465,656.202015913659,L4_1,415.5,,
264707.150079043,3842652.81466465,656.202015913659,L4_1,415.5,,
264707.150079043,3842652.81466465,656.202015913659,L4_1,415.5,,
264707.150079043,3842652.81466465,656.202015913659,L4_1,415.5,,
264707.150079043,3842652.81466465,656.202015913659,L4_1,415.5,,
264707.150079043,3842652.81466465,656.202015913659,L4_1,415.5,,
264707.150079043,3842652.81466465,656.202015913659,L4_1,415.5,,
264707.150079043,3842652.81466465,656.202015913659,L4_1,415.5,,
264707.150079043,3842652.81466465,656.202015913659,L4_1,415.5,,
264707.150079043,3842652.81466465,656.202015913659,L4_1,415.5,,
264707.150079043,3842652.81466465,656.202015913659,L4_1,415.5,,
264707.150079043,3842652.81466465,656.202015913659,L4_1,415.5,,
264707.150079043,3842652.81466465,656.202015913659,L4_1,415.5,,
264707.150079043,3842652.81466465,656.202015913659,L4_1,415.5,,
264707.150079043,3842652.81466465,656.202015913659,L4_1,415.5,,
264707.150079043,3842652.81466465,656.202015913659,L4_1,415.5,,
264707.150079043,3842652.81466465,656.202015913659,L4_1,415.5,,
264707.150079043,3842652.81466465,656.202015913659,L4_1,415.5,,
264707.150079043,3842652.81466465,656.202015913659,L4_1,415.5,,
264707.150079043,3842652.81466465,656.202015913659,L4_1,415.5,,
264707.150079043,3842652.81466465,656.202015913659,L4_1,415.5,,
264712.51770929,3842656.4913684,656.555619407071,L4_1,422.0,656.555619407071,12.6295252692113
264712.51770929,3842656.4913684,656.555619407071,L4_1,422.0,651.342342398324,10.5326918024422
264712.51770929,3842656.4913684,656.555619407071,L4_1,422.0,645.868401539139,6.36307231234922
264712.51770929,3842656.4913684,656.555619407071,L4_1,422.0,640.120763636996,3.83734373372685
264712.51770929,3842656.4913684,656.555619407071,L4_1,422.0,634.085743839745,3.1802425772748
264712.51770929,3842656.4913684,656.555619407071,L4_1,422.0,627.748973052632,3.36819259156699
264712.51770929,3842656.4913684,656.555619407071,L4_1,422.0,621.095363726164,3.69756711077465
264712.51770929,3842656.4913684,656.555619407071,L4_1,422.0,614.109073933371,3.77354026969996
264712.51770929,3842656.4913684,656.555619407071,L4_1,422.0,606.77346965094,3.67591739298766
264712.51770929,3842656.4913684,656.555619407071,L4_1,422.0,599.071085154386,3.6842968414878
264712.51770929,3842656.4913684,656.555619407071,L4_1,422.0,590.983581433005,3.98205879496986
264712.51770929,3842656.4913684,656.555619407071,L4_1,422.0,582.491702525555,4.63266591503421
264712.51770929,3842656.4913684,656.555619407071,L4_1,422.0,573.575229672732,5.62403984182193
264712.51770929,3842656.4913684,656.555619407071,L4_1,422.0,564.212933177268,6.88307251746913
264712.51770929,3842656.4913684,656.555619407071,L4_1,422.0,554.382521857032,8.29110035113315
264712.51770929,3842656.4913684,656.555619407071,L4_1,422.0,544.060589970783,9.7188901638693
264712.51770929,3842656.4913684,656.555619407071,L4_1,422.0,533.222561490221,11.0609463809692
264712.51770929,3842656.4913684,656.555619407071,L4_1,422.0,521.842631585632,12.248952707456
264712.51770929,3842656.4913684,656.555619407071,L4_1,422.0,509.893705185813,13.247412911731
264712.51770929,3842656.4913684,656.555619407071,L4_1,422.0,497.347332466004,14.0445487361368
264712.51770929,3842656.4913684,656.555619407071,L4_1,422.0,484.173641110203,14.6453920258918
264712.51770929,3842656.4913684,656.555619407071,L4_1,422.0,470.341265186613,15.0669523719852
264712.51770929,3842656.4913684,656.555619407071,L4_1,422.0,455.817270466843,15.3337778544888
264712.51770929,3842656.4913684,656.555619407071,L4_1,422.0,440.567076011085,15.4734007567393
264712.51770929,3842656.4913684,656.555619407071,L4_1,422.0,424.554371832539,15.5121715387396
264712.51770929,3842656.4913684,656.555619407071,L4_1,422.0,407.741032445066,15.4721094992467
264712.51770929,3842656.4913684,656.555619407071,L4_1,422.0,390.087026088219,15.3688687399435
264712.51770929,3842656.4913684,656.555619407071,L4_1,422.0,371.550319413529,15.210584014626
264712.51770929,3842656.4913684,656.555619407071,L4_1,422.0,352.086777405105,14.9970450230074
264712.51770929,3842656.4913684,656.555619407071,L4_1,422.0,331.65005829626,14.7192962616411
264712.51770929,3842656.4913684,656.555619407071,L4_1,422.0,310.191503231973,14.3657488079073
264712.51770929,3842656.4913684,656.555619407071,L4_1,422.0,287.669414477938,13.9404745557158
264712.51770929,3842656.4913684,656.555619407071,L4_1,422.0,264.979217008397,13.4784857459677
264712.51770929,3842656.4913684,656.555619407071,L4_1,422.0,241.154509665379,13.0096976359941
264712.51770929,3842656.4913684,656.555619407071,L4_1,422.0,216.13856695521,12.5320036179818
264712.51770929,3842656.4913684,656.555619407071,L4_1,422.0,189.871827109532,12.0360957027266
264712.51770929,3842656.4913684,656.555619407071,L4_1,422.0,162.291750271571,11.5217011169246
264712.51770929,3842656.4913684,656.555619407071,L4_1,422.0,133.332669591712,10.9969357428761
264712.51770929,3842656.4913684,656.555619407071,L4_1,422.0,102.925634877859,10.4733318317294
264712.51770929,3842656.4913684,656.555619407071,L4_1,422.0,70.9982484283146,9.9628162875285
264712.51770929,3842656.4913684,656.555619407071,L4_1,422.0,,
264712.51770929,3842656.4913684,656.555619407071,L4_1,422.0,,
264712.51770929,3842656.4913684,656.555619407071,L4_1,422.0,,
264712.51770929,3842656.4913684,656.555619407071,L4_1,422.0,,
264712.51770929,3842656.4913684,656.555619407071,L4_1,422.0,,
264712.51770929,3842656.4913684,656.555619407071,L4_1,422.0,,
264712.51770929,3842656.4913684,656.555619407071,L4_1,422.0,,
264712.51770929,3842656.4913684,656.555619407071,L4_1,422.0,,
264712.51770929,3842656.4913684,656.555619407071,L4_1,422.0,,
264712.51770929,3842656.4913684,656.555619407071,L4_1,422.0,,
264712.51770929,3842656.4913684,656.555619407071,L4_1,422.0,,
264712.51770929,3842656.4913684,656.555619407071,L4_1,422.0,,
264712.51770929,3842656.4913684,656.555619407071,L4_1,422.0,,
264712.51770929,3842656.4913684,656.555619407071,L4_1,422.0,,
264712.51770929,3842656.4913684,656.555619407071,L4_1,422.0,,
264712.51770929,3842656.4913684,656.555619407071,L4_1,422.0,,
264712.51770929,3842656.4913684,656.555619407071,L4_1,422.0,,
264712.51770929,3842656.4913684,656.555619407071,L4_1,422.0,,
264712.51770929,3842656.4913684,656.555619407071,L4_1,422.0,,
264712.51770929,3842656.4913684,656.555619407071,L4_1,422.0,,
264712.51770929,3842656.4913684,656.555619407071,L4_1,422.0,,
264717.47243715,3842659.88525396,656.909222900482,L4_1,428.0,656.909222900482,11.8179450372814
264717.47243715,3842659.88525396,656.909222900482,L4_1,428.0,651.690945612091,10.2783043724172
264717.47243715,3842659.88525396,656.909222900482,L4_1,428.0,646.211754459281,6.53514800003105
264717.47243715,3842659.88525396,656.909222900482,L4_1,428.0,640.458603748829,3.93433849225044
264717.47243715,3842659.88525396,656.909222900482,L4_1,428.0,634.417795502856,3.19162345018121
264717.47243715,3842659.88525396,656.909222900482,L4_1,428.0,628.074946844583,3.33343997485811
264717.47243715,3842659.88525396,656.909222900482,L4_1,428.0,621.414955753397,3.6559681498165
264717.47243715,3842659.88525396,656.909222900482,L4_1,428.0,614.421965107652,3.76264462375817
264717.47243715,3842659.88525396,656.909222900482,L4_1,428.0,607.079324929619,3.71064398965864
264717.47243715,3842659.88525396,656.909222900482,L4_1,428.0,599.369552742685,3.75880909499152
264717.47243715,3842659.88525396,656.909222900482,L4_1,428.0,591.274291946404,4.08495537672789
264717.47243715,3842659.88525396,656.909222900482,L4_1,428.0,582.774268110309,4.75272059586826
264717.47243715,3842659.88525396,656.909222900482,L4_1,428.0,573.849243082409,5.74920435564873
264717.47243715,3842659.88525396,656.909222900482,L4_1,428.0,564.477966803114,7.00039074626518
264717.47243715,3842659.88525396,656.909222900482,L4_1,428.0,554.638126709855,8.38907598666928
264717.47243715,3842659.88525396,656.909222900482,L4_1,428.0,544.306294611932,9.78987061768245
264717.47243715,3842659.88525396,656.909222900482,L4_1,428.0,533.457870909114,11.1015741801139
264717.47243715,3842659.88525396,656.909222900482,L4_1,428.0,522.067026021154,12.2590984804165
264717.47243715,3842659.88525396,656.909222900482,L4_1,428.0,510.106638888797,13.2289255738186
264717.47243715,3842659.88525396,656.909222900482,L4_1,428.0,497.548232399822,14.00049174283
264717.47243715,3842659.88525396,656.909222900482,L4_1,428.0,484.361905586397,14.579679956222
264717.47243715,3842659.88525396,656.909222900482,L4_1,428.0,470.516262432302,14.9841018546124
264717.47243715,3842659.88525396,656.909222900482,L4_1,428.0,455.978337120502,15.2386204095499
264717.47243715,3842659.88525396,656.909222900482,L4_1,428.0,440.713515543112,15.3707470498898
264717.47243715,3842659.88525396,656.909222900482,L4_1,428.0,424.685452886852,15.4064846378661
264717.47243715,3842659.88525396,656.909222900482,L4_1,428.0,407.85598709778,15.3672402029741
264717.47243715,3842659.88525396,656.909222900482,L4_1,428.0,390.185048019253,15.2678858738774
264717.47243715,3842659.88525396,656.909222900482,L4_1,428.0,371.630561986801,15.115702234323
264717.47243715,3842659.88525396,656.909222900482,L4_1,428.0,352.148351652726,14.9096307699234
264717.47243715,3842659.88525396,656.909222900482,L4_1,428.0,331.692030801947,14.639923087856
264717.47243715,3842659.88525396,656.909222900482,L4_1,428.0,310.212893908629,14.2942790273653
264717.47243715,3842659.88525396,656.909222900482,L4_1,428.0,287.669414477938,13.8762333614987
264717.47243715,3842659.88525396,656.909222900482,L4_1,428.0,264.979217008397,13.4210652751956
264717.47243715,3842659.88525396,656.909222900482,L4_1,428.0,241.154509665379,12.9590259381196
264717.47243715,3842659.88525396,656.909222900482,L4_1,428.0,216.13856695521,12.487795634861
264717.47243715,3842659.88525396,656.909222900482,L4_1,428.0,189.871827109532,11.9979124922187
264717.47243715,3842659.88525396,656.909222900482,L4_1,428.0,162.291750271571,11.48902169926
264717.47243715,3842659.88525396,656.909222900482,L4_1,428.0,133.332669591712,10.9692171538105
264717.47243715,3842659.88525396,656.909222900482,L4_1,428.0,102.925634877859,10.4500440365564
264717.47243715,3842659.88525396,656.909222900482,L4_1,428.0,70.9982484283146,9.94346027696231
264717.47243715,3842659.88525396,656.909222900482,L4_1,428.0,,
264717.47243715,3842659.88525396,656.909222900482,L4_1,428.0,,
264717.47243715,3842659.88525396,656.909222900482,L4_1,428.0,,
264717.47243715,3842659.88525396,656.909222900482,L4_1,428.0,,
264717.47243715,3842659.88525396,656.909222900482,L4_1,428.0,,
264717.47243715,3842659.88525396,656.909222900482,L4_1,428.0,,
264717.47243715,3842659.88525396,656.909222900482,L4_1,428.0,,
264717.47243715,3842659.88525396,656.909222900482,L4_1,428.0,,
264717.47243715,3842659.88525396,656.909222900482,L4_1,428.0,,
264717.47243715,3842659.88525396,656.909222900482,L4_1,428.0,,
264717.47243715,3842659.88525396,656.909222900482,L4_1,428.0,,
264717.47243715,3842659.88525396,656.909222900482,L4_1,428.0,,
264717.47243715,3842659.88525396,656.909222900482,L4_1,428.0,,
264717.47243715,3842659.88525396,656.909222900482,L4_1,428.0,,
264717.47243715,3842659.88525396,656.909222900482,L4_1,428.0,,
264717.47243715,3842659.88525396,656.909222900482,L4_1,428.0,,
264717.47243715,3842659.88525396,656.909222900482,L4_1,428.0,,
264717.47243715,3842659.88525396,656.909222900482,L4_1,428.0,,
264717.47243715,3842659.88525396,656.909222900482,L4_1,428.0,,
264717.47243715,3842659.88525396,656.909222900482,L4_1,428.0,,
264717.47243715,3842659.88525396,656.909222900482,L4_1,428.0,,
264722.840050599,3842663.56196892,657.262826393894,L4_1,434.5,657.262826393894,16.0466827553077
264722.840050599,3842663.56196892,657.262826393894,L4_1,434.5,652.039548825859,12.7184918268885
264722.840050599,3842663.56196892,657.262826393894,L4_1,434.5,646.555107379422,7.21127785969749
264722.840050599,3842663.56196892,657.262826393894,L4_1,434.5,640.796443860663,4.1689564440906
264722.840050599,3842663.56196892,657.262826393894,L4_1,434.5,634.749847165966,3.25785117111938
264722.840050599,3842663.56196892,657.262826393894,L4_1,434.5,628.400920636534,3.30630637064302
264722.840050599,3842663.56196892,657.262826393894,L4_1,434.5,621.734547780631,3.58833443531445
264722.840050599,3842663.56196892,657.262826393894,L4_1,434.5,614.734856281932,3.71468971423133
264722.840050599,3842663.56196892,657.262826393894,L4_1,434.5,607.385180208299,3.71554072703337
264722.840050599,3842663.56196892,657.262826393894,L4_1,434.5,599.668020330984,3.81591445359043
264722.840050599,3842663.56196892,657.262826393894,L4_1,434.5,591.565002459803,4.18061396709005
264722.840050599,3842663.56196892,657.262826393894,L4_1,434.5,583.056833695063,4.87165476280461
264722.840050599,3842663.56196892,657.262826393894,L4_1,434.5,574.123256492086,5.87559851583943
264722.840050599,3842663.56196892,657.262826393894,L4_1,434.5,564.74300042896,7.11845671232433
264722.840050599,3842663.56196892,657.262826393894,L4_1,434.5,554.893731562678,8.48570614164638
264722.840050599,3842663.56196892,657.262826393894,L4_1,434.5,544.551999253082,9.85696031475134
264722.840050599,3842663.56196892,657.262826393894,L4_1,434.5,533.693180328006,11.1361038797911
264722.840050599,3842663.56196892,657.262826393894,L4_1,434.5,522.291420456677,12.2616463944652
264722.840050599,3842663.56196892,657.262826393894,L4_1,434.5,510.31957259178,13.2021218268361
264722.840050599,3842663.56196892,657.262826393894,L4_1,434.5,497.749132333639,13.9480899841527
264722.840050599,3842663.56196892,657.262826393894,L4_1,434.5,484.550170062591,14.5061120637201
264722.840050599,3842663.56196892,657.262826393894,L4_1,434.5,470.691259677991,14.894205684571
264722.840050599,3842663.56196892,657.262826393894,L4_1,434.5,456.139403774161,15.1373621560539
264722.840050599,3842663.56196892,657.262826393894,L4_1,434.5,440.859955075139,15.2629208330926
264722.840050599,3842663.56196892,657.262826393894,L4_1,434.5,424.816533941165,15.2964363613739
264722.840050599,3842663.56196892,657.262826393894,L4_1,434.5,407.970941750494,15.2586520327583
264722.840050599,3842663.56196892,657.262826393894,L4_1,434.5,390.283069950288,15.1636548513248
264722.840050599,3842663.56196892,657.262826393894,L4_1,434.5,371.710804560073,15.0178924163055
264722.840050599,3842663.56196892,657.262826393894,L4_1,434.5,352.209925900346,14.8194954884406
264722.840050599,3842663.56196892,657.262826393894,L4_1,434.5,331.734003307634,14.5579630550457
264722.840050599,3842663.56196892,657.262826393894,L4_1,434.5,310.234284585285,14.2203169195827
264722.840050599,3842663.56196892,657.262826393894,L4_1,434.5,287.669414477938,13.8095802293657
264722.840050599,3842663.56196892,657.262826393894,L4_1,434.5,264.979217008397,13.3613212263398
264722.840050599,3842663.56196892,657.262826393894,L4_1,434.5,241.154509665379,12.9061439860826
264722.840050599,3842663.56196892,657.262826393894,L4_1,434.5,216.13856695521,12.4415178030605
264722.840050599,3842663.56196892,657.262826393894,L4_1,434.5,189.871827109532,11.9578271525934
264722.840050599,3842663.56196892,657.262826393894,L4_1,434.5,162.291750271571,11.4546318312865
264722.840050599,3842663.56196892,657.262826393894,L4_1,434.5,133.332669591712,10.9399929094661
264722.840050599,3842663.56196892,657.262826393894,L4_1,434.5,102.925634877859,10.425459407953
264722.840050599,3842663.56196892,657.262826393894,L4_1,434.5,70.9982484283146,9.92301209204564
264722.840050599,3842663.56196892,657.262826393894,L4_1,434.5,,
264722.840050599,3842663.56196892,657.262826393894,L4_1,434.5,,
264722.840050599,3842663.56196892,657.262826393894,L4_1,434.5,,
264722.840050599,3842663.56196892,657.262826393894,L4_1,434.5,,
264722.840050599,3842663.56196892,657.262826393894,L4_1,434.5,,
264722.840050599,3842663.56196892,657.262826393894,L4_1,434.5,,
264722.840050599,3842663.56196892,657.262826393894,L4_1,434.5,,
264722.840050599,3842663.56196892,657.262826393894,L4_1,434.5,,
264722.840050599,3842663.56196892,657.262826393894,L4_1,434.5,,
264722.840050599,3842663.56196892,657.262826393894,L4_1,434.5,,
264722.840050599,3842663.56196892,657.262826393894,L4_1,434.5,,
264722.840050599,3842663.56196892,657.262826393894,L4_1,434.5,,
264722.840050599,3842663.56196892,657.262826393894,L4_1,434.5,,
264722.840050599,3842663.56196892,657.262826393894,L4_1,434.5,,
264722.840050599,3842663.56196892,657.262826393894,L4_1,434.5,,
264722.840050599,3842663.56196892,657.262826393894,L4_1,434.5,,
264722.840050599,3842663.56196892,657.262826393894,L4_1,434.5,,
264722.840050599,3842663.56196892,657.262826393894,L4_1,434.5,,
264722.840050599,3842663.56196892,657.262826393894,L4_1,434.5,,
264722.840050599,3842663.56196892,657.262826393894,L4_1,434.5,,
264722.840050599,3842663.56196892,657.262826393894,L4_1,434.5,,
264727.794770707,3842666.95585966,657.641520611733,L4_1,440.5,657.641520611733,15.9510650914746
264727.794770707,3842666.95585966,657.641520611733,L4_1,440.5,652.412887958061,12.834611975901
264727.794770707,3842666.95585966,657.641520611733,L4_1,440.5,646.922823671704,7.44928881047366
264727.794770707,3842666.95585966,657.641520611733,L4_1,440.5,641.15825617103,4.30840514667715
264727.794770707,3842666.95585966,657.641520611733,L4_1,440.5,635.105460295323,3.29391180350432
264727.794770707,3842666.95585966,657.641520611733,L4_1,440.5,628.75002462583,3.26610081188818
264727.794770707,3842666.95585966,657.641520611733,L4_1,440.5,622.076817172862,3.50945507424933
264727.794770707,3842666.95585966,657.641520611733,L4_1,440.5,615.069949347246,3.65154003654905
264727.794770707,3842666.95585966,657.641520611733,L4_1,440.5,607.712738130349,3.7032982064063
264727.794770707,3842666.95585966,657.641520611733,L4_1,440.5,599.987666352607,3.85778054976172
264727.794770707,3842666.95585966,657.641520611733,L4_1,440.5,591.876340985978,4.26446044410514
264727.794770707,3842666.95585966,657.641520611733,L4_1,440.5,583.359449351018,4.98171330010335
264727.794770707,3842666.95585966,657.641520611733,L4_1,440.5,574.416713134309,5.9948689322093
264727.794770707,3842666.95585966,657.641520611733,L4_1,440.5,565.026840106766,7.23007676802266
264727.794770707,3842666.95585966,657.641520611733,L4_1,440.5,555.167473427845,8.57587283271928
264727.794770707,3842666.95585966,657.641520611733,L4_1,440.5,544.815138414978,9.91720909292296
264727.794770707,3842666.95585966,657.641520611733,L4_1,440.5,533.945186651467,11.1632858456559
264727.794770707,3842666.95585966,657.641520611733,L4_1,440.5,522.531737299782,12.2563903063827
264727.794770707,3842666.95585966,657.641520611733,L4_1,440.5,510.547615480511,13.1672607084223
264727.794770707,3842666.95585966,657.641520611733,L4_1,440.5,497.964287570278,13.8876772927834
264727.794770707,3842666.95585966,657.641520611733,L4_1,440.5,484.751793264532,14.4248949860086
264727.794770707,3842666.95585966,657.641520611733,L4_1,440.5,470.8786742435,14.7972747541158
264727.794770707,3842666.95585966,657.641520611733,L4_1,440.5,456.311899271416,15.0298282103934
264727.794770707,3842666.95585966,657.641520611733,L4_1,440.5,441.016785550727,15.1496103997642
264727.794770707,3842666.95585966,657.641520611733,L4_1,440.5,424.956916144004,15.1816388878896
264727.794770707,3842666.95585966,657.641520611733,L4_1,440.5,408.094053266945,15.1459405075956
264727.794770707,3842666.95585966,657.641520611733,L4_1,440.5,390.388047246033,15.0557948622256
264727.794770707,3842666.95585966,657.641520611733,L4_1,440.5,371.796740924076,14.9168251486183
264727.794770707,3842666.95585966,657.641520611733,L4_1,440.5,352.27586928602,14.7263744857324
264727.794770707,3842666.95585966,657.641520611733,L4_1,440.5,331.778954066062,14.4732214662544
264727.794770707,3842666.95585966,657.641520611733,L4_1,440.5,310.257193085106,14.1437455934139
264727.794770707,3842666.95585966,657.641520611733,L4_1,440.5,287.669414477938,13.7404732967567
264727.794770707,3842666.95585966,657.641520611733,L4_1,440.5,264.979217008397,13.2992712256139
264727.794770707,3842666.95585966,657.641520611733,L4_1,440.5,241.154509665379,12.8511028255421
264727.794770707,3842666.95585966,657.641520611733,L4_1,440.5,216.13856695521,12.393233896666
264727.794770707,3842666.95585966,657.641520611733,L4_1,440.5,189.871827109532,11.9159061571114
264727.794770707,3842666.95585966,657.641520611733,L4_1,440.5,162.291750271571,11.4185930924383
264727.794770707,3842666.95585966,657.641520611733,L4_1,440.5,133.332669591712,10.909317932953
264727.794770707,3842666.95585966,657.641520611733,L4_1,440.5,102.925634877859,10.3996254030991
264727.794770707,3842666.95585966,657.641520611733,L4_1,440.5,70.9982484283146,9.90151039446701
264727.794770707,3842666.95585966,657.641520611733,L4_1,440.5,,
264727.794770707,3842666.95585966,657.641520611733,L4_1,440.5,,
264727.794770707,3842666.95585966,657.641520611733,L4_1,440.5,,
264727.794770707,3842666.95585966,657.641520611733,L4_1,440.5,,
264727.794770707,3842666.95585966,657.641520611733,L4_1,440.5,,
264727.794770707,3842666.95585966,657.641520611733,L4_1,440.5,,
264727.794770707,3842666.95585966,657.641520611733,L4_1,440.5,,
264727.794770707,3842666.95585966,657.641520611733,L4_1,440.5,,
264727.794770707,3842666.95585966,657.641520611733,L4_1,440.5,,
264727.794770707,3842666.95585966,657.641520611733,L4_1,440.5,,
264727.794770707,3842666.95585966,657.641520611733,L4_1,440.5,,
264727.794770707,3842666.95585966,657.641520611733,L4_1,440.5,,
264727.794770707,3842666.95585966,657.641520611733,L4_1,440.5,,
264727.794770707,3842666.95585966,657.641520611733,L4_1,440.5,,
264727.794770707,3842666.95585966,657.641520611733,L4_1,440.5,,
264727.794770707,3842666.95585966,657.641520611733,L4_1,440.5,,
264727.794770707,3842666.95585966,657.641520611733,L4_1,440.5,,
264727.794770707,3842666.95585966,657.641520611733,L4_1,440.5,,
264727.794770707,3842666.95585966,657.641520611733,L4_1,440.5,,
264727.794770707,3842666.95585966,657.641520611733,L4_1,440.5,,
264727.794770707,3842666.95585966,657.641520611733,L4_1,440.5,,
264733.162384156,3842670.63257463,658.045287372924,L4_1,447.0,658.045287372924,11.4433285791308
264733.162384156,3842670.63257463,658.045287372924,L4_1,447.0,652.810945084718,10.4572494966282
264733.162384156,3842670.63257463,658.045287372924,L4_1,447.0,647.314885682102,7.16867670507294
264733.162384156,3842670.63257463,658.045287372924,L4_1,447.0,641.544023309356,4.32629939605614
264733.162384156,3842670.63257463,658.045287372924,L4_1,447.0,635.484617817972,3.29042991577185
264733.162384156,3842670.63257463,658.045287372924,L4_1,447.0,629.122242052018,3.21052559691459
264733.162384156,3842670.63257463,658.045287372924,L4_1,447.0,622.441747497767,3.42089984902254
264733.162384156,3842670.63257463,658.045287372924,L4_1,447.0,615.427228215804,3.57588701276548
264733.162384156,3842670.63257463,658.045287372924,L4_1,447.0,608.061982969742,3.67565184950819
264733.162384156,3842670.63257463,658.045287372924,L4_1,447.0,600.328475461378,3.88472192217522
264733.162384156,3842670.63257463,658.045287372924,L4_1,447.0,592.208292577595,4.33585249489617
264733.162384156,3842670.63257463,658.045287372924,L4_1,447.0,583.682100549623,5.0818365232945
264733.162384156,3842670.63257463,658.045287372924,L4_1,447.0,574.729598920252,6.10590116234162
264733.162384156,3842670.63257463,658.045287372924,L4_1,447.0,565.329472209413,7.33428625908484
264733.162384156,3842670.63257463,658.045287372924,L4_1,447.0,555.459339163031,8.65884542329355
264733.162384156,3842670.63257463,658.045287372924,L4_1,447.0,545.095699464331,9.97011692111815
264733.162384156,3842670.63257463,658.045287372924,L4_1,447.0,534.213877780696,11.1828010297822
264733.162384156,3842670.63257463,658.045287372924,L4_1,447.0,522.787965012879,12.2431333774501
264733.162384156,3842670.63257463,658.045287372924,L4_1,447.0,510.790756606671,13.1242196070195
264733.162384156,3842670.63257463,658.045287372924,L4_1,447.0,498.193687780153,13.8191729328438
264733.162384156,3842670.63257463,658.045287372924,L4_1,447.0,484.966765512308,14.3359704259773
264733.162384156,3842670.63257463,658.045287372924,L4_1,447.0,471.078497131072,14.6932626032677
264733.162384156,3842670.63257463,658.045287372924,L4_1,447.0,456.495815330774,14.9159787837242
264733.162384156,3842670.63257463,658.045287372924,L4_1,447.0,441.183999440461,15.0307805534318
264733.162384156,3842670.63257463,658.045287372924,L4_1,447.0,425.106592755632,15.0620611151111
264733.162384156,3842670.63257463,658.045287372924,L4_1,447.0,408.225315736562,15.0290788416072
264733.162384156,3842670.63257463,658.045287372924,L4_1,447.0,390.499974866538,14.9442837597974
264733.162384156,3842670.63257463,658.045287372924,L4_1,447.0,371.888366953013,14.8124829855711
264733.162384156,3842670.63257463,658.045287372924,L4_1,447.0,352.346178643812,14.63025475871
264733.162384156,3842670.63257463,658.045287372924,L4_1,447.0,331.82688091915,14.3856892177196
264733.162384156,3842670.63257463,658.045287372924,L4_1,447.0,310.281618308256,14.0645591525792
264733.162384156,3842670.63257463,658.045287372924,L4_1,447.0,287.669414477938,13.6689092246348
264733.162384156,3842670.63257463,658.045287372924,L4_1,447.0,264.979217008397,13.2349138100132
264733.162384156,3842670.63257463,658.045287372924,L4_1,447.0,241.154509665379,12.793902204303
264733.162384156,3842670.63257463,658.045287372924,L4_1,447.0,216.13856695521,12.3429443601194
264733.162384156,3842670.63257463,658.045287372924,L4_1,447.0,189.871827109532,11.8721502857873
264733.162384156,3842670.63257463,658.045287372924,L4_1,447.0,162.291750271571,11.3809063477393
264733.162384156,3842670.63257463,658.045287372924,L4_1,447.0,133.332669591712,10.8771930075945
264733.162384156,3842670.63257463,658.045287372924,L4_1,447.0,102.925634877859,10.3725426720118
264733.162384156,3842670.63257463,658.045287372924,L4_1,447.0,70.9982484283146,9.87895570610285
264733.162384156,3842670.63257463,658.045287372924,L4_1,447.0,,
264733.162384156,3842670.63257463,658.045287372924,L4_1,447.0,,
264733.162384156,3842670.63257463,658.045287372924,L4_1,447.0,,
264733.162384156,3842670.63257463,658.045287372924,L4_1,447.0,,
264733.162384156,3842670.63257463,658.045287372924,L4_1,447.0,,
264733.162384156,3842670.63257463,658.045287372924,L4_1,447.0,,
264733.162384156,3842670.63257463,658.045287372924,L4_1,447.0,,
264733.162384156,3842670.63257463,658.045287372924,L4_1,447.0,,
264733.162384156,3842670.63257463,658.045287372924,L4_1,447.0,,
264733.162384156,3842670.63257463,658.045287372924,L4_1,447.0,,
264733.162384156,3842670.63257463,658.045287372924,L4_1,447.0,,
264733.162384156,3842670.63257463,658.045287372924,L4_1,447.0,,
264733.162384156,3842670.63257463,658.045287372924,L4_1,447.0,,
264733.162384156,3842670.63257463,658.045287372924,L4_1,447.0,,
264733.162384156,3842670.63257463,658.045287372924,L4_1,447.0,,
264733.162384156,3842670.63257463,658.045287372924,L4_1,447.0,,
264733.162384156,3842670.63257463,658.045287372924,L4_1,447.0,,
264733.162384156,3842670.63257463,658.045287372924,L4_1,447.0,,
264733.162384156,3842670.63257463,658.045287372924,L4_1,447.0,,
264733.162384156,3842670.63257463,658.045287372924,L4_1,447.0,,
264733.162384156,3842670.63257463,658.045287372924,L4_1,447.0,,
264738.11681887,3842674.02644558,658.449054134115,L4_1,453.0,658.449054134115,11.85071141707
264738.11681887,3842674.02644558,658.449054134115,L4_1,453.0,653.209002211376,10.6612941820643
264738.11681887,3842674.02644558,658.449054134115,L4_1,453.0,647.7069476925,7.19285184903401
264738.11681887,3842674.02644558,658.449054134115,L4_1,453.0,641.929790447681,4.34156756395267
264738.11681887,3842674.02644558,658.449054134115,L4_1,453.0,635.86377534062,3.28250019039423
264738.11681887,3842674.02644558,658.449054134115,L4_1,453.0,629.494459478207,3.15883746222786
264738.11681887,3842674.02644558,658.449054134115,L4_1,453.0,622.806677822673,3.33450692420493
264738.11681887,3842674.02644558,658.449054134115,L4_1,453.0,615.784507084362,3.49428624383101
264738.11681887,3842674.02644558,658.449054134115,L4_1,453.0,608.411227809136,3.63436774257781
264738.11681887,3842674.02644558,658.449054134115,L4_1,453.0,600.669284570148,3.89436716639464
264738.11681887,3842674.02644558,658.449054134115,L4_1,453.0,592.540244169211,4.38975626270972
264738.11681887,3842674.02644558,658.449054134115,L4_1,453.0,584.004751748227,5.16605959457686
264738.11681887,3842674.02644558,658.449054134115,L4_1,453.0,575.042484706194,6.20327053797206
264738.11681887,3842674.02644558,658.449054134115,L4_1,453.0,565.632104312059,7.4271254301017
264738.11681887,3842674.02644558,658.449054134115,L4_1,453.0,555.751204898218,8.73239631854137
264738.11681887,3842674.02644558,658.449054134115,L4_1,453.0,545.376260513684,10.0149198440578
264738.11681887,3842674.02644558,658.449054134115,L4_1,453.0,534.482568909924,11.1948249872622
264738.11681887,3842674.02644558,658.449054134115,L4_1,453.0,523.044192725976,12.2224711500532
264738.11681887,3842674.02644558,658.449054134115,L4_1,453.0,511.03389773283,13.073636204185
264738.11681887,3842674.02644558,658.449054134115,L4_1,453.0,498.423087990027,13.7430464675658
264738.11681887,3842674.02644558,658.449054134115,L4_1,453.0,485.181737760084,14.2395618771356
264738.11681887,3842674.02644558,658.449054134115,L4_1,453.0,471.278320018644,14.5821535636956
264738.11681887,3842674.02644558,658.449054134115,L4_1,453.0,456.679731390132,14.7956109311996
264738.11681887,3842674.02644558,658.449054134115,L4_1,453.0,441.351213330194,14.9061061056998
264738.11681887,3842674.02644558,658.449054134115,L4_1,453.0,425.256269367259,14.9373159607644
264738.11681887,3842674.02644558,658.449054134115,L4_1,453.0,408.356578206178,14.9076662447446
264738.11681887,3842674.02644558,658.449054134115,L4_1,453.0,390.611902487042,14.8287443545603
264738.11681887,3842674.02644558,658.449054134115,L4_1,453.0,371.97999298195,14.7045340198608
264738.11681887,3842674.02644558,658.449054134115,L4_1,453.0,352.416488001603,14.5308656539833
264738.11681887,3842674.02644558,658.449054134115,L4_1,453.0,331.874807772239,14.2951690170485
264738.11681887,3842674.02644558,658.449054134115,L4_1,453.0,310.306043531406,13.9826383660042
264738.11681887,3842674.02644558,658.449054134115,L4_1,453.0,287.669414477938,13.5948501381971
264738.11681887,3842674.02644558,658.449054134115,L4_1,453.0,264.979217008397,13.1682757286972
264738.11681887,3842674.02644558,658.449054134115,L4_1,453.0,241.154509665379,12.7346047636189
264738.11681887,3842674.02644558,658.449054134115,L4_1,453.0,216.13856695521,12.2907253370944
264738.11681887,3842674.02644558,658.449054134115,L4_1,453.0,189.871827109532,11.8266351275759
264738.11681887,3842674.02644558,658.449054134115,L4_1,453.0,162.291750271571,11.3416417067225
264738.11681887,3842674.02644558,658.449054134115,L4_1,453.0,133.332669591712,10.8436793408798
264738.11681887,3842674.02644558,658.449054134115,L4_1,453.0,102.925634877859,10.344262375857
264738.11681887,3842674.02644558,658.449054134115,L4_1,453.0,70.9982484283146,9.8553904806087
264738.11681887,3842674.02644558,658.449054134115,L4_1,453.0,,
264738.11681887,3842674.02644558,658.449054134115,L4_1,453.0,,
264738.11681887,3842674.02644558,658.449054134115,L4_1,453.0,,
264738.11681887,3842674.02644558,658.449054134115,L4_1,453.0,,
264738.11681887,3842674.02644558,658.449054134115,L4_1,453.0,,
264738.11681887,3842674.02644558,658.449054134115,L4_1,453.0,,
264738.11681887,3842674.02644558,658.449054134115,L4_1,453.0,,
264738.11681887,3842674.02644558,658.449054134115,L4_1,453.0,,
264738.11681887,3842674.02644558,658.449054134115,L4_1,453.0,,
264738.11681887,3842674.02644558,658.449054134115,L4_1,453.0,,
264738.11681887,3842674.02644558,658.449054134115,L4_1,453.0,,
264738.11681887,3842674.02644558,658.449054134115,L4_1,453.0,,
264738.11681887,3842674.02644558,658.449054134115,L4_1,453.0,,
264738.11681887,3842674.02644558,658.449054134115,L4_1,453.0,,
264738.11681887,3842674.02644558,658.449054134115,L4_1,453.0,,
264738.11681887,3842674.02644558,658.449054134115,L4_1,453.0,,
264738.11681887,3842674.02644558,658.449054134115,L4_1,453.0,,
264738.11681887,3842674.02644558,658.449054134115,L4_1,453.0,,
264738.11681887,3842674.02644558,658.449054134115,L4_1,453.0,,
264738.11681887,3842674.02644558,658.449054134115,L4_1,453.0,,
264738.11681887,3842674.02644558,658.449054134115,L4_1,453.0,,
264743.483813967,3842677.70311766,658.852820895305,L4_1,459.5,658.852820895305,17.4088183528211
264743.483813967,3842677.70311766,658.852820895305,L4_1,459.5,653.607059338034,13.4956986736911
264743.483813967,3842677.70311766,658.852820895305,L4_1,459.5,648.099009702898,7.54017668727628
264743.483813967,3842677.70311766,658.852820895305,L4_1,459.5,642.315557586006,4.36132891521718
264743.483813967,3842677.70311766,658.852820895305,L4_1,459.5,636.242932863269,3.27110519192003
264743.483813967,3842677.70311766,658.852820895305,L4_1,459.5,629.866676904396,3.10665884117384
264743.483813967,3842677.70311766,658.852820895305,L4_1,459.5,623.171608147579,3.24283617146477
264743.483813967,3842677.70311766,658.852820895305,L4_1,459.5,616.14178595292,3.39938457665909
264743.483813967,3842677.70311766,658.852820895305,L4_1,459.5,608.760472648529,3.57348444719547
264743.483813967,3842677.70311766,658.852820895305,L4_1,459.5,601.010093678919,3.88205588785951
264743.483813967,3842677.70311766,658.852820895305,L4_1,459.5,592.872195760828,4.42255689825538
264743.483813967,3842677.70311766,658.852820895305,L4_1,459.5,584.327402946832,5.23168515343745
264743.483813967,3842677.70311766,658.852820895305,L4_1,459.5,575.355370492137,6.28508386402506
264743.483813967,3842677.70311766,658.852820895305,L4_1,459.5,565.934736414706,7.50734514146976
264743.483813967,3842677.70311766,658.852820895305,L4_1,459.5,556.043070633405,8.79573701625551
264743.483813967,3842677.70311766,658.852820895305,L4_1,459.5,545.656821563038,10.0511268218922
264743.483813967,3842677.70311766,658.852820895305,L4_1,459.5,534.751260039153,11.1990455051483
264743.483813967,3842677.70311766,658.852820895305,L4_1,459.5,523.300420439073,12.1941959163859
264743.483813967,3842677.70311766,658.852820895305,L4_1,459.5,511.27703885899,13.0153648730507
264743.483813967,3842677.70311766,658.852820895305,L4_1,459.5,498.652488199902,13.6591910684519
264743.483813967,3842677.70311766,658.852820895305,L4_1,459.5,485.39671000786,14.1355882679244
264743.483813967,3842677.70311766,658.852820895305,L4_1,459.5,471.478142906216,14.4638843671212
264743.483813967,3842677.70311766,658.852820895305,L4_1,459.5,456.86364744949,14.668674114754
264743.483813967,3842677.70311766,658.852820895305,L4_1,459.5,441.518427219927,14.7755460937732
264743.483813967,3842677.70311766,658.852820895305,L4_1,459.5,425.405945978887,14.807370099267
264743.483813967,3842677.70311766,658.852820895305,L4_1,459.5,408.487840675794,14.7816758248055
264743.483813967,3842677.70311766,658.852820895305,L4_1,459.5,390.723830107547,14.7091554074139
264743.483813967,3842677.70311766,658.852820895305,L4_1,459.5,372.071619010887,14.5929620165777
264743.483813967,3842677.70311766,658.852820895305,L4_1,459.5,352.486797359394,14.428195252818
264743.483813967,3842677.70311766,658.852820895305,L4_1,459.5,331.922734625327,14.201652523175
264743.483813967,3842677.70311766,658.852820895305,L4_1,459.5,310.330468754556,13.8979777420141
264743.483813967,3842677.70311766,658.852820895305,L4_1,459.5,287.669414477938,13.5182928120042
264743.483813967,3842677.70311766,658.852820895305,L4_1,459.5,264.979217008397,13.099355475655
264743.483813967,3842677.70311766,658.852820895305,L4_1,459.5,241.154509665379,12.6732101905413
264743.483813967,3842677.70311766,658.852820895305,L4_1,459.5,216.13856695521,12.2365772652002
264743.483813967,3842677.70311766,658.852820895305,L4_1,459.5,189.871827109532,11.7793615017723
264743.483813967,3842677.70311766,658.852820895305,L4_1,459.5,162.291750271571,11.3008001161552
264743.483813967,3842677.70311766,658.852820895305,L4_1,459.5,133.332669591712,10.8087778573685
264743.483813967,3842677.70311766,658.852820895305,L4_1,459.5,102.925634877859,10.3147853228345
264743.483813967,3842677.70311766,658.852820895305,L4_1,459.5,70.9982484283146,9.83081538842445
264743.483813967,3842677.70311766,658.852820895305,L4_1,459.5,,
264743.483813967,3842677.70311766,658.852820895305,L4_1,459.5,,
264743.483813967,3842677.70311766,658.852820895305,L4_1,459.5,,
264743.483813967,3842677.70311766,658.852820895305,L4_1,459.5,,
264743.483813967,3842677.70311766,658.852820895305,L4_1,459.5,,
264743.483813967,3842677.70311766,658.852820895305,L4_1,459.5,,
264743.483813967,3842677.70311766,658.852820895305,L4_1,459.5,,
264743.483813967,3842677.70311766,658.852820895305,L4_1,459.5,,
264743.483813967,3842677.70311766,658.852820895305,L4_1,459.5,,
264743.483813967,3842677.70311766,658.852820895305,L4_1,459.5,,
264743.483813967,3842677.70311766,658.852820895305,L4_1,459.5,,
264743.483813967,3842677.70311766,658.852820895305,L4_1,459.5,,
264743.483813967,3842677.70311766,658.852820895305,L4_1,459.5,,
264743.483813967,3842677.70311766,658.852820895305,L4_1,459.5,,
264743.483813967,3842677.70311766,658.852820895305,L4_1,459.5,,
264743.483813967,3842677.70311766,658.852820895305,L4_1,459.5,,
264743.483813967,3842677.70311766,658.852820895305,L4_1,459.5,,
264743.483813967,3842677.70311766,658.852820895305,L4_1,459.5,,
264743.483813967,3842677.70311766,658.852820895305,L4_1,459.5,,
264743.483813967,3842677.70311766,658.852820895305,L4_1,459.5,,
264743.483813967,3842677.70311766,658.852820895305,L4_1,459.5,,
264748.437963287,3842681.09696882,659.25803769644,L4_1,465.5,659.25803769644,16.3191887661897
264748.437963287,3842681.09696882,659.25803769644,L4_1,465.5,654.006545999732,12.5180929368393
264748.437963287,3842681.09696882,659.25803769644,L4_1,465.5,648.492479718189,7.06720776641044
264748.437963287,3842681.09696882,659.25803769644,L4_1,465.5,642.702710122569,4.25438798191655
264748.437963287,3842681.09696882,659.25803769644,L4_1,465.5,636.623452047168,3.25262752413734
264748.437963287,3842681.09696882,659.25803769644,L4_1,465.5,630.240231067997,3.06216807366933
264748.437963287,3842681.09696882,659.25803769644,L4_1,465.5,623.537849039867,3.15203562011276
264748.437963287,3842681.09696882,659.25803769644,L4_1,465.5,616.500347910331,3.29540509592564
264748.437963287,3842681.09696882,659.25803769644,L4_1,465.5,609.110971724318,3.49569018061522
264748.437963287,3842681.09696882,659.25803769644,L4_1,465.5,601.352126729005,3.84909002269436
264748.437963287,3842681.09696882,659.25803769644,L4_1,465.5,593.205339483926,4.43472182228988
264748.437963287,3842681.09696882,659.25803769644,L4_1,465.5,584.651212876592,5.27906813984827
264748.437963287,3842681.09696882,659.25803769644,L4_1,465.5,575.669379938892,6.35207557633532
264748.437963287,3842681.09696882,659.25803769644,L4_1,465.5,566.238455354308,7.57615510114252
264748.437963287,3842681.09696882,659.25803769644,L4_1,465.5,556.335984540493,8.85034324894863
264748.437963287,3842681.09696882,659.25803769644,L4_1,465.5,545.938390185989,10.0801765719827
264748.437963287,3842681.09696882,659.25803769644,L4_1,465.5,535.020916113759,11.1966319174706
264748.437963287,3842681.09696882,659.25803769644,L4_1,465.5,523.557568337917,12.1591022549785
264748.437963287,3842681.09696882,659.25803769644,L4_1,465.5,511.521053173283,12.9498258738521
264748.437963287,3842681.09696882,659.25803769644,L4_1,465.5,498.882712250418,13.5677102938386
264748.437963287,3842681.09696882,659.25803769644,L4_1,465.5,485.612454281409,14.0239133899076
264748.437963287,3842681.09696882,659.25803769644,L4_1,465.5,471.67868341395,14.3381530513755
264748.437963287,3842681.09696882,659.25803769644,L4_1,465.5,457.048224003118,14.5347632634451
264748.437963287,3842681.09696882,659.25803769644,L4_1,465.5,441.686241621745,14.6386448977022
264748.437963287,3842681.09696882,659.25803769644,L4_1,465.5,425.556160121303,14.6717602272406
264748.437963287,3842681.09696882,659.25803769644,L4_1,465.5,408.619574545838,14.650665609959
264748.437963287,3842681.09696882,659.25803769644,L4_1,465.5,390.836159691601,14.585115503133
264748.437963287,3842681.09696882,659.25803769644,L4_1,465.5,372.163574094651,14.4774214451224
264748.437963287,3842681.09696882,659.25803769644,L4_1,465.5,352.557359217854,14.3219615633371
264748.437963287,3842681.09696882,659.25803769644,L4_1,465.5,331.970833597217,14.1049289215386
264748.437963287,3842681.09696882,659.25803769644,L4_1,465.5,310.354981695549,13.8104498189295
264748.437963287,3842681.09696882,659.25803769644,L4_1,465.5,287.669414477938,13.439198115619
264748.437963287,3842681.09696882,659.25803769644,L4_1,465.5,264.979217008397,13.0281857481707
264748.437963287,3842681.09696882,659.25803769644,L4_1,465.5,241.154509665379,12.6097906818287
264748.437963287,3842681.09696882,659.25803769644,L4_1,465.5,216.13856695521,12.1805864082643
264748.437963287,3842681.09696882,659.25803769644,L4_1,465.5,189.871827109532,11.7304155075179
264748.437963287,3842681.09696882,659.25803769644,L4_1,465.5,162.291750271571,11.2584598983642
264748.437963287,3842681.09696882,659.25803769644,L4_1,465.5,133.332669591712,10.7725568779524
264748.437963287,3842681.09696882,659.25803769644,L4_1,465.5,102.925634877859,10.2841691375101
264748.437963287,3842681.09696882,659.25803769644,L4_1,465.5,70.9982484283146,9.80527765110556
264748.437963287,3842681.09696882,659.25803769644,L4_1,465.5,,
264748.437963287,3842681.09696882,659.25803769644,L4_1,465.5,,
264748.437963287,3842681.09696882,659.25803769644,L4_1,465.5,,
264748.437963287,3842681.09696882,659.25803769644,L4_1,465.5,,
264748.437963287,3842681.09696882,659.25803769644,L4_1,465.5,,
264748.437963287,3842681.09696882,659.25803769644,L4_1,465.5,,
264748.437963287,3842681.09696882,659.25803769644,L4_1,465.5,,
264748.437963287,3842681.09696882,659.25803769644,L4_1,465.5,,
264748.437963287,3842681.09696882,659.25803769644,L4_1,465.5,,
264748.437963287,3842681.09696882,659.25803769644,L4_1,465.5,,
264748.437963287,3842681.09696882,659.25803769644,L4_1,465.5,,
264748.437963287,3842681.09696882,659.25803769644,L4_1,465.5,,
264748.437963287,3842681.09696882,659.25803769644,L4_1,465.5,,
264748.437963287,3842681.09696882,659.25803769644,L4_1,465.5,,
264748.437963287,3842681.09696882,659.25803769644,L4_1,465.5,,
264748.437963287,3842681.09696882,659.25803769644,L4_1,465.5,,
264748.437963287,3842681.09696882,659.25803769644,L4_1,465.5,,
264748.437963287,3842681.09696882,659.25803769644,L4_1,465.5,,
264748.437963287,3842681.09696882,659.25803769644,L4_1,465.5,,
264748.437963287,3842681.09696882,659.25803769644,L4_1,465.5,,
264748.437963287,3842681.09696882,659.25803769644,L4_1,465.5,,
264753.804958383,3842684.77364091,659.66470331174,L4_1,472.0,659.66470331174,8.78499736847989
264753.804958383,3842684.77364091,659.66470331174,L4_1,472.0,654.407460988028,7.9033283928858
264753.804958383,3842684.77364091,659.66470331174,L4_1,472.0,648.88735654813,5.76856716381446
264753.804958383,3842684.77364091,659.66470331174,L4_1,472.0,643.091246886237,3.99855142842014
264753.804958383,3842684.77364091,659.66470331174,L4_1,472.0,637.005331741249,3.21338137013167
264753.804958383,3842684.77364091,659.66470331174,L4_1,472.0,630.615120839013,3.01650007319963
264753.804958383,3842684.77364091,659.66470331174,L4_1,472.0,623.905399391664,3.05644847697857
264753.804958383,3842684.77364091,659.66470331174,L4_1,472.0,616.860191871948,3.17870651523411
264753.804958383,3842684.77364091,659.66470331174,L4_1,472.0,609.462723976246,3.39820999219719
264753.804958383,3842684.77364091,659.66470331174,L4_1,472.0,601.695382685759,3.79300231024307
264753.804958383,3842684.77364091,659.66470331174,L4_1,472.0,593.539674330748,4.42408936960412
264753.804958383,3842684.77364091,659.66470331174,L4_1,472.0,584.976180557986,5.30652345254225
264753.804958383,3842684.77364091,659.66470331174,L4_1,472.0,575.984512096586,6.40309427933547
264753.804958383,3842684.77364091,659.66470331174,L4_1,472.0,566.543260212116,7.63283929233594
264753.804958383,3842684.77364091,659.66470331174,L4_1,472.0,556.629945733422,8.89577398883024
264753.804958383,3842684.77364091,659.66470331174,L4_1,472.0,546.220965530794,10.1017702553575
264753.804958383,3842684.77364091,659.66470331174,L4_1,472.0,535.291536318035,11.1873521442459
264753.804958383,3842684.77364091,659.66470331174,L4_1,472.0,523.815635644637,12.1169948042367
264753.804958383,3842684.77364091,659.66470331174,L4_1,472.0,511.76593993757,12.8768536789414
264753.804958383,3842684.77364091,659.66470331174,L4_1,472.0,499.113759445149,13.4684681746571
264753.804958383,3842684.77364091,659.66470331174,L4_1,472.0,485.828969928107,13.9044296874415
264753.804958383,3842684.77364091,659.66470331174,L4_1,472.0,471.879940935213,14.2048769794384
264753.804958383,3842684.77364091,659.66470331174,L4_1,472.0,457.233460492675,14.3938158530139
264753.804958383,3842684.77364091,659.66470331174,L4_1,472.0,441.854656028009,14.49535533509
264753.804958383,3842684.77364091,659.66470331174,L4_1,472.0,425.70691134011,14.5304506311276
264753.804958383,3842684.77364091,659.66470331174,L4_1,472.0,408.751779417816,14.5146085196076
264753.804958383,3842684.77364091,659.66470331174,L4_1,472.0,390.948890899408,14.4566042206972
264753.804958383,3842684.77364091,659.66470331174,L4_1,472.0,372.255857955079,14.3578971649736
264753.804958383,3842684.77364091,659.66470331174,L4_1,472.0,352.628173363534,14.2121536546844
264753.804958383,3842684.77364091,659.66470331174,L4_1,472.0,332.019104542411,14.0049906099268
264753.804958383,3842684.77364091,659.66470331174,L4_1,472.0,310.379582280232,13.7200496011898
264753.804958383,3842684.77364091,659.66470331174,L4_1,472.0,287.669414477938,13.3575630934654
264753.804958383,3842684.77364091,659.66470331174,L4_1,472.0,264.979217008397,12.9547651402527
264753.804958383,3842684.77364091,659.66470331174,L4_1,472.0,241.154509665379,12.5443459605628
264753.804958383,3842684.77364091,659.66470331174,L4_1,472.0,216.13856695521,12.1227532412094
264753.804958383,3842684.77364091,659.66470331174,L4_1,472.0,189.871827109532,11.6797980419861
264753.804958383,3842684.77364091,659.66470331174,L4_1,472.0,162.291750271571,11.2146221162331
264753.804958383,3842684.77364091,659.66470331174,L4_1,472.0,133.332669591712,10.735017450454
264753.804958383,3842684.77364091,659.66470331174,L4_1,472.0,102.925634877859,10.2524147641539
264753.804958383,3842684.77364091,659.66470331174,L4_1,472.0,70.9982484283146,9.77877805977819
264753.804958383,3842684.77364091,659.66470331174,L4_1,472.0,,
264753.804958383,3842684.77364091,659.66470331174,L4_1,472.0,,
264753.804958383,3842684.77364091,659.66470331174,L4_1,472.0,,
264753.804958383,3842684.77364091,659.66470331174,L4_1,472.0,,
264753.804958383,3842684.77364091,659.66470331174,L4_1,472.0,,
264753.804958383,3842684.77364091,659.66470331174,L4_1,472.0,,
264753.804958383,3842684.77364091,659.66470331174,L4_1,472.0,,
264753.804958383,3842684.77364091,659.66470331174,L4_1,472.0,,
264753.804958383,3842684.77364091,659.66470331174,L4_1,472.0,,
264753.804958383,3842684.77364091,659.66470331174,L4_1,472.0,,
264753.804958383,3842684.77364091,659.66470331174,L4_1,472.0,,
264753.804958383,3842684.77364091,659.66470331174,L4_1,472.0,,
264753.804958383,3842684.77364091,659.66470331174,L4_1,472.0,,
264753.804958383,3842684.77364091,659.66470331174,L4_1,472.0,,
264753.804958383,3842684.77364091,659.66470331174,L4_1,472.0,,
264753.804958383,3842684.77364091,659.66470331174,L4_1,472.0,,
264753.804958383,3842684.77364091,659.66470331174,L4_1,472.0,,
264753.804958383,3842684.77364091,659.66470331174,L4_1,472.0,,
264753.804958383,3842684.77364091,659.66470331174,L4_1,472.0,,
264753.804958383,3842684.77364091,659.66470331174,L4_1,472.0,,
264753.804958383,3842684.77364091,659.66470331174,L4_1,472.0,,
264758.75937759,3842688.16752221,660.07136892704,L4_1,478.0,660.07136892704,5.55869028861041
264758.75937759,3842688.16752221,660.07136892704,L4_1,478.0,654.808375976323,5.51731047649055
264758.75937759,3842688.16752221,660.07136892704,L4_1,478.0,649.28223337807,4.86428527123616
264758.75937759,3842688.16752221,660.07136892704,L4_1,478.0,643.479783649905,3.86379672508212
264758.75937759,3842688.16752221,660.07136892704,L4_1,478.0,637.387211435331,3.26279346214731
264758.75937759,3842688.16752221,660.07136892704,L4_1,478.0,630.990010610028,3.0327763796263
264758.75937759,3842688.16752221,660.07136892704,L4_1,478.0,624.272949743461,2.99855927065727
264758.75937759,3842688.16752221,660.07136892704,L4_1,478.0,617.220035833565,3.08094664548506
264758.75937759,3842688.16752221,660.07136892704,L4_1,478.0,609.814476228174,3.30555940867353
264758.75937759,3842688.16752221,660.07136892704,L4_1,478.0,602.038638642513,3.73273008469769
264758.75937759,3842688.16752221,660.07136892704,L4_1,478.0,593.87400917757,4.40519455308965
264758.75937759,3842688.16752221,660.07136892704,L4_1,478.0,585.30114823938,5.32516469147317
264758.75937759,3842688.16752221,660.07136892704,L4_1,478.0,576.299644254279,6.4464731856916
264758.75937759,3842688.16752221,660.07136892704,L4_1,478.0,566.848065069924,7.68330598924746
264758.75937759,3842688.16752221,660.07136892704,L4_1,478.0,556.923906926351,8.93579129760757
264758.75937759,3842688.16752221,660.07136892704,L4_1,478.0,546.5035408756,10.1178859472597
264758.75937759,3842688.16752221,660.07136892704,L4_1,478.0,535.562156522311,11.1718618721382
264758.75937759,3842688.16752221,660.07136892704,L4_1,478.0,524.073702951357,12.0676815134385
264758.75937759,3842688.16752221,660.07136892704,L4_1,478.0,512.010826701856,12.7958044125368
264758.75937759,3842688.16752221,660.07136892704,L4_1,478.0,499.34480663988,13.3606427895236
264758.75937759,3842688.16752221,660.07136892704,L4_1,478.0,486.045485574805,13.7762942953635
264758.75937759,3842688.16752221,660.07136892704,L4_1,478.0,472.081198456476,14.0632671263068
264758.75937759,3842688.16752221,660.07136892704,L4_1,478.0,457.418696982231,14.2451243217761
264758.75937759,3842688.16752221,660.07136892704,L4_1,478.0,442.023070434273,14.3450549327364
264758.75937759,3842688.16752221,660.07136892704,L4_1,478.0,425.857662558918,14.3828964061632
264758.75937759,3842688.16752221,660.07136892704,L4_1,478.0,408.883984289795,14.3730319783684
264758.75937759,3842688.16752221,660.07136892704,L4_1,478.0,391.061622107215,14.3232182144131
264758.75937759,3842688.16752221,660.07136892704,L4_1,478.0,372.348141815507,14.2340495921452
264758.75937759,3842688.16752221,660.07136892704,L4_1,478.0,352.698987509213,14.0984943228997
264758.75937759,3842688.16752221,660.07136892704,L4_1,478.0,332.067375487605,13.9016291789906
264758.75937759,3842688.16752221,660.07136892704,L4_1,478.0,310.404182864916,13.6266507005058
264758.75937759,3842688.16752221,660.07136892704,L4_1,478.0,287.669414477938,13.2733548274822
264758.75937759,3842688.16752221,660.07136892704,L4_1,478.0,264.979217008397,12.8791380172477
264758.75937759,3842688.16752221,660.07136892704,L4_1,478.0,241.154509665379,12.4769610846363
264758.75937759,3842688.16752221,660.07136892704,L4_1,478.0,216.13856695521,12.0631762729484
264758.75937759,3842688.16752221,660.07136892704,L4_1,478.0,189.871827109532,11.6276056577793
264758.75937759,3842688.16752221,660.07136892704,L4_1,478.0,162.291750271571,11.1693738857355
264758.75937759,3842688.16752221,660.07136892704,L4_1,478.0,133.332669591712,10.6962346826958
264758.75937759,3842688.16752221,660.07136892704,L4_1,478.0,102.925634877859,10.2195851967806
264758.75937759,3842688.16752221,660.07136892704,L4_1,478.0,70.9982484283146,9.75136814808856
264758.75937759,3842688.16752221,660.07136892704,L4_1,478.0,,
264758.75937759,3842688.16752221,660.07136892704,L4_1,478.0,,
264758.75937759,3842688.16752221,660.07136892704,L4_1,478.0,,
264758.75937759,3842688.16752221,660.07136892704,L4_1,478.0,,
264758.75937759,3842688.16752221,660.07136892704,L4_1,478.0,,
264758.75937759,3842688.16752221,660.07136892704,L4_1,478.0,,
264758.75937759,3842688.16752221,660.07136892704,L4_1,478.0,,
264758.75937759,3842688.16752221,660.07136892704,L4_1,478.0,,
264758.75937759,3842688.16752221,660.07136892704,L4_1,478.0,,
264758.75937759,3842688.16752221,660.07136892704,L4_1,478.0,,
264758.75937759,3842688.16752221,660.07136892704,L4_1,478.0,,
264758.75937759,3842688.16752221,660.07136892704,L4_1,478.0,,
264758.75937759,3842688.16752221,660.07136892704,L4_1,478.0,,
264758.75937759,3842688.16752221,660.07136892704,L4_1,478.0,,
264758.75937759,3842688.16752221,660.07136892704,L4_1,478.0,,
264758.75937759,3842688.16752221,660.07136892704,L4_1,478.0,,
264758.75937759,3842688.16752221,660.07136892704,L4_1,478.0,,
264758.75937759,3842688.16752221,660.07136892704,L4_1,478.0,,
264758.75937759,3842688.16752221,660.07136892704,L4_1,478.0,,
264758.75937759,3842688.16752221,660.07136892704,L4_1,478.0,,
264758.75937759,3842688.16752221,660.07136892704,L4_1,478.0,,
264764.12695744,3842691.84425961,660.478034542341,L4_1,484.5,660.478034542341,4.60592184066566
264764.12695744,3842691.84425961,660.478034542341,L4_1,484.5,655.209290964619,4.55562990108692
264764.12695744,3842691.84425961,660.478034542341,L4_1,484.5,649.677110208011,4.32634755709848
264764.12695744,3842691.84425961,660.478034542341,L4_1,484.5,643.868320413573,3.88123531364024
264764.12695744,3842691.84425961,660.478034542341,L4_1,484.5,637.769091129412,3.42529240979729
264764.12695744,3842691.84425961,660.478034542341,L4_1,484.5,631.364900381044,3.12573992976482
264764.12695744,3842691.84425961,660.478034542341,L4_1,484.5,624.640500095257,2.98741359125239
264764.12695744,3842691.84425961,660.478034542341,L4_1,484.5,617.579879795181,3.00873697362467
264764.12695744,3842691.84425961,660.478034542341,L4_1,484.5,610.166228480102,3.22285580941622
264764.12695744,3842691.84425961,660.478034542341,L4_1,484.5,602.381894599268,3.67192662729926
264764.12695744,3842691.84425961,660.478034542341,L4_1,484.5,594.208344024392,4.3803648025925
264764.12695744,3842691.84425961,660.478034542341,L4_1,484.5,585.626115920773,5.33635267841008
264764.12695744,3842691.84425961,660.478034542341,L4_1,484.5,576.614776411973,6.48296040172461
264764.12695744,3842691.84425961,660.478034542341,L4_1,484.5,567.152869927733,7.72791669560043
264764.12695744,3842691.84425961,660.478034542341,L4_1,484.5,557.217868119281,8.97049487879317
264764.12695744,3842691.84425961,660.478034542341,L4_1,484.5,546.786116220406,10.1284461086239
264764.12695744,3842691.84425961,660.478034542341,L4_1,484.5,535.832776726587,11.1499802507589
264764.12695744,3842691.84425961,660.478034542341,L4_1,484.5,524.331770258078,12.0109414981851
264764.12695744,3842691.84425961,660.478034542341,L4_1,484.5,512.255713466143,12.7064625083416
264764.12695744,3842691.84425961,660.478034542341,L4_1,484.5,499.575853834611,13.2440492972894
264764.12695744,3842691.84425961,660.478034542341,L4_1,484.5,486.262001221503,13.6393618796704
264764.12695744,3842691.84425961,660.478034542341,L4_1,484.5,472.282455977739,13.9132158794239
264764.12695744,3842691.84425961,660.478034542341,L4_1,484.5,457.603933471787,14.0886120876927
264764.12695744,3842691.84425961,660.478034542341,L4_1,484.5,442.191484840538,14.1876903837607
264764.12695744,3842691.84425961,660.478034542341,L4_1,484.5,426.008413777726,14.2290608005754
264764.12695744,3842691.84425961,660.478034542341,L4_1,484.5,409.016189161773,14.2259107039832
264764.12695744,3842691.84425961,660.478034542341,L4_1,484.5,391.174353315023,14.1849400668263
264764.12695744,3842691.84425961,660.478034542341,L4_1,484.5,372.440425675935,14.1058666889588
264764.12695744,3842691.84425961,660.478034542341,L4_1,484.5,352.769801654893,13.9809752375741
264764.12695744,3842691.84425961,660.478034542341,L4_1,484.5,332.115646432799,13.7948388320975
264764.12695744,3842691.84425961,660.478034542341,L4_1,484.5,310.4287834496,13.5302490148521
264764.12695744,3842691.84425961,660.478034542341,L4_1,484.5,287.669414477938,13.1865707004866
264764.12695744,3842691.84425961,660.478034542341,L4_1,484.5,264.979217008397,12.8013031114819
264764.12695744,3842691.84425961,660.478034542341,L4_1,484.5,241.154509665379,12.4076358360336
264764.12695744,3842691.84425961,660.478034542341,L4_1,484.5,216.13856695521,12.0018560730974
264764.12695744,3842691.84425961,660.478034542341,L4_1,484.5,189.871827109532,11.5738393915549
264764.12695744,3842691.84425961,660.478034542341,L4_1,484.5,162.291750271571,11.1227164301212
264764.12695744,3842691.84425961,660.478034542341,L4_1,484.5,133.332669591712,10.6562097717768
264764.12695744,3842691.84425961,660.478034542341,L4_1,484.5,102.925634877859,10.185681488087
264764.12695744,3842691.84425961,660.478034542341,L4_1,484.5,70.9982484283146,9.72304880629166
264764.12695744,3842691.84425961,660.478034542341,L4_1,484.5,,
264764.12695744,3842691.84425961,660.478034542341,L4_1,484.5,,
264764.12695744,3842691.84425961,660.478034542341,L4_1,484.5,,
264764.12695744,3842691.84425961,660.478034542341,L4_1,484.5,,
264764.12695744,3842691.84425961,660.478034542341,L4_1,484.5,,
264764.12695744,3842691.84425961,660.478034542341,L4_1,484.5,,
264764.12695744,3842691.84425961,660.478034542341,L4_1,484.5,,
264764.12695744,3842691.84425961,660.478034542341,L4_1,484.5,,
264764.12695744,3842691.84425961,660.478034542341,L4_1,484.5,,
264764.12695744,3842691.84425961,660.478034542341,L4_1,484.5,,
264764.12695744,3842691.84425961,660.478034542341,L4_1,484.5,,
264764.12695744,3842691.84425961,660.478034542341,L4_1,484.5,,
264764.12695744,3842691.84425961,660.478034542341,L4_1,484.5,,
264764.12695744,3842691.84425961,660.478034542341,L4_1,484.5,,
264764.12695744,3842691.84425961,660.478034542341,L4_1,484.5,,
264764.12695744,3842691.84425961,660.478034542341,L4_1,484.5,,
264764.12695744,3842691.84425961,660.478034542341,L4_1,484.5,,
264764.12695744,3842691.84425961,660.478034542341,L4_1,484.5,,
264764.12695744,3842691.84425961,660.478034542341,L4_1,484.5,,
264764.12695744,3842691.84425961,660.478034542341,L4_1,484.5,,
264764.12695744,3842691.84425961,660.478034542341,L4_1,484.5,,
264769.081646533,3842695.23817105,660.820011157565,L4_1,490.5,660.820011157565,4.06040101611902
264769.081646533,3842695.23817105,660.820011157565,L4_1,490.5,655.546431714984,4.22569831738042
264769.081646533,3842695.23817105,660.820011157565,L4_1,490.5,650.009173300274,4.50536218266515
264769.081646533,3842695.23817105,660.820011157565,L4_1,490.5,644.195051964828,4.38421820142437
264769.081646533,3842695.23817105,660.820011157565,L4_1,490.5,638.09022456261,3.85890366034115
264769.081646533,3842695.23817105,660.820011157565,L4_1,490.5,631.680155790281,3.35566815671036
264769.081646533,3842695.23817105,660.820011157565,L4_1,490.5,624.949583579336,3.05031549302226
264769.081646533,3842695.23817105,660.820011157565,L4_1,490.5,617.882482757844,2.9829931186506
264769.081646533,3842695.23817105,660.820011157565,L4_1,490.5,610.462026895276,3.17081643078082
264769.081646533,3842695.23817105,660.820011157565,L4_1,490.5,602.670548239581,3.63055426726461
264769.081646533,3842695.23817105,660.820011157565,L4_1,490.5,594.489495651101,4.36710740626734
264769.081646533,3842695.23817105,660.820011157565,L4_1,490.5,585.899390433196,5.35389684627877
264769.081646533,3842695.23817105,660.820011157565,L4_1,490.5,576.879779954397,6.52214103745753
264769.081646533,3842695.23817105,660.820011157565,L4_1,490.5,567.409188951657,7.77217488664566
264769.081646533,3842695.23817105,660.820011157565,L4_1,490.5,557.465068398781,9.00198438984262
264769.081646533,3842695.23817105,660.820011157565,L4_1,490.5,547.02374181826,10.1331324478972
264769.081646533,3842695.23817105,660.820011157565,L4_1,490.5,536.060348908714,11.1199908199742
264769.081646533,3842695.23817105,660.820011157565,L4_1,490.5,524.54878635369,11.9445001874445
264769.081646533,3842695.23817105,660.820011157565,L4_1,490.5,512.461645670915,12.6065565999867
264769.081646533,3842695.23817105,660.820011157565,L4_1,490.5,499.770147954002,13.1167124814323
264769.081646533,3842695.23817105,660.820011157565,L4_1,490.5,486.444075351242,13.4920512665825
264769.081646533,3842695.23817105,660.820011157565,L4_1,490.5,472.451699118345,13.7535202903053
264769.081646533,3842695.23817105,660.820011157565,L4_1,490.5,457.759704073803,13.9233863275399
264769.081646533,3842695.23817105,660.820011157565,L4_1,490.5,442.333109277034,14.0226008652673
264769.081646533,3842695.23817105,660.820011157565,L4_1,490.5,426.135184740426,14.068450526211
264769.081646533,3842695.23817105,660.820011157565,L4_1,490.5,409.127363976988,14.0728682646047
264769.081646533,3842695.23817105,660.820011157565,L4_1,490.5,391.269152175378,14.041472933952
264769.081646533,3842695.23817105,660.820011157565,L4_1,490.5,372.518029783688,13.9731106560881
264769.081646533,3842695.23817105,660.820011157565,L4_1,490.5,352.829351272413,13.859409443427
264769.081646533,3842695.23817105,660.820011157565,L4_1,490.5,332.156238835574,13.6844845366657
264769.081646533,3842695.23817105,660.820011157565,L4_1,490.5,310.449470776893,13.4307727833853
264769.081646533,3842695.23817105,660.820011157565,L4_1,490.5,287.669414477938,13.0972177520696
264769.081646533,3842695.23817105,660.820011157565,L4_1,490.5,264.979217008397,12.7213343287966
264769.081646533,3842695.23817105,660.820011157565,L4_1,490.5,241.154509665379,12.3364772871711
264769.081646533,3842695.23817105,660.820011157565,L4_1,490.5,216.13856695521,11.9389066206866
264769.081646533,3842695.23817105,660.820011157565,L4_1,490.5,189.871827109532,11.5186062421389
264769.081646533,3842695.23817105,660.820011157565,L4_1,490.5,162.291750271571,11.0747448946676
264769.081646533,3842695.23817105,660.820011157565,L4_1,490.5,133.332669591712,10.6150240854757
264769.081646533,3842695.23817105,660.820011157565,L4_1,490.5,102.925634877859,10.1507712515517
264769.081646533,3842695.23817105,660.820011157565,L4_1,490.5,70.9982484283146,9.69387478472396
264769.081646533,3842695.23817105,660.820011157565,L4_1,490.5,,
264769.081646533,3842695.23817105,660.820011157565,L4_1,490.5,,
264769.081646533,3842695.23817105,660.820011157565,L4_1,490.5,,
264769.081646533,3842695.23817105,660.820011157565,L4_1,490.5,,
264769.081646533,3842695.23817105,660.820011157565,L4_1,490.5,,
264769.081646533,3842695.23817105,660.820011157565,L4_1,490.5,,
264769.081646533,3842695.23817105,660.820011157565,L4_1,490.5,,
264769.081646533,3842695.23817105,660.820011157565,L4_1,490.5,,
264769.081646533,3842695.23817105,660.820011157565,L4_1,490.5,,
264769.081646533,3842695.23817105,660.820011157565,L4_1,490.5,,
264769.081646533,3842695.23817105,660.820011157565,L4_1,490.5,,
264769.081646533,3842695.23817105,660.820011157565,L4_1,490.5,,
264769.081646533,3842695.23817105,660.820011157565,L4_1,490.5,,
264769.081646533,3842695.23817105,660.820011157565,L4_1,490.5,,
264769.081646533,3842695.23817105,660.820011157565,L4_1,490.5,,
264769.081646533,3842695.23817105,660.820011157565,L4_1,490.5,,
264769.081646533,3842695.23817105,660.820011157565,L4_1,490.5,,
264769.081646533,3842695.23817105,660.820011157565,L4_1,490.5,,
264769.081646533,3842695.23817105,660.820011157565,L4_1,490.5,,
264769.081646533,3842695.23817105,660.820011157565,L4_1,490.5,,
264769.081646533,3842695.23817105,660.820011157565,L4_1,490.5,,
264774.449226383,3842698.91490845,661.097361265704,L4_1,497.0,661.097361265704,3.86088454595707
264774.449226383,3842698.91490845,661.097361265704,L4_1,497.0,655.819859836701,4.44433454484517
264774.449226383,3842698.91490845,661.097361265704,L4_1,497.0,650.278483336247,5.4470102562713
264774.449226383,3842698.91490845,661.097361265704,L4_1,497.0,644.460038010771,5.46049571652323
264774.449226383,3842698.91490845,661.097361265704,L4_1,497.0,638.350670419021,4.60763179484948
264774.449226383,3842698.91490845,661.097361265704,L4_1,497.0,631.935834447683,3.73652448508205
264774.449226383,3842698.91490845,661.097361265704,L4_1,497.0,625.200256677779,3.1924743312246
264774.449226383,3842698.91490845,661.097361265704,L4_1,497.0,618.127900019379,3.00781916650384
264774.449226383,3842698.91490845,661.097361265704,L4_1,497.0,610.701925528059,3.15390647500142
264774.449226383,3842698.91490845,661.097361265704,L4_1,497.0,602.904652312173,3.61311633769201
264774.449226383,3842698.91490845,661.097361265704,L4_1,497.0,594.717515435493,4.36933152883195
264774.449226383,3842698.91490845,661.097361265704,L4_1,497.0,586.121021714979,5.38073247210707
264774.449226383,3842698.91490845,661.097361265704,L4_1,497.0,577.09470330844,6.56592386974285
264774.449226383,3842698.91490845,661.097361265704,L4_1,497.0,567.617068981573,7.8171194405672
264774.449226383,3842698.91490845,661.097361265704,L4_1,497.0,557.665552938363,9.03066846868147
264774.449226383,3842698.91490845,661.097361265704,L4_1,497.0,547.216461092993,10.1319616713777
264774.449226383,3842698.91490845,661.097361265704,L4_1,497.0,536.244914655354,11.0817108027496
264774.449226383,3842698.91490845,661.097361265704,L4_1,497.0,524.724790895833,11.8681073885011
264774.449226383,3842698.91490845,661.097361265704,L4_1,497.0,512.628660948336,12.4958452493521
264774.449226383,3842698.91490845,661.097361265704,L4_1,497.0,499.927724503464,12.9784336741138
264774.449226383,3842698.91490845,661.097361265704,L4_1,497.0,486.591741236348,13.334214116466
264774.449226383,3842698.91490845,661.097361265704,L4_1,497.0,472.588958805877,13.5840765267488
264774.449226383,3842698.91490845,661.097361265704,L4_1,497.0,457.886037253882,13.7493773186734
264774.449226383,3842698.91490845,661.097361265704,L4_1,497.0,442.447969624288,13.8497405111464
264774.449226383,3842698.91490845,661.097361265704,L4_1,497.0,426.237998613213,13.9010355072859
264774.449226383,3842698.91490845,661.097361265704,L4_1,497.0,409.217529051585,13.9138847859677
264774.449226383,3842698.91490845,661.097361265704,L4_1,497.0,391.346036011876,13.8928035296329
264774.449226383,3842698.91490845,661.097361265704,L4_1,497.0,372.580968320181,13.8357725570727
264774.449226383,3842698.91490845,661.097361265704,L4_1,497.0,352.877647243902,13.7337909744443
264774.449226383,3842698.91490845,661.097361265704,L4_1,497.0,332.189160113808,13.5705623515558
264774.449226383,3842698.91490845,661.097361265704,L4_1,497.0,310.46624862721,13.3282194096856
264774.449226383,3842698.91490845,661.097361265704,L4_1,497.0,287.669414477938,13.0052943120326
264774.449226383,3842698.91490845,661.097361265704,L4_1,497.0,264.979217008397,12.6392308102918
264774.449226383,3842698.91490845,661.097361265704,L4_1,497.0,241.154509665379,12.2634854269897
264774.449226383,3842698.91490845,661.097361265704,L4_1,497.0,216.13856695521,11.874328616696
264774.449226383,3842698.91490845,661.097361265704,L4_1,497.0,189.871827109532,11.4619073459643
264774.449226383,3842698.91490845,661.097361265704,L4_1,497.0,162.291750271571,11.0254605799529
264774.449226383,3842698.91490845,661.097361265704,L4_1,497.0,133.332669591712,10.5726789300943
264774.449226383,3842698.91490845,661.097361265704,L4_1,497.0,102.925634877859,10.1148556876077
264774.449226383,3842698.91490845,661.097361265704,L4_1,497.0,70.9982484283146,9.66384708274004
264774.449226383,3842698.91490845,661.097361265704,L4_1,497.0,,
264774.449226383,3842698.91490845,661.097361265704,L4_1,497.0,,
264774.449226383,3842698.91490845,661.097361265704,L4_1,497.0,,
264774.449226383,3842698.91490845,661.097361265704,L4_1,497.0,,
264774.449226383,3842698.91490845,661.097361265704,L4_1,497.0,,
264774.449226383,3842698.91490845,661.097361265704,L4_1,497.0,,
264774.449226383,3842698.91490845,661.097361265704,L4_1,497.0,,
264774.449226383,3842698.91490845,661.097361265704,L4_1,497.0,,
264774.449226383,3842698.91490845,661.097361265704,L4_1,497.0,,
264774.449226383,3842698.91490845,661.097361265704,L4_1,497.0,,
264774.449226383,3842698.91490845,661.097361265704,L4_1,497.0,,
264774.449226383,3842698.91490845,661.097361265704,L4_1,497.0,,
264774.449226383,3842698.91490845,661.097361265704,L4_1,497.0,,
264774.449226383,3842698.91490845,661.097361265704,L4_1,497.0,,
264774.449226383,3842698.91490845,661.097361265704,L4_1,497.0,,
264774.449226383,3842698.91490845,661.097361265704,L4_1,497.0,,
264774.449226383,3842698.91490845,661.097361265704,L4_1,497.0,,
264774.449226383,3842698.91490845,661.097361265704,L4_1,497.0,,
264774.449226383,3842698.91490845,661.097361265704,L4_1,497.0,,
264774.449226383,3842698.91490845,661.097361265704,L4_1,497.0,,
264774.449226383,3842698.91490845,661.097361265704,L4_1,497.0,,
264779.403907722,3842702.30882507,661.374711373843,L4_1,503.0,661.374711373843,4.96364772645046
264779.403907722,3842702.30882507,661.374711373843,L4_1,503.0,656.093287958417,5.77365325610227
264779.403907722,3842702.30882507,661.374711373843,L4_1,503.0,650.54779337222,7.06908837326368
264779.403907722,3842702.30882507,661.374711373843,L4_1,503.0,644.725024056713,6.822954543933
264779.403907722,3842702.30882507,661.374711373843,L4_1,503.0,638.611116275431,5.42392002190258
264779.403907722,3842702.30882507,661.374711373843,L4_1,503.0,632.191513105085,4.12606032674121
264779.403907722,3842702.30882507,661.374711373843,L4_1,503.0,625.450929776221,3.3468554729845
264779.403907722,3842702.30882507,661.374711373843,L4_1,503.0,618.373317280914,3.05603923076686
264779.403907722,3842702.30882507,661.374711373843,L4_1,503.0,610.941824160842,3.16499393236578
264779.403907722,3842702.30882507,661.374711373843,L4_1,503.0,603.138756384766,3.62225945627783
264779.403907722,3842702.30882507,661.374711373843,L4_1,503.0,594.945535219886,4.39324876652383
264779.403907722,3842702.30882507,661.374711373843,L4_1,503.0,586.342652996763,5.42256965736062
264779.403907722,3842702.30882507,661.374711373843,L4_1,503.0,577.309626662483,6.617273487705
264779.403907722,3842702.30882507,661.374711373843,L4_1,503.0,567.824949011489,7.86239080911187
264779.403907722,3842702.30882507,661.374711373843,L4_1,503.0,557.866037477946,9.0534807097601
264779.403907722,3842702.30882507,661.374711373843,L4_1,503.0,547.409180367725,10.1203182537059
264779.403907722,3842702.30882507,661.374711373843,L4_1,503.0,536.429480401993,11.0301162896663
264779.403907722,3842702.30882507,661.374711373843,L4_1,503.0,524.900795437975,11.7771460461983
264779.403907722,3842702.30882507,661.374711373843,L4_1,503.0,512.795676225756,12.3705435960022
264779.403907722,3842702.30882507,661.374711373843,L4_1,503.0,500.085301052926,12.8263729813775
264779.403907722,3842702.30882507,661.374711373843,L4_1,503.0,486.739407121454,13.1638710795576
264779.403907722,3842702.30882507,661.374711373843,L4_1,503.0,472.726218493409,13.4035917791523
264779.403907722,3842702.30882507,661.374711373843,L4_1,503.0,458.012370433961,13.5657932192191
264779.403907722,3842702.30882507,661.374711373843,L4_1,503.0,442.562829971541,13.6686585793646
264779.403907722,3842702.30882507,661.374711373843,L4_1,503.0,426.340812486001,13.726581052714
264779.403907722,3842702.30882507,661.374711373843,L4_1,503.0,409.307694126183,13.7488534817691
264779.403907722,3842702.30882507,661.374711373843,L4_1,503.0,391.422919848374,13.7388969720074
264779.403907722,3842702.30882507,661.374711373843,L4_1,503.0,372.643906856675,13.6938551824384
264779.403907722,3842702.30882507,661.374711373843,L4_1,503.0,352.92594321539,13.6041426917927
264779.403907722,3842702.30882507,661.374711373843,L4_1,503.0,332.222081392042,13.4531115651214
264779.403907722,3842702.30882507,661.374711373843,L4_1,503.0,310.483026477526,13.2226518516436
264779.403907722,3842702.30882507,661.374711373843,L4_1,503.0,287.669414477938,12.9108990833968
264779.403907722,3842702.30882507,661.374711373843,L4_1,503.0,264.979217008397,12.5551214810192
264779.403907722,3842702.30882507,661.374711373843,L4_1,503.0,241.154509665379,12.1887983079022
264779.403907722,3842702.30882507,661.374711373843,L4_1,503.0,216.13856695521,11.8082555082328
264779.403907722,3842702.30882507,661.374711373843,L4_1,503.0,189.871827109532,11.4038634021035
264779.403907722,3842702.30882507,661.374711373843,L4_1,503.0,162.291750271571,10.9749680721117
264779.403907722,3842702.30882507,661.374711373843,L4_1,503.0,133.332669591712,10.529262172349
264779.403907722,3842702.30882507,661.374711373843,L4_1,503.0,102.925634877859,10.0780067845071
264779.403907722,3842702.30882507,661.374711373843,L4_1,503.0,70.9982484283146,9.63302397632893
264779.403907722,3842702.30882507,661.374711373843,L4_1,503.0,,
264779.403907722,3842702.30882507,661.374711373843,L4_1,503.0,,
264779.403907722,3842702.30882507,661.374711373843,L4_1,503.0,,
264779.403907722,3842702.30882507,661.374711373843,L4_1,503.0,,
264779.403907722,3842702.30882507,661.374711373843,L4_1,503.0,,
264779.403907722,3842702.30882507,661.374711373843,L4_1,503.0,,
264779.403907722,3842702.30882507,661.374711373843,L4_1,503.0,,
264779.403907722,3842702.30882507,661.374711373843,L4_1,503.0,,
264779.403907722,3842702.30882507,661.374711373843,L4_1,503.0,,
264779.403907722,3842702.30882507,661.374711373843,L4_1,503.0,,
264779.403907722,3842702.30882507,661.374711373843,L4_1,503.0,,
264779.403907722,3842702.30882507,661.374711373843,L4_1,503.0,,
264779.403907722,3842702.30882507,661.374711373843,L4_1,503.0,,
264779.403907722,3842702.30882507,661.374711373843,L4_1,503.0,,
264779.403907722,3842702.30882507,661.374711373843,L4_1,503.0,,
264779.403907722,3842702.30882507,661.374711373843,L4_1,503.0,,
264779.403907722,3842702.30882507,661.374711373843,L4_1,503.0,,
264779.403907722,3842702.30882507,661.374711373843,L4_1,503.0,,
264779.403907722,3842702.30882507,661.374711373843,L4_1,503.0,,
264779.403907722,3842702.30882507,661.374711373843,L4_1,503.0,,
264779.403907722,3842702.30882507,661.374711373843,L4_1,503.0,,
264784.771470773,3842705.98557368,661.652061481982,L4_1,509.5,661.652061481982,8.05194279194227
264784.771470773,3842705.98557368,661.652061481982,L4_1,509.5,656.366716080134,8.77540789287931
264784.771470773,3842705.98557368,661.652061481982,L4_1,509.5,650.817103408194,9.59239549288923
264784.771470773,3842705.98557368,661.652061481982,L4_1,509.5,644.990010102656,8.48803216619337
264784.771470773,3842705.98557368,661.652061481982,L4_1,509.5,638.871562131842,6.28487078779572
264784.771470773,3842705.98557368,661.652061481982,L4_1,509.5,632.447191762486,4.51296835121881
264784.771470773,3842705.98557368,661.652061481982,L4_1,509.5,625.701602874663,3.51141179950486
264784.771470773,3842705.98557368,661.652061481982,L4_1,509.5,618.618734542449,3.1287983537325
264784.771470773,3842705.98557368,661.652061481982,L4_1,509.5,611.181722793625,3.2064484153867
264784.771470773,3842705.98557368,661.652061481982,L4_1,509.5,603.372860457359,3.66100306587055
264784.771470773,3842705.98557368,661.652061481982,L4_1,509.5,595.173555004279,4.44192695475119
264784.771470773,3842705.98557368,661.652061481982,L4_1,509.5,586.564284278546,5.48191527416398
264784.771470773,3842705.98557368,661.652061481982,L4_1,509.5,577.524550016526,6.67780533360466
264784.771470773,3842705.98557368,661.652061481982,L4_1,509.5,568.032829041405,7.90873567586748
264784.771470773,3842705.98557368,661.652061481982,L4_1,509.5,558.066522017528,9.07053944307067
264784.771470773,3842705.98557368,661.652061481982,L4_1,509.5,547.601899642457,10.0979744500402
264784.771470773,3842705.98557368,661.652061481982,L4_1,509.5,536.614046148633,10.9648528919422
264784.771470773,3842705.98557368,661.652061481982,L4_1,509.5,525.076799980117,11.671265862262
264784.771470773,3842705.98557368,661.652061481982,L4_1,509.5,512.962691503176,12.2303639227049
264784.771470773,3842705.98557368,661.652061481982,L4_1,509.5,500.242877602388,12.660318731267
264784.771470773,3842705.98557368,661.652061481982,L4_1,509.5,486.88707300656,12.9808779191949
264784.771470773,3842705.98557368,661.652061481982,L4_1,509.5,472.863478180941,13.2119731880207
264784.771470773,3842705.98557368,661.652061481982,L4_1,509.5,458.13870361404,13.372576653009
264784.771470773,3842705.98557368,661.652061481982,L4_1,509.5,442.677690318795,13.4793205666312
264784.771470773,3842705.98557368,661.652061481982,L4_1,509.5,426.443626358788,13.545066652597
264784.771470773,3842705.98557368,661.652061481982,L4_1,509.5,409.39785920078,13.5777621472332
264784.771470773,3842705.98557368,661.652061481982,L4_1,509.5,391.499803684872,13.5797459278347
264784.771470773,3842705.98557368,661.652061481982,L4_1,509.5,372.706845393168,13.5473540086569
264784.771470773,3842705.98557368,661.652061481982,L4_1,509.5,352.974239186879,13.4704616252126
264784.771470773,3842705.98557368,661.652061481982,L4_1,509.5,332.255002670276,13.3321299831685
264784.771470773,3842705.98557368,661.652061481982,L4_1,509.5,310.499804327842,13.1140682017768
264784.771470773,3842705.98557368,661.652061481982,L4_1,509.5,287.669414477938,12.814030569579
264784.771470773,3842705.98557368,661.652061481982,L4_1,509.5,264.979217008397,12.4690055938582
264784.771470773,3842705.98557368,661.652061481982,L4_1,509.5,241.154509665379,12.1124159453039
264784.771470773,3842705.98557368,661.652061481982,L4_1,509.5,216.13856695521,11.7406879944294
264784.771470773,3842705.98557368,661.652061481982,L4_1,509.5,189.871827109532,11.3444755749417
264784.771470773,3842705.98557368,661.652061481982,L4_1,509.5,162.291750271571,10.9232687631035
264784.771470773,3842705.98557368,661.652061481982,L4_1,509.5,133.332669591712,10.4847752130649
264784.771470773,3842705.98557368,661.652061481982,L4_1,509.5,102.925634877859,10.0402258114909
264784.771470773,3842705.98557368,661.652061481982,L4_1,509.5,70.9982484283146,9.60140657352346
264784.771470773,3842705.98557368,661.652061481982,L4_1,509.5,,
264784.771470773,3842705.98557368,661.652061481982,L4_1,509.5,,
264784.771470773,3842705.98557368,661.652061481982,L4_1,509.5,,
264784.771470773,3842705.98557368,661.652061481982,L4_1,509.5,,
264784.771470773,3842705.98557368,661.652061481982,L4_1,509.5,,
264784.771470773,3842705.98557368,661.652061481982,L4_1,509.5,,
264784.771470773,3842705.98557368,661.652061481982,L4_1,509.5,,
264784.771470773,3842705.98557368,661.652061481982,L4_1,509.5,,
264784.771470773,3842705.98557368,661.652061481982,L4_1,509.5,,
264784.771470773,3842705.98557368,661.652061481982,L4_1,509.5,,
264784.771470773,3842705.98557368,661.652061481982,L4_1,509.5,,
264784.771470773,3842705.98557368,661.652061481982,L4_1,509.5,,
264784.771470773,3842705.98557368,661.652061481982,L4_1,509.5,,
264784.771470773,3842705.98557368,661.652061481982,L4_1,509.5,,
264784.771470773,3842705.98557368,661.652061481982,L4_1,509.5,,
264784.771470773,3842705.98557368,661.652061481982,L4_1,509.5,,
264784.771470773,3842705.98557368,661.652061481982,L4_1,509.5,,
264784.771470773,3842705.98557368,661.652061481982,L4_1,509.5,,
264784.771470773,3842705.98557368,661.652061481982,L4_1,509.5,,
264784.771470773,3842705.98557368,661.652061481982,L4_1,509.5,,
264784.771470773,3842705.98557368,661.652061481982,L4_1,509.5,,
264789.726144358,3842709.37949548,661.783207333572,L4_1,515.5,661.783207333572,8.08796541338195
264789.726144358,3842709.37949548,661.783207333572,L4_1,515.5,656.496007408382,8.83415973138943
264789.726144358,3842709.37949548,661.783207333572,L4_1,515.5,650.944447486933,9.71999472112364
264789.726144358,3842709.37949548,661.783207333572,L4_1,515.5,645.115309569412,8.67710799220093
264789.726144358,3842709.37949548,661.783207333572,L4_1,515.5,638.994714756015,6.46471524341845
264789.726144358,3842709.37949548,661.783207333572,L4_1,515.5,632.568090201947,4.64369265979996
264789.726144358,3842709.37949548,661.783207333572,L4_1,515.5,625.820134420176,3.59958998646173
264789.726144358,3842709.37949548,661.783207333572,L4_1,515.5,618.734780849317,3.19434318297364
264789.726144358,3842709.37949548,661.783207333572,L4_1,515.5,611.295159599915,3.26582007124854
264789.726144358,3842709.37949548,661.783207333572,L4_1,515.5,603.483557288042,3.72443232074993
264789.726144358,3842709.37949548,661.783207333572,L4_1,515.5,595.281374860576,4.51273892989646
264789.726144358,3842709.37949548,661.783207333572,L4_1,515.5,586.669083311737,5.55538277077459
264789.726144358,3842709.37949548,661.783207333572,L4_1,515.5,577.626177185456,6.7419461780941
264789.726144358,3842709.37949548,661.783207333572,L4_1,515.5,568.131125752861,7.94846649594074
264789.726144358,3842709.37949548,661.783207333572,L4_1,515.5,558.161321748636,9.0730686201085
264789.726144358,3842709.37949548,661.783207333572,L4_1,515.5,547.693027544199,10.0563095688041
264789.726144358,3842709.37949548,661.783207333572,L4_1,515.5,536.701318629541,10.8784032436649
264789.726144358,3842709.37949548,661.783207333572,L4_1,515.5,525.16002426915,11.5445324820723
264789.726144358,3842709.37949548,661.783207333572,L4_1,515.5,513.041665190739,12.0710239068513
264789.726144358,3842709.37949548,661.783207333572,L4_1,515.5,500.317388158408,12.4774473822704
264789.726144358,3842709.37949548,661.783207333572,L4_1,515.5,486.95689727446,12.7835651312515
264789.726144358,3842709.37949548,661.783207333572,L4_1,515.5,472.928381846315,13.0083891804292
264789.726144358,3842709.37949548,661.783207333572,L4_1,515.5,458.198440646763,13.1694591384524
264789.726144358,3842709.37949548,661.783207333572,L4_1,515.5,442.732002387233,13.2818064673006
264789.726144358,3842709.37949548,661.783207333572,L4_1,515.5,426.492242214727,13.3567677493731
264789.726144358,3842709.37949548,661.783207333572,L4_1,515.5,409.440494033595,13.4009821271671
264789.726144358,3842709.37949548,661.783207333572,L4_1,515.5,391.536158443406,13.4157543048147
264789.726144358,3842709.37949548,661.783207333572,L4_1,515.5,372.736606073709,13.3966666293419
264789.726144358,3842709.37949548,661.783207333572,L4_1,515.5,352.997076085526,13.3331163663364
264789.726144358,3842709.37949548,661.783207333572,L4_1,515.5,332.270569597934,13.2079455923079
264789.726144358,3842709.37949548,661.783207333572,L4_1,515.5,310.507737785963,13.0027516763783
264789.726144358,3842709.37949548,661.783207333572,L4_1,515.5,287.669414477938,12.7149325622682
264789.726144358,3842709.37949548,661.783207333572,L4_1,515.5,264.979217008397,12.3810943164848
264789.726144358,3842709.37949548,661.783207333572,L4_1,515.5,241.154509665379,12.0345194611233
264789.726144358,3842709.37949548,661.783207333572,L4_1,515.5,216.13856695521,11.6717812849009
264789.726144358,3842709.37949548,661.783207333572,L4_1,515.5,189.871827109532,11.2838774815854
264789.726144358,3842709.37949548,661.783207333572,L4_1,515.5,162.291750271571,10.8704756338496
264789.726144358,3842709.37949548,661.783207333572,L4_1,515.5,133.332669591712,10.4393116989338
264789.726144358,3842709.37949548,661.783207333572,L4_1,515.5,102.925634877859,10.0015894836093
264789.726144358,3842709.37949548,661.783207333572,L4_1,515.5,70.9982484283146,9.56905640918641
264789.726144358,3842709.37949548,661.783207333572,L4_1,515.5,,
264789.726144358,3842709.37949548,661.783207333572,L4_1,515.5,,
264789.726144358,3842709.37949548,661.783207333572,L4_1,515.5,,
264789.726144358,3842709.37949548,661.783207333572,L4_1,515.5,,
264789.726144358,3842709.37949548,661.783207333572,L4_1,515.5,,
264789.726144358,3842709.37949548,661.783207333572,L4_1,515.5,,
264789.726144358,3842709.37949548,661.783207333572,L4_1,515.5,,
264789.726144358,3842709.37949548,661.783207333572,L4_1,515.5,,
264789.726144358,3842709.37949548,661.783207333572,L4_1,515.5,,
264789.726144358,3842709.37949548,661.783207333572,L4_1,515.5,,
264789.726144358,3842709.37949548,661.783207333572,L4_1,515.5,,
264789.726144358,3842709.37949548,661.783207333572,L4_1,515.5,,
264789.726144358,3842709.37949548,661.783207333572,L4_1,515.5,,
264789.726144358,3842709.37949548,661.783207333572,L4_1,515.5,,
264789.726144358,3842709.37949548,661.783207333572,L4_1,515.5,,
264789.726144358,3842709.37949548,661.783207333572,L4_1,515.5,,
264789.726144358,3842709.37949548,661.783207333572,L4_1,515.5,,
264789.726144358,3842709.37949548,661.783207333572,L4_1,515.5,,
264789.726144358,3842709.37949548,661.783207333572,L4_1,515.5,,
264789.726144358,3842709.37949548,661.783207333572,L4_1,515.5,,
264789.726144358,3842709.37949548,661.783207333572,L4_1,515.5,,
264795.093707408,3842713.05624409,661.76830781618,L4_1,522.0,661.76830781618,5.03556197231979
264795.093707408,3842713.05624409,661.76830781618,L4_1,522.0,656.481318583914,5.9022267256632
264795.093707408,3842713.05624409,661.76830781618,L4_1,522.0,650.929979890033,7.38965821154033
264795.093707408,3842713.05624409,661.76830781618,L4_1,522.0,645.101074261459,7.33693666993637
264795.093707408,3842713.05624409,661.76830781618,L4_1,522.0,638.980723351457,5.93511571229063
264795.093707408,3842713.05624409,661.76830781618,L4_1,522.0,632.554354895954,4.50821178342892
264795.093707408,3842713.05624409,661.76830781618,L4_1,522.0,625.806668017676,3.60897966888121
264795.093707408,3842713.05624409,661.76830781618,L4_1,522.0,618.721596795484,3.25262415480108
264795.093707408,3842713.05624409,661.76830781618,L4_1,522.0,611.282272012182,3.34382998094293
264795.093707408,3842713.05624409,661.76830781618,L4_1,522.0,603.470980989715,3.81355083165822
264795.093707408,3842713.05624409,661.76830781618,L4_1,522.0,595.269125416125,4.60661430188363
264795.093707408,3842713.05624409,661.76830781618,L4_1,522.0,586.657177063856,5.64352044878062
264795.093707408,3842713.05624409,661.76830781618,L4_1,522.0,577.614631293973,6.80974881770989
264795.093707408,3842713.05624409,661.76830781618,L4_1,522.0,568.119958235596,7.98124762154864
264795.093707408,3842713.05624409,661.76830781618,L4_1,522.0,558.1505515243,9.06055451704762
264795.093707408,3842713.05624409,661.76830781618,L4_1,522.0,547.682674477439,9.99481529256014
264795.093707408,3842713.05624409,661.76830781618,L4_1,522.0,536.691403578235,10.7703645700463
264795.093707408,3842713.05624409,661.76830781618,L4_1,522.0,525.150569134071,11.3966736963914
264795.093707408,3842713.05624409,661.76830781618,L4_1,522.0,513.032692967699,11.8923639883782
264795.093707408,3842713.05624409,661.76830781618,L4_1,522.0,500.308922993008,12.2776793348094
264795.093707408,3842713.05624409,661.76830781618,L4_1,522.0,486.948964519582,12.5719018667605
264795.093707408,3842713.05624409,661.76830781618,L4_1,522.0,472.921008122486,12.7928344173532
264795.093707408,3842713.05624409,661.76830781618,L4_1,522.0,458.191653905534,12.9564460142586
264795.093707408,3842713.05624409,661.76830781618,L4_1,522.0,442.725831977735,13.0761242162926
264795.093707408,3842713.05624409,661.76830781618,L4_1,522.0,426.486718953546,13.1616912815737
264795.093707408,3842713.05624409,661.76830781618,L4_1,522.0,409.435650278148,13.2185183125574
264795.093707408,3842713.05624409,661.76830781618,L4_1,522.0,391.532028168979,13.2469252537309
264795.093707408,3842713.05624409,661.76830781618,L4_1,522.0,372.733224954352,13.2417952266801
264795.093707408,3842713.05624409,661.76830781618,L4_1,522.0,352.994481578994,13.1921087781757
264795.093707408,3842713.05624409,661.76830781618,L4_1,522.0,332.268801034868,13.0805601259323
264795.093707408,3842713.05624409,661.76830781618,L4_1,522.0,310.506836463536,12.8887036531296
264795.093707408,3842713.05624409,661.76830781618,L4_1,522.0,287.669414477938,12.613605800047
264795.093707408,3842713.05624409,661.76830781618,L4_1,522.0,264.979217008397,12.29138801865
264795.093707408,3842713.05624409,661.76830781618,L4_1,522.0,241.154509665379,11.9551094037543
264795.093707408,3842713.05624409,661.76830781618,L4_1,522.0,216.13856695521,11.6015363691381
264795.093707408,3842713.05624409,661.76830781618,L4_1,522.0,189.871827109532,11.2220704450874
264795.093707408,3842713.05624409,661.76830781618,L4_1,522.0,162.291750271571,10.8165901392044
264795.093707408,3842713.05624409,661.76830781618,L4_1,522.0,133.332669591712,10.392873083018
264795.093707408,3842713.05624409,661.76830781618,L4_1,522.0,102.925634877859,9.96209914034331
264795.093707408,3842713.05624409,661.76830781618,L4_1,522.0,70.9982484283146,9.53597462970579
264795.093707408,3842713.05624409,661.76830781618,L4_1,522.0,,
264795.093707408,3842713.05624409,661.76830781618,L4_1,522.0,,
264795.093707408,3842713.05624409,661.76830781618,L4_1,522.0,,
264795.093707408,3842713.05624409,661.76830781618,L4_1,522.0,,
264795.093707408,3842713.05624409,661.76830781618,L4_1,522.0,,
264795.093707408,3842713.05624409,661.76830781618,L4_1,522.0,,
264795.093707408,3842713.05624409,661.76830781618,L4_1,522.0,,
264795.093707408,3842713.05624409,661.76830781618,L4_1,522.0,,
264795.093707408,3842713.05624409,661.76830781618,L4_1,522.0,,
264795.093707408,3842713.05624409,661.76830781618,L4_1,522.0,,
264795.093707408,3842713.05624409,661.76830781618,L4_1,522.0,,
264795.093707408,3842713.05624409,661.76830781618,L4_1,522.0,,
264795.093707408,3842713.05624409,661.76830781618,L4_1,522.0,,
264795.093707408,3842713.05624409,661.76830781618,L4_1,522.0,,
264795.093707408,3842713.05624409,661.76830781618,L4_1,522.0,,
264795.093707408,3842713.05624409,661.76830781618,L4_1,522.0,,
264795.093707408,3842713.05624409,661.76830781618,L4_1,522.0,,
264795.093707408,3842713.05624409,661.76830781618,L4_1,522.0,,
264795.093707408,3842713.05624409,661.76830781618,L4_1,522.0,,
264795.093707408,3842713.05624409,661.76830781618,L4_1,522.0,,
264795.093707408,3842713.05624409,661.76830781618,L4_1,522.0,,
264800.048373239,3842716.45017106,661.753408298789,L4_1,528.0,661.753408298789,3.90298935026501
264800.048373239,3842716.45017106,661.753408298789,L4_1,528.0,656.466629759445,4.55295786271073
264800.048373239,3842716.45017106,661.753408298789,L4_1,528.0,650.915512293133,5.810790734823
264800.048373239,3842716.45017106,661.753408298789,L4_1,528.0,645.086838953507,6.13508636263415
264800.048373239,3842716.45017106,661.753408298789,L4_1,528.0,638.966731946899,5.34199809207252
264800.048373239,3842716.45017106,661.753408298789,L4_1,528.0,632.54061958996,4.32063164935413
264800.048373239,3842716.45017106,661.753408298789,L4_1,528.0,625.793201615175,3.60820036670205
264800.048373239,3842716.45017106,661.753408298789,L4_1,528.0,618.70841274165,3.3253448121164
264800.048373239,3842716.45017106,661.753408298789,L4_1,528.0,611.269384424449,3.44527915532054
264800.048373239,3842716.45017106,661.753408298789,L4_1,528.0,603.458404691388,3.92530292808733
264800.048373239,3842716.45017106,661.753408298789,L4_1,528.0,595.256875971674,4.71558029152957
264800.048373239,3842716.45017106,661.753408298789,L4_1,528.0,586.645270815974,5.7349399209351
264800.048373239,3842716.45017106,661.753408298789,L4_1,528.0,577.603085402489,6.86795618695745
264800.048373239,3842716.45017106,661.753408298789,L4_1,528.0,568.10879071833,7.99367655228707
264800.048373239,3842716.45017106,661.753408298789,L4_1,528.0,558.139781299964,9.02094490309237
264800.048373239,3842716.45017106,661.753408298789,L4_1,528.0,547.672321410678,9.9037116418553
264800.048373239,3842716.45017106,661.753408298789,L4_1,528.0,536.681488526929,10.6335232015539
264800.048373239,3842716.45017106,661.753408298789,L4_1,528.0,525.141113998992,11.222870259929
264800.048373239,3842716.45017106,661.753408298789,L4_1,528.0,513.023720744658,11.6915424599708
264800.048373239,3842716.45017106,661.753408298789,L4_1,528.0,500.300457827607,12.0596638950752
264800.048373239,3842716.45017106,661.753408298789,L4_1,528.0,486.941031764704,12.3455745999756
264800.048373239,3842716.45017106,661.753408298789,L4_1,528.0,472.913634398656,12.565659735767
264800.048373239,3842716.45017106,661.753408298789,L4_1,528.0,458.184867164305,12.7342725761474
264800.048373239,3842716.45017106,661.753408298789,L4_1,528.0,442.719661568237,12.8631991862564
264800.048373239,3842716.45017106,661.753408298789,L4_1,528.0,426.481195692366,12.9608281333351
264800.048373239,3842716.45017106,661.753408298789,L4_1,528.0,409.4308065227,13.0313498834979
264800.048373239,3842716.45017106,661.753408298789,L4_1,528.0,391.527897894552,13.0741832508926
264800.048373239,3842716.45017106,661.753408298789,L4_1,528.0,372.729843834996,13.0835899682038
264800.048373239,3842716.45017106,661.753408298789,L4_1,528.0,352.991887072462,13.0482035797085
264800.048373239,3842716.45017106,661.753408298789,L4_1,528.0,332.267032471802,12.9506392335626
264800.048373239,3842716.45017106,661.753408298789,L4_1,528.0,310.505935141109,12.7724725991592
264800.048373239,3842716.45017106,661.753408298789,L4_1,528.0,287.669414477938,12.510468968846
264800.048373239,3842716.45017106,661.753408298789,L4_1,528.0,264.979217008397,12.2001896899559
264800.048373239,3842716.45017106,661.753408298789,L4_1,528.0,241.154509665379,11.8744113489031
264800.048373239,3842716.45017106,661.753408298789,L4_1,528.0,216.13856695521,11.5301321438559
264800.048373239,3842716.45017106,661.753408298789,L4_1,528.0,189.871827109532,11.1592003361386
264800.048373239,3842716.45017106,661.753408298789,L4_1,528.0,162.291750271571,10.7617330190766
264800.048373239,3842716.45017106,661.753408298789,L4_1,528.0,133.332669591712,10.3455587770837
264800.048373239,3842716.45017106,661.753408298789,L4_1,528.0,102.925634877859,9.92183495515741
264800.048373239,3842716.45017106,661.753408298789,L4_1,528.0,70.9982484283146,9.50222548326954
264800.048373239,3842716.45017106,661.753408298789,L4_1,528.0,,
264800.048373239,3842716.45017106,661.753408298789,L4_1,528.0,,
264800.048373239,3842716.45017106,661.753408298789,L4_1,528.0,,
264800.048373239,3842716.45017106,661.753408298789,L4_1,528.0,,
264800.048373239,3842716.45017106,661.753408298789,L4_1,528.0,,
264800.048373239,3842716.45017106,661.753408298789,L4_1,528.0,,
264800.048373239,3842716.45017106,661.753408298789,L4_1,528.0,,
264800.048373239,3842716.45017106,661.753408298789,L4_1,528.0,,
264800.048373239,3842716.45017106,661.753408298789,L4_1,528.0,,
264800.048373239,3842716.45017106,661.753408298789,L4_1,528.0,,
264800.048373239,3842716.45017106,661.753408298789,L4_1,528.0,,
264800.048373239,3842716.45017106,661.753408298789,L4_1,528.0,,
264800.048373239,3842716.45017106,661.753408298789,L4_1,528.0,,
264800.048373239,3842716.45017106,661.753408298789,L4_1,528.0,,
264800.048373239,3842716.45017106,661.753408298789,L4_1,528.0,,
264800.048373239,3842716.45017106,661.753408298789,L4_1,528.0,,
264800.048373239,3842716.45017106,661.753408298789,L4_1,528.0,,
264800.048373239,3842716.45017106,661.753408298789,L4_1,528.0,,
264800.048373239,3842716.45017106,661.753408298789,L4_1,528.0,,
264800.048373239,3842716.45017106,661.753408298789,L4_1,528.0,,
264800.048373239,3842716.45017106,661.753408298789,L4_1,528.0,,
264805.41591949,3842720.12693089,661.738508781397,L4_1,534.5,661.738508781397,4.0360318330071
264805.41591949,3842720.12693089,661.738508781397,L4_1,534.5,656.451940934976,4.27020906481405
264805.41591949,3842720.12693089,661.738508781397,L4_1,534.5,650.901044696233,4.8327692315585
264805.41591949,3842720.12693089,661.738508781397,L4_1,534.5,645.072603645554,5.10995499824332
264805.41591949,3842720.12693089,661.738508781397,L4_1,534.5,638.952740542341,4.73057625265246
264805.41591949,3842720.12693089,661.738508781397,L4_1,534.5,632.526884283967,4.09850427926585
264805.41591949,3842720.12693089,661.738508781397,L4_1,534.5,625.779735212674,3.60148236362918
264805.41591949,3842720.12693089,661.738508781397,L4_1,534.5,618.695228687816,3.41278727329428
264805.41591949,3842720.12693089,661.738508781397,L4_1,534.5,611.256496836716,3.56919491772997
264805.41591949,3842720.12693089,661.738508781397,L4_1,534.5,603.445828393061,4.0580220910518
264805.41591949,3842720.12693089,661.738508781397,L4_1,534.5,595.244626527223,4.83751845292183
264805.41591949,3842720.12693089,661.738508781397,L4_1,534.5,586.633364568093,5.82738771046202
264805.41591949,3842720.12693089,661.738508781397,L4_1,534.5,577.591539511006,6.91452568228447
264805.41591949,3842720.12693089,661.738508781397,L4_1,534.5,568.097623201065,7.98416456207876
264805.41591949,3842720.12693089,661.738508781397,L4_1,534.5,558.129011075628,8.95318217248932
264805.41591949,3842720.12693089,661.738508781397,L4_1,534.5,547.661968343918,9.7824133343506
264805.41591949,3842720.12693089,661.738508781397,L4_1,534.5,536.671573475623,10.4676411662143
264805.41591949,3842720.12693089,661.738508781397,L4_1,534.5,525.131658863913,11.0231000841699
264805.41591949,3842720.12693089,661.738508781397,L4_1,534.5,513.014748521617,11.4686474134022
264805.41591949,3842720.12693089,661.738508781397,L4_1,534.5,500.291992662207,11.8235283955668
264805.41591949,3842720.12693089,661.738508781397,L4_1,534.5,486.933099009826,12.1047094826516
264805.41591949,3842720.12693089,661.738508781397,L4_1,534.5,472.906260674826,12.3269713250983
264805.41591949,3842720.12693089,661.738508781397,L4_1,534.5,458.178080423077,12.5030195830263
264805.41591949,3842720.12693089,661.738508781397,L4_1,534.5,442.713491158739,12.6430881534059
264805.41591949,3842720.12693089,661.738508781397,L4_1,534.5,426.475672431185,12.7542155498969
264805.41591949,3842720.12693089,661.738508781397,L4_1,534.5,409.425962767253,12.8394998468427
264805.41591949,3842720.12693089,661.738508781397,L4_1,534.5,391.523767620125,12.8975419213055
264805.41591949,3842720.12693089,661.738508781397,L4_1,534.5,372.72646271564,12.9220590202805
264805.41591949,3842720.12693089,661.738508781397,L4_1,534.5,352.989292565931,12.9014062025414
264805.41591949,3842720.12693089,661.738508781397,L4_1,534.5,332.265263908736,12.8181870706423
264805.41591949,3842720.12693089,661.738508781397,L4_1,534.5,310.505033818682,12.6540617515262
264805.41591949,3842720.12693089,661.738508781397,L4_1,534.5,287.669414477938,12.4055241026544
264805.41591949,3842720.12693089,661.738508781397,L4_1,534.5,264.979217008397,12.1075004629157
264805.41591949,3842720.12693089,661.738508781397,L4_1,534.5,241.154509665379,11.7924262377712
264805.41591949,3842720.12693089,661.738508781397,L4_1,534.5,216.13856695521,11.4575697227166
264805.41591949,3842720.12693089,661.738508781397,L4_1,534.5,189.871827109532,11.0952685225814
264805.41591949,3842720.12693089,661.738508781397,L4_1,534.5,162.291750271571,10.7059058061469
264805.41591949,3842720.12693089,661.738508781397,L4_1,534.5,133.332669591712,10.2973703552213
264805.41591949,3842720.12693089,661.738508781397,L4_1,534.5,102.925634877859,9.88079839672092
264805.41591949,3842720.12693089,661.738508781397,L4_1,534.5,70.9982484283146,9.46781022275359
264805.41591949,3842720.12693089,661.738508781397,L4_1,534.5,,
264805.41591949,3842720.12693089,661.738508781397,L4_1,534.5,,
264805.41591949,3842720.12693089,661.738508781397,L4_1,534.5,,
264805.41591949,3842720.12693089,661.738508781397,L4_1,534.5,,
264805.41591949,3842720.12693089,661.738508781397,L4_1,534.5,,
264805.41591949,3842720.12693089,661.738508781397,L4_1,534.5,,
264805.41591949,3842720.12693089,661.738508781397,L4_1,534.5,,
264805.41591949,3842720.12693089,661.738508781397,L4_1,534.5,,
264805.41591949,3842720.12693089,661.738508781397,L4_1,534.5,,
264805.41591949,3842720.12693089,661.738508781397,L4_1,534.5,,
264805.41591949,3842720.12693089,661.738508781397,L4_1,534.5,,
264805.41591949,3842720.12693089,661.738508781397,L4_1,534.5,,
264805.41591949,3842720.12693089,661.738508781397,L4_1,534.5,,
264805.41591949,3842720.12693089,661.738508781397,L4_1,534.5,,
264805.41591949,3842720.12693089,661.738508781397,L4_1,534.5,,
264805.41591949,3842720.12693089,661.738508781397,L4_1,534.5,,
264805.41591949,3842720.12693089,661.738508781397,L4_1,534.5,,
264805.41591949,3842720.12693089,661.738508781397,L4_1,534.5,,
264805.41591949,3842720.12693089,661.738508781397,L4_1,534.5,,
264805.41591949,3842720.12693089,661.738508781397,L4_1,534.5,,
264805.41591949,3842720.12693089,661.738508781397,L4_1,534.5,,
264810.370577568,3842723.52086304,661.681942493606,L4_1,540.5,661.681942493606,4.49672711657652
264810.370577568,3842723.52086304,661.681942493606,L4_1,540.5,656.396174546685,4.54047714919528
264810.370577568,3842723.52086304,661.681942493606,L4_1,540.5,650.846118202417,4.68713184025925
264810.370577568,3842723.52086304,661.681942493606,L4_1,540.5,645.018559040936,4.73014688385921
264810.370577568,3842723.52086304,661.681942493606,L4_1,540.5,638.89962192138,4.45956173841373
264810.370577568,3842723.52086304,661.681942493606,L4_1,540.5,632.474737945847,4.02306650794059
264810.370577568,3842723.52086304,661.681942493606,L4_1,540.5,625.728609771537,3.65845308217213
264810.370577568,3842723.52086304,661.681942493606,L4_1,540.5,618.645175188512,3.53196295001752
264810.370577568,3842723.52086304,661.681942493606,L4_1,540.5,611.207568876336,3.70914711397861
264810.370577568,3842723.52086304,661.681942493606,L4_1,540.5,603.39808224855,4.19432545586161
264810.370577568,3842723.52086304,661.681942493606,L4_1,540.5,595.198121289376,4.95025749270515
264810.370577568,3842723.52086304,661.681942493606,L4_1,540.5,586.588162282242,5.89802207566895
264810.370577568,3842723.52086304,661.681942493606,L4_1,540.5,577.547705324752,6.92896507400488
264810.370577568,3842723.52086304,661.681942493606,L4_1,540.5,568.055225519388,7.93633826896438
264810.370577568,3842723.52086304,661.681942493606,L4_1,540.5,558.088121723755,8.84550126508003
264810.370577568,3842723.52086304,661.681942493606,L4_1,540.5,547.622662738341,9.6233310950572
264810.370577568,3842723.52086304,661.681942493606,L4_1,540.5,536.633930803656,10.2684395412779
264810.370577568,3842723.52086304,661.681942493606,L4_1,540.5,525.095762272236,10.7954681932058
264810.370577568,3842723.52086304,661.681942493606,L4_1,540.5,512.980685314246,11.2233722225471
264810.370577568,3842723.52086304,661.681942493606,L4_1,540.5,500.259854508356,11.569947831976
264810.370577568,3842723.52086304,661.681942493606,L4_1,540.5,486.902982162172,11.850534107687
264810.370577568,3842723.52086304,661.681942493606,L4_1,540.5,472.878266198678,12.0782638348481
264810.370577568,3842723.52086304,661.681942493606,L4_1,540.5,458.15231443701,12.2642662219318
264810.370577568,3842723.52086304,661.681942493606,L4_1,540.5,442.690065087258,12.4173459457197
264810.370577568,3842723.52086304,661.681942493606,L4_1,540.5,426.454703270019,12.5433232118659
264810.370577568,3842723.52086304,661.681942493606,L4_1,540.5,409.407573361918,12.6443251689024
264810.370577568,3842723.52086304,661.681942493606,L4_1,540.5,391.508086958412,12.7182367728834
264810.370577568,3842723.52086304,661.681942493606,L4_1,540.5,372.71362623473,12.7583130943149
264810.370577568,3842723.52086304,661.681942493606,L4_1,540.5,352.979442474865,12.7527001969091
264810.370577568,3842723.52086304,661.681942493606,L4_1,540.5,332.258549527006,12.6840490757337
264810.370577568,3842723.52086304,661.681942493606,L4_1,540.5,310.501611931754,12.534157580637
264810.370577568,3842723.52086304,661.681942493606,L4_1,540.5,287.669414477938,12.2992827066311
264810.370577568,3842723.52086304,661.681942493606,L4_1,540.5,264.979217008397,12.0136800599804
264810.370577568,3842723.52086304,661.681942493606,L4_1,540.5,241.154509665379,11.7094129050279
264810.370577568,3842723.52086304,661.681942493606,L4_1,540.5,216.13856695521,11.3840466469793
264810.370577568,3842723.52086304,661.681942493606,L4_1,540.5,189.871827109532,11.0304332273524
264810.370577568,3842723.52086304,661.681942493606,L4_1,540.5,162.291750271571,10.6492360836863
264810.370577568,3842723.52086304,661.681942493606,L4_1,540.5,133.332669591712,10.2484106812018
264810.370577568,3842723.52086304,661.681942493606,L4_1,540.5,102.925634877859,9.83907251672435
264810.370577568,3842723.52086304,661.681942493606,L4_1,540.5,70.9982484283146,9.43279455379312
264810.370577568,3842723.52086304,661.681942493606,L4_1,540.5,,
264810.370577568,3842723.52086304,661.681942493606,L4_1,540.5,,
264810.370577568,3842723.52086304,661.681942493606,L4_1,540.5,,
264810.370577568,3842723.52086304,661.681942493606,L4_1,540.5,,
264810.370577568,3842723.52086304,661.681942493606,L4_1,540.5,,
264810.370577568,3842723.52086304,661.681942493606,L4_1,540.5,,
264810.370577568,3842723.52086304,661.681942493606,L4_1,540.5,,
264810.370577568,3842723.52086304,661.681942493606,L4_1,540.5,,
264810.370577568,3842723.52086304,661.681942493606,L4_1,540.5,,
264810.370577568,3842723.52086304,661.681942493606,L4_1,540.5,,
264810.370577568,3842723.52086304,661.681942493606,L4_1,540.5,,
264810.370577568,3842723.52086304,661.681942493606,L4_1,540.5,,
264810.370577568,3842723.52086304,661.681942493606,L4_1,540.5,,
264810.370577568,3842723.52086304,661.681942493606,L4_1,540.5,,
264810.370577568,3842723.52086304,661.681942493606,L4_1,540.5,,
264810.370577568,3842723.52086304,661.681942493606,L4_1,540.5,,
264810.370577568,3842723.52086304,661.681942493606,L4_1,540.5,,
264810.370577568,3842723.52086304,661.681942493606,L4_1,540.5,,
264810.370577568,3842723.52086304,661.681942493606,L4_1,540.5,,
264810.370577568,3842723.52086304,661.681942493606,L4_1,540.5,,
264810.370577568,3842723.52086304,661.681942493606,L4_1,540.5,,
264815.738123818,3842727.19762287,661.583759745287,L4_1,547.0,661.583759745287,5.33033310496386
264815.738123818,3842727.19762287,661.583759745287,L4_1,547.0,656.299380193014,5.42298478792311
264815.738123818,3842727.19762287,661.583759745287,L4_1,547.0,650.750781663126,5.3207646849957
264815.738123818,3842727.19762287,661.583759745287,L4_1,547.0,644.924753206745,4.91957824125397
264815.738123818,3842727.19762287,661.583759745287,L4_1,547.0,638.807423327544,4.49783842944273
264815.738123818,3842727.19762287,661.583759745287,L4_1,547.0,632.384226954383,4.08607089215726
264815.738123818,3842727.19762287,661.583759745287,L4_1,547.0,625.639870762564,3.77481606741456
264815.738123818,3842727.19762287,661.583759745287,L4_1,547.0,618.558296761155,3.67808388964676
264815.738123818,3842727.19762287,661.583759745287,L4_1,547.0,611.122644059674,3.85969614290465
264815.738123818,3842727.19762287,661.583759745287,L4_1,547.0,603.31520872312,4.32856171868006
264815.738123818,3842727.19762287,661.583759745287,L4_1,547.0,595.117401619738,5.04849987401935
264815.738123818,3842727.19762287,661.583759745287,L4_1,547.0,586.509704161187,5.94246244074415
264815.738123818,3842727.19762287,661.583759745287,L4_1,547.0,577.471621829709,6.90815169478285
264815.738123818,3842727.19762287,661.583759745287,L4_1,547.0,567.981635381656,7.8483355759234
264815.738123818,3842727.19762287,661.583759745287,L4_1,547.0,558.017149611201,8.69704653401212
264815.738123818,3842727.19762287,661.583759745287,L4_1,547.0,547.554439552223,9.42627318258365
264815.738123818,3842727.19762287,661.583759745287,L4_1,547.0,536.568593990296,10.0360868590786
264815.738123818,3842727.19762287,661.583759745287,L4_1,547.0,525.033456150273,10.5402892057872
264815.738123818,3842727.19762287,661.583759745287,L4_1,547.0,512.921561418249,10.9560510549277
264815.738123818,3842727.19762287,661.583759745287,L4_1,547.0,500.204071949623,11.2992142147964
264815.738123818,3842727.19762287,661.583759745287,L4_1,547.0,486.850708007566,11.5832771961006
264815.738123818,3842727.19762287,661.583759745287,L4_1,547.0,472.829675868407,11.8197033293275
264815.738123818,3842727.19762287,661.583759745287,L4_1,547.0,458.107592122289,12.0181258538215
264815.738123818,3842727.19762287,661.583759745287,L4_1,547.0,442.649404188866,12.1860456938758
264815.738123818,3842727.19762287,661.583759745287,L4_1,547.0,426.418306858771,12.3281956851416
264815.738123818,3842727.19762287,661.583759745287,L4_1,547.0,409.375654662171,12.4458513511911
264815.738123818,3842727.19762287,661.583759745287,L4_1,547.0,391.480869855742,12.5362814469579
264815.738123818,3842727.19762287,661.583759745287,L4_1,547.0,372.691345808991,12.5923591243635
264815.738123818,3842727.19762287,661.583759745287,L4_1,547.0,352.962345559903,12.6020891540306
264815.738123818,3842727.19762287,661.583759745287,L4_1,547.0,332.24689529836,12.5482273692202
264815.738123818,3842727.19762287,661.583759745287,L4_1,547.0,310.49567252374,12.4127614726796
264815.738123818,3842727.19762287,661.583759745287,L4_1,547.0,287.669414477938,12.1917455628169
264815.738123818,3842727.19762287,661.583759745287,L4_1,547.0,264.979217008397,11.9187289643071
264815.738123818,3842727.19762287,661.583759745287,L4_1,547.0,241.154509665379,11.6253719782681
264815.738123818,3842727.19762287,661.583759745287,L4_1,547.0,216.13856695521,11.3095639181303
264815.738123818,3842727.19762287,661.583759745287,L4_1,547.0,189.871827109532,10.9646958194666
264815.738123818,3842727.19762287,661.583759745287,L4_1,547.0,162.291750271571,10.5917254220155
264815.738123818,3842727.19762287,661.583759745287,L4_1,547.0,133.332669591712,10.1986813225916
264815.738123818,3842727.19762287,661.583759745287,L4_1,547.0,102.925634877859,9.7966587593052
264815.738123818,3842727.19762287,661.583759745287,L4_1,547.0,70.9982484283146,9.39717975127009
264815.738123818,3842727.19762287,661.583759745287,L4_1,547.0,,
264815.738123818,3842727.19762287,661.583759745287,L4_1,547.0,,
264815.738123818,3842727.19762287,661.583759745287,L4_1,547.0,,
264815.738123818,3842727.19762287,661.583759745287,L4_1,547.0,,
264815.738123818,3842727.19762287,661.583759745287,L4_1,547.0,,
264815.738123818,3842727.19762287,661.583759745287,L4_1,547.0,,
264815.738123818,3842727.19762287,661.583759745287,L4_1,547.0,,
264815.738123818,3842727.19762287,661.583759745287,L4_1,547.0,,
264815.738123818,3842727.19762287,661.583759745287,L4_1,547.0,,
264815.738123818,3842727.19762287,661.583759745287,L4_1,547.0,,
264815.738123818,3842727.19762287,661.583759745287,L4_1,547.0,,
264815.738123818,3842727.19762287,661.583759745287,L4_1,547.0,,
264815.738123818,3842727.19762287,661.583759745287,L4_1,547.0,,
264815.738123818,3842727.19762287,661.583759745287,L4_1,547.0,,
264815.738123818,3842727.19762287,661.583759745287,L4_1,547.0,,
264815.738123818,3842727.19762287,661.583759745287,L4_1,547.0,,
264815.738123818,3842727.19762287,661.583759745287,L4_1,547.0,,
264815.738123818,3842727.19762287,661.583759745287,L4_1,547.0,,
264815.738123818,3842727.19762287,661.583759745287,L4_1,547.0,,
264815.738123818,3842727.19762287,661.583759745287,L4_1,547.0,,
264815.738123818,3842727.19762287,661.583759745287,L4_1,547.0,,
264820.692781896,3842730.59155502,661.485576996968,L4_1,553.0,661.485576996968,7.75079799322393
264820.692781896,3842730.59155502,661.485576996968,L4_1,553.0,656.202585839342,7.33085945480999
264820.692781896,3842730.59155502,661.485576996968,L4_1,553.0,650.655445123836,6.24143646517577
264820.692781896,3842730.59155502,661.485576996968,L4_1,553.0,644.830947372554,5.21751136441602
264820.692781896,3842730.59155502,661.485576996968,L4_1,553.0,638.715224733708,4.59065569892606
264820.692781896,3842730.59155502,661.485576996968,L4_1,553.0,632.293715962919,4.15830715927804
264820.692781896,3842730.59155502,661.485576996968,L4_1,553.0,625.551131753591,3.8710978845733
264820.692781896,3842730.59155502,661.485576996968,L4_1,553.0,618.471418333797,3.79015484765003
264820.692781896,3842730.59155502,661.485576996968,L4_1,553.0,611.037719243013,3.96907231136027
264820.692781896,3842730.59155502,661.485576996968,L4_1,553.0,603.23233519769,4.41614686423518
264820.692781896,3842730.59155502,661.485576996968,L4_1,553.0,595.036681950101,5.0952763573964
264820.692781896,3842730.59155502,661.485576996968,L4_1,553.0,586.431246040132,5.93237136972092
264820.692781896,3842730.59155502,661.485576996968,L4_1,553.0,577.395538334665,6.8326969998939
264820.692781896,3842730.59155502,661.485576996968,L4_1,553.0,567.908045243924,7.70880209286985
264820.692781896,3842730.59155502,661.485576996968,L4_1,553.0,557.946177498647,8.50267823715653
264820.692781896,3842730.59155502,661.485576996968,L4_1,553.0,547.486216366105,9.1902745085029
264820.692781896,3842730.59155502,661.485576996968,L4_1,553.0,536.503257176937,9.77205160521485
264820.692781896,3842730.59155502,661.485576996968,L4_1,553.0,524.97115002831,10.2602225133543
264820.692781896,3842730.59155502,661.485576996968,L4_1,553.0,512.862437522251,10.6697587425741
264820.692781896,3842730.59155502,661.485576996968,L4_1,553.0,500.14828939089,11.0143892869992
264820.692781896,3842730.59155502,661.485576996968,L4_1,553.0,486.798433852961,11.3057830499225
264820.692781896,3842730.59155502,661.485576996968,L4_1,553.0,472.781085538135,11.5538384730314
264820.692781896,3842730.59155502,661.485576996968,L4_1,553.0,458.062869807568,11.7668413273362
264820.692781896,3842730.59155502,661.485576996968,L4_1,553.0,442.608743290473,11.9511457361386
264820.692781896,3842730.59155502,661.485576996968,L4_1,553.0,426.381910447523,12.1105404343995
264820.692781896,3842730.59155502,661.485576996968,L4_1,553.0,409.343735962425,12.245568633346
264820.692781896,3842730.59155502,661.485576996968,L4_1,553.0,391.453652753072,12.3529804505527
264820.692781896,3842730.59155502,661.485576996968,L4_1,553.0,372.669065383252,12.4253422886122
264820.692781896,3842730.59155502,661.485576996968,L4_1,553.0,352.945248644941,12.4505729650731
264820.692781896,3842730.59155502,661.485576996968,L4_1,553.0,332.235241069714,12.4115776741775
264820.692781896,3842730.59155502,661.485576996968,L4_1,553.0,310.489733115726,12.2905707488852
264820.692781896,3842730.59155502,661.485576996968,L4_1,553.0,287.669414477938,12.0834358088062
264820.692781896,3842730.59155502,661.485576996968,L4_1,553.0,264.979217008397,11.8230180909068
264820.692781896,3842730.59155502,661.485576996968,L4_1,553.0,241.154509665379,11.5405722502463
264820.692781896,3842730.59155502,661.485576996968,L4_1,553.0,216.13856695521,11.2343267366329
264820.692781896,3842730.59155502,661.485576996968,L4_1,553.0,189.871827109532,10.8982194619086
264820.692781896,3842730.59155502,661.485576996968,L4_1,553.0,162.291750271571,10.5335063480228
264820.692781896,3842730.59155502,661.485576996968,L4_1,553.0,133.332669591712,10.1482894992067
264820.692781896,3842730.59155502,661.485576996968,L4_1,553.0,102.925634877859,9.75364227583676
264820.692781896,3842730.59155502,661.485576996968,L4_1,553.0,70.9982484283146,9.36103377399009
264820.692781896,3842730.59155502,661.485576996968,L4_1,553.0,,
264820.692781896,3842730.59155502,661.485576996968,L4_1,553.0,,
264820.692781896,3842730.59155502,661.485576996968,L4_1,553.0,,
264820.692781896,3842730.59155502,661.485576996968,L4_1,553.0,,
264820.692781896,3842730.59155502,661.485576996968,L4_1,553.0,,
264820.692781896,3842730.59155502,661.485576996968,L4_1,553.0,,
264820.692781896,3842730.59155502,661.485576996968,L4_1,553.0,,
264820.692781896,3842730.59155502,661.485576996968,L4_1,553.0,,
264820.692781896,3842730.59155502,661.485576996968,L4_1,553.0,,
264820.692781896,3842730.59155502,661.485576996968,L4_1,553.0,,
264820.692781896,3842730.59155502,661.485576996968,L4_1,553.0,,
264820.692781896,3842730.59155502,661.485576996968,L4_1,553.0,,
264820.692781896,3842730.59155502,661.485576996968,L4_1,553.0,,
264820.692781896,3842730.59155502,661.485576996968,L4_1,553.0,,
264820.692781896,3842730.59155502,661.485576996968,L4_1,553.0,,
264820.692781896,3842730.59155502,661.485576996968,L4_1,553.0,,
264820.692781896,3842730.59155502,661.485576996968,L4_1,553.0,,
264820.692781896,3842730.59155502,661.485576996968,L4_1,553.0,,
264820.692781896,3842730.59155502,661.485576996968,L4_1,553.0,,
264820.692781896,3842730.59155502,661.485576996968,L4_1,553.0,,
264820.692781896,3842730.59155502,661.485576996968,L4_1,553.0,,
264826.060328146,3842734.26831485,661.387394248649,L4_1,559.5,661.387394248649,12.5948959927077
264826.060328146,3842734.26831485,661.387394248649,L4_1,559.5,656.105791485671,10.5968041879246
264826.060328146,3842734.26831485,661.387394248649,L4_1,559.5,650.560108584545,7.45029719896969
264826.060328146,3842734.26831485,661.387394248649,L4_1,559.5,644.737141538363,5.59328989730506
264826.060328146,3842734.26831485,661.387394248649,L4_1,559.5,638.623026139871,4.71065341882361
264826.060328146,3842734.26831485,661.387394248649,L4_1,559.5,632.203204971455,4.21929296832791
264826.060328146,3842734.26831485,661.387394248649,L4_1,559.5,625.462392744618,3.93195818094579
264826.060328146,3842734.26831485,661.387394248649,L4_1,559.5,618.38453990644,3.85630838435807
264826.060328146,3842734.26831485,661.387394248649,L4_1,559.5,610.952794426352,4.02809088839378
264826.060328146,3842734.26831485,661.387394248649,L4_1,559.5,603.14946167226,4.45021637619115
264826.060328146,3842734.26831485,661.387394248649,L4_1,559.5,594.955962280463,5.08585683346909
264826.060328146,3842734.26831485,661.387394248649,L4_1,559.5,586.352787919077,5.86495799550954
264826.060328146,3842734.26831485,661.387394248649,L4_1,559.5,577.319454839621,6.70141080898036
264826.060328146,3842734.26831485,661.387394248649,L4_1,559.5,567.834455106193,7.51767928216557
264826.060328146,3842734.26831485,661.387394248649,L4_1,559.5,557.875205386093,8.26298902493657
264826.060328146,3842734.26831485,661.387394248649,L4_1,559.5,547.417993179988,8.91619546546992
264826.060328146,3842734.26831485,661.387394248649,L4_1,559.5,536.437920363577,9.4772143858483
264826.060328146,3842734.26831485,661.387394248649,L4_1,559.5,524.908843906346,9.95604034249525
264826.060328146,3842734.26831485,661.387394248649,L4_1,559.5,512.803313626254,10.3651119941242
264826.060328146,3842734.26831485,661.387394248649,L4_1,559.5,500.092506832157,10.7159339316746
264826.060328146,3842734.26831485,661.387394248649,L4_1,559.5,486.746159698355,11.0183783043318
264826.060328146,3842734.26831485,661.387394248649,L4_1,559.5,472.732495207864,11.2808900450809
264826.060328146,3842734.26831485,661.387394248649,L4_1,559.5,458.018147492847,11.510555069772
264826.060328146,3842734.26831485,661.387394248649,L4_1,559.5,442.56808239208,11.7127333620284
264826.060328146,3842734.26831485,661.387394248649,L4_1,559.5,426.345514036274,11.8904076738264
264826.060328146,3842734.26831485,661.387394248649,L4_1,559.5,409.311817262678,12.0435035453534
264826.060328146,3842734.26831485,661.387394248649,L4_1,559.5,391.426435650403,12.1683461731611
264826.060328146,3842734.26831485,661.387394248649,L4_1,559.5,372.646784957513,12.257267311385
264826.060328146,3842734.26831485,661.387394248649,L4_1,559.5,352.928151729979,12.2981528998471
264826.060328146,3842734.26831485,661.387394248649,L4_1,559.5,332.223586841068,12.2741002000012
264826.060328146,3842734.26831485,661.387394248649,L4_1,559.5,310.483793707712,12.1675855577162
264826.060328146,3842734.26831485,661.387394248649,L4_1,559.5,287.669414477938,11.9743535206299
264826.060328146,3842734.26831485,661.387394248649,L4_1,559.5,264.979217008397,11.7265474986288
264826.060328146,3842734.26831485,661.387394248649,L4_1,559.5,241.154509665379,11.4550141464446
264826.060328146,3842734.26831485,661.387394248649,L4_1,559.5,216.13856695521,11.1583359583139
264826.060328146,3842734.26831485,661.387394248649,L4_1,559.5,189.871827109532,10.8310053838347
264826.060328146,3842734.26831485,661.387394248649,L4_1,559.5,162.291750271571,10.4745803264615
264826.060328146,3842734.26831485,661.387394248649,L4_1,559.5,133.332669591712,10.0972367256681
264826.060328146,3842734.26831485,661.387394248649,L4_1,559.5,102.925634877859,9.71002452081269
264826.060328146,3842734.26831485,661.387394248649,L4_1,559.5,70.9982484283146,9.32435792721102
264826.060328146,3842734.26831485,661.387394248649,L4_1,559.5,,
264826.060328146,3842734.26831485,661.387394248649,L4_1,559.5,,
264826.060328146,3842734.26831485,661.387394248649,L4_1,559.5,,
264826.060328146,3842734.26831485,661.387394248649,L4_1,559.5,,
264826.060328146,3842734.26831485,661.387394248649,L4_1,559.5,,
264826.060328146,3842734.26831485,661.387394248649,L4_1,559.5,,
264826.060328146,3842734.26831485,661.387394248649,L4_1,559.5,,
264826.060328146,3842734.26831485,661.387394248649,L4_1,559.5,,
264826.060328146,3842734.26831485,661.387394248649,L4_1,559.5,,
264826.060328146,3842734.26831485,661.387394248649,L4_1,559.5,,
264826.060328146,3842734.26831485,661.387394248649,L4_1,559.5,,
264826.060328146,3842734.26831485,661.387394248649,L4_1,559.5,,
264826.060328146,3842734.26831485,661.387394248649,L4_1,559.5,,
264826.060328146,3842734.26831485,661.387394248649,L4_1,559.5,,
264826.060328146,3842734.26831485,661.387394248649,L4_1,559.5,,
264826.060328146,3842734.26831485,661.387394248649,L4_1,559.5,,
264826.060328146,3842734.26831485,661.387394248649,L4_1,559.5,,
264826.060328146,3842734.26831485,661.387394248649,L4_1,559.5,,
264826.060328146,3842734.26831485,661.387394248649,L4_1,559.5,,
264826.060328146,3842734.26831485,661.387394248649,L4_1,559.5,,
264826.060328146,3842734.26831485,661.387394248649,L4_1,559.5,,
264831.014986224,3842737.662247,661.338335495341,L4_1,565.5,661.338335495341,15.2748425375622
264831.014986224,3842737.662247,661.338335495341,L4_1,565.5,656.057426468399,12.3290819076057
264831.014986224,3842737.662247,661.338335495341,L4_1,565.5,650.512471990109,8.05667346022415
264831.014986224,3842737.662247,661.338335495341,L4_1,565.5,644.690269787906,5.77005366957916
264831.014986224,3842737.662247,661.338335495341,L4_1,565.5,638.576957475592,4.76046387713293
264831.014986224,3842737.662247,661.338335495341,L4_1,565.5,632.157979547662,4.24135658947881
264831.014986224,3842737.662247,661.338335495341,L4_1,565.5,625.418052723337,3.9556187521139
264831.014986224,3842737.662247,661.338335495341,L4_1,565.5,618.341129557794,3.88399645432198
264831.014986224,3842737.662247,661.338335495341,L4_1,565.5,610.910360233975,4.05317405076281
264831.014986224,3842737.662247,661.338335495341,L4_1,565.5,603.108052443965,4.46345515342916
264831.014986224,3842737.662247,661.338335495341,L4_1,565.5,594.915629264454,5.07787234545645
264831.014986224,3842737.662247,661.338335495341,L4_1,565.5,586.313584925967,5.8285708999197
264831.014986224,3842737.662247,661.338335495341,L4_1,565.5,577.281438370557,6.63378656153962
264831.014986224,3842737.662247,661.338335495341,L4_1,565.5,567.797684487375,7.42085252075139
264831.014986224,3842737.662247,661.338335495341,L4_1,565.5,557.839742910035,8.14250419765384
264831.014986224,3842737.662247,661.338335495341,L4_1,565.5,547.383904253828,8.77899218739045
264831.014986224,3842737.662247,661.338335495341,L4_1,565.5,536.40527366481,9.32995618503704
264831.014986224,3842737.662247,661.338335495341,L4_1,565.5,524.877711546341,9.80430740843943
264831.014986224,3842737.662247,661.338335495341,L4_1,565.5,512.773771321949,10.2132509380414
264831.014986224,3842737.662247,661.338335495341,L4_1,565.5,500.064634086338,10.5672080235755
264831.014986224,3842737.662247,661.338335495341,L4_1,565.5,486.720039988945,10.8751745810142
264831.014986224,3842737.662247,661.338335495341,L4_1,565.5,472.708216186684,11.1448851057115
264831.014986224,3842737.662247,661.338335495341,L4_1,565.5,457.995801194309,11.382837435514
264831.014986224,3842737.662247,661.338335495341,L4_1,565.5,442.547765452315,11.5939029158547
264831.014986224,3842737.662247,661.338335495341,L4_1,565.5,426.327327923222,11.780666966803
264831.014986224,3842737.662247,661.338335495341,L4_1,565.5,409.295868517674,11.9427497370818
264831.014986224,3842737.662247,661.338335495341,L4_1,565.5,391.412836141848,12.0762656813627
264831.014986224,3842737.662247,661.338335495341,L4_1,565.5,372.635652147232,12.173429649542
264831.014986224,3842737.662247,661.338335495341,L4_1,565.5,352.919608952884,12.2221106867029
264831.014986224,3842737.662247,661.338335495341,L4_1,565.5,332.217763598819,12.2055010019153
264831.014986224,3842737.662247,661.338335495341,L4_1,565.5,310.480825977051,12.1062069489672
264831.014986224,3842737.662247,661.338335495341,L4_1,565.5,287.669414477938,11.9199036327652
264831.014986224,3842737.662247,661.338335495341,L4_1,565.5,264.979217008397,11.6783843132405
264831.014986224,3842737.662247,661.338335495341,L4_1,565.5,241.154509665379,11.4122917933525
264831.014986224,3842737.662247,661.338335495341,L4_1,565.5,216.13856695521,11.1203847298803
264831.014986224,3842737.662247,661.338335495341,L4_1,565.5,189.871827109532,10.7974319154183
264831.014986224,3842737.662247,661.338335495341,L4_1,565.5,162.291750271571,10.4451417946642
264831.014986224,3842737.662247,661.338335495341,L4_1,565.5,133.332669591712,10.0717271011541
264831.014986224,3842737.662247,661.338335495341,L4_1,565.5,102.925634877859,9.68822606522255
264831.014986224,3842737.662247,661.338335495341,L4_1,565.5,70.9982484283146,9.30602543867299
264831.014986224,3842737.662247,661.338335495341,L4_1,565.5,,
264831.014986224,3842737.662247,661.338335495341,L4_1,565.5,,
264831.014986224,3842737.662247,661.338335495341,L4_1,565.5,,
264831.014986224,3842737.662247,661.338335495341,L4_1,565.5,,
264831.014986224,3842737.662247,661.338335495341,L4_1,565.5,,
264831.014986224,3842737.662247,661.338335495341,L4_1,565.5,,
264831.014986224,3842737.662247,661.338335495341,L4_1,565.5,,
264831.014986224,3842737.662247,661.338335495341,L4_1,565.5,,
264831.014986224,3842737.662247,661.338335495341,L4_1,565.5,,
264831.014986224,3842737.662247,661.338335495341,L4_1,565.5,,
264831.014986224,3842737.662247,661.338335495341,L4_1,565.5,,
264831.014986224,3842737.662247,661.338335495341,L4_1,565.5,,
264831.014986224,3842737.662247,661.338335495341,L4_1,565.5,,
264831.014986224,3842737.662247,661.338335495341,L4_1,565.5,,
264831.014986224,3842737.662247,661.338335495341,L4_1,565.5,,
264831.014986224,3842737.662247,661.338335495341,L4_1,565.5,,
264831.014986224,3842737.662247,661.338335495341,L4_1,565.5,,
264831.014986224,3842737.662247,661.338335495341,L4_1,565.5,,
264831.014986224,3842737.662247,661.338335495341,L4_1,565.5,,
264831.014986224,3842737.662247,661.338335495341,L4_1,565.5,,
264831.014986224,3842737.662247,661.338335495341,L4_1,565.5,,
