X,Y,Z,LINE,STN_CORR,Elev_trim[0],Elev_trim[1],Elev_trim[2],Elev_trim[3],Elev_trim[4],Elev_trim[5],Elev_trim[6],Elev_trim[7],Elev_trim[8],Elev_trim[9],Elev_trim[10],Elev_trim[11],Elev_trim[12],Elev_trim[13],Elev_trim[14],Elev_trim[15],Elev_trim[16],Elev_trim[17],Elev_trim[18],Elev_trim[19],Elev_trim[20],Elev_trim[21],Elev_trim[22],Elev_trim[23],Elev_trim[24],Elev_trim[25],Elev_trim[26],Elev_trim[27],Elev_trim[28],Elev_trim[29],Elev_trim[30],Elev_trim[31],Elev_trim[32],Elev_trim[33],Elev_trim[34],Elev_trim[35],Elev_trim[36],Elev_trim[37],Elev_trim[38],Elev_trim[39],Elev_trim[40],Elev_trim[41],Elev_trim[42],Elev_trim[43],Elev_trim[44],Elev_trim[45],Elev_trim[46],Elev_trim[47],Elev_trim[48],Elev_trim[49],Elev_trim[50],Elev_trim[51],Elev_trim[52],Elev_trim[53],Elev_trim[54],Elev_trim[55],Elev_trim[56],Elev_trim[57],Elev_trim[58],Elev_trim[59],Elev_trim[60],Res_trim[0],Res_trim[1],Res_trim[2],Res_trim[3],Res_trim[4],Res_trim[5],Res_trim[6],Res_trim[7],Res_trim[8],Res_trim[9],Res_trim[10],Res_trim[11],Res_trim[12],Res_trim[13],Res_trim[14],Res_trim[15],Res_trim[16],Res_trim[17],Res_trim[18],Res_trim[19],Res_trim[20],Res_trim[21],Res_trim[22],Res_trim[23],Res_trim[24],Res_trim[25],Res_trim[26],Res_trim[27],Res_trim[28],Res_trim[29],Res_trim[30],Res_trim[31],Res_trim[32],Res_trim[33],Res_trim[34],Res_trim[35],Res_trim[36],Res_trim[37],Res_trim[38],Res_trim[39],Res_trim[40],Res_trim[41],Res_trim[42],Res_trim[43],Res_trim[44],Res_trim[45],Res_trim[46],Res_trim[47],Res_trim[48],Res_trim[49],Res_trim[50],Res_trim[51],Res_trim[52],Res_trim[53],Res_trim[54],Res_trim[55],Res_trim[56],Res_trim[57],Res_trim[58],Res_trim[59],Res_trim[60]
264371.887693893,3842423.16136827,641.473363868758,L4_1,9.5,641.473363868758,636.473363868758,631.223363868758,625.710863868758,619.922738868758,613.845207618758,607.463799806258,600.763321603133,593.727819489851,586.340542270906,578.583901191013,570.439428057126,561.887731266545,552.908449636434,543.480203924818,533.580545927621,523.185905030564,512.271532088654,500.811440499649,488.778344331194,476.143593354315,462.877104828593,448.947291876585,434.320988276976,418.963369497387,402.837869778819,385.906095074322,368.1277316346,349.460450022892,329.859804330599,309.279126353691,287.669414477938,264.979217008397,241.154509665379,216.13856695521,189.871827109532,162.291750271571,133.332669591712,102.925634877859,70.9982484283146,,,,,,,,,,,,,,,,,,,,,,18.1852322949388,10.9766057028076,3.88113658574172,1.67829716385241,1.29407309835284,1.69799961782752,2.65240863248361,3.93876416614403,5.50827803738089,7.44468863131097,9.70246604206043,12.0462653520488,14.202110650372,16.0115333316344,17.4451116688465,18.5303006427742,19.295073410698,19.7542408964642,19.9186632425371,19.8071393846701,19.4522981078061,18.8996496330695,18.202310163514,17.4144584050761,16.5856762602398,15.7571356497782,14.9597464242469,14.2139212162898,13.5304780036229,12.9122566885298,12.3561506927036,11.8553804231256,11.4013652147825,10.984905837249,10.5971634228623,10.2307234317661,9.88032849466562,9.54298255902543,9.21772247184234,8.90522734600175,,,,,,,,,,,,,,,,,,,,,
264376.841573831,3842426.55524943,641.599002425272,L4_1,15.5,641.599002425272,636.597225780165,631.345360302801,625.83090155157,620.040719862777,613.961029089545,607.57735377765,600.874494700162,593.836492668798,586.446590535867,578.687193296289,570.539826194732,561.985090738097,553.00261850863,543.57102266769,533.667847034703,523.269512620067,512.351261484699,500.887097792562,488.849725915819,476.210485445239,462.939282951129,449.004520332314,434.373019582558,419.009943795315,402.878714218709,385.940923163273,368.156242555066,349.482327916447,329.874717545898,309.286726656822,287.669414477938,264.979217008397,241.154509665379,216.13856695521,189.871827109532,162.291750271571,133.332669591712,102.925634877859,70.9982484283146,,,,,,,,,,,,,,,,,,,,,,14.8000784878702,9.3993364264401,3.97384993891261,2.12209114949062,1.69654121639971,1.93062085294251,2.58882958665738,3.58651744401606,5.01075707702226,6.97495204373352,9.41470985780894,12.0337156780346,14.4693892420279,16.4953518264731,18.0605094222231,19.2034518323111,19.9733144944657,20.4036136676854,20.5186931989993,20.3466990050057,19.9269066491322,19.3096192400621,18.5512797602543,17.708142559475,16.8308308544875,15.9607664071555,15.128559758841,14.3539871296561,13.6470543992627,13.0097284458391,12.4380685265915,11.9246062958366,11.4602207189458,11.0352477546366,10.6404119164569,10.2679160296588,9.91222804879147,9.57017562560893,9.24068815837419,8.92438389304003,,,,,,,,,,,,,,,,,,,,,
264382.208277097,3842430.23195402,641.850446634873,L4_1,22,641.850446634873,636.84511433665,631.589515423516,626.071136564725,620.276838762994,614.192826071177,607.804612744769,601.096988752041,594.053983559676,586.658828107693,578.893914883111,570.7407559973,562.179939167198,553.191081495592,543.752780940404,533.842565357458,523.436838995364,512.510826315165,501.038513000957,488.992584021038,476.344358592123,463.063721891763,449.119053356384,434.477151394237,419.103154333982,402.960457420714,386.010625661783,368.213302314905,349.526112800684,329.904563810751,309.301937371322,287.669414477938,264.979217008397,241.154509665379,216.13856695521,189.871827109532,162.291750271571,133.332669591712,102.925634877859,70.9982484283146,,,,,,,,,,,,,,,,,,,,,,9.27429888098122,7.0165853023504,4.39064915432295,3.23480433644885,2.64272349181798,2.35735011110663,2.40880985672756,2.90393350816222,4.04746699192695,6.02132344002594,8.78501782350831,11.9505550435508,14.9676348198618,17.4523392398077,19.2987718140287,20.5665208114894,21.3495735760843,21.7215353026409,21.7355915664765,21.4397142639509,20.8870996011768,20.1379462616449,19.255467991997,18.3000770188123,17.3244295318739,16.3703760533881,15.4678554902004,14.6353062427049,13.8810563442322,13.2052845134877,12.6023506891519,12.0633874069196,11.5781784981694,11.1361198760975,10.7270544660875,10.3424141313527,9.97611400195459,9.62462720741805,9.28666731488066,8.96273036353402,,,,,,,,,,,,,,,,,,,,,
264387.162702876,3842433.62582371,642.101890844473,L4_1,28,642.101890844473,637.093002893135,631.83367054423,626.311371577879,620.512957663211,614.42462305281,608.031871711888,601.31948280392,594.271474450554,586.87106567952,579.100636469934,570.941685799869,562.3747875963,553.379544482553,543.934539213119,534.017283680212,523.604165370661,512.670391145632,501.189928209352,489.135442126257,476.478231739008,463.188160832396,449.233586380454,434.581283205915,419.196364872649,403.042200622719,386.080328160293,368.270362074745,349.569897684921,329.934410075605,309.317148085823,287.669414477938,264.979217008397,241.154509665379,216.13856695521,189.871827109532,162.291750271571,133.332669591712,102.925634877859,70.9982484283146,,,,,,,,,,,,,,,,,,,,,,6.14305700773425,6.60691188912708,7.2082685467372,6.2797382658491,4.27602044206284,2.79827409002283,2.17451636578541,2.28260244344318,3.16793730197453,5.03207907002284,7.9396022917668,11.517301230965,15.0731687239352,18.0450119056195,20.2324707749314,21.689056900961,22.5419926830233,22.9019842961132,22.8514042252413,22.4593761104008,21.7945581254146,20.928559929344,19.9327271042873,18.8727706461855,17.8042695797606,16.7701586648824,15.800168769461,14.9117129015297,14.1116483854647,13.3984997738269,12.7650218460556,12.2010417978518,11.6953392012349,11.2364357163292,10.8133205112684,10.4166589850691,10.0398214508461,9.67894042566227,9.332527598688,9.00096757596156,,,,,,,,,,,,,,,,,,,,,
264392.530588797,3842437.30250345,642.353335054074,L4_1,34.5,642.353335054074,637.34089144962,632.077825664944,626.551606591034,620.749076563428,614.656420034442,608.259130679007,601.5419768558,594.488965341432,587.083303251347,579.307358056757,571.142615602437,562.569636025402,553.568007469514,544.116297485833,534.192002002967,523.771491745958,512.829955976099,501.341343417746,489.278300231476,476.612104885893,463.31259977303,449.348119404524,434.685415017593,419.289575411315,403.123943824724,386.150030658803,368.327421834585,349.613682569157,329.964256340458,309.332358800323,287.669414477938,264.979217008397,241.154509665379,216.13856695521,189.871827109532,162.291750271571,133.332669591712,102.925634877859,70.9982484283146,,,,,,,,,,,,,,,,,,,,,,4.49176202004344,7.61022716082127,14.9194688642438,13.5522741139811,7.2071257284897,3.42228579857284,2.02034682390849,1.82937153192543,2.48639847853962,4.15289337455057,7.02344789313844,10.8354846916862,14.83544110156,18.2874690850701,20.8587433325172,22.5624268568429,23.5413701451542,23.9371427641862,23.8601533047522,23.4013897974332,22.6463175582747,21.6794637949538,20.5817299622995,19.4253449805426,18.2697689614925,17.1597273278719,16.1252418098647,15.1830353106865,14.3387164611116,13.5892991086475,12.9260330818161,12.3375384186312,11.8116837277979,11.3361838364196,10.8992035050205,10.4906469558493,10.1033483702132,9.73311411945294,9.3782682798001,9.03909500002796,,,,,,,,,,,,,,,,,,,,,
264397.485560417,3842440.69636167,642.592878329197,L4_1,40.5,642.592878329197,637.577047361822,632.310424846078,626.780471204547,620.974019880939,614.877245991151,608.475633406873,601.753940193382,594.696162319216,587.285495551342,579.504295445074,571.334035333492,562.755262216332,553.747550443314,544.289453081644,534.358450851891,523.930898510651,512.981968552348,501.485592096131,489.414396817102,476.739641774122,463.431148978993,449.457231544108,434.784618237478,419.378374265517,403.201818094958,386.216434115871,368.381780937829,349.655395100886,329.992689972095,309.346849586865,287.669414477938,264.979217008397,241.154509665379,216.13856695521,189.871827109532,162.291750271571,133.332669591712,102.925634877859,70.9982484283146,,,,,,,,,,,,,,,,,,,,,,3.82824701957515,7.24412784944214,16.376630829233,15.3951610528251,8.05527079653806,3.58461321361492,1.91751903704099,1.6048543066969,2.13049885124751,3.63438045643029,6.39520630859721,10.2691455947088,14.523330312642,18.3235861248923,21.2226900205714,23.1736400256088,24.3087721067294,24.7815761312484,24.7196565631064,24.230641824494,23.4149637051869,22.3701100480769,21.1874761495055,19.9470247545582,18.7132586709809,17.5336472277668,16.4392234179356,15.4465395032627,14.5603148359752,13.7762962802456,13.0843981440681,12.4721742329148,11.9267097471293,11.4350041009497,10.9844410743625,10.5641828490799,10.1665473373215,9.78703577184926,9.42380282948446,9.07704585316427,,,,,,,,,,,,,,,,,,,,,
264402.853446339,3842444.37304141,642.820506281575,L4_1,47,642.820506281575,637.801456444935,632.531454116464,626.997951671568,621.187774104429,615.087087658932,608.68136689116,601.955360084999,594.893052938531,587.477630434739,579.691436805758,571.515933495327,562.931655019375,553.918162619626,544.453995599889,534.516620229165,524.082376089905,513.126419743682,501.622665580147,489.543723708436,476.86083474314,463.543801329579,449.560916245339,434.878886906888,419.462756101514,403.275818755871,386.279534542946,368.433436119375,349.695032774626,330.019709262639,309.360619575052,287.669414477938,264.979217008397,241.154509665379,216.13856695521,189.871827109532,162.291750271571,133.332669591712,102.925634877859,70.9982484283146,,,,,,,,,,,,,,,,,,,,,,3.87088589882058,5.48240479246665,9.30456209455185,9.75106085099689,6.18427539512605,3.16076892359836,1.81095404812683,1.53414870375942,2.01248498215431,3.40739169510576,6.03091254166732,9.83399878567514,14.1653313188153,18.1748922097133,21.3340639544338,23.5236094647832,24.8404965755279,25.4300660316567,25.4248923352562,24.9430147207132,24.0974135712619,22.9983172471086,21.7484754464894,20.4368126571773,19.1340783418344,17.8914831355251,16.7418273408166,15.7020376570249,14.7763208032043,13.9594116822922,13.2400657728427,12.6049165014062,12.0403966956181,11.5328839439706,11.0690257522096,10.6372623023098,10.2294157914597,9.84070383800674,9.46913025896085,9.11481941645059,,,,,,,,,,,,,,,,,,,,,
264407.808410205,3842447.76690481,643.048134233953,L4_1,53,643.048134233953,638.025865528049,632.75248338685,627.21543213859,621.401528327918,615.296929326712,608.887100375446,602.156779976617,595.089943557846,587.669765318137,579.878578166442,571.697831657162,563.108047822419,554.088774795938,544.618538118133,534.674789606438,524.233853669159,513.270870935015,501.759739064164,489.673050599771,476.982027712157,463.656453680164,449.66460094657,434.973155576297,419.54713793751,403.349819416784,386.342634970022,368.485091300921,349.734670448365,330.046728553182,309.374389563239,287.669414477938,264.979217008397,241.154509665379,216.13856695521,189.871827109532,162.291750271571,133.332669591712,102.925634877859,70.9982484283146,,,,,,,,,,,,,,,,,,,,,,5.38860382920357,5.41832161226726,5.92492989941237,5.98358144336612,4.38247896015754,2.64301237968313,1.73758041795321,1.57781338173073,2.0733886406335,3.42252642804892,5.93469753314517,9.60894712462339,13.8846138427263,17.9584723562882,21.2739019485454,23.6535538863004,25.14757530107,25.8755384115168,25.9603727417999,25.5208959867026,24.6773318417175,23.5504302055371,22.2539981006657,20.8865998092478,19.5262396579449,18.2288721970506,17.0298968723609,15.9472492849156,14.9850852329487,14.137449110919,13.3921670490248,12.7351347716507,12.1522861006713,11.6294865165192,11.1527063336192,10.7096951376798,10.2918078893306,9.89400566673106,9.51416317990475,9.15234772535944,,,,,,,,,,,,,,,,,,,,,
264413.176279329,3842451.44359576,643.275762186331,L4_1,59.5,643.275762186331,638.250274611162,632.973512657236,627.432912605612,621.615282551408,615.506770994493,609.092833859733,602.358199868235,595.286834177161,587.861900201535,580.065719527126,571.879729818998,563.284440625463,554.259386972251,544.783080636378,534.832958983712,524.385331248413,513.415322126348,501.896812548181,489.802377491105,477.103220681175,463.769106030749,449.768285647801,435.067424245706,419.631519773507,403.423820077697,386.405735397097,368.536746482467,349.774308122105,330.073747843725,309.388159551427,287.669414477938,264.979217008397,241.154509665379,216.13856695521,189.871827109532,162.291750271571,133.332669591712,102.925634877859,70.9982484283146,,,,,,,,,,,,,,,,,,,,,,10.1318984694309,7.53689933520576,4.88679212923031,3.7363398336524,2.77592428134128,2.03352628763872,1.66371364847814,1.71409720728661,2.29325281386983,3.64920888346901,6.06786255569344,9.56142366748688,13.6638251930986,17.6692667823086,21.0421528400857,23.5635537203499,25.2286388868514,26.1154073589603,26.323041070702,25.9613815695018,25.1522973187054,24.0245957559916,22.7027049614266,21.2954544265393,19.8891096770276,18.5453908595539,17.3031513286619,16.1819898198177,15.1864876280413,14.3103303685515,13.5406514604209,12.8627965020649,12.2623571043897,11.7247986321374,11.2354746502296,10.7814763938135,10.3537206371823,9.94693937945535,9.55890032860689,9.18962989187061,,,,,,,,,,,,,,,,,,,,,
264418.131235443,3842454.83746434,643.526005589496,L4_1,65.5,643.526005589496,638.496979341723,633.216501781562,627.672000343392,621.850273833314,615.737460997732,609.319007520371,602.579631369142,595.503286410351,588.073124203621,580.271453886555,572.079700053635,563.478358529069,554.446949928275,544.963970897441,535.006842915066,524.551858533571,513.574124933002,502.047504652405,489.944553357777,477.236454498419,463.892950696092,449.882271703649,435.171058761584,419.724285172415,403.505172903788,386.47510502173,368.593533745569,349.8178839056,330.103451573632,309.403297625066,287.669414477938,264.979217008397,241.154509665379,216.13856695521,189.871827109532,162.291750271571,133.332669591712,102.925634877859,70.9982484283146,,,,,,,,,,,,,,,,,,,,,,15.5224522119759,10.8921674192726,5.41516755092232,3.00743198488387,2.05750227383659,1.71729743733131,1.68637540051153,1.93395107171284,2.61123492440088,3.97854750257311,6.29358364958692,9.5762108146031,13.4497702841705,17.3154161992979,20.6800218928369,23.2997853412041,25.119350621337,26.1707233737363,26.521507099851,26.2648412805103,25.5183311437013,24.4152359151467,23.0890055262242,21.6584993717003,20.2187455753501,18.8379864101726,17.5592838781882,16.4045411502807,15.3792548063061,14.4771124832079,13.6848172318702,12.9873760507006,12.3702130093156,11.8185177198165,11.3170973616588,10.8524245905256,10.4150123630068,9.99939391207369,9.60325447675031,9.22659739633623,,,,,,,,,,,,,,,,,,,,,
264423.499104567,3842458.51415529,643.798889050021,L4_1,72,643.798889050021,638.766003978344,633.481474653084,627.93271886156,622.10652528046,615.989022020305,609.565643597143,602.821096252822,595.739321541285,588.303458094172,580.495801474702,572.29776202426,563.689820601295,554.651482107182,545.161226688363,535.196458498603,524.733451899355,513.747294970145,502.211830194474,490.09959218002,477.381742264843,464.027999853908,450.006570322425,435.284069314369,419.825443255909,403.593885894527,386.550750665075,368.655458674151,349.865402083681,330.135842663687,309.419805272693,287.669414477938,264.979217008397,241.154509665379,216.13856695521,189.871827109532,162.291750271571,133.332669591712,102.925634877859,70.9982484283146,,,,,,,,,,,,,,,,,,,,,,19.8663142256424,15.4017015289799,7.54395143310339,3.30082024370082,1.934085151285,1.64453246988889,1.79649666473883,2.2211518946427,3.00525801471682,4.38014377386017,6.57443792412497,9.61614543769643,13.2133295376127,16.8789337920356,20.1787608573957,22.8588736832299,24.8184562174629,26.0405614041777,26.5545797464466,26.4298529666422,25.7739993131218,24.7210832651097,23.4118789754388,21.9749638464442,20.514590363173,19.1062680497155,17.7980259818617,16.6147216321172,15.5632654802608,14.637715458722,13.8246121083218,13.1088394696704,12.4758319020814,11.9106298190932,11.397565707221,10.9225342777123,10.4756796753516,10.0513671139149,9.64722418063913,9.26324919614878,,,,,,,,,,,,,,,,,,,,,
264428.453503211,3842461.90804309,644.071772510547,L4_1,78,644.071772510547,639.035028614966,633.746447524606,628.193437379728,622.362776727606,616.240583042879,609.812279673914,603.062561136502,595.975356672219,588.533791984722,580.72014906285,572.515823994884,563.90128267352,554.856014286088,545.358482479284,535.38607408214,524.915045265139,513.920465007288,502.376155736544,490.254631002263,477.527030031268,464.163049011724,450.130868941202,435.397079867154,419.926601339403,403.682598885265,386.62639630842,368.717383602733,349.912920261762,330.168233753742,309.436312920321,287.669414477938,264.979217008397,241.154509665379,216.13856695521,189.871827109532,162.291750271571,133.332669591712,102.925634877859,70.9982484283146,,,,,,,,,,,,,,,,,,,,,,23.5599978921364,19.1182217516559,9.37110808283722,3.61793480421788,1.89829158300375,1.61338979679,1.88394980108773,2.44489921364206,3.30568762215175,4.65831955074493,6.71381795168906,9.51826848201392,12.8541900516488,16.3276190992041,19.556482028409,22.2832841106369,24.3717325149492,25.7623293746708,26.4476021842188,26.4708064202472,25.9257564792259,24.9437410168098,23.6704270403867,22.2429482657557,20.7745585553337,19.3483387389517,18.0177996474173,16.8112766324572,15.7375450866372,14.7913891853781,13.9594609791479,13.2267433936538,12.5788682820746,12.0008632158116,11.4766649126045,10.9916352769712,10.535586992177,10.1027511142588,9.69072351618424,9.29951731984139,,,,,,,,,,,,,,,,,,,,,
264433.820164484,3842465.58477571,644.344655971072,L4_1,84.5,644.344655971072,639.304053251587,634.011420396128,628.454155897896,622.619028174753,616.492144065452,610.058915750686,603.304026020182,596.211391803153,588.764125875272,580.944496650997,572.733885965509,564.112744745746,555.060546464995,545.555738270206,535.575689665678,525.096638630923,514.093635044431,502.540481278614,490.409669824506,477.672317797693,464.29809816954,450.255167559978,435.510090419939,420.027759422897,403.771311876004,386.702041951765,368.779308531315,349.960438439843,330.200624843796,309.452820567948,287.669414477938,264.979217008397,241.154509665379,216.13856695521,189.871827109532,162.291750271571,133.332669591712,102.925634877859,70.9982484283146,,,,,,,,,,,,,,,,,,,,,,24.6445926650048,20.8594733307225,10.6871347320209,3.97865949857219,1.95968245599113,1.63730217944008,1.95734683599716,2.59109677420894,3.48265630726941,4.782517356457,6.68850871245881,9.2663661621021,12.3605140754031,15.6532829982979,18.8087865501158,21.571747785645,23.7796603548806,25.3369504085224,26.2011764787469,26.3877704430978,25.9732518915713,25.0826489861509,23.8640541699219,22.4619210172332,20.9982207583588,19.5638730101466,18.2183682936844,16.9940392690708,15.9019786636403,14.9380559925335,14.089312192711,13.3410539082864,12.6793000999677,12.0892037238816,11.5543859935596,11.0597219272407,10.5947306950822,10.1535435432982,9.733750865207,9.33540060294622,,,,,,,,,,,,,,,,,,,,,
264438.774005659,3842468.97868275,644.639460528869,L4_1,90.5,644.639460528869,639.59468900094,634.297678896614,628.735818287072,622.895864647052,616.763913325032,610.325364436911,603.564888104384,596.46638795523,589.012962798618,581.186866384177,572.969465149013,564.34119385209,555.281508990322,545.768839885465,535.780537325366,525.292819637261,514.280716064751,502.718007313616,490.577163124924,477.829276726797,464.443996008764,450.389451254829,435.632179263198,420.137043671985,403.867151301211,386.783764311899,368.846207973121,350.011773817404,330.235617953902,309.470654297224,287.669414477938,264.979217008397,241.154509665379,216.13856695521,189.871827109532,162.291750271571,133.332669591712,102.925634877859,70.9982484283146,,,,,,,,,,,,,,,,,,,,,,26.2416786768149,21.987810112021,11.1032891360317,4.05141088990548,1.93780932404625,1.5964704639894,1.91869068536199,2.56027647020487,3.43545715652252,4.66481038539809,6.43354232378341,8.82262666015774,11.7234798649083,14.8751242102192,17.9767517055404,20.776842864968,23.0954432618669,24.8102264946125,25.8498662847931,26.2038759873188,25.9301909240872,25.1448417639982,23.9956429709663,22.6324805748486,21.1850877791722,19.7519770475375,18.3987742980138,17.1621327451862,16.0558221730518,15.0771104370942,14.2136817732954,13.4513870352204,12.7768224551005,12.1754084126059,11.6305330801309,11.1266351885198,10.6529819320643,10.2036393641846,9.77622179449449,9.37083186468154,,,,,,,,,,,,,,,,,,,,,
264444.140666931,3842472.65541537,644.956207383756,L4_1,97,644.956207383756,639.906956763056,634.605243611322,629.038444802,623.193306052213,617.055910364936,610.611644893296,603.845166148073,596.740363465589,589.280320648981,581.447275691543,573.222578486233,564.586646420657,555.518917751802,545.997802649505,536.000631792093,525.50360239181,514.481721521513,502.908746607701,490.757122948199,477.997918105721,464.60075302112,450.533729682288,435.763355176515,420.254461945454,403.970124052839,386.871569265594,368.918086738986,350.066930086048,330.273215600463,309.489815390598,287.669414477938,264.979217008397,241.154509665379,216.13856695521,189.871827109532,162.291750271571,133.332669591712,102.925634877859,70.9982484283146,,,,,,,,,,,,,,,,,,,,,,28.8184102676669,22.8561351899732,10.8000914371399,3.8964617785853,1.85446268024984,1.50802451017855,1.79136352970669,2.38068768867541,3.19386724505935,4.33546363365573,5.97757176334077,8.21040363526027,10.9590046845158,14.0026218010989,17.0660261445443,19.9025596532409,22.3224036429819,24.1849340890534,25.3957339022173,25.9203920848029,25.7971525754805,25.1304185877365,24.0650282960126,22.7543583956916,21.3348826646125,19.9124100776455,18.5588267613403,17.3154142541633,16.1989730999721,15.2084812519398,14.3325214349233,13.5577105965663,12.8714141548107,12.2594634885997,11.705097257702,11.192369312544,10.7103369594495,10.2530360597306,9.81813455024421,9.4058098227636,,,,,,,,,,,,,,,,,,,,,
264449.095050068,3842476.04931352,645.272954238643,L4_1,103,645.272954238643,640.219224525173,634.91280832603,629.341071316929,623.490747457374,617.34790740484,610.89792534968,604.125444191762,597.014338975949,589.547678499344,581.707684998909,573.475691823453,564.832098989223,555.756326513282,546.226765413545,536.22072625882,525.714385146359,514.682726978275,503.099485901786,490.937082771474,478.166559484646,464.757510033476,450.678008109748,435.894531089833,420.371880218923,404.073096804467,386.959374219288,368.989965504851,350.122086354691,330.310813247024,309.508976483973,287.669414477938,264.979217008397,241.154509665379,216.13856695521,189.871827109532,162.291750271571,133.332669591712,102.925634877859,70.9982484283146,,,,,,,,,,,,,,,,,,,,,,26.591766223823,21.0036710683041,10.0257215264348,3.71739166658341,1.79091994362357,1.43567393831495,1.66310819871426,2.17325498230702,2.89918862144913,3.94012153308873,5.45832501723219,7.55066818156136,10.167866135925,13.1191332790421,16.1479747816724,19.0120440827422,21.516129196515,23.507822796434,24.8753669794901,25.5636185453719,25.5913986210124,25.0496556030911,24.0776681309236,22.8300143937173,21.4483766503223,20.0450867331933,18.6980659521551,17.4533107383234,16.3308661535029,15.3316650709687,14.4454116265206,13.6596878699252,12.9628094482904,12.3411558312375,11.7779037845986,11.2567788833782,10.7666738782545,10.3016333308327,9.85940733752745,9.44026851404971,,,,,,,,,,,,,,,,,,,,,
264454.462885593,3842479.7260269,645.58970109353,L4_1,109.5,645.58970109353,640.53149228729,635.220373040738,629.643697831858,623.788188862534,617.639904444744,611.184205806065,604.405722235452,597.288314486308,589.815036349707,581.968094306275,573.728805160673,565.07755155779,555.993735274763,546.455728177584,536.440820725547,525.925167900908,514.883732435037,503.290225195872,491.117042594749,478.33520086357,464.914267045832,450.822286537207,436.025707003151,420.489298492392,404.176069556095,387.047179172983,369.061844270715,350.177242623334,330.348410893585,309.528137577347,287.669414477938,264.979217008397,241.154509665379,216.13856695521,189.871827109532,162.291750271571,133.332669591712,102.925634877859,70.9982484283146,,,,,,,,,,,,,,,,,,,,,,20.5120553124006,16.932803667305,8.78538453584836,3.4780342664,1.72786181120266,1.36881512247257,1.53268233691075,1.95002400329692,2.57522770373203,3.50823983975715,4.90470949362034,6.86757376673206,9.3678034166997,12.2365385125522,15.2303240626977,18.1106094967395,20.6806719385226,22.7821693055425,24.2913373428034,25.135385322551,25.3140546477662,24.9031133776767,24.0337420392403,22.8594137532227,21.5254403007541,20.1498543123519,18.8163513343913,17.5757072524936,16.4514137702578,15.44659854057,14.5523083197365,13.7572891340538,13.050988646332,12.4204724969402,11.8489441378644,11.3198582347789,10.8219888655524,10.3494285297335,9.90003826018471,9.47420652625656,,,,,,,,,,,,,,,,,,,,,
264459.417810692,3842483.11991618,645.911491368411,L4_1,115.5,645.911491368411,640.848732150789,635.532834972286,629.951142934857,624.090366295557,617.936550824292,611.475044579464,604.690463022395,597.566652387471,590.086651220802,582.232649995799,573.985948709547,565.326912358981,556.234924190887,546.688336614389,536.664419659066,526.139306855976,515.087938412732,503.484001547326,491.299867838649,478.506527444539,465.073520030723,450.968862246216,436.158971572484,420.608586365066,404.280681897276,387.136382206097,369.134867530359,350.233277120834,330.386607190833,309.547603764332,287.669414477938,264.979217008397,241.154509665379,216.13856695521,189.871827109532,162.291750271571,133.332669591712,102.925634877859,70.9982484283146,,,,,,,,,,,,,,,,,,,,,,17.4840438393177,14.8033862048102,8.18674076504691,3.46750103206056,1.77760527140969,1.3811397497815,1.47663968637965,1.80550083840601,2.33442275374638,3.16317175446713,4.44177337870584,6.27784819447052,8.65943513798325,11.4369171000024,14.3791664848301,17.2527411673897,19.86224102931,22.0471971029994,23.6757725247575,24.6604179692551,24.9827432550667,24.7023485114805,23.9401859845535,22.8463090182691,21.5678211831383,20.2273020539839,18.9136608923332,17.6822952449786,16.5602056023766,15.5528662693343,14.6528434815255,13.8502170595712,13.1357192872573,12.4972281867116,11.9180636614827,11.3814752060876,10.8761695112627,10.3963269638313,9.93994833493965,9.50755916230126,,,,,,,,,,,,,,,,,,,,,
264464.785646216,3842486.79662956,646.238329330855,L4_1,122,646.238329330855,641.170948322891,635.850198264529,630.263410703249,624.397283763905,618.237850477594,611.770445526967,604.979670328809,597.849356370743,590.362526714773,582.501355576006,574.247125880299,565.580184699808,556.479896460292,546.9245938088,536.891526024734,526.356804851464,515.29534761953,503.680817526,491.485560927794,478.680541499677,465.235271100155,451.117737180656,436.294326565182,420.729745418935,404.386935215375,387.226984501637,369.209036252213,350.290190590317,330.425402645326,309.567375303086,287.669414477938,264.979217008397,241.154509665379,216.13856695521,189.871827109532,162.291750271571,133.332669591712,102.925634877859,70.9982484283146,,,,,,,,,,,,,,,,,,,,,,16.972428075034,14.3949071345905,8.25346207034711,3.71849113567326,1.95554918849981,1.47665367358187,1.49161691589348,1.73244372623911,2.16921867499519,2.89906545461972,4.06580756279931,5.77969042213887,8.0424276301931,10.7209058180028,13.5957101376356,16.4400129648476,19.062684906146,21.3049038187234,23.0306069229524,24.1403594736706,24.598674730789,24.4481241721617,23.7973961798049,22.790845893256,21.5755211434135,20.2773647311273,18.9899089257621,17.7729925252011,16.6571730051459,15.6504155668872,14.7469790491771,13.9384454194916,13.2169837406447,12.5714111438856,11.9852545201507,11.441624490959,10.929212118565,10.4423259879407,9.97913563502043,9.54032498057913,,,,,,,,,,,,,,,,,,,,,
264469.740563563,3842490.19052401,646.565167293298,L4_1,128,646.565167293298,641.493164494993,636.167561556772,630.575678471641,624.704201232253,618.539150130895,612.06584647447,605.268877635223,598.132060354014,590.638402208745,582.770061156212,574.508303051052,565.833457040635,556.724868729696,547.160851003211,537.118632390402,526.574302846952,515.502756826329,503.877633504675,491.671254016939,478.854555554816,465.397022169586,451.266612115096,436.42968155788,420.850904472804,404.493188533474,387.317586797178,369.283204974067,350.3471040598,330.46419809982,309.587146841841,287.669414477938,264.979217008397,241.154509665379,216.13856695521,189.871827109532,162.291750271571,133.332669591712,102.925634877859,70.9982484283146,,,,,,,,,,,,,,,,,,,,,,16.5584484700521,14.3614237551583,8.69160153813959,4.11378108246351,2.18727046087967,1.60125511349363,1.538173969369,1.70761613321555,2.07384274432955,2.7265078071023,3.80083742343227,5.40593246820583,7.55279753365586,10.1231462147777,12.911341636318,15.7010131990777,18.3089098281657,20.5808515609733,22.3793174094001,23.5953841221962,24.1778168074469,24.1520383290928,23.6131033314232,22.6977483341424,21.5511601245828,20.3013112496054,19.0455589896387,17.8478182405439,16.7421148881168,15.7389635872912,14.8344360709772,14.0217384487566,13.2945953753909,12.6428708260389,12.0503869279874,11.5001902635436,10.9810139447221,10.4873360653911,10.0175248662828,9.57244256903688,,,,,,,,,,,,,,,,,,,,,
264475.10838229,3842493.86724861,646.892005255741,L4_1,134.5,646.892005255741,641.815380667094,636.484924849015,630.887946240032,625.0111187006,618.840449784197,612.361247421973,605.558084941637,598.414764337286,590.914277702716,583.038766736418,574.769480221805,566.086729381462,556.969840999101,547.397108197622,537.34573875607,526.791800842439,515.710166033127,504.07444948335,491.856947106084,479.028569609954,465.558773239018,451.415487049535,436.565036550578,420.972063526673,404.599441851573,387.408189092718,369.35737369592,350.404017529283,330.502993554313,309.606918380595,287.669414477938,264.979217008397,241.154509665379,216.13856695521,189.871827109532,162.291750271571,133.332669591712,102.925634877859,70.9982484283146,,,,,,,,,,,,,,,,,,,,,,16.3995080502625,14.778203949955,9.52815784823554,4.65912421596928,2.46986402387369,1.75153334593033,1.61355275143303,1.72740336745567,2.04263094753945,2.63776235796426,3.63787449041981,5.14755718844316,7.18264758772679,9.63752258616824,12.3218441384852,15.0332242792135,17.5997942364882,19.8749748230687,21.7225169369574,23.0264032400417,23.7210708395936,23.814801534567,23.3877735881767,22.567267941352,21.4948379480749,20.2991514143499,19.0805770241165,17.9067233975343,16.8149828751288,15.818469578126,14.9151835365447,14.1000741438011,13.3685391795692,12.7115970781128,12.1134539538217,11.5571676511182,11.0315714486399,10.5313545769344,10.0551140444883,9.60391040849969,,,,,,,,,,,,,,,,,,,,,
264480.063291884,3842497.26114823,647.153305602469,L4_1,140.5,647.153305602469,642.072985985834,636.738650388368,631.137598011028,625.256493014822,619.081332768805,612.597414510487,605.789300339253,598.640780459458,591.134834585673,583.253591418198,574.97828609235,566.28921550021,557.165691378462,547.585991050627,537.5273057064,526.965686094962,515.875985502952,504.231799881342,492.005404978651,479.167690330825,465.688089950609,451.534509551381,436.673250132192,421.068927742044,404.684389232388,387.480623797249,369.416670090353,350.449518698113,330.534009736261,309.622725326316,287.669414477938,264.979217008397,241.154509665379,216.13856695521,189.871827109532,162.291750271571,133.332669591712,102.925634877859,70.9982484283146,,,,,,,,,,,,,,,,,,,,,,16.2562530694904,14.7335833187595,9.62546336624883,4.77049075090734,2.546948972922,1.80294410818305,1.65010997598014,1.75202856785298,2.04966756543324,2.61354403870498,3.56087394142091,4.99063420896824,6.92029214681475,9.25533190640039,11.8225058548171,14.4368917785052,16.9409595231689,19.197683968162,21.0737674709063,22.4479413049796,23.2419271262486,23.4475801736792,23.1298018859851,22.4052171536782,21.4102878074521,20.273106348315,19.0961713836074,17.9502782417418,16.8759670217733,15.8889233616766,14.9891256387026,14.173335785377,13.4387046699102,12.7774860379736,12.1743531289594,11.6124567705089,11.0807915168361,10.5742987938907,10.0918318219543,9.63466833125321,,,,,,,,,,,,,,,,,,,,,
264485.43111061,3842500.93787283,647.349020802425,L4_1,147,647.349020802425,642.265933592289,636.928692021646,631.324588372471,625.440279540838,619.261755267623,612.774304780747,605.962481769527,598.810067607746,591.300032737876,583.414496124513,575.134682680481,566.440878564248,557.312384242203,547.727465204056,537.663300214002,527.095926974445,516.00018507291,504.349656076298,492.116600629856,479.271892411092,465.784948781389,451.623657970201,436.754302618454,421.14147949912,404.748015223819,387.534877734753,369.461083371233,350.483599289537,330.557241003757,309.634564803688,287.669414477938,264.979217008397,241.154509665379,216.13856695521,189.871827109532,162.291750271571,133.332669591712,102.925634877859,70.9982484283146,,,,,,,,,,,,,,,,,,,,,,16.1262885303597,14.2133869305433,8.94910115699154,4.42302017518778,2.40777929762845,1.75321339723856,1.6495928247654,1.78450523754379,2.09740069592744,2.65451996027081,3.56816081748991,4.93126112217694,6.76032190841845,8.97070570885212,11.4079659976603,13.9077767168101,16.3295187938426,18.5473859283574,20.432523023051,21.8601516414827,22.7408857048143,23.0509466179262,22.8396736634155,22.2119382220989,21.2977164287588,20.2232813553417,19.0923824813208,17.9784871517108,16.9250550547014,15.9503075036702,15.0562456957582,14.2415098626262,13.505081751609,12.8405302578355,12.2330788767262,11.6660533944443,11.1286708872139,10.6161661587795,10.1276761782062,9.66471475002736,,,,,,,,,,,,,,,,,,,,,
264490.38601245,3842504.33177763,647.544736002381,L4_1,153,647.544736002381,642.458881198744,637.118733654925,631.511578733915,625.624066066854,619.44217776644,612.951195051006,606.1356631998,598.979354756034,591.465230890079,583.575400830827,575.291079268612,566.592541628287,557.459077105945,547.868939357486,537.799294721604,527.226167853928,516.124384642868,504.467512271255,492.227796281061,479.376094491358,465.88180761217,451.712806389022,436.835355104717,421.214031256196,404.81164121525,387.589131672256,369.505496652113,350.517679880962,330.580472271254,309.64640428106,287.669414477938,264.979217008397,241.154509665379,216.13856695521,189.871827109532,162.291750271571,133.332669591712,102.925634877859,70.9982484283146,,,,,,,,,,,,,,,,,,,,,,16.1148284704362,13.9969123784666,8.51211736723508,4.09916832096681,2.24073170474753,1.68177645101857,1.64749629832235,1.8389040690877,2.1867942592831,2.7503444189946,3.63812110451824,4.93825903376739,6.66655901958437,8.74855962953247,11.0494415106974,13.4263229497668,15.7557941966108,17.9232353581739,19.804628863864,21.2729101969262,22.2292791189831,22.6357148507604,22.5265332900967,21.9944989377229,21.1622156365164,20.1531448145805,19.0714559028149,17.992732132912,16.9630547573905,16.0030571091068,15.1167507137807,14.3046708921009,13.5676672442841,12.900682960728,12.2895599341356,11.7178759821392,11.1751277167913,10.6568803618319,10.1625797578811,9.6939924763218,,,,,,,,,,,,,,,,,,,,,
264495.753814374,3842508.00851345,647.740451202337,L4_1,159.5,647.740451202337,642.651828805198,637.308775288203,631.698569095358,625.80785259287,619.622600265258,613.128085321266,606.308844630074,599.148641904322,591.630429042283,583.736305537142,575.447475856743,566.744204692325,557.605769969686,548.010413510915,537.935289229205,527.35640873341,516.248584212825,504.585368466211,492.338991932266,479.480296571624,465.97866644295,451.801954807842,436.916407590979,421.286583013273,404.875267206681,387.643385609759,369.549909932992,350.551760472386,330.60370353875,309.658243758432,287.669414477938,264.979217008397,241.154509665379,216.13856695521,189.871827109532,162.291750271571,133.332669591712,102.925634877859,70.9982484283146,,,,,,,,,,,,,,,,,,,,,,16.2242010786377,14.1398925996296,8.38865099673677,3.85508343814198,2.08076644866614,1.60983544436281,1.65787604695605,1.92613679105258,2.32659992772161,2.90678887561078,3.77285735935092,5.01026862362296,6.63515034401185,8.58383278896021,10.7418134097333,12.9881126826326,15.2164306232962,17.3230162119187,19.188899437274,20.6858326267811,21.7072384435269,22.2022620655338,22.1908065264724,21.7532641604698,21.0040516814498,20.0628691973231,19.0334921477429,17.9930651927854,16.9899887144238,16.0471788095721,15.1706397850503,14.3628149535244,13.6264564691623,12.9579396783855,12.3437922814618,11.7679210571438,11.2201590668263,10.6964389742867,10.1965405948779,9.72249993132517,,,,,,,,,,,,,,,,,,,,,
264500.708708459,3842511.40242343,647.875592630779,L4_1,165.5,647.875592630779,642.785059209156,637.439999116452,631.827686019113,625.934757266906,619.747182077089,613.250228127782,606.428426481009,599.265534751897,591.74449843633,583.847410304985,575.555467767072,566.848928102263,557.707061454214,548.108101473763,538.029193494289,527.446340115842,516.334344068472,504.666748218733,492.415772576508,479.552248152171,466.045547506618,451.863511828786,436.972374367064,421.336680032255,404.919200980705,387.680847976579,369.580577322246,350.575293135196,330.619744738793,309.666418922571,287.669414477938,264.979217008397,241.154509665379,216.13856695521,189.871827109532,162.291750271571,133.332669591712,102.925634877859,70.9982484283146,,,,,,,,,,,,,,,,,,,,,,17.6652216006738,15.2017664227235,8.66726624511191,3.82632598880502,2.04719073076573,1.61885429048218,1.72718677124356,2.06020331804831,2.50349646312295,3.08997843543877,3.92447803593923,5.09213662113439,6.61099682922365,8.42806212323681,10.4474278617659,12.567621873609,14.697292498029,16.742180957564,18.5880922447764,20.106508384103,21.1847955950766,21.7610778233126,21.8420764469236,21.4962087702792,20.8294212410592,19.9570184189285,18.9817153353679,17.9816899333149,17.0073120101642,16.0835957849156,15.2184611593281,14.4162301870977,13.6815670253997,13.0123148387284,12.3957370719976,11.816125050497,11.2636930594971,10.7347716256895,10.2294952609232,9.75018342918934,,,,,,,,,,,,,,,,,,,,,
264506.076510384,3842515.07915924,647.950123680171,L4_1,172,647.950123680171,642.858536320744,637.512369593347,631.898894529579,626.004745712623,619.815889454819,613.317590384125,606.494376359896,599.330001634456,591.807408172743,583.908685037945,575.615025746408,566.906683490293,557.762924121372,548.161976784006,538.080982079771,527.495937640325,516.381640978906,504.711629484416,492.458117415202,479.591929742527,466.082432686218,451.897460777094,437.003240272513,421.364308742704,404.943430636404,387.701508624789,369.597490512594,350.588271494788,330.628591526093,309.670927558962,287.669414477938,264.979217008397,241.154509665379,216.13856695521,189.871827109532,162.291750271571,133.332669591712,102.925634877859,70.9982484283146,,,,,,,,,,,,,,,,,,,,,,20.38642160157,17.0243635364287,9.18784509244636,3.9435043966433,2.11392663331297,1.69864930893785,1.85056964967647,2.23603315335159,2.70995531026109,3.29053032236875,4.08321213990373,5.17489832711537,6.58658548410001,8.27529941706735,10.1616875217738,12.1613201536622,14.1957166436596,16.1788358098278,18.0010243650507,19.534375426451,20.6618612547691,21.3123640826579,21.4806696853783,21.2236666836509,20.6386039109372,19.8357990977621,18.9162646792133,17.9586931492941,17.0150748992838,16.112334737508,15.2602274305753,14.4649213036137,13.7329994268176,13.0638068451768,12.4453918075739,11.8624852374195,11.3057271086186,10.7718760062093,10.2614417934594,9.77704136140815,,,,,,,,,,,,,,,,,,,,,
264511.031396715,3842518.4730744,648.024654729563,L4_1,178,648.024654729563,642.932013432333,637.584740070241,631.970103040045,626.07473415834,619.884596832548,613.384952640468,606.560326238783,599.394468517014,591.870317909157,583.969959770906,575.674583725743,566.964438878323,557.818786788531,548.215852094249,538.132770665253,527.545535164808,516.42893788934,504.756510750099,492.500462253896,479.631611332883,466.119317865819,451.931409725401,437.034106177963,421.391937453153,404.967660292103,387.722169273,369.614403702942,350.601249854381,330.637438313392,309.675436195353,287.669414477938,264.979217008397,241.154509665379,216.13856695521,189.871827109532,162.291750271571,133.332669591712,102.925634877859,70.9982484283146,,,,,,,,,,,,,,,,,,,,,,20.6785258459171,16.837050706209,8.99640544880446,4.0153874653386,2.21389990209589,1.78004270516595,1.93212161952768,2.33642887960585,2.82619559599672,3.40068562704581,4.15874194451694,5.18619075633038,6.50650371196118,8.08542125881121,9.85757033501776,11.7528717701744,13.7038176684194,15.6316864416297,17.4314295862438,18.9767067180459,20.1477479062722,20.8660604976492,21.1160259974066,20.9438649895552,20.4383033498086,19.7043975017155,18.8409932171795,17.9268409638447,17.0152017508757,16.1346854878261,15.2967513055775,14.5093478691148,13.7809693273313,13.1124814991119,12.4927425949385,11.9069520012945,11.346198673789,10.8076884107711,10.2923214073641,9.8030224056806,,,,,,,,,,,,,,,,,,,,,
264516.399181842,3842522.14982142,648.099185778955,L4_1,184.5,648.099185778955,643.005490543921,637.657110547136,632.041311550512,626.144722604056,619.953304210278,613.452314896811,606.62627611767,599.458935399572,591.93322764557,584.031234503867,575.734141705079,567.022194266352,557.874649455689,548.269727404492,538.184559250735,527.595132689291,516.476234799774,504.801392015782,492.54280709259,479.671292923238,466.156203045419,451.965358673709,437.064972083413,421.419566163603,404.991889947802,387.742829921211,369.63131689329,350.614228213973,330.646285100691,309.679944831744,287.669414477938,264.979217008397,241.154509665379,216.13856695521,189.871827109532,162.291750271571,133.332669591712,102.925634877859,70.9982484283146,,,,,,,,,,,,,,,,,,,,,,18.3177988153664,14.3783439671809,7.8908476922808,3.96133917568173,2.3118396847044,1.82708716499965,1.9265633979137,2.31150243904652,2.80719297479061,3.38651563848343,4.12887520186824,5.11312602288585,6.36405732854266,7.8552322081372,9.53348331004359,11.3412202418913,13.2206537140948,15.0998625237169,16.8786121304953,18.4330767298369,19.6423191065225,20.4222620319418,20.7483763102935,20.6570795097041,20.2287779435425,19.5630241234629,18.7560566785425,17.8862405656855,17.0077619983445,16.1506904578615,15.328057086916,14.5495225541935,13.8254821906131,13.1583401057595,12.5377885023143,11.9495233945485,11.3851055080071,10.8422066788542,10.3221322142249,9.82812498651312,,,,,,,,,,,,,,,,,,,,,
264521.354060421,3842525.54374175,648.22949269146,L4_1,190.5,648.22949269146,643.133954796458,637.783640006706,632.165809477466,626.267087421764,620.073429263277,613.570088196866,606.741580077134,599.571646551416,592.043216349412,584.138364637307,575.838270339597,567.123171327002,557.972317363777,548.363920702391,538.275104207935,527.681846888756,516.558926703619,504.879860509225,492.616841005111,479.740670525792,466.220691522506,452.024713569056,437.118936717934,421.467871024255,405.034252045893,387.778952118612,369.660887194968,350.636919025141,330.661752446823,309.687827539589,287.669414477938,264.979217008397,241.154509665379,216.13856695521,189.871827109532,162.291750271571,133.332669591712,102.925634877859,70.9982484283146,,,,,,,,,,,,,,,,,,,,,,14.4370253370604,11.7647792561697,7.45251018304314,4.34050795089382,2.54471994432118,1.83309867736821,1.79146040184576,2.11335090690393,2.60765393726997,3.21120044918907,3.96838317871795,4.94130032670821,6.15289669136473,7.58355226433676,9.19129958149659,10.9300518741319,12.75116749954,14.589434411799,16.3497792626437,17.9117262075633,19.1544855056548,19.9899761935965,20.3862124930141,20.3708064067361,20.0162780561911,19.4166383488738,18.665230310095,17.839670136391,16.9947392988427,16.161711179882,15.3550195589134,14.5859507278756,13.8667820966998,13.2014664021144,12.5805291322372,11.9901591456684,11.4223917594713,10.8753725812131,10.3508196150559,9.85230115209341,,,,,,,,,,,,,,,,,,,,,
264526.721845548,3842529.22048878,648.415602432413,L4_1,197,648.415602432413,643.317432773962,637.964354632589,632.343622584147,626.441853933283,620.244996849875,613.738296912298,606.906261977841,599.732625296662,592.200306781424,584.291372340423,575.986991177373,567.26739095617,558.111810723907,548.498451480031,538.404424273961,527.805695707588,516.677030712896,504.991932468469,492.722579311822,479.839758497341,466.312796642137,452.109486694172,437.196011248809,421.536862031178,405.094755352666,387.830543340228,369.703120727168,350.669326983455,330.683843552556,309.699085950112,287.669414477938,264.979217008397,241.154509665379,216.13856695521,189.871827109532,162.291750271571,133.332669591712,102.925634877859,70.9982484283146,,,,,,,,,,,,,,,,,,,,,,9.63848760068264,9.40794191065054,8.10382100977397,5.44521518908475,3.00925994029436,1.83247579486285,1.56719139174213,1.78480135193443,2.26013919715115,2.89491750946182,3.68936622649601,4.67883665466674,5.87906675666808,7.2748268962248,8.83394444314871,10.5209433671271,12.2959172718895,14.1003347186147,15.8445942770629,17.4123085430646,18.6840310435431,19.5691523482504,20.0296158745394,20.0851997747561,19.8009769268694,19.2653979136942,18.5686408543468,17.7872231095006,16.9761981380801,16.1677897140465,15.3776645891976,14.6186470258588,13.9048762158702,13.241862906426,12.620964369467,12.0288578383598,11.4580555137295,10.9071841293415,10.3783817661985,9.87554933405662,,,,,,,,,,,,,,,,,,,,,
264531.676438728,3842532.61438932,648.601712173366,L4_1,203,648.601712173366,643.500910751466,638.145069258472,632.521435690828,626.616620444801,620.416564436474,613.90650562773,607.070943878548,599.893604041908,592.357397213436,584.44438004354,576.135712015149,567.411610585339,558.251304084038,548.632982257672,538.533744339988,527.92954452642,516.795134722173,505.104004427714,492.828317618532,479.938846468891,466.404901761768,452.194259819288,437.273085779685,421.605853038102,405.155258659439,387.882134561843,369.745354259368,350.701734941768,330.705934658289,309.710344360636,287.669414477938,264.979217008397,241.154509665379,216.13856695521,189.871827109532,162.291750271571,133.332669591712,102.925634877859,70.9982484283146,,,,,,,,,,,,,,,,,,,,,,7.0263430948336,8.59536312863759,10.3568513016648,7.56651642051406,3.71805944319371,1.86836254956671,1.37611716090225,1.49435370477043,1.93199875565655,2.57483836581418,3.39462495103903,4.40061291027779,5.59669768991336,6.96801828513216,8.48944612004024,10.1342342292011,11.8700108298271,13.6442950025125,15.3727865054459,16.9434678089643,18.2389843265141,19.1672932696652,19.6854286897135,19.8062464690866,19.5878715928515,19.1132968867509,18.4693598377159,17.7311781754851,16.9537703191022,16.1700499996446,15.3967206375151,14.6480372472241,13.9399765455329,13.2796074462762,12.6590981108076,12.0655860663726,11.4920475542977,10.93758781578,10.4047678826149,9.89782485286308,,,,,,,,,,,,,,,,,,,,,
264537.043605491,3842536.29109348,648.787821914318,L4_1,209.5,648.787821914318,643.68438872897,638.325783884355,632.699248797508,626.79138695632,620.588132023072,614.074714343161,607.235625779255,600.054582787154,592.514487645448,584.597387746656,576.284432852925,567.555830214507,558.390797444169,548.767513035313,538.663064406015,528.053393345252,516.91323873145,505.216076386959,492.934055925242,480.037934440441,466.497006881399,452.279032944405,437.350160310561,421.674844045025,405.215761966212,387.933725783459,369.787587791568,350.734142900082,330.728025764022,309.721602771159,287.669414477938,264.979217008397,241.154509665379,216.13856695521,189.871827109532,162.291750271571,133.332669591712,102.925634877859,70.9982484283146,,,,,,,,,,,,,,,,,,,,,,5.87686042443058,9.04746412520885,14.7997742475485,11.0706556731062,4.69206169235659,1.94228310777931,1.23015842111543,1.26079318076292,1.64858787175836,2.27686819063688,3.10518926956187,4.12168614216401,5.31596647395321,6.66970710222178,8.16176815434232,9.77202404410878,11.4742981736701,13.2214135650758,14.9340868647506,16.5048390691417,17.8190469532514,18.7842336334272,19.3536157073862,19.5340026049953,19.3770636572754,18.9604462097647,18.3674862823899,17.671613741481,16.9275129361362,16.1685310234122,15.4122128268378,14.674136515894,13.9720912693461,13.3147035650779,12.6949310326501,12.1003429228547,11.5243662454097,10.9665817998861,10.4299761797461,9.9191261428243,,,,,,,,,,,,,,,,,,,,,
264541.997913272,3842539.68497425,649.037334499435,L4_1,215.5,649.037334499435,643.930372975924,638.568063376238,632.937638296567,627.025691962912,620.818148312575,614.300227479721,607.456410605224,600.270402887003,592.72509478287,584.802521273531,576.483819088725,567.749181794678,558.57781263593,548.947875019243,538.836440521723,528.219434299326,517.07157776581,505.366328405617,493.075816577416,480.170779157804,466.620489867211,452.392686112089,437.453492169211,421.767338529188,405.296877207165,388.00289281904,369.84420921151,350.777591423602,330.7576427463,309.736696635132,287.669414477938,264.979217008397,241.154509665379,216.13856695521,189.871827109532,162.291750271571,133.332669591712,102.925634877859,70.9982484283146,,,,,,,,,,,,,,,,,,,,,,4.86278108203293,8.24488191734203,15.6023764388072,12.3061789674411,5.10552868485944,1.96764614121789,1.14907488489158,1.12878507319525,1.47718408493817,2.08214637030101,2.90156841228681,3.91186508196868,5.09232073126886,6.42153719382845,7.88115913115375,9.45592292258279,11.1241956212277,12.8428851284407,14.5369895334033,16.1033115940719,17.4301889492078,18.4253444532494,19.0390078527154,19.2726963922911,19.1721026729747,18.8096910217086,18.2651981980949,17.610130645911,16.8985570704748,16.1639950281444,15.4246263411035,14.697226683853,14.0013612108674,13.3472015237279,12.7284599100683,12.1330969957551,11.5549662349302,10.9941171504724,10.4539601801861,9.93941215174408,,,,,,,,,,,,,,,,,,,,,
264547.365080035,3842543.36167841,649.350272917693,L4_1,222,649.350272917693,644.23888615622,638.871930056673,633.236626152148,627.319557052398,621.106634497659,614.583065815184,607.733318698585,600.541084226156,592.989238030106,585.059799524253,576.733889093108,567.991683140405,558.812366890067,549.174084827212,539.053888661214,528.427682686917,517.270166413905,505.554774327242,493.253612636246,480.3373928607,466.775362096377,452.535229793837,437.583090876171,421.883345012622,405.398611855894,388.089642041331,369.915223736039,350.832084515483,330.794788333899,309.755627343236,287.669414477938,264.979217008397,241.154509665379,216.13856695521,189.871827109532,162.291750271571,133.332669591712,102.925634877859,70.9982484283146,,,,,,,,,,,,,,,,,,,,,,3.96950535953981,6.29280636928232,11.8055584279613,10.5124191230794,4.80787595195237,1.92914194176536,1.12116776257185,1.08126494743241,1.4028336134295,1.98264304169045,2.78181876478973,3.77232246527967,4.92779880459708,6.22531091012909,7.6488095164819,9.18648747185681,10.8197530149345,12.5084278156521,14.18105472107,15.7384332567233,17.0720450841638,18.090392721475,18.7415025203958,19.022324585459,18.9730445532926,18.6611113893401,18.1625763945364,17.5467982222454,16.8669564348482,16.156480621052,15.4339872446337,14.7173241646139,14.0277957060831,13.377105799345,12.7596861249685,12.163847863553,11.5838461701927,11.020192186627,10.4767182191642,9.95868136499699,,,,,,,,,,,,,,,,,,,,,
264552.319656007,3842546.75552275,649.663211335952,L4_1,228,649.663211335952,644.547399336516,639.175796737108,633.53561400773,627.613422141883,621.395120682743,614.865904150647,608.010226791946,600.811765565309,593.253381277341,585.317077774975,576.98395909749,568.234184486131,559.046921144204,549.400294635181,539.271336800706,528.635931074508,517.468755062,505.743220248866,493.431408695076,480.504006563596,466.930234325542,452.677773475586,437.712689583132,421.999351496055,405.500346504624,388.176391263622,369.986238260569,350.886577607364,330.831933921499,309.77455805134,287.669414477938,264.979217008397,241.154509665379,216.13856695521,189.871827109532,162.291750271571,133.332669591712,102.925634877859,70.9982484283146,,,,,,,,,,,,,,,,,,,,,,3.91191289884423,5.50548234086496,9.14159421519431,8.46309100828623,4.23259070529169,1.85026309180301,1.1312569751332,1.10041720738575,1.41387696120849,1.97871240160336,2.75748945091012,3.72057190028537,4.84082254378162,6.09740940595392,7.47795898954773,8.97379546741341,10.5683772269989,12.223458684746,13.870399734698,15.413600012182,16.7476771114201,17.7822810832483,18.4638430715071,18.7853836980929,18.7820467201903,18.5164637535043,18.0609688565616,17.4825877292516,16.8333669410703,16.1464044000043,15.4405464127416,14.7345745969178,14.0514717428217,13.4044458591493,12.7886029769121,12.1925650198823,11.6109646254587,11.0447623778952,10.4982075563022,9.97689567463178,,,,,,,,,,,,,,,,,,,,,
264557.687403849,3842550.432148,649.97614975421,L4_1,234.5,649.97614975421,644.855912516811,639.479663417543,633.834601863311,627.907287231368,621.683606867827,615.14874248611,608.287134885306,601.082446904463,593.517524524577,585.574356025697,577.234029101873,568.476685831857,559.281475398341,549.626504443149,539.488784940198,528.844179462099,517.667343710095,505.93166617049,493.609204753906,480.670620266492,467.085106554708,452.820317157334,437.842288290092,422.115357979488,405.602081153353,388.263140485912,370.057252785099,350.941070699245,330.869079509098,309.793488759444,287.669414477938,264.979217008397,241.154509665379,216.13856695521,189.871827109532,162.291750271571,133.332669591712,102.925634877859,70.9982484283146,,,,,,,,,,,,,,,,,,,,,,4.73283537792654,5.77420308653276,7.64837468032067,6.57865729138496,3.52904364719237,1.7524205200806,1.18207464497654,1.18626054207678,1.50843154825543,2.0673146754185,2.82551374977137,3.75408002570524,4.82942886436324,6.03631694200652,7.36740857876452,8.81685320952101,10.3692004006698,11.9871979150894,13.6043336159814,15.1282339014599,16.4566463858795,17.5007208288898,18.2058782545721,18.5618289843767,18.5991329948493,18.3758062231607,17.9604430291811,17.4175612843076,16.7978388763079,16.1338036632466,15.4443296240838,14.7489946083514,14.072399165563,13.4292267652001,12.8152123379331,12.2192484032717,11.6363205212002,11.0678262021415,10.5184266109646,9.99405367093528,,,,,,,,,,,,,,,,,,,,,
264562.642248012,3842553.82595592,650.305545583691,L4_1,240.5,650.305545583691,645.180650385351,639.799510427094,634.149313470924,628.216606666946,621.987264522769,615.446455271383,608.578605557428,601.367363357775,593.79555904814,585.845164523022,577.497250271649,568.731940307707,559.528364845568,549.864610610322,539.717668663314,529.063379618955,517.876376122378,506.130022450973,493.796351095997,480.845996173273,467.248123504412,452.970357202108,437.978702584689,422.237465236399,405.709166020695,388.354451844205,370.132001958891,350.998429579311,330.908178580752,309.813415032265,287.669414477938,264.979217008397,241.154509665379,216.13856695521,189.871827109532,162.291750271571,133.332669591712,102.925634877859,70.9982484283146,,,,,,,,,,,,,,,,,,,,,,6.60055262386258,7.09809913571548,7.34364906255546,5.48299882866121,3.0201519760195,1.68323576867847,1.26291922141723,1.32129329439327,1.66728986799806,2.22813560949501,2.96622942034669,3.85583984781242,4.88041545238193,6.03260202632946,7.31068295664757,8.71118399049733,10.2190374029948,11.7973661556259,13.3813284771409,14.88151161064,16.1987861774119,17.2460989261629,17.9683860970831,18.352632067854,18.4252848681696,18.2400021874629,17.8616766414539,17.3521973131251,16.7606711079342,16.118840908266,15.4454162678147,14.7606238259507,14.090600633893,13.451453979249,12.8395006186589,12.243868987898,11.6598757614355,11.0893428893418,10.5373364702255,10.0101210546011,,,,,,,,,,,,,,,,,,,,,
264568.009995854,3842557.50258116,650.651402802605,L4_1,247,650.651402802605,645.521616864089,640.135341628648,634.479752631434,628.54138418436,622.306097314932,615.759046102033,608.884642328488,601.666518366267,594.087488205934,586.129506537585,577.773625785818,568.999950996463,559.787592467641,550.114616012377,539.95799073435,529.293534192421,518.095854823396,506.33829148592,493.99284998157,481.030136402003,467.419287143457,453.127895421984,438.121934114438,422.365674741514,405.821602399943,388.450326441295,370.210486684713,351.058654940303,330.949231608672,309.83433711046,287.669414477938,264.979217008397,241.154509665379,216.13856695521,189.871827109532,162.291750271571,133.332669591712,102.925634877859,70.9982484283146,,,,,,,,,,,,,,,,,,,,,,9.98270200497574,9.76417410768018,8.00250108207204,4.93027877988651,2.65570972985284,1.63721428027712,1.37398490168117,1.50992394608398,1.89539533537488,2.4637160195054,3.17944407267457,4.02396605680531,4.99130789400482,6.08388337390266,7.30577437330581,8.65519129022032,10.1166380244073,11.6529776650417,13.2006029360986,14.6728249148112,15.9736489191535,17.0181186608831,17.7512024541372,18.1577325730069,18.2605118353437,18.1090992723797,17.7647310050327,17.2865553289879,16.7219136014649,16.1015541601749,15.4438331219975,14.7694798516085,14.1060868313288,13.4711332204584,12.8614702130573,12.2664270912885,11.6816294858598,11.1093110646158,10.5549356354074,10.0250964216005,,,,,,,,,,,,,,,,,,,,,
264572.964560197,3842560.89643326,650.997260021518,L4_1,253,650.997260021518,645.862583342827,640.471172830201,634.810191791943,628.866161701773,622.624930107094,616.071636932682,609.190679099548,601.965673374758,594.379417363729,586.413848552148,578.050001299988,569.26796168522,560.046820089713,550.364621414432,540.198312805386,529.523688765888,518.315333524415,506.546560520868,494.189348867144,481.214276630734,467.590450782503,453.28543364186,438.265165644186,422.493884246628,405.934038779192,388.546201038384,370.288971410536,351.118880301295,330.990284636593,309.855259188655,287.669414477938,264.979217008397,241.154509665379,216.13856695521,189.871827109532,162.291750271571,133.332669591712,102.925634877859,70.9982484283146,,,,,,,,,,,,,,,,,,,,,,14.6978641959427,13.1666334661804,8.79429551390693,4.57758957270264,2.40441945004678,1.61887499519167,1.50127096952407,1.72543935227098,2.1573712814503,2.73284591472553,3.42252485526604,4.21911533321637,5.12902714592322,6.16403550162251,7.33271165668725,8.63378604847259,10.0506414871622,11.5455344536564,13.0559154027618,14.4977567010013,15.7783033834602,16.8150258948713,17.5534492630178,17.9768422366985,18.1048643862039,17.9832901640053,17.6698092171588,17.2207789302341,16.6816304423623,16.0819440400395,15.4395536646767,14.775542434445,14.1188510987641,13.4882600863537,12.8811061653564,12.2868958403245,11.7015477060723,11.127694744455,10.5711899492644,10.038949192174,,,,,,,,,,,,,,,,,,,,,
264578.331701764,3842564.57315424,651.343117240432,L4_1,259.5,651.343117240432,646.203549821565,640.807004031754,635.140630952453,629.190939219187,622.943762899257,616.384227763331,609.496715870608,602.26482838325,594.671346521523,586.698190566711,578.326376814157,569.535972373976,560.306047711786,550.614626816486,540.438634876422,529.753843339354,518.534812225433,506.754829555815,494.385847752717,481.398416859464,467.761614421548,453.442971861737,438.408397173935,422.622093751742,406.046475158441,388.642075635474,370.367456136358,351.179105662287,331.031337664513,309.876181266849,287.669414477938,264.979217008397,241.154509665379,216.13856695521,189.871827109532,162.291750271571,133.332669591712,102.925634877859,70.9982484283146,,,,,,,,,,,,,,,,,,,,,,21.2273325457291,17.4805618667569,9.76039429658467,4.40438658203063,2.24440590842722,1.61838459232072,1.6342650920461,1.95733299186989,2.44375297655337,3.02713000808758,3.68843897433908,4.43579965487119,5.28948910637142,6.2700747116254,7.38931642839339,8.64536591088524,10.0198526799828,11.4741278608435,12.9465642458864,14.3557677550865,15.6123515318825,16.6365515756074,17.3749716411631,17.8098984086338,17.9583448733402,17.8626151729499,17.5769674249094,17.1549249682582,16.6398707569503,16.0600486585646,15.4326051145807,14.7788296254602,14.1289045061324,13.5028406948142,12.8984112149233,12.3052758116578,11.7196297797793,11.1444927169352,10.5860980383047,10.0516780820376,,,,,,,,,,,,,,,,,,,,,
264583.285986288,3842567.96705053,651.661882787048,L4_1,265.5,651.661882787048,646.517807729247,641.116528918556,635.44518616733,629.490276278543,623.237620895316,616.672332742929,609.778780182922,602.540549994914,594.940408297506,586.960259515228,578.581103293836,569.782989261374,560.54496952729,550.845048806501,540.660132049672,529.965969455002,518.737098730599,506.946784469975,494.56695449632,481.568133023983,467.919370478028,453.588169804776,438.540409097862,422.740260355601,406.150104176228,388.730440187886,370.439793000126,351.234613452979,331.069174928475,309.895464477745,287.669414477938,264.979217008397,241.154509665379,216.13856695521,189.871827109532,162.291750271571,133.332669591712,102.925634877859,70.9982484283146,,,,,,,,,,,,,,,,,,,,,,24.9729987910903,20.3585651794168,10.6341058197494,4.3637538355852,2.16220151368885,1.63363332573989,1.75227855328282,2.16052814890226,2.69436216816177,3.28327560857302,3.91924255434449,4.62531593307161,5.43369517608242,6.37143782292674,7.4517668579839,8.67135641759984,10.0097924401913,11.4275269949028,12.8639431175611,14.240407214041,15.4711273877096,16.4794902540569,17.2137110743615,17.6556842875091,17.8203000862786,17.7467587151686,17.4860609504452,17.0889110969956,16.5965595996947,16.0357852448011,15.4229138051274,14.7792961030514,14.1362275843694,13.5148643082256,12.9133701142577,12.3215432288339,11.7358464617795,11.1596742240212,10.5996301823373,10.0632564332777,,,,,,,,,,,,,,,,,,,,,
264588.653127855,3842571.64377151,651.953553386419,L4_1,272,651.953553386419,646.805353837237,641.399744310596,635.723854307623,629.764169804501,623.506501076223,616.935948911531,610.036869138604,602.792835377031,595.18659992738,587.200052705246,578.814178122005,570.009009809602,560.763583081579,551.055885017155,540.86280204951,530.160064933482,518.922190961654,507.122423291233,494.732667237292,481.723423380653,468.063717331183,453.721025979239,438.661200059698,422.84838284418,406.244924767886,388.811293787777,370.505981258663,351.285403103093,331.103796039744,309.913108623229,287.669414477938,264.979217008397,241.154509665379,216.13856695521,189.871827109532,162.291750271571,133.332669591712,102.925634877859,70.9982484283146,,,,,,,,,,,,,,,,,,,,,,25.5150130860202,21.4993332181213,11.3259368168442,4.42279647068082,2.14372042509264,1.6589945677167,1.84541134489514,2.31973927338676,2.89339271764884,3.48860769671138,4.10624371173293,4.78215957713921,5.5582107586269,6.4659155484161,7.51857136495544,8.71070232025031,10.0196813061497,11.4051312326374,12.8075732344079,14.1512904798499,15.3543323402676,16.3436288989541,17.0695374526803,17.5141423249319,17.6907276661764,17.6357534232189,17.3971389291142,17.0227891027488,16.5517429662531,16.0091902380479,15.4105061381221,14.7769596401614,14.1408314961437,13.524337297207,12.9259858915295,12.3356989533471,11.7501973540091,11.1732382316507,10.6117851478266,10.0736830492086,,,,,,,,,,,,,,,,,,,,,
264593.607128683,3842575.03771457,652.24522398579,L4_1,278,652.24522398579,647.092899945227,641.682959702636,636.002522447915,630.038063330458,623.775381257129,617.199565080133,610.294958094287,603.045120759149,595.432791557253,587.439845895263,579.047252950174,570.23503035783,560.982196635869,551.26672122781,541.065472049348,530.354160411963,519.107283192708,507.298062112491,494.898379978263,481.878713737324,468.208064184337,453.853882153702,438.781991021534,422.956505332758,406.339745359544,388.892147387668,370.572169517199,351.336192753206,331.138417151014,309.930752768712,287.669414477938,264.979217008397,241.154509665379,216.13856695521,189.871827109532,162.291750271571,133.332669591712,102.925634877859,70.9982484283146,,,,,,,,,,,,,,,,,,,,,,28.1820296967902,23.3342630155483,11.8326084167098,4.46513043355832,2.14096739734877,1.68106283724762,1.90671530489931,2.41897541772324,3.01421441311387,3.61162310347887,4.21858907846948,4.87884360547715,5.63943710789467,6.53340409858939,7.57260541878085,8.74885564914227,10.0372485248356,11.3967025160928,12.7690485997976,14.0816771881467,15.2567381121358,16.2250857529931,16.9397209354618,17.3834697522781,17.5685160357043,17.5289563087733,17.309843740159,16.9563534012527,16.5052837565337,15.9801614295075,15.3953073224514,14.7717750853452,14.1426979262124,13.5312501977807,12.9362441891528,12.3477223977888,11.762657015382,11.1851576102403,10.622537044802,10.0829352700645,,,,,,,,,,,,,,,,,,,,,
264598.973655578,3842578.71453688,652.536894585162,L4_1,284.5,652.536894585162,647.380446053218,641.966175094676,636.281190588208,630.311956856416,624.044261438035,617.463181248735,610.553047049969,603.297406141266,595.678983187127,587.679639085281,579.280327778343,570.461050906058,561.200810190159,551.477557438465,541.268142049186,530.548255890443,519.292375423763,507.473700933749,495.064092719235,482.034004093994,468.352411037492,453.986738328164,438.90278198337,423.064627821337,406.434565951201,388.973000987559,370.638357775735,351.38698240332,331.173038262284,309.948396914196,287.669414477938,264.979217008397,241.154509665379,216.13856695521,189.871827109532,162.291750271571,133.332669591712,102.925634877859,70.9982484283146,,,,,,,,,,,,,,,,,,,,,,34.2037569594231,26.4351200387807,12.2401093145179,4.50118490716997,2.15702890649549,1.70540543269771,1.94340093059717,2.46529424480836,3.06298623917682,3.65718644143037,4.25962237295136,4.91733994752472,5.67836070687506,6.57429263036746,7.61394312689156,8.7857438520672,10.0623587971933,11.4020777035683,12.7481932479318,14.0313911757664,15.1781841676844,16.1237324739752,16.8241769186885,17.2636282993524,17.4536668415021,17.4263969092931,17.2242195610305,16.8896515554471,16.4572253002284,15.9487339235954,15.3773431982062,14.7637599637716,14.1418378955012,13.5356093434451,12.9441480952471,12.3576145469254,11.7732251635496,11.1954314374037,10.6318847340372,10.0910119704663,,,,,,,,,,,,,,,,,,,,,
264603.927372711,3842582.10852671,652.773487236108,L4_1,290.5,652.773487236108,647.61369306579,642.195909186957,636.507236114182,630.534129387768,624.262367325034,617.677017159163,610.762399484999,603.502050927126,595.878684941359,587.874150656305,579.469389656997,570.644390607724,561.378141605988,551.648580154164,541.43254062975,530.705699129115,519.442515553448,507.616172798997,495.198512906824,482.159970020043,468.469499988922,454.094506456246,439.000763246935,423.152332877159,406.511480988895,389.038586506217,370.692047299405,351.428181132252,331.201121656742,309.962709207456,287.669414477938,264.979217008397,241.154509665379,216.13856695521,189.871827109532,162.291750271571,133.332669591712,102.925634877859,70.9982484283146,,,,,,,,,,,,,,,,,,,,,,33.1470295299336,25.7531526888679,12.0757655660714,4.50048848432684,2.17790147798846,1.72831651090967,1.96435180416199,2.47805939075033,3.0628854286343,3.64595356575141,4.24420399957794,4.90604266269121,5.67768993060654,6.58699388713905,7.63816399674919,8.81534981026936,10.0883147602377,11.4145109262067,12.7386390917419,13.9947370124258,15.1138441228235,16.0357094826792,16.7200061323658,17.1525851771584,17.3448545896256,17.3272729755232,17.1398156039133,16.8224453024237,16.4074453277855,15.9148373854119,15.3565702105116,14.7528945964197,14.1382457932908,13.5374117215335,12.9496890890177,12.3653591927597,11.7818814374015,11.2040381219325,10.6398078296216,10.0978950153738,,,,,,,,,,,,,,,,,,,,,
264609.293899605,3842585.78534903,652.955001935612,L4_1,297,652.955001935612,647.792640979971,642.372161976549,636.680659022956,630.704580921682,624.429698915346,617.841072808692,610.923015396705,603.65905511412,596.031896817405,588.023380605854,579.614438583726,570.785049460491,561.514190881095,551.779789372728,541.558667788944,530.82649012597,519.557703579848,507.725477706419,495.301640539319,482.256611513864,468.559331037136,454.177186536572,439.07593481098,423.219620499108,406.570490471642,389.088903942803,370.733238087523,351.459788939478,331.222667334031,309.973689648311,287.669414477938,264.979217008397,241.154509665379,216.13856695521,189.871827109532,162.291750271571,133.332669591712,102.925634877859,70.9982484283146,,,,,,,,,,,,,,,,,,,,,,25.7327744834315,21.6984704446792,11.4731807555303,4.50925766028793,2.22130032554446,1.76010611737024,1.9792616492522,2.46829381217234,3.0256074787388,3.5885619824541,4.18070011892028,4.85082355316391,5.64121399697979,6.57381159018525,7.64661377235937,8.83843828799369,10.1155361346818,11.4342126781809,12.7404649692271,13.9717115172552,15.0636707718827,15.9609567211955,16.6271587586393,17.0503137401044,17.2420787620651,17.2316054795175,17.0566659529156,16.7547732466099,16.3559803254272,15.8785022508316,15.3330113206327,14.7391949715777,14.1319319726911,13.5366634477532,12.9528702619032,12.3709573934571,11.7886256776678,11.2109768760657,10.6463052842458,10.1035833478493,,,,,,,,,,,,,,,,,,,,,
264614.248156993,3842589.17926343,653.136516635116,L4_1,303,653.136516635116,647.971588894153,642.548414766141,636.854081931729,630.875032455596,624.597030505657,618.005128458221,611.083631308412,603.816059301114,596.18510869345,588.172610555404,579.759487510455,570.925708313258,561.650240156202,551.910998591293,541.684794948138,530.947281122826,519.672891606248,507.834782613841,495.404768171814,482.353253007685,468.64916208535,454.259866616899,439.151106375024,423.286908121056,406.62949995439,389.13922137939,370.774428875641,351.491396746703,331.244213011319,309.984670089166,287.669414477938,264.979217008397,241.154509665379,216.13856695521,189.871827109532,162.291750271571,133.332669591712,102.925634877859,70.9982484283146,,,,,,,,,,,,,,,,,,,,,,24.6863318586751,21.0610389415278,11.4351078112097,4.60383710721937,2.29274005105664,1.81008949490904,2.00959120241214,2.47005045835674,2.99265830530279,3.52687131486447,4.10570563523423,4.78006566602871,5.58859754377443,6.54674564565759,7.64530572281021,8.85671669959754,10.1428361794753,11.458205003064,12.7497510703901,13.9581050051296,15.0236518536788,15.8959944607253,16.542866622835,16.9547857385288,17.1439775829056,17.1385657173995,16.9743235821181,16.6864337217427,16.3027640324318,15.8397275684807,15.3066895924281,14.7226862388956,14.1229150753121,13.5333726573795,12.9536903283558,12.3744003676524,11.7934441140617,11.216232009589,10.6513611643086,10.1080623363069,,,,,,,,,,,,,,,,,,,,,
264619.615854439,3842592.85592232,653.318031334621,L4_1,309.5,653.318031334621,648.150536808334,642.724667555733,637.027504840503,631.04548398951,624.764362095968,618.169184107749,611.244247220119,603.973063488108,596.338320569496,588.321840504953,579.904536437183,571.066367166025,561.786289431309,552.042207809857,541.810922107332,531.068072119681,519.788079632648,507.944087521263,495.507895804309,482.449894501506,468.738993133564,454.342546697225,439.226277939069,423.354195743005,406.688509437138,389.189538815977,370.815619663759,351.523004553929,331.265758688608,309.995650530021,287.669414477938,264.979217008397,241.154509665379,216.13856695521,189.871827109532,162.291750271571,133.332669591712,102.925634877859,70.9982484283146,,,,,,,,,,,,,,,,,,,,,,29.9562747061442,23.8844204974769,11.9659648097751,4.77054904437919,2.38568291407846,1.87645302353191,2.05626593812194,2.4861640324471,2.96803780026673,3.46528806666271,4.02343014674644,4.69738026506357,5.52267028148975,6.50785560878517,7.6356591780788,8.8711274256862,10.1708221737934,11.4868633911928,12.7667116532934,13.9540206200709,14.9938189009269,15.8408155479001,16.4671100086254,16.8659866434025,17.0505503442228,17.0481677522968,16.8928134379986,16.6174568718715,16.2478264384195,15.7985393993555,15.2776253838043,14.7033828960462,14.1112046117993,13.5275450705592,12.952152238761,12.3756892137689,11.7963367064358,11.2198028553974,10.6549745662966,10.1113310450463,,,,,,,,,,,,,,,,,,,,,
264624.570652081,3842596.2497613,653.452854485212,L4_1,315.5,653.452854485212,648.283453435184,642.855582332654,637.156317674998,631.172089784458,624.888650499392,618.291039250072,611.363547438287,604.089681035912,596.452121313419,588.4326836048,580.012274010751,571.170843937,561.887342359561,552.13966570325,541.904605214123,531.15779170054,519.873637511278,508.025275612552,495.584495618891,482.521676625546,468.805716682535,454.403958742372,439.282112905202,423.404174776173,406.732339740692,389.226912953438,370.84621482682,351.546481793872,331.281762109277,310.003806440451,287.669414477938,264.979217008397,241.154509665379,216.13856695521,189.871827109532,162.291750271571,133.332669591712,102.925634877859,70.9982484283146,,,,,,,,,,,,,,,,,,,,,,28.4758497835421,22.8580868816648,11.6713176139329,4.78124281207353,2.45328519642347,1.95260552913517,2.12878986482484,2.53461900152899,2.97387468308255,3.42764531299429,3.95740252490973,4.62397383962448,5.46081806267077,6.47006398625242,7.62622900556773,8.88640394312449,10.2011545258253,11.5195738038452,12.7892275215643,13.9565310666134,14.9710234580939,15.7924848132256,16.3974390035141,16.7820717204398,16.9605465687792,16.9596665495861,16.8117683112491,16.547725403777,16.1911960686746,15.7550314174312,15.2459196549322,14.681361965375,14.0968473060546,13.5192017658564,12.9482600149749,12.3748195409611,11.7972949663789,11.2216792049515,10.6571357382423,10.113380801537,,,,,,,,,,,,,,,,,,,,,
264629.938349527,3842599.92642018,653.540991725351,L4_1,322,653.540991725351,648.370344333429,642.94116457191,637.240525822315,631.254855135241,624.969900913812,618.370698981313,611.441536952188,604.165916821607,596.526515684497,588.505144490532,580.082704736868,571.239142995521,561.953403167107,552.203376347272,541.965848186446,531.216443617578,519.929568820266,508.078350283089,495.634570819054,482.568602381816,468.849335522717,454.444105320662,439.318613608505,423.43684731074,406.760992698087,389.251345354801,370.866215644351,351.561829448378,331.292223942607,310.009138161547,287.669414477938,264.979217008397,241.154509665379,216.13856695521,189.871827109532,162.291750271571,133.332669591712,102.925634877859,70.9982484283146,,,,,,,,,,,,,,,,,,,,,,20.6774199053411,18.1316285762283,10.5307807198733,4.6219283876803,2.49046441497366,2.03712879811502,2.22674036788614,2.61430902943669,3.00815334187893,3.41186704148051,3.90622830814683,4.55930009256766,5.4031259112655,6.43378250490929,7.61752207641349,8.90301901803964,10.2342170138121,11.5566173449485,12.8174833080494,13.9657402206473,14.9553090195628,15.7510073163362,16.3338405914527,16.7030257409806,16.873958538727,16.8730654083396,16.7312013499227,16.4772586445579,16.1328942558265,15.7092235434747,15.2115888040141,14.6566356711224,14.0798515024833,13.5083479016344,12.9420164217984,12.3717924254021,11.7963189368604,11.2218605392806,10.6578438953624,10.1142107774389,,,,,,,,,,,,,,,,,,,,,
264634.893139416,3842603.32026434,653.629128965491,L4_1,328,653.629128965491,648.457235231674,643.026746811166,637.324733969633,631.337620486023,625.051151328233,618.450358712553,611.519526466089,604.242152607302,596.600910055576,588.577605376264,580.153135462985,571.307442054043,562.019463974654,552.267086991295,542.027091158769,531.275095534616,519.985500129255,508.131424953626,495.684646019216,482.615528138086,468.892954362899,454.484251898952,439.355114311809,423.469519845308,406.789645655482,389.275777756164,370.886216461881,351.577177102884,331.302685775936,310.014469882642,287.669414477938,264.979217008397,241.154509665379,216.13856695521,189.871827109532,162.291750271571,133.332669591712,102.925634877859,70.9982484283146,,,,,,,,,,,,,,,,,,,,,,20.3337071875285,17.5299037834315,10.05597018268,4.51970155075304,2.53159546602658,2.12861730005357,2.33709158812812,2.7083008477185,3.05626879545147,3.40920629619956,3.8673548191562,4.50548971858742,5.3543399834455,6.40447310089983,7.61430860891632,8.92422508786283,10.2714568002257,11.5977614462736,12.8499517374881,13.9793249208806,14.9440479939789,15.7138584532629,16.2741674427822,16.6272103426043,16.7896741880532,16.7877124665795,16.6508214011744,16.4060167986161,16.0730278734793,15.6612832420067,15.1747954939261,14.6293240830591,14.0602854212613,13.4950147788601,12.9334341570485,12.3666114565849,11.7934075857977,11.220343125282,10.6570937235062,10.1138153962104,,,,,,,,,,,,,,,,,,,,,
264640.260820065,3842606.99693444,653.71726620563,L4_1,334.5,653.71726620563,648.544126129918,643.112329050422,637.40894211695,631.420385836805,625.132401742653,618.530018443793,611.597515979991,604.318388392998,596.675304426655,588.650066261995,580.223566189102,571.375741112565,562.085524782201,552.330797635318,542.088334131092,531.333747451654,520.041431438244,508.184499624163,495.734721219379,482.662453894356,468.936573203081,454.524398477242,439.391615015112,423.502192379875,406.818298612876,389.300210157528,370.906217279411,351.592524757389,331.313147609266,310.019801603737,287.669414477938,264.979217008397,241.154509665379,216.13856695521,189.871827109532,162.291750271571,133.332669591712,102.925634877859,70.9982484283146,,,,,,,,,,,,,,,,,,,,,,27.3432771609372,20.855212163285,10.2347436935354,4.48878516721029,2.58289358787095,2.22850177614948,2.45793894522841,2.81211698580885,3.11270728398673,3.41452020948544,3.83668561187825,4.4596375981024,5.31262114898303,6.38111632582454,7.61612046927474,8.94987647222335,10.3128856115747,11.6430720244924,12.8866976735639,13.997325726434,14.9372523435954,15.6810273727402,16.2183960606583,16.5545998894268,16.7076735441652,16.7035973182951,16.5706278861963,16.3340069028801,16.0116083359166,15.6112232042679,15.1355514277975,14.5994367101198,14.0381560218483,13.479206923943,12.9225157503995,12.3592777091023,11.7885610289678,11.2171265426159,10.6548845504944,10.1121939306318,,,,,,,,,,,,,,,,,,,,,
264645.215602201,3842610.39078376,653.804671156265,L4_1,340.5,653.804671156265,648.630295093909,643.197200228435,637.492450619688,631.502463530503,625.212977086859,618.609016321032,611.674857516915,604.393990772591,596.749080691052,588.721925105435,580.293411740537,571.443472707395,562.151036722596,552.393978938556,542.149068265315,531.391912058411,520.096898041162,508.237133323051,495.784380369035,482.708989767317,468.979829635514,454.56421149712,439.427812451807,423.534593454228,406.84671350677,389.324439561939,370.926051919867,351.607744895691,331.323522520306,310.025089026153,287.669414477938,264.979217008397,241.154509665379,216.13856695521,189.871827109532,162.291750271571,133.332669591712,102.925634877859,70.9982484283146,,,,,,,,,,,,,,,,,,,,,,26.0550125039507,19.7783234693587,9.70733868589639,4.35303718367701,2.59659222919179,2.30094049153759,2.552296213629,2.89097072076173,3.14963774087407,3.40813749583671,3.80160381941059,4.4146129858985,5.27481445789737,6.36306443675437,7.62344924021698,8.98051655318642,10.3584297679915,11.6916181568406,12.9260197643974,14.0175449786456,14.9325642986909,15.6502930817136,16.1646466819509,16.4837637857592,16.6269907752628,16.620169395197,16.4903973134027,16.261233524526,15.9487810411742,15.5592481982852,15.0940518562101,14.567114980126,14.0135437505161,13.4609638580101,12.909280207287,12.3497996851404,11.7817822807012,11.212211782088,10.6512168465269,10.1093468525996,,,,,,,,,,,,,,,,,,,,,
264650.583282849,3842614.06745387,653.891343994288,L4_1,347,653.891343994288,648.715742298035,643.28136051697,637.57525964685,631.583853733225,625.292877523919,618.687352504147,611.751551233387,604.468959899089,596.822238998076,588.793182052012,580.362672258645,571.51063697561,562.215999928423,552.456631028876,542.209293684353,531.449589472603,520.151900050265,508.289326156811,495.833623568684,482.75513585115,469.02272374774,454.60369103916,439.46370669515,423.56672313394,406.87489039467,389.348466018435,370.94572042339,351.622837548592,331.333810530054,310.030332160589,287.669414477938,264.979217008397,241.154509665379,216.13856695521,189.871827109532,162.291750271571,133.332669591712,102.925634877859,70.9982484283146,,,,,,,,,,,,,,,,,,,,,,16.6548684124868,14.3945749909823,8.44935995239135,4.09264043693,2.56266369463415,2.33797321705675,2.61228940538476,2.93759474398398,3.16115440996436,3.38551448714722,3.75858033314966,4.3676831749514,5.23890553077224,6.34895239118458,7.6354600599537,9.0156882422391,10.407865667072,11.7433012279975,12.9678755936325,14.0399585660819,14.9299603731827,15.6216271949297,16.112887379178,16.414670871467,16.5476000372986,16.5374112280194,16.4101213376497,16.1876961526103,15.8845508709147,15.5053658178449,15.0503048589597,14.5323660123153,13.986454051575,13.4402892583454,12.8937296925181,12.3381783938685,11.7730715471458,11.2055985550329,10.6460901095698,10.105273602324,,,,,,,,,,,,,,,,,,,,,
264655.538058932,3842617.46137493,653.978016832312,L4_1,353,653.978016832312,648.801189502162,643.365520805504,637.658068674013,631.665243935948,625.372777960979,618.765688687263,611.82824494986,604.543929025587,596.8953973051,588.864438998589,580.431932776753,571.577801243825,562.28096313425,552.519283119197,542.269519103391,531.507266886794,520.206902059368,508.34151899057,495.882866768333,482.801281934984,469.065617859967,454.6431705812,439.499600938494,423.598852813652,406.903067282569,389.372492474932,370.965388926912,351.637930201492,331.344098539801,310.035575295025,287.669414477938,264.979217008397,241.154509665379,216.13856695521,189.871827109532,162.291750271571,133.332669591712,102.925634877859,70.9982484283146,,,,,,,,,,,,,,,,,,,,,,14.8731428235964,12.9160834334174,7.76461630675681,3.92631069993545,2.56038178363393,2.38391328170089,2.66258021190054,2.96296682367023,3.15084904247575,3.34703937251557,3.70674672006086,4.31767931205657,5.2039162453998,6.33809452930456,7.65156160971401,9.05458972109632,10.459957789274,11.7963976558945,13.0101605926542,14.062278747088,14.9271833556806,15.5929880484902,16.0614232890876,16.3460295644704,16.468610182815,16.4547913476537,16.3295598820374,16.1133709102854,15.8190301195846,15.4497518713629,15.0044858348277,14.4953197612431,13.95696395945,13.4172236647125,12.8758863375829,12.3244289538859,11.762440581115,11.1972951774237,10.6395100594628,10.0999783559035,,,,,,,,,,,,,,,,,,,,,
264660.905726462,3842621.13820046,654.064689670335,L4_1,359.5,654.064689670335,648.886636706288,643.449681094038,637.740877701176,631.74663413867,625.45267839804,618.844024870378,611.904938666332,604.618898152085,596.968555612125,588.935695945167,580.501193294861,571.644965512039,562.345926340077,552.581935209517,542.329744522428,531.564944300986,520.261904068471,508.39371182433,495.932109967982,482.847428018817,469.108511972194,454.682650123239,439.535495181837,423.630982493365,406.931244170469,389.396518931428,370.985057430435,351.653022854392,331.354386549548,310.040818429461,287.669414477938,264.979217008397,241.154509665379,216.13856695521,189.871827109532,162.291750271571,133.332669591712,102.925634877859,70.9982484283146,,,,,,,,,,,,,,,,,,,,,,19.5924679433869,14.7901258062462,7.6026156734172,3.85331877373476,2.59139412062073,2.43866437345074,2.7015340025869,2.96558905361207,3.11802543902405,3.29237281029011,3.64567581446709,4.26400185593656,5.16918818081782,6.32990421795871,7.67130591842444,9.09691232522836,10.5145039526858,11.8507746837783,13.0527831971092,14.0844368217645,14.9241761904748,15.5643241102532,16.0102062511691,16.2777958831446,16.3899837442903,16.3722808533626,16.2486933769115,16.0382468720625,15.752214758388,15.3924070175711,14.9565980215003,14.4559803605019,13.9250773027852,13.3917699464805,12.8557519499773,12.3085522890889,11.7498896505014,11.1873015025532,10.6314763311419,10.0934606733366,,,,,,,,,,,,,,,,,,,,,
264665.86049649,3842624.53219326,654.201786987532,L4_1,365.5,654.201786987532,649.021795340928,643.582804111994,637.871863321614,631.875375491714,625.57906327032,618.967935437856,612.026251213769,604.737482778477,597.084275921421,589.048408721511,580.610748161607,571.751204573707,562.448683806412,552.681037000753,542.42500785481,531.656177251571,520.348905118169,508.476269378097,496.010001851022,482.920420947593,469.176360998993,454.745098052962,439.59227195963,423.681804561631,406.975813793733,389.434523487439,371.016168665831,351.676896103143,331.37065991232,310.049111911955,287.669414477938,264.979217008397,241.154509665379,216.13856695521,189.871827109532,162.291750271571,133.332669591712,102.925634877859,70.9982484283146,,,,,,,,,,,,,,,,,,,,,,17.7909734784408,13.5314477726673,7.25788252143844,3.90727855235929,2.70872865314305,2.54040475106603,2.76040657296635,2.97291852848142,3.08533889945534,3.23869126262218,3.58765794329537,4.21504992214392,5.14008713324025,6.32735433479162,7.69578021958297,9.14231199092321,10.5701572270916,11.9044720605974,13.0934923409033,14.1041417067708,14.9187901752526,15.5337477343401,15.9576716030556,16.2087523067947,16.3108424019398,16.2893017805356,16.1671938016776,15.9621887029187,15.6841037275173,15.3334065584287,14.9067415084931,14.4144331915053,13.8908503414301,13.3639639465502,12.8333525443654,12.2905686257017,11.7354346265709,11.1756312521922,10.6220005592188,10.0857302664111,,,,,,,,,,,,,,,,,,,,,
264671.22816402,3842628.20901879,654.389290512843,L4_1,372,654.389290512843,649.206647393394,643.764872117972,638.05100807878,632.051450837628,625.751915734418,619.137403876048,612.192166424759,604.899667100906,597.24254281086,589.202562306312,580.760582776536,571.896504270272,562.589221838694,552.816575285538,542.555296404724,531.780953579869,520.467893613771,508.589180649368,496.116532036746,483.020250993492,469.269155898075,454.830506047888,439.669923705191,423.75131224536,407.036770212536,389.486501078072,371.058718486885,351.709546766138,331.392916459353,310.06045463723,287.669414477938,264.979217008397,241.154509665379,216.13856695521,189.871827109532,162.291750271571,133.332669591712,102.925634877859,70.9982484283146,,,,,,,,,,,,,,,,,,,,,,10.4815288039805,9.59730485093348,6.77674731461493,4.10582685857666,2.92239087416578,2.69400834275143,2.84354819446436,2.99022492770569,3.05798897489088,3.19017665556154,3.53567357120532,4.17279659294269,5.11783480609666,6.33113906582935,7.72533042265306,9.19092183123561,10.6269333070504,11.9574501036138,13.1322294298554,14.1213338082909,14.9109708461447,15.5012099516122,15.9037748696017,16.1388588512041,16.2311517486469,16.2058266705945,16.0850414401542,15.8851841246607,15.6146909457127,15.2727488600633,14.8549173562152,14.3706805463166,13.8542855551143,13.3338077366887,12.8086895476641,12.2704787582445,11.7190758128069,11.1622844074199,10.6110825227939,10.0767868221874,,,,,,,,,,,,,,,,,,,,,
264676.182924595,3842631.6029502,654.576794038154,L4_1,378,654.576794038154,649.39149944586,643.946940123951,638.230152835946,632.227526183541,625.924768198516,619.30687231424,612.35808163575,605.061851423335,597.400809700299,589.356715891112,580.910417391466,572.041803966837,562.729759870977,552.952113570323,542.685584954637,531.905729908167,520.586882109373,508.70209192064,496.223062222469,483.120081039391,469.361950797158,454.915914042814,439.747575450752,423.820819929088,407.09772663134,389.538478668705,371.101268307938,351.742197429133,331.415173006387,310.071797362504,287.669414477938,264.979217008397,241.154509665379,216.13856695521,189.871827109532,162.291750271571,133.332669591712,102.925634877859,70.9982484283146,,,,,,,,,,,,,,,,,,,,,,9.33053947998371,9.05108720599313,7.01780077319877,4.4518224012598,3.17939514812073,2.8703548418493,2.94798173159822,3.03092091618149,3.05451759328543,3.1643366401319,3.50438245086161,4.14880351787534,5.11088862720988,6.34668353534199,7.76265473667065,9.24329129737415,10.6839365297624,12.0080110362388,13.1669753021793,14.1339751055699,14.8988261261627,15.4650429459269,15.8471081171251,16.0669753498771,16.1500265190596,16.1212056147647,16.0017944476161,15.8069611443736,15.5438359060139,15.2103868869187,14.8011293812456,14.3247456774663,13.8154093635926,13.3013271523266,12.7817884843446,12.2483077203495,11.7008371034492,11.1472820243919,10.5987402713731,10.0666446651002,,,,,,,,,,,,,,,,,,,,,
264681.550571644,3842635.27964273,654.764297563466,L4_1,384.5,654.764297563466,649.576351498326,644.129008129929,638.409297593112,632.403601529455,626.097620662614,619.476340752432,612.52399684674,605.224035745764,597.559076589739,589.510869475913,581.060252006395,572.187103663402,562.870297903259,553.087651855108,542.815873504551,532.030506236465,520.705870604975,508.815003191911,496.329592408193,483.21991108529,469.454745696241,455.00132203774,439.825227196314,423.890327612816,407.158683050144,389.590456259338,371.143818128991,351.774848092128,331.437429553421,310.083140087779,287.669414477938,264.979217008397,241.154509665379,216.13856695521,189.871827109532,162.291750271571,133.332669591712,102.925634877859,70.9982484283146,,,,,,,,,,,,,,,,,,,,,,13.2255062457845,11.6836984029163,8.06506232174178,4.96419898114611,3.48753340588041,3.08179795417258,3.08826892233491,3.10766176800349,3.08409934028348,3.16738888777165,3.49805534960498,4.14610263556501,5.12140104906693,6.37544079063111,7.80864640751995,9.29990194698673,10.7413808886861,12.0562175146803,13.1977198123604,14.1420275375407,14.8823110837001,15.4252024563268,15.7876297156402,15.9930634752908,16.067432661436,16.0354101869139,15.9174309357904,15.7275044501789,15.4715291401932,15.14631576389,14.7453759027451,14.2766288423604,13.7742229386802,13.2665235374651,12.752650457859,12.2240562418117,11.6807188868596,11.1306241918027,10.5849737076149,10.0553036274163,,,,,,,,,,,,,,,,,,,,,
264686.505322766,3842638.67351276,655.003954787679,L4_1,390.5,655.003954787679,649.812619748272,644.361717956895,638.638271075949,632.628651850956,626.318551664713,619.692946469158,612.736061013826,605.431331285726,597.761365071222,589.707900545992,581.251762794501,572.372818155436,563.049926284417,553.260889819847,542.982401532049,532.189988829861,520.857955492563,508.9593204884,496.46575373403,483.347508641941,469.573351295247,455.110486081219,439.924477606489,423.979168708023,407.236594364633,389.656891304074,371.198203090487,351.816580466221,331.465876710742,310.097637767488,287.669414477938,264.979217008397,241.154509665379,216.13856695521,189.871827109532,162.291750271571,133.332669591712,102.925634877859,70.9982484283146,,,,,,,,,,,,,,,,,,,,,,13.3382247164513,11.7266171571352,8.04988629549476,5.00572498368107,3.59707770084434,3.22554836253702,3.22833819063006,3.21334713393957,3.14952518303171,3.20481947916908,3.5228095739138,4.17066168372879,5.15449173460854,6.42104459164711,7.86516687811977,9.36101924454477,10.7984095983196,12.1006049639345,13.2227786408038,14.1438164972837,14.8598697887173,15.3802930621116,15.7241135566939,15.9160671975339,15.9824907509273,15.9477372081311,15.831411929343,15.6464230211129,15.3975025218369,15.0803662639242,14.6875667299048,14.226294685206,13.7307272140081,13.2294187001829,12.7213065535165,12.1977573286943,11.6587519137115,11.1123374749205,10.5698049127705,10.0427831605101,,,,,,,,,,,,,,,,,,,,,
264691.872969815,3842642.3502053,655.295740514523,L4_1,397,655.295740514523,650.100279355726,644.64504513899,638.917049211417,632.902653487466,626.587537977316,619.95666669166,612.99425184172,605.683716249284,598.007653877225,589.947788386564,581.48492962137,572.598927917916,563.268626129289,553.471809251231,543.18515152927,532.384160921211,521.043120782749,509.135028637364,496.63153188471,483.502860294423,469.717755124622,455.243394696331,440.045316246625,424.087333874433,407.331452383632,389.737776818292,371.264417474684,351.867390163895,331.500511487568,310.115288877424,287.669414477938,264.979217008397,241.154509665379,216.13856695521,189.871827109532,162.291750271571,133.332669591712,102.925634877859,70.9982484283146,,,,,,,,,,,,,,,,,,,,,,9.54756649825104,9.10450861884668,6.93416953463709,4.55595375392603,3.495693248146,3.29822726289448,3.37033387192311,3.35104985623008,3.25300995942191,3.27818587721584,3.57999982434366,4.22381349304036,5.21142218864056,6.48455107247781,7.93297569541219,9.42710721535523,10.8552582795051,12.1412641653199,13.2421653556791,14.1393211881279,14.8314692306859,15.3302787698484,15.6565238033914,15.8359522758567,15.8951695722314,15.8581598038306,15.7437158320183,15.5637008651644,15.3217452630112,15.012531904076,14.6276986157348,14.1737421707394,13.6849224100794,13.1900133952168,12.6877576092749,12.1694116642089,11.6349366288893,11.0924221356244,10.5532340145783,10.0290832622918,,,,,,,,,,,,,,,,,,,,,
264696.827713183,3842645.74408051,655.587526241366,L4_1,403,655.587526241366,650.38793896318,644.928372321085,639.195827346885,633.176655123975,626.856524289919,620.220386914161,613.252442669615,605.936101212841,598.253942683229,590.187676227136,581.718096448239,572.825037680396,563.487325974162,553.682728682615,543.387901526492,532.578333012562,521.228286072936,509.310736786328,496.797310035391,483.658211946906,469.862158953997,455.376303311442,440.16615488676,424.195499040844,407.426310402632,389.818662332509,371.33063185888,351.91819986157,331.535146264394,310.132939987359,287.669414477938,264.979217008397,241.154509665379,216.13856695521,189.871827109532,162.291750271571,133.332669591712,102.925634877859,70.9982484283146,,,,,,,,,,,,,,,,,,,,,,10.7403482014233,9.47364358040869,6.47725988844213,4.20358238553271,3.3837843216328,3.35325322985039,3.50856421248666,3.49777825499088,3.37363703068698,3.37330967386553,3.66112394184378,4.30083090110069,5.28964822041975,6.56441009750161,8.0107761978856,9.49682073462261,10.9105220593313,12.1768150343572,13.2545898417269,14.1273584391883,14.7960172926855,15.274138946817,15.5839072243233,15.7518460077584,15.8046897516063,15.7660031528047,15.6537819224996,15.4788939424554,15.2439288005168,14.9425850982157,14.5656302727888,14.1189056300521,13.6367983260043,13.1483304708408,12.6520397388671,12.1390580362136,11.6093099855958,11.070911811555,10.535290750705,10.0142278249907,,,,,,,,,,,,,,,,,,,,,
264702.19534343,3842649.42078426,655.87931196821,L4_1,409.5,655.87931196821,650.675598570634,645.21169950318,639.474605482353,633.450656760484,627.125510602522,620.484107136662,613.510633497509,606.188486176399,598.500231489232,590.427564067708,581.951263275107,573.051147442876,563.706025819034,553.893648114,543.590651523713,532.772505103913,521.413451363122,509.486444935292,496.963088186071,483.813563599388,470.006562783372,455.509211926554,440.286993526896,424.303664207254,407.521168421631,389.899547846726,371.396846243076,351.969009559244,331.56978104122,310.150591097295,287.669414477938,264.979217008397,241.154509665379,216.13856695521,189.871827109532,162.291750271571,133.332669591712,102.925634877859,70.9982484283146,,,,,,,,,,,,,,,,,,,,,,18.2245620486721,13.0126229457268,6.62577345160846,3.95464180259977,3.26354701414387,3.37907999109585,3.6263201720367,3.63935438871228,3.50226275952369,3.48516522462249,3.76372873212688,4.40072398525215,5.38895312978863,6.66074271265505,8.09876870289577,9.5703192784811,10.9642902590233,12.207289796072,13.2600499258413,14.1079091924097,14.7534878145499,15.2118446042845,15.5062337618671,15.6637185096687,15.7110230210763,15.6712421511194,15.5615894240942,15.3919862767698,15.164041741573,14.8705184093718,14.5013573817097,14.0617830371842,13.5863544588057,13.104370211874,12.6141535526765,12.1066970994169,11.5818725055188,11.0478068788149,10.5159753490132,9.99821696478932,,,,,,,,,,,,,,,,,,,,,
264707.150079043,3842652.81466465,656.202015913659,L4_1,415.5,656.202015913659,650.993739184556,645.525048618998,639.782923525163,633.753692176635,627.422999260681,620.77577169893,613.796182759091,606.46761437226,598.772617566087,590.692870919606,582.209136940801,573.301216263055,563.947899551422,554.126917004208,543.814885329633,532.987252071329,521.61823715011,509.68077148283,497.146432532186,483.985376634009,470.166267940924,455.656203813185,440.420636479059,424.423290778226,407.626077792352,389.989004157184,371.470076840257,352.025203157485,331.608085790573,310.170112555316,287.669414477938,264.979217008397,241.154509665379,216.13856695521,189.871827109532,162.291750271571,133.332669591712,102.925634877859,70.9982484283146,,,,,,,,,,,,,,,,,,,,,,19.1477570129713,13.4810789919891,6.61002152617555,3.84369268108615,3.20163699813695,3.38896592991631,3.69414018959251,3.73505908760369,3.60544398459311,3.59021357949874,3.87146362095267,4.51174681995638,5.50064892564775,6.76710267876978,8.1922972797052,9.64439756525689,11.0144666130155,12.2313583603342,13.2576733568826,14.0803181278011,14.7032900214282,15.1427926126385,15.4228674980655,15.5709135413913,15.6135266039326,15.5732862956691,15.4666257048105,15.3025554278588,15.0817514121706,14.7960917041536,14.4347320201048,14.0023069497078,13.5335839450087,13.0581592603421,12.5741413393196,12.0723761071868,11.5526693462465,11.0231480239,10.4953222584912,9.98107970790892,,,,,,,,,,,,,,,,,,,,,
264712.51770929,3842656.4913684,656.555619407071,L4_1,422,656.555619407071,651.342342398324,645.868401539139,640.120763636996,634.085743839745,627.748973052632,621.095363726164,614.109073933371,606.77346965094,599.071085154386,590.983581433005,582.491702525555,573.575229672732,564.212933177268,554.382521857032,544.060589970783,533.222561490221,521.842631585632,509.893705185813,497.347332466004,484.173641110203,470.341265186613,455.817270466843,440.567076011085,424.554371832539,407.741032445066,390.087026088219,371.550319413529,352.086777405105,331.65005829626,310.191503231973,287.669414477938,264.979217008397,241.154509665379,216.13856695521,189.871827109532,162.291750271571,133.332669591712,102.925634877859,70.9982484283146,,,,,,,,,,,,,,,,,,,,,,12.6295252692113,10.5326918024422,6.36307231234922,3.83734373372685,3.1802425772748,3.36819259156699,3.69756711077465,3.77354026969996,3.67591739298766,3.6842968414878,3.98205879496986,4.63266591503421,5.62403984182193,6.88307251746913,8.29110035113315,9.7188901638693,11.0609463809692,12.248952707456,13.247412911731,14.0445487361368,14.6453920258918,15.0669523719852,15.3337778544888,15.4734007567393,15.5121715387396,15.4721094992467,15.3688687399435,15.210584014626,14.9970450230074,14.7192962616411,14.3657488079073,13.9404745557158,13.4784857459677,13.0096976359941,12.5320036179818,12.0360957027266,11.5217011169246,10.9969357428761,10.4733318317294,9.9628162875285,,,,,,,,,,,,,,,,,,,,,
264717.47243715,3842659.88525396,656.909222900482,L4_1,428,656.909222900482,651.690945612091,646.211754459281,640.458603748829,634.417795502856,628.074946844583,621.414955753397,614.421965107652,607.079324929619,599.369552742685,591.274291946404,582.774268110309,573.849243082409,564.477966803114,554.638126709855,544.306294611932,533.457870909114,522.067026021154,510.106638888797,497.548232399822,484.361905586397,470.516262432302,455.978337120502,440.713515543112,424.685452886852,407.85598709778,390.185048019253,371.630561986801,352.148351652726,331.692030801947,310.212893908629,287.669414477938,264.979217008397,241.154509665379,216.13856695521,189.871827109532,162.291750271571,133.332669591712,102.925634877859,70.9982484283146,,,,,,,,,,,,,,,,,,,,,,11.8179450372814,10.2783043724172,6.53514800003105,3.93433849225044,3.19162345018121,3.33343997485811,3.6559681498165,3.76264462375817,3.71064398965864,3.75880909499152,4.08495537672789,4.75272059586826,5.74920435564873,7.00039074626518,8.38907598666928,9.78987061768245,11.1015741801139,12.2590984804165,13.2289255738186,14.00049174283,14.579679956222,14.9841018546124,15.2386204095499,15.3707470498898,15.4064846378661,15.3672402029741,15.2678858738774,15.115702234323,14.9096307699234,14.639923087856,14.2942790273653,13.8762333614987,13.4210652751956,12.9590259381196,12.487795634861,11.9979124922187,11.48902169926,10.9692171538105,10.4500440365564,9.94346027696231,,,,,,,,,,,,,,,,,,,,,
264722.840050599,3842663.56196892,657.262826393894,L4_1,434.5,657.262826393894,652.039548825859,646.555107379422,640.796443860663,634.749847165966,628.400920636534,621.734547780631,614.734856281932,607.385180208299,599.668020330984,591.565002459803,583.056833695063,574.123256492086,564.74300042896,554.893731562678,544.551999253082,533.693180328006,522.291420456677,510.31957259178,497.749132333639,484.550170062591,470.691259677991,456.139403774161,440.859955075139,424.816533941165,407.970941750494,390.283069950288,371.710804560073,352.209925900346,331.734003307634,310.234284585285,287.669414477938,264.979217008397,241.154509665379,216.13856695521,189.871827109532,162.291750271571,133.332669591712,102.925634877859,70.9982484283146,,,,,,,,,,,,,,,,,,,,,,16.0466827553077,12.7184918268885,7.21127785969749,4.1689564440906,3.25785117111938,3.30630637064302,3.58833443531445,3.71468971423133,3.71554072703337,3.81591445359043,4.18061396709005,4.87165476280461,5.87559851583943,7.11845671232433,8.48570614164638,9.85696031475134,11.1361038797911,12.2616463944652,13.2021218268361,13.9480899841527,14.5061120637201,14.894205684571,15.1373621560539,15.2629208330926,15.2964363613739,15.2586520327583,15.1636548513248,15.0178924163055,14.8194954884406,14.5579630550457,14.2203169195827,13.8095802293657,13.3613212263398,12.9061439860826,12.4415178030605,11.9578271525934,11.4546318312865,10.9399929094661,10.425459407953,9.92301209204564,,,,,,,,,,,,,,,,,,,,,
264727.794770707,3842666.95585966,657.641520611733,L4_1,440.5,657.641520611733,652.412887958061,646.922823671704,641.15825617103,635.105460295323,628.75002462583,622.076817172862,615.069949347246,607.712738130349,599.987666352607,591.876340985978,583.359449351018,574.416713134309,565.026840106766,555.167473427845,544.815138414978,533.945186651467,522.531737299782,510.547615480511,497.964287570278,484.751793264532,470.8786742435,456.311899271416,441.016785550727,424.956916144004,408.094053266945,390.388047246033,371.796740924076,352.27586928602,331.778954066062,310.257193085106,287.669414477938,264.979217008397,241.154509665379,216.13856695521,189.871827109532,162.291750271571,133.332669591712,102.925634877859,70.9982484283146,,,,,,,,,,,,,,,,,,,,,,15.9510650914746,12.834611975901,7.44928881047366,4.30840514667715,3.29391180350432,3.26610081188818,3.50945507424933,3.65154003654905,3.7032982064063,3.85778054976172,4.26446044410514,4.98171330010335,5.9948689322093,7.23007676802266,8.57587283271928,9.91720909292296,11.1632858456559,12.2563903063827,13.1672607084223,13.8876772927834,14.4248949860086,14.7972747541158,15.0298282103934,15.1496103997642,15.1816388878896,15.1459405075956,15.0557948622256,14.9168251486183,14.7263744857324,14.4732214662544,14.1437455934139,13.7404732967567,13.2992712256139,12.8511028255421,12.393233896666,11.9159061571114,11.4185930924383,10.909317932953,10.3996254030991,9.90151039446701,,,,,,,,,,,,,,,,,,,,,
264733.162384156,3842670.63257463,658.045287372924,L4_1,447,658.045287372924,652.810945084718,647.314885682102,641.544023309356,635.484617817972,629.122242052018,622.441747497767,615.427228215804,608.061982969742,600.328475461378,592.208292577595,583.682100549623,574.729598920252,565.329472209413,555.459339163031,545.095699464331,534.213877780696,522.787965012879,510.790756606671,498.193687780153,484.966765512308,471.078497131072,456.495815330774,441.183999440461,425.106592755632,408.225315736562,390.499974866538,371.888366953013,352.346178643812,331.82688091915,310.281618308256,287.669414477938,264.979217008397,241.154509665379,216.13856695521,189.871827109532,162.291750271571,133.332669591712,102.925634877859,70.9982484283146,,,,,,,,,,,,,,,,,,,,,,11.4433285791308,10.4572494966282,7.16867670507294,4.32629939605614,3.29042991577185,3.21052559691459,3.42089984902254,3.57588701276548,3.67565184950819,3.88472192217522,4.33585249489617,5.0818365232945,6.10590116234162,7.33428625908484,8.65884542329355,9.97011692111815,11.1828010297822,12.2431333774501,13.1242196070195,13.8191729328438,14.3359704259773,14.6932626032677,14.9159787837242,15.0307805534318,15.0620611151111,15.0290788416072,14.9442837597974,14.8124829855711,14.63025475871,14.3856892177196,14.0645591525792,13.6689092246348,13.2349138100132,12.793902204303,12.3429443601194,11.8721502857873,11.3809063477393,10.8771930075945,10.3725426720118,9.87895570610285,,,,,,,,,,,,,,,,,,,,,
264738.11681887,3842674.02644558,658.449054134115,L4_1,453,658.449054134115,653.209002211376,647.7069476925,641.929790447681,635.86377534062,629.494459478207,622.806677822673,615.784507084362,608.411227809136,600.669284570148,592.540244169211,584.004751748227,575.042484706194,565.632104312059,555.751204898218,545.376260513684,534.482568909924,523.044192725976,511.03389773283,498.423087990027,485.181737760084,471.278320018644,456.679731390132,441.351213330194,425.256269367259,408.356578206178,390.611902487042,371.97999298195,352.416488001603,331.874807772239,310.306043531406,287.669414477938,264.979217008397,241.154509665379,216.13856695521,189.871827109532,162.291750271571,133.332669591712,102.925634877859,70.9982484283146,,,,,,,,,,,,,,,,,,,,,,11.85071141707,10.6612941820643,7.19285184903401,4.34156756395267,3.28250019039423,3.15883746222786,3.33450692420493,3.49428624383101,3.63436774257781,3.89436716639464,4.38975626270972,5.16605959457686,6.20327053797206,7.4271254301017,8.73239631854137,10.0149198440578,11.1948249872622,12.2224711500532,13.073636204185,13.7430464675658,14.2395618771356,14.5821535636956,14.7956109311996,14.9061061056998,14.9373159607644,14.9076662447446,14.8287443545603,14.7045340198608,14.5308656539833,14.2951690170485,13.9826383660042,13.5948501381971,13.1682757286972,12.7346047636189,12.2907253370944,11.8266351275759,11.3416417067225,10.8436793408798,10.344262375857,9.8553904806087,,,,,,,,,,,,,,,,,,,,,
264743.483813967,3842677.70311766,658.852820895305,L4_1,459.5,658.852820895305,653.607059338034,648.099009702898,642.315557586006,636.242932863269,629.866676904396,623.171608147579,616.14178595292,608.760472648529,601.010093678919,592.872195760828,584.327402946832,575.355370492137,565.934736414706,556.043070633405,545.656821563038,534.751260039153,523.300420439073,511.27703885899,498.652488199902,485.39671000786,471.478142906216,456.86364744949,441.518427219927,425.405945978887,408.487840675794,390.723830107547,372.071619010887,352.486797359394,331.922734625327,310.330468754556,287.669414477938,264.979217008397,241.154509665379,216.13856695521,189.871827109532,162.291750271571,133.332669591712,102.925634877859,70.9982484283146,,,,,,,,,,,,,,,,,,,,,,17.4088183528211,13.4956986736911,7.54017668727628,4.36132891521718,3.27110519192003,3.10665884117384,3.24283617146477,3.39938457665909,3.57348444719547,3.88205588785951,4.42255689825538,5.23168515343745,6.28508386402506,7.50734514146976,8.79573701625551,10.0511268218922,11.1990455051483,12.1941959163859,13.0153648730507,13.6591910684519,14.1355882679244,14.4638843671212,14.668674114754,14.7755460937732,14.807370099267,14.7816758248055,14.7091554074139,14.5929620165777,14.428195252818,14.201652523175,13.8979777420141,13.5182928120042,13.099355475655,12.6732101905413,12.2365772652002,11.7793615017723,11.3008001161552,10.8087778573685,10.3147853228345,9.83081538842445,,,,,,,,,,,,,,,,,,,,,
264748.437963287,3842681.09696882,659.25803769644,L4_1,465.5,659.25803769644,654.006545999732,648.492479718189,642.702710122569,636.623452047168,630.240231067997,623.537849039867,616.500347910331,609.110971724318,601.352126729005,593.205339483926,584.651212876592,575.669379938892,566.238455354308,556.335984540493,545.938390185989,535.020916113759,523.557568337917,511.521053173283,498.882712250418,485.612454281409,471.67868341395,457.048224003118,441.686241621745,425.556160121303,408.619574545838,390.836159691601,372.163574094651,352.557359217854,331.970833597217,310.354981695549,287.669414477938,264.979217008397,241.154509665379,216.13856695521,189.871827109532,162.291750271571,133.332669591712,102.925634877859,70.9982484283146,,,,,,,,,,,,,,,,,,,,,,16.3191887661897,12.5180929368393,7.06720776641044,4.25438798191655,3.25262752413734,3.06216807366933,3.15203562011276,3.29540509592564,3.49569018061522,3.84909002269436,4.43472182228988,5.27906813984827,6.35207557633532,7.57615510114252,8.85034324894863,10.0801765719827,11.1966319174706,12.1591022549785,12.9498258738521,13.5677102938386,14.0239133899076,14.3381530513755,14.5347632634451,14.6386448977022,14.6717602272406,14.650665609959,14.585115503133,14.4774214451224,14.3219615633371,14.1049289215386,13.8104498189295,13.439198115619,13.0281857481707,12.6097906818287,12.1805864082643,11.7304155075179,11.2584598983642,10.7725568779524,10.2841691375101,9.80527765110556,,,,,,,,,,,,,,,,,,,,,
264753.804958383,3842684.77364091,659.66470331174,L4_1,472,659.66470331174,654.407460988028,648.88735654813,643.091246886237,637.005331741249,630.615120839013,623.905399391664,616.860191871948,609.462723976246,601.695382685759,593.539674330748,584.976180557986,575.984512096586,566.543260212116,556.629945733422,546.220965530794,535.291536318035,523.815635644637,511.76593993757,499.113759445149,485.828969928107,471.879940935213,457.233460492675,441.854656028009,425.70691134011,408.751779417816,390.948890899408,372.255857955079,352.628173363534,332.019104542411,310.379582280232,287.669414477938,264.979217008397,241.154509665379,216.13856695521,189.871827109532,162.291750271571,133.332669591712,102.925634877859,70.9982484283146,,,,,,,,,,,,,,,,,,,,,,8.78499736847989,7.9033283928858,5.76856716381446,3.99855142842014,3.21338137013167,3.01650007319963,3.05644847697857,3.17870651523411,3.39820999219719,3.79300231024307,4.42408936960412,5.30652345254225,6.40309427933547,7.63283929233594,8.89577398883024,10.1017702553575,11.1873521442459,12.1169948042367,12.8768536789414,13.4684681746571,13.9044296874415,14.2048769794384,14.3938158530139,14.49535533509,14.5304506311276,14.5146085196076,14.4566042206972,14.3578971649736,14.2121536546844,14.0049906099268,13.7200496011898,13.3575630934654,12.9547651402527,12.5443459605628,12.1227532412094,11.6797980419861,11.2146221162331,10.735017450454,10.2524147641539,9.77877805977819,,,,,,,,,,,,,,,,,,,,,
264758.75937759,3842688.16752221,660.07136892704,L4_1,478,660.07136892704,654.808375976323,649.28223337807,643.479783649905,637.387211435331,630.990010610028,624.272949743461,617.220035833565,609.814476228174,602.038638642513,593.87400917757,585.30114823938,576.299644254279,566.848065069924,556.923906926351,546.5035408756,535.562156522311,524.073702951357,512.010826701856,499.34480663988,486.045485574805,472.081198456476,457.418696982231,442.023070434273,425.857662558918,408.883984289795,391.061622107215,372.348141815507,352.698987509213,332.067375487605,310.404182864916,287.669414477938,264.979217008397,241.154509665379,216.13856695521,189.871827109532,162.291750271571,133.332669591712,102.925634877859,70.9982484283146,,,,,,,,,,,,,,,,,,,,,,5.55869028861041,5.51731047649055,4.86428527123616,3.86379672508212,3.26279346214731,3.0327763796263,2.99855927065727,3.08094664548506,3.30555940867353,3.73273008469769,4.40519455308965,5.32516469147317,6.4464731856916,7.68330598924746,8.93579129760757,10.1178859472597,11.1718618721382,12.0676815134385,12.7958044125368,13.3606427895236,13.7762942953635,14.0632671263068,14.2451243217761,14.3450549327364,14.3828964061632,14.3730319783684,14.3232182144131,14.2340495921452,14.0984943228997,13.9016291789906,13.6266507005058,13.2733548274822,12.8791380172477,12.4769610846363,12.0631762729484,11.6276056577793,11.1693738857355,10.6962346826958,10.2195851967806,9.75136814808856,,,,,,,,,,,,,,,,,,,,,
264764.12695744,3842691.84425961,660.478034542341,L4_1,484.5,660.478034542341,655.209290964619,649.677110208011,643.868320413573,637.769091129412,631.364900381044,624.640500095257,617.579879795181,610.166228480102,602.381894599268,594.208344024392,585.626115920773,576.614776411973,567.152869927733,557.217868119281,546.786116220406,535.832776726587,524.331770258078,512.255713466143,499.575853834611,486.262001221503,472.282455977739,457.603933471787,442.191484840538,426.008413777726,409.016189161773,391.174353315023,372.440425675935,352.769801654893,332.115646432799,310.4287834496,287.669414477938,264.979217008397,241.154509665379,216.13856695521,189.871827109532,162.291750271571,133.332669591712,102.925634877859,70.9982484283146,,,,,,,,,,,,,,,,,,,,,,4.60592184066566,4.55562990108692,4.32634755709848,3.88123531364024,3.42529240979729,3.12573992976482,2.98741359125239,3.00873697362467,3.22285580941622,3.67192662729926,4.3803648025925,5.33635267841008,6.48296040172461,7.72791669560043,8.97049487879317,10.1284461086239,11.1499802507589,12.0109414981851,12.7064625083416,13.2440492972894,13.6393618796704,13.9132158794239,14.0886120876927,14.1876903837607,14.2290608005754,14.2259107039832,14.1849400668263,14.1058666889588,13.9809752375741,13.7948388320975,13.5302490148521,13.1865707004866,12.8013031114819,12.4076358360336,12.0018560730974,11.5738393915549,11.1227164301212,10.6562097717768,10.185681488087,9.72304880629166,,,,,,,,,,,,,,,,,,,,,
264769.081646533,3842695.23817105,660.820011157565,L4_1,490.5,660.820011157565,655.546431714984,650.009173300274,644.195051964828,638.09022456261,631.680155790281,624.949583579336,617.882482757844,610.462026895276,602.670548239581,594.489495651101,585.899390433196,576.879779954397,567.409188951657,557.465068398781,547.02374181826,536.060348908714,524.54878635369,512.461645670915,499.770147954002,486.444075351242,472.451699118345,457.759704073803,442.333109277034,426.135184740426,409.127363976988,391.269152175378,372.518029783688,352.829351272413,332.156238835574,310.449470776893,287.669414477938,264.979217008397,241.154509665379,216.13856695521,189.871827109532,162.291750271571,133.332669591712,102.925634877859,70.9982484283146,,,,,,,,,,,,,,,,,,,,,,4.06040101611902,4.22569831738042,4.50536218266515,4.38421820142437,3.85890366034115,3.35566815671036,3.05031549302226,2.9829931186506,3.17081643078082,3.63055426726461,4.36710740626734,5.35389684627877,6.52214103745753,7.77217488664566,9.00198438984262,10.1331324478972,11.1199908199742,11.9445001874445,12.6065565999867,13.1167124814323,13.4920512665825,13.7535202903053,13.9233863275399,14.0226008652673,14.068450526211,14.0728682646047,14.041472933952,13.9731106560881,13.859409443427,13.6844845366657,13.4307727833853,13.0972177520696,12.7213343287966,12.3364772871711,11.9389066206866,11.5186062421389,11.0747448946676,10.6150240854757,10.1507712515517,9.69387478472396,,,,,,,,,,,,,,,,,,,,,
264774.449226383,3842698.91490845,661.097361265704,L4_1,497,661.097361265704,655.819859836701,650.278483336247,644.460038010771,638.350670419021,631.935834447683,625.200256677779,618.127900019379,610.701925528059,602.904652312173,594.717515435493,586.121021714979,577.09470330844,567.617068981573,557.665552938363,547.216461092993,536.244914655354,524.724790895833,512.628660948336,499.927724503464,486.591741236348,472.588958805877,457.886037253882,442.447969624288,426.237998613213,409.217529051585,391.346036011876,372.580968320181,352.877647243902,332.189160113808,310.46624862721,287.669414477938,264.979217008397,241.154509665379,216.13856695521,189.871827109532,162.291750271571,133.332669591712,102.925634877859,70.9982484283146,,,,,,,,,,,,,,,,,,,,,,3.86088454595707,4.44433454484517,5.4470102562713,5.46049571652323,4.60763179484948,3.73652448508205,3.1924743312246,3.00781916650384,3.15390647500142,3.61311633769201,4.36933152883195,5.38073247210707,6.56592386974285,7.8171194405672,9.03066846868147,10.1319616713777,11.0817108027496,11.8681073885011,12.4958452493521,12.9784336741138,13.334214116466,13.5840765267488,13.7493773186734,13.8497405111464,13.9010355072859,13.9138847859677,13.8928035296329,13.8357725570727,13.7337909744443,13.5705623515558,13.3282194096856,13.0052943120326,12.6392308102918,12.2634854269897,11.874328616696,11.4619073459643,11.0254605799529,10.5726789300943,10.1148556876077,9.66384708274004,,,,,,,,,,,,,,,,,,,,,
264779.403907722,3842702.30882507,661.374711373843,L4_1,503,661.374711373843,656.093287958417,650.54779337222,644.725024056713,638.611116275431,632.191513105085,625.450929776221,618.373317280914,610.941824160842,603.138756384766,594.945535219886,586.342652996763,577.309626662483,567.824949011489,557.866037477946,547.409180367725,536.429480401993,524.900795437975,512.795676225756,500.085301052926,486.739407121454,472.726218493409,458.012370433961,442.562829971541,426.340812486001,409.307694126183,391.422919848374,372.643906856675,352.92594321539,332.222081392042,310.483026477526,287.669414477938,264.979217008397,241.154509665379,216.13856695521,189.871827109532,162.291750271571,133.332669591712,102.925634877859,70.9982484283146,,,,,,,,,,,,,,,,,,,,,,4.96364772645046,5.77365325610227,7.06908837326368,6.822954543933,5.42392002190258,4.12606032674121,3.3468554729845,3.05603923076686,3.16499393236578,3.62225945627783,4.39324876652383,5.42256965736062,6.617273487705,7.86239080911187,9.0534807097601,10.1203182537059,11.0301162896663,11.7771460461983,12.3705435960022,12.8263729813775,13.1638710795576,13.4035917791523,13.5657932192191,13.6686585793646,13.726581052714,13.7488534817691,13.7388969720074,13.6938551824384,13.6041426917927,13.4531115651214,13.2226518516436,12.9108990833968,12.5551214810192,12.1887983079022,11.8082555082328,11.4038634021035,10.9749680721117,10.529262172349,10.0780067845071,9.63302397632893,,,,,,,,,,,,,,,,,,,,,
264784.771470773,3842705.98557368,661.652061481982,L4_1,509.5,661.652061481982,656.366716080134,650.817103408194,644.990010102656,638.871562131842,632.447191762486,625.701602874663,618.618734542449,611.181722793625,603.372860457359,595.173555004279,586.564284278546,577.524550016526,568.032829041405,558.066522017528,547.601899642457,536.614046148633,525.076799980117,512.962691503176,500.242877602388,486.88707300656,472.863478180941,458.13870361404,442.677690318795,426.443626358788,409.39785920078,391.499803684872,372.706845393168,352.974239186879,332.255002670276,310.499804327842,287.669414477938,264.979217008397,241.154509665379,216.13856695521,189.871827109532,162.291750271571,133.332669591712,102.925634877859,70.9982484283146,,,,,,,,,,,,,,,,,,,,,,8.05194279194227,8.77540789287931,9.59239549288923,8.48803216619337,6.28487078779572,4.51296835121881,3.51141179950486,3.1287983537325,3.2064484153867,3.66100306587055,4.44192695475119,5.48191527416398,6.67780533360466,7.90873567586748,9.07053944307067,10.0979744500402,10.9648528919422,11.671265862262,12.2303639227049,12.660318731267,12.9808779191949,13.2119731880207,13.372576653009,13.4793205666312,13.545066652597,13.5777621472332,13.5797459278347,13.5473540086569,13.4704616252126,13.3321299831685,13.1140682017768,12.814030569579,12.4690055938582,12.1124159453039,11.7406879944294,11.3444755749417,10.9232687631035,10.4847752130649,10.0402258114909,9.60140657352346,,,,,,,,,,,,,,,,,,,,,
264789.726144358,3842709.37949548,661.783207333572,L4_1,515.5,661.783207333572,656.496007408382,650.944447486933,645.115309569412,638.994714756015,632.568090201947,625.820134420176,618.734780849317,611.295159599915,603.483557288042,595.281374860576,586.669083311737,577.626177185456,568.131125752861,558.161321748636,547.693027544199,536.701318629541,525.16002426915,513.041665190739,500.317388158408,486.95689727446,472.928381846315,458.198440646763,442.732002387233,426.492242214727,409.440494033595,391.536158443406,372.736606073709,352.997076085526,332.270569597934,310.507737785963,287.669414477938,264.979217008397,241.154509665379,216.13856695521,189.871827109532,162.291750271571,133.332669591712,102.925634877859,70.9982484283146,,,,,,,,,,,,,,,,,,,,,,8.08796541338195,8.83415973138943,9.71999472112364,8.67710799220093,6.46471524341845,4.64369265979996,3.59958998646173,3.19434318297364,3.26582007124854,3.72443232074993,4.51273892989646,5.55538277077459,6.7419461780941,7.94846649594074,9.0730686201085,10.0563095688041,10.8784032436649,11.5445324820723,12.0710239068513,12.4774473822704,12.7835651312515,13.0083891804292,13.1694591384524,13.2818064673006,13.3567677493731,13.4009821271671,13.4157543048147,13.3966666293419,13.3331163663364,13.2079455923079,13.0027516763783,12.7149325622682,12.3810943164848,12.0345194611233,11.6717812849009,11.2838774815854,10.8704756338496,10.4393116989338,10.0015894836093,9.56905640918641,,,,,,,,,,,,,,,,,,,,,
264795.093707408,3842713.05624409,661.76830781618,L4_1,522,661.76830781618,656.481318583914,650.929979890033,645.101074261459,638.980723351457,632.554354895954,625.806668017676,618.721596795484,611.282272012182,603.470980989715,595.269125416125,586.657177063856,577.614631293973,568.119958235596,558.1505515243,547.682674477439,536.691403578235,525.150569134071,513.032692967699,500.308922993008,486.948964519582,472.921008122486,458.191653905534,442.725831977735,426.486718953546,409.435650278148,391.532028168979,372.733224954352,352.994481578994,332.268801034868,310.506836463536,287.669414477938,264.979217008397,241.154509665379,216.13856695521,189.871827109532,162.291750271571,133.332669591712,102.925634877859,70.9982484283146,,,,,,,,,,,,,,,,,,,,,,5.03556197231979,5.9022267256632,7.38965821154033,7.33693666993637,5.93511571229063,4.50821178342892,3.60897966888121,3.25262415480108,3.34382998094293,3.81355083165822,4.60661430188363,5.64352044878062,6.80974881770989,7.98124762154864,9.06055451704762,9.99481529256014,10.7703645700463,11.3966736963914,11.8923639883782,12.2776793348094,12.5719018667605,12.7928344173532,12.9564460142586,13.0761242162926,13.1616912815737,13.2185183125574,13.2469252537309,13.2417952266801,13.1921087781757,13.0805601259323,12.8887036531296,12.613605800047,12.29138801865,11.9551094037543,11.6015363691381,11.2220704450874,10.8165901392044,10.392873083018,9.96209914034331,9.53597462970579,,,,,,,,,,,,,,,,,,,,,
264800.048373239,3842716.45017106,661.753408298789,L4_1,528,661.753408298789,656.466629759445,650.915512293133,645.086838953507,638.966731946899,632.54061958996,625.793201615175,618.70841274165,611.269384424449,603.458404691388,595.256875971674,586.645270815974,577.603085402489,568.10879071833,558.139781299964,547.672321410678,536.681488526929,525.141113998992,513.023720744658,500.300457827607,486.941031764704,472.913634398656,458.184867164305,442.719661568237,426.481195692366,409.4308065227,391.527897894552,372.729843834996,352.991887072462,332.267032471802,310.505935141109,287.669414477938,264.979217008397,241.154509665379,216.13856695521,189.871827109532,162.291750271571,133.332669591712,102.925634877859,70.9982484283146,,,,,,,,,,,,,,,,,,,,,,3.90298935026501,4.55295786271073,5.810790734823,6.13508636263415,5.34199809207252,4.32063164935413,3.60820036670205,3.3253448121164,3.44527915532054,3.92530292808733,4.71558029152957,5.7349399209351,6.86795618695745,7.99367655228707,9.02094490309237,9.9037116418553,10.6335232015539,11.222870259929,11.6915424599708,12.0596638950752,12.3455745999756,12.565659735767,12.7342725761474,12.8631991862564,12.9608281333351,13.0313498834979,13.0741832508926,13.0835899682038,13.0482035797085,12.9506392335626,12.7724725991592,12.510468968846,12.2001896899559,11.8744113489031,11.5301321438559,11.1592003361386,10.7617330190766,10.3455587770837,9.92183495515741,9.50222548326954,,,,,,,,,,,,,,,,,,,,,
264805.41591949,3842720.12693089,661.738508781397,L4_1,534.5,661.738508781397,656.451940934976,650.901044696233,645.072603645554,638.952740542341,632.526884283967,625.779735212674,618.695228687816,611.256496836716,603.445828393061,595.244626527223,586.633364568093,577.591539511006,568.097623201065,558.129011075628,547.661968343918,536.671573475623,525.131658863913,513.014748521617,500.291992662207,486.933099009826,472.906260674826,458.178080423077,442.713491158739,426.475672431185,409.425962767253,391.523767620125,372.72646271564,352.989292565931,332.265263908736,310.505033818682,287.669414477938,264.979217008397,241.154509665379,216.13856695521,189.871827109532,162.291750271571,133.332669591712,102.925634877859,70.9982484283146,,,,,,,,,,,,,,,,,,,,,,4.0360318330071,4.27020906481405,4.8327692315585,5.10995499824332,4.73057625265246,4.09850427926585,3.60148236362918,3.41278727329428,3.56919491772997,4.0580220910518,4.83751845292183,5.82738771046202,6.91452568228447,7.98416456207876,8.95318217248932,9.7824133343506,10.4676411662143,11.0231000841699,11.4686474134022,11.8235283955668,12.1047094826516,12.3269713250983,12.5030195830263,12.6430881534059,12.7542155498969,12.8394998468427,12.8975419213055,12.9220590202805,12.9014062025414,12.8181870706423,12.6540617515262,12.4055241026544,12.1075004629157,11.7924262377712,11.4575697227166,11.0952685225814,10.7059058061469,10.2973703552213,9.88079839672092,9.46781022275359,,,,,,,,,,,,,,,,,,,,,
264810.370577568,3842723.52086304,661.681942493606,L4_1,540.5,661.681942493606,656.396174546685,650.846118202417,645.018559040936,638.89962192138,632.474737945847,625.728609771537,618.645175188512,611.207568876336,603.39808224855,595.198121289376,586.588162282242,577.547705324752,568.055225519388,558.088121723755,547.622662738341,536.633930803656,525.095762272236,512.980685314246,500.259854508356,486.902982162172,472.878266198678,458.15231443701,442.690065087258,426.454703270019,409.407573361918,391.508086958412,372.71362623473,352.979442474865,332.258549527006,310.501611931754,287.669414477938,264.979217008397,241.154509665379,216.13856695521,189.871827109532,162.291750271571,133.332669591712,102.925634877859,70.9982484283146,,,,,,,,,,,,,,,,,,,,,,4.49672711657652,4.54047714919528,4.68713184025925,4.73014688385921,4.45956173841373,4.02306650794059,3.65845308217213,3.53196295001752,3.70914711397861,4.19432545586161,4.95025749270515,5.89802207566895,6.92896507400488,7.93633826896438,8.84550126508003,9.6233310950572,10.2684395412779,10.7954681932058,11.2233722225471,11.569947831976,11.850534107687,12.0782638348481,12.2642662219318,12.4173459457197,12.5433232118659,12.6443251689024,12.7182367728834,12.7583130943149,12.7527001969091,12.6840490757337,12.534157580637,12.2992827066311,12.0136800599804,11.7094129050279,11.3840466469793,11.0304332273524,10.6492360836863,10.2484106812018,9.83907251672435,9.43279455379312,,,,,,,,,,,,,,,,,,,,,
264815.738123818,3842727.19762287,661.583759745287,L4_1,547,661.583759745287,656.299380193014,650.750781663126,644.924753206745,638.807423327544,632.384226954383,625.639870762564,618.558296761155,611.122644059674,603.31520872312,595.117401619738,586.509704161187,577.471621829709,567.981635381656,558.017149611201,547.554439552223,536.568593990296,525.033456150273,512.921561418249,500.204071949623,486.850708007566,472.829675868407,458.107592122289,442.649404188866,426.418306858771,409.375654662171,391.480869855742,372.691345808991,352.962345559903,332.24689529836,310.49567252374,287.669414477938,264.979217008397,241.154509665379,216.13856695521,189.871827109532,162.291750271571,133.332669591712,102.925634877859,70.9982484283146,,,,,,,,,,,,,,,,,,,,,,5.33033310496386,5.42298478792311,5.3207646849957,4.91957824125397,4.49783842944273,4.08607089215726,3.77481606741456,3.67808388964676,3.85969614290465,4.32856171868006,5.04849987401935,5.94246244074415,6.90815169478285,7.8483355759234,8.69704653401212,9.42627318258365,10.0360868590786,10.5402892057872,10.9560510549277,11.2992142147964,11.5832771961006,11.8197033293275,12.0181258538215,12.1860456938758,12.3281956851416,12.4458513511911,12.5362814469579,12.5923591243635,12.6020891540306,12.5482273692202,12.4127614726796,12.1917455628169,11.9187289643071,11.6253719782681,11.3095639181303,10.9646958194666,10.5917254220155,10.1986813225916,9.7966587593052,9.39717975127009,,,,,,,,,,,,,,,,,,,,,
264820.692781896,3842730.59155502,661.485576996968,L4_1,553,661.485576996968,656.202585839342,650.655445123836,644.830947372554,638.715224733708,632.293715962919,625.551131753591,618.471418333797,611.037719243013,603.23233519769,595.036681950101,586.431246040132,577.395538334665,567.908045243924,557.946177498647,547.486216366105,536.503257176937,524.97115002831,512.862437522251,500.14828939089,486.798433852961,472.781085538135,458.062869807568,442.608743290473,426.381910447523,409.343735962425,391.453652753072,372.669065383252,352.945248644941,332.235241069714,310.489733115726,287.669414477938,264.979217008397,241.154509665379,216.13856695521,189.871827109532,162.291750271571,133.332669591712,102.925634877859,70.9982484283146,,,,,,,,,,,,,,,,,,,,,,7.75079799322393,7.33085945480999,6.24143646517577,5.21751136441602,4.59065569892606,4.15830715927804,3.8710978845733,3.79015484765003,3.96907231136027,4.41614686423518,5.0952763573964,5.93237136972092,6.8326969998939,7.70880209286985,8.50267823715653,9.1902745085029,9.77205160521485,10.2602225133543,10.6697587425741,11.0143892869992,11.3057830499225,11.5538384730314,11.7668413273362,11.9511457361386,12.1105404343995,12.245568633346,12.3529804505527,12.4253422886122,12.4505729650731,12.4115776741775,12.2905707488852,12.0834358088062,11.8230180909068,11.5405722502463,11.2343267366329,10.8982194619086,10.5335063480228,10.1482894992067,9.75364227583676,9.36103377399009,,,,,,,,,,,,,,,,,,,,,
264826.060328146,3842734.26831485,661.387394248649,L4_1,559.5,661.387394248649,656.105791485671,650.560108584545,644.737141538363,638.623026139871,632.203204971455,625.462392744618,618.38453990644,610.952794426352,603.14946167226,594.955962280463,586.352787919077,577.319454839621,567.834455106193,557.875205386093,547.417993179988,536.437920363577,524.908843906346,512.803313626254,500.092506832157,486.746159698355,472.732495207864,458.018147492847,442.56808239208,426.345514036274,409.311817262678,391.426435650403,372.646784957513,352.928151729979,332.223586841068,310.483793707712,287.669414477938,264.979217008397,241.154509665379,216.13856695521,189.871827109532,162.291750271571,133.332669591712,102.925634877859,70.9982484283146,,,,,,,,,,,,,,,,,,,,,,12.5948959927077,10.5968041879246,7.45029719896969,5.59328989730506,4.71065341882361,4.21929296832791,3.93195818094579,3.85630838435807,4.02809088839378,4.45021637619115,5.08585683346909,5.86495799550954,6.70141080898036,7.51767928216557,8.26298902493657,8.91619546546992,9.4772143858483,9.95604034249525,10.3651119941242,10.7159339316746,11.0183783043318,11.2808900450809,11.510555069772,11.7127333620284,11.8904076738264,12.0435035453534,12.1683461731611,12.257267311385,12.2981528998471,12.2741002000012,12.1675855577162,11.9743535206299,11.7265474986288,11.4550141464446,11.1583359583139,10.8310053838347,10.4745803264615,10.0972367256681,9.71002452081269,9.32435792721102,,,,,,,,,,,,,,,,,,,,,
264831.014986224,3842737.662247,661.338335495341,L4_1,565.5,661.338335495341,656.057426468399,650.512471990109,644.690269787906,638.576957475592,632.157979547662,625.418052723337,618.341129557794,610.910360233975,603.108052443965,594.915629264454,586.313584925967,577.281438370557,567.797684487375,557.839742910035,547.383904253828,536.40527366481,524.877711546341,512.773771321949,500.064634086338,486.720039988945,472.708216186684,457.995801194309,442.547765452315,426.327327923222,409.295868517674,391.412836141848,372.635652147232,352.919608952884,332.217763598819,310.480825977051,287.669414477938,264.979217008397,241.154509665379,216.13856695521,189.871827109532,162.291750271571,133.332669591712,102.925634877859,70.9982484283146,,,,,,,,,,,,,,,,,,,,,,15.2748425375622,12.3290819076057,8.05667346022415,5.77005366957916,4.76046387713293,4.24135658947881,3.9556187521139,3.88399645432198,4.05317405076281,4.46345515342916,5.07787234545645,5.8285708999197,6.63378656153962,7.42085252075139,8.14250419765384,8.77899218739045,9.32995618503704,9.80430740843943,10.2132509380414,10.5672080235755,10.8751745810142,11.1448851057115,11.382837435514,11.5939029158547,11.780666966803,11.9427497370818,12.0762656813627,12.173429649542,12.2221106867029,12.2055010019153,12.1062069489672,11.9199036327652,11.6783843132405,11.4122917933525,11.1203847298803,10.7974319154183,10.4451417946642,10.0717271011541,9.68822606522255,9.30602543867299,,,,,,,,,,,,,,,,,,,,,
