X,Y,Z,LINE,STN_CORR,Elev_trim[0],Elev_trim[1],Elev_trim[2],Elev_trim[3],Elev_trim[4],Elev_trim[5],Elev_trim[6],Elev_trim[7],Elev_trim[8],Elev_trim[9],Elev_trim[10],Elev_trim[11],Elev_trim[12],Elev_trim[13],Elev_trim[14],Elev_trim[15],Elev_trim[16],Elev_trim[17],Elev_trim[18],Elev_trim[19],Elev_trim[20],Elev_trim[21],Elev_trim[22],Elev_trim[23],Elev_trim[24],Elev_trim[25],Elev_trim[26],Elev_trim[27],Elev_trim[28],Elev_trim[29],Elev_trim[30],Elev_trim[31],Elev_trim[32],Elev_trim[33],Elev_trim[34],Elev_trim[35],Elev_trim[36],Elev_trim[37],Elev_trim[38],Elev_trim[39],Elev_trim[40],Elev_trim[41],Elev_trim[42],Elev_trim[43],Elev_trim[44],Elev_trim[45],Elev_trim[46],Elev_trim[47],Elev_trim[48],Elev_trim[49],Elev_trim[50],Elev_trim[51],Elev_trim[52],Elev_trim[53],Elev_trim[54],Elev_trim[55],Elev_trim[56],Elev_trim[57],Elev_trim[58],Elev_trim[59],Elev_trim[60],Res_trim[0],Res_trim[1],Res_trim[2],Res_trim[3],Res_trim[4],Res_trim[5],Res_trim[6],Res_trim[7],Res_trim[8],Res_trim[9],Res_trim[10],Res_trim[11],Res_trim[12],Res_trim[13],Res_trim[14],Res_trim[15],Res_trim[16],Res_trim[17],Res_trim[18],Res_trim[19],Res_trim[20],Res_trim[21],Res_trim[22],Res_trim[23],Res_trim[24],Res_trim[25],Res_trim[26],Res_trim[27],Res_trim[28],Res_trim[29],Res_trim[30],Res_trim[31],Res_trim[32],Res_trim[33],Res_trim[34],Res_trim[35],Res_trim[36],Res_trim[37],Res_trim[38],Res_trim[39],Res_trim[40],Res_trim[41],Res_trim[42],Res_trim[43],Res_trim[44],Res_trim[45],Res_trim[46],Res_trim[47],Res_trim[48],Res_trim[49],Res_trim[50],Res_trim[51],Res_trim[52],Res_trim[53],Res_trim[54],Res_trim[55],Res_trim[56],Res_trim[57],Res_trim[58],Res_trim[59],Res_trim[60]
264336.172485756,3842023.24351007,634.926943696144,L5_1,9.5,634.926943696144,629.926943696144,624.676943696144,619.164443696144,613.376318696144,607.298787446144,600.917379633644,594.216901430519,587.181399317238,579.794122098292,572.0374810184,563.893007884513,555.341311093931,546.36202946382,536.933783752204,527.034125755007,516.63948485795,505.725111916041,494.265020327036,482.23192415858,469.597173181702,456.33068465598,442.400871703972,427.774568104363,412.416949324774,396.291449606205,379.359674901708,361.581311461987,342.914029850279,323.313384157986,302.732706181078,281.122994305324,258.432796835783,234.608089492765,209.592146782596,183.325406936919,155.745330098958,126.786249419098,96.379214705246,64.4518282557011,,,,,,,,,,,,,,,,,,,,,,14.5689762579598,12.2036010852644,6.86682904032177,3.17887442467677,1.8293433654838,1.55322874000564,1.75320776748938,2.21219206490366,2.88924018696054,3.83389091680988,5.08371062133044,6.60105444205117,8.27357337887902,9.95477048247841,11.5129233282417,12.8619403103893,13.9639195424072,14.8137527897738,15.4227891475158,15.8099920006901,15.9992425999156,16.0184823059297,15.8980946037966,15.668281307073,15.3563720661179,14.9849256894206,14.57097931295,14.1263552027836,13.6586973654649,13.172860851397,12.6723099559622,12.1602201970817,11.6402937581755,11.1169704984064,10.5953274343678,10.0809702279638,9.57970114065394,9.09720706830203,8.63876615085163,8.2090066653643,,,,,,,,,,,,,,,,,,,,,
264341.126579423,3842026.63738227,635.061646805388,L5_1,15.5,635.061646805388,630.059741979142,624.807741911583,619.293141840646,613.502811766162,607.422965187954,601.039126280835,594.336095428361,587.297913033263,579.90782151841,572.148225427815,564.000649532689,555.445694842808,546.462992418432,537.031154872837,527.127725449963,516.729124555945,505.810593617226,494.346136131571,482.308455771634,469.668891393699,456.397348796868,442.462229070196,427.830353357189,412.466883858533,396.335240884943,379.397015762674,361.611879384292,342.93748618699,323.329373329824,302.740854829799,281.122994305324,258.432796835783,234.608089492765,209.592146782596,183.325406936919,155.745330098958,126.786249419098,96.379214705246,64.4518282557011,,,,,,,,,,,,,,,,,,,,,,14.300668072557,12.0603890087674,6.77166964352217,3.10222968376164,1.7995643112839,1.56201825764157,1.80057498507991,2.29940457247829,3.01608874157373,4.00438702571593,5.30547383260911,6.87891853728231,8.60443519840199,10.3270646942467,11.910031287637,13.2668025394383,14.3623432614841,15.1955652522761,15.781479513034,16.141848470726,16.3025775746883,16.2930884851537,16.1448589574722,15.8888606640138,15.5529000667079,15.1597555387264,14.7264693667874,14.2647118988423,13.7818802752257,13.282547050746,12.7698963543806,12.2468445021684,11.7169337906541,11.1844828413463,10.6544388664758,10.1323272230047,9.6239037239383,9.13483292695453,8.67038864217944,8.23520435176697,,,,,,,,,,,,,,,,,,,,,
264346.493514229,3842030.31407715,635.33123226192,L5_1,22,635.33123226192,630.325515248588,625.06951238459,619.550709377393,613.755966219835,607.671485904399,601.282781573192,594.574642025424,587.531095500268,580.135371648854,572.36986160487,564.216076058686,555.654601235193,546.665052670525,537.226026677624,527.315049385078,516.908523227904,505.981670762872,494.508475674589,482.461620831891,469.812423247058,456.530765782983,442.585025445705,427.941998091563,412.566819369714,396.422881711772,379.471747170934,361.673055903053,342.984430071778,323.36137294894,302.75716296996,281.122994305324,258.432796835783,234.608089492765,209.592146782596,183.325406936919,155.745330098958,126.786249419098,96.379214705246,64.4518282557011,,,,,,,,,,,,,,,,,,,,,,13.8649624125711,11.7614974260717,6.49157075815286,2.89620777241061,1.7111720000137,1.55870525616656,1.87704040821139,2.45791406316363,3.25736844795832,4.33766128444194,5.74663181483218,7.43726660621686,9.27246243338608,11.0799586407162,12.7130885073332,14.08494523506,15.1667244055092,15.9657165601045,16.5044277207157,16.8102784873601,16.9132292460377,16.8456513749684,16.6411986532908,16.3323719951324,15.9479220743563,15.5110574961781,15.0388220111481,14.5425732876759,14.0292062976655,13.5027210859607,12.9657344263361,12.4206384149366,11.8706569188207,11.3198666975305,10.7729508574711,10.2352710742627,9.71248850796069,9.21022198347987,8.73373602012289,8.2876739334945,,,,,,,,,,,,,,,,,,,,,
264351.448153762,3842033.70793788,635.600817718451,L5_1,28,635.600817718451,630.591288518035,625.331282857598,619.808276914139,614.009120673508,607.920006620845,601.526436865548,594.813188622487,587.764277967273,580.362921779298,572.591497781925,564.431502584682,555.863507627578,546.867112922618,537.420898482411,527.502373320193,517.087921899864,506.152747908518,494.670815217606,482.614785892147,469.955955100416,456.664182769099,442.707821821215,428.053642825937,412.666754880895,396.510522538602,379.546478579193,361.734232421814,343.031373956567,323.393372568056,302.773471110121,281.122994305324,258.432796835783,234.608089492765,209.592146782596,183.325406936919,155.745330098958,126.786249419098,96.379214705246,64.4518282557011,,,,,,,,,,,,,,,,,,,,,,14.7059667503053,11.9633466589733,6.1267184304026,2.65052049878736,1.61278414473536,1.54857514908862,1.93927679903935,2.58593005929941,3.44330176425914,4.58317422609935,6.06335250330523,7.83700179909418,9.75788586471425,11.6409734940263,13.3294066033096,14.7321352977709,15.8217975007806,16.6100297576451,17.1241653477685,17.3958333319016,17.4584618740944,17.3473094834214,17.0984125001788,16.7461388648692,16.3205652169349,15.8456910105116,15.338886888487,14.8114773781632,14.2700879746545,13.7183303391167,13.158396637944,12.5922703779582,12.0229548216837,11.4543584783987,10.8909476133212,10.3379586887545,9.80098749899974,9.28563090568597,8.79716439357192,8.34025514207134,,,,,,,,,,,,,,,,,,,,,
264356.816271276,3842037.38460791,635.870403174982,L5_1,34.5,635.870403174982,630.857061787481,625.593053330606,620.065844450886,614.262275127181,608.16852733729,601.770092157905,595.05173521955,587.997460434278,580.590471909742,572.81313395898,564.646929110679,556.072414019963,547.069173174711,537.615770287197,527.689697255307,517.267320571823,506.323825054164,494.833154760623,482.767950952404,470.099486953775,456.797599755214,442.830618196725,428.165287560311,412.766690392077,396.598163365431,379.621209987453,361.795408940576,343.078317841355,323.425372187173,302.789779250281,281.122994305324,258.432796835783,234.608089492765,209.592146782596,183.325406936919,155.745330098958,126.786249419098,96.379214705246,64.4518282557011,,,,,,,,,,,,,,,,,,,,,,17.3390818995327,12.8967695176636,5.81089659401331,2.44099875967534,1.54194400752065,1.55611691509799,2.00792890711018,2.70029447662326,3.5843189449145,4.74329862686625,6.25002914096101,8.06630716520485,10.0454858022598,11.9942703598475,13.7445119740941,15.1962579365137,16.3180223395618,17.1213072592211,17.6354251223261,17.8947414680966,17.9356163578171,17.7962077240359,17.5152140240799,17.1292703436347,16.6702111598278,16.1632245378018,15.6263601424783,15.0712079151747,14.5043700159749,13.9292632761026,13.347805469972,12.7616927770306,12.1738022562919,11.5879449740108,11.0084221213896,10.4403863459045,9.88939867557167,9.36105860247786,8.86067314868062,8.3929475439955,,,,,,,,,,,,,,,,,,,,,
264361.771456674,3842040.77845717,636.046082901622,L5_1,40.5,636.046082901622,631.030257240698,625.763640296728,620.233692505559,614.427247324833,608.330479885069,601.928874073318,595.207187970979,588.149417563523,580.738758635694,572.957566761474,564.787315293543,556.208551252215,547.200849008821,537.742761653257,527.811769929915,517.384228620406,506.435310245421,494.938945951687,482.867763443267,470.193021809425,456.884543093891,442.910640442581,428.238042658705,412.831814985636,396.655275928912,379.669909919353,361.835275609316,343.108909583777,323.446225256961,302.800406713804,281.122994305324,258.432796835783,234.608089492765,209.592146782596,183.325406936919,155.745330098958,126.786249419098,96.379214705246,64.4518282557011,,,,,,,,,,,,,,,,,,,,,,17.4218978078852,12.847103438659,5.75750202151678,2.45695593390275,1.59116731906229,1.63283436252772,2.1080500875884,2.80221138551309,3.66247553610036,4.78682269466587,6.26670746556252,8.07973909519888,10.0872543916852,12.0923868748402,13.9144666635545,15.4390424522358,16.6237412733942,17.4743938172808,18.0187886449203,18.2923136644217,18.3337280814425,18.1842110032436,17.8855769805616,17.4772914820973,16.9935035474403,16.4611064721712,15.8992715606235,15.3202205241122,14.7308247010426,14.1345372367171,13.5331822086241,12.9283062857664,12.3227461760887,11.7202795343625,11.1251089549322,10.5423494359429,9.97756369748971,9.43638407742298,8.92416942817583,8.44567928974114,,,,,,,,,,,,,,,,,,,,,
264367.139574188,3842044.4551272,636.127855006091,L5_1,47,636.127855006091,631.110873012164,625.843041918541,620.311819270237,614.504035489517,608.405862519761,602.002780901518,595.279545202362,588.220147718249,580.80778035993,573.024794633695,564.852659621148,556.271917857974,547.262139006642,537.801871212742,527.868590029148,517.438644786374,506.487202281461,494.988187651302,482.914222289636,470.236558659886,456.925011848649,442.94788769685,428.271907337461,412.862127960103,396.681859613876,379.692577850339,361.853831998624,343.123148854324,323.455931552808,302.805353386217,281.122994305324,258.432796835783,234.608089492765,209.592146782596,183.325406936919,155.745330098958,126.786249419098,96.379214705246,64.4518282557011,,,,,,,,,,,,,,,,,,,,,,14.9089417187512,11.8227964351675,5.96516067523292,2.70431121620283,1.76921680611835,1.78529232307187,2.24243667725832,2.89165196425575,3.67728010804214,4.71429443078841,6.11486143699558,7.87865111023745,9.88343877738116,11.9341097861657,13.8368608618103,15.4574405556056,16.7358064373764,17.6664079473926,18.271819684358,18.5866001734383,18.6512960728992,18.5101948560817,18.2086749340844,17.7896028925022,17.2900111187562,16.7390278768742,16.1574004345145,15.5583578198823,14.9493400626676,14.334073234677,13.7144724630813,13.0920752821588,12.469764398238,11.8513486765215,11.2409999972715,10.6438430474277,10.0654796326467,9.51160562030242,8.98765219887201,8.49844966202046,,,,,,,,,,,,,,,,,,,,,
264372.094749896,3842047.84898293,636.209627110561,L5_1,53,636.209627110561,631.191488783631,625.922443540354,620.389946034914,614.580823654202,608.481245154454,602.076687729718,595.351902433746,588.290877872975,580.876802084166,573.092022505916,564.918003948754,556.335284463734,547.323429004462,537.860980772227,527.925410128381,517.493060952342,506.539094317501,495.037429350917,482.960681136005,470.280095510347,456.965480603407,442.985134951119,428.305772016217,412.89244093457,396.70844329884,379.715245781324,361.872388387932,343.137388124871,323.465637848656,302.810300058631,281.122994305324,258.432796835783,234.608089492765,209.592146782596,183.325406936919,155.745330098958,126.786249419098,96.379214705246,64.4518282557011,,,,,,,,,,,,,,,,,,,,,,13.3960486980751,11.2422882146943,6.30864693688023,3.04070231186472,1.97719613963727,1.91347505915315,2.2986583607134,2.85953381022422,3.5443676866266,4.47755804950812,5.78363856188605,7.48243670743689,9.47157712649683,11.5627264033545,13.5518630767861,15.2842081428368,16.6787340459027,17.7146085730429,18.4060977324277,18.7850319255984,18.8928597233511,18.776764488929,18.4858481409415,18.0667372307128,17.5597731156675,16.9967340582426,16.4003276974033,15.7851226288315,15.1594003418149,14.5273755065261,13.8912242122385,13.2526067077332,12.6145257708249,11.9808796982247,11.355873391012,10.7446881980524,10.1530036426702,9.58660837070558,9.05102999328535,8.55118775448637,,,,,,,,,,,,,,,,,,,,,
264377.462846416,3842051.52566698,636.29139921503,L5_1,59.5,636.29139921503,631.272104555097,626.001845162168,620.468072799591,614.657611818886,608.556627789146,602.150594557918,595.42425966513,588.361608027702,580.945823808402,573.159250378137,564.98334827636,556.398651069493,547.384719002283,537.920090331713,527.982230227613,517.54747711831,506.59098635354,495.086671050533,483.007139982375,470.323632360809,457.005949358165,443.022382205388,428.339636694973,412.922753909037,396.735026983804,379.73791371231,361.89094477724,343.151627395418,323.475344144504,302.815246731045,281.122994305324,258.432796835783,234.608089492765,209.592146782596,183.325406936919,155.745330098958,126.786249419098,96.379214705246,64.4518282557011,,,,,,,,,,,,,,,,,,,,,,12.3283476315843,10.8540030584663,6.7089305364536,3.41879756663517,2.1786785035513,1.98478373869423,2.24979454700121,2.68972146839979,3.26007438254021,4.08322332655117,5.2863864387031,6.90753681608571,8.8679876159293,10.9921586765906,13.0699522039999,14.9264030258747,16.4568009690224,17.621304101444,18.4226791830125,18.88794138045,19.05837490251,18.9837085382918,18.7168337752674,18.3084385182299,17.802565641338,17.234040441386,16.6279067604914,16.0004016599532,15.3609199772241,14.7143807959889,14.0633917799147,13.4098687094966,12.7570088169997,12.10885841899,11.4697199718343,10.84487907768,10.2401321071382,9.6613900274198,9.11430131203084,8.60389257322855,,,,,,,,,,,,,,,,,,,,,
264382.418012434,3842054.91952917,636.282280872343,L5_1,65.5,636.282280872343,631.263115154189,625.992991150126,620.459360945861,614.649049231382,608.548221931179,602.142353265967,595.416191167493,588.353720964096,580.938127250529,573.151753851284,564.976061782076,556.391585109408,547.377884603107,537.91349907149,527.975894263293,517.541409214686,506.585199913648,495.081180147559,483.001959393165,470.318777601052,457.001436719333,443.018228793527,428.335860471432,412.919373733232,396.732062658122,379.735386029256,361.888875568947,343.150039585623,323.474261803132,302.814695131517,281.122994305324,258.432796835783,234.608089492765,209.592146782596,183.325406936919,155.745330098958,126.786249419098,96.379214705246,64.4518282557011,,,,,,,,,,,,,,,,,,,,,,11.3897855515126,10.2045706713449,6.61363114233755,3.48035417347934,2.16616184021221,1.86717365801396,2.01894149499606,2.35692092628466,2.84267361263955,3.58425673430571,4.70408462563051,6.2557536866701,8.18541898962698,10.3347220852429,12.4932264402375,14.4700052757582,16.1380967393884,17.4378755386502,18.3588924191618,18.9216300340302,19.1658944620868,19.1431248108107,18.9095587910978,18.519765822681,18.0215069715367,17.4527815509467,16.8411373432903,16.2046615652462,15.5540341121056,14.8950308572949,14.230815445514,13.5636589598274,12.8970056992218,12.2350889401256,11.5823640609065,10.9442633659999,10.3267357273043,9.73584418917422,9.17738031043534,8.65649494402638,,,,,,,,,,,,,,,,,,,,,
264387.786108954,3842058.59621322,636.181958822014,L5_1,72,636.181958822014,631.164211750212,625.89557732482,620.363511178158,614.554841724163,608.455738797468,602.051680724438,595.327419747757,588.266945722242,580.853447995452,573.069275382321,564.895894138534,556.313843832558,547.302691011283,537.840980548944,527.906184563489,517.47464877876,506.521536204795,495.020768002132,482.944961389336,470.2653644459,456.951787655292,442.972532025153,428.294313613508,412.882184281281,396.699448482442,379.707575893661,361.866109675441,343.13257014631,323.462353640723,302.808626309856,281.122994305324,258.432796835783,234.608089492765,209.592146782596,183.325406936919,155.745330098958,126.786249419098,96.379214705246,64.4518282557011,,,,,,,,,,,,,,,,,,,,,,10.5117658711995,9.343296606909,6.09833724245341,3.25158925320771,1.96400964848025,1.59742665521489,1.65416238753862,1.91031757129743,2.33411631154729,3.01360923731296,4.06246427805352,5.54790869297699,7.44134041776309,9.60512234486618,11.8336512573688,13.9242200359159,15.7292710385421,17.1688353311466,18.2176169340228,18.8878205235799,19.2163728244661,19.2554871448757,19.0642143754957,18.7007557502434,18.2165572118846,17.6528862021461,17.0399415502017,16.3978297258737,15.7386805390516,15.0692752602965,14.3934560726284,13.7139484052704,13.0344955934055,12.3595567401039,11.6937957983541,11.0428345450598,10.4128102541938,9.80996808769105,9.24026515917767,8.70899360547355,,,,,,,,,,,,,,,,,,,,,
264392.740719417,3842061.99009335,636.081636771685,L5_1,78,636.081636771685,631.065308346235,625.798163499513,620.267661410455,614.460634216943,608.363255663756,601.96100818291,595.238648328022,588.180170480389,580.768768740374,572.986796913359,564.815726494993,556.236102555708,547.22749741946,537.768462026398,527.836474863684,517.407888342834,506.457872495942,494.960355856705,482.887963385506,470.211951290748,456.902138591251,442.926835256779,428.252766755584,412.84499482933,396.666834306762,379.679765758066,361.843343781935,343.115100706998,323.450445478314,302.802557488195,281.122994305324,258.432796835783,234.608089492765,209.592146782596,183.325406936919,155.745330098958,126.786249419098,96.379214705246,64.4518282557011,,,,,,,,,,,,,,,,,,,,,,10.1609166689496,8.95894809310336,5.83903120132007,3.08501464545903,1.76694781023118,1.33838628921319,1.322252077974,1.51448868644451,1.88576727466665,2.50898662614405,3.49112039714683,4.91058556346017,6.76082328971397,8.92431164336392,11.203038607144,13.3869125354646,15.3115076319129,16.8784027458934,18.0476507239794,18.8223730434451,19.2354431584126,19.3386880971288,19.1930212162774,18.8595980109066,18.3931011983085,17.837814318706,17.2264793161407,16.5812000097878,15.9155894941948,15.237483578522,14.5514549445395,13.8607358366284,13.1693945687275,12.4821398284959,11.8038820991411,11.1404648797872,10.4982408050855,9.88366183849972,9.30287187882372,8.76132005064061,,,,,,,,,,,,,,,,,,,,,
264398.107612233,3842065.66681626,635.981314721356,L5_1,84.5,635.981314721356,630.966404942259,625.700749674207,620.171811642752,614.366426709724,608.270772530045,601.870335641382,595.149876908286,588.093395238535,580.684089485297,572.904318444396,564.735558851451,556.158361278858,547.152303827636,537.695943503853,527.76676516388,517.341127906909,506.394208787089,494.899943711278,482.830965381677,470.158538135596,456.85248952721,442.881138488406,428.211219897661,412.807805377378,396.634220131082,379.651955622471,361.820577888429,343.097631267686,323.438537315905,302.796488666535,281.122994305324,258.432796835783,234.608089492765,209.592146782596,183.325406936919,155.745330098958,126.786249419098,96.379214705246,64.4518282557011,,,,,,,,,,,,,,,,,,,,,,10.3602025859476,9.03101847685359,5.82690871832661,2.99827041863473,1.59150385105703,1.1041739890468,1.03404756523671,1.17656212098362,1.50153554093283,2.07171780803996,2.98984306554788,4.34344909292023,6.14462010122317,8.29461468251054,10.6049905690957,12.8622473780424,14.8888246081105,16.5699885027235,17.8516178690934,18.7271501620933,19.2243369640285,19.3934881969928,19.2964158076431,18.996520793436,18.5512416612315,18.0075982931771,17.4007471205355,16.7547534512062,16.0847377779748,15.3996337031065,14.7047924511479,14.0040029052226,13.3016857691472,12.6028246412695,11.9126129752141,11.237147389599,10.583022642177,9.95692225240905,9.3651982791185,8.81347274087675,,,,,,,,,,,,,,,,,,,,,
264403.061667141,3842069.06071433,635.880992671027,L5_1,90.5,635.880992671027,630.867501538282,625.6033358489,620.075961875049,614.272219202505,608.178289396334,601.779663099854,595.06110548855,588.006619996681,580.599410230219,572.821839975434,564.655391207909,556.080620002008,547.077110235812,537.623424981307,527.697055464076,517.274367470983,506.330545078236,494.839531565851,482.773967377848,470.105124980444,456.802840463169,442.835441720032,428.169673039737,412.770615925427,396.601605955402,379.624145486876,361.797811994924,343.080161828373,323.426629153496,302.790419844874,281.122994305324,258.432796835783,234.608089492765,209.592146782596,183.325406936919,155.745330098958,126.786249419098,96.379214705246,64.4518282557011,,,,,,,,,,,,,,,,,,,,,,10.7099393709565,9.89500656923522,6.59862926984885,3.13695768313498,1.49031278972752,0.939869657169187,0.836569954363422,0.946848167274703,1.23581509716921,1.76073943420073,2.62276074497002,3.91649916528591,5.66836577770276,7.79523932206783,10.1184460690596,12.4244070485719,14.5269358081481,16.2987542902881,17.6737242850105,18.6362235191903,19.2084734901522,19.4383411742447,19.3874880195189,19.1206124930891,18.6971647560213,18.1663690883006,17.5654448879758,16.9202130281738,16.2471868051675,15.5563431183036,14.8537912842408,14.1438744475401,13.4313705719877,12.7215461948775,12.0198915557742,11.3327751825892,10.6670530475359,10.0296574375245,9.42716576637546,8.8653862080125,,,,,,,,,,,,,,,,,,,,,
264408.428559958,3842072.73743724,635.780670620698,L5_1,97,635.780670620698,630.768598134306,625.505922023593,619.980112107346,614.178011695285,608.085806262622,601.688990558326,594.972334068815,587.919844754828,580.514730975142,572.739361506471,564.575223564367,556.002878725158,547.001916643989,537.550906458761,527.627345764271,517.207607035057,506.266881369383,494.779119420424,482.716969374018,470.051711825291,456.753191399129,442.789744951658,428.128126181813,412.733426473476,396.568991779722,379.596335351281,361.775046101418,343.062692389061,323.414720991087,302.784351023213,281.122994305324,258.432796835783,234.608089492765,209.592146782596,183.325406936919,155.745330098958,126.786249419098,96.379214705246,64.4518282557011,,,,,,,,,,,,,,,,,,,,,,11.4698657987129,11.8093879814584,8.37305143740774,3.50863804820493,1.44268020377418,0.823817489336473,0.703779644408356,0.797145068491816,1.0622147833422,1.55327377707644,2.37098819685946,3.61477900487769,5.32110879690829,7.4191088147052,9.73967329581869,12.0721467744431,14.2261385356321,16.0657352938284,17.5151897881257,18.5506912047658,19.1887064879894,19.4738445514768,19.4666194185802,19.232093953,18.8309820303048,18.3141698348909,17.7205762604048,17.0775619877354,16.4029114205006,15.707585168761,14.9984265633359,14.2803286616501,13.558430938069,12.8382904132833,12.1257074018901,11.4273407735786,10.7503267628071,10.1018637402146,9.48877182530297,8.91705866825433,,,,,,,,,,,,,,,,,,,,,
264413.382609052,3842076.13133919,635.680348570369,L5_1,103,635.680348570369,630.669694730329,625.408508198287,619.884262339642,614.083804188066,607.993323128911,601.598318016798,594.883562649079,587.833069512974,580.430051720064,572.656883037509,564.495055920826,555.925137448308,546.926723052165,537.478387936215,527.557636064467,517.140846599132,506.20321766053,494.718707274997,482.659971370189,469.998298670139,456.703542335088,442.744048183284,428.086579323889,412.696237021525,396.536377604043,379.568525215686,361.752280207912,343.045222949749,323.402812828678,302.778282201553,281.122994305324,258.432796835783,234.608089492765,209.592146782596,183.325406936919,155.745330098958,126.786249419098,96.379214705246,64.4518282557011,,,,,,,,,,,,,,,,,,,,,,24.4545377476203,21.4829815903,11.4990746151925,3.93179769067358,1.41854730745749,0.756676979699247,0.635131539528733,0.725220088186964,0.981023885684642,1.45509306051261,2.2471352954578,3.45810569807231,5.12956046860768,7.19881968377107,9.50533061463268,11.8436888037296,14.0235766420653,15.9048195340807,17.4052873046995,18.494689605053,19.1841599118148,19.5146484144245,19.544710888444,19.338871871966,18.9582955115387,18.4548797415974,17.8687727396258,17.228542087727,16.5530248547994,15.854035873136,15.1390764355891,14.4135413845279,13.6829091935594,12.9530194557788,12.2299815539973,11.52074910487,10.8327474871022,10.1734535569033,9.54993972455861,8.96842460647942,,,,,,,,,,,,,,,,,,,,,
264418.749489272,3842079.80807051,635.58002652004,L5_1,109.5,635.58002652004,630.570791326352,625.31109437298,619.788412571939,613.989596680847,607.900839995199,601.507645475269,594.794791229343,587.746294271121,580.345372464987,572.574404568546,564.414888277284,555.847396171458,546.851529460342,537.405869413669,527.487926364663,517.074086163206,506.139553951676,494.65829512957,482.602973366359,469.944885514987,456.653893271047,442.69835141491,428.045032465965,412.659047569574,396.503763428363,379.540715080091,361.729514314406,343.027753510437,323.390904666269,302.772213379892,281.122994305324,258.432796835783,234.608089492765,209.592146782596,183.325406936919,155.745330098958,126.786249419098,96.379214705246,64.4518282557011,,,,,,,,,,,,,,,,,,,,,,82.3682418203079,51.6262883541257,16.3271725190626,4.27962063567422,1.39625390042614,0.730382108942882,0.621622338732297,0.721107630951667,0.982214934997182,1.45650491077962,2.24207213044584,3.43821947418053,5.08670509280371,7.1289043373225,9.41160305636176,11.7367334155518,13.9181464843259,15.8157119975957,17.3441767994778,18.4685694664474,19.1952107445846,19.5610730223785,19.6219980637886,19.44110012152,19.0791931662826,18.5885394941226,18.0100443217312,17.3731455465617,16.6975105114093,15.9956754597574,15.275721048615,14.5434937818217,13.8047884917344,13.0657194958671,12.3327033443974,11.6129922652998,10.9143095404302,10.2444228844617,9.61066662471066,9.01948199445435,,,,,,,,,,,,,,,,,,,,,
264423.703532553,3842083.20197634,635.510645097749,L5_1,115.5,635.510645097749,630.502391021386,625.243724241205,619.722124122015,613.924443996866,607.836879865459,601.444937527482,594.733398072606,587.686281644986,580.286809395985,572.517363534534,564.35944538001,555.793631317761,546.799526552399,537.355716548768,527.439716044957,517.027915515954,506.095524960502,494.616514877277,482.56355428989,469.907945673135,456.619556625541,442.666748125568,428.016299200596,412.633327829376,396.481207889594,379.521481952824,361.713769719215,343.015671873926,323.382669136372,302.76801626194,281.122994305324,258.432796835783,234.608089492765,209.592146782596,183.325406936919,155.745330098958,126.786249419098,96.379214705246,64.4518282557011,,,,,,,,,,,,,,,,,,,,,,80.8945678845506,49.5761967624118,15.296951699082,4.07521701350597,1.3971584050606,0.774302096524243,0.684542458632718,0.801348155781009,1.07869396651183,1.56704797944658,2.36208582652089,3.5584741548601,5.19394383047998,7.21050264498375,9.46114626083948,11.7565439205674,13.9178021035974,15.8083408929698,17.3426848376572,18.4830141085042,19.2316208503221,19.6214989313407,19.7053191062281,19.5441258835104,19.1977093620506,18.7181029341382,18.1464849801639,17.5128085258655,16.8373237625657,16.1331099086996,15.4087100662333,14.6703535881876,13.9241130363417,13.1763588012899,12.4338001882713,11.7039811837853,10.9949225420049,10.3146859856056,9.67087578751602,9.07016568045503,,,,,,,,,,,,,,,,,,,,,
264429.070412774,3842086.87870766,635.472226867479,L5_1,122,635.472226867479,630.464516060338,625.20641971284,619.685418547968,613.888367324852,607.801463540579,601.410214567094,594.699403144934,587.653051151666,580.254381558735,572.485778486157,564.32874525995,555.763860372433,546.77073124054,537.327945652052,527.41302078414,517.002349672833,506.07114500596,494.593380105743,482.541726960516,469.887491158027,456.600543565414,442.64924859317,428.000388872314,412.619086165415,396.468718323171,379.510832088815,361.705051542741,343.008981969363,323.378108917317,302.765692212668,281.122994305324,258.432796835783,234.608089492765,209.592146782596,183.325406936919,155.745330098958,126.786249419098,96.379214705246,64.4518282557011,,,,,,,,,,,,,,,,,,,,,,21.3270000684403,18.2729671503319,9.66471892875496,3.53633068234156,1.46548888434228,0.911302214501017,0.844115777749059,0.984453880587368,1.2860234991004,1.79876673820211,2.61581475734021,3.82446986692292,5.45434975081081,7.44480911560359,9.65398004286946,11.9025889987146,14.0219019901706,15.8821900649316,17.4004931727859,18.5378803399681,19.2933629100262,19.6959565487767,19.7947202157351,19.6479876990087,19.3138661039813,18.8435749827128,18.2780861804246,17.6475136143219,16.9724426946749,16.2663161947309,15.5380213928712,14.7941007009544,14.0408654796352,13.2849232270399,12.533261054931,11.7937076406875,11.0745804720804,10.3842384937521,9.73056410546527,9.1204734200432,,,,,,,,,,,,,,,,,,,,,
264434.024996103,3842090.27260591,635.433808637209,L5_1,128,635.433808637209,630.42664109929,625.169115184476,619.64871297392,613.852290652837,607.7660472157,601.375491606706,594.665408217262,587.619820658346,580.221953721485,572.45419343778,564.29804513989,555.734089427105,546.741935928681,537.300174755336,527.386325523324,516.976783829711,506.046765051418,494.57024533421,482.519899631141,469.867036642919,456.581530505286,442.631749060772,427.984478544031,412.604844501454,396.456228756747,379.500182224806,361.696333366267,343.002292064801,323.373548698262,302.763368163396,281.122994305324,258.432796835783,234.608089492765,209.592146782596,183.325406936919,155.745330098958,126.786249419098,96.379214705246,64.4518282557011,,,,,,,,,,,,,,,,,,,,,,8.42981220724498,8.93836658228798,6.8527412938395,3.29886525334268,1.67295876050587,1.17799786508216,1.13410529240369,1.2975151497364,1.62153402243827,2.15861482364578,2.99987024244858,4.22305518458758,5.84698594571184,7.806576126627,9.9645880528152,12.1524926029055,14.2132322702936,16.0257368973306,17.5111734704137,18.6306477352038,19.3805149309041,19.7859817643749,19.8923457664292,19.7548967154548,19.4296426465437,18.9665761292982,18.4060953128839,17.7781739313789,17.1034950930029,16.3956945294021,15.6638855406859,14.9148364704862,14.1550580191873,13.3913693825038,12.6310107946758,11.8820832742431,11.1531939342983,10.4529979093181,9.78965880625335,9.17034219398872,,,,,,,,,,,,,,,,,,,,,
264439.393046428,3842093.94932079,635.395390406938,L5_1,134.5,635.395390406938,630.388766138242,625.131810656111,619.612007399873,613.816213980823,607.730630890821,601.340768646318,594.631413289591,587.586590165027,580.189525884234,572.422608389403,564.267345019829,555.704318481777,546.713140616823,537.272403858621,527.359630262508,516.95121798659,506.022385096876,494.547110562676,482.498072301767,469.846582127812,456.562517445159,442.614249528373,427.968568215748,412.590602837492,396.443739190324,379.489532360796,361.687615189793,342.995602160239,323.368988479207,302.761044114124,281.122994305324,258.432796835783,234.608089492765,209.592146782596,183.325406936919,155.745330098958,126.786249419098,96.379214705246,64.4518282557011,,,,,,,,,,,,,,,,,,,,,,6.62277337111744,6.84141873050662,5.64658593969928,3.36381122084069,2.07670977986472,1.64050353255195,1.61763230829153,1.79208865432275,2.12388363282699,2.67489069674813,3.53464506101599,4.76831623879103,6.38085952549341,8.30092072577874,10.3953637711576,12.5069591423162,14.4916139935916,16.2384626227297,17.6741759093412,18.7608708697068,19.4927663454798,19.8913790062423,19.9980803464816,19.8647854346594,19.5449960981087,19.0870744260014,18.5304844588759,17.9047631353448,17.2304558862183,16.5212213929322,15.7862807980864,15.0325411162275,14.2666732898534,13.4956828354037,12.727038009058,11.969099351666,11.2307564033898,10.5209595048098,9.84815647491497,9.21976955373942,,,,,,,,,,,,,,,,,,,,,
264444.348169805,3842097.34321145,635.407154243779,L5_1,140.5,635.407154243779,630.400363623576,625.143233472362,619.623246813588,613.827260821875,607.741475530577,601.351400974714,594.641822691057,587.596765493218,580.199455435487,572.432279874869,564.27674553622,555.713434480639,546.721957872279,537.280907433501,527.367804472784,516.959046364031,506.02985034984,494.55419453494,482.504755929295,469.852845393368,456.568339330644,442.619607964784,427.973440030631,412.59496369977,396.447563552367,379.492793397593,361.690284735081,342.997650639442,323.370384839022,302.761755748581,281.122994305324,258.432796835783,234.608089492765,209.592146782596,183.325406936919,155.745330098958,126.786249419098,96.379214705246,64.4518282557011,,,,,,,,,,,,,,,,,,,,,,5.32926431141709,5.38478400703105,4.67747884454901,3.29380356113055,2.41098834848913,2.12798277649113,2.17496477872039,2.37727703017537,2.72038046399554,3.2853864091303,4.16220140134878,5.40288001886683,6.99839104272202,8.87165431824163,10.8942872705739,12.9208217359146,14.8204234162895,16.4926591013915,17.8699529670309,18.9157211973742,19.622340065526,20.0078746949128,20.1098929350121,19.9769355328674,19.6598971912674,19.2053401594684,18.6516054297292,18.0276039568078,17.3535750537679,16.6430625348152,15.9052901575422,15.14723050251,14.3756754078227,13.5977957664113,12.8212578980377,12.0546637575763,11.3071765616103,10.5880366600744,9.90597971219395,9.26868923235128,,,,,,,,,,,,,,,,,,,,,
264449.71622013,3842101.01992633,635.469067311097,L5_1,147,635.469067311097,630.461401182998,625.203351748495,619.682399842267,613.885400340727,607.79855086411,601.407358913662,594.696607365692,587.650318240324,580.251714658687,572.483180897968,564.326220449213,555.761411978021,546.768363083269,537.325661743779,527.410825337315,517.000247110528,506.069139972401,494.591477477368,482.539931857583,469.885808956809,456.598979910996,442.647809412893,427.999080389884,412.617914915726,396.467691167859,379.509956232598,361.704334550575,343.008431784451,323.37773388002,302.765501080368,281.122994305324,258.432796835783,234.608089492765,209.592146782596,183.325406936919,155.745330098958,126.786249419098,96.379214705246,64.4518282557011,,,,,,,,,,,,,,,,,,,,,,4.4994859582029,4.36073021761879,3.69988112462833,2.8904480570083,2.51777580678759,2.54763652591203,2.76699305829127,3.04412875517494,3.41564821932406,3.99936515467519,4.89175557876626,6.13376206279067,7.7039023927747,9.52080754309539,11.461792533142,13.3935774653067,15.1987276601664,16.7873007044017,18.0975780451058,19.0944542300848,19.7686853412058,20.1350853388711,20.2275270339467,20.0911783646426,19.774234004959,19.3212958031771,18.7694009881705,18.146651529523,17.4728156381614,16.7611866640775,16.0208870275495,15.2588821752267,14.4820456512021,13.6976929831169,12.9136584884698,12.1387672389781,11.3824474916398,10.6542243300803,9.96312479481891,9.31709851749457,,,,,,,,,,,,,,,,,,,,,
264454.671335755,3842104.41382217,635.530980378414,L5_1,153,635.530980378414,630.522438742421,625.263470024628,619.741552870945,613.943539859578,607.855626197643,601.463316852611,594.751392040327,587.70387098743,580.303973881887,572.534081921067,564.375695362206,555.809389475403,546.814768294259,537.370416054057,527.453846201846,517.041447857024,506.108429594961,494.628760419795,482.575107785871,469.91877252025,456.629620491349,442.676010861002,428.024720749138,412.640866131681,396.48781878335,379.527119067604,361.71838436607,343.019212929459,323.385082921018,302.769246412155,281.122994305324,258.432796835783,234.608089492765,209.592146782596,183.325406936919,155.745330098958,126.786249419098,96.379214705246,64.4518282557011,,,,,,,,,,,,,,,,,,,,,,4.17452695396147,3.7776139034509,2.96695559676521,2.44764366871312,2.43644746435104,2.76034544218455,3.18605019214317,3.58674448723735,4.03298469434195,4.6706805603398,5.60093340806576,6.85577947846091,8.40521285423949,10.1674066723777,12.027935535081,13.8667050717457,15.579514223207,17.0862624387594,18.3305155196518,19.2784256934235,19.9192638047784,20.2649332224373,20.3459978874663,20.2045653680182,19.8863324471768,19.4340322154938,18.8833957333004,18.2616544482759,17.5880283058913,16.8754876399586,16.1329803597831,15.3674051174328,14.5856906241042,13.7952745640652,13.0041369963106,12.2213104214455,11.4564751012341,10.7194382470901,10.0195174268979,9.36493293763014,,,,,,,,,,,,,,,,,,,,,
264460.039369284,3842108.09054826,635.592893445732,L5_1,159.5,635.592893445732,630.583476301844,625.323588300761,619.800705899624,614.00167937843,607.912701531176,601.51927479156,594.806176714962,587.757423734535,580.356233105087,572.584982944166,564.425170275199,555.857366972784,546.861173505248,537.415170364336,527.496867066377,517.082648603521,506.147719217522,494.666043362223,482.610283714159,469.951736083692,456.660261071701,442.704212309111,428.050361108391,412.663817347636,396.507946398842,379.544281902609,361.732434181565,343.029994074468,323.392431962016,302.772991743942,281.122994305324,258.432796835783,234.608089492765,209.592146782596,183.325406936919,155.745330098958,126.786249419098,96.379214705246,64.4518282557011,,,,,,,,,,,,,,,,,,,,,,4.33668800679501,3.62755687368007,2.54119843387556,2.07668360710611,2.22336758181532,2.74122518100794,3.36896167183695,3.94544405848305,4.53046968395373,5.27332070477462,6.27400806293747,7.55888424596415,9.09527214452077,10.8061457014237,12.5886142489628,14.33702871622,15.96034076999,17.3876846229586,18.5673691797724,19.4666074528116,20.0733362510771,20.3968995362245,20.4649481899262,20.3168526957723,19.9960251831245,19.5434320242859,18.9935043310016,18.3725477986192,17.6991615552254,16.9859236669139,16.2415362876449,15.4727726971943,14.6865896916089,13.8905244082878,13.0926808901943,12.3022837303742,11.5292522360065,10.7836730816826,10.075153733466,9.41218965759384,,,,,,,,,,,,,,,,,,,,,
264464.994477157,3842111.48444927,635.677769151366,L5_1,165.5,635.677769151366,630.66715178669,625.406003553781,619.881797909226,614.081381982443,607.990945259322,601.595986700044,594.881280212802,587.830838401198,580.427874499014,572.654762401721,564.492994699563,555.923138612298,546.924789720669,537.476523384458,527.555843731437,517.139130095765,506.20158077831,494.717153994981,482.658505872487,469.996925343867,456.702265788816,442.742873256013,428.08551109657,412.695280829155,396.535539048369,379.567810178543,361.751694865227,343.044773786244,323.402506653312,302.778126163734,281.122994305324,258.432796835783,234.608089492765,209.592146782596,183.325406936919,155.745330098958,126.786249419098,96.379214705246,64.4518282557011,,,,,,,,,,,,,,,,,,,,,,4.14850350772143,3.39930626797596,2.26825926356323,1.80632817546653,1.98366392047471,2.5729464091152,3.33024965909235,4.07216683817463,4.82212877431732,5.70563671916872,6.80792977327854,8.14601402384641,9.68620963072695,11.3596708128112,13.0775840963274,14.749507278654,16.2969194409751,17.6570670364909,18.7821102916427,19.6399674572676,20.2173969180976,20.5216697641871,20.5781198584467,20.4239399022277,20.1006852389029,19.6478326259252,19.0986742581289,18.4786651781266,17.8057876630953,17.0922021430948,16.3463391331563,15.5748146102124,14.7845983693406,13.9833160924586,13.1791762003225,12.3815817561985,11.6006837930241,10.8468432174137,10.1299577227637,9.45880394851341,,,,,,,,,,,,,,,,,,,,,
264470.362510686,3842115.16117536,635.785669392699,L5_1,172,635.785669392699,630.773526219059,625.510775886736,619.984888037797,614.182705796411,608.090414442956,601.693508521828,594.976757304644,587.9241685266,580.518950309655,572.743471181862,564.579218097679,556.006752359287,547.005663333976,537.554519857399,527.630819206993,517.210933524067,506.270053556995,494.782129591569,482.719809427872,470.05437325599,456.755665275514,442.792021896014,428.130196347539,412.73527952164,396.570616854446,379.597721053893,361.776180463312,343.063562843202,323.415314342086,302.784653415915,281.122994305324,258.432796835783,234.608089492765,209.592146782596,183.325406936919,155.745330098958,126.786249419098,96.379214705246,64.4518282557011,,,,,,,,,,,,,,,,,,,,,,3.61782602798052,3.09148097345461,2.11148018166918,1.60782037747124,1.71726948855702,2.26755947581148,3.07439765329303,3.95828791028691,4.89089958452352,5.94829047585862,7.18496082237343,8.60248040937029,10.1665101441606,11.819294594994,13.4885001683896,15.0996195173521,16.5860708443942,17.8921785112807,18.9731667693048,19.7973939624206,20.3506599289674,20.6386911765411,20.6851269097924,20.5255588805794,20.2001258577988,19.7471023268093,19.1988107335911,18.5799364339611,17.9078531996109,17.1942812792313,16.4473558789682,15.6735046798485,14.8796959442828,14.0736333195041,13.2636101985045,12.4591947201595,11.6707623377331,10.9089431331387,10.1839253182737,9.50477280460165,,,,,,,,,,,,,,,,,,,,,
264475.317061069,3842118.5550956,635.893569634033,L5_1,178,635.893569634033,630.879900651427,625.615548219691,620.087978166368,614.284029610379,608.18988362659,601.791030343612,595.072234396485,588.017498652002,580.610026120295,572.832179962002,564.665441495795,556.090366106277,547.086536947283,537.63251633034,527.70579468255,517.28273695237,506.338526335681,494.847105188157,482.781112983257,470.111821168113,456.809064762211,442.841170536014,428.174881598507,412.775278214125,396.605694660524,379.627631929243,361.800666061397,343.08235190016,323.42812203086,302.791180668096,281.122994305324,258.432796835783,234.608089492765,209.592146782596,183.325406936919,155.745330098958,126.786249419098,96.379214705246,64.4518282557011,,,,,,,,,,,,,,,,,,,,,,3.71120132096628,3.18921208278016,2.10743072804458,1.47843395682429,1.49426498926561,1.97920569527435,2.79039143353575,3.76343848332322,4.83553927892989,6.0409010099273,7.40217217822458,8.90089573758523,10.4980967324501,12.1448237970002,13.7836191275068,15.3540980327271,16.79961401792,18.0698401643789,19.1219567635092,19.9243605940454,20.4620567074582,20.7397406976404,20.7800118717366,20.6174863753896,20.2914066745381,19.8392302203589,19.2925557259441,18.6754414841239,18.0047294943347,17.2917261276085,16.5442751629539,15.7686141374713,14.9717041661184,14.1613266218511,13.3458540700437,12.5350101673473,11.7393885941906,10.9698846441352,10.2369803715878,9.55003131002615,,,,,,,,,,,,,,,,,,,,,
264480.683886705,3842122.23186335,636.001469875366,L5_1,184.5,636.001469875366,630.986275083795,625.720320552646,620.191068294939,614.385353424347,608.289352810225,601.888552165397,595.167711488327,588.110828777404,580.701101930935,572.920888742143,564.75166489391,556.173979853267,547.167410560591,537.710512803281,527.780770158106,517.354540380672,506.406999114366,494.912080784745,482.842416538643,470.169269080236,456.862464248908,442.890319176014,428.219566849476,412.81527690661,396.640772466601,379.657542804592,361.825151659483,343.101140957117,323.440929719634,302.797707920276,281.122994305324,258.432796835783,234.608089492765,209.592146782596,183.325406936919,155.745330098958,126.786249419098,96.379214705246,64.4518282557011,,,,,,,,,,,,,,,,,,,,,,4.54649542721833,3.76714710188293,2.26162288245399,1.41327182397647,1.32191371398932,1.72870521417257,2.50570942713088,3.51142343997944,4.67003187987823,5.98755174958581,7.45704215012385,9.03576585268385,10.6749743956641,12.3309786213965,13.9587549031968,15.5098015744529,16.9352484040247,18.1883759587403,19.2272539130285,20.0199647513545,20.5509212666358,20.8243276928721,20.8624148141365,20.6994593672775,20.3743355892413,19.9240753525657,19.379804609069,18.76510122699,18.0963554823212,17.3844887263691,16.6370591796118,15.8601138834498,15.0606010397064,14.2463791530362,13.4258948072222,12.6090181078919,11.8065549644028,11.0296619725306,10.2891185673645,9.59457629879204,,,,,,,,,,,,,,,,,,,,,
264485.637879599,3842125.62580282,636.09921362622,L5_1,190.5,636.09921362622,631.08263664783,625.815230820521,620.284454701846,614.477139777237,608.379459106398,601.976894402017,595.254201462417,588.195373875837,580.783604909927,573.001247495723,564.829772210808,556.249723161647,547.240671660029,537.781167583329,527.848688302795,517.419585058234,506.469026651444,494.970940324315,482.89794968083,470.221309505171,456.910837320728,442.934841527064,428.260045943716,412.851510581201,396.67254845056,379.684638213387,361.847332464355,343.118161427872,323.452531839565,302.803620771842,281.122994305324,258.432796835783,234.608089492765,209.592146782596,183.325406936919,155.745330098958,126.786249419098,96.379214705246,64.4518282557011,,,,,,,,,,,,,,,,,,,,,,5.05083169298776,4.15419740725612,2.36727066516524,1.35661255824823,1.2002367552366,1.55848142667855,2.30288321010955,3.30698337750916,4.49619657730759,5.86919109132201,7.4040081714906,9.03896552529312,10.7137041054286,12.3850133993326,14.0154869914988,15.5645925621576,16.9883243266965,18.2415789836461,19.2821480781788,20.0773128147193,20.6109106768741,20.8869788811936,20.9278518965619,20.767963980391,20.4462565412846,19.9996849604009,19.4591550663775,18.8479286409199,18.1820412152383,17.4720836794544,16.7253610933673,15.9477481487852,15.1461946104912,14.3286403954758,13.5036058240391,12.6811089970491,11.8721639823968,11.0881890723461,10.3402648448805,9.63834316184097,,,,,,,,,,,,,,,,,,,,,
264491.004705234,3842129.30257057,636.186787965543,L5_1,197,636.186787965543,631.168972605195,625.900266476831,620.368125042048,614.559376535526,608.460190603678,602.056045375237,595.331692885375,588.271122771019,580.857524150946,573.073245599869,564.899753121238,556.317586018675,547.306310560985,537.84447133041,527.909540138306,517.477862386597,506.524600747302,495.023676026043,482.947705068721,470.267935563532,456.954177583084,442.974731703614,428.296313530171,412.883974448055,396.701018411833,379.708914573801,361.867205543866,343.133411062435,323.462926856932,302.808918441155,281.122994305324,258.432796835783,234.608089492765,209.592146782596,183.325406936919,155.745330098958,126.786249419098,96.379214705246,64.4518282557011,,,,,,,,,,,,,,,,,,,,,,5.0677756623395,4.26526566005579,2.41031493763831,1.30450572866284,1.12084713373578,1.45753992192244,2.17372677848404,3.1461406618614,4.31265355375884,5.68546161121821,7.2428927444725,8.91028213683252,10.6140830225314,12.3067601391115,13.9536425560623,15.5182456837208,16.9585471366982,18.2291003737304,19.2862674205475,20.0960412132486,20.6416926865903,20.9274066400767,20.9760846987447,20.822809041037,20.5070199914321,20.0659437739398,19.5305188369349,18.9238560169427,18.2617342217395,17.5544701138089,16.8091488388169,16.0314914813471,15.2284646053386,14.4080942239653,13.5789744073713,12.7512728559276,11.9362079341389,11.1454600828412,10.3904148105972,9.68132865369125,,,,,,,,,,,,,,,,,,,,,
264495.958688675,3842132.69644865,636.274362304865,L5_1,203,636.274362304865,631.255308562561,625.985302133141,620.45179538225,614.641613293815,608.540922100958,602.135196348458,595.409184308333,588.346871666202,580.931443391964,573.145243704015,564.969734031668,556.385448875703,547.371949461941,537.90777507749,527.970391973817,517.53613971496,506.58017484316,495.07641172777,482.997460456611,470.314561621894,456.997517845441,443.014621880165,428.332581116625,412.916438314909,396.729488373106,379.733190934214,361.887078623377,343.148660696998,323.4733218743,302.814216110467,281.122994305324,258.432796835783,234.608089492765,209.592146782596,183.325406936919,155.745330098958,126.786249419098,96.379214705246,64.4518282557011,,,,,,,,,,,,,,,,,,,,,,6.04747130078892,4.87739398631041,2.5253586148631,1.2756387631194,1.06756974004065,1.38877117083588,2.07697660954096,3.00581198930504,4.12568095136787,5.46782997047618,7.01924407669536,8.69930662634516,10.4233322456576,12.1374428221925,13.8065473049968,15.3955793772139,16.862675318249,18.1608614268897,19.2443142751354,20.0772796122092,20.6422450069565,20.9435184621795,21.0046843489476,20.8616660442721,20.5546177308556,20.121236132201,19.5926599636544,18.9919711040061,18.3347779421721,17.6311837129334,16.8880920069228,16.1111025852817,15.3072244798596,14.4845867138952,13.6518704660786,12.8193971367802,11.9985890093895,11.201390792955,10.4394955613779,9.72347005930562,,,,,,,,,,,,,,,,,,,,,
264501.325493831,3842136.3730834,636.361936644188,L5_1,209.5,636.361936644188,631.341644519926,626.070337789451,620.535465722453,614.723850052104,608.621653598238,602.214347321679,595.486675731292,588.422620561385,581.005362632983,573.217241808161,565.039714942098,556.453311732731,547.437588362897,537.97107882457,528.031243809328,517.594417043323,506.635748939018,495.129147429498,483.047215844501,470.361187680255,457.040858107797,443.054512056715,428.36884870308,412.948902181763,396.75795833438,379.757467294627,361.906951702888,343.163910331561,323.483716891668,302.81951377978,281.122994305324,258.432796835783,234.608089492765,209.592146782596,183.325406936919,155.745330098958,126.786249419098,96.379214705246,64.4518282557011,,,,,,,,,,,,,,,,,,,,,,8.04063866082627,5.94616424240591,2.69331462043725,1.26840341589198,1.03136327216848,1.33270015136113,1.98665666725286,2.8614430198617,3.91789066954994,5.20694699903713,6.72981374098515,8.40644363261047,10.1435909026667,11.8797016787728,13.5766546329082,15.1985503106643,16.7020992234436,18.0377479593017,19.1567848361418,20.0212544831264,20.6126256768139,20.9352790441777,21.0135724561402,20.8844440736847,20.5889630588923,20.1654869590762,19.6455164211073,19.0522241384525,18.4011333810799,17.7021938522305,16.9621658499046,16.1865605823809,15.3824562101315,14.5581026977645,13.7222816229274,12.8854720253452,12.0592995866831,11.2559753709383,10.4875027084544,9.76476412186263,,,,,,,,,,,,,,,,,,,,,
264506.27946782,3842139.76690009,636.476840393284,L5_1,215.5,636.476840393284,631.454923423996,626.181910606243,620.645247147603,614.83175051603,608.727579052879,602.31819901657,595.588349978446,588.522008488416,581.102349923884,573.311708431126,565.131534863729,556.542352617963,547.523711259909,538.054137833952,528.111085736697,517.670881034579,506.708666097355,495.198340413271,483.112498444982,470.422364378278,457.097723608239,443.106850799699,428.416434350731,412.991497079315,396.795312944328,379.789319602592,361.933026593769,343.183918934505,323.497355892278,302.826464697939,281.122994305324,258.432796835783,234.608089492765,209.592146782596,183.325406936919,155.745330098958,126.786249419098,96.379214705246,64.4518282557011,,,,,,,,,,,,,,,,,,,,,,8.45107784201695,6.33098350930961,2.90547001128895,1.33001314348579,1.02269835837156,1.27090760201394,1.8669759398468,2.68185799559129,3.68098705668135,4.92238760307765,6.41674828422573,8.08670273576314,9.83336556052611,11.5886687303821,13.3115334306522,14.9652041805028,16.5050995246711,17.8792044325344,19.035872144099,19.9347149208817,20.5558461948792,20.9033805948823,21.0021706991521,20.8899987383154,20.6087781220917,20.1975162178529,19.6881033300689,19.1038476515064,18.4602332002977,17.7670927381606,17.031079720073,16.2576478505202,15.4539839133457,14.6284985953644,13.7900863212809,12.9493905168316,12.1182462900479,11.3091318952029,10.5343650031328,9.80515018746136,,,,,,,,,,,,,,,,,,,,,
264511.646272975,3842143.44353485,636.619068970393,L5_1,222,636.619068970393,631.595140757799,626.320016134575,620.781135280191,614.965310383087,608.858694241127,602.44674729207,595.71420299556,588.645031484224,581.222401397322,573.428639806075,565.245190135265,556.652567980914,547.630314718846,538.156948793675,528.209914572245,517.765528639744,506.798923410618,495.283987920035,483.193305654923,470.498089276556,457.16811207927,443.17163602212,428.475336162112,413.044221309104,396.841550713446,379.828746588005,361.965302256291,343.208685707992,323.514238332278,302.835068587779,281.122994305324,258.432796835783,234.608089492765,209.592146782596,183.325406936919,155.745330098958,126.786249419098,96.379214705246,64.4518282557011,,,,,,,,,,,,,,,,,,,,,,7.02664407627544,5.89805886292712,3.16994137392153,1.47032803603938,1.04474871070348,1.20808840884558,1.72468329138443,2.4729672952315,3.41878943056987,4.61661321138443,6.08228294671461,7.74266450554012,9.49557477027078,11.267335743601,13.0139639767324,14.6979078632218,16.2735343617686,17.6865790821594,18.8824782406002,19.818212620545,20.4722071112896,20.8479583854232,20.9705154958148,20.8783132755119,20.6140217898502,20.217275099692,19.7203733954226,19.146799888743,18.5120419594322,17.8258510086849,17.0948094175067,16.3243440126785,15.5217903921722,14.6957601255871,13.8552728337804,13.0111432712318,12.1754218462092,11.3608547254551,10.5800780830459,9.84462492858279,,,,,,,,,,,,,,,,,,,,,
264516.600788947,3842146.83734267,636.761297547502,L5_1,228,636.761297547502,631.735358091602,626.458121662908,620.917023412779,615.098870250143,608.989809429376,602.57529556757,595.840056012674,588.768054480033,581.34245287076,573.545571181023,565.3588454068,556.762783343865,547.736918177784,538.259759753399,528.308743407794,517.860176244909,506.88918072388,495.369635426799,483.274112864865,470.573814174833,457.2385005503,443.236421244541,428.534237973493,413.096945538893,396.887788482564,379.868173573417,361.997577918813,343.233452481479,323.531120772279,302.843672477618,281.122994305324,258.432796835783,234.608089492765,209.592146782596,183.325406936919,155.745330098958,126.786249419098,96.379214705246,64.4518282557011,,,,,,,,,,,,,,,,,,,,,,6.20583119354946,5.64895064116233,3.48296172184106,1.66735859119433,1.09191152311191,1.15584202037087,1.58980096886875,2.27548229422683,3.17661423784462,4.33943437465052,5.78112484682446,7.43162269817353,9.18623541275518,10.9670026919955,12.7282964616679,14.4329795783041,16.0355245975333,17.4803533910077,18.7105190109502,19.6804449890685,20.3665637117512,20.7712518365324,20.9192299614035,20.8491256471661,20.6040275101223,20.2239892603866,19.7416053459152,19.1804842442621,18.5560950789974,17.8781194421393,17.1530969111518,16.3864519618371,15.5857188968429,14.7597559413691,13.9177282813902,13.0706318669742,12.2307370754493,11.4110641876307,10.6245722720058,9.88312758067343,,,,,,,,,,,,,,,,,,,,,
264521.968768397,3842150.51395819,636.903526124611,L5_1,234.5,636.903526124611,631.875575425406,626.59622719124,621.052911545367,615.232430117199,609.120924617624,602.703843843069,595.965909029787,588.891077475841,581.462504344198,573.662502555972,565.472500678335,556.872998706816,547.843521636721,538.362570713122,528.407572243342,517.954823850074,506.979438037142,495.455282933564,483.354920074806,470.649539073111,457.308889021331,443.301206466962,428.593139784874,413.149669768683,396.934026251681,379.90760055883,362.029853581335,343.258219254967,323.548003212279,302.852276367458,281.122994305324,258.432796835783,234.608089492765,209.592146782596,183.325406936919,155.745330098958,126.786249419098,96.379214705246,64.4518282557011,,,,,,,,,,,,,,,,,,,,,,5.95923363480659,5.63046217463068,3.8314530111729,1.91950743094375,1.16605473596462,1.12087241049907,1.47354828514109,2.10083357580409,2.96306693375794,4.0964957322861,5.51696261609289,7.15626043236925,8.90760291513772,10.6897484214451,12.4564839739746,14.1722010451029,15.7926105748685,17.2617754574895,18.5209378603353,19.522076226354,20.2393506536609,20.6735234143552,20.8484571714232,20.8025023355937,20.5788160091943,20.2176547391953,19.7517838163659,19.2048816826391,18.5923741074529,17.9238816214927,17.2059275627245,16.443957603172,15.6457556202111,14.8204734841324,13.9774419435966,13.1278474691751,12.2841848429696,11.4597546909321,10.6678432894458,9.92065487275512,,,,,,,,,,,,,,,,,,,,,
264526.923826352,3842153.90775714,637.131583410426,L5_1,240.5,637.131583410426,632.100407770785,626.817673349163,621.270802206459,615.446587506621,609.33116207179,602.909965365218,596.167708823317,589.088339454321,581.655001616876,573.849996887558,565.654741921774,557.049724207701,548.014455607924,538.527423578159,528.566039946905,518.106587134089,507.124161680632,495.592614954502,483.484490892065,470.770960626507,457.42175384767,443.405086729892,428.687586256225,413.234210758875,397.008166486657,379.970820000828,362.081606190708,343.297931690081,323.575073464424,302.866072327483,281.122994305324,258.432796835783,234.608089492765,209.592146782596,183.325406936919,155.745330098958,126.786249419098,96.379214705246,64.4518282557011,,,,,,,,,,,,,,,,,,,,,,5.18395159282266,5.24263417642723,4.0931131874953,2.18265233261625,1.24748854988077,1.09661027720565,1.38223405247317,1.9672569744187,2.80547930518866,3.92185064534095,5.32809920072399,6.95589353353461,8.69694488207873,10.4689157357028,12.2272117339794,13.9394690635244,15.5640065973104,17.0456248586384,18.3244884741583,19.3504084356406,20.0951138572095,20.5572846065598,20.75931699701,20.7386977777983,20.538173492022,20.1978503709756,19.750439462379,19.2195542039675,18.6205153674743,17.9628589484631,17.2530887957039,16.4966932060256,15.7017643610534,14.8777970514594,14.0343077013636,13.1826947761856,12.3356831044461,11.5068540931378,10.7098262720401,9.95715008989349,,,,,,,,,,,,,,,,,,,,,
264532.291805802,3842157.58437266,637.445294406421,L5_1,247,637.445294406421,632.409682603856,627.122290211163,621.570528198835,615.741178085891,609.6203604673,603.193501967779,596.445300543282,589.35968904756,581.919796977052,574.107910303019,565.905429295284,557.292824237162,548.249588926134,538.754191849555,528.784024919147,518.315349642218,507.323240601443,495.781526108629,483.662725891175,470.937985662848,457.577008423104,443.547982321373,428.817504914556,413.350503637398,397.110152296382,380.057783388315,362.152796034845,343.352559313701,323.6123107565,302.885049771439,281.122994305324,258.432796835783,234.608089492765,209.592146782596,183.325406936919,155.745330098958,126.786249419098,96.379214705246,64.4518282557011,,,,,,,,,,,,,,,,,,,,,,4.08901649555486,4.59491681440734,4.30533738842523,2.47367273816426,1.34106549419138,1.08435867355494,1.31599564008479,1.87482520724684,2.70426785727667,3.81608513092526,5.21514441572421,6.83111188081977,8.55482031920135,10.3050470659544,12.0410369947547,13.735374828681,15.3503244634086,16.832494964052,18.1217016388503,19.1658774165947,19.9341816030426,20.4227621661137,20.6519515764784,20.6577903865209,20.482134891175,20.1645836072202,19.7375639952399,19.2244858523882,18.6405002390134,17.9950330847396,17.294563815549,16.5446437724067,15.7537319849696,14.9317153041268,14.0883158845415,13.2351657205239,12.3852251850909,11.5523569911539,10.7505170236627,9.9926100564376,,,,,,,,,,,,,,,,,,,,,
264537.246857705,3842160.97824334,637.759005402416,L5_1,253,637.759005402416,632.718957436927,627.426907073163,621.870254191211,616.035768665161,609.909558862809,603.47703857034,596.722892263246,589.631038640798,582.184592337228,574.365823718479,566.156116668793,557.535924266623,548.484722244344,538.980960120951,529.002009891388,518.524112150347,507.522319522254,495.970437262757,483.840960890284,471.105010699188,457.732262998538,443.690877912854,428.947423572887,413.466796515921,397.212138106107,380.144746775802,362.223985878982,343.407186937321,323.649548048577,302.904027215395,281.122994305324,258.432796835783,234.608089492765,209.592146782596,183.325406936919,155.745330098958,126.786249419098,96.379214705246,64.4518282557011,,,,,,,,,,,,,,,,,,,,,,4.19796584073679,4.91680901405533,4.89658031438222,2.81052823941406,1.42941386123072,1.08015365202084,1.27827225623065,1.83084866123599,2.66924000414709,3.79080253986005,5.19063340690361,6.79401600468172,8.49175100096628,10.2068442092327,11.9053050169051,13.5664708832014,15.1575992015407,16.6278550502657,17.9172677672334,18.9722029114241,19.7592393169805,20.2716810847721,20.5273045089642,20.5601588437388,20.4107085208735,20.1176550527125,19.7128648854435,19.2193684744402,18.6520420494857,18.0201494615133,17.3301439149438,16.5876442794424,15.801522590216,14.9821168425713,14.1393753971319,13.2851790059143,12.4327351433598,11.596193437968,10.7898534109554,10.0269800673755,,,,,,,,,,,,,,,,,,,,,
264542.614824045,3842164.65501429,638.072716398412,L5_1,259.5,638.072716398412,633.028232269998,627.731523935163,622.169980183587,616.330359244432,610.198757258319,603.7605751729,597.000483983211,589.902388234037,582.449387697404,574.62373713394,566.406804042303,557.779024296083,548.719855562553,539.207728392346,529.219994863629,518.732874658476,507.721398443066,496.159348416884,484.019195889394,471.272035735529,457.887517573971,443.833773504336,429.077342231218,413.583089394444,397.314123915832,380.231710163289,362.295175723119,343.461814560941,323.686785340653,302.923004659351,281.122994305324,258.432796835783,234.608089492765,209.592146782596,183.325406936919,155.745330098958,126.786249419098,96.379214705246,64.4518282557011,,,,,,,,,,,,,,,,,,,,,,5.74543031355187,6.47051574105366,5.96992229445783,3.18519017576888,1.51136982553657,1.08938038310066,1.27494329443579,1.84083414296435,2.70523367003548,3.84977239417761,5.25716021148991,6.84608480530286,8.50829030529064,10.1742429577311,11.819665128995,13.4323794842258,14.9855735073799,16.4316128382121,17.7112345437087,18.769516703578,19.5704476037703,20.104191185131,20.3854937449879,20.4458835521266,20.3239407530759,20.0570844439404,19.6763434768304,19.2041922715536,18.6551252078628,18.0381904494771,17.3598122171019,16.6256804085769,15.8451244623523,15.028991812878,14.1874777572373,13.3327273518421,12.4782069814583,11.6383585505238,10.827831461749,10.0602569690918,,,,,,,,,,,,,,,,,,,,,
264547.569869896,3842168.0489567,638.445376056631,L5_1,265.5,638.445376056631,633.39562217682,628.09338060302,622.526026950529,616.680305615413,610.542298213542,604.097390441577,597.330237281014,590.224726462423,582.763940102902,574.930114425405,566.704597464033,558.067804654593,548.999172204681,539.477108132273,529.478940856245,518.980865216415,507.957885794594,496.383757401681,484.230922589124,471.470446035938,458.071945655093,444.003520255205,429.231673585324,413.721234581948,397.435273628404,380.335014627182,362.379742675899,343.526707127052,323.731019800763,302.945548108159,281.122994305324,258.432796835783,234.608089492765,209.592146782596,183.325406936919,155.745330098958,126.786249419098,96.379214705246,64.4518282557011,,,,,,,,,,,,,,,,,,,,,,6.39629015716171,6.98178426743607,6.09377881726422,3.16206399632122,1.50371795603707,1.09960038170172,1.30771108642976,1.90887380989023,2.81382334324959,3.98976771884394,5.40624941941311,6.97460450585737,8.58961024599173,10.1926847409332,11.7716763122933,13.3237727219569,14.8282077743697,16.2405820495108,17.5025087647366,18.5580014077295,19.3685762094014,19.921180539843,20.2272680532608,20.3154710136326,20.2221006973175,19.9829547164798,19.6279570638926,19.1788377883721,18.6495951838444,18.0490022433473,17.3834240336184,16.658625036343,15.8844329203681,15.0722492696263,14.2325407490092,13.3777350461832,12.5215707531198,11.6787889673366,10.8643941529986,10.0923901526866,,,,,,,,,,,,,,,,,,,,,
264552.937836236,3842171.72572765,638.877057017818,L5_1,272,638.877057017818,633.821198770932,628.512547611702,622.93846389451,617.085675991459,610.940248693255,604.48755003014,597.71221643387,590.598116157787,583.128310867899,575.285015313517,567.049554981416,558.40232163271,549.322726616568,539.78915184962,529.778898344324,519.268132163763,508.231827674174,496.643707960106,484.476182260334,471.700280275574,458.285583191575,444.200151253377,429.410447718269,413.881259006406,397.575610858949,380.454680304119,362.477703221548,343.601877284849,323.782260051314,302.971661956103,281.122994305324,258.432796835783,234.608089492765,209.592146782596,183.325406936919,155.745330098958,126.786249419098,96.379214705246,64.4518282557011,,,,,,,,,,,,,,,,,,,,,,5.89845926916751,6.28087446443705,5.25644692521585,2.75465426847821,1.40955078815902,1.11332778922301,1.3815090466469,2.04231025793063,3.00305215182635,4.21774538107209,5.64267668019842,7.18190763196324,8.73608650501834,10.2613942093854,11.7601260361165,13.239465884924,14.6845778453995,16.0541663140481,17.2907895572371,18.3375734660229,19.1536729144222,19.7227561071512,20.0527447581712,20.1690225766191,20.105263488864,19.8953147488881,19.5677325933167,19.1433158647419,18.6354524488432,18.05257946977,17.4009714874931,16.6864698817075,15.9194400175328,15.1118817593048,14.274557481053,13.4201958666355,12.5628210757703,11.7174802063115,10.8995378440673,10.1233767165324,,,,,,,,,,,,,,,,,,,,,
264557.892324602,3842175.11968928,639.308737979006,L5_1,278,639.308737979006,634.246775365044,628.931714620384,623.350900838491,617.491046367504,611.338199172967,604.877709618703,598.094195586727,590.971505853151,583.492681632896,575.639916201629,567.394512498799,558.736838610827,549.646281028456,540.101195566967,530.078855832403,519.555399111111,508.505769553754,496.90365851853,484.721441931545,471.93011451521,458.499220728058,444.396782251549,429.589221851214,414.041283430863,397.715948089494,380.574345981057,362.575663767198,343.677047442646,323.833500301866,302.997775804047,281.122994305324,258.432796835783,234.608089492765,209.592146782596,183.325406936919,155.745330098958,126.786249419098,96.379214705246,64.4518282557011,,,,,,,,,,,,,,,,,,,,,,6.67581372793918,6.5204444435404,4.75707327255859,2.41603556891566,1.3313358029419,1.15265361889891,1.50085198970826,2.23743111388615,3.25886718012096,4.5072591228335,5.92956133496229,7.42622224730437,8.90718503816123,10.3452423106007,11.7570546465826,13.1587796104243,14.5405120210171,15.8635117626766,17.0712223666345,18.1061144576915,18.9252793759819,19.5093097809819,19.8626273879207,20.0072509671383,19.9740065735325,19.794557052241,19.4958898006916,19.0977138928306,18.612691633672,18.048857684518,17.4123679788701,16.7091303148957,15.9500725786922,15.1478262070875,14.3134697424024,13.4600550967238,12.601903569685,11.7543778447876,10.933209689326,10.1531680720293,,,,,,,,,,,,,,,,,,,,,
264563.259083055,3842178.79650188,639.740418940193,L5_1,284.5,639.740418940193,634.672351959156,629.350881629067,623.763337782473,617.896416743549,611.73614965268,605.267869207267,598.476174739583,591.344895548515,583.857052397894,575.994817089741,567.739470016181,559.071355588943,549.969835440343,540.413239284313,530.378813320482,519.842666058459,508.779711433335,497.163609076954,484.966701602755,472.159948754846,458.712858264541,444.593413249721,429.76799598416,414.201307855321,397.85628532004,380.694011657994,362.673624312847,343.752217600442,323.884740552417,303.023889651991,281.122994305324,258.432796835783,234.608089492765,209.592146782596,183.325406936919,155.745330098958,126.786249419098,96.379214705246,64.4518282557011,,,,,,,,,,,,,,,,,,,,,,8.88536360888723,7.64676357389578,4.5475443288367,2.15843221017968,1.27148760514364,1.21342315336874,1.66395247566145,2.49661290956122,3.5853798313014,4.86125571557301,6.26725136181135,7.7056344873276,9.09988990097433,10.4411141572671,11.7597831265529,13.0796490097331,14.3945534238526,15.6676851311744,16.8432850812663,17.8633968757886,18.6833562589859,19.2809043026988,19.6570191019431,19.8302610764859,19.8284171799209,19.6807446532654,19.4124683198066,19.0420524063864,18.5813194614898,18.0378348756258,17.4176071602458,16.7265996313678,15.9763249035863,15.1800772060016,14.3492722987213,13.4973077759859,12.638813651277,11.7894778730125,10.9654063425254,10.181761477361,,,,,,,,,,,,,,,,,,,,,
264568.213013935,3842182.19048273,640.177002337454,L5_1,290.5,640.177002337454,635.102761664372,629.774808957636,624.180458615562,618.306390756385,612.138619504249,605.662459689507,598.862491884027,591.722525688273,584.225561182732,576.353748451914,568.088345084554,559.409671548827,550.297064336313,540.728826763174,530.682177311377,520.133195386991,509.056764366386,497.42651179475,485.214746594532,472.392393134304,458.928922001064,444.792277311162,429.948800386765,414.363149616148,397.998216307001,380.815036332396,362.77269735906,343.828241437058,323.936562718956,303.050300064949,281.122994305324,258.432796835783,234.608089492765,209.592146782596,183.325406936919,155.745330098958,126.786249419098,96.379214705246,64.4518282557011,,,,,,,,,,,,,,,,,,,,,,10.6989527784621,8.82983390536176,4.76773331489399,2.13636312104374,1.29626501934828,1.30945163880159,1.84865721265459,2.76874455958402,3.91115202820171,5.19724117142531,6.57223104966023,7.94497830087613,9.25283212464572,10.5023151869595,11.7345046342303,12.9786192502276,14.2312345573387,15.4572274436464,16.6018710304027,17.6072827751045,18.4276222885537,19.0382692317904,19.4370696398641,19.6392485234119,19.669538783978,19.5546934887389,19.3180462373133,18.97669803634,18.5415405362931,18.0196061605964,17.4167159510395,16.7388744115372,15.9981785776134,15.2086048130712,14.3819296347216,13.5319124211921,12.673506391325,11.8227329142273,10.9960818805094,10.2091142644743,,,,,,,,,,,,,,,,,,,,,
264573.579772389,3842185.86729533,640.618486881496,L5_1,297,640.618486881496,635.538003209631,630.203495354173,624.602262105943,618.7209671953,612.545607539126,606.061479900142,599.25314587921,592.104395157231,584.598206899153,576.716709228171,568.44113667364,559.751785491383,550.627966750012,541.047957071573,530.988946909212,520.426986238733,509.336927534731,497.692365895528,485.465576174364,472.627446967143,459.147411299561,444.993373848599,430.13163452509,414.526808235405,398.141740631235,380.937419646858,362.872882613261,343.905118727984,323.988966648444,303.077006964927,281.122994305324,258.432796835783,234.608089492765,209.592146782596,183.325406936919,155.745330098958,126.786249419098,96.379214705246,64.4518282557011,,,,,,,,,,,,,,,,,,,,,,11.6353554416125,9.90117305408047,5.38823525470789,2.32943636043427,1.40290865529884,1.43670921353548,2.04412734593059,3.0383018309756,4.21931967609828,5.4991175941867,6.83057750558902,8.13343342645972,9.35836762167876,10.5237887924187,11.6779984195617,12.8536871729179,14.0493464178947,15.2314544763691,16.3466480863355,17.3376736246541,18.1581239625913,18.7815284235697,19.2029310409709,19.4343614691327,19.4974978175267,19.4165016739472,19.2126938895649,18.9016972634242,18.493382909876,17.9941866899669,17.4097012273142,16.745956708828,16.0156329613595,15.2334067801557,14.4114385627355,13.5638653756352,12.7059780677143,11.8541395626483,11.0252333489048,10.235223978956,,,,,,,,,,,,,,,,,,,,,
264578.534243548,3842189.26120076,641.059971425538,L5_1,303,641.059971425538,635.973244754891,630.632181750711,625.024065596323,619.135543634215,612.952595574002,606.460500110778,599.643799874393,592.486264626188,584.970852615574,577.079670004429,568.793928262726,560.093899433938,550.958869163711,541.367087379973,531.295716507047,520.720777090476,509.617090703076,497.958219996305,485.716405754197,472.862500799982,459.365900598058,445.194470386036,430.314468663414,414.690466854661,398.28526495547,381.05980296132,362.973067867462,343.981996018911,324.041370577932,303.103713864905,281.122994305324,258.432796835783,234.608089492765,209.592146782596,183.325406936919,155.745330098958,126.786249419098,96.379214705246,64.4518282557011,,,,,,,,,,,,,,,,,,,,,,11.7156660127039,10.1934666010754,5.82399716609077,2.59807353138882,1.54973877043413,1.54529583722462,2.15911989581228,3.17587922013197,4.36898781246737,5.63784106144772,6.93712601576445,8.1927084814146,9.3619289804201,10.4690147776532,11.5664114722118,12.6896617690582,13.8396741011577,14.9853433952384,16.0755360492398,17.0544847786473,17.8760114121946,18.5124645369659,18.9565762654378,19.21747836371,19.3139169521183,19.267469628479,19.0973884699029,18.8177416395179,18.4373058685911,17.9618600276348,17.3967268384862,16.7479346234187,16.0287350289556,15.2545035182526,14.4377977131529,13.593148511914,12.736197121611,11.8836611061422,11.0528218765988,10.2600520228916,,,,,,,,,,,,,,,,,,,,,
264583.902172606,3842192.93784992,641.50145596958,L5_1,309.5,641.50145596958,636.40848630015,631.060868147249,625.445869086703,619.55012007313,613.359583608878,606.859520321414,600.034453869576,592.868134095146,585.343498331995,577.442630780686,569.146719851812,560.436013376494,551.28977157741,541.686217688372,531.602486104883,521.014567942218,509.897253871421,498.224074097083,485.967235334029,473.097554632822,459.584389896554,445.395566923474,430.497302801739,414.854125473917,398.428789279705,381.182186275781,363.073253121662,344.058873309837,324.09377450742,303.130420764883,281.122994305324,258.432796835783,234.608089492765,209.592146782596,183.325406936919,155.745330098958,126.786249419098,96.379214705246,64.4518282557011,,,,,,,,,,,,,,,,,,,,,,10.7251377036086,9.37888792545785,5.80991938539461,2.87382245723704,1.71195417584999,1.60816500561109,2.15556718436163,3.1362442027927,4.31864944771356,5.58258713391543,6.87219287864352,8.1115697900168,9.25763116792305,10.335104874715,11.3983993995478,12.4859518157464,13.6019861885451,14.718842262842,15.7885854968634,16.757833860278,17.5814462055856,18.2312615393556,18.6981910328785,18.9887699619329,19.1189413066441,19.1077120035537,18.9722145924472,18.7248896150233,18.3733467372676,17.9226477816767,17.377803992845,16.7448137331864,16.0374873678109,15.2718953268067,14.4610057333246,13.619759521964,12.7641608153306,11.911294703939,11.0788448007219,10.2835961194044,,,,,,,,,,,,,,,,,,,,,
264588.857184045,3842196.33167992,641.897170699852,L5_1,315.5,641.897170699852,636.798605259035,631.445111546178,625.823943147678,619.921716329253,613.724378169907,607.217173102594,600.384607781915,593.210414195201,585.677510929153,577.767962499802,569.462936648983,560.742659505623,551.586368505095,541.972262954541,531.877452126459,521.277900756974,510.148371819013,498.462366434155,486.192060780054,473.308239843248,459.780227859602,445.575815276773,430.661182064803,415.000817192234,398.557434076037,381.29188180403,363.163051918422,344.127780538535,324.140745589652,303.154358893326,281.122994305324,258.432796835783,234.608089492765,209.592146782596,183.325406936919,155.745330098958,126.786249419098,96.379214705246,64.4518282557011,,,,,,,,,,,,,,,,,,,,,,8.09229930706797,7.56486978055874,5.61387475062536,3.17660993624974,1.82566499375477,1.54680278742002,1.96316926678899,2.86200087896406,4.02541432336896,5.3068170837114,6.62294666280988,7.88561371499874,9.04511888749284,10.1232998719888,11.1757497096265,12.2445697903242,13.3384980515521,14.4344328010604,15.4885800971353,16.4507605620146,17.2775983851854,17.9410521000456,18.4307070607373,18.7508363246161,18.9147647639989,18.9389961482951,18.8385365225206,18.6241494802299,18.3022206847998,17.8770364587357,17.3532471377967,16.7367978655244,16.0420194840904,15.2856567007833,14.4810997256855,13.6437073572938,12.7898578977674,11.9370143047938,11.1032687440993,10.3058216033457,,,,,,,,,,,,,,,,,,,,,
264594.225113103,3842200.00832909,642.247196834167,L5_1,322,642.247196834167,637.143681700865,631.784990810898,626.158365376432,620.250408670243,614.047054128744,607.533531860171,600.694333478169,593.513175177067,585.972958960909,578.055731933944,569.742643555631,561.013900758401,551.848720821311,542.225281887366,532.120671006723,521.510829582049,510.370496086141,498.673145915437,486.390928236198,473.494599672998,459.953454681637,445.735252440708,430.806140087733,415.130572117109,398.671225747954,381.388912060341,363.242482688347,344.188731847754,324.182293465131,303.175533163377,281.122994305324,258.432796835783,234.608089492765,209.592146782596,183.325406936919,155.745330098958,126.786249419098,96.379214705246,64.4518282557011,,,,,,,,,,,,,,,,,,,,,,4.69662747779933,5.44527409698245,5.72966127530214,3.6954675193859,1.93421429219393,1.39306744555887,1.62919520176308,2.39916191337858,3.52148210706434,4.83058706241217,6.20235031446057,7.52364305378806,8.73044415651318,9.83774567818178,10.9012851520439,11.9674220822827,13.0504867429463,14.1329709075803,15.1761067755234,16.1336900459371,16.9647997500906,17.6421123943525,18.1543616841688,18.503880684683,18.7015566976934,18.7614582242743,18.6964591382057,18.5155982142081,18.2239815332903,17.8250618115575,17.3230788081315,16.7239005190121,16.0423388483153,15.2957910762588,14.4980804747853,13.6649912126226,12.8132867007233,11.9608178722964,11.1260916093186,10.3267264888873,,,,,,,,,,,,,,,,,,,,,
264599.180114852,3842203.40216556,642.597222968483,L5_1,328,642.597222968483,637.488758142694,632.124870075617,626.492787605185,620.579101011232,614.369730087581,607.849890617748,601.004059174423,593.815936158931,586.268406992666,578.343501368086,570.022350462278,561.28514201118,552.111073137526,542.47830082019,532.363889886987,521.743758407124,510.592620353268,498.883925396719,486.589795692343,473.680959502747,460.126681503672,445.894689604644,430.951098110663,415.260327041984,398.785017419871,381.485942316652,363.321913458272,344.249683156974,324.22384134061,303.196707433428,281.122994305324,258.432796835783,234.608089492765,209.592146782596,183.325406936919,155.745330098958,126.786249419098,96.379214705246,64.4518282557011,,,,,,,,,,,,,,,,,,,,,,3.48608754191299,4.99814381369621,7.0190652362021,4.64222305126133,2.07739695827464,1.24571493642524,1.33096951172639,1.97351973470168,3.02592628040002,4.3331703050982,5.74439476402876,7.12007520866929,8.37738912284547,9.52059637866985,10.6028399577852,11.6731840958502,12.750869402762,13.8238005754858,14.858316474937,15.8124183727214,16.6479654497036,17.3387067105554,17.8728562987389,18.2510688388976,18.481960859725,18.5772455640361,18.5476717736825,18.4005252313296,18.1395827646524,17.767407484734,17.2877798907305,16.7064469101419,16.0386551598058,15.3024276811177,14.5120176297806,13.6836406419152,12.8344513241185,11.9826921807669,11.1472894164991,10.3462821545996,,,,,,,,,,,,,,,,,,,,,
264604.548022915,3842207.07882874,642.947249102798,L5_1,334.5,642.947249102798,637.833834584524,632.464749340336,626.827209833938,620.907793352221,614.692406046418,608.166249375325,601.313784870677,594.118697140796,586.563855024422,578.631270802229,570.302057368926,561.556383263958,552.373425453742,542.731319753015,532.607108767251,521.9766872322,510.814744620396,499.094704878001,486.788663148487,473.867319332497,460.299908325708,446.054126768579,431.096056133594,415.390081966859,398.898809091788,381.582972572963,363.401344228197,344.310634466193,324.265389216088,303.217881703479,281.122994305324,258.432796835783,234.608089492765,209.592146782596,183.325406936919,155.745330098958,126.786249419098,96.379214705246,64.4518282557011,,,,,,,,,,,,,,,,,,,,,,3.61491841391,6.03450145179108,9.99299066557236,6.13608222234509,2.25349193110632,1.12130236912644,1.09201256390844,1.61711160553355,2.57607301743242,3.8476510994819,5.27375757805011,6.69189489553497,7.99723803548479,9.17923485509524,10.2852136287427,11.3649625194629,12.4416475261806,13.5082086677932,14.5360442196709,15.4875047536523,16.3274923700839,17.0311377508144,17.5864361597656,17.9926056506816,18.2561484517948,18.3864982559864,18.392285478601,18.2790153640263,18.04908665078,17.7041172514155,17.2473796969504,16.6844556342729,16.0309794769721,15.3055725338009,14.5229138928446,13.6996561467533,12.8533510014656,12.0026358163037,11.1668605120344,10.3644870110911,,,,,,,,,,,,,,,,,,,,,
264609.503014973,3842210.47267168,643.243437656723,L5_1,340.5,643.243437656723,638.125834759022,632.752351716436,627.110194521721,621.18592946727,614.965451160096,608.433948937563,601.575871603904,594.374890403562,586.813860143203,578.874778369826,570.53874250778,561.785904852632,552.595425314726,542.945421799925,532.812918109384,522.173789234316,511.002703915495,499.273064330732,486.956942766732,474.025015124531,460.44649110022,446.189040874694,431.218718137891,415.499879264249,398.995098446924,381.665078588733,363.468557737632,344.362210843977,324.300546605638,303.235799155383,281.122994305324,258.432796835783,234.608089492765,209.592146782596,183.325406936919,155.745330098958,126.786249419098,96.379214705246,64.4518282557011,,,,,,,,,,,,,,,,,,,,,,3.14486140830813,5.66260873679258,10.4182147128477,6.48399339510686,2.25790999240059,1.04187439294973,0.960651857876469,1.40598681230848,2.27989861826176,3.49581197814236,4.90432258117215,6.3324649966087,7.65998429004773,8.86338302692022,9.98284938755104,11.0665100413323,12.139379770561,13.1980234520731,14.2180613205008,15.1657638439639,16.0089132826552,16.7240424421151,17.2990436643129,17.731838034955,18.0269271526132,18.1915234946209,18.2321535428314,18.1525203049074,17.9535986954593,17.6360084627789,17.2024622434633,16.6583380799815,16.019594804333,15.3054063613929,14.5308764870494,13.7130906608463,12.8700009660719,12.0206423313933,11.1847884258686,10.3813194250023,,,,,,,,,,,,,,,,,,,,,
264614.870923036,3842214.14933486,643.485733408706,L5_1,347,643.485733408706,638.364704225521,632.987623583177,627.341688908716,621.413457500531,615.188814521938,608.652939394414,601.790270510515,594.58446818242,587.018375737921,579.073978671197,570.732361751136,561.973663985073,552.777031330706,543.120567043621,532.981279542182,522.335027665671,511.156463195334,499.41897050148,487.094603172934,474.154017477961,460.566402498238,446.29940676953,431.319061254386,415.589698463485,399.073867533039,381.732245056071,363.523541455254,344.404402674397,324.329306954496,303.250456448601,281.122994305324,258.432796835783,234.608089492765,209.592146782596,183.325406936919,155.745330098958,126.786249419098,96.379214705246,64.4518282557011,,,,,,,,,,,,,,,,,,,,,,2.1663788050313,3.7554340005233,7.17862662387082,5.19189917012324,2.0381337207239,0.992972865771187,0.912751029550159,1.31165591065937,2.11647934310595,3.26852883570698,4.63537859592395,6.04497707250288,7.36980249098705,8.57683978166598,9.69874125810701,10.7800121548152,11.845587456162,12.8942723182866,13.905052510046,14.8476571770625,15.6925535102714,16.4176671904557,17.010879499527,17.4689372753577,17.7944450016167,17.9924474145436,18.0673802626685,18.0211232388598,17.8531827037997,17.5631279806619,17.1530604359164,16.6281161918141,16.0045149663271,15.3019373268524,14.5359097456585,13.7239459568154,12.8844013959394,12.0367109655012,11.201071986895,10.3967781350555,,,,,,,,,,,,,,,,,,,,,
264619.82536125,3842217.54326228,643.728029160689,L5_1,353,643.728029160689,638.60357369202,633.222895449918,627.573183295711,621.640985533793,615.412177883779,608.871929851265,602.004669417125,594.794045961278,587.222891332638,579.273178972567,570.925980994492,562.161423117514,552.958637346686,543.295712287317,533.14964097498,522.496266097025,511.310222475173,499.564876672229,487.232263579137,474.28301983139,460.686313896257,446.409772664366,431.419404370881,415.679517662722,399.152636619155,381.799411523409,363.578525172876,344.446594504817,324.358067303354,303.265113741819,281.122994305324,258.432796835783,234.608089492765,209.592146782596,183.325406936919,155.745330098958,126.786249419098,96.379214705246,64.4518282557011,,,,,,,,,,,,,,,,,,,,,,1.88569131698578,2.88489896423812,4.9641547927678,3.95197873980595,1.80765554592626,0.984666860178333,0.930983973430936,1.31133989791972,2.07349169803979,3.1732124794828,4.49076319138604,5.86084253810497,7.15806418953569,8.34678667888099,9.45463946307858,10.5221576451963,11.5728728540435,12.6065164795948,13.6044318678936,14.5391224351706,15.3833397047619,16.116216933434,16.7255849854084,17.2070569550132,17.5614024934593,17.7915441550882,17.8998405436955,17.8863319793706,17.7490212150848,17.4863858624388,17.0998564218605,16.5942718079076,15.9860645265215,15.2953786789386,14.5381447751005,13.7322955990403,12.8965858749876,12.0508503759673,11.2157020996402,10.4108440143268,,,,,,,,,,,,,,,,,,,,,
264625.192069316,3842221.22010851,643.970324912672,L5_1,359.5,643.970324912672,638.842443158519,633.458167316659,627.804677682705,621.868513567054,615.635541245621,609.090920308116,602.219068323735,595.003623740136,587.427406927356,579.472379273938,571.119600237848,562.349182249954,553.140243362666,543.470857531013,533.318002407777,522.65750452838,511.463981755012,499.710782842977,487.369923985339,474.41202218482,460.806225294275,446.520138559202,431.519747487376,415.769336861958,399.23140570527,381.866577990747,363.633508890498,344.488786335237,324.386827652213,303.279771035037,281.122994305324,258.432796835783,234.608089492765,209.592146782596,183.325406936919,155.745330098958,126.786249419098,96.379214705246,64.4518282557011,,,,,,,,,,,,,,,,,,,,,,2.18037696044864,2.78105868775109,3.78141898903179,3.04127653688091,1.62869042639433,1.02435500503613,1.01541092152017,1.40110982342241,2.14406564863508,3.20286193857512,4.46516452906074,5.77682529299757,7.02325961859628,8.17284005940948,9.25074164682013,10.2933606755186,11.321670456568,12.3351278409526,13.31648953402,14.2403794539425,15.0814431474389,15.8198348642768,16.4432890587892,16.946317961152,17.3279131730332,17.5889178282038,17.7296265659148,17.7482250935646,17.6411786297597,17.405832925827,17.0428884412755,16.5568314023823,15.9642603416337,15.2857406797109,14.5375874092647,13.7381425383513,12.9065554564462,12.0630605026114,11.2286780587501,10.4235160477234,,,,,,,,,,,,,,,,,,,,,
264630.145953684,3842224.61412041,644.212620664655,L5_1,365.5,644.212620664655,639.081312625018,633.6934391834,628.0361720697,622.096041600316,615.858904607463,609.309910764966,602.433467230345,595.213201518993,587.631922522074,579.671579575308,571.313219481204,562.536941382395,553.321849378646,543.646002774709,533.486363840575,522.818742959734,511.617741034852,499.856689013725,487.507584391542,474.54102453825,460.926136692293,446.630504454038,431.620090603871,415.859156061195,399.310174791386,381.933744458086,363.688492608121,344.530978165657,324.415588001071,303.294428328255,281.122994305324,258.432796835783,234.608089492765,209.592146782596,183.325406936919,155.745330098958,126.786249419098,96.379214705246,64.4518282557011,,,,,,,,,,,,,,,,,,,,,,2.77317593741647,3.13963377982059,3.48935179127806,2.65434501075553,1.56726652480373,1.10650285581133,1.14774941661375,1.55718293934948,2.29954953943616,3.32788451126141,4.53371434972561,5.77666882607537,6.95795807030596,8.05401130699795,9.08967043133639,10.0977778256804,11.096496941523,12.0844556981974,13.0452441893608,13.9551166527775,14.7902632629545,15.5316639939031,16.1668876688031,16.689356570867,17.0963323926569,17.3866244105628,17.5584860517725,17.6082510412115,17.5308285179446,17.3223854754984,16.9828484138401,16.5163017053335,15.9394543493734,15.2732567833219,14.5343831243775,13.7415706219166,12.9143522439664,12.073352027853,11.2399936692959,10.4347808771524,,,,,,,,,,,,,,,,,,,,,
264635.51266175,3842228.29096664,644.454916416637,L5_1,372,644.454916416637,639.320182091517,633.928711050141,628.267666456695,622.323569633578,616.082267969304,609.528901221817,602.647866136956,595.422779297851,587.836438116791,579.870779876679,571.50683872456,562.724700514836,553.503455394626,543.821148018405,533.654725273372,522.979981391089,511.771500314691,500.002595184473,487.645244797744,474.670026891679,461.046048090311,446.740870348874,431.720433720366,415.948975260432,399.388943877501,382.000910925424,363.743476325743,344.573169996077,324.444348349929,303.309085621473,281.122994305324,258.432796835783,234.608089492765,209.592146782596,183.325406936919,155.745330098958,126.786249419098,96.379214705246,64.4518282557011,,,,,,,,,,,,,,,,,,,,,,3.74874069415283,4.03713879777792,3.89003404648813,2.65036594319555,1.60666870854734,1.23275021812238,1.33524052402457,1.78867610959737,2.54602342389816,3.54957766712844,4.6942149262205,5.85682808934771,6.95879241536726,7.98773405242092,8.96970293378368,9.93434421154358,10.8967300024578,11.8541494983481,12.7905034927738,13.6832333270861,14.5097561161429,15.2516998542815,15.8964058582339,16.4362194152334,16.8667204844985,17.1847303031036,17.3864847763801,17.4664699546775,17.4180224104904,17.2360852288175,16.919768259559,16.472705952042,15.9116626773981,15.25793762076,14.5285385058252,13.7425835846519,12.9199780154617,12.0817253684332,11.2496486097504,10.4446378534079,,,,,,,,,,,,,,,,,,,,,
264640.467088333,3842231.68490182,644.69721216862,L5_1,378,644.69721216862,639.559051558016,634.163982916881,628.49916084369,622.551097666839,616.305631331146,609.747891678668,602.862265043566,595.632357076709,588.040953711509,580.069980178049,571.700457967917,562.912459647277,553.685061410606,543.9962932621,533.82308670617,523.141219822443,511.92525959453,500.148501355221,487.782905203947,474.799029245109,461.165959488329,446.85123624371,431.820776836861,416.038794459668,399.467712963616,382.068077392762,363.798460043365,344.615361826498,324.473108698787,303.323742914691,281.122994305324,258.432796835783,234.608089492765,209.592146782596,183.325406936919,155.745330098958,126.786249419098,96.379214705246,64.4518282557011,,,,,,,,,,,,,,,,,,,,,,5.3758132479367,5.44843579523569,4.51918463020931,2.74257054283441,1.67135187446278,1.37071537147242,1.54711346095938,2.05775771909789,2.83547742277265,3.8135266405122,4.89445149896893,5.97458358596056,6.99512688472509,7.95421021465318,8.87912341517142,9.79675043039418,10.7194541323915,11.6433523072789,12.5526396197449,13.425836415531,14.2414716923372,14.9817467812655,15.6337618902154,16.18883204448,16.6409227136871,16.9849337212468,17.2151347392871,17.3241807003038,17.3038317479353,17.1477895735992,16.8543099413271,16.4265354744827,15.8812366275336,15.2400198290437,14.5202041671169,13.7412685873391,12.9234763777493,12.088198959569,11.2576442000408,10.4530768017806,,,,,,,,,,,,,,,,,,,,,
264645.834971198,3842235.36158183,644.939507920603,L5_1,384.5,644.939507920603,639.797921024515,634.399254783622,628.730655230685,622.778625700101,616.528994692988,609.966882135519,603.076663950176,595.841934855567,588.245469306227,580.26918047942,571.894077211273,563.100218779718,553.866667426585,544.171438505796,533.991448138968,523.302458253798,512.079018874369,500.29440752597,487.92056561015,474.928031598539,461.285870886347,446.961602138546,431.921119953355,416.128613658905,399.546482049732,382.1352438601,363.853443760987,344.657553656918,324.501869047645,303.338400207909,281.122994305324,258.432796835783,234.608089492765,209.592146782596,183.325406936919,155.745330098958,126.786249419098,96.379214705246,64.4518282557011,,,,,,,,,,,,,,,,,,,,,,8.11151085637407,7.64052623728182,5.38560450602336,2.88780716681207,1.73955391385268,1.50742598158567,1.77360785613252,2.35646662136996,3.16003753011409,4.11189307044026,5.12744123648636,6.12422525072469,7.06251359799789,7.9501066316928,8.81553132281401,9.68333155561902,10.5635499089983,11.4513277284284,12.3311746876743,13.1826197511612,13.9852193698155,14.7216947251727,15.3789037534218,15.9471842541572,16.4189575332736,16.7872705772335,17.0444799613815,17.1814282002481,17.1882976560759,17.0575333619108,16.7865012400301,16.3778114904086,15.8481919202676,15.2195145015544,14.5093874180025,13.7376299826367,12.9248495649318,12.092773691399,11.2639805092124,10.4600973152795,,,,,,,,,,,,,,,,,,,,,
264650.789939996,3842238.7554403,645.155523199271,L5_1,390.5,645.155523199271,640.010881647839,634.609008018836,628.937040708382,622.981475032405,616.72813107263,610.162119914866,603.267808199213,596.028780897778,588.427802231272,580.44677463144,572.066695651616,563.267612722801,554.028575647546,544.327586718527,534.141548343058,523.446208048815,512.21610073986,500.424488065458,488.043294757335,475.043041783806,461.392776161601,447.059997258285,432.010579409804,416.208690668898,399.616707490947,382.195125154099,363.902463700409,344.695169174033,324.527509921339,303.351467706011,281.122994305324,258.432796835783,234.608089492765,209.592146782596,183.325406936919,155.745330098958,126.786249419098,96.379214705246,64.4518282557011,,,,,,,,,,,,,,,,,,,,,,9.47506077492639,8.63182262153477,5.56156033418252,2.78382159648511,1.71105619270386,1.58568341694943,1.95436318448144,2.61283560671007,3.44237940609807,4.37166333262608,5.33128058816802,6.25741599719509,7.1254900863397,7.95063881753818,8.76227438795987,9.58328778487272,10.4222787279267,11.2741011001001,12.1240074052571,12.9527597132249,13.7410465719947,14.4721760015858,15.132844279996,15.7125052597917,16.2021426656032,16.5930498060909,16.8757407701705,17.0392983843928,17.0723504900252,16.9660788846173,16.7169390704652,16.3269819313042,15.8128515645606,15.1966456913937,14.4962339929985,13.731755090295,12.9241435437686,12.0954665807309,11.2686574826781,10.4656907382671,,,,,,,,,,,,,,,,,,,,,
264656.15782286,3842242.4321203,645.345312961732,L5_1,397,645.345312961732,640.197987607952,634.793295986482,629.11836978394,623.15969727127,616.903091132967,610.333654687748,603.435746420269,596.192942739416,588.58799887452,580.602807816379,572.218357205331,563.414684063731,554.170827265051,544.464777626437,534.273425505892,523.572505779319,512.336540066419,500.538776067873,488.1511238694,475.144089061003,461.486702512186,447.146446635929,432.089177965859,416.279045862285,399.678407153532,382.247736509342,363.945532332943,344.728217947723,324.550037843242,303.362948733538,281.122994305324,258.432796835783,234.608089492765,209.592146782596,183.325406936919,155.745330098958,126.786249419098,96.379214705246,64.4518282557011,,,,,,,,,,,,,,,,,,,,,,9.18139326329369,8.25241338885406,5.03944756583441,2.44164100929848,1.58207878789661,1.59388080191018,2.07157567602972,2.8068743688429,3.66498550358891,4.57991565055384,5.49729201475599,6.36843859309049,7.18016566609764,7.95304571479804,8.71734830227745,9.49516252215896,10.2945928181953,11.1109276904568,11.9306134644016,12.7358905994317,13.5087024969866,14.2330249967739,14.8954825731263,15.4847435962365,15.9904631189387,16.4022814037469,16.7089424054429,16.8978238723887,16.9560242632807,16.8734575809034,16.6456501444387,16.2740679940282,15.7752314513844,15.171424719386,14.4807515531417,13.7236487864223,12.9213611261862,12.0962789778138,11.271675523849,10.4698569658683,,,,,,,,,,,,,,,,,,,,,
264661.112781968,3842245.82598524,645.535102724192,L5_1,403,645.535102724192,640.385093568064,634.977583954129,629.299698859498,623.337919510135,617.078051193304,610.505189460631,603.603684641325,596.357104581053,588.748195517768,580.758841001318,572.370018759046,563.561755404661,554.313078882556,544.601968534346,534.405302668725,523.698803509824,512.456979392977,500.653064070288,488.258952981464,475.2451363382,461.580628862772,447.232896013573,432.167776521914,416.349401055671,399.740106816117,382.300347864585,363.988600965476,344.761266721412,324.572565765145,303.374429761065,281.122994305324,258.432796835783,234.608089492765,209.592146782596,183.325406936919,155.745330098958,126.786249419098,96.379214705246,64.4518282557011,,,,,,,,,,,,,,,,,,,,,,10.3208808029495,8.59452550308785,4.62514006670793,2.15164853878865,1.46727396307314,1.5871474172228,2.14419770092946,2.9285444543361,3.80115323851378,4.70479430775767,5.59505405761674,6.43108991107308,7.20529493887355,7.94080684827486,8.66830928512442,9.40983034495773,10.1739794898116,10.9573186271636,11.748061174498,12.5302708013414,13.2873488280927,14.0040806675162,14.66714339345,15.2645503084331,15.7847603620424,16.2158854368872,16.5450061711925,16.7578676448724,16.8400808999026,16.7803114311594,16.5731531824847,16.2194671397476,15.7356190916469,15.144047436691,14.4630661920985,13.7133875468928,12.9165449421058,12.0952305802506,11.2730381839237,10.4725900624814,,,,,,,,,,,,,,,,,,,,,
264666.480643837,3842249.50267926,645.724892486652,L5_1,409.5,645.724892486652,640.572199528176,635.161871921776,629.481027935056,623.516141748999,617.25301125364,610.676724233513,603.77162286238,596.52126642269,588.908392161016,580.914874186257,572.521680312761,563.70882674559,554.455330500061,544.739159442255,534.537179831559,523.825101240328,512.577418719535,500.767352072703,488.366782093529,475.346183615397,461.674555213358,447.319345391217,432.246375077968,416.419756249058,399.801806478702,382.352959219828,364.03166959801,344.794315495102,324.595093687048,303.385910788591,281.122994305324,258.432796835783,234.608089492765,209.592146782596,183.325406936919,155.745330098958,126.786249419098,96.379214705246,64.4518282557011,,,,,,,,,,,,,,,,,,,,,,13.3572816277927,9.71369510933031,4.32874130549814,1.93368064516221,1.37966183588154,1.57069972861508,2.17078543085497,2.97395383124004,3.84768467200341,4.74418685547254,5.62305515931442,6.4441412574461,7.19980214629415,7.91295661196906,8.61429865678075,9.32654840409899,10.0598161714674,10.8127664991156,11.5759459187013,12.3355836082392,13.0767431765341,13.7851640384195,14.4477022481286,15.051846893214,15.5849934174655,16.0338497344528,16.3839399824816,16.6194500207083,16.7245468827976,16.6866683804651,16.4994741268567,16.1632007021569,15.6940305103908,15.1145254189459,14.4431859363885,13.700976634495,12.9096981624801,12.0923231157876,11.2727462574477,10.4738901998953,,,,,,,,,,,,,,,,,,,,,
264671.435593255,3842252.89655066,645.938332020811,L5_1,415.5,645.938332020811,640.782620830394,635.369124080457,629.684952493023,623.716572326217,617.449773151071,610.869634017168,603.960487926569,596.705884531441,589.088550966556,581.090350723427,572.692240468141,563.874224700091,554.615308143639,544.893445759364,534.685490255875,523.967136977212,512.712866034616,500.89588154489,488.488047830677,475.459822430754,461.780185760835,447.416567257419,432.334767828834,416.498878428818,399.871194558802,382.412126495285,364.080105028593,344.831482488565,324.620428821537,303.398822471157,281.122994305324,258.432796835783,234.608089492765,209.592146782596,183.325406936919,155.745330098958,126.786249419098,96.379214705246,64.4518282557011,,,,,,,,,,,,,,,,,,,,,,13.0269339791202,9.42015877147051,4.17749105886516,1.89021132898569,1.37816933010115,1.58344932610829,2.17901453797789,2.96645496199609,3.82640319654263,4.71633239333762,5.59352698631541,6.41348880703168,7.16461717865386,7.8673170746701,8.5516164352642,9.24119786533518,9.94823622387126,10.6740087601345,11.4117475815637,12.1500585396667,12.8757986890976,13.5757636405226,14.2371010729675,14.8469082904858,15.3916605854501,15.856798774728,16.22641032766,16.4832194172136,16.6100133724294,16.5930387319516,16.4250303954865,16.1055910504561,15.6507016061445,15.0830250778638,14.4212221729078,13.6864845594533,12.9008575359053,12.0875718067622,11.2708020737146,10.4737526396396,,,,,,,,,,,,,,,,,,,,,
264676.803455124,3842256.57324468,646.175436760635,L5_1,422,646.175436760635,641.016372690436,635.599355416727,629.911487279333,623.939225735069,617.668351113592,611.083932761041,604.170293490862,596.910972257174,589.288684961802,581.285283301662,572.881711558514,564.057961228209,554.793023381389,545.064838642228,534.850244666108,524.124920991183,512.863331132512,501.038661780906,488.622758961721,475.586061001576,461.897528143425,447.524568642365,432.432961166253,416.586773316335,399.948276073921,382.477853969386,364.133910759625,344.872770389375,324.648573000613,303.413165742413,281.122994305324,258.432796835783,234.608089492765,209.592146782596,183.325406936919,155.745330098958,126.786249419098,96.379214705246,64.4518282557011,,,,,,,,,,,,,,,,,,,,,,9.37781663724382,7.73708790488993,4.14739918510828,2.00820201439144,1.45797318513723,1.62160288692326,2.16740513891658,2.90891127525297,3.74284341961323,4.62684259320545,5.51078681649793,6.34193208030447,7.10132154023749,7.80464529992934,8.48051638607451,9.1537513999773,9.83907252554882,10.5408227196199,11.2552348556375,11.9734805341243,12.6843292620884,13.3757282926426,14.0352255414404,14.6496559459326,15.2047152293497,15.6847119342977,16.0724158806227,16.3491871967111,16.4964986233198,16.4994430817557,16.3498418175842,16.0466554398564,15.6056463355441,15.0495571483849,14.3971827549417,13.6699167414211,12.8900265472515,12.0809787013748,11.2672066795958,10.4721778076255,,,,,,,,,,,,,,,,,,,,,
264681.757847062,3842259.9671353,646.412541500459,L5_1,428,646.412541500459,641.250124550478,635.829586752997,630.138022065643,624.161879143921,617.886929076112,611.298231504913,604.380099055155,597.116059982908,589.488818957049,581.480215879897,573.071182648887,564.241697756327,554.970738619139,545.236231525091,535.014999076342,524.282705005154,513.013796230408,501.181442016923,488.757470092765,475.712299572399,462.014870526014,447.632570027311,432.531154503672,416.674668203851,400.025357589039,382.543581443487,364.187716490657,344.914058290185,324.67671717969,303.42750901367,281.122994305324,258.432796835783,234.608089492765,209.592146782596,183.325406936919,155.745330098958,126.786249419098,96.379214705246,64.4518282557011,,,,,,,,,,,,,,,,,,,,,,7.92639685717768,6.97695358114005,4.25628756601623,2.23074623884462,1.60001980588675,1.68263993217148,2.15163348160306,2.83507217611626,3.64071161291243,4.51979251046344,5.41213922587905,6.25661351460158,7.02699708414012,7.73406131002982,8.4047359272391,9.06477784452219,9.7313163502352,10.4116336412197,11.1048408276245,11.8045722290103,12.501448683722,13.1845674685869,13.8419310208108,14.4602159705003,15.0244726517753,15.5180177681848,15.92243507566,16.2178274328957,16.3844363623327,16.4062533957562,16.2742103821756,15.9866274445932,15.5590370432189,15.0142423032586,14.3711469758858,13.6513213770355,12.8772301608125,12.0725538078774,11.2619616429371,10.4691617376077,,,,,,,,,,,,,,,,,,,,,
264687.124501057,3842263.64387096,646.649646240284,L5_1,434.5,646.649646240284,641.48387641052,636.059818089268,630.364556851953,624.384532552772,618.105507038633,611.512530248786,604.589904619447,597.321147708641,589.688952952295,581.675148458132,573.26065373926,564.425434284445,555.148453856889,545.407624407955,535.179753486575,524.440489019125,513.164261328303,501.32422225294,488.892181223809,475.838538143221,462.132212908604,447.740571412256,432.629347841091,416.762563091367,400.102439104158,382.609308917587,364.241522221688,344.955346190995,324.704861358766,303.441852284926,281.122994305324,258.432796835783,234.608089492765,209.592146782596,183.325406936919,155.745330098958,126.786249419098,96.379214705246,64.4518282557011,,,,,,,,,,,,,,,,,,,,,,8.32389879446816,7.12103118184298,4.50283501850853,2.56527181746608,1.81266781933022,1.77342262939758,2.14130886735924,2.75609438157913,3.52993624607519,4.40295033777248,5.30331686624679,6.1615403138857,6.9442690255067,7.6571659284263,8.32517372721736,8.97472571409678,9.62514326945507,10.2864600235044,10.9604995278805,11.643228066556,12.3270400487395,13.0021711394778,13.6571253712934,14.2785193822331,14.8508878057168,15.3566927314298,15.7764614801195,16.0891455880301,16.2738389088052,16.3134847957946,16.1981514266154,15.9255212466673,15.510886030965,14.9770905818106,14.3431225146832,13.6307038878985,12.8624719858006,12.0622994353254,11.255068300147,10.4647051212931,,,,,,,,,,,,,,,,,,,,,
264692.078335514,3842267.03778079,646.884692787682,L5_1,440.5,646.884692787682,641.715599182876,636.288050897829,630.589125198529,624.605253214265,618.322187630787,611.724968768136,604.797888962352,597.524455166279,589.887349680402,581.868388920231,573.448480122052,564.607575883964,555.324626433971,545.577529511479,535.343077742862,524.596903385814,513.313420310914,501.465763082269,489.025722992192,475.963680897611,462.2485366983,447.847635289025,432.726688809285,416.849695005559,400.178851511646,382.674465843037,364.294860890998,344.996275691357,324.732761231735,303.45607104913,281.122994305324,258.432796835783,234.608089492765,209.592146782596,183.325406936919,155.745330098958,126.786249419098,96.379214705246,64.4518282557011,,,,,,,,,,,,,,,,,,,,,,6.63338072450833,6.0763428126272,4.55140324249677,2.93709017752935,2.04936459830977,1.86132819395923,2.12787986776977,2.68787180661242,3.44281647948175,4.31513337276257,5.22102725997886,6.08586285755689,6.87312034920928,7.58591463111528,8.247990146701,8.88612953935544,9.52110283352689,10.1649349794072,10.8215482173405,11.4888136084733,12.1606411911248,12.8282887650039,13.4807614977694,14.1046883658085,14.6842033265118,15.2010546087816,15.6348423876627,15.9634806414329,16.1650106330452,16.2213920756015,16.1218668511133,15.8634919012455,15.4613087167404,14.9381843630883,14.3131647939513,13.6080980598101,12.8457715106409,12.0502248608436,11.2465280037603,10.4588049426458,,,,,,,,,,,,,,,,,,,,,
264697.44498951,3842270.71451645,647.117683103424,L5_1,447,647.117683103424,641.945294800587,636.514287082609,630.811728978732,624.82404296966,618.536972660136,611.935548835135,605.004053818884,597.72598405182,590.084010796403,582.059938878216,573.634663364119,564.788124074317,555.499257820025,545.745948253018,535.504973207662,524.751949410037,513.461274422531,501.60606568565,489.158096511925,476.087728879513,462.363842865481,447.953762550747,432.823178220277,416.936064673283,400.254595448939,382.739052763379,364.34773294354,345.036847132709,324.760417031337,303.470165424896,281.122994305324,258.432796835783,234.608089492765,209.592146782596,183.325406936919,155.745330098958,126.786249419098,96.379214705246,64.4518282557011,,,,,,,,,,,,,,,,,,,,,,3.85893828815174,4.30234313904846,4.48045981348813,3.3789892533623,2.31960263289437,1.95107527448608,2.11810677071338,2.637235315621,3.3852003579629,4.26114715910102,5.16907174783266,6.03244360342092,6.81559684048003,7.52169847828991,8.17408717794188,8.79954389382155,9.41951003009259,10.0472109842548,10.6880316064078,11.3413059051133,12.0021918296724,12.6628455952928,13.3127664243434,13.9386620326327,14.5243754217788,15.051077375659,15.4975673448546,15.8408339407965,16.0579605241726,16.1299881824243,16.0453706305554,15.8005526060126,15.410316648563,14.8975330884106,14.2812811401143,13.5835093831943,12.8271326586148,12.0363326599858,11.2363423508566,10.4514621417646,,,,,,,,,,,,,,,,,,,,,
264702.399364242,3842274.10835086,647.350673419165,L5_1,453,647.350673419165,642.174990418299,636.740523267389,631.034332758934,625.042832725056,618.751757689484,612.146128902133,605.210218675415,597.927512937361,590.280671912405,582.2514888362,573.820846606185,564.96867226467,555.673889206079,545.914366994558,535.666868672461,524.90699543426,513.609128534148,501.74636828903,489.290470031657,476.211776861415,462.479149032661,448.05988981247,432.919667631269,417.022434341007,400.330339386233,382.80363968372,364.400604996081,345.077418574061,324.788072830939,303.484259800661,281.122994305324,258.432796835783,234.608089492765,209.592146782596,183.325406936919,155.745330098958,126.786249419098,96.379214705246,64.4518282557011,,,,,,,,,,,,,,,,,,,,,,3.31938915029596,4.13702854596951,5.03544016933265,3.89763328269021,2.52929688807983,2.00092362422333,2.11244582099774,2.6264400365363,3.38776283044672,4.27126868697728,5.17223620820051,6.01885335315191,6.78268254568038,7.47060462987001,8.10642156720215,8.716170410266,9.32070675991531,9.93328209393376,10.5598566502473,11.2006382614121,11.8516932776761,12.5059242172948,13.1532961834668,13.7806541215865,14.3716586183408,14.9070260189431,15.3648900594836,15.7214355758546,15.9528819835439,16.0394265519349,15.9687799649942,15.7367895658654,15.357972448043,14.855179998233,14.2475004797593,13.5569570054827,12.8065645330812,12.0206246146445,11.2245100350759,10.442674770311,,,,,,,,,,,,,,,,,,,,,
264707.767188832,3842277.7849231,647.583663734907,L5_1,459.5,647.583663734907,642.40468603601,636.966759452169,631.256936539136,625.261622480451,618.966542718832,612.356708969132,605.416383531947,598.129041822902,590.477333028406,582.443038794185,574.007029848252,565.149220455023,555.848520592133,546.082785736097,535.828764137261,525.062041458482,513.756982645764,501.886670892411,489.42284355139,476.335824843318,462.594455199842,448.166017074192,433.01615704226,417.108804008732,400.406083323527,382.868226604061,364.453477048623,345.117990015412,324.815728630541,303.498354176426,281.122994305324,258.432796835783,234.608089492765,209.592146782596,183.325406936919,155.745330098958,126.786249419098,96.379214705246,64.4518282557011,,,,,,,,,,,,,,,,,,,,,,4.53020560047582,5.57261329623856,6.38849644100395,4.47943799594374,2.67179416591385,2.02956853824368,2.1328614478992,2.67268865754833,3.46167558080066,4.35149693322964,5.23315897669978,6.04611006018162,6.77483530566002,7.43296788391663,8.04530976082781,8.6362958465993,9.22492186227578,9.8233043696671,10.4371079937702,11.0668363767074,11.7091298540425,12.3574855938457,13.0023038776388,13.630621221561,14.2260196137365,14.768879866089,15.2368019527351,15.6052866007327,15.8497825233756,15.9497180582511,15.8921067398851,15.6722143485587,15.304286623305,14.8111339912917,14.2118299269767,13.5284463397446,12.7840711025672,12.0031035361074,11.2110329324394,10.4324440092518,,,,,,,,,,,,,,,,,,,,,
264712.722103838,3842281.17868209,647.795818779095,L5_1,465.5,647.795818779095,642.613841012132,637.172764356821,631.459633868744,625.460846856263,619.162120493159,612.548457811899,605.604111996576,598.312548890487,590.656407629093,582.61745930463,574.176563563944,565.313623036223,556.007535482116,546.236143550304,535.976182021902,525.203222417079,513.891614832015,502.014426867698,489.543379505165,476.448779774506,462.699450057313,448.262653854261,433.104017841056,417.187450027191,400.475053822633,382.927037807846,364.501620992321,345.154933336019,324.840911296902,303.511188155829,281.122994305324,258.432796835783,234.608089492765,209.592146782596,183.325406936919,155.745330098958,126.786249419098,96.379214705246,64.4518282557011,,,,,,,,,,,,,,,,,,,,,,5.14680722154626,5.9743036230367,6.14580528858684,4.07889517039921,2.48533672963786,1.99568028638131,2.19634361368826,2.80852967338648,3.63530750968247,4.51722892402609,5.35515834120956,6.11075411325152,6.78662598358425,7.40401402221703,7.98748323286515,8.5580912564702,9.13138859230832,9.71717725965176,10.3200426367615,10.9403127219227,11.57495355772,12.2179609742104,12.8601785668537,13.4889059480595,14.0877528526335,14.6368927026577,15.1135138800592,15.4925469699669,15.7487762970851,15.8609363417383,15.8153890483491,15.6068469093993,15.2492734333116,14.7654062655289,14.1742775452874,13.4979810880607,12.759655049822,11.9837711266718,11.1959117719757,10.4207695719147,,,,,,,,,,,,,,,,,,,,,
264718.089928429,3842284.85525433,647.987200816643,L5_1,472,647.987200816643,642.802516731093,637.358598441265,631.642484236946,625.640564322411,619.33854841215,612.721431706375,605.773459165312,598.478087997195,590.817948270673,582.774801557824,574.329497509333,565.461928258418,556.150980544957,546.374485445822,536.109165591731,525.330579744936,514.0130646058,502.129673709708,489.652113268812,476.55067480587,462.794164419781,448.349828514388,433.183275813726,417.25839547803,400.537271125549,382.980090555445,364.545050956835,345.188259378294,324.863628220827,303.522765505486,281.122994305324,258.432796835783,234.608089492765,209.592146782596,183.325406936919,155.745330098958,126.786249419098,96.379214705246,64.4518282557011,,,,,,,,,,,,,,,,,,,,,,4.85198609304388,5.0816663479988,4.345442280919,2.79528430707485,1.9847111346,1.89645665871522,2.30605035095167,3.03977019263675,3.91103044712905,4.7667132692264,5.53477304710117,6.20965201539181,6.81598876648516,7.3826657397641,7.93251913566097,8.48148139234951,9.04017426464299,9.61499686182524,10.2087334578962,10.8211013932028,11.4491631416553,12.0873250718855,12.7268835669993,13.3554708087911,13.9568272024752,14.5110432732008,14.9950150514615,15.3832149127893,15.6498679606322,15.7730898477213,15.7386370013391,15.540697450485,15.1929422913926,14.7180050509386,14.1348501834237,13.4655666794412,12.7333204497815,11.9626303283362,11.1791486464852,10.4076528919801,,,,,,,,,,,,,,,,,,,,,
264723.044837383,3842288.24908506,648.17858285419,L5_1,478,648.17858285419,642.991192450053,637.544432525709,631.825334605148,625.820281788559,619.514976331141,612.894405600851,605.942806334047,598.643627103903,590.979488912252,582.932143811018,574.482431454723,565.610233480613,556.294425607797,546.51282734134,536.242149161561,525.457937072792,514.134514379586,502.244920551719,489.760847032458,476.652569837235,462.88887878225,448.437003174516,433.262533786395,417.329340928869,400.599488428466,383.033143303043,364.588480921348,345.221585420569,324.886345144751,303.534342855143,281.122994305324,258.432796835783,234.608089492765,209.592146782596,183.325406936919,155.745330098958,126.786249419098,96.379214705246,64.4518282557011,,,,,,,,,,,,,,,,,,,,,,7.03259460789907,5.7543489601529,3.35640805104453,1.97450011379298,1.64361653143992,1.89244650793903,2.53366656101838,3.39833196216448,4.28834414917184,5.07693586442834,5.74053554364351,6.31376737800557,6.84120220109192,7.35492017200957,7.87252866395532,8.40271868649783,8.95002689621671,9.51684819407138,10.1038697640316,10.7100739016367,11.332598619953,11.9662985361728,12.6029979467202,13.2307615986464,13.8335766732659,14.3915696992567,14.8814644333358,15.2773903921837,15.5531068244358,15.6861892809891,15.6618416934062,15.473747444582,15.1352740448538,14.6689159863518,14.0935390878943,13.4311993254642,12.7050646665822,11.939679572872,11.1607433956522,10.3930958445114,,,,,,,,,,,,,,,,,,,,,
264728.412648859,3842291.92581272,648.369964891737,L5_1,484.5,648.369964891737,643.179868169013,637.730266610153,632.00818497335,625.999999254707,619.691404250132,613.067379495328,606.112153502783,598.809166210612,591.141029553832,583.089486064212,574.635365400112,565.758538702807,556.437870670637,546.651169236858,536.37513273139,525.585294400649,514.255964153371,502.360167393729,489.869580796104,476.754464868599,462.983593144718,448.524177834644,433.341791759065,417.400286379708,400.661705731382,383.086196050641,364.631910885862,345.254911462844,324.909062068676,303.545920204799,281.122994305324,258.432796835783,234.608089492765,209.592146782596,183.325406936919,155.745330098958,126.786249419098,96.379214705246,64.4518282557011,,,,,,,,,,,,,,,,,,,,,,13.7960887306643,8.14064724062571,2.90052596071577,1.49841638474811,1.43446407796996,1.95727932160622,2.8485831514992,3.85465114527297,4.7418702500706,5.42916310783567,5.96049618198631,6.41634234316516,6.85881301017801,7.31918847247211,7.8068886177661,8.32164124125649,8.86097926025461,9.42282487116695,10.0055441045417,10.6072979864391,11.2252991788803,11.8548975436417,12.4885233687182,13.1147735634532,13.717996028873,14.2784697281931,14.7728638131444,15.1750786318014,15.4585002670174,15.6002427162878,15.5850110119112,15.4060048078394,15.0762767109842,14.6181465898884,14.0503508061363,13.3948844011408,12.6748919111895,11.9149220559519,11.1406983715381,10.3771000866362,,,,,,,,,,,,,,,,,,,,,
264733.367551761,3842295.31971518,648.475047615627,L5_1,490.5,648.475047615627,643.283464926234,637.832303102372,632.108583187316,626.098677276508,619.788276070159,613.162354803493,606.205137473494,598.900059276994,591.22972717067,583.175878459029,574.719337311807,565.839969107223,556.51663249241,546.727129046856,536.448150429025,525.655222880302,514.322648954143,502.423446331676,489.929283578086,476.810412686816,463.035598250982,448.572043093357,433.385310177851,417.43924061657,400.695867577224,383.115325885911,364.655757110033,345.27320989536,324.921535319954,303.552277015777,281.122994305324,258.432796835783,234.608089492765,209.592146782596,183.325406936919,155.745330098958,126.786249419098,96.379214705246,64.4518282557011,,,,,,,,,,,,,,,,,,,,,,14.8516147898924,8.47449749781059,2.77921975282259,1.41549763509362,1.49203592093583,2.22514077924142,3.31861637562922,4.39920484808581,5.21525016648984,5.7559395835624,6.13742594764088,6.47700847143632,6.84378725016396,7.26166242803504,7.72906833519678,8.23602128297394,8.77310900203187,9.33406305489204,9.91522677788797,10.5142004602206,11.1284770760559,11.7540696145343,12.3841572630627,13.0079943522595,13.6104070642691,14.171940752018,14.6693209846195,15.07632071389,15.3660449462919,15.5152179196293,15.5080943257136,15.337422466689,15.0159136157139,14.5656686194851,14.0052673959987,13.3566115981278,12.6427979648892,11.888358129872,11.1190165704133,10.359669094406,,,,,,,,,,,,,,,,,,,,,
264738.735363238,3842298.99644284,648.493857139098,L5_1,497,648.493857139098,643.302008465689,637.850567358609,632.126554196176,626.116340375621,619.805615864038,613.179355126876,606.221781352856,598.916328890135,591.245603804278,583.191342464128,574.73436805697,565.854544929455,556.530730645564,546.740725647478,536.461220399488,525.667739889099,514.33458535319,502.434773090485,489.939970214646,476.820427195014,463.044907024401,448.580610845257,433.393099857156,417.44621331965,400.701982455268,383.120540047668,364.660025519687,345.276485265308,324.923767998209,303.553414867756,281.122994305324,258.432796835783,234.608089492765,209.592146782596,183.325406936919,155.745330098958,126.786249419098,96.379214705246,64.4518282557011,,,,,,,,,,,,,,,,,,,,,,9.09310675118,6.49747415777316,2.92315045895256,1.67685983154731,1.82642508354666,2.71280274892744,3.93681347321346,5.01268274771923,5.69186379463496,6.04747980332129,6.26685197941958,6.49418354895739,6.79576829698647,7.18240126616692,7.63923386898676,8.14603224677265,8.68656639850434,9.25067873865525,9.83299565090037,10.4308225875691,11.0421427594538,11.6638028359187,12.2898746000746,12.9103941729028,13.5107817951791,14.071960685504,14.5708214588547,14.9811096884859,15.2757401738169,15.4311186301455,15.431097959637,15.2680079095165,14.9541924577339,14.511489331617,13.9582952840981,13.3163863403432,12.6087872621883,11.8599912987859,11.0957006406121,10.3408047979592,,,,,,,,,,,,,,,,,,,,,
264743.689708662,3842302.39036451,648.512666662568,L5_1,503,648.512666662568,643.320552005143,637.868831614847,632.144525205035,626.134003474734,619.822955657917,613.196355450259,606.238425232218,598.932598503275,591.261480437886,583.206806469226,574.749398802134,565.869120751687,556.544828798718,546.7543222481,536.474290369951,525.680256897895,514.346521752236,502.446099849294,489.950656851205,476.830441703212,463.054215797819,448.589178597156,433.400889536461,417.45318602273,400.708097333313,383.125754209425,364.664293929342,345.279760635256,324.926000676465,303.554552719735,281.122994305324,258.432796835783,234.608089492765,209.592146782596,183.325406936919,155.745330098958,126.786249419098,96.379214705246,64.4518282557011,,,,,,,,,,,,,,,,,,,,,,6.90481326785035,5.63004456688235,3.25058317992643,2.17044193414233,2.39830973814803,3.38628534960497,4.63174457042906,5.59211107293641,6.07148253321552,6.22991570967892,6.30423539229776,6.44500943533386,6.70502882243211,7.07879127376123,7.53830480429213,8.05412295591003,8.60423052351133,9.17540476073578,9.76117042042399,10.3589788359565,10.967620643941,11.5849984409459,12.2062356349449,12.8222783347021,13.4192500779451,13.9785480431899,14.477317461961,14.8893646614576,15.1874949303357,15.3478563936902,15.3539437737756,15.1976945554364,14.8910605401769,14.4555710901151,13.9094084686897,13.2741934106484,12.5728545824387,11.82982252014,11.070755442831,10.3205153790401,,,,,,,,,,,,,,,,,,,,,
264749.05631227,3842306.0671338,648.531476186039,L5_1,509.5,648.531476186039,643.339095544598,637.887095871084,632.162496213895,626.151666573846,619.840295451795,613.213355773642,606.25506911158,598.948868116416,591.277357071493,583.222270474325,574.764429547297,565.883696573919,556.558926951871,546.767918848722,536.487360340414,525.692773906692,514.358458151283,502.457426608103,489.961343487765,476.84045621141,463.063524571237,448.597746349056,433.408679215765,417.46015872581,400.714212211357,383.130968371182,364.668562338997,345.283036005204,324.928233354721,303.555690571713,281.122994305324,258.432796835783,234.608089492765,209.592146782596,183.325406936919,155.745330098958,126.786249419098,96.379214705246,64.4518282557011,,,,,,,,,,,,,,,,,,,,,,6.85899936099567,5.76495720430234,3.84577206577739,2.97257572000976,3.28781279532267,4.31145214843199,5.45001474776478,6.16868873030614,6.37495193923332,6.31759741026551,6.25933559416455,6.33568949104801,6.57520900532054,6.95284181970005,7.42735882249979,7.96087582732071,8.52642721030551,9.10842922017691,9.69985795480344,10.2987228313468,10.9049274380048,11.5176482585887,12.1332175962011,12.743618036652,13.3357834402161,13.8916790176352,14.3887922119797,14.8010763402787,15.1013065646326,15.265433629381,15.2766374628865,15.126489498468,14.8265250974207,14.3979207208278,13.8586131141499,13.2300382370124,12.5350045150047,11.7978554724285,11.0441838291354,10.298802995231,,,,,,,,,,,,,,,,,,,,,
264754.010100217,3842309.46107468,648.479355787185,L5_1,515.5,648.479355787185,643.287712176271,637.836486384812,632.11269930378,626.102722868696,619.792247611858,613.166248592178,606.208949621515,598.903785702318,591.233363587161,583.179420366246,574.722779984286,565.843307583227,556.519861562116,546.730243239949,536.451144001674,525.658089801485,514.325382891287,502.426040635578,489.931731267084,476.812706430166,463.037730351402,448.574005468699,433.387094341861,417.440837658682,400.697268141343,383.116520148137,364.656734755272,345.273960092762,324.922046697128,303.552537631712,281.122994305324,258.432796835783,234.608089492765,209.592146782596,183.325406936919,155.745330098958,126.786249419098,96.379214705246,64.4518282557011,,,,,,,,,,,,,,,,,,,,,,5.69828324305487,5.06992218899167,3.93862755561344,3.49375125405239,3.99715089018047,5.06023289232531,6.06073951818854,6.52862651432831,6.49219614169406,6.26956215697597,6.12664213586741,6.17463844421243,6.41820500685916,6.81585648539424,7.31588473541353,7.87381497262318,8.45891259527672,9.05401864907846,9.65210988217281,10.2521455641023,10.8554105081703,11.4625410035766,12.0712097026139,12.6745298544778,13.2603233337629,13.8111961016036,14.305049397695,14.7160478120589,15.0169960787013,15.1837023276554,15.1990649550329,15.0543055620698,14.7605220262179,14.3384932128167,13.8058815327527,13.1839077849166,12.4952326517373,11.7640928909883,11.0159935363178,10.2756771768672,,,,,,,,,,,,,,,,,,,,,
264759.376703826,3842313.13784397,648.35644460973,L5_1,522,648.35644460973,643.166539076268,637.717138266133,631.995267415491,625.987303022317,619.678940409485,613.05515966601,606.100189885362,598.797471615682,591.129617432518,583.078370540195,574.624561303256,565.748061604471,556.427736920746,546.641396002835,536.365738039028,525.576297177031,514.247384271934,502.352025721582,489.861899243713,476.74726644195,462.976902000099,448.518019336156,433.336192539015,417.395274402018,400.65731035817,383.08244811213,364.628842753788,345.252557127529,324.907457219957,303.545102317006,281.122994305324,258.432796835783,234.608089492765,209.592146782596,183.325406936919,155.745330098958,126.786249419098,96.379214705246,64.4518282557011,,,,,,,,,,,,,,,,,,,,,,3.91085361307434,3.78022056466985,3.49511249734707,3.6053719482758,4.43048706564925,5.59265594110167,6.46165442063975,6.6866151165791,6.44157758172354,6.1013450773811,5.91700274462483,5.96859794353416,6.23791604533524,6.66999830403256,7.20506288233307,7.79358916808166,8.40205161598989,9.01238189918402,9.61804271899937,10.2193044120833,10.81908756789,11.4196680927846,12.0201874882284,12.6149818276641,13.1928369602461,13.7370701884554,14.2260661988402,14.634263754702,14.9345554514849,15.1026605090021,15.1212285408539,14.9811475057278,14.6930572029524,14.277294728416,13.7512197004036,13.1358075260824,12.4535437237037,11.7285387251556,10.9861877131418,10.2511403021157,,,,,,,,,,,,,,,,,,,,,
264764.331033744,3842316.531776,648.233533432275,L5_1,528,648.233533432275,643.045365976265,637.597790147454,631.877835527202,625.871883175938,619.565633207111,612.944070739842,605.99143014921,598.691157529046,591.025871277874,582.977320714144,574.526342622227,565.652815625714,556.335612279376,546.55254876572,536.280332076382,525.494504552577,514.169385652582,502.278010807586,489.792067220342,476.681826453734,462.916073648797,448.462033203613,433.285290736169,417.349711145353,400.617352574997,383.048376076123,364.600950752304,345.231154162295,324.892867742786,303.537667002301,281.122994305324,258.432796835783,234.608089492765,209.592146782596,183.325406936919,155.745330098958,126.786249419098,96.379214705246,64.4518282557011,,,,,,,,,,,,,,,,,,,,,,3.89080676899699,3.63207368096223,3.33600161762027,3.64572426146987,4.63395510439534,5.80957623184756,6.54190061067925,6.59198250123255,6.22992870410188,5.84673020550213,5.66863366127043,5.75085431181555,6.06061093184932,6.53505755582401,7.10936816357186,7.73051445740892,8.3629925544108,8.98830754964637,9.60072241873042,10.2020257300635,10.7969110787169,11.3893817151897,11.9801055048466,12.5646862263379,13.1329134559586,13.6688534743495,14.1514134021632,14.5553498879617,14.8536845066487,15.0220815813004,15.042964871137,14.9068986885474,14.6240480280747,14.2142720931794,13.6945952004069,13.0857208294603,12.4099357919569,11.6912009007944,10.9547795774093,10.2252080505728,,,,,,,,,,,,,,,,,,,,,
264769.698811623,3842320.20852609,648.11062225482,L5_1,534.5,648.11062225482,642.924192876261,637.478442028775,631.760403638913,625.756463329559,619.452326004737,612.832981813674,605.882670413058,598.584843442411,590.922125123231,582.876270888093,574.428123941198,565.557569646957,556.243487638005,546.463701528606,536.194926113736,525.412711928123,514.091387033229,502.203995893591,489.72223519697,476.616386465519,462.855245297495,448.40604707107,433.234388933323,417.304147888689,400.577394791824,383.014304040115,364.573058750821,345.209751197062,324.878278265615,303.530231687596,281.122994305324,258.432796835783,234.608089492765,209.592146782596,183.325406936919,155.745330098958,126.786249419098,96.379214705246,64.4518282557011,,,,,,,,,,,,,,,,,,,,,,5.96032492372598,4.70749353292729,3.53192267715388,3.72490669948905,4.69831063530553,5.77277357369091,6.34196886535455,6.27075024778964,5.87299421460345,5.51457141337617,5.38634927301116,5.52410515082371,5.88791048081027,6.41207131198929,7.02948514294751,7.68504335559568,8.34202754005298,8.98197388842513,9.60024527313742,10.2003466187637,10.7888766276253,11.3716502165357,11.95091642161,12.5235895718399,13.080500582409,13.6065002687355,14.0810551272355,14.4792812501281,14.774368846494,14.9419602117767,14.9642751790948,14.8315636752658,14.5535000606781,14.1494311691486,13.636013798433,13.0336530563502,12.3644136534706,11.652083509391,10.9217724605213,10.1978830529712,,,,,,,,,,,,,,,,,,,,,
264774.653683512,3842323.60244925,647.983260033041,L5_1,540.5,647.983260033041,642.798631673807,637.354771896612,631.638719130556,625.636863726198,619.334915551622,612.717869968317,605.769972105847,598.474679350253,590.814621956879,582.771561693837,574.326348417643,565.458874477639,556.148026840635,546.371636821781,536.106427301984,525.327957306197,514.010563810621,502.127300640266,489.649874311393,476.548576666077,462.792214138495,448.348033484534,433.181643797874,417.256934626882,400.53598999734,382.978998136321,364.544156682251,345.187573155477,324.863160452365,303.522527114097,281.122994305324,258.432796835783,234.608089492765,209.592146782596,183.325406936919,155.745330098958,126.786249419098,96.379214705246,64.4518282557011,,,,,,,,,,,,,,,,,,,,,,5.82112014531329,4.69287393285642,3.62301718287036,3.80930383814123,4.66824100864351,5.5524038500754,5.96023767521354,5.83232810816295,5.46684950935893,5.17809075920541,5.12308492633235,5.32654651519738,5.74765364026827,6.32130941191102,6.97991136159982,7.66721967070119,8.34582554560109,8.99756774702173,9.6190268804872,10.2154560314202,10.7953461958228,11.3662995798812,11.93212338847,12.4910259882832,13.0348732864703,13.5493056156391,14.0143597391195,14.405526572119,14.6961874570188,14.8619819363919,14.8849373107622,14.7549891624284,14.4813079500662,14.0827041316582,13.5754376854379,12.9795880852285,12.3169760476386,11.6111955665,10.8871823318231,10.1691850442198,,,,,,,,,,,,,,,,,,,,,
264780.021461392,3842327.27919935,647.851464796708,L5_1,547,647.851464796708,642.668700143714,637.226797258072,631.512799228147,625.513101296725,619.213418468733,612.598751499341,605.65335118148,598.360680847725,590.703376997283,582.663207954319,574.221030459206,565.356744089338,556.049243400976,546.276367678196,536.014848169278,525.240252684913,513.92692742633,502.047935904818,489.57499480723,476.478406654763,462.726989094673,448.288000656578,433.127062796579,417.208078043579,400.493144052929,382.942463362747,364.514248638056,345.16462317713,324.847516443158,303.514554372488,281.122994305324,258.432796835783,234.608089492765,209.592146782596,183.325406936919,155.745330098958,126.786249419098,96.379214705246,64.4518282557011,,,,,,,,,,,,,,,,,,,,,,3.52592124758716,3.53127786778562,3.557951509651,3.85643680077107,4.51514321465631,5.14040165607868,5.39851646782094,5.27780433233643,5.01003630201023,4.83498586694939,4.87701922019548,5.15722052679758,5.63960019561967,6.26295263366204,6.9609939327897,7.67740061628191,8.37468229660353,9.03530404273623,9.65720708895636,10.2474329449451,10.816352937138,11.3733307207129,11.9237070118754,12.4669653189701,12.9959978927127,13.4972375391467,13.9513001681209,14.3340654266149,14.6191269097651,14.7821396500848,14.8049492906578,14.6771767979297,14.4074756445311,14.0140961585232,13.5128724688369,12.9235314170449,12.2676280437685,11.5685414960875,10.8510128166178,10.1391168586365,,,,,,,,,,,,,,,,,,,,,
264784.976325529,3842330.67312769,647.719669560374,L5_1,553,647.719669560374,642.538768613622,637.098822619532,631.386879325737,625.389338867253,619.091921385845,612.479633030366,605.536730257113,598.246682345198,590.592132037687,582.5548542148,574.115712500769,565.254613701036,555.950459961317,546.181098534612,535.923269036571,525.152548063629,513.843291042039,501.96857116937,489.500115303068,476.40823664345,462.661764050851,448.227967828623,433.072481795283,417.159221460276,400.450298108519,382.905928589174,364.484340593861,345.141673198783,324.831872433952,303.506581630878,281.122994305324,258.432796835783,234.608089492765,209.592146782596,183.325406936919,155.745330098958,126.786249419098,96.379214705246,64.4518282557011,,,,,,,,,,,,,,,,,,,,,,3.82471764927572,3.8754070475997,3.89209098261848,3.99511844153214,4.34068871155267,4.68706105608154,4.82802910525436,4.75157414843024,4.60360605110688,4.55130126038291,4.69193511107982,5.04644848712378,5.58538943501856,6.25244036617686,6.98344245031717,7.72265174767655,8.43292545493238,9.09753089780304,9.71575707547173,10.2963231581583,10.8513498849195,11.3918433946669,11.9245866290556,12.4502754582616,12.9627826163285,13.4493051603421,13.8910222458519,14.2641985263663,14.5426417366918,14.7020243041482,14.724015358066,14.597923696889,14.3318715737631,13.9435267401487,13.4482754787097,12.8654689180618,12.216375800123,11.5241399737642,10.8132881013811,10.1077034650552,,,,,,,,,,,,,,,,,,,,,
264790.344086612,3842334.34988899,647.587874324041,L5_1,559.5,647.587874324041,642.408837083529,636.970847980992,631.260959423328,625.265576437781,618.970424302956,612.36051456139,605.420109332746,598.13268384267,590.48088707809,582.446500475281,574.010394542332,565.152483312735,555.851676521658,546.085829391027,535.831689903865,525.064843442345,513.759654657748,501.889206433922,489.425235798905,476.338066632136,462.59653900703,448.167935000668,433.017900793987,417.110364876973,400.407452164108,382.8693938156,364.454432549667,345.118723220436,324.816228424745,303.498608889268,281.122994305324,258.432796835783,234.608089492765,209.592146782596,183.325406936919,155.745330098958,126.786249419098,96.379214705246,64.4518282557011,,,,,,,,,,,,,,,,,,,,,,7.16147670535423,6.03189470126711,4.69313098105857,4.23937436491808,4.1568725472527,4.2046972237896,4.25277381439495,4.24999385412644,4.24189424172155,4.32264574701187,4.56535711940104,4.99323876641175,5.58491471355838,6.29008143041936,7.04768769770916,7.8033756484821,8.52087254925578,9.18447278147605,9.79482027518233,10.3622064467127,10.9003699907011,11.4218384009028,11.9347429435119,12.4409265582632,12.9351942015249,13.4054767292957,13.8334987859343,14.1959046345852,14.4667168865542,14.6216266779743,14.6421313101457,14.5172298385396,14.2544987357871,13.8710005895171,13.3816522169138,12.8054061768626,12.1632245427428,11.4779956161184,10.7740120565606,10.0749479775421,,,,,,,,,,,,,,,,,,,,,
264795.298942997,3842337.74382251,647.435728550925,L5_1,565.5,647.435728550925,642.25884279202,636.823112745171,631.115596195978,625.122703819327,618.830166823842,612.223002978584,605.285480941062,598.001082801664,590.352464755297,582.321415806611,573.888814410491,565.034582944565,555.737639905342,545.975849714159,535.725970013416,524.963596327636,513.663103957567,501.797586968995,489.338794130994,476.257061651093,462.521242547197,448.098632488106,432.95489192606,417.053964335913,400.357990366258,382.82721769812,364.419906396575,345.092229529953,324.79816882,303.489405074549,281.122994305324,258.432796835783,234.608089492765,209.592146782596,183.325406936919,155.745330098958,126.786249419098,96.379214705246,64.4518282557011,,,,,,,,,,,,,,,,,,,,,,6.9089334148368,6.00019961250396,4.85723347732909,4.27517354070917,3.90421802832273,3.75725152345745,3.77544230710793,3.86454744680987,3.99142558201519,4.19408074893644,4.52725294777119,5.01728203497049,5.65077854694107,6.38356299679121,7.15804455693979,7.92161463982454,8.63905888068634,9.29567758428909,9.89330578414336,10.4435958853479,10.9617063149405,11.4615261485952,11.9524122193294,12.43725896973,12.9117358893075,13.3644549988506,13.7776477209036,14.128313759892,14.3906777395351,14.5404461335684,14.5589421382624,14.4348523446077,14.1752003419434,13.7964252097041,13.3129556575691,12.7433284957589,12.1081809081036,11.4301287690922,10.7332117320861,10.0408796552745,,,,,,,,,,,,,,,,,,,,,
264800.666704081,3842341.42058381,647.263252750916,L5_1,572,647.263252750916,642.088805958957,636.655636827399,630.950809239263,624.96074027172,618.6711678558,612.067116819085,605.132863230533,597.851896962554,590.206882381176,582.179617070729,573.75098849476,564.900928489992,555.608365484986,545.851174329729,535.60612361671,524.84882036804,513.553651956936,501.693725125277,489.240801952035,476.165232620131,462.435884821632,448.020069633208,432.883463685362,416.990027440125,400.301919382625,382.779405922251,364.380766788857,345.062195698794,324.777696054228,303.478971427434,281.122994305324,258.432796835783,234.608089492765,209.592146782596,183.325406936919,155.745330098958,126.786249419098,96.379214705246,64.4518282557011,,,,,,,,,,,,,,,,,,,,,,3.39875683047078,3.84958092938894,4.40772347448321,4.12802062856755,3.59544210050191,3.34512489108653,3.38954968170455,3.58975713557635,3.85046240286858,4.16645833719779,4.57939587802081,5.12030223422387,5.78431831781018,6.53382160794269,7.31513865832968,8.07777746272243,8.78774508741337,9.43130234992216,10.0112957737236,10.5405192308769,11.0353485148088,11.5108720103839,11.9775468358799,12.4392208503984,12.8923579074248,13.3261961356999,13.7234331883753,14.06139871429,14.3145055099426,14.4584713055568,14.4744425912704,14.3507906579727,14.0939790945173,13.7198052611713,13.2421913656973,12.6792416751033,12.0512504143461,11.3805442751442,10.6908911974545,10.0055017580999,,,,,,,,,,,,,,,,,,,,,
264805.621001292,3842344.81446998,647.090776950908,L5_1,578,647.090776950908,641.918769125893,636.488160909627,630.786022282547,624.798776724114,618.512168887759,611.911230659586,604.980245520004,597.702711123444,590.061300007055,582.037818334847,573.613162579028,564.767274035419,555.479091064629,545.7264989453,535.486277220004,524.734044408443,513.444199956305,501.589863281559,489.142809773076,476.073403589169,462.350527096067,447.941506778309,432.812035444664,416.926090544336,400.245848398992,382.731594146381,364.341627181139,345.032161867636,324.757223288457,303.468537780319,281.122994305324,258.432796835783,234.608089492765,209.592146782596,183.325406936919,155.745330098958,126.786249419098,96.379214705246,64.4518282557011,,,,,,,,,,,,,,,,,,,,,,3.19168035992751,3.85039173854685,4.65891435683742,4.16225247724453,3.39797964422064,3.08457761256332,3.17998707204548,3.48732407873349,3.86175909860519,4.26601628934382,4.73476833329689,5.30608565503387,5.98392910191364,6.7367324048274,7.51411075605603,8.26714996569807,8.96265175877539,9.58749880857,10.1452828011148,10.649732896833,11.1182846563865,11.5670985213837,12.0076247121588,12.4445752773793,12.8751263407118,13.2890728225735,13.6695292328054,13.9941150607468,14.2374056611237,14.3751199912963,14.3882228709417,14.2647700182721,14.0106601015984,13.64103961582,13.1693124263656,12.6131357013957,11.9924470835586,11.3292689111465,10.6470843584942,9.96885032029235,,,,,,,,,,,,,,,,,,,,,
264810.987550832,3842348.49112869,646.9183011509,L5_1,584.5,646.9183011509,641.748732292829,636.320684991855,630.621235325832,624.636813176507,618.353169919717,611.755344500087,604.827627809475,597.553525284333,589.915717632934,581.896019598965,573.475336663297,564.633619580846,555.349816644273,545.60182356087,535.366430823298,524.619268448847,513.334747955673,501.486001437841,489.044817594117,475.981574558207,462.265169370502,447.862943923411,432.740607203966,416.862153648548,400.18977741536,382.683782370512,364.302487573422,345.002128036477,324.736750522685,303.458104133203,281.122994305324,258.432796835783,234.608089492765,209.592146782596,183.325406936919,155.745330098958,126.786249419098,96.379214705246,64.4518282557011,,,,,,,,,,,,,,,,,,,,,,5.84007421349124,5.97103722065376,5.57536460468491,4.31538573781308,3.30549946271426,2.98812248607701,3.16388404791362,3.57640753515983,4.04245916073658,4.50505442828199,5.00080979565473,5.57858981991129,6.25151148813992,6.99313696823588,7.75531554694928,8.48987983393048,9.1638360779867,9.76427476718169,10.295239126786,10.7711816260154,11.2104407586118,11.6301223673604,12.0425617843948,12.4532439607851,12.8599728192873,13.2530287786829,13.6158921162806,13.926430898055,14.1593569102657,14.290380000735,14.3002779138685,14.1767902887502,13.9252462981962,13.5601330161803,13.0943245509242,12.5450165214601,11.9317765850153,11.2763077613806,10.6017954978971,9.93092878433776,,,,,,,,,,,,,,,,,,,,,
264815.941288869,3842351.88496751,646.746663604077,L5_1,590.5,646.746663604077,641.579521859277,636.154023027237,630.457249253595,624.475636791272,618.194943705832,611.60021596612,604.675751839422,597.405064506389,589.770842806705,581.754910022037,573.338180598135,564.500614703038,555.221170513187,545.477754113842,535.247166894531,524.505050314254,513.225827904963,501.382644375207,488.947301668964,475.890191827409,462.180226493776,447.784762893461,432.66952611313,416.798527493783,400.133978943469,382.636202965638,364.263538188917,344.972240173359,324.716377257023,303.447721194871,281.122994305324,258.432796835783,234.608089492765,209.592146782596,183.325406936919,155.745330098958,126.786249419098,96.379214705246,64.4518282557011,,,,,,,,,,,,,,,,,,,,,,6.74267596246097,6.66249815646577,5.77596419262178,4.27537532532876,3.31248094075046,3.09893960185258,3.37895977438631,3.87486154920279,4.38734789012504,4.86168977545081,5.34845343998872,5.90871178795297,6.56167529700077,7.28260276112833,8.02306858410875,8.73414895729818,9.3823095940186,9.95457192215398,10.4553876077945,10.8999648778872,11.3075677789269,11.6962374505267,12.079149721621,12.4624862874268,12.8446000403187,13.2161845900826,13.561019081287,13.857176893101,14.0794791392233,14.2036121940255,14.2101648171209,14.0865587613363,13.8375564671595,13.476985149353,13.0171833668936,12.4748793603952,11.8692595165681,11.2216962209438,10.5550657484572,9.89177760133495,,,,,,,,,,,,,,,,,,,,,
264821.307838409,3842355.56162622,646.575861681949,L5_1,597,646.575861681949,641.411135233917,635.988172463482,630.294061554526,624.315245100122,618.037487822998,611.445842682017,604.524615283988,597.257326516057,589.626673309729,581.614487443085,573.201692283109,564.368257365134,555.093150701261,545.354288704194,535.128483607273,524.391388255506,513.117438136151,501.279790510828,488.85026050424,475.799253997321,462.095697165057,447.706962491179,432.598791083608,416.735211105658,400.078452128811,382.588855203121,364.224778431147,344.942497820574,324.696103179472,303.437388806315,281.122994305324,258.432796835783,234.608089492765,209.592146782596,183.325406936919,155.745330098958,126.786249419098,96.379214705246,64.4518282557011,,,,,,,,,,,,,,,,,,,,,,5.256945322215,5.60599594491897,5.28273995836424,4.09510921588106,3.44796269026822,3.45175393577837,3.86557244787574,4.41469272890916,4.91386601598916,5.34226513630619,5.77852222143918,6.29539416757955,6.91311966901601,7.60411506632047,8.31670375474057,8.9995510592543,9.61781851757497,10.1582089671899,10.6255743538392,11.0359381531136,11.4095281085749,11.7653167898064,12.1172764810892,12.4722079496213,12.8289320202054,13.1784813792644,13.5048663616375,13.7863222341139,13.997752324543,14.114805106991,14.1178787180763,13.9940753900835,13.7475937948709,13.3916011429795,12.9378948751992,12.4027304292118,11.8049017661998,11.1654395080854,10.5068995673809,9.85140039262406,,,,,,,,,,,,,,,,,,,,,
264826.262118415,3842358.95545618,646.405059759822,L5_1,603,646.405059759822,641.242748608556,635.822321899727,630.130873855456,624.154853408972,617.880031940164,611.291469397915,604.373478728553,597.109588525724,589.482503812753,581.474064864134,573.065203968083,564.235900027231,554.965130889335,545.230823294545,535.009800320015,524.277726196759,513.00904836734,501.17693664645,488.753219339515,475.708316167234,462.011167836338,447.629162088898,432.528056054086,416.671894717533,400.022925314153,382.541507440604,364.186018673377,344.912755467789,324.675829101921,303.42705641776,281.122994305324,258.432796835783,234.608089492765,209.592146782596,183.325406936919,155.745330098958,126.786249419098,96.379214705246,64.4518282557011,,,,,,,,,,,,,,,,,,,,,,7.10397437442374,6.67271484077364,5.28268554398871,4.02456808236572,3.63860522411058,3.86889995219287,4.40927429971442,4.97959151058132,5.43405718377316,5.80154021477905,6.18662838489793,6.66635146445036,7.25660633828692,7.92425004558223,8.61330970788631,9.26995942112496,9.85851341064119,10.3660236411372,10.7983780978216,11.1728936733836,11.5110541235047,11.8328874006314,12.1531697257584,12.4792724727752,12.8104059162172,13.1378623020169,13.4458213995056,13.7126344680362,13.9132620475056,14.0233036982766,14.0229680810861,13.8990483804839,13.6551863739082,13.3038940383924,12.8564324303774,12.3285802166958,11.7387360117215,11.1075826665239,10.4573453488164,9.80984553892183,,,,,,,,,,,,,,,,,,,,,
264831.629842221,3842362.63209571,646.234257837695,L5_1,609.5,646.234257837695,641.074361983196,635.656471335972,629.967686156387,623.994461717822,617.72257605733,611.137096113812,604.222342173119,596.961850535391,589.338334315777,581.333642285182,572.928715653058,564.103542689327,554.837111077409,545.107357884896,534.891117032757,524.164064138011,512.900658598528,501.074082782071,488.65617817479,475.617378337146,461.92663850762,447.551361686617,432.457321024564,416.608578329409,399.967398499495,382.494159678086,364.147258915607,344.883013115003,324.65555502437,303.416724029204,281.122994305324,258.432796835783,234.608089492765,209.592146782596,183.325406936919,155.745330098958,126.786249419098,96.379214705246,64.4518282557011,,,,,,,,,,,,,,,,,,,,,,13.5322093110825,9.99444891138627,5.71150588827196,4.04079421161459,3.80817521020589,4.23341400593157,4.88780175156084,5.4701918736861,5.88135424253733,6.20028984572232,6.55115362759807,7.0100017375307,7.58601395760893,8.23980591614541,8.91121420526758,9.54447214326695,10.1038581645105,10.5776435907153,10.9735008219659,11.3105756217207,11.6119246744171,11.8987629058157,12.1866779163136,12.4835609452013,12.7889315559403,13.094261377598,13.3838378319171,13.6360827706248,13.825989538906,13.9290984788943,13.9254302433279,13.8014794757147,13.5603385305063,13.2138697237943,12.7728026618494,12.2524354093381,11.6707685163745,11.0481312322894,10.4064077252174,9.76711671823664,,,,,,,,,,,,,,,,,,,,,
264836.584664196,3842366.02591681,646.09004804346,L5_1,615.5,646.09004804346,640.932191448505,635.516442023802,629.829905127864,623.859041387128,617.589634459356,611.006757185196,604.094736047327,596.837113852565,589.216610548065,581.21508207834,572.813477185129,563.991792047257,554.729022652491,545.003114787987,534.790911530258,524.068098109643,512.809144017997,500.987242221768,488.574245335728,475.540598605386,461.855269538527,447.485674018325,432.397598722113,416.55511966109,399.920516647016,382.454183482239,364.114533659222,344.857901345055,324.638437415179,303.40800028881,281.122994305324,258.432796835783,234.608089492765,209.592146782596,183.325406936919,155.745330098958,126.786249419098,96.379214705246,64.4518282557011,,,,,,,,,,,,,,,,,,,,,,14.2554271357018,10.3561308637655,5.70609223329198,3.9385675968766,3.71650208137986,4.18877858951294,4.9029026323528,5.54335017831217,6.00782480637235,6.37563656454685,6.76899466808312,7.26130199170862,7.85962560833242,8.52309275538208,9.1910313648871,9.80858772721392,10.3422942234466,10.7834251781344,11.1427131979177,11.441936800777,11.7061481966012,11.9579159220895,12.2136535091963,12.4817076621506,12.7618240814923,13.0455762776178,13.3172987598784,13.5554487435856,13.7350373094262,13.8315517079405,13.8248374631744,13.7010991208235,13.4628994652968,13.1214665867697,12.6869995883082,12.1743242868819,11.6010476978222,10.9871418082317,10.3541456706627,9.72326863591467,,,,,,,,,,,,,,,,,,,,,
264841.952388003,3842369.70255634,645.972290040148,L5_1,622,645.972290040148,640.816098652007,635.402097694459,629.717396689034,623.748460633338,617.481077774856,610.900325773451,603.990536171976,596.735257090426,589.117214054799,581.118268867391,572.719376420613,563.900539351495,554.640760428922,544.91799256022,534.709086298083,523.989734722839,512.734415568833,500.916330457126,488.507341089834,475.477902254178,461.796991476739,447.432035160428,432.348831028301,416.511466689568,399.882234133898,382.421539950445,364.087811057819,344.837395720562,324.624459616442,303.400876707116,281.122994305324,258.432796835783,234.608089492765,209.592146782596,183.325406936919,155.745330098958,126.786249419098,96.379214705246,64.4518282557011,,,,,,,,,,,,,,,,,,,,,,8.70633821659844,7.56999764666919,5.24090087036975,3.72392261145517,3.37621741026064,3.73003554053195,4.42932243669231,5.1675558049698,5.7866892210831,6.30850304108867,6.82776397632293,7.41267759537852,8.07302043176478,8.77160617976883,9.45132916344416,10.061422079024,10.5731970199758,10.9828692944971,11.3055931140111,11.5666208983032,11.7934333588154,12.010117926381,12.23392460334,12.4735882184134,12.7289964076752,12.9917478170125,13.2461653118091,13.4707080711275,13.6403914161676,13.7306567878769,13.721188352857,13.5979097605682,13.3628742348674,13.0266910591317,12.5990302379523,12.0942538528455,11.5295800589196,10.9246201461433,10.3005639895653,9.67830514024278,,,,,,,,,,,,,,,,,,,,,
264846.907202226,3842373.09638262,645.854532036835,L5_1,628,645.854532036835,640.700005855509,635.287753365117,629.604888250205,623.637879879547,617.372521090356,610.793894361706,603.886336296624,596.633400328287,589.017817561534,581.021455656443,572.625275656097,563.809286655734,554.552498205353,544.832870332453,534.627261065907,523.911371336035,512.659687119669,500.845418692485,488.440436843941,475.41520590297,461.738713414951,447.37839630253,432.300063334489,416.467813718046,399.84395162078,382.388896418651,364.061088456416,344.816890096069,324.610481817705,303.393753125422,281.122994305324,258.432796835783,234.608089492765,209.592146782596,183.325406936919,155.745330098958,126.786249419098,96.379214705246,64.4518282557011,,,,,,,,,,,,,,,,,,,,,,6.3267471957418,6.21544395559301,5.05897633602836,3.61327171024881,3.04407477300431,3.20386641159268,3.81685596454939,4.60658730882378,5.37667776965509,6.08038102638387,6.76458116887034,7.47858445559534,8.22929020553627,8.98238498571467,9.68568957272663,10.2946415397041,10.787431534313,11.1668824989419,11.4536718813641,11.6771246889309,11.8673875938139,12.0500882392343,12.2432344303136,12.4558423470778,12.6878414712482,12.9307829399877,13.16893709573,13.3807493321902,13.5412486163838,13.6258506537329,13.6141050640525,13.4916867585504,13.2601541334069,12.9295102369873,12.5089157247174,12.0122799119154,11.4564365640086,10.8606402243242,10.245733170673,9.6322909094396,,,,,,,,,,,,,,,,,,,,,
264852.274909236,3842376.77303336,645.736774033522,L5_1,634.5,645.736774033522,640.583913059011,635.173409035774,629.492379811375,623.527299125756,617.263964405856,610.687462949962,603.782136421272,596.531543566148,588.918421068268,580.924642445494,572.531174891581,563.718033959973,554.464235981784,544.747748104685,534.545435833732,523.833007949231,512.584958670505,500.774506927843,488.373532598047,475.352509551762,461.680435353163,447.324757444633,432.251295640677,416.424160746524,399.805669107662,382.356252886858,364.034365855013,344.796384471576,324.596504018967,303.386629543728,281.122994305324,258.432796835783,234.608089492765,209.592146782596,183.325406936919,155.745330098958,126.786249419098,96.379214705246,64.4518282557011,,,,,,,,,,,,,,,,,,,,,,6.05039555350301,6.11045314309395,5.20058982770919,3.60983124924942,2.75959469179419,2.70297591259335,3.18258686620226,3.96115796093415,4.84257885530566,5.72470416288169,6.59396469139017,7.46440263175286,8.33002538642096,9.15559808160583,9.89375998372376,10.5076916901994,10.9843748826812,11.3348526124264,11.5864013252639,11.7729938691233,11.9276589291803,12.0775699611494,12.2414052698144,12.4283529725533,12.6382856122467,12.8626371839158,13.0855881597361,13.2855577541419,13.4376006090048,13.5171288651385,13.5035862560345,13.38243239917,13.1547446344286,12.8299312217886,12.4166636215174,11.9284098003598,11.3816239329395,10.7952078716521,10.1896580673494,9.58522984828402,,,,,,,,,,,,,,,,,,,,,
264857.229715707,3842380.16686481,645.567153914443,L5_1,640.5,645.567153914443,640.416691524913,635.008706015906,629.330321231449,623.36801720777,617.107597982906,610.534157796799,603.632045601387,596.384827796204,588.775249100762,580.785191470548,572.395630958824,563.586592421513,554.337101957336,544.625136969951,534.427573733196,523.720132334604,512.477318866082,500.672364724134,488.277162875089,475.262200933591,461.596490895018,447.247495354517,432.181050036991,416.361282453588,399.750526491016,382.309232730314,363.995874281578,344.766847910405,324.576370220673,303.376368646454,281.122994305324,258.432796835783,234.608089492765,209.592146782596,183.325406936919,155.745330098958,126.786249419098,96.379214705246,64.4518282557011,,,,,,,,,,,,,,,,,,,,,,5.32503114654546,5.51791882756361,4.90761347306893,3.40736028221656,2.48552271103736,2.33201285723201,2.72143618890718,3.46431975470922,4.39811849110322,5.40450274196962,6.42585149240903,7.43766955025967,8.41255562741103,9.30824940261394,10.0795844453133,10.6970254960509,11.156667120038,11.4780947334996,11.6952572630452,11.8466268306352,11.9678605365937,12.0874113241782,12.2244008510745,12.3880260893369,12.5779995386257,12.7855847354132,12.9948584019491,13.1842290480601,13.3288115439265,13.4040601942861,13.3893615472028,13.2700043521797,13.046602027831,12.7279792456823,12.322340184804,11.8427270623099,11.3052304667085,10.7284102196701,10.132419094222,9.53719256243057,,,,,,,,,,,,,,,,,,,,,
264862.597422717,3842383.84351555,645.345812141479,L5_1,647,645.345812141479,640.198479728837,634.793780695563,629.118846710624,623.160166026439,616.903551308045,610.334105853731,603.436188126701,596.19337451332,588.588420219269,580.603218210516,572.218756101326,563.415070886676,554.171201411293,544.465138462142,534.273772365533,523.572837964093,512.336856842581,500.539076664994,488.151407478527,475.144354832737,461.486949554658,447.146674012674,432.089384693592,416.279230908555,399.678569434266,382.247874886263,363.94564561086,344.728304871687,324.550097095555,303.362978930616,281.122994305324,258.432796835783,234.608089492765,209.592146782596,183.325406936919,155.745330098958,126.786249419098,96.379214705246,64.4518282557011,,,,,,,,,,,,,,,,,,,,,,4.30237860725928,4.51311498665407,4.14006684251851,2.96837872563987,2.19490172478391,2.05212177530365,2.39380811223847,3.09370735513291,4.03989537566633,5.12567361848298,6.26728101743152,7.40345489908308,8.47973161299919,9.44153972181095,10.2433138370418,10.8622124648673,11.3036292025957,11.5958948134235,11.7796069882975,11.8975185338245,11.987618434028,12.0793514727904,12.1920482805417,12.334752199444,12.5069168947979,12.6995873295691,12.8967272135942,13.0767533949907,13.214878268705,13.2866457575036,13.2714349410607,13.1544088051504,12.9357339965253,12.6236625738683,12.2259535141286,11.7552392905536,11.2272630235144,10.6602531517975,10.0740211174469,9.48818295515726,,,,,,,,,,,,,,,,,,,,,
264867.552221434,3842387.23735219,645.124470368516,L5_1,653,645.124470368516,639.980267932761,634.578855375219,628.907372189799,622.952314845109,616.699504633184,610.134053910662,603.240330652015,596.001921230435,588.401591337776,580.421244950485,572.041881243828,563.243549351839,554.005300865251,544.305139954333,534.119970997869,523.425543593582,512.19639481908,500.405788605854,488.025652081966,475.026508731884,461.377408214297,447.045852670832,431.997719350193,416.197179363522,399.606612377517,382.186517042213,363.895416940143,344.68976183297,324.523823970437,303.349589214779,281.122994305324,258.432796835783,234.608089492765,209.592146782596,183.325406936919,155.745330098958,126.786249419098,96.379214705246,64.4518282557011,,,,,,,,,,,,,,,,,,,,,,4.42588600301246,4.37332693359758,3.73239029760195,2.67439071653429,2.01467676926632,1.89448705086355,2.20895837933856,2.87633905038996,3.82357082770621,4.95920366162447,6.18520425813188,7.41238880603943,8.56262050736695,9.56956351015361,10.3869856932092,10.9981660067937,11.4169059599291,11.6791557022169,11.8310069640979,11.9184918235497,11.9811612966633,12.0489205899636,12.1409798993258,12.2660476219859,12.4232406615725,12.6033697445492,12.7903104867276,12.9625392512731,13.0954260641303,13.1646692107067,13.1497047592787,13.0356325306576,12.8221922729116,12.5170705879403,12.1276133346034,11.6660658655224,11.1478395830897,10.5908447201958,10.0145593064989,9.43828118050333,,,,,,,,,,,,,,,,,,,,,
264872.919911645,3842390.91401414,644.903128595553,L5_1,659.5,644.903128595553,639.762056136686,634.363930054875,628.695897668974,622.744463663778,616.495457958322,609.934001967594,603.044473177329,595.810467947551,588.214762456283,580.239271690453,571.865006386331,563.072027817003,553.839400319208,544.145141446524,533.966169630205,523.278249223071,512.055932795579,500.272500546714,487.899896685405,474.90866263103,461.267866873937,446.945031328989,431.906054006794,416.115127818489,399.534655320768,382.125159198162,363.845188269425,344.651218794252,324.49755084532,303.336199498941,281.122994305324,258.432796835783,234.608089492765,209.592146782596,183.325406936919,155.745330098958,126.786249419098,96.379214705246,64.4518282557011,,,,,,,,,,,,,,,,,,,,,,5.72868625043838,5.03469055160862,3.68696361360224,2.5601194575069,1.94732752184594,1.83746883945756,2.13477732474515,2.78134983615459,3.72768572585068,4.89443179194623,6.17626103929988,7.46429061908255,8.66163584135238,9.6923038365993,10.5100372071449,11.104006559872,11.4955579789435,11.7270456545108,11.8488038528915,11.9090768439765,11.9481751146228,11.9959227476612,12.0710820759757,12.1818521376859,12.3269428742345,12.4969218562956,12.6756068021435,12.8415886616174,12.9704576496786,13.0381330075735,13.0241738542095,12.9136808070949,12.7059847380515,12.4082119322753,12.0273281059445,11.5752145367189,11.0669669511731,10.520190755376,9.95403849725418,9.38749110909911,,,,,,,,,,,,,,,,,,,,,
264877.874702608,3842394.30785595,644.517295440691,L5_1,665.5,644.517295440691,639.381679018617,633.98928177544,628.327264670103,622.3821467095,616.139772850867,609.585280299302,602.703063120159,595.476735082059,587.889090642053,579.922063980048,571.556685984942,562.773039090081,553.550209850477,543.866239148892,533.698069912229,523.021492213732,511.81108563031,500.040158717718,487.680685459495,474.703238538362,461.076919271172,446.769284040622,431.746267048545,415.972099206864,399.409222973099,382.018202927646,363.75763187992,344.584032279807,324.45175269969,303.312859140566,281.122994305324,258.432796835783,234.608089492765,209.592146782596,183.325406936919,155.745330098958,126.786249419098,96.379214705246,64.4518282557011,,,,,,,,,,,,,,,,,,,,,,5.9436459947566,5.30911534280405,3.97322993462717,2.76529991204293,2.0739692542781,1.91162666255595,2.176018470641,2.80540330614236,3.75264316871725,4.93853091326557,6.24987182923324,7.56488202356988,8.7759106010139,9.80289183875574,10.6019703487226,11.1681038814208,11.5286051792354,11.7301695110839,11.8254753580401,11.8635254533075,11.8844157632149,11.9173081342405,11.9802144564973,12.0807011016999,12.2170510058311,12.3796283354636,12.5522610154097,12.7137310776224,12.8399331358118,12.9070883167827,12.8949527643061,12.7887060197932,12.5872859404769,12.2972621070661,11.9252649013352,11.4828396618075,10.9847852724019,10.4484142657476,9.89256317589677,9.33590142827711,,,,,,,,,,,,,,,,,,,,,
264883.242392818,3842397.98451791,643.96777490647,L5_1,672,643.96777490647,638.839929211758,633.45569123231,627.80224135389,621.866118981549,615.63319049059,609.088615575084,602.216811913802,595.001418069457,587.425254532894,579.470282819503,571.117562520442,562.347206206428,553.138332076714,543.469014240514,533.316230512504,522.655807598093,511.462363537962,499.709247274824,487.36847519853,474.41066451842,460.804963304306,446.518977029485,431.518691440924,415.768391572934,399.230576711545,381.865871107086,363.632930222405,344.488342293489,324.386524968128,303.279616776498,281.122994305324,258.432796835783,234.608089492765,209.592146782596,183.325406936919,155.745330098958,126.786249419098,96.379214705246,64.4518282557011,,,,,,,,,,,,,,,,,,,,,,4.979836746193,5.0946697228339,4.55501877246656,3.28560090601481,2.39691261302888,2.11992532697841,2.33460827319651,2.9488487208452,3.89786251804971,5.09086415841982,6.4055573920747,7.71356379134803,8.90451064840848,9.90012187006874,10.6615287581494,11.1893530594647,11.5151964476775,11.6879391068006,11.7606526255195,11.7816285103071,11.7897791054762,11.8130356555133,11.8683703808847,11.9626044026481,12.0935813051422,12.2515066809473,12.4202896656007,12.5789814625026,12.7038661711451,12.7715478890276,12.7620536177057,12.660719547091,12.4661063403534,12.1842306814559,11.8214323455452,11.3889488653341,10.9013011883782,10.3755209250898,9.83013804196925,9.28351588240161,,,,,,,,,,,,,,,,,,,,,
264888.197177727,3842401.37843145,643.41825437225,L5_1,678,643.41825437225,638.298179404899,632.922100689181,627.277218037677,621.350091253597,615.126608130314,608.591950850866,601.730560707446,594.526101056855,586.961418423734,579.018501658958,570.678439055942,561.921373322776,552.726454302951,543.071789332135,532.934391112779,522.290122982454,511.113641445614,499.378335831931,487.056264937564,474.118090498479,460.533007337439,446.268670018348,431.291115833302,415.564683939004,399.051930449991,381.713539286527,363.50822856489,344.392652307171,324.321297236566,303.246374412431,281.122994305324,258.432796835783,234.608089492765,209.592146782596,183.325406936919,155.745330098958,126.786249419098,96.379214705246,64.4518282557011,,,,,,,,,,,,,,,,,,,,,,5.31277359326571,5.63657069464167,5.35718599280645,3.97183342053388,2.86829151938763,2.4582522263336,2.61357053282746,3.20562728946618,4.14297948372095,5.31905536145047,6.6048199635901,7.87162730687093,9.01273573619741,9.95551499964009,10.6669697901174,11.1521261869327,11.444654652459,11.5933713965377,11.649942966014,11.6607269405684,11.6627230756215,11.6822623466916,11.7351381003897,11.8274151351374,11.9565575400827,12.1126985530004,12.2799200434447,12.4376351069593,12.5626004795668,12.6318805146658,12.6258480377219,12.5300651934401,12.3427469413571,12.0693806205206,11.7160582197726,11.293737538105,10.816680321986,10.3016510691101,9.76688039614438,9.23042927654577,,,,,,,,,,,,,,,,,,,,,
264893.564854821,3842405.05524883,642.86873383803,L5_1,684.5,642.86873383803,637.756429598041,632.388510146052,626.752194721464,620.834063525646,614.620025770037,608.095286126648,601.244309501089,594.050784044253,586.497582314575,578.566720498412,570.239315591442,561.495540439123,552.314576529188,542.674564423757,532.552551713054,521.924438366815,510.764919353265,499.047424389038,486.744054676598,473.825516478537,460.261051370573,446.018363007211,431.063540225681,415.360976305074,398.873284188436,381.561207465967,363.383526907375,344.296962320853,324.256069505004,303.213132048363,281.122994305324,258.432796835783,234.608089492765,209.592146782596,183.325406936919,155.745330098958,126.786249419098,96.379214705246,64.4518282557011,,,,,,,,,,,,,,,,,,,,,,7.04861228874662,7.06580698000915,6.39194136212196,4.83220208861569,3.52458917053811,2.96860909866477,3.04860049519975,3.60163153248333,4.50389063995054,5.63076988605685,6.84984302893702,8.03840477403753,9.0989427706648,9.96749754446695,10.6172036646062,11.0558578531223,11.3168154599438,11.446547281239,11.4935444573855,11.5010510261748,11.5034631221377,11.5251682404611,11.5806576025908,11.6752370768475,11.8060542794474,11.9632569054609,12.1311905203874,12.2897214308762,12.416160463926,12.4881078650828,12.4863554210906,12.3967587305304,12.217219800117,11.9527216567933,11.6091507761813,11.1972129167664,10.7309289569093,10.22680998438,9.70279458234757,9.17664515376984,,,,,,,,,,,,,,,,,,,,,
264898.519633677,3842408.44923411,642.247431550725,L5_1,690.5,642.247431550725,637.143913098314,631.785218723282,626.158589629499,620.250629081027,614.047270505131,607.53374400044,600.694541170515,593.513378199094,585.973157079101,578.055924903109,569.742831118318,561.014082644286,551.848896746553,542.225451553934,532.120834101683,521.51098577682,510.370645035714,498.673287257553,486.391061590483,473.49472464006,459.953570842116,445.735359354274,430.806237292041,415.130659126696,398.671302053083,381.38897712579,363.242535952133,344.188772719792,324.182321325835,303.175547362179,281.122994305324,258.432796835783,234.608089492765,209.592146782596,183.325406936919,155.745330098958,126.786249419098,96.379214705246,64.4518282557011,,,,,,,,,,,,,,,,,,,,,,6.76528551219527,6.96398835240007,6.79250864113536,5.5979316336789,4.29527214709977,3.62769745848414,3.60876888547082,4.08244707123438,4.90487757106639,5.94060387109957,7.05898034059009,8.1455737684669,9.11203288057087,9.90155071259495,10.4911794226507,10.8891741760219,11.1265859894583,11.2460753815261,11.2920240584577,11.3040456510269,11.3137107748419,11.3434209283769,11.4064177045447,11.5073499316893,11.6431589193102,11.8041138634164,11.9749203016386,12.1359781467852,12.2652234153166,12.3408535872336,12.3441393945015,12.2612885716392,12.0899313288427,11.8345875482292,11.5009826819174,11.0995991952052,10.6442335628695,10.1511514570195,9.63800557521352,9.12226452798672,,,,,,,,,,,,,,,,,,,,,
264903.887310771,3842412.12605149,641.554516534338,L5_1,697,641.554516534338,636.460796539567,631.112390545058,625.496564250823,619.599946641877,613.408498152483,606.907477238619,600.081405279063,592.914029721528,585.388285386117,577.486253833935,569.189120704144,560.477130917864,551.329541642269,541.724572902895,531.639355726552,521.049877691392,509.930925754474,498.25602622071,485.997381710258,473.125804974283,459.61064940151,445.419736050097,430.519277031115,414.873795061183,398.446038992754,381.196895120904,363.085294055462,344.068112936747,324.100072762097,303.133630578714,281.122994305324,258.432796835783,234.608089492765,209.592146782596,183.325406936919,155.745330098958,126.786249419098,96.379214705246,64.4518282557011,,,,,,,,,,,,,,,,,,,,,,4.80701129334541,5.59174838772342,6.73141386832829,6.3907427757167,5.27381475394838,4.49942488512137,4.33028365931607,4.66416505297194,5.35026806758003,6.24749571355925,7.22961665449502,8.19085061958725,9.05072694917678,9.75740813209966,10.2893616296197,10.6529358896246,10.8749534628891,10.992897916386,11.0461931065714,11.0703642614705,11.0939680623246,11.1373928053994,11.2126873557564,11.3239440212332,11.4680042737599,11.6353615195779,11.8111735310644,11.9764507831713,12.109822796024,12.1901433417552,12.1992199722188,12.1236696937953,11.9608924717109,11.7149869131752,11.3915613084865,11.0009028195327,10.5565997606711,10.0746803316099,9.57251742167855,9.06729064408945,,,,,,,,,,,,,,,,,,,,,
264908.842089627,3842415.52003677,640.861601517952,L5_1,703,640.861601517952,635.777679980821,630.439562366834,624.834538872147,618.949264202727,612.769725799835,606.281210476798,599.46826938761,592.314681243963,584.803413693133,576.916582764761,568.635410289971,559.940179191441,550.810186537985,541.223694251856,531.157877351421,520.588769605964,509.491206473234,497.838765183867,485.603701830033,472.756885308506,459.267727960903,445.10411274592,430.232316770188,414.61693099567,398.220775932425,381.004813116018,362.928052158791,343.947453153702,324.017824198359,303.091713795249,281.122994305324,258.432796835783,234.608089492765,209.592146782596,183.325406936919,155.745330098958,126.786249419098,96.379214705246,64.4518282557011,,,,,,,,,,,,,,,,,,,,,,4.76706126968757,5.61826896253169,7.09805281775152,7.19302984272971,6.19137082034272,5.30740133476936,4.97479674013722,5.14776779850988,5.67958264832526,6.4291164450584,7.27505604987928,8.1181153121266,8.88291767786966,9.52018683955132,10.0080694350043,10.3499353001429,10.5678530810871,10.6939806053615,10.762846770831,10.8060502831806,10.849321681855,10.9112171924561,11.0027566317166,11.1276108128146,11.2826333620941,11.4586305498778,11.6412805227719,11.8122577022573,11.9509232802446,12.0368216198266,12.0523295194947,11.9845003753284,11.8305742826908,11.5942979272779,11.2811908188079,10.9013689560465,10.4682258760148,9.99755819968314,9.50646210242653,9.01182895922764,,,,,,,,,,,,,,,,,,,,,
264914.20976672,3842419.19685415,640.168686501565,L5_1,709.5,640.168686501565,635.094563422075,629.76673418861,624.172513493472,618.298581763577,612.130953447187,605.654943714977,598.855133496158,591.715332766397,584.218542000148,576.346911695587,568.081699875798,559.403227465019,550.290831433701,540.722815600818,530.67639897629,520.127661520536,509.051487191994,497.421504147025,485.210021949808,472.387965642729,458.924806520297,444.788489441743,429.945356509262,414.360066930156,397.995512872096,380.812731111132,362.77081026212,343.826793370657,323.935575634621,303.049797011784,281.122994305324,258.432796835783,234.608089492765,209.592146782596,183.325406936919,155.745330098958,126.786249419098,96.379214705246,64.4518282557011,,,,,,,,,,,,,,,,,,,,,,6.27337110476827,6.79712914361338,7.7933369549324,7.88802367233552,6.92585617821085,5.95844449639309,5.48014058150467,5.49476101423157,5.8712509923937,6.47533169527207,7.19220466118327,7.92812969481779,8.61116955666368,9.19304784882018,9.65040938602336,9.98291528066764,10.207554746441,10.3511193954898,10.4433580343376,10.5121236581223,10.5805102543261,10.6654168546985,10.7769881919069,10.9185982287528,11.0872149687944,11.2740375789968,11.4653254215677,11.6434642019448,11.7885800294777,11.8809374891559,11.9035099188045,11.8438090875818,11.6989918744898,11.4725294249695,11.1698776192382,10.8010030384291,10.3791166937254,9.91978923766038,9.43984316791451,8.95588242551247,,,,,,,,,,,,,,,,,,,,,
264919.164545576,3842422.59083942,639.822950738452,L5_1,715.5,639.822950738452,634.75371668164,629.431020921988,623.842190374353,617.973918299337,611.812232620569,605.342462657864,598.549204197023,591.416282813139,583.926715360062,576.062669534331,567.805421417313,559.135310894445,550.031694845433,540.47289799397,530.436161299935,519.897587771197,508.832085566023,497.21330825059,485.013592069385,472.20389007912,458.753702989342,444.631006545075,429.802175278594,414.23190244879,397.883115977495,380.716890182635,362.692353098033,343.7665891592,323.894537023426,303.028882280863,281.122994305324,258.432796835783,234.608089492765,209.592146782596,183.325406936919,155.745330098958,126.786249419098,96.379214705246,64.4518282557011,,,,,,,,,,,,,,,,,,,,,,7.1013306848494,7.42963873188553,8.16230946371179,8.2347399535883,7.28871995930564,6.28160186535289,5.73075573293352,5.66554594647405,5.96410252583536,6.49582246371943,7.14891218596995,7.8321257604484,8.47505806014771,9.02982883222701,9.47229734572855,9.80028969791151,10.0283060979213,10.1805135566459,10.2843208122677,10.3657427778917,10.4465752792149,10.5428976388257,10.6644186687244,10.8143615945714,10.9897474631023,11.1819673371551,11.3775669018568,11.5592835565155,11.7076224004389,11.8032049961591,11.8292999694189,11.7736457330605,11.6333615917398,11.4117857035202,11.1143417708564,10.7509214284845,10.3346446194501,9.88096953621177,9.40658244446913,8.927944110984,,,,,,,,,,,,,,,,,,,,,
