X,Y,Z,LINE,STN_CORR,Elev_trim[0],Elev_trim[1],Elev_trim[2],Elev_trim[3],Elev_trim[4],Elev_trim[5],Elev_trim[6],Elev_trim[7],Elev_trim[8],Elev_trim[9],Elev_trim[10],Elev_trim[11],Elev_trim[12],Elev_trim[13],Elev_trim[14],Elev_trim[15],Elev_trim[16],Elev_trim[17],Elev_trim[18],Elev_trim[19],Elev_trim[20],Elev_trim[21],Elev_trim[22],Elev_trim[23],Elev_trim[24],Elev_trim[25],Elev_trim[26],Elev_trim[27],Elev_trim[28],Elev_trim[29],Elev_trim[30],Elev_trim[31],Elev_trim[32],Elev_trim[33],Elev_trim[34],Elev_trim[35],Elev_trim[36],Elev_trim[37],Elev_trim[38],Elev_trim[39],Elev_trim[40],Elev_trim[41],Elev_trim[42],Elev_trim[43],Elev_trim[44],Elev_trim[45],Elev_trim[46],Elev_trim[47],Elev_trim[48],Elev_trim[49],Elev_trim[50],Elev_trim[51],Elev_trim[52],Elev_trim[53],Elev_trim[54],Elev_trim[55],Elev_trim[56],Elev_trim[57],Elev_trim[58],Elev_trim[59],Elev_trim[60],Res_trim[0],Res_trim[1],Res_trim[2],Res_trim[3],Res_trim[4],Res_trim[5],Res_trim[6],Res_trim[7],Res_trim[8],Res_trim[9],Res_trim[10],Res_trim[11],Res_trim[12],Res_trim[13],Res_trim[14],Res_trim[15],Res_trim[16],Res_trim[17],Res_trim[18],Res_trim[19],Res_trim[20],Res_trim[21],Res_trim[22],Res_trim[23],Res_trim[24],Res_trim[25],Res_trim[26],Res_trim[27],Res_trim[28],Res_trim[29],Res_trim[30],Res_trim[31],Res_trim[32],Res_trim[33],Res_trim[34],Res_trim[35],Res_trim[36],Res_trim[37],Res_trim[38],Res_trim[39],Res_trim[40],Res_trim[41],Res_trim[42],Res_trim[43],Res_trim[44],Res_trim[45],Res_trim[46],Res_trim[47],Res_trim[48],Res_trim[49],Res_trim[50],Res_trim[51],Res_trim[52],Res_trim[53],Res_trim[54],Res_trim[55],Res_trim[56],Res_trim[57],Res_trim[58],Res_trim[59],Res_trim[60]
265265.155171108,3842659.59671697,653.442259163006,L5_2,1134.5,653.442259163006,648.442259163006,643.192259163006,637.679759163006,631.891634163006,625.814102913006,619.432695100506,612.732216897381,605.6967147841,598.309437565154,590.552796485262,582.408323351375,573.856626560793,564.877344930682,555.449099219066,545.549441221869,535.154800324812,524.240427382903,512.780335793898,500.747239625442,488.112488648564,474.846000122842,460.916187170834,446.289883571225,430.932264791636,414.806765073067,397.87499036857,380.096626928849,361.429345317141,341.828699624848,321.24802164794,299.638309772186,276.948112302645,253.123404959627,228.107462249458,201.840722403781,174.26064556582,145.30156488596,114.894530172108,82.9671437225631,,,,,,,,,,,,,,,,,,,,,,4.54797644433936,9.10735142927827,26.4679207971725,41.9111902779907,42.7866120728119,34.1182957017411,23.6290724005002,15.5967589556212,10.7310500557483,8.2411030046205,7.27006781189813,7.27432677588869,7.9503856191491,9.10138059058582,10.5551249978985,12.142179351283,13.7133034951626,15.1663199926736,16.4586840978962,17.5995382398213,18.629718866942,19.6013728725597,20.5638113641088,21.556443654587,22.6066686638063,23.7302830794158,24.9327506282621,26.2105158510506,27.5521041140372,28.9389793956676,30.3463311594009,31.7440068855669,33.0978668125291,34.3715173335456,35.5283000888694,36.533665525128,37.3577265430099,37.977668948423,38.3796734222791,38.5600552094592,,,,,,,,,,,,,,,,,,,,,
265270.110752324,3842662.99046643,653.728709002189,L5_2,1140.5,653.728709002189,648.724658337174,643.470405138908,637.953439280729,632.160625129641,626.078170270998,619.691592669424,612.985686187771,605.944484382035,598.551222486012,590.788297495188,582.637226254823,574.07860145244,565.092045409937,555.656161565309,545.74848352845,535.345421589748,524.422206554111,512.952830766692,500.909986189903,488.264999384273,474.987763238362,461.046665285156,446.408512434289,431.038451940879,414.899888422799,397.954396728814,380.161630450131,361.479225857513,341.862701035264,321.265349971902,299.638309772186,276.948112302645,253.123404959627,228.107462249458,201.840722403781,174.26064556582,145.30156488596,114.894530172108,82.9671437225631,,,,,,,,,,,,,,,,,,,,,,6.78689707571708,11.0951759937445,25.1436832110474,38.0831717643235,39.096312284638,31.3862097816576,21.8599668970321,14.5551354729668,10.1592473161753,7.95276951065491,7.15770698159059,7.28263206434917,8.04885705146341,9.26623183929911,10.7612074402759,12.3629860979482,13.9253034776027,15.353256825086,16.6131047528059,17.7214437771168,18.7238234396462,19.6744582129702,20.6228972188861,21.6078115801677,22.6554847954983,23.7805438424345,24.9873691693316,26.2714538840357,27.6205027020993,29.0152749435098,30.4303575626353,31.8350803781771,33.1949132468275,34.4732272178088,35.633226066852,36.6402820218716,37.4644810881058,38.0830232809952,38.4821414561229,38.6582438748278,,,,,,,,,,,,,,,,,,,,,
265275.479298641,3842666.66702834,654.301996992342,L5_2,1147,654.301996992342,649.28983950621,644.027074145771,638.50117051731,632.698971707427,626.606662957049,620.209738769152,613.492968371861,606.440359454704,599.035120091691,591.259618760526,583.095342362803,574.522852145194,565.521737416705,556.070566951791,546.146837963631,535.726922526064,524.786011316618,513.298054546699,501.235699938285,488.57022759945,475.271481643674,461.307798390108,446.645930973865,431.250970186809,415.0862613604,398.113317092671,380.291725611555,361.579054556384,341.930749948454,321.300030110127,299.638309772186,276.948112302645,253.123404959627,228.107462249458,201.840722403781,174.26064556582,145.30156488596,114.894530172108,82.9671437225631,,,,,,,,,,,,,,,,,,,,,,10.8236129921215,12.9314607322999,19.5753284293538,27.3628377027099,29.1303464666331,24.5949855567562,17.9125080684985,12.4496242601282,9.10227545458527,7.48098948287109,7.0384369210387,7.40507170184892,8.35113541754379,9.69576646743554,11.2606366176319,12.8737094550749,14.3984150303901,15.7581094574509,16.9387946831017,17.9723728167307,18.9131415420548,19.8184288488918,20.7373317637456,21.7063572574859,22.7491006465606,23.8775617785156,25.0937791191661,26.3912357257215,27.7559281664209,29.1671643812522,30.5982958643724,32.0175925487252,33.3897339972846,34.6776273726278,35.8442129137667,36.8547197500277,37.6791932513555,38.2948780942987,38.6881254844889,38.8555451086057,,,,,,,,,,,,,,,,,,,,,
265280.43432628,3842670.06079438,654.875284982494,L5_2,1153,654.875284982494,649.855020675245,644.583743152634,639.048901753892,633.237318285212,627.135155643099,620.72788486888,614.000250555951,606.936234527374,599.519017697369,591.730940025864,583.553458470783,574.967102837949,565.951429423472,556.484972338272,546.545192398812,536.108423462379,525.149816079124,513.643278326706,501.561413686668,488.875455814627,475.555200048985,461.56893149506,446.88334951344,431.463488432738,415.272634298001,398.272237456527,380.42182077298,361.678883255255,341.998798861644,321.334710248352,299.638309772186,276.948112302645,253.123404959627,228.107462249458,201.840722403781,174.26064556582,145.30156488596,114.894530172108,82.9671437225631,,,,,,,,,,,,,,,,,,,,,,13.3293624117887,13.3188380464102,14.94606613711,18.2807416424137,19.8202593360585,17.9715777243043,14.1656367562012,10.6237535078196,8.34486408902933,7.30595843213819,7.21547363257856,7.82639488175115,8.94847708272668,10.4015694902665,12.000700723235,13.5780550206689,15.015763714442,16.2632330918675,17.3302288976458,18.26440969301,19.1272419259013,19.9770043360083,20.8603971650712,21.8102943151919,22.8465840083931,23.9779636057892,25.2036873199755,26.5149352857649,27.8958035200032,29.3240217095122,30.7716164690867,32.2057327582434,33.5902360533964,34.8875839517858,36.0604759582976,37.0740296020164,37.8982838397276,38.510561815926,38.8973661533794,39.05553696273,,,,,,,,,,,,,,,,,,,,,
265285.80167318,3842673.73739224,655.448572972647,L5_2,1159.5,655.448572972647,650.420201844281,645.140412159497,639.596632990473,633.775664862998,627.66364832915,621.246030968609,614.507532740041,607.432109600044,600.002915303048,592.202261291202,584.011574578763,575.411353530703,566.38112143024,556.899377724753,546.943546833993,536.489924398694,525.51362084163,513.988502106713,501.88712743505,489.180684029804,475.838918454296,461.830064600013,447.120768053015,431.676006678667,415.459007235602,398.431157820384,380.551915934404,361.778711954126,342.066847774834,321.369390386577,299.638309772186,276.948112302645,253.123404959627,228.107462249458,201.840722403781,174.26064556582,145.30156488596,114.894530172108,82.9671437225631,,,,,,,,,,,,,,,,,,,,,,18.7431188007991,16.8855217441971,14.8862021664218,14.8764183223272,14.9910112449646,13.7708765460357,11.5015376501561,9.31573660579016,7.91983448443567,7.41886843596561,7.68235952078941,8.5467817116621,9.84123036616434,11.3776345634713,12.9667185138823,14.4547493050406,15.7536792964667,16.8463625706727,17.7687214583397,18.5830472502848,19.3554361818467,20.1425804263512,20.9868120491572,21.9160201149773,22.9455133194909,24.0801410635886,25.3160318770691,26.6418452623089,28.0396400660618,29.4854823190418,30.9500200331176,32.3992416742563,33.796195716454,35.1029074767301,36.281856592539,37.2980799756933,38.1216450226833,38.7299856741876,39.1097894469383,39.2581568826752,,,,,,,,,,,,,,,,,,,,,
265290.756147241,3842677.13117488,655.847016467571,L5_2,1165.5,655.847016467571,650.813010980568,645.527305219216,639.977314169795,634.149823567904,628.030958435917,621.606150047332,614.860101239317,607.776749990902,600.339231180066,592.529836428688,584.329971939741,575.720114226347,566.679763627283,557.187395498266,547.220408962798,536.755073100556,525.766470445203,514.228437657081,502.113503229554,489.392822080651,476.036106874302,462.011555907636,447.285777392636,431.823709951887,415.5885391391,398.541609785674,380.642333964576,361.848094352424,342.114142759663,321.393493587265,299.638309772186,276.948112302645,253.123404959627,228.107462249458,201.840722403781,174.26064556582,145.30156488596,114.894530172108,82.9671437225631,,,,,,,,,,,,,,,,,,,,,,27.4865413280147,24.5620837879346,19.5050422129091,16.1057376356214,13.979054301676,12.0068252525569,10.0907348974263,8.6124565407696,7.84140741359327,7.80808978917229,8.4236170407608,9.54944087572723,11.0068421757223,12.5926005528812,14.1201210764391,15.4630406911018,16.5745441097409,17.4763579507146,18.2305683621,18.9113478021835,19.5861958386248,20.3076228649293,21.1118466063917,22.020704422247,23.0443056481448,24.1832970025988,25.4304773491125,26.771870711659,28.1874345400637,29.6515368593343,31.1334377990311,32.5979823458244,34.0074271923342,35.3233843220339,36.5081304417606,37.5266467102947,38.3490584484717,38.9529425702797,39.3252021526016,39.4632292494495,,,,,,,,,,,,,,,,,,,,,
265296.12349414,3842680.80777274,656.070032372751,L5_2,1172,656.070032372751,651.032873235086,645.743856140538,640.190388191263,634.359246844524,628.236548430449,621.807715095669,615.05744009415,607.969651342556,600.527473153382,592.713186054749,584.508184601184,575.892933074941,566.846918972386,557.348604164703,547.375373616637,536.903481541166,525.907994861923,514.362733848717,502.24020978485,489.511559517791,476.146476737378,462.113139817945,447.378136052541,431.906382098866,415.661040447507,398.60343171358,380.692942542957,361.886928913803,342.140614603191,321.406984577048,299.638309772186,276.948112302645,253.123404959627,228.107462249458,201.840722403781,174.26064556582,145.30156488596,114.894530172108,82.9671437225631,,,,,,,,,,,,,,,,,,,,,,40.5018893510446,37.2378706640734,28.7176767593171,20.5008902350026,15.2001347217502,11.7839264078809,9.60817364825456,8.41302356409537,8.05856610269597,8.42690893762635,9.39005981621741,10.7805632295511,12.3850911862904,13.9811956791557,15.3956641035578,16.5438650277224,17.4297020628652,18.1161612740075,18.6891632934346,19.2309661574472,19.8071835187441,20.4639443624472,21.2300963145378,22.1207792966759,23.1405953751024,24.2858491025281,25.5459494302229,26.90426491754,28.3386498645781,29.8217817117275,31.3215521661762,32.8016963168617,34.223716207579,35.5488347456779,36.7391452702059,37.7596007464369,38.5804149605332,39.1793396884571,39.5435254789292,39.6706849921289,,,,,,,,,,,,,,,,,,,,,
265301.077960448,3842684.20156056,656.29304827793,L5_2,1178,656.29304827793,651.252735489604,645.960407061861,640.403462212731,634.568670121145,628.44213842498,622.009280144006,615.254778948983,608.16255269421,600.715715126697,592.896535680809,584.686397262627,576.065751923536,567.01407431749,557.509812831141,547.530338270476,537.051889981777,526.049519278643,514.497030040352,502.366916340147,489.630296954931,476.256846600455,462.214723728255,447.470494712445,431.989054245844,415.733541755914,398.665253641487,380.743551121338,361.925763475182,342.167086446719,321.420475566832,299.638309772186,276.948112302645,253.123404959627,228.107462249458,201.840722403781,174.26064556582,145.30156488596,114.894530172108,82.9671437225631,,,,,,,,,,,,,,,,,,,,,,50.338795157698,46.5672344755026,35.8156268213735,24.4083889679831,16.7076190806265,12.1063325044307,9.61190901314856,8.53696067853626,8.47819364233283,9.19611601504158,10.49372972373,12.1397106963015,13.8670274398542,15.4343652881631,16.6937941994395,17.6142142367801,18.2552327985755,18.7195858263918,19.112671346429,19.52066921234,20.0045483063996,20.6026514036042,21.3359225633438,22.2127099754257,23.2321874230215,24.3864410007428,25.661606258645,27.038489779319,28.4929159621824,29.9959341066204,31.5141202376818,33.0101495285661,34.4448220191323,35.7790092855623,36.9746473286331,37.9966905116699,38.8154709246156,39.4089464554899,39.7645459781994,39.8803312318166,,,,,,,,,,,,,,,,,,,,,
265306.445290548,3842687.87816964,656.51606418311,L5_2,1184.5,656.51606418311,651.472597744122,646.176957983184,640.6165362342,634.778093397766,628.647728419511,622.210845192343,615.452117803816,608.355454045864,600.903957100013,593.07988530687,584.86460992407,576.23857077213,567.181229662593,557.671021497579,547.685302924315,537.200298422387,526.191043695363,514.631326231987,502.493622895443,489.749034392071,476.367216463532,462.316307638565,447.562853372349,432.071726392823,415.806043064321,398.727075569393,380.794159699719,361.964598036562,342.193558290246,321.433966556615,299.638309772186,276.948112302645,253.123404959627,228.107462249458,201.840722403781,174.26064556582,145.30156488596,114.894530172108,82.9671437225631,,,,,,,,,,,,,,,,,,,,,,44.5609133309843,43.4392122743667,36.6646968765812,26.2010125260686,17.8424076158832,12.6333813020504,9.91784428791123,8.89602406176484,9.04704397950598,10.0546631786156,11.6487846117738,13.5179574231713,15.3327839891485,16.8365648019959,17.9154260335235,18.5971275797198,18.9958908808307,19.2492047390637,19.4766899457813,19.7648897697423,20.1684505254908,20.7175246424275,21.4253669066786,22.2939431557908,23.317401731731,24.4839375047587,25.7766555746737,27.1739728617125,28.6498064206898,30.1736682192308,31.7108878554725,33.2231379939341,34.6705738252159,36.0137610037818,37.2145086537045,38.2378022357706,39.0541228747329,39.641668304109,39.9881783477761,40.0920931712792,,,,,,,,,,,,,,,,,,,,,
265311.399749103,3842691.27196264,656.69438864107,L5_2,1190.5,656.69438864107,651.648400529718,646.350113012798,640.786911120032,634.945549132628,628.812119045854,622.372017454741,615.609910784072,608.50969877987,601.054476175457,593.226492440825,585.00710951946,576.376757452027,567.314887781223,557.799924626878,547.809213314816,537.318966437151,526.304207215603,514.738710032978,502.594937991221,489.843977347376,476.455468671339,462.3975345615,447.63670374617,432.137831390072,415.86401541617,398.776508643573,380.834626532346,361.995650315557,342.214725287929,321.44475400892,299.638309772186,276.948112302645,253.123404959627,228.107462249458,201.840722403781,174.26064556582,145.30156488596,114.894530172108,82.9671437225631,,,,,,,,,,,,,,,,,,,,,,49.0648993970017,47.4312854422819,39.7026232055972,28.2873689437476,19.0706586488596,13.3355018494092,10.4151287198947,9.40154013357747,9.6954462298768,10.9231614882875,12.7474564324288,14.7800357284187,16.6354373073097,18.0491305186627,18.9444719381328,19.4042462822946,19.5889851036665,19.6626041115976,19.7533504503087,19.9456166599311,20.2873621244132,20.8012359733443,21.4938000048752,22.3615727498977,23.394423457211,24.5772033581191,25.8903742357927,27.3102325556188,28.8089739495943,30.3547031590606,31.9116003792927,33.4404132561384,34.9007180401219,36.2528261959283,37.458457910351,38.4826631378424,39.2961053705148,39.8772538717181,40.214189998323,40.3057603291747,,,,,,,,,,,,,,,,,,,,,
265316.767079203,3842694.94857172,656.827997647179,L5_2,1197,656.827997647179,651.780120181208,646.479848841939,640.914563935705,635.071014784161,628.935288175038,622.49277523546,615.728136648903,608.625266133018,601.167252091339,593.336337347576,585.113876866624,576.480293361626,567.415030681377,557.896504867115,547.902052762141,537.407878051918,526.388994606184,514.819166988163,502.670847989241,489.915113040373,476.521591344061,462.458393562934,447.692035892751,432.187360339059,415.907451007681,398.813546209735,380.864946171892,362.018916132156,342.230584590434,321.452836471626,299.638309772186,276.948112302645,253.123404959627,228.107462249458,201.840722403781,174.26064556582,145.30156488596,114.894530172108,82.9671437225631,,,,,,,,,,,,,,,,,,,,,,66.5964264425323,60.9657954668247,46.4750904595133,31.2486356842044,20.5039402306965,14.1807089762966,11.0534227383823,10.0164129552648,10.3922363519923,11.7573102195122,13.7195655411732,15.832721347756,17.6741413612675,18.9808368622183,19.7096080497045,19.9857963555674,20.0025581584354,19.9403858034014,19.9312687397928,20.0562857827549,20.3575306391618,20.8516506108278,21.5400099237604,22.4149080023288,23.4628501921331,24.6659903533314,26.0025934643949,27.4471389929754,28.9703067428154,30.5389351213562,32.1161575565853,33.6618755992168,35.1351542238464,36.4961028637357,37.7063913424349,38.7311698861908,39.5413172570758,40.1156073893817,40.442492452161,40.5212525655626,,,,,,,,,,,,,,,,,,,,,
265321.7215317,3842698.34243645,656.961606653289,L5_2,1203,656.961606653289,651.911839832698,646.609584671079,641.042216751378,635.196480435693,629.058457304223,622.61353301618,615.846362513734,608.740833486167,601.28002800722,593.446182254327,585.220644213789,576.583829271224,567.515173581531,557.993085107353,547.994892209466,537.496789666685,526.473781996764,514.899623943348,502.746757987261,489.98624873337,476.587714016784,462.519252564369,447.747368039333,432.236889288045,415.950886599192,398.850583775898,380.895265811438,362.042181948755,342.246443892939,321.460918934331,299.638309772186,276.948112302645,253.123404959627,228.107462249458,201.840722403781,174.26064556582,145.30156488596,114.894530172108,82.9671437225631,,,,,,,,,,,,,,,,,,,,,,61.9318897704238,57.5658255418868,45.2013307145419,31.1483437615128,20.8438179366238,14.6758288292516,11.6069083142374,10.6148917176998,11.047884952826,12.4728162284115,14.4719749036609,16.5747650146853,18.3501094943941,19.5467839499527,20.1456361711361,20.2958069378976,20.2059399526121,20.0626598279687,19.9976583996484,20.0886727139538,20.3736531984149,20.8653514326486,21.5618051510909,22.4525509398806,23.5217902244023,24.7497214512624,26.1129220506053,27.5844010594023,29.1335606062126,30.7261357558535,32.3243289103091,33.887280607853,35.3736183407137,36.7433095369298,37.9580146439825,38.9830249377549,39.7894679100858,40.3564530826779,40.6728327405394,40.7383419306315,,,,,,,,,,,,,,,,,,,,,
265327.088848678,3842702.01920095,657.095215659398,L5_2,1209.5,657.095215659398,652.043559484189,646.739320500219,641.169869567052,635.321946087225,629.181626433408,622.734290796899,615.964588378565,608.856400839315,601.392803923102,593.556027161078,585.327411560953,576.687365180822,567.615316481684,558.08966534759,548.087731656791,537.585701281451,526.558569387345,514.980080898533,502.822667985281,490.057384426367,476.653836689506,462.580111565803,447.802700185914,432.286418237031,415.994322190704,398.88762134206,380.925585450984,362.065447765355,342.262303195443,321.469001397037,299.638309772186,276.948112302645,253.123404959627,228.107462249458,201.840722403781,174.26064556582,145.30156488596,114.894530172108,82.9671437225631,,,,,,,,,,,,,,,,,,,,,,38.2139892044477,38.7101650357311,35.4059113782364,27.1839359609747,19.5481516423601,14.5124303302674,11.9016585300694,11.0917764195168,11.5912736748567,13.016515278365,14.964012074826,16.977869442826,18.6480860661142,19.743400934372,20.2571544664771,20.3429302874515,20.2086079310987,20.0379039213792,19.9593313305373,20.0479284708094,20.3394969023258,20.8450469966386,21.561116496783,22.4758686210601,23.5722018110317,24.8290578012282,26.2218048169497,27.7223067722116,29.2989098817976,30.9163981554713,32.5361496533013,34.1166216422787,35.6160706997985,36.9943805655697,38.2132455760422,39.2381349023933,40.0404599298553,40.5996951633773,40.9051186140898,40.9569437402844,,,,,,,,,,,,,,,,,,,,,
265332.043295119,3842705.41313742,657.246607834502,L5_2,1215.5,657.246607834502,652.192810834257,646.886323984,641.31451279123,635.464111038822,629.321189198793,622.871121266763,616.098549938131,608.987350043068,601.520590153251,593.680492268944,585.448389490421,576.804681572972,567.728788259651,558.199100280664,548.192927902727,537.686446905893,526.654641859218,515.071246560209,502.90868149625,490.137988179092,476.728760196077,462.649070813911,447.865396962636,432.342539418798,416.043538997768,398.929588555687,380.959940591501,362.091810229107,342.280273348592,321.478159624052,299.638309772186,276.948112302645,253.123404959627,228.107462249458,201.840722403781,174.26064556582,145.30156488596,114.894530172108,82.9671437225631,,,,,,,,,,,,,,,,,,,,,,30.2296400238612,30.6158598946505,28.5215399527054,22.9659783144094,17.570736598947,13.8742997135569,11.9285631355035,11.4010039445848,11.9733167768208,13.3448730930253,15.1644330574055,17.0272170312484,18.5683013542939,19.5804797373199,20.05744475105,20.1397199214822,20.0204794507015,19.8731170869939,19.8208683843939,19.9369034863761,20.2567900958058,20.7917841100352,21.5385899797764,22.4852710949578,23.6143465220256,24.9041551710736,26.3293119897716,27.8608516295973,29.4662824540066,31.1095896889961,32.7514333448079,34.3496638188017,35.8622354361472,37.2490106617032,38.4717637796646,39.4961770275412,40.2939785687995,40.8450354646966,41.1390754282702,41.1768136914145,,,,,,,,,,,,,,,,,,,,,
265337.410612096,3842709.08990192,657.415827240951,L5_2,1222,657.415827240951,652.359637322171,647.050637907452,641.476188521997,635.62301666727,629.477186219806,623.024064249969,616.24828618164,609.133719209894,601.663423889561,593.819613803212,585.583613212545,576.935812592345,567.855621941134,558.321421757363,548.310511564404,537.799055861797,526.762027374059,515.173147461935,503.004823554204,490.228083451086,476.812506342813,462.726150379126,447.935476617255,432.405269167291,416.098551344828,398.976497631241,380.998341231976,362.121277012747,342.300359582557,321.488396280857,299.638309772186,276.948112302645,253.123404959627,228.107462249458,201.840722403781,174.26064556582,145.30156488596,114.894530172108,82.9671437225631,,,,,,,,,,,,,,,,,,,,,,32.4734627917793,29.8428478892566,24.3758071753229,19.2369808590229,15.4355164215436,13.0171189634613,11.8039226625485,11.6008960973776,12.2329440423171,13.4999663515899,15.1324728331013,16.8016196815509,18.2004839683657,19.1457719065011,19.6223337486798,19.7458733943936,19.6855615731745,19.5993670381363,19.6036468498059,19.7701242662359,20.1353717257653,20.7122458110973,21.4987922262249,22.4838993439542,23.650395922503,24.9765166499076,26.4364784770083,28.0007376156854,29.636142091354,31.3060027941653,32.9703482067661,34.5864848015956,36.1121254393871,37.5071671284239,38.7335042660935,39.7570669148926,40.5499292049794,41.0923754321424,41.3746076449509,41.3978621998561,,,,,,,,,,,,,,,,,,,,,
265342.365050783,3842712.48384356,657.585046647401,L5_2,1228,657.585046647401,652.526463810086,647.214951830905,641.637864252765,635.781922295718,629.633183240819,623.177007233175,616.398022425148,609.28008837672,601.806257625871,593.95873533748,585.718836934669,577.066943611717,567.982455622618,558.443743234063,548.428095226081,537.9116648177,526.8694128889,515.27504836366,503.100965612158,490.318178723081,476.89625248955,462.803229944342,448.005556271874,432.467998915783,416.153563691887,399.023406706796,381.036741872451,362.150743796388,342.320445816522,321.498632937663,299.638309772186,276.948112302645,253.123404959627,228.107462249458,201.840722403781,174.26064556582,145.30156488596,114.894530172108,82.9671437225631,,,,,,,,,,,,,,,,,,,,,,24.7779258228187,22.7264320672246,18.7252979289638,15.525059309296,13.5618685316536,12.4131924360816,11.876602385847,11.9127836657243,12.5052631430215,13.5753468848269,14.9515623620607,16.3876475672819,17.6327375583947,18.5208549522494,19.0199987828713,19.2136244815189,19.2413070657682,19.2422856766679,19.3246897336439,19.5587130844128,19.9824687328735,20.6111420355029,21.4448230641405,22.4738159643671,23.6817305569367,25.0470579780291,26.5438878832632,28.1423007763339,29.8086326402072,31.5056291166676,33.1927678827698,34.8268685772545,36.3654599009964,37.7685274632722,38.9981227862331,40.0204563572015,40.8079732042796,41.3413983840174,41.6114265067857,41.6198309134732,,,,,,,,,,,,,,,,,,,,,
265347.732350961,3842716.16061929,657.75426605385,L5_2,1234.5,657.75426605385,652.693290298,647.379265754357,641.799539983532,635.940827924166,629.789180261832,623.329950216381,616.547758668657,609.426457543547,601.949091362181,594.097856871748,585.854060656792,577.198074631089,568.109289304101,558.566064710763,548.545678887759,538.024273773604,526.976798403741,515.376949265386,503.197107670112,490.408273995075,476.979998636286,462.880309509558,448.075635926493,432.530728664275,416.208576038946,399.07031578235,381.075142512925,362.180210580028,342.340532050487,321.508869594469,299.638309772186,276.948112302645,253.123404959627,228.107462249458,201.840722403781,174.26064556582,145.30156488596,114.894530172108,82.9671437225631,,,,,,,,,,,,,,,,,,,,,,16.7628853056863,15.5551426912544,13.6357472612301,12.7210280778857,12.5780471859949,12.5743555910739,12.5321327507031,12.6013434750591,12.974501381297,13.720586354938,14.765126242235,15.9297960385103,17.0041071001659,17.8292603159279,18.351753886153,18.6206861244778,18.7444077844475,18.8418486830471,19.0116233687061,19.3215838821942,19.811010651225,20.4973433618968,21.3828070538438,22.4592796120867,23.7113281681985,25.1178656475092,26.6529984123045,28.2865501060989,29.9844378518727,31.7089151381927,33.4189650487929,35.070961458678,36.6222942263708,38.0330838803055,39.2655690034716,40.2862670100722,41.0680172066055,41.5920053492498,41.8494342477949,41.8426274291149,,,,,,,,,,,,,,,,,,,,,
265352.686781894,3842719.55456611,657.936264002329,L5_2,1240.5,657.936264002329,652.872714627569,647.555987784072,641.973424598399,636.111733253443,629.956957341239,623.494442633425,616.70880219022,609.583879724855,602.102711136222,594.247484118157,585.999495749189,577.339107961772,568.245700784985,558.697623249358,548.67214183695,538.145386353921,527.092293096741,515.486545176702,503.300509860661,490.505172778818,477.070068842883,462.963209710151,448.151007620782,432.598195426945,416.267742623416,399.120767179711,381.116442963821,362.211902537135,342.362135089116,321.519879268696,299.638309772186,276.948112302645,253.123404959627,228.107462249458,201.840722403781,174.26064556582,145.30156488596,114.894530172108,82.9671437225631,,,,,,,,,,,,,,,,,,,,,,13.1517923100586,12.4313186866581,11.8937567156142,12.647125092667,13.7643064404861,14.3443155641564,14.2505636815391,13.9080471294696,13.7630486137429,14.0180563291448,14.6531058333545,15.5148609698905,16.403703267278,17.1542403517428,17.6886839238078,18.0233586692262,18.2369287857889,18.428187430208,18.6854399852334,19.0731334652208,19.6308082044371,20.377538307434,21.3173222424634,22.4434385672214,23.7413531591406,25.1904106937668,26.76477763068,28.4340759955037,30.1638605422027,31.9159436050985,33.6488550631636,35.318556970321,36.8823390817062,38.3004945967932,39.5354760925515,40.5541278813212,41.3297010490932,41.8438581678175,42.0883225696134,42.0659779277321,,,,,,,,,,,,,,,,,,,,,
265358.054082071,3842723.23134183,658.131041272929,L5_2,1247,658.131041272929,653.064737567855,647.745118677526,642.159518842682,636.294639016095,630.136515198179,623.670485189367,616.881153680114,609.752355595399,602.267117606448,594.407617718049,586.155142835231,577.490044208272,568.391690649964,558.838419413741,548.807484615708,538.275003077772,527.21589746294,515.603836567366,503.411172627013,490.608875489643,477.166463495404,463.051930901453,448.231671677805,432.670399492974,416.331063698902,399.174761115126,381.160643402162,362.245819803549,342.385255025005,321.531662007535,299.638309772186,276.948112302645,253.123404959627,228.107462249458,201.840722403781,174.26064556582,145.30156488596,114.894530172108,82.9671437225631,,,,,,,,,,,,,,,,,,,,,,12.3130802221919,12.3131138488462,13.578258173868,16.2790353314611,18.2443843013881,18.4633320918977,17.3660218737555,15.9587110626253,14.9398905069958,14.5421096059675,14.7062344993956,15.2426169710708,15.9300626263434,16.5850500516993,17.1061518686651,17.4817406829369,17.764709361368,18.0351612121497,18.3706399645877,18.8308961386447,19.45436187012,20.2606467502496,21.2547555691701,22.4308840875004,23.7751146274648,25.2670764782497,26.880932491858,28.5860859803838,30.3477361516829,32.1272718039152,33.882788648999,35.5698523933832,37.145680592151,38.5707691288914,39.8078013182217,40.8239633261942,41.5929307101416,42.0968546848392,42.3279881993816,42.2897838022254,,,,,,,,,,,,,,,,,,,,,
265363.009053253,3842726.62521327,658.325818543529,L5_2,1253,658.325818543529,653.25676050814,647.934249570981,642.345613086964,636.477544778747,630.316073055118,623.846527745308,617.053505170008,609.920831465942,602.431524076674,594.567751317942,586.310789921273,577.640980454771,568.537680514944,558.979215578125,548.942827394466,538.404619801623,527.339501829139,515.72112795803,503.521835393365,490.712578200468,477.262858147926,463.140652092756,448.312335734828,432.742603559004,416.394384774388,399.228755050542,381.204843840503,362.279737069962,342.408374960895,321.543444746374,299.638309772186,276.948112302645,253.123404959627,228.107462249458,201.840722403781,174.26064556582,145.30156488596,114.894530172108,82.9671437225631,,,,,,,,,,,,,,,,,,,,,,12.5485030987616,13.9781217998842,18.5754160288397,24.0905914290864,26.0682148932262,24.4515522016489,21.2904208820166,18.31520394543,16.2536610384447,15.1780985711917,14.8909714133186,15.1224341309181,15.6130193102777,16.1591558799433,16.6418035460384,17.029547099382,17.3557660958911,17.6848871237607,18.0840924558235,18.6074649887544,19.290962883437,20.1534860306904,21.2000970150245,22.4252553526387,23.8152444805819,25.3497320982844,27.0027435890182,28.7434002305648,30.5365222477846,32.3430722547349,34.1207209704981,35.8246470897544,37.4120152706127,38.8435428383332,40.0821510150722,41.0953752523298,41.8573218658335,42.3506359311998,42.568107038889,42.5137612905678,,,,,,,,,,,,,,,,,,,,,
265368.37752397,3842730.30182567,658.520595814129,L5_2,1259.5,658.520595814129,653.448783448425,648.123380464435,642.531707331246,636.660450541398,630.495630912057,624.02257030125,617.225856659902,610.089307336486,602.5959305469,594.727884917834,586.466437007315,577.79191670127,568.683670379923,559.120011742509,549.078170173224,538.534236525474,527.463106195337,515.838419348694,503.632498159718,490.816280911293,477.359252800447,463.229373284059,448.392999791851,432.814807625033,416.457705849874,399.282748985957,381.249044278844,362.313654336376,342.431494896784,321.555227485213,299.638309772186,276.948112302645,253.123404959627,228.107462249458,201.840722403781,174.26064556582,145.30156488596,114.894530172108,82.9671437225631,,,,,,,,,,,,,,,,,,,,,,10.8458119462943,14.9177335351238,25.7400035125304,34.2091141329096,34.686056844583,30.254255307058,24.8353600213079,20.4193926741659,17.4855607740607,15.8638916678186,15.2096692048775,15.1797833060099,15.4843872878939,15.9084959478896,16.3253531924942,16.6931855786567,17.0326816129224,17.3960463758068,17.840847895383,18.4147346734961,19.1498912628913,20.0632353001622,21.1588685257073,22.4307781498115,23.8649570631317,25.4408023257429,27.1320169735547,28.9073386077811,30.7311577454567,32.5639856534449,34.3630612232561,36.0831779156456,37.6814550969727,39.1188389375392,40.35848984629,41.3682920184722,42.1227815654798,42.6050993841369,42.8085752598734,42.7378095862011,,,,,,,,,,,,,,,,,,,,,
265373.333035401,3842733.69562173,658.670508224518,L5_2,1265.5,658.670508224518,653.596575959016,648.268947080239,642.674936757524,636.801225918672,630.633829537878,624.158063338045,617.358508828219,610.218976592903,602.72246774582,594.851133456384,586.586232452475,577.908086398371,568.796033041562,559.228377016913,549.182338191031,538.633997423855,527.55823961832,515.928693922509,503.717670941907,490.896096812274,477.43344397616,463.297658498241,448.455083746425,432.870380257019,416.506441593143,399.324305996072,381.283063619148,362.339759123378,342.449289402819,321.564296196233,299.638309772186,276.948112302645,253.123404959627,228.107462249458,201.840722403781,174.26064556582,145.30156488596,114.894530172108,82.9671437225631,,,,,,,,,,,,,,,,,,,,,,10.9746622965919,15.022552344992,25.7337373832557,34.2702984047212,35.1475206316675,31.0740514818778,25.7895398493676,21.3222898073897,18.2398460001567,16.4348044461618,15.5925998748418,15.3843591659642,15.5314928434792,15.8297935961707,16.159454726123,16.4790886098828,16.80389282871,17.1776584277937,17.6495417145968,18.2604223879436,19.037731882803,19.9953315682901,21.1354420624615,22.450884772551,23.9268775165276,25.542227486802,27.270119203354,29.07879046491,30.9321395753732,32.7901973367034,34.6097549772437,36.3452197358102,37.9536667129128,39.3962636479123,40.6363973963727,41.6422906391285,42.3889043300662,42.8598699063726,43.0490529155406,42.961629662793,,,,,,,,,,,,,,,,,,,,,
265378.701506118,3842737.37223413,658.77546767352,L5_2,1272,658.77546767352,653.70005118457,648.370863871173,642.775217192106,636.899788179085,630.730587715413,624.252927228558,617.45138371736,610.309763030602,602.811061309506,594.937424502355,586.670105854847,577.989421274963,568.874702466085,559.304247716764,549.255270229976,538.703843868849,527.624846189665,515.991898626522,503.777303685222,490.951978996858,477.485388074074,463.345467605152,448.498551112784,432.909288795797,416.540563362961,399.353401658483,381.306881868781,362.358036089594,342.461748021448,321.570645549894,299.638309772186,276.948112302645,253.123404959627,228.107462249458,201.840722403781,174.26064556582,145.30156488596,114.894530172108,82.9671437225631,,,,,,,,,,,,,,,,,,,,,,12.8002354809002,14.2043085686776,18.7726825887444,24.6214136475553,27.4953226779285,26.7349411302435,23.9575847561119,20.8900004556986,18.4416615368296,16.8506230180297,16.0146383363144,15.7163094827387,15.7371439660281,15.9092821776073,16.1349606304506,16.3829712293004,16.6692051411647,17.0323526384459,17.514375795124,18.1493317988463,18.9592535114575,19.9541495876916,21.1336329211912,22.4887842845768,24.0036278807939,25.6560961585285,27.4186712683151,29.258978277471,31.1403582883675,33.0223271597405,34.8612077674769,36.6110127977378,38.2287667375897,39.6758441445031,40.9158395385166,41.9172979447365,42.655594277729,43.1148402409917,43.2894317118765,43.1851190818785,,,,,,,,,,,,,,,,,,,,,
265383.656460099,3842740.76604936,658.880427122523,L5_2,1278,658.880427122523,653.803526410125,648.472780662107,642.875497626688,636.998350439497,630.827345892948,624.347791119071,617.5442586065,610.400549468301,602.899654873191,595.023715548326,586.753979257218,578.070756151555,568.953371890608,559.380118416614,549.328202268921,538.773690313842,527.69145276101,516.055103330536,503.836936428538,491.007861181441,477.537332171988,463.393276712063,448.542018479142,432.948197334575,416.574685132779,399.382497320894,381.330700118414,362.37631305581,342.474206640076,321.576994903556,299.638309772186,276.948112302645,253.123404959627,228.107462249458,201.840722403781,174.26064556582,145.30156488596,114.894530172108,82.9671437225631,,,,,,,,,,,,,,,,,,,,,,12.7839670262463,12.7561924354766,14.0273206739961,17.1519433401684,20.1825795730239,21.5687828117401,21.1645119130488,19.7969980344058,18.3122125495453,17.1677100660386,16.4729679203951,16.1517650282833,16.0720855024523,16.1200402736003,16.2310273296766,16.3910962931909,16.6212476854038,16.957568487215,17.4359411748542,18.0838215693986,18.9175881162747,19.9429538712235,21.1564668046879,22.5470737022563,24.0973024770443,25.783995633613,27.5787890507299,29.4486050432506,31.3561715428851,33.2604531557381,35.1172852355985,36.8802725372721,38.5063725777064,39.9571413756093,41.1963563832036,42.1928617360169,42.9224232295165,43.3696178025695,43.5293617469191,43.4079708549149,,,,,,,,,,,,,,,,,,,,,
265389.023723008,3842744.44270331,658.985386571526,L5_2,1284.5,658.985386571526,653.907001635679,648.57469745304,642.97577806127,637.09691269991,630.924104070483,624.442655009584,617.63713349564,610.491335906,602.988248436877,595.110006594298,586.83785265959,578.152091028147,569.032041315131,559.455989116465,549.401134307865,538.843536758836,527.758059332355,516.118308034549,503.896569171854,491.063743366024,477.589276269902,463.441085818975,448.585485845501,432.987105873353,416.608806902598,399.411592983305,381.354518368047,362.394590022027,342.486665258705,321.583344257217,299.638309772186,276.948112302645,253.123404959627,228.107462249458,201.840722403781,174.26064556582,145.30156488596,114.894530172108,82.9671437225631,,,,,,,,,,,,,,,,,,,,,,14.6342428018101,13.4330868524659,12.4073274287781,13.510285626921,15.7768963712362,17.7524267917104,18.6655120519425,18.5973867318825,18.0355104856075,17.4094263339647,16.9307741075295,16.6365802813532,16.4826701890161,16.4163564490916,16.4124762525166,16.4787481913279,16.6442407206317,16.9443668849556,17.4100818426548,18.0628120694756,18.9134617185979,19.9634026542259,21.2059707941796,22.6278075489263,24.2097935268301,25.9275632058564,27.751822789371,29.6487379527536,31.5803857739512,33.5051532518118,35.3783734010068,37.1532314624296,38.7865991087427,40.2401841232868,41.477915688196,42.4689076649095,43.1892919058528,43.6240920300461,43.7687307685884,43.630078320179,,,,,,,,,,,,,,,,,,,,,
265393.978119538,3842747.83653773,659.031171822895,L5_2,1290.5,659.031171822895,653.952139441351,648.619155440729,643.019522240077,637.139907379392,630.966311775673,624.484036391768,617.677647238668,610.530938627912,603.026894586619,595.147648343261,586.874439787736,578.187570804434,569.066358371966,559.489085317876,549.432948611081,538.874005068946,527.787114349705,516.145879094501,503.922582076538,491.088120207676,477.611935245371,463.461941034951,448.604447114009,433.004078497021,416.623691449183,399.424285048954,381.364908328713,362.402562772459,342.492099938394,321.586113962624,299.638309772186,276.948112302645,253.123404959627,228.107462249458,201.840722403781,174.26064556582,145.30156488596,114.894530172108,82.9671437225631,,,,,,,,,,,,,,,,,,,,,,16.7579425669665,15.1540139491231,13.1186498056515,13.0743179134597,14.4906064697892,16.1891853676393,17.4097964721285,17.9377677727493,17.9438667982662,17.7009498702157,17.4052821558309,17.141802792439,16.9262377249847,16.7572026828213,16.6460888608085,16.6219368913791,16.7225450799555,16.983690383666,17.4324400426193,18.0850188453289,18.9474120027534,20.0169653842353,21.283951214722,22.7327612936363,24.3426385851641,26.0880026237379,27.9386176754444,29.8598799843765,31.8132039131634,33.756384735659,35.6442403320226,37.4295268685339,39.0690041100063,40.5244906545582,41.7600259108114,42.7449564244279,43.4557504942424,43.8778532715351,44.0071757345916,43.8511276170556,,,,,,,,,,,,,,,,,,,,,
265399.345382447,3842751.51319167,659.017554972451,L5_2,1297,659.017554972451,653.938715145735,648.605933327684,643.006512418731,637.127120464329,630.953758912208,624.47172928248,617.665598171266,610.519160504492,603.015400954379,595.13645342676,586.86355852276,578.17701887356,569.0561522419,559.479242278657,549.423486817252,538.864943582777,527.778473186578,516.137679270569,503.914845658759,491.080870366359,477.605196309339,463.455738549468,448.598807901604,432.999030721346,416.619264682075,399.420510340841,381.361818282546,362.400191621335,342.490483627064,321.585290233079,299.638309772186,276.948112302645,253.123404959627,228.107462249458,201.840722403781,174.26064556582,145.30156488596,114.894530172108,82.9671437225631,,,,,,,,,,,,,,,,,,,,,,18.949420632501,17.5193522200849,15.3820764649595,14.688736380382,15.2559817712958,16.2920140979492,17.231518987699,17.814797690352,18.0309878403841,17.9931810104194,17.8200599140678,17.5858473948679,17.3298720074464,17.0838314996469,16.8877620614676,16.7893570309005,16.8350671812339,17.06211012665,17.4950650157231,18.1462337563382,19.0176690385866,20.1033693304491,21.3909807927314,22.8629198089623,24.4969583114772,26.2664043406205,28.1401438669757,30.0828392991904,32.0552606249561,34.0146177399092,35.9152079379989,37.7093538832417,39.3536829911791,40.8100777090163,42.0426440042081,43.0209267466244,43.721695167752,44.1307875239474,44.24458125005,44.0710084144727,,,,,,,,,,,,,,,,,,,,,
265404.299494438,3842754.90703956,659.003938122007,L5_2,1303,659.003938122007,653.92529085012,648.592711214639,642.993502597384,637.114333549266,630.941206048743,624.459422173193,617.653549103865,610.507382381072,603.003907322138,595.125258510258,586.852677257784,578.166466942686,569.045946111833,559.469399239438,549.414025023423,538.855882096607,527.76983202345,516.129479446636,503.90710924098,491.073620525042,477.598457373308,463.449536063986,448.593168689198,432.993982945671,416.614837914968,399.416735632729,381.358728236378,362.39782047021,342.488867315734,321.584466503533,299.638309772186,276.948112302645,253.123404959627,228.107462249458,201.840722403781,174.26064556582,145.30156488596,114.894530172108,82.9671437225631,,,,,,,,,,,,,,,,,,,,,,21.1499942332473,20.0429286913017,18.2842515172012,17.3707559956835,17.2213825918311,17.4936347183522,17.8669336945082,18.1504792851501,18.2815997849045,18.2688645979702,18.140679268389,17.9240462248447,17.6487803436551,17.3576952213715,17.1075039579836,16.9593824343738,16.9672405946755,17.170519185918,17.5928030540388,18.2439926831712,19.1234665879497,20.2228111457601,21.5277062009105,23.019041782197,24.6734230464882,26.4632481883123,28.3566544972131,30.3176501685236,32.3064017374495,34.2795496725802,36.1908685865822,37.9922340927758,39.6401117649829,41.0964039075436,42.3252374477277,43.2963110851686,43.9866551036076,44.3824697976559,44.4805737177302,44.2893989836941,,,,,,,,,,,,,,,,,,,,,
265409.666140845,3842758.58372269,658.990321271563,L5_2,1309.5,658.990321271563,653.911866554505,648.579489101594,642.980492776038,637.101546634203,630.928653185277,624.447115063905,617.641500036464,610.495604257651,602.992413689898,595.114063593756,586.841795992808,578.155915011812,569.035739981767,559.459556200219,549.404563229594,538.846820610437,527.761190860323,516.121279622703,503.899372823202,491.066370683726,477.591718437276,463.443333578504,448.587529476793,432.988935169996,416.61041114786,399.412960924617,381.355638190211,362.395449319086,342.487251004404,321.583642773988,299.638309772186,276.948112302645,253.123404959627,228.107462249458,201.840722403781,174.26064556582,145.30156488596,114.894530172108,82.9671437225631,,,,,,,,,,,,,,,,,,,,,,20.2300324335526,20.6984019362223,21.0077622844664,20.4489986874705,19.7606046682067,19.2590114534592,18.9210196337365,18.6933855339912,18.546510824907,18.4324219927308,18.295033661646,18.0963312568572,17.832729049086,17.5383656912507,17.2742019808428,17.1090285246014,17.1027195141825,17.2977470742721,17.7183759113247,18.3738472967087,19.2623391274624,20.374157493394,21.6938407702854,23.2013382673161,24.8725007862532,26.6791006239867,28.5887162720233,30.5648219827002,32.5670511964174,34.5515082117976,36.4714544795074,38.2783104423932,39.9283526152713,41.3834659827641,42.6077546899074,43.5710221592342,44.2505212147181,44.6327816571993,44.7150336105788,44.5061867611392,,,,,,,,,,,,,,,,,,,,,
265414.619968297,3842761.97758405,658.969723079945,L5_2,1315.5,658.969723079945,653.891559640321,648.559488028716,642.96081283653,637.082203884736,630.909664485351,624.428498115998,617.623273428177,610.477787505964,602.975027287641,595.097129058402,586.825335917701,578.139953119965,569.020301182342,559.444666647838,549.390250386609,538.833113312319,527.748119384313,516.108875759908,503.887669954282,491.055403858375,477.581524457673,463.433951086936,448.578999047661,432.981299406423,416.603714783123,399.407250928658,381.35096388147,362.391862481922,342.484806012397,321.582396719396,299.638309772186,276.948112302645,253.123404959627,228.107462249458,201.840722403781,174.26064556582,145.30156488596,114.894530172108,82.9671437225631,,,,,,,,,,,,,,,,,,,,,,23.4329144598081,24.1354854649182,24.7075314408784,23.8772513460393,22.4714514983536,21.1068115081102,19.984552608915,19.1759381500227,18.6832625674301,18.4174846122246,18.252107545124,18.0844216840027,17.8672052116723,17.6129960255902,17.3768512369542,17.2295396103237,17.2350817118286,17.4394817496323,17.8691866585985,18.5344667428756,19.4337970207984,20.5574030477944,21.8895916221427,23.4100430796079,25.0943363426622,26.9139606213474,28.836169420318,30.824049000043,32.836783403782,34.8299812952859,36.7563964946067,38.5669809094278,40.2177952236066,41.6706638594296,42.8896192179812,43.8445216857179,44.512804856714,44.8812885958889,44.9475830396208,44.7210502181563,,,,,,,,,,,,,,,,,,,,,
265419.986614703,3842765.65426718,658.942136847809,L5_2,1322,658.942136847809,653.864363502959,648.532701490868,642.934456378171,637.05629900984,630.884233773092,624.403565274507,617.598863350992,610.453926331302,602.951742460627,595.074449396418,586.803291679,578.11857607571,568.999624692255,559.424725739628,549.37108183937,538.814755744098,527.730613344063,516.092263824027,503.871996827988,491.040716482148,477.567872119015,463.421385537726,448.567574627372,432.971073171501,416.594746642836,399.399603787738,381.344703789885,362.38705879214,342.481531544507,321.580727934492,299.638309772186,276.948112302645,253.123404959627,228.107462249458,201.840722403781,174.26064556582,145.30156488596,114.894530172108,82.9671437225631,,,,,,,,,,,,,,,,,,,,,,31.3147957976698,30.7031186607629,29.3754600922104,27.5303371297629,25.1881372839513,22.8742642503348,20.935824156592,19.5315652275261,18.6712980025138,18.2298287687947,18.0253645290435,17.8983183498184,17.7553269590696,17.5789758352661,17.4096761589386,17.314204153625,17.3580729024049,17.5905814268201,18.0413756669274,18.7231820050566,19.6361583409838,20.7716201342557,22.1145699553255,23.645126158966,25.339118213813,27.1681312475481,29.0993561644573,31.0956626526917,33.1158862190122,35.115193678729,37.0458501048342,38.8583327988717,40.5084643433083,41.9579675271296,43.1707577472319,44.1167090939151,44.7733900279193,45.1278683747237,45.1781014863199,44.9338742678668,,,,,,,,,,,,,,,,,,,,,
265424.940711189,3842769.04812542,658.914550615673,L5_2,1328,658.914550615673,653.837167365598,648.50591495302,642.908099919812,637.030394134944,630.858803060832,624.378632433015,617.574453273808,610.430065156639,602.928457633613,595.051769734435,586.781247440298,578.097199031454,568.978948202168,559.404784831418,549.35191329213,538.796398175878,527.713107303813,516.075651888145,503.856323701694,491.02602910592,477.554219780357,463.408819988516,448.556150207084,432.960846936579,416.585778502549,399.391956646818,381.338443698301,362.382255102357,342.478257076616,321.579059149588,299.638309772186,276.948112302645,253.123404959627,228.107462249458,201.840722403781,174.26064556582,145.30156488596,114.894530172108,82.9671437225631,,,,,,,,,,,,,,,,,,,,,,37.1709575788717,36.1202513891083,33.8702699237864,31.0074555799498,27.6143516815607,24.32623473388,21.6081592447428,19.6593473912242,18.4684831955279,17.870083956667,17.6378210646078,17.5667649423232,17.5221148335492,17.4544439424528,17.3843999763004,17.3700795564694,17.4758095267555,17.753462769085,18.2364136941345,18.9409214909711,19.8700013925037,21.0171205986225,22.3688563327945,23.9064574294422,25.6065334986974,27.4411487653704,29.377694755784,31.3789968336965,33.4036443816214,35.4064069620752,37.3390737715387,39.1516393224345,40.7996581687518,42.2447119383805,43.4505528935315,44.3870191200086,45.0317670560807,45.3720729373918,45.4062020653386,45.1443309368984,,,,,,,,,,,,,,,,,,,,,
265430.307940502,3842772.7248018,658.886964383538,L5_2,1334.5,658.886964383538,653.809971228237,648.479128415172,642.881743461453,637.004489260048,630.833372348573,624.353699591524,617.550043196623,610.406203981977,602.905172806598,595.029090072451,586.759203201596,578.075821987198,568.958271712081,559.384843923208,549.33274474489,538.778040607658,527.695601263563,516.059039952264,503.8406505754,491.011341729692,477.540567441699,463.396254439307,448.544725786795,432.950620701657,416.576810362263,399.384309505898,381.332183606716,362.377451412574,342.474982608726,321.577390364684,299.638309772186,276.948112302645,253.123404959627,228.107462249458,201.840722403781,174.26064556582,145.30156488596,114.894530172108,82.9671437225631,,,,,,,,,,,,,,,,,,,,,,41.2815530480966,40.8970375079888,38.8774822318219,34.9188346955973,30.2013564784735,25.7686263886565,22.2039876566721,19.698838191296,18.1796515234127,17.4226247535749,17.1577626378913,17.142178033649,17.204558781878,17.2631385039134,17.314834133875,17.4043992273097,17.5916072264329,17.9293297271078,18.4544866520943,19.1874585348443,20.1349962906273,21.2936161899038,22.6522600582445,24.1939548450805,25.8965965324305,27.7330988902512,29.6713144830923,31.6741968466626,33.7001937081915,35.7037302192618,37.6361377560941,39.446924605764,41.0913556009018,42.5308361103269,43.7289122649729,44.6553372096537,45.2878110647055,45.6137748368076,45.6317616724749,45.3523098504685,,,,,,,,,,,,,,,,,,,,,
265435.262306021,3842776.11865693,658.859378151402,L5_2,1340.5,658.859378151402,653.782775090876,648.452341877324,642.855387003094,636.978584385152,630.807941636314,624.328766750033,617.525633119439,610.382342807314,602.881887979584,595.006410410467,586.737158962894,578.054444942943,568.937595221994,559.364903014997,549.313576197651,538.759683039437,527.678095223313,516.042428016382,503.824977449105,490.996654353464,477.526915103041,463.383688890097,448.533301366506,432.940394466735,416.567842221976,399.376662364978,381.325923515131,362.372647722792,342.471708140835,321.575721579781,299.638309772186,276.948112302645,253.123404959627,228.107462249458,201.840722403781,174.26064556582,145.30156488596,114.894530172108,82.9671437225631,,,,,,,,,,,,,,,,,,,,,,45.1112862630823,45.3952808000651,43.6043079255594,38.4912067609673,32.439707240918,26.9223454457192,22.5943356890962,19.6033101919519,17.8032828929467,16.9129691184714,16.6254141950519,16.6691277367822,16.8439288894453,17.0389553036368,17.226554777552,17.435348137398,17.71785988027,18.1263438656427,18.7007639813139,19.4658695645086,20.4327595281673,21.6017100167215,22.9646945314544,24.5070793574776,26.2084842544936,28.0429981351243,29.979161154417,31.9801988903671,34.0044977065327,36.0061769523957,37.9361186145593,39.7433316218382,41.3827675280935,42.815617229652,44.0051776798028,44.9210748108413,45.5410035635578,45.8525225402245,45.8543947813479,45.5574851812301,,,,,,,,,,,,,,,,,,,,,
265440.629535334,3842779.79533331,658.831791919267,L5_2,1347,658.831791919267,653.755578953515,648.425555339476,642.829030544735,636.952679510256,630.782510924054,624.303833908542,617.501223042254,610.358481632652,602.85860315257,594.983730748483,586.715114724192,578.033067898687,568.916918731907,559.344962106787,549.294407650411,538.741325471217,527.660589183063,516.025816080501,503.809304322811,490.981966977237,477.513262764384,463.371123340888,448.521876946217,432.930168231813,416.558874081689,399.369015224058,381.319663423546,362.367844033009,342.468433672944,321.574052794877,299.638309772186,276.948112302645,253.123404959627,228.107462249458,201.840722403781,174.26064556582,145.30156488596,114.894530172108,82.9671437225631,,,,,,,,,,,,,,,,,,,,,,49.3576552590205,50.3236331683536,48.6593780105831,42.1125926256495,34.5454206513654,27.9192185529544,22.871695941321,19.4434333419207,17.3973117758805,16.392146319117,16.0873554815041,16.1892845515552,16.4753756077712,16.8094811119286,17.139769789543,17.4768844644381,17.8637478330723,18.3502779216253,18.9786979887764,19.7780805263951,20.764249973086,21.9417814623939,23.3062224908274,24.8457486890193,26.5420742967714,28.3707392217012,30.3011627806695,32.2969641855549,34.3165391740418,36.3137358049095,38.238995379085,40.0408186548555,41.6738252076506,43.0989629712711,44.2792386185448,45.1841062148238,45.7912104840291,46.0881839270277,46.0739762608086,45.7597412854609,,,,,,,,,,,,,,,,,,,,,
265445.584169885,3842783.18918532,658.804205687131,L5_2,1353,658.804205687131,653.728382816154,648.398768801628,642.802674086375,636.926774635361,630.757080211795,624.278901067051,617.47681296507,610.33462045799,602.835318325555,594.961051086499,586.693070485491,578.011690854431,568.896242241819,559.325021198577,549.275239103172,538.722967902997,527.643083142813,516.00920414462,503.793631196517,490.967279601009,477.499610425726,463.358557791678,448.510452525929,432.919941996891,416.549905941402,399.361368083139,381.313403331962,362.363040343226,342.465159205054,321.572384009973,299.638309772186,276.948112302645,253.123404959627,228.107462249458,201.840722403781,174.26064556582,145.30156488596,114.894530172108,82.9671437225631,,,,,,,,,,,,,,,,,,,,,,58.8641474588307,59.044226823773,54.8726454800055,45.5664067177573,36.2141663822731,28.564303911844,22.9443493868826,19.1923984581364,16.9690250833509,15.8858562161018,15.5800248945649,15.7441284553083,16.1402287878575,16.6118410860004,17.0851193780388,17.5525873314752,18.0463550764237,18.6128037953823,19.2957276012829,20.1283696419576,21.1314784804974,22.314282476551,23.6762795473556,25.2087865772383,26.8958714541653,28.714706644958,30.6357110329597,32.6229690046111,34.6349202032727,36.6251498417669,38.5436493244447,40.3383925707981,41.9636466901886,43.3800898398951,44.5504017930964,45.443822404849,46.0379031975616,46.3203059673165,46.2901228444402,45.958758455557,,,,,,,,,,,,,,,,,,,,,
265450.951982099,3842786.86585495,658.776619454995,L5_2,1359.5,658.776619454995,653.701186678793,648.37198226378,642.776317628016,636.900869760465,630.731649499535,624.25396822556,617.452402887885,610.310759283327,602.812033498541,594.938371424515,586.671026246789,577.990313810176,568.875565751732,559.305080290366,549.256070555932,538.704610334776,527.625577102562,515.992592208738,503.777958070223,490.952592224781,477.485958087068,463.345992242469,448.49902810564,432.909715761969,416.540937801115,399.353720942219,381.307143240377,362.358236653443,342.461884737163,321.570715225069,299.638309772186,276.948112302645,253.123404959627,228.107462249458,201.840722403781,174.26064556582,145.30156488596,114.894530172108,82.9671437225631,,,,,,,,,,,,,,,,,,,,,,81.359377725954,75.6278365439845,62.1277812918175,48.1611043832509,37.0255054629453,28.6526490797919,22.7178947360212,18.8096198254299,16.5057710544526,15.3977590284384,15.1175365983576,15.3541744606991,15.8617254075568,16.4687640718059,17.082553326978,17.6785196572449,18.2777107523668,18.92235282192,19.6573707213218,20.5200611838967,21.5362214687147,22.7199705409583,24.0750096988738,25.5960118395676,27.2695602312885,29.0745661155475,30.9825104132388,32.9579762067949,34.9594590600126,36.9402793415555,38.8499669440244,40.6359483754476,42.2521217624123,43.65887737037,44.8185355181169,45.7000859620761,46.2809439359665,46.5487544866384,46.5027112897593,46.1544266841668,,,,,,,,,,,,,,,,,,,,,
265455.906885682,3842790.25970385,658.787018892296,L5_2,1365.5,658.787018892296,653.711439058455,648.382080232922,642.786253466113,636.910635360962,630.741236350555,624.263367389626,617.461604980652,610.319754451229,602.820811395334,594.946921186645,586.679336467521,577.998372512442,568.883360359608,559.312597599132,549.263296700633,538.711530757209,527.632176516614,515.998854563988,503.783866513732,490.958129060963,477.491104735555,463.350729193877,448.503334875115,432.913570840415,416.54431860398,399.356603755723,381.309503165053,362.36004754485,342.463119143636,321.571344322362,299.638309772186,276.948112302645,253.123404959627,228.107462249458,201.840722403781,174.26064556582,145.30156488596,114.894530172108,82.9671437225631,,,,,,,,,,,,,,,,,,,,,,78.7389090405244,72.7330633485766,59.6047616038013,46.6269517566894,36.1367168279696,28.0554960010016,22.224334813113,18.3452474849671,16.0554013861967,14.9735484141649,14.74450586997,15.063058150995,15.6813559140932,16.4176863099661,17.1637336988,17.8796769664955,18.5761864211639,19.2914037517176,20.0712893167507,20.9571425935752,21.9798344029148,23.1584374251862,24.5009188651095,26.0053446766228,27.6608232761839,29.4479935738192,31.3393707282188,33.3000030765038,35.2884095445362,37.2576151094909,39.1566559003822,40.9323751733266,42.5382896725823,43.9344960489342,45.0829252060853,45.9522812326672,46.5198041659567,46.7730813595954,46.7113641608939,46.346433755885,,,,,,,,,,,,,,,,,,,,,
265461.274697896,3842793.93637348,658.835399537831,L5_2,1372,658.835399537831,653.759135557024,648.429058377177,642.832477338338,636.956067247557,630.785836652236,624.30709452715,617.504415295809,610.361602102902,602.861648250348,594.986696705168,586.717997582728,578.035863504166,568.919622721676,559.347569900062,549.296914437367,538.743726201537,527.662878553916,516.027988523913,503.811353992411,490.983887734333,477.515048163352,463.372766613821,448.523370986814,432.931505578456,416.560046899681,399.370015286967,381.320482093617,362.3684722406,342.468861894932,321.57427103198,299.638309772186,276.948112302645,253.123404959627,228.107462249458,201.840722403781,174.26064556582,145.30156488596,114.894530172108,82.9671437225631,,,,,,,,,,,,,,,,,,,,,,52.86869445106,52.1141827216289,48.2716975307165,41.312468426302,33.6425238595901,26.7832862545431,21.454063702525,17.7909853468297,15.6161053386017,14.6182010102111,14.4720437341375,14.8869063318035,15.618476472549,16.4789168904839,17.3477212153906,18.1722948637805,18.9544585769533,19.7290728101304,20.5435054782577,21.4432099591394,22.4641698160769,23.630385389023,24.9540220397036,26.4364462929658,28.069185547812,29.8345047786154,31.7058626716116,33.6486975018081,35.6214952735012,37.5769410168286,39.4635396053649,41.2275187551474,42.8220059011746,44.2068003474015,45.3434228333754,46.2002612295005,46.7543417900116,46.9931538669743,46.9159603453526,46.5346710975916,,,,,,,,,,,,,,,,,,,,,
265466.229866633,3842797.33022185,658.883780183365,L5_2,1378,658.883780183365,653.806832055593,648.476036521432,642.878701210563,637.001499134151,630.830436953918,624.350821664673,617.547225610967,610.403449754574,602.902485105363,595.02647222369,586.756658697934,578.073354495891,568.955885083745,559.382542200991,549.3305321741,538.775921645865,527.693580591218,516.057122483838,503.83884147109,491.009646407704,477.538991591148,463.394804033765,448.543407098513,432.949440316498,416.575775195383,399.383426818211,381.331461022181,362.37689693635,342.474604646227,321.577197741598,299.638309772186,276.948112302645,253.123404959627,228.107462249458,201.840722403781,174.26064556582,145.30156488596,114.894530172108,82.9671437225631,,,,,,,,,,,,,,,,,,,,,,40.7389522719258,41.3817396216587,40.9069891490147,37.1168427159204,31.3834354661874,25.543598560124,20.7176774707838,17.3130640306468,15.2914028377159,14.4042164204097,14.3565314700608,14.8729586970905,15.7138715268916,16.6872268117333,17.6628762497035,18.5780333051426,19.4277370123249,20.2449122508969,21.0790244496505,21.9798987094424,22.9885627748214,24.1337240754225,25.4314631277172,26.8861587532767,28.4914952216101,30.2311401520217,32.0793161420902,34.0017178551747,35.9567035737957,37.8965486439166,39.7691776869648,41.5201637225815,43.1022395587416,44.4749173031679,45.5992888575016,46.4433999596632,46.984030107153,47.2085302193608,47.1161342664938,46.7188409193964,,,,,,,,,,,,,,,,,,,,,
265471.598253348,3842801.00689035,658.932160828899,L5_2,1384.5,658.932160828899,653.854528554162,648.523014665687,642.924925082789,637.046931020745,630.8750372556,624.394548802197,617.590035926124,610.445297406247,602.943321960377,595.066247742213,586.795319813141,578.110845487615,568.992147445813,559.417514501921,549.364149910834,538.808117090193,527.72428262852,516.086256443763,503.866328949768,491.035405081074,477.562935018945,463.41684145371,448.563443210212,432.96737505454,416.591503491084,399.396838349456,381.342439950746,362.3853216321,342.480347397522,321.580124451216,299.638309772186,276.948112302645,253.123404959627,228.107462249458,201.840722403781,174.26064556582,145.30156488596,114.894530172108,82.9671437225631,,,,,,,,,,,,,,,,,,,,,,34.0119877631352,35.3085910738994,36.2699294613652,33.8948158875706,29.3308434650064,24.3158532603784,20.0078547569791,16.9155679503096,15.0914873086281,14.3449894446486,14.4136879796159,15.038891852126,15.9863968440806,17.0613031577232,18.1261899366033,19.1110019819649,20.0067087536905,20.8462740480654,21.6823687832817,22.5695801559345,23.5539014324103,24.6684176518589,25.9327029953796,27.3537275599503,28.9269615086213,30.6371709469304,32.4591087164282,34.358557781776,36.2936324091296,38.2161217250123,40.0733184208324,41.8101007824136,43.3788061303236,44.7386766541557,45.85036275813,46.681544526551,47.2087235848642,47.4190763146211,47.3117647102727,46.8988347571489,,,,,,,,,,,,,,,,,,,,,
265476.55368724,3842804.4007382,659.055063045919,L5_2,1390.5,659.055063045919,653.975692820439,648.642354083684,643.042348410092,637.16234245282,630.988336197685,624.505629629792,617.698787733506,610.551603742404,603.047060551748,595.167290201559,586.893531333861,578.206084522777,569.084265371139,559.50635526192,549.449549647239,538.889903751825,527.80227556164,516.160265961945,503.936155882266,491.100840298603,477.623758935757,463.472823504768,448.61434130223,433.012934989565,416.631458361267,399.430907901554,381.370329918855,362.406723037021,342.494935811096,321.587559223874,299.638309772186,276.948112302645,253.123404959627,228.107462249458,201.840722403781,174.26064556582,145.30156488596,114.894530172108,82.9671437225631,,,,,,,,,,,,,,,,,,,,,,31.4394850547809,32.319309421568,33.0888334935746,31.3929561940095,27.6339069353247,23.2920366524221,19.4679980279297,16.6962178933645,15.0848228365415,14.4914032912532,14.6836243352038,15.4176554719019,16.4633584369897,17.6231061509864,18.7541493745567,19.7822568820404,20.6974745237194,21.5351629626727,22.3524863766131,23.2091604247024,24.1559079801835,25.2296601629494,26.4528673499453,27.8345078014599,29.3713385724155,31.0488314659519,32.8419790268386,34.7164447156027,36.6299585055795,38.5337352132086,40.3743787395391,42.0960239988684,43.6506223619559,44.9971779069193,46.0958950389846,46.9140730014328,47.4279081272774,47.624369711639,47.5025069215675,47.0743709433947,,,,,,,,,,,,,,,,,,,,,
265481.922073955,3842808.0774067,659.252612942895,L5_2,1397,659.252612942895,654.170449179604,648.834177228149,643.231091679121,637.347851852642,631.170450034839,624.684178126146,617.873592622018,610.722477842684,603.213807324383,595.329703280167,587.05139403374,578.359169324992,569.232333380807,559.649155639412,549.586819010947,539.021365551059,527.927639418177,516.279226978651,504.048393917148,491.206019202571,477.721525752264,463.562807629442,448.696153600479,433.086166870068,416.695680803136,399.485670432858,381.415159544065,362.441123110834,342.51838485594,321.599509688302,299.638309772186,276.948112302645,253.123404959627,228.107462249458,201.840722403781,174.26064556582,145.30156488596,114.894530172108,82.9671437225631,,,,,,,,,,,,,,,,,,,,,,32.6131849502457,31.8537002114418,30.7231013488458,29.0837547809621,26.0038554830828,22.3457479545949,19.0483492853682,16.6378150258412,15.2687499580937,14.8480450126039,15.1748866952934,16.0198610032406,17.1559340506602,18.383047811282,19.5553713152061,20.5980695735667,21.5039201995218,22.3134179305665,23.0896901715247,23.8979621258662,24.7933656391928,25.8160264469335,26.9905379628554,28.3272083421353,29.8235177542517,31.4652087984736,33.2271946498166,35.074799272335,36.9652275616232,38.8490299875176,40.6720655575473,42.3776843999297,43.9174703833718,45.2502277315412,46.3357100808274,47.14082525042,47.641440590566,47.8242799957892,47.6882433623243,47.2453499429919,,,,,,,,,,,,,,,,,,,,,
265486.8769504,3842811.47127372,659.45016283987,L5_2,1403,659.45016283987,654.365205538769,649.026000372614,643.419834948151,637.533361252465,631.352563871994,624.8627266225,618.048397510531,610.893351942964,603.380554097018,595.492116358775,587.20925673362,578.512254127207,569.380401390474,559.791956016904,549.724088374655,539.152827350294,528.053003274715,516.398187995357,504.160631952031,491.311198106538,477.819292568772,463.652791754116,448.777965898728,433.159398750571,416.759903245006,399.540432964162,381.459989169276,362.475523184646,342.541833900785,321.61146015273,299.638309772186,276.948112302645,253.123404959627,228.107462249458,201.840722403781,174.26064556582,145.30156488596,114.894530172108,82.9671437225631,,,,,,,,,,,,,,,,,,,,,,31.394407992251,30.2190801893592,28.5650330024559,27.0319683648293,24.5453280060282,21.5536025667349,18.7900633351473,16.7567145689251,15.6487074059296,15.4162535362814,15.886756756115,16.8430233543778,18.0596569415844,19.3345104328677,20.5212294631416,21.5482821023284,22.4150220109257,23.1698266618873,23.8831384120561,24.6259021125274,25.4571740679301,26.4194901413254,27.5387597068074,28.825882676679,30.2784693352363,31.8820833089564,33.6112365650715,35.4307004059337,37.2970211787618,39.1600067114419,40.9647268963222,42.6537218833315,44.1782357049455,45.4969146090359,46.5690648676863,47.3611963284207,47.8488279871799,48.0184062936264,47.8686463740571,47.4115054598428,,,,,,,,,,,,,,,,,,,,,
265492.244129317,3842815.14798375,659.647712736845,L5_2,1409.5,659.647712736845,654.559961897935,649.217823517079,643.60857821718,637.718870652287,631.534677709149,625.041275118854,618.223202399044,611.064226043244,603.547300869653,595.654529437383,587.3671194335,578.665338929423,569.528469400141,559.934756394396,549.861357738363,539.284289149529,528.178367131252,516.517149012063,504.272869986913,491.416377010506,477.917059385279,463.742775878791,448.859778196978,433.232630631074,416.824125686875,399.595195495466,381.504818794487,362.509923258459,342.565282945629,321.623410617158,299.638309772186,276.948112302645,253.123404959627,228.107462249458,201.840722403781,174.26064556582,145.30156488596,114.894530172108,82.9671437225631,,,,,,,,,,,,,,,,,,,,,,26.9516599867016,27.1827287445911,27.051552188355,25.765539421298,23.6014515749908,21.0783142241569,18.752872853731,17.0659735418538,16.2200986834635,16.1863758973691,16.8089650598374,17.8772350206732,19.1648286367958,20.4677825056165,21.6420640865314,22.623597742805,23.4222193279859,24.0968467554135,24.72643807642,25.3877310429226,26.1431309725198,27.0367535212696,28.0949828936537,29.3285818024261,30.7347135709175,32.2983324638249,33.9932497506512,35.7834888486827,37.6248200827754,39.4662472909523,41.2520187400588,42.923846795286,44.4326695036582,45.7370217233277,46.7957703445153,47.5750215867722,48.0499248206487,48.2066227326989,48.04361179941,47.5727477515167,,,,,,,,,,,,,,,,,,,,,
265497.198448317,3842818.54186994,659.905685831932,L5_2,1415.5,659.905685831932,654.814287015442,649.468318258127,643.855051062947,637.961120508008,631.772493425321,625.274434988501,618.451473629839,611.287364203244,603.76504930532,595.866618662499,587.573266487537,578.865246703827,569.721825930932,560.121234119392,550.040612717275,539.455960245052,528.342075149218,516.672495798592,504.419437480435,491.55372624637,478.044729450601,463.860282815045,448.96661384771,433.328261432009,416.907991395523,399.666707857212,381.563360141986,362.554845040999,342.595904184962,321.639016286123,299.638309772186,276.948112302645,253.123404959627,228.107462249458,201.840722403781,174.26064556582,145.30156488596,114.894530172108,82.9671437225631,,,,,,,,,,,,,,,,,,,,,,27.6965100393911,27.8728326615666,27.3593028715913,25.588424787057,23.3031516792643,20.9540194003001,18.919390799388,17.5271812114966,16.9337034247877,17.1037166555353,17.8852080824376,19.0668751135157,20.4180426136209,21.7330675741145,22.8729516191777,23.784831163136,24.4923544806494,25.0670906519986,25.5973488215165,26.1655706451431,26.8369294203075,27.6563723210405,28.6500341252314,29.8279296001548,31.1862976242698,32.7091356237662,34.3693187821329,36.1299776055645,37.9460283895421,39.7656368006925,41.5322206962354,43.186662858866,44.6796433524672,45.9696424829905,47.0150979689599,47.7817156575687,48.2442627268088,48.3885551084492,48.2128405136052,47.728836159584,,,,,,,,,,,,,,,,,,,,,
265502.565627233,3842822.21857998,660.224292799905,L5_2,1422,660.224292799905,655.128388586929,649.777689163305,644.159454768499,638.260308653953,632.06620523368,625.562396642394,618.733397621542,611.562948649649,604.03397722916,596.128557237648,587.827866246559,579.112140705916,569.960628888241,560.351541479682,550.261999700696,539.66798083276,528.544261021427,516.864355219527,504.600454127533,491.723357980939,478.202407027015,464.005408525395,449.098560098694,433.446369250658,417.01156886022,399.75502845026,381.635661019802,362.610325217821,342.633722625742,321.658289904058,299.638309772186,276.948112302645,253.123404959627,228.107462249458,201.840722403781,174.26064556582,145.30156488596,114.894530172108,82.9671437225631,,,,,,,,,,,,,,,,,,,,,,33.931427733137,32.3732044004587,29.30612076075,26.3312819251614,23.5906026496224,21.1829127742143,19.3000077162765,18.1378824330301,17.7722327427026,18.1394986588831,19.0791135975968,20.371448458696,21.7778159573548,23.0907229337775,24.1783439034139,25.0019014428186,25.6012249504315,26.0618776641322,26.4819116246399,26.9492370116931,27.5312609216167,28.2731549319353,29.2002439611048,30.3213307596282,31.6313738817288,33.1131609100346,34.7384651992037,36.4694293911226,38.2600723508113,40.0577121129754,41.8049490257269,43.4418476102272,44.9188839142744,46.1945455319205,47.2268533582166,47.9811160712589,48.4317070861735,48.5640892478317,48.3762323229793,47.8796867576089,,,,,,,,,,,,,,,,,,,,,
265507.519938479,3842825.61247135,660.542899767878,L5_2,1428,660.542899767878,655.442490158417,650.087060068482,644.463858474052,638.559496799899,632.359917042039,625.850358296286,619.015321613246,611.838533096053,604.302905153001,596.390495812796,588.082466005581,579.359034708005,570.19943184555,560.581848839973,550.483386684117,539.880001420468,528.746446893636,517.056214640463,504.781470774631,491.892989715508,478.360084603429,464.150534235745,449.230506349677,433.564477069306,417.115146324917,399.843349043308,381.707961897618,362.665805394644,342.671541066521,321.677563521993,299.638309772186,276.948112302645,253.123404959627,228.107462249458,201.840722403781,174.26064556582,145.30156488596,114.894530172108,82.9671437225631,,,,,,,,,,,,,,,,,,,,,,35.232317636703,33.488387547077,30.0622250917021,26.806161430972,23.9329345053627,21.5396647501906,19.7890357267059,18.8170966590114,18.649511537818,19.1980738929478,20.2877450323826,21.685250513998,23.1413198614986,24.4461974641036,25.4758672219437,26.206383349323,26.6941516696049,27.0387481565948,27.3477647252004,27.7143052223999,28.2077402976172,28.8732257036523,29.7350738883577,30.8007115231722,32.063694600967,33.5055204643776,35.096821036274,36.7987465274008,38.5644427074724,40.3404236092141,42.0685237087053,43.6880375302398,45.1492996206031,46.4108633033312,47.4303540051081,48.1726864831666,48.6118340137131,48.7328885712824,48.5335200573313,48.0250873294838,,,,,,,,,,,,,,,,,,,,,
265512.887100595,3842829.2891926,660.86150673585,L5_2,1434.5,660.86150673585,655.756591729904,650.39643097366,644.768262179604,638.858684945845,632.653628850399,626.138319950179,619.297245604949,612.114117542458,604.571833076842,596.652434387945,588.337065764603,579.605928710094,570.43823480286,560.812156200264,550.704773667538,540.092022008176,528.948632765846,517.248074061399,504.96248742173,492.062621450077,478.517762179842,464.295659946095,449.362452600661,433.682584887955,417.218723789614,399.931669636355,381.780262775434,362.721285571467,342.709359507301,321.696837139927,299.638309772186,276.948112302645,253.123404959627,228.107462249458,201.840722403781,174.26064556582,145.30156488596,114.894530172108,82.9671437225631,,,,,,,,,,,,,,,,,,,,,,30.1197644973486,30.258189122649,29.362498344549,26.9992188441473,24.3859286252012,22.0904690068023,20.4377683135766,19.5887317235633,19.5590117409122,20.2457317194413,21.4566465430876,22.9411241051922,24.4371825314931,25.7313968895032,26.7059332014696,27.3496825019628,27.7336886377839,27.9700939611369,28.1752185521259,28.4470680007605,28.856984533918,29.4502307331355,30.2502452087559,31.2631921180078,32.4813089996114,33.8848707635842,35.4434328898271,37.1172215075838,38.8585864856846,40.6133155681933,42.3225531572831,43.9248952855811,45.3706067087359,46.6183601069659,47.6254048223512,48.3562650306572,48.7845095693276,48.8948445046311,48.6846143017044,48.1649617892375,,,,,,,,,,,,,,,,,,,,,
265517.841404087,3842832.68308915,661.148184485564,L5_2,1440.5,661.148184485564,656.039215591737,650.674798253219,645.042160047775,639.127889932059,632.917906310557,626.39742350798,619.550916565274,612.362084275433,604.813810371099,596.88812277155,588.566150792022,579.828080213518,570.653106106089,561.019383293289,550.903974339848,540.282794938736,529.130556567568,517.420706277841,505.125363473628,492.215253529205,478.65963808756,464.426241873833,449.48117584942,433.788856523786,417.311921231871,400.011139175359,381.845318016022,362.771205798719,342.74338797055,321.714179250972,299.638309772186,276.948112302645,253.123404959627,228.107462249458,201.840722403781,174.26064556582,145.30156488596,114.894530172108,82.9671437225631,,,,,,,,,,,,,,,,,,,,,,30.3341310300987,30.5438147326953,29.8564943295458,27.6846693278231,25.1266868383304,22.8234840759045,21.1783668916413,20.3693970657711,20.4056594569114,21.1724789135138,22.4622956367366,24.0085726274326,25.5370594580761,26.8287609832476,27.7675830688332,28.349664248952,28.6557640279635,28.8073945893772,28.9282001131029,29.1209423657784,29.4594257234239,29.9897023920085,30.734971966065,31.7006423447495,32.8780114860437,34.2464124306171,35.7745388140279,37.4218672340663,39.1401011748017,40.8744373868983,42.5654503768072,44.1511472296888,45.5818016509621,46.8162468578136,47.8113896838273,48.5313762363545,48.9493667034948,49.0496720489691,48.8292895347415,48.2991305654392,,,,,,,,,,,,,,,,,,,,,
265523.208566203,3842836.35981041,661.402916944199,L5_2,1447,661.402916944199,656.290345898382,650.922146300274,645.28553672226,639.367096665346,633.152734605586,626.627654442838,619.776320271953,612.582419392524,605.028823469123,597.097547749552,588.769708244002,580.025476763175,570.844033708307,561.203518500695,551.080977532702,540.45230951631,529.292208099099,517.574101611026,505.270089798551,492.350877395451,478.785704372196,464.542272697779,449.586669439641,433.883286018596,417.394733426498,400.081753204796,381.903123972009,362.815563277582,342.773624548434,321.729588882828,299.638309772186,276.948112302645,253.123404959627,228.107462249458,201.840722403781,174.26064556582,145.30156488596,114.894530172108,82.9671437225631,,,,,,,,,,,,,,,,,,,,,,36.0157143748536,34.6113076110852,31.8681971718554,29.0577352083175,26.2183782571232,23.7302939545905,21.9764545677205,21.1155681878689,21.1369843133298,21.9138362268326,23.2284828614523,24.8043158308221,26.3577665884163,27.6621334725357,28.5963266198286,29.155211276838,29.4219600654997,29.5229274657759,29.5872800137319,29.7225687989293,30.0059742054815,30.4854753561224,31.1850571968089,32.1101751986295,33.2517815992273,34.5886966985231,36.0890678504828,37.7118655319988,39.4083413588765,41.1232667846477,42.796787339645,44.3664428973411,45.7825981198782,47.0042923300024,47.9881239554982,48.6978737571489,49.1062888214194,49.1972755511426,48.967468043381,48.4275288502961,,,,,,,,,,,,,,,,,,,,,
265528.162861943,3842839.75371213,661.657649402834,L5_2,1453,661.657649402834,656.541476205027,651.169494347329,645.528913396746,639.606303398633,633.387562900616,626.857885377697,620.001723978632,612.802754509615,605.243836567146,597.306972727554,588.973265695982,580.222873312832,571.034961310524,561.387653708101,551.257980725556,540.621824093885,529.45385963063,517.727496944212,505.414816123473,492.486501261697,478.911770656832,464.658303521725,449.692163029861,433.977715513405,417.477545621126,400.152367234233,381.960929927995,362.859920756445,342.803861126318,321.744998514685,299.638309772186,276.948112302645,253.123404959627,228.107462249458,201.840722403781,174.26064556582,145.30156488596,114.894530172108,82.9671437225631,,,,,,,,,,,,,,,,,,,,,,34.9792879318918,34.0469913517469,32.1784068047395,29.8659280205486,27.0697629476329,24.4813919147409,22.6213272765813,21.6726130737952,21.6251208786518,22.3533269443664,23.6426813952583,25.218819525946,26.7958656027455,28.1383864933254,29.11248751735,29.7012294669,29.9810362739813,30.0774193530904,30.1228443024628,30.2297793117456,30.4800411978749,30.9250762311713,31.5910454119395,32.4845515870275,33.5970172585373,34.9073419967185,36.3835596628824,37.9844607122621,39.6611031076593,41.3580404078582,43.0151593196863,44.5696737076647,45.9721311171405,47.1818309730443,48.1550982209485,48.855366123784,49.2549752547414,49.3374195523213,49.0989645345046,48.5500112621177,,,,,,,,,,,,,,,,,,,,,
265533.530007263,3842843.4304446,661.91238186147,L5_2,1459.5,661.91238186147,656.792606511671,651.416842394383,645.772290071231,639.845510131921,633.622391195645,627.088116312555,620.227127685312,613.023089626706,605.458849665169,597.516397705556,589.176823147962,580.420269862488,571.225888912741,561.571788915507,551.43498391841,540.791338671459,529.61551116216,517.880892277397,505.559542448395,492.622125127943,479.037836941468,464.77433434567,449.797656620082,434.072145008214,417.560357815753,400.222981263669,382.018735883981,362.904278235309,342.834097704202,321.760408146541,299.638309772186,276.948112302645,253.123404959627,228.107462249458,201.840722403781,174.26064556582,145.30156488596,114.894530172108,82.9671437225631,,,,,,,,,,,,,,,,,,,,,,26.2285381637662,27.8361143220129,29.8958040494779,29.3335669105775,27.1162785213011,24.7102868112688,22.8808155402193,21.886504082289,21.7592330236726,22.4046508092247,23.6339794307134,25.1922374241653,26.80053487817,28.2147901376039,29.2809650895381,29.9597847782492,30.3115012468144,30.4548245066391,30.5231801790022,30.6341422313143,30.8755915836328,31.3041781737039,31.9498086390596,32.8214787917212,33.9120067866926,35.2010430905488,36.6569965899589,38.2388446014155,39.8977350980106,41.5782299549761,43.2201404690106,44.7604981463827,46.1501298735925,47.348651160856,48.3121486650195,49.0037274419239,49.3953273610302,49.4700275323246,49.223719084369,48.6665275037,,,,,,,,,,,,,,,,,,,,,
265538.48429525,3842846.8243515,662.136746857033,L5_2,1465.5,662.136746857033,657.013798779191,651.634703297456,645.986653041634,640.056200273022,633.829224865978,627.290900688583,620.425660302317,613.217157896739,605.648230370881,597.700856468731,589.356113871473,580.594134144352,571.394055430876,561.733972781725,551.590886000117,540.940644879428,529.757891702705,518.016000867146,505.687015489809,492.741580843605,479.148874465091,464.876532767651,449.890573985339,434.155317263912,417.633297706413,400.285177171039,382.069650608897,362.943347718647,342.860729683885,321.773980747385,299.638309772186,276.948112302645,253.123404959627,228.107462249458,201.840722403781,174.26064556582,145.30156488596,114.894530172108,82.9671437225631,,,,,,,,,,,,,,,,,,,,,,24.7353212176029,26.3055477509069,28.4186601312196,28.1635157807037,26.3746630207344,24.3189863936088,22.669819007669,21.7012897697456,21.5041426959985,22.0457185197607,23.1890227874089,24.7159410041167,26.3637578542325,27.8810486048734,29.0883625364324,29.915258459943,30.3970771383553,30.6396111203152,30.774387141683,30.9237592766084,31.1827393425288,31.614721402835,32.2548501612897,33.1157488514614,34.1925807200758,35.4664568238314,36.9066914231767,38.4728532543252,40.1164951733245,41.782436185738,43.4106143918789,44.938041844184,46.3159208659058,47.5042360465792,48.4588808481657,49.1426573576303,49.527116486123,49.5949249347979,49.341595790503,48.7769684178467,,,,,,,,,,,,,,,,,,,,,
265543.85144057,3842850.50108397,662.330675801667,L5_2,1472,662.330675801667,657.204985389621,651.823010456973,646.171936777693,640.238309414449,634.008000683042,627.466176515065,620.597261138689,613.384899993494,605.81192079104,597.860292628463,589.511083057757,580.744413008516,571.539409456813,561.874155727524,551.725639311771,541.069697075231,529.880957726863,518.132781411077,505.797196279502,492.844831891348,479.244849283786,464.964867545847,449.97088672101,434.227206854931,417.696342995549,400.338935943197,382.113658538228,362.97711726301,342.883748924031,321.785712168104,299.638309772186,276.948112302645,253.123404959627,228.107462249458,201.840722403781,174.26064556582,145.30156488596,114.894530172108,82.9671437225631,,,,,,,,,,,,,,,,,,,,,,29.8880796155743,29.1238730305547,27.7907728456122,26.476757865096,24.9314855945612,23.35607055046,22.0110053931002,21.1256875571107,20.8679763997413,21.2943916134421,22.3385152582784,23.829627010479,25.5269064110536,27.173465440934,28.5621906121764,29.5858900843387,30.2483147516457,30.6369057482734,30.8782253316753,31.0985316776087,31.4004920787586,31.8553786969587,32.5048001094836,33.3660838256224,34.4376028142781,35.7025973640324,37.1318014416586,38.6857737284173,40.3167860821369,41.9701646718964,43.5861776491707,45.1019834768048,46.46925526223,47.6483960673915,48.5951524286382,49.2720496469178,49.6502637647577,49.7120515680784,49.4525445352437,48.8812962008557,,,,,,,,,,,,,,,,,,,,,
265548.80571911,3842853.89492949,662.524604746301,L5_2,1478,662.524604746301,657.396172000052,652.011317616491,646.357220513752,640.420418555876,634.186776500106,627.641452341547,620.768861975061,613.55264209025,605.975611211199,598.019728788195,589.666052244041,580.894691872679,571.684763482749,562.014338673323,551.860392623426,541.198749271033,530.004023751021,518.249561955008,505.907377069195,492.948082939091,479.340824102482,465.053202324042,450.05119945668,434.299096445951,417.759388284684,400.392694715355,382.157666467559,363.010886807373,342.906768164178,321.797443588823,299.638309772186,276.948112302645,253.123404959627,228.107462249458,201.840722403781,174.26064556582,145.30156488596,114.894530172108,82.9671437225631,,,,,,,,,,,,,,,,,,,,,,28.7273703808046,27.4920863625814,25.4675407514002,24.1778078237225,23.2673406398203,22.3045447632323,21.269667224939,20.418839008696,20.0466940519289,20.3172393643778,21.2345357110501,22.6719252958333,24.4099210498341,26.187998729773,27.7726056335159,29.0182476174828,29.8930183548239,30.4612502584143,30.8407833636068,31.1596697799854,31.5275439654937,32.0237469566803,32.696941762351,33.5698488865886,34.6446923227281,35.9073943612181,37.3305688982845,38.8761387206935,40.4973996295744,42.1404379084404,43.746055271592,45.2517194811855,46.6096713987759,47.7807846382427,48.7207058729353,49.3917127927935,49.7646245430884,49.8212949382816,49.5564760755744,48.9794368402985,,,,,,,,,,,,,,,,,,,,,
265554.17284396,3842857.57152897,662.718533690934,L5_2,1484.5,662.718533690934,657.587358610483,652.199624776008,646.54250424981,640.602527697303,634.365552317169,627.816728168029,620.940462811432,613.720384187006,606.139301631357,598.179164947927,589.821021430325,581.044970736843,571.830117508686,562.154521619122,551.99514593508,541.327801466835,530.127089775179,518.366342498939,506.017557858888,493.051333986834,479.436798921177,465.141537102237,450.131512192351,434.37098603697,417.82243357382,400.446453487513,382.20167439689,363.044656351736,342.929787404324,321.809175009542,299.638309772186,276.948112302645,253.123404959627,228.107462249458,201.840722403781,174.26064556582,145.30156488596,114.894530172108,82.9671437225631,,,,,,,,,,,,,,,,,,,,,,24.5297464261877,23.674335948983,22.4074964469737,22.0005750026103,21.9779726931152,21.5869399935899,20.7256748451238,19.7789734450456,19.2050471746818,19.2697680204413,20.0296409897165,21.3887423670577,23.1444864463294,25.0351415175064,26.8053279080469,28.2738396162934,29.3721695025273,30.1381201532,30.676869730422,31.115180563895,31.5678268316991,32.1214450232724,32.8316485062196,33.7267873476743,34.8133056705209,36.080203079529,37.5023445469477,39.0433451454456,40.6578038803762,42.2928039525245,43.8898768388923,45.3869577761021,46.7369467972698,47.9012365267261,48.8354212938365,49.5015629708369,49.8701383558126,49.9226099433061,49.6533596887294,49.0713683099781,,,,,,,,,,,,,,,,,,,,,
265559.127113053,3842860.96531311,662.873541433134,L5_2,1490.5,662.873541433134,657.740174400192,652.350139015603,646.690601861784,640.748087850274,634.508448138189,627.9568264405,621.077623657926,613.854460736223,606.270139668436,598.306602547259,589.944888570023,581.165088893925,571.946299234022,562.266570091124,552.102854491082,541.430953111037,530.22545666199,518.459685390491,506.105625555416,493.133862728588,479.513511760419,465.212143243841,450.195706301434,434.428447511907,417.872825782903,400.48942296745,382.236850011223,363.071648407186,342.948186722946,321.818551954494,299.638309772186,276.948112302645,253.123404959627,228.107462249458,201.840722403781,174.26064556582,145.30156488596,114.894530172108,82.9671437225631,,,,,,,,,,,,,,,,,,,,,,21.8387529556134,21.2652896789186,20.8591968739225,21.489571409409,22.1277866628539,21.899711507931,20.8364335942643,19.5404094314355,18.6182080185714,18.3951831275885,18.9444691654698,20.1786686162902,21.9035167823706,23.857871420754,25.7712874968606,27.432972432699,28.7399953191048,29.7017658116444,30.4067776180757,30.9763246222522,31.5271151432789,32.1510910371456,32.9098100916631,33.8368910020216,34.9430048016754,36.2204095596607,37.6464731945992,39.1867676474103,40.7974394780385,42.4267865228805,44.0172531774882,45.5073975646177,46.8508608189186,48.009592464121,48.9391854746047,49.6015182759527,49.9667455152416,50.0159541322475,49.743159210219,49.1570545632979,,,,,,,,,,,,,,,,,,,,,
265564.494237903,3842864.6419126,662.989657474007,L5_2,1497,662.989657474007,657.854648453114,652.462888981177,646.801541535642,640.857126717831,634.615491159129,628.061773822492,621.180370619024,613.954897255381,606.368150223557,598.402065840142,590.037677237555,581.25506920484,572.033330770489,562.35050541442,552.183538790547,541.508223835481,530.299143132662,518.529608394702,506.171596919844,493.195684871242,479.570977220211,465.265034186628,450.243794001366,434.471491806841,417.91057450259,400.521611333126,382.263200005189,363.091868110856,342.961969621805,321.825576208302,299.638309772186,276.948112302645,253.123404959627,228.107462249458,201.840722403781,174.26064556582,145.30156488596,114.894530172108,82.9671437225631,,,,,,,,,,,,,,,,,,,,,,20.7003472092543,20.5811938735119,21.4348202814367,23.286580337834,24.2166467622891,23.5783272223277,21.8423922978792,19.9060076275282,18.4729309631142,17.868050952162,18.1409782881566,19.189787068417,20.8189444239222,22.7688488212177,24.7612881162334,26.5640917261594,28.0446431176401,29.1838907808586,30.050146957624,30.7545840199459,31.4117190106216,32.1158750737511,32.9328076478641,33.9005334233684,35.0336283864128,36.3275926656913,37.7624345414488,39.3058766239419,40.9158196265641,42.5419674247771,44.1278442437797,45.6127757308961,46.9512173100897,48.1057127480901,49.031904449032,49.691517983899,50.0544105095844,50.1013074772117,49.8258623216311,49.2364885217096,,,,,,,,,,,,,,,,,,,,,
265569.449048931,3842868.03568793,663.105773514881,L5_2,1503,663.105773514881,657.969122506037,652.575638946751,646.912481209501,640.966165585388,634.722534180069,628.166721204485,621.283117580121,614.05533377454,606.466160778679,598.497529133025,590.130465905088,581.345049515755,572.120362306955,562.434440737715,552.264223090013,541.585494559926,530.372829603334,518.599531398913,506.237568284271,493.257507013897,479.628442680004,465.317925129416,450.291881701299,434.514536101776,417.948323222277,400.553799698803,382.289549999156,363.112087814525,342.975752520664,321.832600462109,299.638309772186,276.948112302645,253.123404959627,228.107462249458,201.840722403781,174.26064556582,145.30156488596,114.894530172108,82.9671437225631,,,,,,,,,,,,,,,,,,,,,,19.804516887954,20.8074356529107,23.9019335620983,27.2384467359797,28.1256674860558,26.6117687442746,23.8461780691069,21.0334355444553,18.9351975542695,17.8418267951648,17.7552081223085,18.5423832889277,19.9974322207175,21.8612814062199,23.8537349712125,25.7296440559705,27.3329417869939,28.6176752342879,29.629389760667,30.464551581772,31.2308900916201,32.0215465197186,32.9041497136345,33.9198058637641,35.0863753437907,36.4023989695676,37.8505424871601,39.4007971418458,41.0129774027318,42.638346443181,44.2216485138576,45.7030989950632,47.0380325445107,48.1896226692735,49.1136068821629,49.771590867985,50.1331558513188,50.1786831042102,49.9014770505883,49.3096740057637,,,,,,,,,,,,,,,,,,,,,
265574.817347974,3842871.71226832,663.221889555754,L5_2,1509.5,663.221889555754,658.083596558959,652.688388912325,647.023420883359,641.075204452944,634.829577201009,628.271668586478,621.385864541219,614.155770293698,606.5641713338,598.592992425908,590.223254572621,581.43502982667,572.207393843421,562.51837606101,552.344907389478,541.66276528437,530.446516074006,518.669454403124,506.303539648698,493.319329156551,479.685908139796,465.370816072204,450.339969401231,434.557580396711,417.986071941964,400.58598806448,382.315899993122,363.132307518195,342.989535419523,321.839624715917,299.638309772186,276.948112302645,253.123404959627,228.107462249458,201.840722403781,174.26064556582,145.30156488596,114.894530172108,82.9671437225631,,,,,,,,,,,,,,,,,,,,,,17.8478291844613,20.7539110647452,27.3884568136312,32.4282099753096,33.2115685295286,30.7765631485382,26.8974360881249,23.0667651164166,20.1479759604434,18.4291895605984,17.8703616099847,18.2994594937414,19.4903082726122,21.179660235615,23.0875862923546,24.9624479522472,26.6308028098954,28.0221572463058,29.1575562036311,30.1146099740432,30.9896685172841,31.8708975974736,32.8251876098595,33.8951716058487,35.1011888342445,36.4444896343136,37.9103295946135,39.4710360109738,41.0884541822992,42.7155319772223,44.2983554642198,45.778134760069,47.1111408012408,48.2612129966234,49.1842259185812,49.8416989000013,50.2029657592296,50.2480798644754,49.9700082427246,49.3766178119137,,,,,,,,,,,,,,,,,,,,,
265579.772700937,3842875.10603484,663.332636200089,L5_2,1515.5,663.332636200089,658.192777143565,652.795925134214,647.129230524396,641.179201184087,634.931670376763,628.371763029072,621.483860313997,614.251562463168,606.657649719797,598.684041339258,590.311752539693,581.520849300148,572.290400898627,562.59843007703,552.421860714352,541.736462883541,530.516795161189,518.73614405272,506.366460388827,493.378292541739,479.740716302298,465.421261250884,450.385833446899,434.598634252715,418.022075098822,400.616687987234,382.341031520067,363.151592229542,343.00268097449,321.846324156686,299.638309772186,276.948112302645,253.123404959627,228.107462249458,201.840722403781,174.26064556582,145.30156488596,114.894530172108,82.9671437225631,,,,,,,,,,,,,,,,,,,,,,18.2541974928433,21.5762268727277,29.5190986504266,36.1538772705251,37.8528909194345,35.4100726748438,30.8369191071738,26.0264903492627,22.1568866645672,19.6529073057005,18.4849170234388,18.4469541726401,19.2826822245045,20.7156889215495,22.4635710316522,24.2708545718346,25.9509885804446,27.411331159579,28.6476973762474,29.715808824864,30.6968525296991,31.67065683776,32.7009218271496,33.8302672541247,35.0806704592864,36.4557024366566,37.9430868777337,39.5175033545421,41.1429001666303,42.7740059428271,44.3583410108648,45.8381858520401,47.1707898660692,48.3206863904458,49.2439271906838,49.9019782587712,50.2639473178776,50.3095761061361,50.0315110676311,49.4373584965518,,,,,,,,,,,,,,,,,,,,,
265585.14099998,3842878.78261523,663.438010537884,L5_2,1522,663.438010537884,658.296661391001,652.898244786774,647.229907352335,641.278153046175,635.028811024707,628.467001902165,621.577102323496,614.342707765893,606.746593480411,598.770673480654,590.39595748091,581.602505681178,572.36938129146,562.674600682256,552.495081042592,541.806585420944,530.583665018214,518.799598595348,506.426328851338,493.434395620128,479.792865727357,465.469259339947,450.429472633168,434.637696591049,418.056331746824,400.645898660388,382.36494391963,363.169941441835,343.015188840149,321.85269860838,299.638309772186,276.948112302645,253.123404959627,228.107462249458,201.840722403781,174.26064556582,145.30156488596,114.894530172108,82.9671437225631,,,,,,,,,,,,,,,,,,,,,,20.9328701201438,23.0652640115176,29.6155703018418,37.6000680306467,41.5342083483157,40.3533053616423,35.7089233005693,30.0013704759424,25.0131235794955,21.51198626392,19.5609288149672,18.9301394391954,19.3190051424287,20.4229158646447,21.9485545147659,23.634780554004,25.2835546114882,26.7817318339018,28.0997190986094,29.2693504925581,30.3538116206766,31.4218737279923,32.5319537516959,33.7252872237144,35.0247071335293,36.4357270468667,37.9484049356544,39.5397644503031,41.1759087904967,42.8134228805761,44.401332341884,45.8830538688048,47.2168478167833,48.367964135739,49.2926731765557,49.9524176639313,50.31610608009,50.3631888930383,50.086007605999,49.4919164223093,,,,,,,,,,,,,,,,,,,,,
265590.095797196,3842882.17646747,663.543384875679,L5_2,1528,663.543384875679,658.400545638437,653.000564439333,647.330584180275,641.377104908263,635.12595167265,628.562240775257,621.670344332995,614.433853068619,606.835537241025,598.85730562205,590.480162422127,581.684162062208,572.448361684293,562.750771287482,552.568301370831,541.876707958347,530.650534875239,518.863053137975,506.486197313849,493.490498698516,479.845015152416,465.517257429011,450.473111819436,434.676758929383,418.090588394826,400.675109333542,382.388856319194,363.188290654128,343.027696705809,321.859073060074,299.638309772186,276.948112302645,253.123404959627,228.107462249458,201.840722403781,174.26064556582,145.30156488596,114.894530172108,82.9671437225631,,,,,,,,,,,,,,,,,,,,,,23.1136259248976,24.6177323775541,30.4276951658183,39.2740045260205,45.3254838998915,45.7763135179299,41.3546132452243,34.750597335629,28.4670822991203,23.7701457947447,20.8867985695343,19.5693983570832,19.4556154289559,20.1945599203491,21.4703898137703,23.0114425613085,24.6078628995153,26.127384221858,27.5159936062537,28.7814528138799,29.9678452673228,31.1314719811224,32.3242114818853,33.5850122816495,34.9370090924637,36.3873726894526,37.9283813619451,39.5393830114549,41.1886580021419,42.8346840558067,44.4280321330873,45.9132937599341,47.2497554015479,48.403400893827,49.330749277439,49.9932438268988,50.359620819636,50.4090584450229,50.1336049178071,49.5403669538593,,,,,,,,,,,,,,,,,,,,,
265595.46289212,3842885.8532336,663.648759213473,L5_2,1534.5,663.648759213473,658.504429885873,653.102884091893,647.431261008214,641.476056770351,635.223092320594,628.65747964835,621.763586342494,614.524998371345,606.924481001638,598.943937763446,590.564367363345,581.765818443238,572.527342077126,562.826941892709,552.64152169907,541.94683049575,530.717404732264,518.926507680603,506.54606577636,493.546601776904,479.897164577475,465.565255518075,450.516751005705,434.715821267717,418.124845042829,400.704320006696,382.412768718757,363.206639866421,343.040204571468,321.865447511768,299.638309772186,276.948112302645,253.123404959627,228.107462249458,201.840722403781,174.26064556582,145.30156488596,114.894530172108,82.9671437225631,,,,,,,,,,,,,,,,,,,,,,25.1146325329787,27.0294904308156,33.4733492814966,43.0464903074457,50.5090960600425,52.106693137556,47.6471128695232,39.9273606205848,32.1402571531154,26.0921978687838,22.1897171964771,20.151571533637,19.5305367527463,19.9114969144329,20.9454706586032,22.3457394385784,23.8903028386887,25.4295630933441,26.8871477917344,28.2480224070685,29.5374898019231,30.7990839132893,32.0776385931891,33.4093553671104,34.8173567963367,36.3102989253851,37.88260606633,39.5159346892516,41.1807553833839,42.8374601426198,44.4381890853508,45.9287300926701,47.2694034060942,48.4269410769986,49.358138716519,50.02446842855,50.3945172523798,50.4472171407069,50.1743367025669,49.5827433004304,,,,,,,,,,,,,,,,,,,,,
265600.417133588,3842889.24717157,663.77805076193,L5_2,1540.5,663.77805076193,658.631893132545,653.228427621692,647.554788835295,641.597468109579,635.342281347577,628.774335247475,621.877991842368,614.636831267006,607.033612662875,599.050233128538,590.667684617484,581.866008680877,572.62424894744,562.920401227332,552.731361121217,542.032869009797,530.799452292806,519.004364739966,506.619522809483,493.615438782476,479.961150554119,465.624147914344,450.570295142581,434.763749732229,418.16687705136,400.740160736447,382.442108605788,363.229153868597,343.055551394546,321.873268796792,299.638309772186,276.948112302645,253.123404959627,228.107462249458,201.840722403781,174.26064556582,145.30156488596,114.894530172108,82.9671437225631,,,,,,,,,,,,,,,,,,,,,,29.8696773429691,32.0065287774314,38.8982179488028,48.9891669796577,57.0809768008488,58.8374686671108,53.6130621739828,44.4496336890298,35.1132026822435,27.7986051842147,22.9987457577388,20.3575320454567,19.3291670238263,19.4316335088197,20.2834537731199,21.584689737564,23.1041694763547,24.6788618847739,26.2140339310098,27.6750976691788,29.0706848502877,30.4326746552605,31.7993166975952,33.2041963319874,34.670429965516,36.2081316601887,37.8138460647013,39.4715196003914,41.1538002141978,42.8229819978557,44.4327633287779,45.9301201354024,47.2763955796229,48.4390700061426,49.3752315180051,50.0464031705007,50.4210438229272,50.47785743596,50.2083483383317,49.6191544502299,,,,,,,,,,,,,,,,,,,,,
265605.784228511,3842892.92393769,663.931313134746,L5_2,1547,663.931313134746,658.782988234005,653.377247088226,647.701218885159,641.741389271938,635.483568178056,628.91285602948,622.013608273475,614.76939812967,607.162977478675,599.17623579513,590.790157027408,581.9847743213,572.739122479886,563.031188046402,552.837856891243,542.134859178326,530.896711579764,519.096656601273,506.706598873858,493.697038260072,480.036999615597,465.693959038899,450.633766433365,434.820564197554,418.216701849953,400.782646384972,382.476888146742,363.2558419966,343.073743538952,321.88254015842,299.638309772186,276.948112302645,253.123404959627,228.107462249458,201.840722403781,174.26064556582,145.30156488596,114.894530172108,82.9671437225631,,,,,,,,,,,,,,,,,,,,,,37.7511135584015,39.6103470471239,46.3144271036898,56.5367951743355,64.2542581898779,64.8059553294578,57.8638193735472,47.0355829478045,36.4146030049167,28.2389434841735,22.903496586425,19.9313624604957,18.6893589117011,18.650001174937,19.4158652687469,20.6844241543211,22.2226450041018,23.8600734436348,25.4888975050748,27.0592884628433,28.5662937660706,30.0320656584339,31.4893273777941,32.9695655982742,34.4961135949491,36.0806217841188,37.721771630629,39.4057857274949,41.1074609234985,42.7909673265248,44.4115377933781,45.9173151053623,47.2706461614756,48.4397509760979,49.3820288785738,50.0590771755757,50.439245440346,50.501030758884,50.235691383237,49.6496462694463,,,,,,,,,,,,,,,,,,,,,
265610.73845944,3842896.31784885,664.084575507563,L5_2,1553,664.084575507563,658.934083335464,653.526066554761,647.847648935022,641.885310434297,635.624855008535,629.051376811485,622.149224704583,614.901964992335,607.292342294475,599.302238461723,590.912629437332,582.103539961722,572.853996012332,563.141974865472,552.944352661269,542.236849346855,530.993970866722,519.188948462581,506.793674938234,493.778637737669,480.112848677075,465.763770163453,450.697237724149,434.87737866288,418.266526648547,400.825132033498,382.511667687696,363.282530124604,343.091935683358,321.891811520049,299.638309772186,276.948112302645,253.123404959627,228.107462249458,201.840722403781,174.26064556582,145.30156488596,114.894530172108,82.9671437225631,,,,,,,,,,,,,,,,,,,,,,42.5666024083231,44.9692378733605,52.8056174533611,63.257388563272,69.3355636851413,67.3223050658702,58.1980170585996,46.1586779378261,35.1089198683037,26.8865347938642,21.6207992733378,18.7228512999516,17.5312402786792,17.5246982579655,18.3227080281916,19.6386891157703,21.2484904798493,22.9816145273422,24.7231303691368,26.412881061749,28.0360726552562,29.6076757741471,31.1564316989077,32.7125640558205,34.3000185509631,35.9321307845215,37.6097394190591,39.3213048046051,41.0437094690474,42.7429335381863,44.3756899140156,45.8912424470902,47.2528937600375,48.4295772520112,49.3790080270782,50.0628700786628,50.4494237972994,50.5169734589923,50.2565435917787,49.6743515920785,,,,,,,,,,,,,,,,,,,,,
265616.105531529,3842899.9945569,664.237837880379,L5_2,1559.5,664.237837880379,659.085178436924,653.674886021295,647.994078984886,642.029231596655,635.766141839014,629.18989759349,622.28484113569,615.034531855,607.421707110276,599.428241128315,591.035101847256,582.222305602145,572.968869544777,563.252761684542,553.050848431294,542.338839515385,531.091230153679,519.281240323889,506.880751002609,493.860237215265,480.188697738553,465.833581288007,450.760709014933,434.934193128205,418.31635144714,400.867617682023,382.54644722865,363.309218252608,343.110127827764,321.901082881677,299.638309772186,276.948112302645,253.123404959627,228.107462249458,201.840722403781,174.26064556582,145.30156488596,114.894530172108,82.9671437225631,,,,,,,,,,,,,,,,,,,,,,38.5155506988056,43.1546599001056,54.4953494937972,65.1259557695605,68.6372355209602,63.825123963853,53.2936465132771,41.3272734354782,31.0973162808521,23.7784841134515,19.2152430465363,16.7886691994324,15.8959871793682,16.0827770069963,17.0206007998584,18.4574271238093,20.1879332767491,22.047880304094,23.9202139339068,25.7387368320511,27.4822833364481,29.1611467296956,30.8016835940791,32.4337498078264,34.0823315050153,35.7626003645493,37.4775541986508,39.2178255488623,40.9622946320969,42.6786634038137,44.3250520625755,45.8517931686802,47.2230872025887,48.4085458428876,49.3662009463568,50.0578371619263,50.4516463841138,50.5257540441359,50.2709738858614,49.6933322567417,,,,,,,,,,,,,,,,,,,,,
265621.059751918,3842903.38844126,664.369203362949,L5_2,1565.5,664.369203362949,659.214686290367,653.802443364157,648.119588291635,642.152590465488,635.887242748033,629.308627644706,622.401081786212,615.148158634794,607.532589325805,599.536241551366,591.140076388205,582.324102966886,573.067330874501,563.347720177498,553.142128945643,542.426258152196,531.174593819077,519.360346269302,506.955386342038,493.930178418411,480.253710098603,465.893418362804,450.815112040215,434.982890401497,418.359057680842,400.904033324155,382.576257749634,363.332093396387,343.125720825477,321.909029626022,299.638309772186,276.948112302645,253.123404959627,228.107462249458,201.840722403781,174.26064556582,145.30156488596,114.894530172108,82.9671437225631,,,,,,,,,,,,,,,,,,,,,,40.4714573082065,44.3839728215054,53.3897034756406,60.4465664838308,60.5638389386065,54.0536092066394,43.9088333627412,33.6111502894304,25.3101451228526,19.5828747003499,16.130699005364,14.4184058999978,13.9745398367673,14.4528257999534,15.5982975688716,17.2036405679302,19.0871600333191,21.0938526941039,23.1073399832433,25.058300476462,26.9218915914283,28.7058426516683,30.4355321257811,32.1412334192805,33.8493141130647,35.5768519297692,37.3289302006537,39.0982161081881,40.8654376629933,42.5998839795382,44.2609743805925,45.8000354407376,47.182081892647,48.3773425125886,49.344160343521,50.0444235630749,50.4462643667884,50.5276507972031,50.279199167667,49.7067517469661,,,,,,,,,,,,,,,,,,,,,
265626.426824007,3842907.06514931,664.478690136508,L5_2,1572,664.478690136508,659.322624819932,653.908756237527,648.224194226002,642.2554041139,635.988174496194,629.407583397602,622.49796274408,615.242861057883,607.625004287375,599.626254678342,591.227567588858,582.408946144899,573.149393628742,563.426863486778,553.218206837715,542.499117356199,531.244073400608,519.426277247237,507.017591286197,493.988471027105,480.307894755059,465.94328966941,450.860454329479,435.023477222551,418.394651260277,400.93438399989,382.601103376483,363.351158721905,343.138716834599,321.915652852927,299.638309772186,276.948112302645,253.123404959627,228.107462249458,201.840722403781,174.26064556582,145.30156488596,114.894530172108,82.9671437225631,,,,,,,,,,,,,,,,,,,,,,49.0548337264382,49.7543591344469,51.7783041311443,52.4918338329583,48.8857783366043,41.6402375504457,33.0093887555178,25.1338174505635,19.1377948627068,15.1663738677974,12.8996891276126,11.9425179722064,11.9760960373862,12.7696703818149,14.1435617738651,15.9346009463041,17.9834974364932,20.1438075897257,22.3002460284351,24.3816934424774,26.361291293579,28.2456682439269,30.0602278853688,31.8361888506459,33.6014673040456,35.3749929489252,37.1637690669773,38.9622938905743,40.7529470918674,42.5064355731701,44.1833461252099,45.7359122723326,47.1298721474271,48.3360018626543,49.3129485369786,50.0227075486768,50.4333648324993,50.5227523562153,50.2812984512059,49.7146785213888,,,,,,,,,,,,,,,,,,,,,
265631.381587421,3842910.45899028,664.588176910067,L5_2,1578,664.588176910067,659.430563349497,654.015069110897,648.328800160368,642.358217762312,636.089106244354,629.506539150497,622.594843701948,615.337563480971,607.717419248946,599.716267805319,591.315058789511,582.493789322912,573.231456382983,563.506006796058,553.294284729787,542.571976560202,531.313552982138,519.492208225171,507.079796230356,494.046763635799,480.362079411515,465.993160976017,450.905796618743,435.064064043606,418.430244839713,400.964734675624,382.625949003331,363.370224047423,343.15171284372,321.922276079832,299.638309772186,276.948112302645,253.123404959627,228.107462249458,201.840722403781,174.26064556582,145.30156488596,114.894530172108,82.9671437225631,,,,,,,,,,,,,,,,,,,,,,48.698311184067,48.6489212014904,47.5863106957231,43.9549437575721,37.7569203414855,30.4605746788568,23.5239216287027,17.8814708307346,13.8627090003543,11.3470242673452,10.0517991568121,9.71487007248693,10.1457245171402,11.2080946471389,12.7833532591181,14.7432968507771,16.9452072775349,19.2478769237746,21.5357928584411,23.7360967630447,25.8206130076933,27.7956123427075,29.6869987127509,31.5270851613249,33.3452304894594,35.1619619110464,36.9858915776931,38.81304140137,40.6271697726764,42.4001793547911,44.0936557288653,45.6606190111282,47.0674195033382,48.2852994327912,49.2731885615151,49.993190417263,50.413350469105,50.511371396665,50.2775147286189,49.717297568759,,,,,,,,,,,,,,,,,,,,,
265636.749836063,3842914.13560434,664.697663683627,L5_2,1584.5,664.697663683627,659.538501879061,654.121381984268,648.433406094734,642.461031410724,636.190037992514,629.605494903393,622.691724659816,615.43226590406,607.809834210516,599.806280932295,591.402549990163,582.578632500925,573.313519137224,563.585150105339,553.370362621859,542.644835764205,531.383032563669,519.558139203106,507.142001174514,494.105056244493,480.416264067971,466.043032282623,450.951138908008,435.104650864661,418.465838419148,400.995085351358,382.65079463018,363.389289372942,343.164708852842,321.928899306738,299.638309772186,276.948112302645,253.123404959627,228.107462249458,201.840722403781,174.26064556582,145.30156488596,114.894530172108,82.9671437225631,,,,,,,,,,,,,,,,,,,,,,45.4088822767098,44.7217389993393,41.7606623744482,35.837908168178,28.5319928129908,21.7872958428491,16.3968739941144,12.4816931784713,9.90018033126354,8.41393641112675,7.79932846642045,7.89740477679661,8.60966683899182,9.86703297312367,11.5943764026418,13.6877731698105,16.0147746967273,18.4360066730613,20.8342918975649,23.1347773183102,25.308198116593,27.3607036463437,29.3187219175334,31.2154511352753,33.0813218611497,34.938017435866,36.7953200327826,38.6503800239853,40.4880043261778,42.2810342078422,43.991863332797,45.5741603941815,46.9947658283546,48.2253076840902,49.2249755053834,49.9559774726124,50.3863271548625,50.4936107859418,50.2679408973609,49.7146893579128,,,,,,,,,,,,,,,,,,,,,
265641.705142501,3842917.52940193,664.807150457186,L5_2,1590.5,664.807150457186,659.646440408626,654.227694857638,648.538012029101,642.563845059137,636.290969740674,629.704450656289,622.788605617684,615.526968327149,607.902249172087,599.896294059272,591.490041190816,582.663475678938,573.395581891465,563.664293414619,553.446440513931,542.717694968208,531.4525121452,519.62407018104,507.204206118673,494.163348853187,480.470448724428,466.09290358923,450.996481197272,435.145237685716,418.501431998583,401.025436027093,382.675640257028,363.40835469846,343.177704861964,321.935522533643,299.638309772186,276.948112302645,253.123404959627,228.107462249458,201.840722403781,174.26064556582,145.30156488596,114.894530172108,82.9671437225631,,,,,,,,,,,,,,,,,,,,,,41.2772207448002,40.7686244872754,36.9331812151851,29.4632384058313,21.845538609103,15.8929311998186,11.7221412987316,8.97099952898997,7.29426032536194,6.43573820586447,6.22955615094106,6.58605684306291,7.46456330973431,8.83807922747135,10.6589721048983,12.8383840754164,15.2494984871894,17.752976999193,20.2296783092315,22.6029777185746,24.8426992975638,26.9547698140818,28.9657532582616,30.9091515575096,32.8158061705917,34.7079051554879,36.5958128026649,38.4773134237005,40.3378671087228,42.1509513158401,43.8795467237618,45.4778143226554,46.9129479430815,48.1568660231296,49.1689856414883,49.9116087703066,50.3527232466495,50.4698105550101,50.2528425008931,49.7070566041891,,,,,,,,,,,,,,,,,,,,,
265647.073391143,3842921.20601599,664.916637230745,L5_2,1597,664.916637230745,659.754378938191,654.334007731009,648.642617963467,642.666658707549,636.391901488834,629.803406409184,622.885486575552,615.621670750237,607.994664133657,599.986307186249,591.577532391469,582.748318856951,573.477644645706,563.7434367239,553.522518406003,542.790554172211,531.52199172673,519.690001158975,507.266411062832,494.221641461882,480.524633380884,466.142774895836,451.041823486536,435.185824506771,418.537025578018,401.055786702827,382.700485883877,363.427420023979,343.190700871086,321.942145760548,299.638309772186,276.948112302645,253.123404959627,228.107462249458,201.840722403781,174.26064556582,145.30156488596,114.894530172108,82.9671437225631,,,,,,,,,,,,,,,,,,,,,,39.5879750481364,39.6292263495612,34.8262775915403,25.4185940015678,17.5082585281527,12.23135936374,8.9210597152626,6.89948602303557,5.7518895186269,5.24532734667795,5.26090844956858,5.7528838990554,6.71450951008409,8.14296847195116,10.0064923068045,12.2251216378465,14.6757060055957,17.2195343040969,19.7369868830627,22.1508909379516,24.4306623803159,26.5818240758318,28.6304494442068,30.6095109429997,32.5493929029451,34.4719846962034,36.3875423180332,38.293925422093,40.1768097610298,42.0099799104561,43.7567686149379,45.3716627557315,46.822067029853,48.080091839706,49.1053468463068,49.8602176545919,50.3126686221355,50.440088505341,50.2323238707608,49.6944903684903,,,,,,,,,,,,,,,,,,,,,
265652.028142929,3842924.59986473,665.026124004305,L5_2,1603,665.026124004305,659.862317467756,654.440320604379,648.747223897834,642.769472355961,636.492833236995,629.90236216208,622.982367533419,615.716373173326,608.087079095228,600.076320313225,591.665023592122,582.833162034964,573.559707399947,563.82258003318,553.598596298075,542.863413376214,531.591471308261,519.755932136909,507.328616006991,494.279934070576,480.57881803734,466.192646202443,451.0871657758,435.226411327826,418.572619157453,401.086137378561,382.725331510725,363.446485349497,343.203696880207,321.948768987453,299.638309772186,276.948112302645,253.123404959627,228.107462249458,201.840722403781,174.26064556582,145.30156488596,114.894530172108,82.9671437225631,,,,,,,,,,,,,,,,,,,,,,50.0763307649607,48.1306039593493,37.3634039280697,23.8580023996145,15.3117139591057,10.4457056724598,7.6313213527286,5.98505309159208,5.08646154855189,4.73442988319939,4.84087222285529,5.38272730459649,6.36846977864013,7.80512991380165,9.66735535982276,11.8796743062582,14.3225292594641,16.8603459270497,19.3760477318396,21.7940474223109,24.0841848350301,26.2513719034933,28.3203960345899,30.3226830557451,32.2871416316061,34.2344523418304,36.17400416393,38.1031263062232,40.0072447320521,41.8601086311696,43.6251581718549,45.2570408390546,46.7232169308052,47.9958747128003,49.0347786552262,49.8023800639168,50.2666202127639,50.4048046424455,50.2066653863883,49.6772053145156,,,,,,,,,,,,,,,,,,,,,
265657.395189822,3842928.2765896,665.135610777864,L5_2,1609.5,665.135610777864,659.97025599732,654.546633477749,648.8518298322,642.872286004373,636.593764985155,630.001317914976,623.079248491287,615.811075596415,608.179494056799,600.166333440202,591.752514792775,582.918005212977,573.641770154188,563.901723342461,553.674674190147,542.936272580217,531.660950889791,519.821863114844,507.390820951149,494.33822667927,480.633002693796,466.242517509049,451.132508065065,435.266998148881,418.608212736888,401.116488054296,382.750177137574,363.465550675015,343.216692889329,321.955392214359,299.638309772186,276.948112302645,253.123404959627,228.107462249458,201.840722403781,174.26064556582,145.30156488596,114.894530172108,82.9671437225631,,,,,,,,,,,,,,,,,,,,,,114.48823968278,86.7555565738167,46.0114558911883,24.3601130369618,14.9062908706216,10.2210913603346,7.60206174740288,6.05425428197375,5.18857496133654,4.83796586023767,4.93295992503573,5.45730720552445,6.41974004035779,7.82491759337052,9.64562716383833,11.8073605093503,14.1949695243054,16.6793627125439,19.1496481535346,21.5342811342403,23.8044460564881,25.9641937603907,28.0361482440235,30.0491000324118,32.0294148981997,33.9956266889906,35.9554845608925,37.9051740830166,39.8294039679141,41.7015457884946,43.4849026135065,45.1341235749853,46.616569129405,47.9043820897776,48.957443209274,49.7382512043145,50.2147250554155,50.3640942387324,50.1759854850432,49.6553003643469,,,,,,,,,,,,,,,,,,,,,
265662.349386955,3842931.67048949,665.147536907496,L5_2,1615.5,665.147536907496,659.982013480476,654.558213882105,648.863224303815,642.883485246611,636.604759236546,630.012096925979,623.089801499882,615.821391302482,608.189560595211,600.176138352576,591.76204499781,582.927246975305,573.650709051676,563.910344231864,553.682961171063,542.944208957221,531.668519132687,519.829044816926,507.397596785377,494.344576352251,480.638904897469,466.247949869947,451.137447091049,435.271419173207,418.612089859472,401.119794080051,382.752883511658,363.467627414846,343.218108513193,321.956113666458,299.638309772186,276.948112302645,253.123404959627,228.107462249458,201.840722403781,174.26064556582,145.30156488596,114.894530172108,82.9671437225631,,,,,,,,,,,,,,,,,,,,,,120.940900218597,89.8658380051352,47.2079713738224,25.9160468284538,16.715305125199,11.9831869483545,9.14024848400752,7.31203794510829,6.18930868883507,5.6373411927499,5.58649593839702,6.00545614580246,6.88389232800306,8.20925269386995,9.94285143671761,12.0069176534031,14.290948232616,16.6750194582101,19.0574020315128,21.3725238478222,23.5935108808142,25.723163535382,27.7810500006897,29.7922841950955,31.7796924100419,33.758794683978,35.7349859214167,37.7027396445349,39.6456128316468,41.5362757228878,43.3376665707964,45.0042967577079,46.503270344976,47.8065512401195,48.8740991192083,49.6684407563354,50.1574684309236,50.3183383264806,50.1405797863468,49.6290023472273,,,,,,,,,,,,,,,,,,,,,
265667.716433849,3842935.34721436,665.061701623853,L5_2,1622,665.061701623853,659.897391986938,654.474866868177,648.781215493479,642.802881550046,636.52563090944,629.934517736805,623.013848905538,615.747146632707,608.117109246235,600.10556999044,591.693453771854,582.86073174234,573.586373611349,563.848297573809,553.623317734392,542.887088903005,531.614048630048,519.777356343443,507.348829442507,494.298876196525,480.596425288244,466.208851834549,451.101899708169,435.23959997547,418.584185256136,401.095999800836,382.73340507277,363.452680608301,343.207919920609,321.950921198532,299.638309772186,276.948112302645,253.123404959627,228.107462249458,201.840722403781,174.26064556582,145.30156488596,114.894530172108,82.9671437225631,,,,,,,,,,,,,,,,,,,,,,56.4910034380723,53.4707085800536,42.8252683081199,30.8181517556058,22.7303493034233,17.2639710406692,13.3071551540258,10.4330039720192,8.49171097440845,7.36351105951259,6.92881960952705,7.09250180285435,7.78838024685252,8.96229309289381,10.5497177235572,12.4627633231086,14.5937044111278,16.8324479777905,19.0876627477999,21.3004805825147,23.4459400429231,25.5249999974993,27.5533140566759,29.5514073605126,31.5377181015813,33.524014326724,35.5127205531645,37.4961001821939,39.4561663229942,41.364590777169,43.1837301161814,44.8678232623005,46.3835660206339,47.702608733871,48.784953517727,49.5931360406095,50.0950154890895,50.2676803345111,50.1005752520858,49.5984203859957,,,,,,,,,,,,,,,,,,,,,
265672.670620442,3842938.74108744,664.975866340209,L5_2,1628,664.975866340209,659.8127704934,654.39151985425,648.699206683143,642.72227785348,636.446502582335,629.856938547632,622.937896311193,615.672901962933,608.04465789726,600.035001628303,591.624862545899,582.794216509374,573.522038171023,563.786250915754,553.563674297722,542.829968848789,531.559578127409,519.725667869959,507.300062099637,494.253176040799,480.55394567902,466.169753799151,451.066352325289,435.207780777733,418.5562806528,401.072205521621,382.713926633882,363.437733801756,343.197731328024,321.945728730606,299.638309772186,276.948112302645,253.123404959627,228.107462249458,201.840722403781,174.26064556582,145.30156488596,114.894530172108,82.9671437225631,,,,,,,,,,,,,,,,,,,,,,45.7553429595005,47.7382349138162,49.0200225751106,44.7174841579352,37.1066173852093,29.0893787723396,22.0272877677321,16.5152418340021,12.6762073766778,10.3053664920453,9.09196332397519,8.76594775596505,9.13421850750625,10.0599124386316,11.4304970767923,13.1368530884802,15.0689140356817,17.1241639222939,19.2205581446723,21.3051676753323,23.3542375723727,25.3661883637966,27.3520895437392,29.327259114671,31.3051905092331,33.2934055972504,35.2909268564431,37.2874384340676,39.263100856852,41.1883378744984,43.0247314447953,44.7261081875501,46.2586246175953,47.5935139439627,48.6907838507606,49.5129598413121,50.0278613171048,50.2125108476349,50.056272327551,49.5637845379278,,,,,,,,,,,,,,,,,,,,,
265678.037644501,3842942.41775424,664.890031056566,L5_2,1634.5,664.890031056566,659.728148999862,654.308172840323,648.617197872807,642.641674156915,636.367374255229,629.779359358458,622.861943716849,615.598657293159,607.972206548285,599.964433266167,591.556271319943,582.727701276408,573.457702730697,563.7242042577,553.504030861052,542.772848794573,531.505107624769,519.673979396476,507.251294756767,494.207475885074,480.511466069795,466.130655763753,451.030804942408,435.175961579997,418.528376049464,401.048411242406,382.694448194994,363.422786995211,343.18754273544,321.94053626268,299.638309772186,276.948112302645,253.123404959627,228.107462249458,201.840722403781,174.26064556582,145.30156488596,114.894530172108,82.9671437225631,,,,,,,,,,,,,,,,,,,,,,36.2207859409196,44.9927812400253,63.702483522401,71.9265005447365,64.8385456635871,51.1645362641299,37.5046954290473,26.6987795089155,19.2792917117078,14.6944088864808,12.1594391176697,11.0369451058415,10.8966486169966,11.4605276188152,12.538172171626,13.984060309804,15.6777116371978,17.519451973946,19.4335309070401,21.3710726998667,23.3083854681005,25.240673739319,27.1739972322784,29.1181577485251,31.0814368479549,33.0668532482336,35.069771995738,37.0770487330647,39.0667609792818,41.0078763382548,42.861028041133,44.5794921779068,46.1287577404481,47.479548319994,48.5918396310061,49.4281292303388,49.956193706272,50.152992236027,50.0078072193121,49.5252068723368,,,,,,,,,,,,,,,,,,,,,
265682.991820556,3842945.81160051,664.849541220692,L5_2,1640.5,664.849541220692,659.688231727624,654.268856759904,648.578513043797,642.603652141885,636.330048194878,629.74276405052,622.826115698944,615.56363492979,607.938030122178,599.931145074185,591.523915773792,582.69632500838,573.427354704697,563.69493588583,553.47589612602,542.745904378219,531.479413043028,519.649597141078,507.22829044403,494.18591841213,480.491427778635,466.112212613465,451.014036690036,435.160951970436,418.515213014856,401.037187111497,382.68525991297,363.415736354517,343.182736618141,321.938086894947,299.638309772186,276.948112302645,253.123404959627,228.107462249458,201.840722403781,174.26064556582,145.30156488596,114.894530172108,82.9671437225631,,,,,,,,,,,,,,,,,,,,,,36.462550882856,47.5181119770522,75.834793053854,96.6772792433427,93.9993719115259,76.7335114048318,56.4052809176363,39.4033921977299,27.523304777147,20.1065071742163,15.8654117988684,13.7157420329462,12.9276688844036,13.0437745478124,13.7744206796015,14.9257181430144,16.359381230142,17.9735019500209,19.6951446862846,21.4773702989056,23.2955214391667,25.1412631733676,27.0156768914473,28.9231950033937,30.8670185145251,32.84572402197,34.8510014990162,36.866798614602,38.8689883026369,40.8249397034008,42.6941936829557,44.4293430518549,45.9951136926084,47.3616642628746,48.4888999891593,49.3392706546624,49.880508187687,50.0895116910027,49.9554832615364,49.4829224142444,,,,,,,,,,,,,,,,,,,,,
265688.358844615,3842949.48826731,664.854348362707,L5_2,1647,664.854348362707,659.692970892217,654.273524548202,648.583105886986,642.608166292709,636.334479718719,629.747108816029,622.830369368205,615.567792947989,607.942087706762,599.935097203475,591.527757175022,582.700050145148,573.430957763779,563.698410763342,553.479236412883,542.749103344902,531.482463623521,519.652491916071,507.231021623249,494.188477815785,480.493806817949,466.11440227022,451.016027495105,435.162733981235,418.516775791671,401.038519692628,382.686350788634,363.41657343944,343.183307222786,321.938377695299,299.638309772186,276.948112302645,253.123404959627,228.107462249458,201.840722403781,174.26064556582,145.30156488596,114.894530172108,82.9671437225631,,,,,,,,,,,,,,,,,,,,,,45.0373919291794,50.9330704858001,69.1340518628075,90.7951588423844,98.229721840428,88.550176488266,69.5747960205748,50.2748512283991,35.394143044334,25.5712589528127,19.6985914681924,16.501863557704,15.0323165719685,14.673965270601,15.0411959050918,15.8902204230728,17.0620585225389,18.4495284249034,19.9800803802124,21.6072809804088,23.3050361332762,25.0616455445519,26.8736877300924,28.7407542563848,30.661410479929,32.6300971945767,34.6349935700937,36.6571868369604,38.6703062401163,40.6400296880516,42.524691505933,44.2760791561352,45.8580630745479,47.2401847918088,48.382242510237,49.2466223424745,49.8010072978576,50.0222388103544,49.8994428325666,49.4370482832565,,,,,,,,,,,,,,,,,,,,,
265693.313562599,3842952.88210478,664.859155504723,L5_2,1653,664.859155504723,659.697710056809,654.278192336499,648.587698730174,642.612680443533,636.33891124256,629.751453581538,622.834623037465,615.571950966188,607.946145291347,599.939049332765,591.531598576253,582.703775281915,573.434560822861,563.701885640854,553.482576699747,542.752302311584,531.485514204013,519.655386691064,507.233752802467,494.191037219441,480.496185857263,466.116591926976,451.018018300174,435.164515992033,418.518338568485,401.039852273759,382.687441664297,363.417410524362,343.18387782743,321.938668495651,299.638309772186,276.948112302645,253.123404959627,228.107462249458,201.840722403781,174.26064556582,145.30156488596,114.894530172108,82.9671437225631,,,,,,,,,,,,,,,,,,,,,,39.8450463488239,41.9521737164631,51.5633054020278,68.4534263691201,81.7529743510683,82.7118142248917,71.5415847978314,55.2886277702139,40.4967365238676,29.7492596159431,22.8983080419885,18.9398372750028,16.9205828229254,16.1568341321654,16.2041344674677,16.7833394197219,17.7197034723411,18.901806283229,20.2573878534881,21.7405660465616,23.3243518561599,24.9946003257291,26.744442688257,28.5696168369071,30.4648585613804,32.4210596809862,34.4232634524357,36.4498932736728,38.4723996828997,40.4547438438276,42.3539758395816,44.1209763060925,45.718693103921,47.1160168318633,48.2726086976796,49.1507840260223,49.7181705295561,49.9515520657079,49.8399839856873,49.3878179480638,,,,,,,,,,,,,,,,,,,,,
265698.681760839,3842956.5587525,664.863962646739,L5_2,1659.5,664.863962646739,659.702449221401,654.282860124797,648.592291573363,642.617194594357,636.343342766401,629.755798347047,622.838876706725,615.576108984387,607.950202875932,599.943001462055,591.535439977483,582.707500418683,573.438163881943,563.705360518366,553.48591698661,542.755501278267,531.488564784506,519.658281466057,507.236483981686,494.193596623096,480.498564896577,466.118781583731,451.020009105244,435.166298002832,418.519901345299,401.04118485489,382.68853253996,363.418247609284,343.184448432074,321.938959296004,299.638309772186,276.948112302645,253.123404959627,228.107462249458,201.840722403781,174.26064556582,145.30156488596,114.894530172108,82.9671437225631,,,,,,,,,,,,,,,,,,,,,,33.1094072654238,33.3841123359068,38.3363849044327,50.4331142214324,63.6102357306729,69.9548168309546,65.8440829811702,54.6434342249872,42.1609842141707,31.9857705778972,24.9945902184421,20.7169633561577,18.3861901189749,17.3549958524998,17.170942936803,17.5429162654318,18.2905816505413,19.3025463807196,20.5088493644438,21.8655968293279,23.3463617119723,24.9360838363945,26.6259186698799,28.4090368232853,30.2773737400025,32.2190278365569,34.2164089555914,36.2455656569622,38.2758960430378,40.2696592441541,42.1825652668158,43.964492966309,45.5774026470365,46.9895036363405,48.1602923874753,49.0520048548016,49.632209884893,49.8776312715449,49.7772551601519,49.3353541394898,,,,,,,,,,,,,,,,,,,,,
265703.637020753,3842959.95258117,664.972658126576,L5_2,1665.5,664.972658126576,659.809607646868,654.388404643174,648.696141489295,642.719265177723,636.443545050571,629.854038917063,622.935057476879,615.670126964685,608.041949926882,600.032364037189,591.622298853011,582.791730409624,573.519633544068,563.783931835234,553.561445040959,542.827833906969,531.55754221628,519.723735941057,507.298239352072,494.251467933639,480.552357944283,466.16829245546,451.065023692196,435.206591490769,418.55523767927,401.071316177196,382.713198600018,363.437175143982,343.197350515144,321.945534654863,299.638309772186,276.948112302645,253.123404959627,228.107462249458,201.840722403781,174.26064556582,145.30156488596,114.894530172108,82.9671437225631,,,,,,,,,,,,,,,,,,,,,,30.1425364535549,30.1545999840701,33.5439628767327,42.593368843848,53.443263342827,60.2352958966357,59.1254219924701,51.4169678223421,41.3695905768352,32.4053938418031,25.8562707916481,21.6640864436769,19.2831152216826,18.1557085130315,17.8586059479852,18.1095019045873,18.7329994594237,19.6230641271981,20.7151706604317,21.9698063101792,23.3632862256736,24.8816845966949,26.5160256154737,28.2584731175301,30.0993998654437,32.0250278748867,34.0157605918749,36.0456562027535,38.0822541946628,40.0861707361695,42.0117457829969,43.8077742165335,45.435179480643,46.8614784225658,48.0459857363908,48.9508495481823,49.5435786566666,49.800839366499,49.7115438036101,49.2798779335782,,,,,,,,,,,,,,,,,,,,,
265709.005218993,3842963.62922889,665.185254375227,L5_2,1672,665.185254375227,660.019197588414,654.59483796226,648.899260354798,642.918903866963,636.639529554737,630.046186526899,623.123176347669,615.854015659477,608.221396936876,600.207147278145,591.792185136478,582.956474887727,573.678979126539,563.937608577291,553.70916950058,542.969308470035,531.692454387962,519.851757601785,507.419025976299,494.364657769539,480.657571152442,466.265130204489,451.153067209138,435.285401064021,418.624351611647,401.130249686654,382.761442665412,363.474195293108,343.222585552189,321.958395324223,299.638309772186,276.948112302645,253.123404959627,228.107462249458,201.840722403781,174.26064556582,145.30156488596,114.894530172108,82.9671437225631,,,,,,,,,,,,,,,,,,,,,,30.8154772193661,31.653614456023,35.3311929772601,42.4218262761391,50.3994809723122,55.195470584454,54.0517628339874,47.7480148432644,39.3333194249107,31.5546781856504,25.6864845902131,21.835947513544,19.6101559761546,18.5406888130981,18.2468762566514,18.4660653328424,19.0342558564682,19.8545722522351,20.8706419516676,22.0497543577303,23.3733048265192,24.8307078930953,26.4148245477864,28.1184627904201,29.9317403778391,31.8399772532915,33.8222448421791,35.8510359968662,37.892258399543,39.9049653425545,41.8421087183871,43.6513257552162,45.2924556901409,46.73230873233,47.9299991406283,48.8475786428072,49.4524955404123,49.7213570695735,49.6429977177933,49.2215111430264,,,,,,,,,,,,,,,,,,,,,
265713.960195219,3842967.0231043,665.397850623879,L5_2,1678,665.397850623879,660.22878752996,654.801271281346,649.102379220301,643.118542556204,636.835514058902,630.238334136734,623.311295218459,616.03790435427,608.400843946871,600.381930519102,591.962071419945,583.12121936583,573.838324709009,564.091285319347,553.856893960202,543.1107830331,531.827366559643,519.979779262513,507.539812600526,494.47784760544,480.7627843606,466.361967953517,451.241110726081,435.364210637273,418.693465544024,401.189183196113,382.809686730806,363.511215442234,343.247820589234,321.971255993583,299.638309772186,276.948112302645,253.123404959627,228.107462249458,201.840722403781,174.26064556582,145.30156488596,114.894530172108,82.9671437225631,,,,,,,,,,,,,,,,,,,,,,32.4624072751162,34.0333214275709,38.5715289006879,44.8532078153026,50.5130531004997,52.9539318749951,50.6369500694153,44.4815153795035,36.8950067535312,29.9993008761158,24.8006488548608,21.389917643289,19.4384135640653,18.5373514517621,18.3424880324989,18.6106278459656,19.1896036932039,19.9922475438053,20.9713889254201,22.1027637614146,23.3748692388168,24.782561014684,26.322480480857,27.9897362411535,29.7755153691818,31.6652319366161,33.6373271600309,35.6631807120409,37.7073204802382,39.7273427221149,41.6748183546714,43.4961700752956,45.1501158435377,46.6027469939446,47.8129614582768,48.7427121792612,49.3593849954589,49.6395273751616,49.5718907238805,49.1604719514491,,,,,,,,,,,,,,,,,,,,,
265719.327778804,3842970.6998533,665.61044687253,L5_2,1684.5,665.61044687253,660.438377471506,655.007704600432,649.305498085804,643.318181245444,637.031498563067,630.43048174657,623.499414089249,616.221793049062,608.580290956865,600.556713760058,592.131957703412,583.285963843932,573.997670291479,564.244962061404,554.004618419824,543.252257596165,531.962278731324,520.10780092324,507.660599224753,494.59103744134,480.867997568758,466.458805702546,451.329154243023,435.443020210525,418.762579476401,401.248116705571,382.8579307962,363.548235591361,343.273055626279,321.984116662943,299.638309772186,276.948112302645,253.123404959627,228.107462249458,201.840722403781,174.26064556582,145.30156488596,114.894530172108,82.9671437225631,,,,,,,,,,,,,,,,,,,,,,32.9898447682266,35.0534672624047,40.467536461476,46.6110049553545,50.7336916116783,51.3405461218693,47.847461717287,41.4571708578968,34.3000889981846,28.0586473376772,23.458500905432,20.5050768450638,18.8825552384904,18.2164724699447,18.1883427931056,18.5691520465113,19.2150391881709,20.0463114977161,21.0242582050677,22.1336506346724,23.3715330768437,24.7399927560989,26.2412183969354,27.8741655544916,29.6323428686395,31.502207999365,33.4622462464592,35.4831645883416,37.528360646859,39.554080607163,41.5105264375157,43.3428542065511,45.0086193752204,46.473178113047,47.6951958686091,48.6365190062086,49.2644690099196,49.5555338205736,49.4983734906116,49.0968816571415,,,,,,,,,,,,,,,,,,,,,
265724.282471344,3842974.09377545,665.915109408609,L5_2,1690.5,665.915109408609,660.738731798233,655.303535307338,649.596578991899,643.604274860687,637.312355522915,630.705840218254,623.76899914836,616.485316024971,608.837448745413,600.807188101877,592.375414426165,583.522052066666,574.226021589193,564.465189587846,554.216315986432,543.454998704947,532.155615559387,520.29126325655,507.833693338571,494.753244924693,481.018774090121,466.59757971382,451.455325618705,435.555958818834,418.861623678969,401.33257178211,382.927067290409,363.601287574123,343.309218872023,322.002546734817,299.638309772186,276.948112302645,253.123404959627,228.107462249458,201.840722403781,174.26064556582,145.30156488596,114.894530172108,82.9671437225631,,,,,,,,,,,,,,,,,,,,,,30.1694750549385,32.3009681516684,38.0241153270763,44.4741001801182,48.3993079301093,48.5117198983351,44.6918455190105,38.3791516450271,31.646763306417,25.9664409719091,21.8931433500584,19.367709209946,18.0775496953349,17.6706774707898,17.8457846919415,18.3813171035194,19.1359298110345,20.0329769945543,21.0397015187988,22.1492586452836,23.3678889400442,24.7062118115097,26.1734216927886,27.7736616073071,29.5038695141799,31.3523983524467,33.2983880366667,35.3122764069925,37.3565691191157,39.3862671609655,41.3502146362119,43.1922527197492,44.8687323556865,46.3442625273229,47.5772607615001,48.5294644475999,49.1681314310454,49.4696873734861,49.4226995428627,49.0309462895701,,,,,,,,,,,,,,,,,,,,,
265729.650054929,3842977.77052445,666.311995432025,L5_2,1697,666.311995432025,661.130005487096,655.688916044921,649.975772130637,643.976971020639,637.678229855141,631.064551631368,624.120189496407,616.828609254697,609.172450000902,601.133482784418,592.692567207109,583.829605850934,574.523496426951,564.752081531769,554.492095891827,543.719110969889,532.407476801853,520.530260925416,508.059184255157,494.964553751385,481.215191722424,466.778361592016,451.619689955087,435.703084736311,418.990649256597,401.442592002897,383.017131886512,363.670398764307,343.356328985993,322.026555718762,299.638309772186,276.948112302645,253.123404959627,228.107462249458,201.840722403781,174.26064556582,145.30156488596,114.894530172108,82.9671437225631,,,,,,,,,,,,,,,,,,,,,,24.9478002410319,26.7952888338565,32.1893503326418,38.9647652585469,43.5558419673137,44.2430547937205,40.9210849076591,35.1194777126431,28.9454905266526,23.8198387114832,20.2322149283241,18.1013302074716,17.1279084707568,16.981878875623,17.375799126932,18.0909475965498,18.983111268999,19.9737574572844,21.032730661905,22.1601123902598,23.3713742447512,24.6865415439546,26.1229795144597,27.6911490705358,29.3923699192603,31.2176290415495,33.1472532200415,35.1517650013542,37.1929876170262,39.2247685265166,41.1945985490046,43.0449557330814,44.7309419226704,46.2164005237788,47.459485150543,48.421820405438,49.0705965953763,49.3821733883431,49.3450208111251,48.9627868229906,,,,,,,,,,,,,,,,,,,,,
265734.604465966,3842981.16442419,666.70888145544,L5_2,1703,666.70888145544,661.521279175959,656.074296782504,650.354965269376,644.349667180592,638.044104187368,631.423263044483,624.471379844454,617.171902484424,609.507451256392,601.459777466958,593.009719988053,584.137159635202,574.820971264709,565.038973475692,554.767875797223,543.983223234831,532.659338044319,520.769258594282,508.284675171743,495.175862578077,481.411609354728,466.959143470211,451.784054291468,435.850210653789,419.119674834225,401.552612223683,383.107196482614,363.739509954491,343.403439099963,322.050564702708,299.638309772186,276.948112302645,253.123404959627,228.107462249458,201.840722403781,174.26064556582,145.30156488596,114.894530172108,82.9671437225631,,,,,,,,,,,,,,,,,,,,,,20.9910928306589,22.4645222168081,27.1445697156451,33.6236105010523,38.4949318858136,39.7408869457531,37.0717713136061,31.9321042156117,26.3731434409702,21.7792390708143,18.6250997975477,16.8390600703024,16.1464659489242,16.2412764594873,16.848830566822,17.7502614038831,18.7940103560768,19.8948238877774,21.0213292445238,22.1784209923259,23.3902254093158,24.6865565023488,26.0937390168088,27.6293935235826,29.2999543628013,31.0996165565324,33.0103097515918,35.0029219280078,37.0387586986349,39.0705846124862,41.0445435752868,42.9017154362694,44.5959047501531,46.0901575420027,47.3423538859169,48.3139988296035,48.9722105339897,49.2932797403464,49.2655695762423,48.892588426561,,,,,,,,,,,,,,,,,,,,,
265739.971439629,3842984.84112465,667.105767478856,L5_2,1709.5,667.105767478856,661.912552864822,656.459677520087,650.734158408115,644.722363340544,638.409978519595,631.781974457598,624.822570192501,617.51519571415,609.842452511881,601.786072149498,593.326872768997,584.44471341947,575.118446102467,565.325865419614,555.043655702619,544.247335499773,532.911199286785,521.008256263148,508.510166088329,495.387171404769,481.608026987031,467.139925348406,451.94841862785,435.997336571266,419.248700411853,401.662632444469,383.197261078716,363.808621144675,343.450549213933,322.074573686653,299.638309772186,276.948112302645,253.123404959627,228.107462249458,201.840722403781,174.26064556582,145.30156488596,114.894530172108,82.9671437225631,,,,,,,,,,,,,,,,,,,,,,18.9172543315617,19.836444807218,23.5703709129717,29.5233345434367,34.2713999092721,35.743567630014,33.5571608531088,29.0241034231298,24.0424499681844,19.9256971569543,17.1451436595964,15.651658740809,15.1999855348127,15.5088970477332,16.3160364731233,17.4007130025765,18.6008340434958,19.8204147008553,21.0233281757049,22.2170952615431,23.4336988165683,24.7128774952278,26.0904735821398,27.591905774811,29.2292835805541,31.0004462697523,32.8892418993784,34.867133961446,36.8950312351498,38.9246640293359,40.9008261050049,42.7631613687876,44.4641295717286,45.9659471197526,47.226204026496,48.206273810278,48.8731956293222,49.2031857054007,49.1844912477596,48.8204689370821,,,,,,,,,,,,,,,,,,,,,
265744.925569164,3842988.23500199,667.502653502271,L5_2,1715.5,667.502653502271,662.303826553685,656.845058257669,651.113351546853,645.095059500496,638.775852851821,632.140685870712,625.173760540548,617.858488943876,610.17745376737,602.112366832039,593.644025549941,584.752267203738,575.415920940226,565.612757363537,555.319435608014,544.511447764715,533.163060529251,521.247253932014,508.735657004915,495.598480231461,481.804444619334,467.320707226601,452.112782964232,436.144462488744,419.377725989481,401.772652665255,383.287325674818,363.87773233486,343.497659327903,322.098582670598,299.638309772186,276.948112302645,253.123404959627,228.107462249458,201.840722403781,174.26064556582,145.30156488596,114.894530172108,82.9671437225631,,,,,,,,,,,,,,,,,,,,,,17.5594288186632,18.7218602184106,22.5087077117809,27.8368465441915,31.9091141525264,33.0526241944504,30.9513361187348,26.7563021359869,22.1678468666497,18.3969913487575,15.8943468000227,14.6239472472613,14.3631228816408,14.8508149916881,15.8343545347267,17.0893321862683,18.4406625355166,19.7784983478581,21.0590012355038,22.2903210935918,23.5114244232663,24.7718937068289,26.1173779535255,27.5814670004729,29.1822715596313,30.9215231728271,32.7851625545401,34.7453402448134,36.7626290752063,38.7877405363449,40.7640997449117,42.6298782052459,44.336142051644,45.844237469277,47.1114465738787,48.0990005641112,48.7738541770207,49.1121461127922,49.1019975351302,48.7466019081785,,,,,,,,,,,,,,,,,,,,,
265750.292542827,3842991.91170244,667.899539525686,L5_2,1722,667.899539525686,662.695100242548,657.230438995252,651.492544685592,645.467755660448,639.141727184048,632.499397283827,625.524950888595,618.201782173602,610.512455022859,602.438661514579,593.961178330885,585.059820988006,575.713395777984,565.89964930746,555.59521551341,544.775560029657,533.414921771717,521.48625160088,508.961147921501,495.809789058153,482.000862251638,467.501489104797,452.277147300613,436.291588406221,419.506751567109,401.882672886042,383.377390270921,363.946843525044,343.544769441873,322.122591654543,299.638309772186,276.948112302645,253.123404959627,228.107462249458,201.840722403781,174.26064556582,145.30156488596,114.894530172108,82.9671437225631,,,,,,,,,,,,,,,,,,,,,,17.4102811439646,19.4025326412498,23.9843992050849,28.4996038038213,31.4361106977199,31.8387405202536,29.4716499649966,25.3039127796949,20.8618000899384,17.2616758214984,14.9197912391852,13.7952215798978,13.6732828045307,14.3038588857208,15.4390995164477,16.8482716621941,18.3411280412202,19.791568538957,21.1458179118101,22.4111512181202,23.6328705670252,24.870343515381,26.1792170094119,27.6014742468161,29.1613982925185,30.8647227918314,32.6995456771561,34.638739370728,36.6425492566259,38.6606524444506,40.6350706651398,42.5024572715504,44.2124340463927,45.7254346313807,46.9984126644186,47.9924482761014,48.6744050869829,49.0203374064482,49.0182306828506,48.6711043548965,,,,,,,,,,,,,,,,,,,,,
265755.246940541,3842995.3055434,668.296425549102,L5_2,1728,668.296425549102,663.086373931411,657.615819732835,651.87173782433,645.840451820401,639.507601516274,632.858108696942,625.876141236643,618.545075403328,610.847456278348,602.76495619712,594.278331111829,585.367374772274,576.010870615742,566.186541251383,555.870995418805,545.039672294599,533.666783014183,521.725249269746,509.186638838087,496.021097884845,482.197279883941,467.682270982992,452.441511636995,436.438714323699,419.635777144737,401.992693106828,383.467454867023,364.015954715228,343.591879555843,322.146600638489,299.638309772186,276.948112302645,253.123404959627,228.107462249458,201.840722403781,174.26064556582,145.30156488596,114.894530172108,82.9671437225631,,,,,,,,,,,,,,,,,,,,,,23.7591911237897,25.4736743064117,28.6053031482616,31.0168346961816,32.5320411094297,32.1458306370223,29.3197608916053,24.8636421261306,20.2600963461884,16.603606907203,14.2773991813178,13.2100517791713,13.1715363253485,13.9080409717298,15.1687533459937,16.7127634623699,18.3324877853052,19.8839290008797,21.3020852020781,22.5925801907065,23.8067695008381,25.0138059866952,26.2793968239256,27.6539349718556,29.1678334290935,30.8307533542284,32.6328726584485,34.5477201676033,36.5351568787481,38.5437703760477,40.5141203832584,42.3812794946933,44.0933722293177,45.6098849789852,46.8874229046954,47.8869053945467,48.5751022871915,48.9279795862835,48.9333779830174,48.594129760532,,,,,,,,,,,,,,,,,,,,,
265760.614495257,3842998.98216502,668.693311572517,L5_2,1734.5,668.693311572517,663.477647620274,658.001200470418,652.250930963069,646.213147980353,639.873475848501,633.216820110056,626.22733158469,618.888368633055,611.182457533838,603.09125087966,594.595483892773,585.674928556543,576.3083454535,566.473433195306,556.146775324201,545.303784559542,533.918644256649,521.964246938612,509.412129754673,496.232406711537,482.393697516244,467.863052861187,452.605875973377,436.585840241176,419.764802722365,402.102713327614,383.557519463125,364.085065905412,343.638989669813,322.170609622434,299.638309772186,276.948112302645,253.123404959627,228.107462249458,201.840722403781,174.26064556582,145.30156488596,114.894530172108,82.9671437225631,,,,,,,,,,,,,,,,,,,,,,52.9767593616673,46.3021040420263,37.8876126421787,35.4428624526533,35.5016868223574,34.4620900409882,30.9209788640922,25.699326624846,20.4940352670277,16.4818966274752,13.996353651487,12.8885119072058,12.8773197948901,13.684832973382,15.0466889146038,16.7065539589719,18.4369514634364,20.0747457598112,21.543203899166,22.8462722826726,24.041560025235,25.2081944445956,26.4219915271096,27.7416563303655,29.2035482671351,30.8210528193622,32.586247676186,34.473176962401,36.4412096836637,38.4377566184547,40.4018366940765,42.2668668591017,43.9794111727343,45.4979737071932,46.7787957926937,47.7826308034231,48.476155162142,48.8352403969435,48.8475736987403,48.5157851907778,,,,,,,,,,,,,,,,,,,,,
265765.569161149,3843002.37596959,669.202116309848,L5_2,1740.5,669.202116309848,663.979257389177,658.495255522472,652.737053562432,646.69094150439,640.342523843446,633.676685299454,626.677554828263,619.328467833513,611.611926489025,603.509558077312,595.002071245014,586.069210071101,576.689705838493,566.841226394254,556.500322977803,545.64237439053,534.241528373892,522.270640056423,509.701207323081,496.503302953071,482.645503364561,468.094813796626,452.816589750293,436.774454501644,419.930212490563,402.243758378927,383.67298156171,364.173665903632,343.69938446265,322.201388949619,299.638309772186,276.948112302645,253.123404959627,228.107462249458,201.840722403781,174.26064556582,145.30156488596,114.894530172108,82.9671437225631,,,,,,,,,,,,,,,,,,,,,,52.5900565116582,45.9713564932836,38.749259761079,38.3964715301708,40.0731199364506,39.3105915480357,34.7390734606699,28.0343543367811,21.6326399740669,16.9082982571949,14.0776197944686,12.8356552200054,12.8027462720356,13.6526577290868,15.0954581812607,16.8534582469525,18.6767786932065,20.3826963631229,21.8833936857824,23.18212401225,24.3435534188396,25.4571690301833,26.6088780242539,27.8654188946945,29.2687186261035,30.835516615493,32.5594832669203,34.4149477391029,36.3606221653801,38.3426170015507,40.2983141439654,42.1593823393801,43.8707537738332,45.3899219192171,46.6727571747838,47.6798469630846,48.3777699815178,48.7423008967298,48.7609727090321,48.4362036742784,,,,,,,,,,,,,,,,,,,,,
265770.936715866,3843006.05259122,669.822801595805,L5_2,1747,669.822801595805,664.591165612524,659.097947830079,653.330069158511,647.273796553365,640.914710317961,634.237669770788,627.226777196255,619.865339992996,612.135830929575,604.019846412982,595.498062670559,586.550189741015,577.154923164994,567.289893260172,556.931611860109,546.055416390043,534.635411146474,522.644405640726,510.05384985969,496.833766289603,482.952678541012,468.37753640499,453.073637162168,437.004542957205,420.131994041994,402.415817681022,383.813832502001,364.281748064029,343.773059404159,322.238936311296,299.638309772186,276.948112302645,253.123404959627,228.107462249458,201.840722403781,174.26064556582,145.30156488596,114.894530172108,82.9671437225631,,,,,,,,,,,,,,,,,,,,,,21.8845175419851,24.6601774536184,32.4490143207256,42.2731338822962,48.942768057967,48.6408820730185,41.7205841741217,32.1778626886762,23.7302682286301,17.8727057314103,14.508106647875,13.0480072793878,12.9538644728131,13.824729736941,15.3327388002624,17.1728148446012,19.0704382961482,20.8236110066832,22.3350795056996,23.6092429343686,24.7191125531282,25.7650615946185,26.8430027125521,28.0272822103843,29.364862272416,30.8753405152351,32.5535816853508,34.373907606886,36.294172767098,38.2590439277029,40.2041602155768,42.0593488746309,43.7678427312097,45.2860965056232,46.5696066917378,47.5787960130105,48.2801406567973,48.6493188029324,48.673701585734,48.3554858902298,,,,,,,,,,,,,,,,,,,,,
265775.89164606,3843009.446362,670.443486881763,L5_2,1753,670.443486881763,665.203073835872,659.700640137685,653.92308475459,647.85665160234,641.486896792477,634.798654242121,627.775999564247,620.40221215248,612.659735370124,604.530134748651,595.994054096104,587.031169410929,577.620140491496,567.738560126091,557.362900742416,546.468458389557,535.029293919055,523.018171225028,510.4064923963,497.164229626135,483.259853717462,468.660259013355,453.330684574043,437.234631412766,420.333775593424,402.587876983116,383.954683442292,364.389830224427,343.846734345668,322.276483672972,299.638309772186,276.948112302645,253.123404959627,228.107462249458,201.840722403781,174.26064556582,145.30156488596,114.894530172108,82.9671437225631,,,,,,,,,,,,,,,,,,,,,,15.8407630042752,20.6400698558007,35.6232320772341,54.898936417156,65.8720917077599,63.4410055950708,51.5355060443841,37.5798257146166,26.401049947311,19.165061721682,15.1863580160428,13.4821346452964,13.3180994897992,14.2053725898732,15.7715760178653,17.6807555458547,19.6332185188294,21.4096851572852,22.9066608817069,24.1326040575496,25.1706521489605,26.1326390000381,27.1242222194057,28.2267026791389,29.4913457468483,30.9399635302062,32.5681196881679,34.3497799928721,36.2417073748631,38.1869736938562,40.1193709086082,41.9668066760592,43.6707584081392,45.1866123864256,46.4694812902907,47.4796235114198,48.1834143312697,48.5564347706292,48.5858902451895,48.2737468172254,,,,,,,,,,,,,,,,,,,,,
265781.259773429,3843013.1229104,671.064172167721,L5_2,1759.5,671.064172167721,665.814982059219,660.303332445292,654.516100350669,648.439506651315,642.059083266993,635.359638713455,628.32522193224,620.939084311964,613.183639810674,605.04042308432,596.490045521648,587.512149080843,578.085357817997,568.187226992009,557.794189624722,546.881500389071,535.423176691636,523.39193680933,510.759134932909,497.494692962667,483.567028893912,468.94298162172,453.587731985918,437.464719868327,420.535557144855,402.75993628521,384.095534382583,364.497912384824,343.920409287178,322.314031034649,299.638309772186,276.948112302645,253.123404959627,228.107462249458,201.840722403781,174.26064556582,145.30156488596,114.894530172108,82.9671437225631,,,,,,,,,,,,,,,,,,,,,,14.6046051535709,22.0604096766974,46.8393875185443,76.1726657747044,88.4269663493015,80.3953764907074,61.7041024228453,42.8807141838716,29.0199244737333,20.5236766715764,16.009049524042,14.1024433583597,13.8905315774692,14.8043763121194,16.4282076462665,18.3948170369429,20.3807368304212,22.1530864801956,23.6066825400002,24.7577590087161,25.7016200909132,26.5620482776664,27.4539664149085,28.4647601510336,29.6491037369697,31.0302727577469,32.6039681041483,34.3434119275932,36.2040253343133,38.1271311220309,40.0445750551747,41.8822793983308,43.5799267265379,45.0918132363416,46.3726588051475,47.382553361419,48.0877705379048,48.4637934859959,48.4976539793553,48.1910784071899,,,,,,,,,,,,,,,,,,,,,
265786.214967924,3843016.51664739,671.697965330347,L5_2,1765.5,671.697965330347,666.439812801765,660.918752646754,655.121639483993,649.034670663093,642.643353401149,635.932470276107,628.886042994813,621.487294349455,613.718608271828,605.561487890321,596.996511489738,588.003286269125,578.560399787482,568.645368981758,558.234586635746,547.303265172434,535.825377635957,523.773595722656,511.119224713689,497.832135154275,483.88069111689,469.231674877635,453.850207826417,437.699667422639,420.741599998672,402.935629203507,384.239359868583,364.608277066913,343.995640125159,322.352371336318,299.638309772186,276.948112302645,253.123404959627,228.107462249458,201.840722403781,174.26064556582,145.30156488596,114.894530172108,82.9671437225631,,,,,,,,,,,,,,,,,,,,,,14.8424200879115,22.4090508349612,48.6356217146394,81.5713920021173,95.4077836970329,86.3258482266628,65.7072455790357,45.2979688707582,30.4887081703496,21.5219454331664,16.8068586549524,14.841939064099,14.6485796951628,15.6197708551735,17.3095358116095,19.323996110958,21.3202843564686,23.0578932582559,24.4361018413982,25.4834282204231,26.3095168136811,27.050373807392,27.8294149286815,28.7389948180864,29.8361344593084,31.1447238985515,32.6599873031578,34.3539940052575,36.1805688614917,38.0791375605186,39.9795228539096,41.8056191714638,43.4952824576331,45.0016953297749,46.279180549119,47.2876592596117,47.993303064872,48.3714956481418,48.409092572114,48.1075747285769,,,,,,,,,,,,,,,,,,,,,
265791.583095294,3843020.19319579,672.344876520357,L5_2,1772,672.344876520357,667.077576070685,661.546910598529,655.739711852766,649.642153169714,643.239716552509,636.517158104445,629.458471733977,622.046851044986,614.264649321545,606.093337511932,597.513460111839,588.50458884174,579.045274008137,569.112993432854,558.684098828807,547.733759494557,536.235903193595,524.163154077584,511.486767505774,498.176561605372,484.200845409951,469.526343404758,454.118116299306,437.939477838581,420.95190745482,403.114958551871,384.386162203775,364.720926038273,344.072428064497,322.391505192031,299.638309772186,276.948112302645,253.123404959627,228.107462249458,201.840722403781,174.26064556582,145.30156488596,114.894530172108,82.9671437225631,,,,,,,,,,,,,,,,,,,,,,15.5581120036511,19.6257292739549,34.5163274538442,58.4124800993515,74.5083194190543,73.4344236964605,59.7375524955261,43.2433432885518,30.1935049762103,21.9274314514166,17.4943602205457,15.6751372094347,15.5929169743578,16.6632086934861,18.4300245710055,20.4809592884808,22.4606965739502,24.1289900199018,25.3968005148483,26.3097061278571,26.9936498209605,27.5967738431409,28.2499028983797,29.0490393342601,30.0523767091139,31.2835155591516,32.7365670309447,34.382035967597,36.1719007163826,38.0435514001083,39.9247284163649,41.7372734891366,43.4171977435084,44.9165615257808,46.1892909995659,47.1951386739569,47.9001709533041,48.279667473276,48.3203087673123,48.023319560393,,,,,,,,,,,,,,,,,,,,,
265796.537734049,3843023.58701849,672.991787710368,L5_2,1778,672.991787710368,667.715339339605,662.175068550305,656.357784221539,650.249635676335,643.83607970387,637.101845932783,630.030900473141,622.606407740517,614.810690371262,606.625187133544,598.03040873394,589.005891414356,579.530148228792,569.580617883951,559.133611021867,548.16425381668,536.646428751233,524.552712432513,511.854310297858,498.52098805647,484.520999703012,469.821011931881,454.386024772194,438.179288254523,421.162214910968,403.294287900236,384.532964538966,364.833575009634,344.149216003834,322.430639047745,299.638309772186,276.948112302645,253.123404959627,228.107462249458,201.840722403781,174.26064556582,145.30156488596,114.894530172108,82.9671437225631,,,,,,,,,,,,,,,,,,,,,,14.5834050507831,16.1210005185284,22.9145364336076,36.3072957121663,49.4600561202792,54.0845783491821,48.5610011722865,38.179387301963,28.4959703969324,21.8016128134804,18.0697837591123,16.5955566635501,16.7219261282562,17.9357713376571,19.7897245545566,21.8623845514208,23.7949292771218,25.3567208343834,26.4781322756999,27.2263335614859,27.744976913999,28.1937496587753,28.709470771901,29.3903047369371,30.2943880706658,31.4441251237588,32.831897924168,34.4262613011932,36.1771286313781,38.019751761332,39.8797574484425,41.6769458242654,43.3454853925508,44.8363100603742,46.1029534539097,47.1050000234088,47.8084153753953,48.1883736288656,48.2313732936176,47.9383820792762,,,,,,,,,,,,,,,,,,,,,
265801.904657316,3843027.2637526,673.638698900379,L5_2,1784.5,673.638698900379,668.353102608526,662.80322650208,656.975856590312,650.857118182955,644.432442855231,637.686533761121,630.603329212305,623.165964436048,615.356731420978,607.157036755155,598.547357356041,589.507193986971,580.015022449447,570.048242335048,559.583123214928,548.594748138802,537.05695430887,524.942270787442,512.221853089942,498.865414507567,484.841153996073,470.115680459005,454.653933245083,438.419098670465,421.372522367116,403.4736172486,384.679766874158,364.946223980994,344.226003943172,322.469772903458,299.638309772186,276.948112302645,253.123404959627,228.107462249458,201.840722403781,174.26064556582,145.30156488596,114.894530172108,82.9671437225631,,,,,,,,,,,,,,,,,,,,,,17.8022125930809,17.0095542142521,18.4601930582727,24.946240244447,33.4101407322452,38.69983545742,37.7985191466086,32.4280129545376,26.1974378432642,21.3912405176836,18.6058899586702,17.6269865256812,18.0458000862101,19.4417190266126,21.38767292858,23.4624586513408,25.3138091373781,26.7306376559681,27.6701763909194,28.2249760581399,28.5570946005395,28.8367202231395,29.2050556904428,29.7609085749219,30.5611610170308,31.6261677218752,32.9460173775915,34.486969607844,36.1966891076922,38.008218990556,39.8450690057601,41.6250320126035,43.2804699178496,44.7612041687833,46.0203789324617,47.0174134204093,47.7181735748336,48.0977230078323,48.1423750335634,47.8528372794923,,,,,,,,,,,,,,,,,,,,,
265806.858740332,3843030.65766101,674.219612666246,L5_2,1790.5,674.219612666246,668.925801717771,663.367300221873,657.53087365118,651.402625751952,644.967965457763,638.211572148864,631.11735917452,623.66843555146,615.847065747246,607.634627452821,599.011567243675,589.957354024072,580.450430143489,570.468160068877,559.986776490534,548.981323733274,537.425598338151,525.292086673271,512.551899425148,499.174702814619,485.128646373563,470.380287110454,454.89450988419,438.634443796612,421.561374404656,403.634651543102,384.811592538471,365.047380583607,344.294958031001,322.504914350764,299.638309772186,276.948112302645,253.123404959627,228.107462249458,201.840722403781,174.26064556582,145.30156488596,114.894530172108,82.9671437225631,,,,,,,,,,,,,,,,,,,,,,19.9553415296575,18.5830960151356,18.146586686107,21.377597674139,26.5167161746785,30.4178264646059,30.8192759843015,28.1047706106893,24.2864511766809,21.0817047163892,19.233292194904,18.8030806359475,19.5608805449893,21.1607188192811,23.1946757043843,25.2477662796168,26.9836483812204,28.2198985641204,28.9467494488688,29.2846249277208,29.4138012430831,29.5135181449904,29.7276827506334,30.154319033382,30.8479997196988,31.8263106583877,33.0765908097745,34.5625414518003,36.2294596133678,38.0081639203657,39.8200963631805,41.5811279642499,43.2218748284979,44.6910635604057,45.9414643779997,46.9323376144712,47.6294454763238,48.0077415484479,48.0533572550291,47.7667363317238,,,,,,,,,,,,,,,,,,,,,
265812.225663599,3843034.33439512,674.73440542634,L5_2,1797,674.73440542634,669.433314833271,663.867169710549,658.022717331691,651.88604233389,645.442533586198,638.676849401123,631.572881006793,624.113714192747,616.281589037999,608.057857625513,599.422939642403,590.356275760137,580.836278683758,570.840281753561,560.344484976853,549.32389836131,537.75228241499,525.602085671353,512.844379090535,499.448787180676,485.383415675325,470.614775594705,455.107703510055,438.825277821172,421.728730847844,403.777356525851,384.928413487758,365.13702329776,344.356063598262,322.53605591379,299.638309772186,276.948112302645,253.123404959627,228.107462249458,201.840722403781,174.26064556582,145.30156488596,114.894530172108,82.9671437225631,,,,,,,,,,,,,,,,,,,,,,20.3487799307149,20.2896958742671,20.7008791578876,22.5051253823278,25.291259348814,27.3027010824527,27.3148900860462,25.529131486283,23.0609691961265,21.0111707568297,19.9800144807854,20.0996206232496,21.2223461828775,23.0413717674468,25.1593987798124,27.171155868504,28.764232640277,29.7925009459957,30.2838816022716,30.3881886539264,30.3033661990223,30.2163367109097,30.2723108354564,30.5674056489863,31.1530823801241,32.0436189294901,33.2232702699792,34.6529998621287,36.275675649577,38.0199189366429,39.8051880444773,41.5455490764285,43.1699634964044,44.6261031770828,45.8663826729813,46.8499118286205,47.5423447349488,47.9185227697877,47.9643971787441,47.6801423431338,,,,,,,,,,,,,,,,,,,,,
265817.179736922,3843037.72831,675.249198186434,L5_2,1803,675.249198186434,669.940827948771,664.367039199225,658.514561012202,652.369458915827,645.917101714634,639.142126653381,632.028402839066,624.558992834034,616.716112328752,608.481087798205,599.83431204113,590.755197496202,581.222127224028,571.212403438244,560.702193463172,549.666472989346,538.078966491829,525.912084669436,513.136858755923,499.722871546734,485.638184977086,470.849264078956,455.320897135919,439.016111845731,421.896087291033,403.9200615086,385.045234437045,365.226666011913,344.417169165524,322.567197476815,299.638309772186,276.948112302645,253.123404959627,228.107462249458,201.840722403781,174.26064556582,145.30156488596,114.894530172108,82.9671437225631,,,,,,,,,,,,,,,,,,,,,,24.8885682923432,24.9791371260739,25.3790553687742,26.2067830844107,27.0622096228301,27.1588821451835,26.1363868613299,24.3445959317081,22.4772578518066,21.1758986638239,20.8071364271211,21.4450419082665,22.9419049067598,24.9911999557787,27.1935961517408,29.1541428907013,30.5898888500089,31.3963007137143,31.6418578360754,31.5062914407393,31.2044443942113,30.9298062057871,30.8279188876656,30.9922881660221,31.4707949668719,32.2741165836277,33.3832601238581,34.7563912650748,36.3339749492768,38.0425269043987,39.7996607221695,41.5178086724236,43.124394376509,44.5660866095845,45.7949801827468,46.7700434915414,47.456829431398,47.8300631616995,47.8755130830408,47.5930882062631,,,,,,,,,,,,,,,,,,,,,
265822.546639188,3843041.40505814,675.763990946528,L5_2,1809.5,675.763990946528,670.448341064271,664.866908687901,659.006404692713,652.852875497765,646.39166984307,639.60740390564,632.483924671338,625.004271475322,617.150635619504,608.904317970896,600.245684439858,591.154119232267,581.607975764297,571.584525122928,561.059901949491,550.009047617382,538.405650568668,526.222083667518,513.42933842131,499.996955912792,485.892954278848,471.083752563207,455.534090761784,439.20694587029,422.063443734221,404.062766491348,385.162055386332,365.316308726066,344.478274732785,322.598339039841,299.638309772186,276.948112302645,253.123404959627,228.107462249458,201.840722403781,174.26064556582,145.30156488596,114.894530172108,82.9671437225631,,,,,,,,,,,,,,,,,,,,,,29.8952736464135,30.4581656188672,31.4028295106568,31.4876241160257,30.3859314641375,28.4258222955511,26.0541816125298,23.8047482543221,22.1322541387076,21.3323553033698,21.5272276687724,22.6725404020404,24.5679062503112,26.8767298200798,29.1854099328195,31.107853097084,32.3935901561601,32.9830444689403,32.9872282320485,32.6163857262052,32.1021404197207,31.6442556346213,31.3883619482043,31.4251962421241,31.7989652774162,32.5166996719777,33.5561537243821,34.8727401089823,36.4046184901236,38.0763432013627,39.8038652782559,41.4981956410587,43.0853854970098,44.5111795827611,45.7273890975578,46.6928401962756,47.3729866841296,47.7424371313024,47.7867669497865,47.5056255579899,,,,,,,,,,,,,,,,,,,,,
265827.500702819,3843044.7989795,676.008788053261,L5_2,1815.5,676.008788053261,670.689676514057,665.104609397891,659.240288925918,653.082752430346,646.617339109995,639.828655123627,632.70053693794,625.216012842969,617.35726254325,609.105574728544,600.441302523103,591.34381670739,581.791456600892,571.761478489068,561.230001471654,550.171950603368,538.560997191669,526.369496109384,513.568419972985,500.127290029767,486.014103589387,471.195257826988,455.63546977647,439.297692323425,422.143025997728,404.130626355747,385.217606731666,365.358936126381,344.507331990833,322.613147648506,299.638309772186,276.948112302645,253.123404959627,228.107462249458,201.840722403781,174.26064556582,145.30156488596,114.894530172108,82.9671437225631,,,,,,,,,,,,,,,,,,,,,,33.1897646954177,34.3315627469715,35.9244609123212,35.3411440624321,32.5809543658428,28.9674482062479,25.563893900831,22.9914965927331,21.5155291320179,21.1851084342299,21.9360472965118,23.6132018006906,25.9492801136945,28.5629046222356,31.0181576895355,32.9358266426467,34.0989725902796,34.4944753283095,34.2767775480212,33.6870148181387,32.9738241771003,32.3435253372252,31.9421688426065,31.8580410129525,32.1319384357434,32.7674568880599,33.7392801792802,35.0002431453034,36.486389666305,38.1205305153802,39.8171979099739,41.4862454996721,43.0525768081031,44.4611184380423,45.6634231809108,46.6181832059711,47.2907500408003,47.6556122987042,47.6981551104183,47.4177691195505,,,,,,,,,,,,,,,,,,,,,
265832.867605086,3843048.47572764,675.983962901462,L5_2,1822,675.983962901462,670.665202412808,665.080503899722,659.216570460981,653.059440350303,646.594453734091,639.806217787068,632.678570042695,625.194539911102,617.336308272931,609.08516505285,600.421464671766,591.324579271627,581.772849601481,571.743533447828,561.212751486492,550.15543042709,538.545243314718,526.354546846726,513.554315555336,500.114072699375,486.001817700617,471.183949951921,455.62518881579,439.288489622853,422.134955470268,404.123744610055,385.21197320683,365.354613233445,344.50438526139,322.611645890732,299.638309772186,276.948112302645,253.123404959627,228.107462249458,201.840722403781,174.26064556582,145.30156488596,114.894530172108,82.9671437225631,,,,,,,,,,,,,,,,,,,,,,33.9581221615826,35.0766001018541,36.5355935193435,35.4847507858377,31.9075943696511,27.5618943651078,23.8444452301185,21.3767469977626,20.2933542805986,20.5091602946365,21.8592700078247,24.1159024634016,26.951403982249,29.9337138629486,32.5973858839717,34.5655951685421,35.6532511050355,35.893643994324,35.4853055823815,34.7012243143547,33.8081450902483,33.0200234812697,32.4842684103649,32.2874513931572,32.4674987780825,33.0249624961795,33.9317547036313,35.1383862948017,36.5790257704762,38.1749906103533,39.8396612052746,41.4820129253612,43.0260439004882,44.415985437695,45.6031599939479,46.5461408748942,47.2101801233866,47.5696414617247,47.6097244585649,47.3295608455471,,,,,,,,,,,,,,,,,,,,,
265837.822210887,3843051.86957235,675.959137749663,L5_2,1828,675.959137749663,670.64072831156,665.056398401552,659.192851996044,653.03612827026,646.571568358187,639.78378045051,632.656603147449,625.173066979236,617.315354002612,609.064755377156,600.401626820428,591.305341835863,581.75424260207,571.725588406588,561.195501501331,550.138910250812,538.529489437766,526.339597584069,513.540211137686,500.100855368984,485.989531811847,471.172642076854,455.61490785511,439.27928692228,422.126884942808,404.116862864362,385.206339681994,365.350290340508,344.501438531947,322.610144132959,299.638309772186,276.948112302645,253.123404959627,228.107462249458,201.840722403781,174.26064556582,145.30156488596,114.894530172108,82.9671437225631,,,,,,,,,,,,,,,,,,,,,,33.3850862257105,34.1648315223655,34.8604912001399,33.0139111314592,28.8704679746625,24.3955365222418,20.9530579805547,18.9873900426541,18.4970642286417,19.3374207828885,21.3179633578748,24.181680706569,27.5556578017545,30.9567739235433,33.8843404934625,35.9582280447223,37.0212460796709,37.1508712630055,36.5888493236246,35.6401585617859,34.5904464787192,33.6623865204676,33.0058168428246,32.7064948233361,32.8001730857027,33.2848795462362,34.1301509894978,35.2844922915331,36.6804805152269,38.2382155091551,39.8701932606974,41.4847806992475,43.0053108381985,44.3754603111388,45.5463841230403,46.4765691600537,47.1311826854872,47.4844714621287,47.5214520266533,47.241000916401,,,,,,,,,,,,,,,,,,,,,
265843.190287855,3843055.54615442,675.934312597864,L5_2,1834.5,675.934312597864,670.616254210312,665.032292903382,659.169133531106,653.012816190217,646.548682982282,639.761343113952,632.634636252204,625.151594047369,617.294399732293,609.044345701462,600.38178896909,591.2861044001,581.73563560266,571.707643365348,561.17825151617,550.122390074533,538.513735560815,526.324648321411,513.526106720036,500.087638038593,485.977245923078,471.161334201786,455.604626894431,439.270084221707,422.118814415347,404.10998111867,385.200706157158,365.345967447571,344.498491802505,322.608642375185,299.638309772186,276.948112302645,253.123404959627,228.107462249458,201.840722403781,174.26064556582,145.30156488596,114.894530172108,82.9671437225631,,,,,,,,,,,,,,,,,,,,,,33.2446808870525,33.2710250451472,32.5351078735134,29.506931975996,24.7714272065196,20.4339991447768,17.5532527275127,16.2653650509058,16.4295030889095,17.8877452479458,20.4709893396189,23.922387124671,27.8354814758542,31.6760036588421,34.902269449521,37.1238684362714,38.2055840034145,38.2649209722461,37.5844711222507,36.5003563053634,35.3173335570812,34.2675405786302,33.5041376319846,33.1128852481141,33.128027874528,33.5455881858102,34.3331324681506,35.4374868320067,36.7899256870572,38.309607736192,39.9084090645061,41.4943470308254,42.9903032750047,44.3395353385165,45.4931179554677,46.4095015035969,47.0537933724621,47.4001364480549,47.433370507993,47.1521214723409,,,,,,,,,,,,,,,,,,,,,
265848.145435826,3843058.93992248,675.909487446064,L5_2,1840.5,675.909487446064,670.591780109063,665.008187405213,659.145415066169,652.989504110174,646.525797606378,639.738905777393,632.612669356959,625.130121115502,617.273445461974,609.023936025768,600.361951117753,591.266866964336,581.717028603249,571.689698324107,561.161001531009,550.105869898255,538.497981683864,526.309699058753,513.512002302386,500.074420708202,485.964960034308,471.150026326719,455.594345933751,439.260881521134,422.110743887887,404.103099372977,385.195072632322,365.341644554634,344.495545073062,322.607140617411,299.638309772186,276.948112302645,253.123404959627,228.107462249458,201.840722403781,174.26064556582,145.30156488596,114.894530172108,82.9671437225631,,,,,,,,,,,,,,,,,,,,,,32.9362508962104,33.0701735647503,31.3567391851231,26.4623055954361,20.886104427914,16.7426794306034,14.4684350754108,13.8225002103449,14.5592839737997,16.5384549899705,19.6290726865215,23.5852840708197,27.9745693238121,32.2154460107248,35.725287910852,38.0998306509189,39.2197572511321,39.2358457979724,38.4658420242811,37.2732835743236,35.9802252380879,34.8277940745711,33.9727064189345,33.5012393137263,33.4466865490842,33.8035643515139,34.5378875306916,35.5951612382751,36.9056681276048,38.3879086995195,39.9534084939406,41.5100782707918,42.9805691454977,44.3078913518438,45.4431369491509,46.3447787651617,46.9779018659575,47.3165650816345,47.345439930816,47.0629067857584,,,,,,,,,,,,,,,,,,,,,
265853.513512795,3843062.61650455,675.884662294265,L5_2,1847,675.884662294265,670.567306007815,664.984081907043,659.121696601232,652.966192030131,646.502912230474,639.716468440835,632.590702461713,625.108648183636,617.252491191655,609.003526350074,600.342113266415,591.247629528573,581.698421603838,571.671753282867,561.143751545847,550.089349721977,538.482227806912,526.294749796095,513.497897884737,500.06120337781,485.952674145538,471.138718451652,455.584064973071,439.251678820562,422.102673360427,404.096217627285,385.189439107486,365.337321661697,344.492598343619,322.605638859637,299.638309772186,276.948112302645,253.123404959627,228.107462249458,201.840722403781,174.26064556582,145.30156488596,114.894530172108,82.9671437225631,,,,,,,,,,,,,,,,,,,,,,34.1434009694601,34.9036203771466,31.9158484698172,24.2146267119597,17.7027872325627,13.8602854479419,12.1768354526141,12.0697629087089,13.254548473743,15.630508374979,19.1053069367352,23.4446713977106,28.1969084951249,32.7437706128601,36.4702062790553,38.9605887387402,40.107492536392,40.0871440184673,39.2442514262624,37.9634400726738,36.5801658601043,35.3426254076291,34.4104252964566,33.870354954888,33.7550402647849,34.0578596122284,34.7436406178112,35.7569014905712,37.027239427413,38.4727785400816,40.00496001443,41.5318303567428,42.9760294049545,44.2804928468507,45.3964322694273,46.2824053215069,46.9035197519939,47.2337740996988,47.2576807544751,46.9733790616215,,,,,,,,,,,,,,,,,,,,,
265858.46865495,3843066.01027649,675.859837142466,L5_2,1853,675.859837142466,670.542831906567,664.959976408873,659.097978136295,652.942879950087,646.48002685457,639.694031104276,632.568735566468,625.087175251769,617.231536921336,608.98311667438,600.322275415077,591.228392092809,581.679814604427,571.653808241627,561.126501560686,550.072829545698,538.466473929961,526.279800533437,513.483793467087,500.047986047419,485.940388256768,471.127410576584,455.573784012391,439.242476119989,422.094602832966,404.089335881593,385.18380558265,365.332998768761,344.489651614176,322.604137101863,299.638309772186,276.948112302645,253.123404959627,228.107462249458,201.840722403781,174.26064556582,145.30156488596,114.894530172108,82.9671437225631,,,,,,,,,,,,,,,,,,,,,,44.8595083685553,43.5757364887468,34.3114788719052,22.4072102952688,15.4275384044543,12.1365400039003,11.0171308036125,11.3338261748265,12.8385657359839,15.4792373301542,19.1933499507465,23.7553696521161,28.7049005951131,33.4063491151819,37.2304666512943,39.7589889773192,40.8938902131423,40.8271677860626,39.9191752015307,38.5663543397968,37.1114800488503,35.8064988922289,34.8124442906527,34.2162048195945,34.0498358426628,34.3058844441679,34.9483543074038,35.9211243432359,37.1534253215762,38.5633030974108,40.0623833227317,41.5590959576714,42.976302929369,44.2570487867571,45.3527796185028,46.2222125228708,46.830522010764,47.15167358457,47.1700364099536,46.8835102246043,,,,,,,,,,,,,,,,,,,,,
265863.836719317,3843069.68686698,675.835011990666,L5_2,1859.5,675.835011990666,670.518357805319,664.935870910704,659.074259671358,652.919567870044,646.457141478666,639.671593767718,632.546768671223,625.065702319903,617.210582651017,608.962706998686,600.30243756374,591.209154657046,581.661207605017,571.635863200386,561.109251575525,550.05630936942,538.45072005301,526.264851270779,513.469689049437,500.034768717028,485.928102367998,471.116102701517,455.563503051712,439.233273419416,422.086532305506,404.0824541359,385.178172057814,365.328675875824,344.486704884734,322.602635344089,299.638309772186,276.948112302645,253.123404959627,228.107462249458,201.840722403781,174.26064556582,145.30156488596,114.894530172108,82.9671437225631,,,,,,,,,,,,,,,,,,,,,,93.2407425594483,71.1211986493963,38.2877728845445,21.2284059862989,14.5271755557202,11.9476804405663,11.3169753598287,11.9319827961416,13.6211747447579,16.3775318511434,20.1582819019554,24.7455412236668,29.6839045988466,34.3444076563361,38.1066485357006,40.5619316866233,41.6204891627867,41.4799256371046,40.5034238452394,39.0882053865082,37.5767123774451,36.2201343634396,35.1786639148571,34.5383847875539,34.3306038465699,34.5472016925657,35.1516549491123,36.0875240303769,37.2839821440554,38.6592911789383,40.1255310917661,41.5917614449974,42.9813039277032,44.2374989047123,45.312139567491,46.1641759306884,46.7588968792802,47.0702622018249,47.0825125773831,46.7933119831646,,,,,,,,,,,,,,,,,,,,,
265868.791855656,3843073.08064281,675.765673337762,L5_2,1865.5,675.765673337762,670.449999664941,664.868542308479,659.008012084193,652.854455348693,646.393220776418,639.60892447553,632.485413359597,625.005726687867,617.152055682551,608.905701126969,600.247028843608,591.155422946079,581.609236753674,571.585741251648,561.061070974521,550.010167183538,538.406718203005,526.223096773446,513.430294272409,499.997851646319,485.893786888926,471.084518893663,455.534787498637,439.207569533859,422.063990670842,404.063232864675,385.162437168199,365.3166016869,344.478474431535,322.598440813403,299.638309772186,276.948112302645,253.123404959627,228.107462249458,201.840722403781,174.26064556582,145.30156488596,114.894530172108,82.9671437225631,,,,,,,,,,,,,,,,,,,,,,95.1081089493388,69.1946529102931,36.2075767969364,21.4894995479977,16.1375996859138,14.1826182223917,13.7670730244498,14.3774456391884,15.9562094163174,18.5483831445575,22.1258542915409,26.4760602116377,31.1565299779167,35.5610347455347,39.0935160561129,41.3614494527926,42.2789063990649,42.0374626912915,40.9897987175857,39.5227085287457,37.9705505785589,36.579159487485,35.5055524866103,34.8340698500873,34.5950940611657,34.7800219546003,35.352116546965,36.2549633833516,37.4180114725383,38.7600370429062,40.193847656033,41.6293801575294,42.9906687297988,44.2215508328954,45.274275993655,46.1081069067734,46.6884995688109,46.9894355630428,46.9950405801535,46.7027468601632,,,,,,,,,,,,,,,,,,,,,
265874.159920023,3843076.7572333,675.651789257324,L5_2,1872,675.651789257324,670.337726010474,664.757959601281,658.899204871628,652.747512405493,646.288235316051,639.505994372137,632.384641381028,624.907220740362,617.055929067664,608.81207281133,600.15602374218,591.067172219573,581.523878120835,571.50341931716,560.981937573302,549.93438174225,538.334448119646,526.154517815912,513.365590996991,499.937217837124,485.837426019263,471.03264461051,455.487624131319,439.165352628168,422.02696754986,404.031663217636,385.136593668801,365.296770642525,344.464956464935,322.591551578465,299.638309772186,276.948112302645,253.123404959627,228.107462249458,201.840722403781,174.26064556582,145.30156488596,114.894530172108,82.9671437225631,,,,,,,,,,,,,,,,,,,,,,45.9235472275752,42.3378718821998,33.9443701832647,26.8350868313511,23.0276667230916,20.9450479870399,19.8038690489181,19.540804590971,20.3082732236704,22.1992222052201,25.1595556414491,28.9437793599962,33.0999414568258,37.036891286086,40.1821346491306,42.1573237559919,42.8734236286182,42.5051057031952,41.3828533008777,39.8731002627084,38.2950185903679,36.8846932245692,35.7936221617286,35.1033885830983,34.8432003196648,35.0040999788013,35.5494210003825,36.4230983622932,37.5551773478515,38.865239257552,40.2670814086273,41.6717564844463,43.0042541001627,44.209102015131,45.2391164202014,46.0539583089577,46.6193020406804,46.9091783052507,46.9076150464024,46.6118188515926,,,,,,,,,,,,,,,,,,,,,
265879.114498687,3843080.15109613,675.537905176886,L5_2,1878,675.537905176886,670.225452356007,664.647376894083,658.790397659064,652.640569462293,646.183249855684,639.403064268745,632.283869402458,624.808714792857,616.959802452777,608.718444495692,600.065018640753,590.978921493067,581.438519487996,571.421097382672,560.902804172082,549.858596300963,538.262178036287,526.085938858378,513.300887721573,499.876584027928,485.7810651496,470.980770327357,455.440460764001,439.123135722477,421.989944428877,404.000093570598,385.110750169404,365.27693959815,344.451438498334,322.584662343527,299.638309772186,276.948112302645,253.123404959627,228.107462249458,201.840722403781,174.26064556582,145.30156488596,114.894530172108,82.9671437225631,,,,,,,,,,,,,,,,,,,,,,34.7850338052591,37.653522771191,42.1537600785182,42.5894510832075,39.3497295391306,34.7403941820118,30.4844591238745,27.5929695627915,26.4188368178122,26.911926504532,28.822764310789,31.7630096765917,35.2088126079308,38.5516278903719,41.2263510353259,42.8596990461559,43.3522482014456,42.8544464634686,41.6674678531219,40.1313518630947,38.5456785757557,37.1340295615132,36.0409640853516,35.3447855217169,35.0735266450657,35.2181312318903,35.742349746814,36.5908217316405,37.6945095634868,38.9740851252734,40.3445820340925,41.7183755048833,43.0216482477955,44.1998248501193,45.2064003847125,46.0015224432891,46.5511417595659,46.8293729307623,46.8201594135298,46.5204818438424,,,,,,,,,,,,,,,,,,,,,
265884.481354758,3843083.82787512,675.424021096448,L5_2,1884.5,675.424021096448,670.113178701539,664.536794186886,658.681590446499,652.533626519093,646.078264395317,639.300134165352,632.183097423889,624.710208845352,616.863675837889,608.624816180053,599.974013539325,590.89067076656,581.353160855157,571.338775448184,560.823670770863,549.782810859675,538.189907952928,526.017359900844,513.236184446155,499.815950218732,485.724704279938,470.928896044204,455.393297396683,439.080918816786,421.952921307895,403.968523923559,385.084906670006,365.257108553775,344.437920531733,322.577773108589,299.638309772186,276.948112302645,253.123404959627,228.107462249458,201.840722403781,174.26064556582,145.30156488596,114.894530172108,82.9671437225631,,,,,,,,,,,,,,,,,,,,,,22.512968508956,31.804133851158,54.5900300236049,67.5158857677899,63.9790148321556,53.6673769599196,43.7521252656595,36.7848213595228,32.9508511593855,31.7102978117652,32.4204455415923,34.4521708266001,37.1628980761571,39.9044304064039,42.109433753548,43.4067756749944,43.6863854860707,43.0742183116547,41.8409017634564,40.2981917758588,38.7242267366665,37.3287446747905,36.2486553088382,35.5587857323088,35.2861286400371,35.4218259922817,35.9303928916451,36.7575159374001,37.8353768274895,39.0860007968731,40.4258828352388,41.7689036233559,43.042630127696,44.1935694752693,45.1760266588886,45.9507302866369,46.4839703236331,46.749988614098,46.7326572958254,46.4287285463413,,,,,,,,,,,,,,,,,,,,,
265889.435375746,3843087.22182496,675.51503420951,L5_2,1890.5,675.51503420951,670.202904805211,664.625168930697,658.768546262457,652.619092460806,646.162165969071,639.38239315275,632.263631695613,624.788932165619,616.940497659125,608.699641427307,600.046742383898,590.961198388318,581.421377192959,571.404564937832,560.886912069949,549.843376558672,538.247664271831,526.072166370648,513.287893574406,499.864407138351,485.769746380494,470.970352584745,455.430989099207,439.114657439393,421.982509196588,403.993753541643,385.10556010395,365.272956994373,344.448723729317,322.583278801008,299.638309772186,276.948112302645,253.123404959627,228.107462249458,201.840722403781,174.26064556582,145.30156488596,114.894530172108,82.9671437225631,,,,,,,,,,,,,,,,,,,,,,21.2267325191347,30.0794486365756,53.9376657856259,71.6422179664846,71.1418758974091,60.9984758966945,49.9586148351207,41.7024585797946,36.8026296223359,34.7426256437883,34.8000510247855,36.2735053939731,38.486668071813,40.7933278862328,42.645883838197,43.6897831047989,43.8155318988263,43.1330769259666,41.8880496945814,40.3669824490361,38.8280529654994,37.4678905886369,36.4162446894064,35.7449301057423,35.480370541823,35.6143641542346,36.1126091509022,36.9221974161757,37.9768337813509,39.200142455222,40.5102787340965,41.8227801890232,43.0667560437572,44.1899771022623,45.1477036303549,45.9013488562589,46.4176097088175,46.670893517635,46.6450181115332,46.3365095639676,,,,,,,,,,,,,,,,,,,,,
265894.802231817,3843090.89860395,675.811301282634,L5_2,1897,675.811301282634,670.494982388574,664.912847549811,659.05160596911,652.897302309374,646.435283466651,639.650163681792,632.52578790769,625.045193344883,617.190569053936,608.943213548441,600.283490267672,591.190780822864,581.643435905816,571.618723742915,561.092775971869,550.040530812271,538.435673394693,526.250573106237,513.456217803357,500.022144735333,485.916368013908,471.105302456412,455.553683621041,439.224483843902,422.078824077906,404.075881323609,385.172791431598,365.324547044987,344.483890439045,322.601201002805,299.638309772186,276.948112302645,253.123404959627,228.107462249458,201.840722403781,174.26064556582,145.30156488596,114.894530172108,82.9671437225631,,,,,,,,,,,,,,,,,,,,,,28.5383139668621,30.6417363247583,37.5329012068199,46.0049485825986,49.6588338131116,47.9086347221017,43.4300980228669,38.9821367147867,36.0124514559666,34.8481231443441,35.258340078699,36.7930498125676,38.9109799107407,41.0534782687149,42.7379167118902,43.653687276249,43.7110013014714,43.0176884191979,41.80386286003,40.3367038565781,38.8577978085441,37.5525657659243,36.5447506139122,35.9039632634156,35.6566953885097,35.7959301027505,36.2889864179157,37.0847212392918,38.1186590658812,39.3162591123416,40.597523226646,41.879785084225,43.0938438912851,44.1889016499848,45.1213153238369,45.8532901287577,46.3519956961137,46.5920430677382,46.5572152654364,46.2438113177072,,,,,,,,,,,,,,,,,,,,,
265899.756245051,3843094.29255897,676.107568355757,L5_2,1903,676.107568355757,670.787059971936,665.200526168925,659.334665675763,653.175512157943,646.708400964231,639.917934210835,632.787944119768,625.301454524148,617.440640448747,609.186785669576,600.520238151446,591.42036325741,581.865494618672,571.832882547998,561.298639873789,550.23768506587,538.623682517556,526.428979841825,513.624542032308,500.179882332315,486.062989647322,471.24025232808,455.676378142876,439.334310248411,422.175138959223,404.158009105576,385.240022759247,365.3761370956,344.519057148772,322.619123204602,299.638309772186,276.948112302645,253.123404959627,228.107462249458,201.840722403781,174.26064556582,145.30156488596,114.894530172108,82.9671437225631,,,,,,,,,,,,,,,,,,,,,,25.4877941696815,23.9258373087012,22.7711558595477,24.7047158510072,28.062503086635,30.6404738709274,31.6296532811857,31.6501458765676,31.6959777242096,32.3804235016498,33.8590560670799,35.971977148154,38.3686761210701,40.6191210084967,42.3324289733152,43.2606875498229,43.3486663471427,42.7142268189472,41.5813195561996,40.2043392113465,38.812544503139,37.5828114672626,36.6345573383022,36.0363107971244,35.8154399316799,35.9667257199497,36.4595849877671,37.2450203445304,38.2606754312761,39.4340838185956,40.6872814668552,41.9395335850483,43.1234976121654,44.1899815828728,45.0965528714217,45.8063009863984,46.2869322678021,46.5132953748727,46.4691528021636,46.1505741645104,,,,,,,,,,,,,,,,,,,,,
265905.123084322,3843097.96934918,676.40383542888,L5_2,1909.5,676.40383542888,671.079137555299,665.488204788039,659.617725382416,653.453722006511,646.981518461811,640.185704739877,633.050100331845,625.557715703412,617.690711843558,609.43035779071,600.756986035221,591.649945691957,582.087553331529,572.04704135308,561.504503775709,550.434839319469,538.811691640418,526.607386577413,513.792866261259,500.337619929297,486.209611280736,471.375202199748,455.79907266471,439.44413665292,422.271453840541,404.240136887543,385.307254086895,365.427727146214,344.5542238585,322.6370454064,299.638309772186,276.948112302645,253.123404959627,228.107462249458,201.840722403781,174.26064556582,145.30156488596,114.894530172108,82.9671437225631,,,,,,,,,,,,,,,,,,,,,,27.8885334413147,22.5281571178006,16.3440928926139,15.1057457488196,16.7648495239805,19.4039885220046,21.9663735509441,24.1896877430818,26.3106997630012,28.6192493770765,31.2472010247543,34.1231627435409,37.0018261855348,39.5475171919308,41.4478589306668,42.5141661582536,42.7279304472295,42.2222704631821,41.221048202646,39.9712657388933,38.6939320762877,37.5601872584513,36.6869828524723,36.1430086716201,35.9573735257686,36.1272901727829,36.6247556233871,37.4032933310482,38.4029611304973,39.5536019501117,40.7794706157613,42.0018960768161,43.1555649992237,44.1930694569021,45.0732890129081,45.7602793404196,46.2223431730295,46.4345984486397,46.3807970586473,46.0567776595372,,,,,,,,,,,,,,,,,,,,,
265910.077089803,3843101.36330938,676.827283337809,L5_2,1915.5,676.827283337809,671.496597520107,665.89937741152,660.022296297504,653.851361127787,647.371879199584,640.568423174971,633.424794349127,625.923984081991,618.048133301498,609.778489981981,601.095364496488,591.97808273672,582.404936888963,572.353133748819,561.798740451668,550.716627489659,539.08040887955,526.862379338935,514.03344832129,500.563070752762,486.419174305808,471.568083036506,455.974437203739,439.601109079334,422.409114548708,404.357520291551,385.403346321536,365.501463653021,344.60448685108,322.662661209041,299.638309772186,276.948112302645,253.123404959627,228.107462249458,201.840722403781,174.26064556582,145.30156488596,114.894530172108,82.9671437225631,,,,,,,,,,,,,,,,,,,,,,26.6718360374842,21.8183672608678,15.2632815834793,12.7158505261528,12.9582285484406,14.5132527676983,16.6789198078394,19.1776958773121,21.9602299208165,25.0343824820743,28.3662586762727,31.8193363836306,35.142497993106,38.0234409330203,40.1839110360376,41.4676007337346,41.8784788201572,41.5595768045777,40.7346301907589,39.6455171715404,38.5076676506456,37.4887162406115,36.7047791008411,36.2258423259107,36.0835552185574,36.2781454947612,36.7846298684255,37.5593955913957,38.5451875959194,39.6743730001012,40.8735968562672,42.0663826222174,43.1895950854114,44.1977632552935,45.0511827610241,45.7149518824635,46.1580197016982,46.3558025224767,46.2920489857659,45.9623645551374,,,,,,,,,,,,,,,,,,,,,
265915.443929073,3843105.04009959,677.377710156157,L5_2,1922,677.377710156157,672.0392407954,666.433847966605,660.548185496371,654.368239902624,647.879297029191,641.065907012085,633.911847494125,626.400085000266,618.512734381715,610.231016232236,601.535212175282,592.404617915482,582.817493942691,572.751013771261,562.181209591259,551.082915202257,539.429706093805,527.19383652993,514.346173487862,500.85612729369,486.69157878981,471.818802860736,456.202388135208,439.805152673403,422.588055438509,404.510103341869,385.528253640398,365.597311453853,344.669822157981,322.695958397315,299.638309772186,276.948112302645,253.123404959627,228.107462249458,201.840722403781,174.26064556582,145.30156488596,114.894530172108,82.9671437225631,,,,,,,,,,,,,,,,,,,,,,23.0976388494501,21.4929071920652,17.5288938943833,14.2722673192981,13.0977968418302,13.3286911048083,14.5107118618352,16.4419226383778,19.0173481008089,22.1390356009692,25.6689044439252,29.3907711483268,33.0043079960366,36.1729639045204,38.6099532284258,40.157701186157,40.8199789117314,40.7375018891576,40.1293856672514,39.2322550135817,38.2575433218477,37.3711939097094,36.6899713085786,36.2862385669818,36.1949533711381,36.4199108713302,36.9395657637458,37.7134930461749,38.687381104356,39.796326804521,40.969525817867,42.1328213579146,43.2254066061388,44.2038932538916,45.0300860706954,45.6701985816512,46.0938716427635,46.2768422720101,46.2028637120416,45.8673091020639,,,,,,,,,,,,,,,,,,,,,
265920.398474782,3843108.43398444,677.928136974505,L5_2,1928,677.928136974505,672.581884070693,666.96831852169,661.074074695238,654.885118677462,648.386714858798,641.5633908492,634.398900639123,626.876185918541,618.977335461931,610.68354248249,601.975059854077,592.831153094244,583.230050996419,573.148893793702,562.56367873085,551.449202914855,539.77900330806,527.525293720926,514.658898654435,501.149183834619,486.963983273812,472.069522684966,456.430339066677,440.009196267473,422.766996328309,404.662686392187,385.653160959259,365.693159254685,344.735157464882,322.729255585588,299.638309772186,276.948112302645,253.123404959627,228.107462249458,201.840722403781,174.26064556582,145.30156488596,114.894530172108,82.9671437225631,,,,,,,,,,,,,,,,,,,,,,26.391664367891,25.5068297901523,22.2468033858062,18.1559627427737,15.4021066038815,14.1812776852521,14.2306052152255,15.3275736528048,17.3216950306136,20.0807114923073,23.4337300594076,27.1299168224066,30.8355930360616,34.1830863991251,36.8563236303771,38.6710910096994,39.6087141191843,39.7925139677574,39.4291621184345,38.7472745777933,37.9541300269229,37.214730559127,36.6473367394376,36.3273785887417,36.2936389508965,36.5538737025537,37.0902867158447,37.8658953481474,38.8295465910175,39.9192463177738,41.0668932922422,42.2007737765047,43.2625484708673,44.211043042393,45.0096449675003,45.6257387271466,46.0296888267393,46.1975683940749,46.1131421008569,45.7715489510369,,,,,,,,,,,,,,,,,,,,,
265925.766484547,3843112.11061139,678.478563792854,L5_2,1934.5,678.478563792854,673.124527345986,667.502789076776,661.599963894104,655.4019974523,648.894132688405,642.060874686315,634.885953784121,627.352286836817,619.441936542148,611.136068732745,602.414907532872,593.257688273006,583.642608050146,573.546773816143,562.946147870441,551.815490627453,540.128300522315,527.856750911921,514.971623821007,501.442240375547,487.236387757815,472.320242509196,456.658289998145,440.213239861543,422.94593721811,404.815269442505,385.778068278121,365.789007055517,344.800492771782,322.762552773862,299.638309772186,276.948112302645,253.123404959627,228.107462249458,201.840722403781,174.26064556582,145.30156488596,114.894530172108,82.9671437225631,,,,,,,,,,,,,,,,,,,,,,31.8118067731327,31.1715050729164,28.0766563404488,23.0896479130285,18.736009816031,16.0222048573943,14.9040913366813,15.0979977145546,16.381625714756,18.5937766719847,21.5598110234718,25.0317829090621,28.673046296741,32.0990391688932,34.9616962090822,37.0361666121404,38.2642216182524,38.73791169214,38.6431809905493,38.1971170269655,37.6021239842959,37.0226970563325,36.579274814836,36.3509459943814,36.380770614919,36.6808085847887,37.2372806643468,38.0168759038745,38.9717973012231,40.0431229249706,41.1656000329706,42.2700787532441,43.3008317413163,44.2190284986461,44.9897010304775,45.581444612245,45.9653716014165,46.1179082473033,46.0228350614689,45.6750525833003,,,,,,,,,,,,,,,,,,,,,
265930.721570484,3843115.50442089,679.058776347933,L5_2,1940.5,679.058776347933,673.696535160212,668.066181913104,662.154311003642,655.946846548706,649.429008871023,642.585279309456,635.399363269811,627.854151428184,619.931678994475,611.613082939081,602.878557080917,593.707304929845,584.07749017122,573.966184674663,563.349313903278,552.201599593324,540.496499567873,528.206144541148,515.301271763088,501.751155346124,487.523533108313,472.58452975861,456.898576241423,440.428325048376,423.134561295677,404.976109355343,385.909734817993,365.890041553774,344.869363626345,322.797651802545,299.638309772186,276.948112302645,253.123404959627,228.107462249458,201.840722403781,174.26064556582,145.30156488596,114.894530172108,82.9671437225631,,,,,,,,,,,,,,,,,,,,,,33.5549910773629,33.4337059080575,31.2269239132757,26.390617492356,21.3958936188348,17.766297632301,15.7708595386202,15.1971430942682,15.8167687966367,17.4622815797008,19.9711861325037,23.1209892845037,26.5978841721013,30.0213679933458,33.0216137305904,35.3320801690245,36.8469506835636,37.6176903260164,37.8025918235403,37.6034791030397,37.2164591561259,36.8052512172522,36.4925896524612,36.3613995397908,36.4591681182283,36.8023874584647,37.3814206628916,38.1667550742936,39.1140767671881,40.1676612921113,41.2652153123255,42.3402536705654,43.3397860474268,44.2274255242821,44.9698947771772,45.5370282576184,45.9007040275621,46.037711267189,45.9318452216268,45.5777640007007,,,,,,,,,,,,,,,,,,,,,
265936.089580249,3843119.18104785,679.668756677137,L5_2,1947,679.668756677137,674.297889804771,668.658479588787,662.737098862003,656.51964909888,649.991326847601,643.136588483758,635.939113201723,628.381764155586,620.446547657143,612.114570333777,603.365994144243,594.179989145232,584.534683896271,574.407113384861,563.773164347881,552.607517859052,540.883589045782,528.573463791848,515.647832275217,502.075919182755,487.82541043567,472.86237625123,457.151190357569,440.654445169224,423.332862721462,405.145201151312,386.048156502655,365.996259621565,344.94176789642,322.834551585018,299.638309772186,276.948112302645,253.123404959627,228.107462249458,201.840722403781,174.26064556582,145.30156488596,114.894530172108,82.9671437225631,,,,,,,,,,,,,,,,,,,,,,30.3025926708837,30.9485351189116,30.3532815366346,26.8524183301532,22.4993889095229,18.8445622078413,16.4461164143826,15.3287384803102,15.3842191701976,16.496167794643,18.5369208061356,21.3237267602524,24.581263051569,27.9494071876041,31.0486157857067,33.5748097220592,35.3716413061093,36.4439071034253,36.9167602197174,36.9734439978881,36.8023764688598,36.5661718438823,36.3899206201677,36.3605094230318,36.5299535567128,36.9192621684814,37.5230252886962,38.3156210560422,39.2563193110981,40.2926986223087,41.3655228918461,42.4110603474306,43.3791763678269,44.2360221344533,44.9500456290471,45.4923453115457,45.8355776674515,45.956897055611,45.8401161641453,45.4796480441652,,,,,,,,,,,,,,,,,,,,,
265941.044658432,3843122.57486253,680.278737006342,L5_2,1953,680.278737006342,674.899244449331,669.25077726447,663.319886720365,657.092451649055,650.55364482418,643.68789765806,636.478863133635,628.909376882989,620.96141631981,612.616057728473,603.853431207568,594.652673360618,584.991877621321,574.848042095059,564.197014792484,553.01343612478,541.270678523691,528.940783042547,515.994392787346,502.400683019386,488.127287763027,473.14022274385,457.403804473714,440.880565290072,423.531164147247,405.314292947282,386.186578187317,366.102477689355,345.014172166495,322.871451367491,299.638309772186,276.948112302645,253.123404959627,228.107462249458,201.840722403781,174.26064556582,145.30156488596,114.894530172108,82.9671437225631,,,,,,,,,,,,,,,,,,,,,,29.9749512637304,30.1847124077927,29.1051383272299,26.083458310649,22.5959770239393,19.3922882089839,16.9300713903019,15.4426603523574,15.0143671957134,15.6318762740525,17.2209633129765,19.6417161152915,22.6597451065578,25.9424136851887,29.1100503406167,31.8283015479448,33.8925998948852,35.2594621523381,36.0180126636438,36.3306071732926,36.3766932394785,36.3171995171258,36.2792887546336,36.3536117124759,36.5965496373325,37.0335033125174,37.6632182366606,38.4639465116969,39.3985635134994,40.4179945516437,41.4661231726823,42.4820370232721,43.4185445875163,44.2444061863973,44.9298116137529,45.4471286059117,45.7697935609226,45.8753265015397,45.747554891913,45.3806468502761,,,,,,,,,,,,,,,,,,,,,
265946.412651395,3843126.25150071,680.888717335547,L5_2,1959.5,680.888717335547,675.500599093891,669.843074940152,663.902674578726,657.66525419923,651.115962800758,644.239206832362,637.018613065547,629.436989610391,621.476284982478,613.117545123168,604.340868270893,595.125357576005,585.449071346372,575.288970805257,564.620865237087,553.419354390508,541.6577680016,529.308102293247,516.340953299476,502.725446856016,488.429165090384,473.41806923647,457.65641858986,441.10668541092,423.729465573032,405.483384743251,386.32499987198,366.208695757146,345.08657643657,322.908351149965,299.638309772186,276.948112302645,253.123404959627,228.107462249458,201.840722403781,174.26064556582,145.30156488596,114.894530172108,82.9671437225631,,,,,,,,,,,,,,,,,,,,,,36.4266591098246,33.5056176440089,28.6946614031311,25.3093158439918,22.6227442614096,19.9822298246724,17.5329947900356,15.6858482325723,14.7604134072792,14.8763096213187,16.0143617410025,18.067306338462,20.8340273835758,24.0094829126908,27.2199336733245,30.1076326446333,32.4234603143469,34.0755764197113,35.1151286332777,35.6816353034353,35.9443461098831,36.061884417593,36.1631531841161,36.3423272407892,36.6599491484941,37.1456468303338,37.8022156731351,38.61173124129,39.540669738354,40.5433294689558,41.5667572052782,42.55291274834,43.4576328480897,44.2523494440481,44.9090017473257,45.4012263961805,45.7032348546759,45.7929148630532,45.6541038399488,45.2807222396774,,,,,,,,,,,,,,,,,,,,,
265951.367721823,3843129.64532057,681.493125769951,L5_2,1965.5,681.493125769951,676.096460635384,670.429962244088,664.480138933227,658.232824456824,651.6731442566,644.785480046365,637.553432625618,629.959782833833,621.98645055246,613.614451657018,604.823852816804,595.593724034579,585.902088813243,575.72587183084,565.040843999317,553.821564776218,542.041321591963,529.672066248496,516.684348137856,503.047244121684,488.728284904703,473.693377726873,457.906725190152,441.330740026594,423.925955604859,405.650931962037,386.462157137073,366.313943570862,345.15831932634,322.944913869592,299.638309772186,276.948112302645,253.123404959627,228.107462249458,201.840722403781,174.26064556582,145.30156488596,114.894530172108,82.9671437225631,,,,,,,,,,,,,,,,,,,,,,33.7880921763437,31.0656561796911,27.1644535307657,25.1459080615258,23.559968215892,21.3544316035156,18.681807543468,16.2605012141361,14.7023768104712,14.2578211118826,14.9326974808694,16.6220651017612,19.1384239086295,22.1966766766373,25.4305772628075,28.464779974904,31.0108371676876,32.9309995827645,34.2386034675445,35.0495934192039,35.522254502459,35.812313447142,36.0499234460005,36.3323301233928,36.7238261967181,37.2579332391481,37.9412498694292,38.7595142615813,39.6827176720567,40.6684989212887,41.6670658868419,42.6232670329287,43.4960251535061,44.2594783421514,44.8873006717763,45.354388232893,45.6357172124725,45.7095332116441,45.5596796289343,45.1798275014509,,,,,,,,,,,,,,,,,,,,,
265956.735714786,3843133.32195876,682.091960281036,L5_2,1972,682.091960281036,676.686827073975,671.011437206562,665.052277845777,658.795160516954,652.225187321689,645.326715466661,638.083320018882,630.477754798713,622.491911317536,614.106775662301,605.302383224303,596.057771164406,586.350928501514,576.158743705477,565.456949669638,554.220065932008,542.421338007496,530.032673686758,517.024576149984,503.36607373637,489.024646202076,473.966147291068,458.154723434509,441.552728385122,424.120633583265,405.816934041316,386.59804952227,366.41822077727,345.229400595022,322.98113940366,299.638309772186,276.948112302645,253.123404959627,228.107462249458,201.840722403781,174.26064556582,145.30156488596,114.894530172108,82.9671437225631,,,,,,,,,,,,,,,,,,,,,,23.7419355315692,24.3976184295188,25.7274915538787,26.6905783343395,26.3675671840891,24.1980650378929,20.7733660245009,17.3579569063139,14.9250045551277,13.8171679004599,14.0016915328921,15.3276908159435,17.5942233505255,20.5254210317621,23.762581695983,26.9181012944811,29.6698638237069,31.8374470716296,33.3971288165078,34.4407597870728,35.1148597425295,35.5715472533503,35.9416221735287,36.3248669797595,36.7888594402042,37.3706368682476,38.080318668191,38.9071164896122,39.8244259967082,40.7931744272471,41.7667125831446,42.6927816848146,43.533437445319,44.2655522649907,44.8645130162569,45.3064594456649,45.5671230654825,45.625095543724,45.4642202969451,45.0779213611623,,,,,,,,,,,,,,,,,,,,,
265961.69022779,3843136.71579776,682.690794792121,L5_2,1978,682.690794792121,677.277193512567,671.592912169036,665.624416758327,659.357496577084,652.777230386778,645.867950886957,638.613207412145,630.995726763593,622.997372082613,614.599099667583,605.780913631803,596.521818294233,586.799768189785,576.591615580114,565.87305533996,554.618567087798,542.801354423028,530.39328112502,517.364804162111,503.684903351057,489.32100749945,474.238916855263,458.402721678866,441.774716743649,424.315311561672,405.982936120596,386.733941907466,366.522497983679,345.300481863703,323.017364937729,299.638309772186,276.948112302645,253.123404959627,228.107462249458,201.840722403781,174.26064556582,145.30156488596,114.894530172108,82.9671437225631,,,,,,,,,,,,,,,,,,,,,,21.7216799676552,23.4779684048634,27.6031189091052,31.1955254378716,31.7977769327002,28.9399825132439,23.9729842909392,19.0002575718264,15.4042091786978,13.5305014685014,13.2112494004492,14.1891807603605,16.2200245609021,19.0253489715162,22.2526962117162,25.5066801029668,28.4376278315327,30.8271896658494,32.6170329330176,33.8756239722072,34.7375470332369,35.3507942397553,35.8461772524002,36.3253615529815,36.8586030551805,37.4859455554993,38.2206365020139,39.0550808926097,39.9658961146637,40.9171885866782,41.8653863311224,42.7610913058483,43.569506364598,44.2702413575402,44.8403639915908,45.2572268161626,45.4972933226962,45.5394892096412,45.3676541199435,44.974963591434,,,,,,,,,,,,,,,,,,,,,
265967.057013,3843140.39247742,683.289629303205,L5_2,1984.5,683.289629303205,677.867559951159,672.174387131509,666.196555670877,659.919832637214,653.329273451868,646.409186307254,639.143094805409,631.513698728473,623.502832847689,615.091423672866,606.259444039302,596.98586542406,587.248607878056,577.024487454752,566.289161010282,555.017068243589,543.181370838561,530.753888563282,517.705032174239,504.003732965743,489.617368796823,474.511686419457,458.650719923223,441.996705102177,424.509989540079,406.148938199875,386.869834292662,366.626775190088,345.371563132385,323.053590471797,299.638309772186,276.948112302645,253.123404959627,228.107462249458,201.840722403781,174.26064556582,145.30156488596,114.894530172108,,,,,,,,,,,,,,,,,,,,,,,24.6009316778443,26.8434809868523,32.8378238515144,38.8023017896315,39.9971232916158,35.6731258356582,28.2850686693235,21.148467843212,16.1060485984408,13.3836336327527,12.562759627888,13.2168297178894,15.0308331801625,17.7138224464759,20.9187851921975,24.2470896160854,27.3280353980605,29.9109000942174,31.9059492980402,33.3593791636714,34.3937248458345,35.1522115336426,35.7648733422484,36.3344857697897,36.9332999010607,37.6038067507176,38.3619584941203,39.2030521996018,40.1067236000179,41.0401297242541,41.9626979234747,42.8278505444305,43.6039374495696,44.2733005565544,44.8146548613066,45.206533789016,45.4261083982455,45.4526255490859,45.2699179125676,,,,,,,,,,,,,,,,,,,,,,
265972.010968578,3843143.78633557,683.899161288542,L5_2,1990.5,683.899161288542,678.468472591847,672.766249460316,666.778915172209,660.492214169696,653.891178117058,646.960090261788,639.682448013754,632.040923653319,624.017323074862,615.592542467482,606.746522829733,597.458202210097,587.705465559478,577.465092076329,566.712699919023,555.422688153851,543.56817580042,531.120937829318,518.051337959661,504.328258096521,489.919024240224,474.789328691113,458.903148364545,442.22265902165,424.708145211609,406.317905711066,387.008154235497,366.732915186149,345.443914184333,323.090463132427,299.638309772186,276.948112302645,253.123404959627,228.107462249458,201.840722403781,174.26064556582,145.30156488596,114.894530172108,,,,,,,,,,,,,,,,,,,,,,,23.3987787220256,26.5521672685606,35.6205098789966,45.668147478154,48.6967214590947,43.1465162324518,33.0264342420552,23.4383489104053,16.84897298118,13.2917888354828,12.0185740768444,12.3966277125553,14.0270823255146,16.6020973473021,19.7801871554921,23.1633508569197,26.3661578922631,29.1118252225275,31.2837035725935,32.9079708845152,34.0956912119775,34.9849767143315,35.7043507431796,36.3568787804919,37.016049799927,37.7261666445916,38.5053912595181,39.3515490011052,40.2470372872972,41.1618863586409,42.0584073139001,42.8927653449074,43.6364328226523,44.274463010223,44.7871619845484,45.1542015941856,45.353434789105,45.3644127727971,45.1709522130569,,,,,,,,,,,,,,,,,,,,,,
265977.377753788,3843147.46301524,684.519404800421,L5_2,1997,684.519404800421,679.079945288208,673.368512800385,667.37150868817,661.074654370344,654.462957336627,647.520675451225,640.231279471552,632.577413692895,624.540854625306,616.102467604337,607.24216123232,597.938839541702,588.170351766553,577.913439602647,567.143681830545,555.835436169839,543.961778226096,531.494437385167,518.403729502192,504.658486225067,490.225980784086,475.071850071057,459.160012822376,442.45258371126,424.909783144589,406.489842549585,387.14890492483,366.840920418837,345.517536687545,323.127983769688,299.638309772186,276.948112302645,253.123404959627,228.107462249458,201.840722403781,174.26064556582,145.30156488596,114.894530172108,,,,,,,,,,,,,,,,,,,,,,,18.0806126991601,21.7824039567047,33.7175167711396,49.3065120253183,56.0684507669122,50.2060529404953,37.5422045150835,25.553060179512,17.5050193555942,13.211543523999,11.5667892876954,11.7274304480065,13.2121086966033,15.6964707282307,18.8452674532787,22.2645315680371,25.5602664488701,28.4364529684871,30.7547675245698,32.5241583717409,33.8449795766028,34.8498293696179,35.6648553015003,36.392478684489,37.1065938142838,37.8526424623185,38.6504817527284,39.5000887959565,40.3863582622918,41.2820076229013,42.1521085809993,42.9554828347603,43.6666952644,44.2734850772533,44.7576887165834,45.1000751098823,45.2791537438388,45.2747627721085,45.0706958463164,,,,,,,,,,,,,,,,,,,,,,
265982.331701613,3843150.85687857,685.1396483123,L5_2,2003,685.1396483123,679.69141798457,673.970776140453,667.964102204131,661.657094570992,655.034736556197,648.081260640662,640.78011092935,633.113903732472,625.064386175751,616.612392741193,607.737799634908,598.419476873308,588.635237973628,578.361787128965,567.574663742068,556.248184185826,544.355380651772,531.867936941016,518.756121044722,504.988714353613,490.532937327948,475.354371451001,459.416877280206,442.682508400871,425.111421077569,406.661779388103,387.289655614163,366.948925651526,345.591159190757,323.16550440695,299.638309772186,276.948112302645,253.123404959627,228.107462249458,201.840722403781,174.26064556582,145.30156488596,114.894530172108,,,,,,,,,,,,,,,,,,,,,,,17.2683748101361,21.3160438557344,35.0159109735667,53.990251795481,62.6682638930949,55.8552352310514,40.9051535352375,27.0082879728899,17.8783848328887,13.070518808521,11.1782212826883,11.1946620192683,12.5783222836926,14.9952901353546,18.1181399214929,21.5593959163705,24.921796291409,27.8968519081519,30.330383153253,32.2176177961923,33.6494929958498,34.7529754208495,35.6510878608951,36.4447088402145,37.207309388937,37.9847839516713,38.7981479981745,39.6491294350696,40.5248288696229,41.4004377121715,42.243633983573,43.0157837207227,43.6944960536459,44.2701550156114,44.7260556118252,45.0440119138917,45.2031578523524,45.1836013430335,44.9691029851916,,,,,,,,,,,,,,,,,,,,,,
265987.698470023,3843154.53356945,685.759891824179,L5_2,2009.5,685.759891824179,680.302890680931,674.573039480522,668.556695720092,662.23953477164,655.606515775766,648.641845830099,641.328942387147,633.650393772049,625.587917726195,617.122317878049,608.233438037495,598.900114204914,589.100124180703,578.810134655282,568.00564565359,556.660932201814,544.748983077449,532.241436496865,519.108512587252,505.318942482159,490.83989387181,475.636892830945,459.673741738036,442.912433090482,425.31305901055,406.833716226621,387.430406303496,367.056930884215,345.664781693969,323.203025044212,299.638309772186,276.948112302645,253.123404959627,228.107462249458,201.840722403781,174.26064556582,145.30156488596,114.894530172108,,,,,,,,,,,,,,,,,,,,,,,19.4388253350955,24.8468135266392,41.458792458611,61.1598062132962,68.0887314459583,59.0294311605047,42.38143774725,27.4857467932655,17.8657598411268,12.8408962600968,10.844270865959,10.7925680174496,12.120107184055,14.493796298056,17.5956170322536,21.0462232961447,24.4498396046844,27.4922716141282,30.0096277656506,31.9872369397314,33.5080508981854,34.6932815929048,35.6620199169343,36.5126516902121,37.3173719436666,38.1218397616499,38.9477008612416,39.798042485424,40.6618847867221,41.5166810550411,42.332559469645,43.0733134392561,43.7195429405396,44.2642356011959,44.6920743916345,44.9858642626708,45.1253343072206,45.0908456082075,44.8661135261792,,,,,,,,,,,,,,,,,,,,,,
265992.652410094,3843157.92743796,686.424152839895,L5_2,2015.5,686.424152839895,680.957758433014,675.218044305789,669.191344472203,662.863309646938,656.21887308041,649.242214685555,641.916723370957,634.22495749063,626.148603316286,617.668431433225,608.76425095601,599.414861454936,589.598002478807,579.290300553872,568.46721353269,557.102972160449,545.170518719596,532.641442606701,519.485912688161,505.672606273693,491.168634538502,475.939464216552,459.948835378505,443.158675098554,425.529006804607,407.017855095962,387.581145801884,367.172601043103,345.743629046383,323.243208449827,299.638309772186,276.948112302645,253.123404959627,228.107462249458,201.840722403781,174.26064556582,145.30156488596,114.894530172108,,,,,,,,,,,,,,,,,,,,,,,20.7527095240117,26.4802787466982,43.0928382361487,61.0379615852005,66.321707349458,57.0896759176616,41.0682013119826,26.7354975636673,17.4133378206376,12.5145601069503,10.5616824036459,10.5146592925742,11.8281397973641,14.1819918746257,17.2690621232041,20.7189959480375,24.1413220352524,27.2221832569654,29.7937790891281,31.835338505295,33.4233982945989,34.6734699889444,35.7000695540594,36.5982757493814,37.4382567284049,38.2648171090839,39.0997484948742,39.9471255357868,40.7975992438182,41.6306669458426,42.4187346796022,43.1278902832252,43.7416554160117,44.2555603658413,44.6556005351351,44.9255195243607,45.0456021652834,44.9964387698648,44.7616960320455,,,,,,,,,,,,,,,,,,,,,,
265998.019178503,3843161.60412884,687.132321208171,L5_2,2022,687.132321208171,681.655912647181,675.905683658142,669.867943219651,663.528315759235,656.871706925798,649.88226765069,642.543356411826,634.837499611019,626.746349970171,618.250642847281,609.330150368247,599.963633265261,590.128790307125,579.802205201083,568.959290839739,557.574230760328,545.619917676945,533.067888939394,519.888258764966,506.049647081815,491.519104814508,476.262035433835,460.242112584128,443.421193591936,425.759228650134,407.214165461243,387.741849112906,367.295916947153,345.827688173113,323.28604796037,299.638309772186,276.948112302645,253.123404959627,228.107462249458,201.840722403781,174.26064556582,145.30156488596,114.894530172108,,,,,,,,,,,,,,,,,,,,,,,20.2761437176166,24.1421781112781,35.7857660713935,49.8782043139321,55.6050226886858,49.6427902103204,37.0097860874916,24.8401355870593,16.5685177316773,12.1109746056654,10.3338269080358,10.3550980052274,11.6911373910935,14.0455974601162,17.1231488495832,20.5629483402286,23.9831765576149,27.075788416262,29.6743801717303,31.7555612262249,33.3908820609742,34.6901896446798,35.7628284599954,36.6998267787541,37.5686476795881,38.4126918106973,39.2534663109833,40.0956943834157,40.9313951507386,41.7419080615089,42.501751247417,43.1791763473076,43.7605569683622,44.2439054970018,44.6164554417003,44.8628379316214,44.9638540166952,44.9002996383205,44.6557917795041,,,,,,,,,,,,,,,,,,,,,,
266002.97366049,3843164.99798856,687.840489576448,L5_2,2028,687.840489576448,682.354066861349,676.593323010495,670.544541967098,664.193321871532,657.524540771187,650.522320615825,643.169989452694,635.450041731408,627.344096624057,618.832854261338,609.896049780483,600.512405075586,590.659578135444,580.314109848295,569.451368146788,558.045489360206,546.069316634295,533.494335272088,520.290604841771,506.426687889938,491.869575090513,476.584606651117,460.535389789752,443.683712085318,425.989450495662,407.410475826524,387.902552423929,367.419232851203,345.911747299842,323.328887470913,299.638309772186,276.948112302645,253.123404959627,228.107462249458,201.840722403781,174.26064556582,145.30156488596,114.894530172108,,,,,,,,,,,,,,,,,,,,,,,20.6952075965424,22.6087739383798,29.0225960548158,38.135797703694,43.4013464558695,40.685890602869,31.9589060154667,22.4764551510307,15.5784883254188,11.7194522526367,10.190572242228,10.3179745771862,11.6994230752269,14.0667549648865,17.1360402217606,20.5561302524295,23.9563809240005,27.0386188753894,29.641716660744,31.7422015897698,33.4077049317332,34.7424912398849,35.8503649370362,36.8178217575656,37.7091644249938,38.5660004769588,39.4092325156524,40.243960976732,41.0633453422843,41.8503770465918,42.5815184363175,43.2270446358085,43.7761098357538,44.2291453987271,44.5745360820027,44.7977388204595,44.8800301306363,44.8023931696998,44.5483852657046,,,,,,,,,,,,,,,,,,,,,,
266008.341603052,3843168.67466041,688.548657944725,L5_2,2034.5,688.548657944725,683.052221075517,677.280962362848,671.221140714546,664.858327983829,658.177374616575,651.16237358096,643.796622493563,636.062583851797,627.941843277942,619.415065675395,610.46194919272,601.061176885911,591.190365963762,580.826014495506,569.943445453837,558.516747960084,546.518715591644,533.920781604781,520.692950918576,506.80372869806,492.220045366518,476.9071778684,460.828666995375,443.9462305787,426.21967234119,407.606786191805,388.063255734951,367.542548755254,345.995806426572,323.371726981456,299.638309772186,276.948112302645,253.123404959627,228.107462249458,201.840722403781,174.26064556582,145.30156488596,114.894530172108,,,,,,,,,,,,,,,,,,,,,,,26.3657544851933,25.3906049841451,26.3159021859893,30.8695424371274,34.4948885947422,33.2821192132272,27.3912237230897,20.233813059326,14.6531457994451,11.4072462392836,10.1458957829418,10.3945030949168,11.8320971318104,14.2174613598982,17.2765948235102,20.6680126181256,24.0339979954104,27.0889432599998,29.6794858639744,31.7836782316496,33.465933807286,34.8250437941275,35.9591039656596,36.9498265301125,37.8581026192715,38.7235036041619,39.5661045581057,40.391182586534,41.1928504450081,41.9555838054105,42.657636404423,43.2711715763506,43.7880536916034,44.2110726723563,44.5296769852079,44.7300899235356,44.7940273901919,44.7026428033554,44.4394220027969,,,,,,,,,,,,,,,,,,,,,,
266013.296626956,3843172.06851135,689.341298268372,L5_2,2040.5,689.341298268372,683.833652733669,678.05062492223,671.97844572022,665.602657558109,658.908079987892,651.878773539165,644.498001768001,636.748191408279,628.610890530572,620.066724608978,611.095350391305,601.675407462749,591.784467387764,581.39898030903,570.49421887636,559.044219372056,547.021719892537,534.398095439042,521.143289762872,507.225743802894,492.612320544916,477.26822612404,461.15692698212,444.240062883104,426.477355579138,407.826512909973,388.243128107349,367.680574064595,346.089892319703,323.419676487566,299.638309772186,276.948112302645,253.123404959627,228.107462249458,201.840722403781,174.26064556582,145.30156488596,114.894530172108,,,,,,,,,,,,,,,,,,,,,,,29.9701650402432,28.1737526165978,27.0138116002926,28.9029405085816,30.6326177764836,29.2512391088434,24.5400747045457,18.742818314123,14.0646906488994,11.2793486042199,10.2314436073339,10.5810657499601,12.0656457546449,14.4624546239939,17.5043664707597,20.8589318480879,24.1817077644987,27.2001464871921,29.7689817966379,31.8679877849834,33.5585259864202,34.9341009507114,36.0872900324607,37.0951688282924,38.0152963851365,38.8852150692346,39.7241115391145,40.5373381037182,41.319832172834,42.0574044210793,42.7299610720957,43.3114176292774,43.7962616973309,44.1895786728989,44.4817925629099,44.6598296240723,44.705809892085,44.6010311128763,44.3288969560243,,,,,,,,,,,,,,,,,,,,,,
266018.664569517,3843175.7451832,690.218276022413,L5_2,2047,690.218276022413,684.698229213136,678.902180063395,672.816328456167,666.426184268578,659.716532871609,652.671398904792,645.274008239634,637.506748041219,629.351124832882,620.787720464129,611.796145876938,602.354992560387,592.441781578009,582.032910046512,571.10359493844,559.627814074964,547.578244168315,534.926195766333,521.641544944252,507.692661581067,493.046334049723,477.667690141812,461.520114038505,444.565159130033,426.762456476137,408.069618689546,388.442139013626,367.83328535391,346.193989011207,323.47272785137,299.638309772186,276.948112302645,253.123404959627,228.107462249458,201.840722403781,174.26064556582,145.30156488596,114.894530172108,,,,,,,,,,,,,,,,,,,,,,,29.6835261141811,29.9368335396841,30.4273796017669,30.9689567442201,30.7007179945256,28.1626239692371,23.4253167542019,18.1175591074645,13.8850629778242,11.3584115122948,10.4379937563637,10.8488665320464,12.3588321024599,14.7535873415116,17.7697348922296,21.0827899066962,24.3604920626537,27.341814794726,29.8880860184877,31.9798961130696,33.6753858426185,35.0631194589354,36.2307068554175,37.2511064528555,38.1789165915621,39.0498657764594,39.882331908551,40.6817263154669,41.443736819327,42.1553938578137,42.7981297372204,43.3474864793093,43.8004930306345,44.1644668751508,44.430725955004,44.5868364465701,44.6152836236324,44.4974873382999,44.2167599982222,,,,,,,,,,,,,,,,,,,,,,
266023.619585666,3843179.13903932,691.095253776453,L5_2,2053,691.095253776453,685.562805692603,679.75373520456,673.654211192115,667.249710979047,660.524985755326,653.46402427042,646.050014711268,638.265304674158,630.091359135193,621.508716319279,612.49694136257,603.034577658025,593.099095768253,582.666839783993,571.71297100052,560.211408777872,548.134768444093,535.454296093624,522.139800125632,508.159579359241,493.48034755453,478.067154159583,461.883301094889,444.890255376961,427.047557373136,408.312724469119,388.641149919902,367.985996643224,346.298085702712,323.525779215175,299.638309772186,276.948112302645,253.123404959627,228.107462249458,201.840722403781,174.26064556582,145.30156488596,114.894530172108,,,,,,,,,,,,,,,,,,,,,,,33.4460695534148,34.1715254462426,35.1373088073366,34.9042357281178,33.0001143155471,29.1027757686641,23.7416671641957,18.3206784601876,14.1345774798334,11.6523050575687,10.7506407887966,11.1639858585319,12.6641216186537,15.035544075051,18.0158838332137,21.2871130137221,24.5263731948831,27.4802417165962,30.0129920751541,32.1037991981386,33.8069754675856,35.2066633201093,36.3864838485646,37.4162556178316,38.3483749342906,39.2172453373335,40.0407007263583,40.8243123810242,41.5645087928176,42.2494674555119,42.8620372021289,43.379262701162,43.8006402654312,44.1356517874978,44.3764147473966,44.5110720444998,44.5224302359013,44.3920091076923,44.1030250086938,,,,,,,,,,,,,,,,,,,,,,
266028.987511426,3843182.81572239,691.972231530494,L5_2,2059.5,691.972231530494,686.42738217207,680.605290345724,674.492093928062,668.073237689516,661.333438639043,654.256649636047,646.826021182901,639.023861307097,630.831593437503,622.229712174429,613.197736848202,603.714162755664,593.756409958498,583.300769521474,572.322347062599,560.795003480781,548.691292719871,535.982396420916,522.638055307013,508.626497137415,493.914361059337,478.466618177355,462.246488151274,445.215351623889,427.332658270135,408.555830248693,388.840160826179,368.138707932539,346.402182394217,323.578830578979,299.638309772186,276.948112302645,253.123404959627,228.107462249458,201.840722403781,174.26064556582,145.30156488596,114.894530172108,,,,,,,,,,,,,,,,,,,,,,,36.891677351634,37.5957968698822,38.8832087143558,38.7363934133259,35.9994046066435,31.0721005584648,24.9698490630658,19.1337498391481,14.7242105008571,12.1095152698072,11.1217716374813,11.4741785871872,12.9248456487668,15.2505489360906,18.1881053868127,21.4238778273586,24.6401883680519,27.5856086857116,30.122334785451,32.225139373258,33.9437412551834,35.3586030973182,36.5507161044048,37.5881048407711,38.5220108696305,39.3862091623608,40.1983915680905,40.9644729164912,41.6816607018843,42.3392324800409,42.921360140871,43.406477291547,43.7964814480778,44.1029530901866,44.3187150269709,44.4324228876181,44.4271624686503,44.2845310253987,43.987642752862,,,,,,,,,,,,,,,,,,,,,,
266033.942519819,3843186.20958369,692.916406368212,L5_2,2065.5,692.916406368212,687.358205506453,681.522094601605,675.394178151516,668.959865878922,662.203837992698,655.110008712163,647.661487967601,639.840541185812,631.628547064932,623.005953238009,613.95222971974,604.445820025557,594.464089846665,583.983273158828,572.9784156366,561.42331523826,549.290459820003,536.550961630833,523.174488532205,509.129191778646,494.381630187408,478.896690516609,462.637503862269,445.565357875213,427.639604588804,408.817563638074,389.054420639808,368.303120491628,346.51425533604,323.635946922672,299.638309772186,276.948112302645,253.123404959627,228.107462249458,201.840722403781,174.26064556582,145.30156488596,114.894530172108,,,,,,,,,,,,,,,,,,,,,,,36.7054919931342,37.8519191893999,40.0516641288475,40.5934403739618,38.0839141682983,33.0204527369211,26.5702426922173,20.3275673495863,15.56031548652,12.6785433103125,11.506754040728,11.7321686725809,13.0906112673416,15.347621616014,18.238152265091,21.4505319988117,24.667007174445,27.6312273559746,30.1971025866589,32.3312485852849,34.0777566160552,35.5142618012919,36.7207860536959,37.7652464789525,38.6990705225904,39.556324906024,40.3551114216656,41.1019642308792,41.7949655102555,42.4244760344058,42.9759077296465,43.4289758320349,43.7879023646832,44.0662918252448,44.2575795801748,44.3508665064784,44.3294785379686,44.1750692356144,43.8706395391021,,,,,,,,,,,,,,,,,,,,,,
266039.310445579,3843189.88626677,693.927731232554,L5_2,2072,693.927731232554,688.355229304128,682.504102279281,676.360418903191,669.909551358297,663.136140436158,656.024058967912,648.556373426254,640.715303607513,632.482180297835,623.837400822673,614.760382373753,605.229513002387,595.222100162453,584.714316680522,573.681144024494,562.096312735665,549.932239882395,537.159963386461,523.74907306573,509.667638228963,494.882131650357,479.357349742822,463.056328739909,445.940256686851,427.96838103114,409.097911592643,389.283918682221,368.479226126279,346.634298942539,323.697125399612,299.638309772186,276.948112302645,253.123404959627,228.107462249458,201.840722403781,174.26064556582,145.30156488596,114.894530172108,,,,,,,,,,,,,,,,,,,,,,,33.6567926084636,35.4218196895438,38.5814311233594,39.9957509803792,38.6766388602485,34.5207261341797,28.3171503065376,21.8090418776686,16.6040143172035,13.3335085949709,11.8800189638308,11.9110255382703,13.1339731246119,15.2999142388448,18.1408295819726,21.3444999250795,24.5876516201072,27.6017438787613,30.2257249509027,32.4138741731559,34.203382108299,35.6698838147088,36.8942009888953,37.9459897408167,38.8783597801822,39.7267060121772,40.5101684664468,41.2362275965512,41.9039617576273,42.5048131143819,43.0253604187648,43.446495163228,43.7746885741138,44.0254952452501,44.1928714625605,44.2662964764693,44.2292978344871,44.0635634716463,43.7519725013057,,,,,,,,,,,,,,,,,,,,,,
266044.265444528,3843193.28006669,694.939056096896,L5_2,2078,694.939056096896,689.352253101804,683.486109956956,677.326659654866,670.859236837672,664.068442879618,656.938109223662,649.451258884907,641.590066029215,633.335813530738,624.668848407338,615.568535027767,606.013205979218,595.980110478241,585.445360202215,574.383872412389,562.769310233071,550.574019944787,537.768965142088,524.323657599255,510.20608467928,495.382633113307,479.818008969035,463.475153617549,446.315155498489,428.297157473476,409.378259547212,389.513416724635,368.655331760929,346.754342549038,323.758303876552,299.638309772186,276.948112302645,253.123404959627,228.107462249458,201.840722403781,174.26064556582,145.30156488596,114.894530172108,,,,,,,,,,,,,,,,,,,,,,,31.6469758378875,33.0606451871903,35.7385398333537,37.844963700301,38.4263383932041,36.0055815625869,30.4930683729649,23.7410016240155,17.9304224496069,14.0999891023422,12.2458452750592,12.0081715978177,13.0506490314276,15.1022490346277,17.8896941248933,21.0980397989023,24.3937329376505,27.4891250066451,30.2013699098577,32.467785346299,34.3169520426782,35.8230707193135,37.0694627151186,38.1294130381861,39.0592952378383,39.8969504640875,40.6632503391608,41.3669965217931,42.0084116769587,42.5800281793094,43.0695288857986,43.4588832830763,43.7567325510224,43.9804983665752,44.124561206933,44.1787144301187,44.1266429881583,43.9500471975985,43.6316822042903,,,,,,,,,,,,,,,,,,,,,,
266049.633349823,3843196.95661678,695.950380961239,L5_2,2084.5,695.950380961239,690.349276899479,684.468117634632,678.292900406542,671.808922317048,665.000745323079,657.852159479411,650.34614434356,642.464828450917,634.189446763641,625.500295992002,616.376687681781,606.796898956048,596.738120794029,586.176403723909,575.086600800283,563.442307730476,551.215800007178,538.377966897716,524.89824213278,510.744531129598,495.883134576256,480.278668195248,463.893978495189,446.690054310127,428.625933915812,409.658607501781,389.742914767049,368.83143739558,346.874386155537,323.819482353493,299.638309772186,276.948112302645,253.123404959627,228.107462249458,201.840722403781,174.26064556582,145.30156488596,114.894530172108,,,,,,,,,,,,,,,,,,,,,,,36.6097061783286,34.4848035404087,33.1600457861682,35.7684409327682,38.8816738431581,38.713234042195,33.9240835327073,26.5757528350313,19.7488340980195,15.0683142782195,12.6492069729115,12.0556486910866,12.8701055332968,14.7823683351459,17.5086895114338,20.729503479533,24.0976532293902,27.3007507418514,30.1278851539702,32.4946880317254,34.4190169859338,35.9737992755341,37.2462771262876,38.3151008955004,39.2414138158465,40.0665884138154,40.8139083052001,41.4938590131834,42.1079479547679,42.6498008897413,43.1081379648332,43.4659062450342,43.7338392138952,43.931143504085,44.0525243382799,44.088024214125,44.0214397041332,43.8344647394679,43.509727943723,,,,,,,,,,,,,,,,,,,,,,
266054.588339327,3843200.35035532,696.972151887626,L5_2,2090.5,696.972151887626,691.356599042245,685.460268554594,679.269121542561,672.768417179926,665.94267759916,658.775651039355,651.25027315156,643.348626369375,635.051897248081,626.340331670723,617.193187814496,607.588686765458,597.503960663968,586.914998257404,575.796587730511,564.122256677274,551.864209071375,538.993259085181,525.478761599677,511.288539239898,496.388805762131,480.744085610474,464.317129451235,447.068825484034,428.958106318473,409.941851194634,389.974783314603,369.009362040571,346.995669702836,323.881292748216,299.638309772186,276.948112302645,253.123404959627,228.107462249458,201.840722403781,174.26064556582,145.30156488596,114.894530172108,,,,,,,,,,,,,,,,,,,,,,,32.574900989987,30.6053321606144,30.656669562334,36.2654604082763,42.8479330979006,44.8849362196657,39.9915427963933,30.9742227892973,22.3124436945274,16.3244189336014,13.1264077112958,12.082770922369,12.6253106267334,14.3759382918267,17.0319441077083,20.2676733484966,23.7210052593252,27.0511976177535,30.0142273752352,32.4996293360985,34.5121714713917,36.1232372402915,37.4250216739206,38.5030089545721,39.4244552863037,40.2352612102672,40.9617546472001,41.6164363105777,42.2022252838535,42.7138393181271,43.14095782441,43.4674047562407,43.7059155886148,43.8773877755614,43.9767568407455,43.994244717939,43.9137244545431,43.716865405547,43.3861639172981,,,,,,,,,,,,,,,,,,,,,,
266059.956244622,3843204.02690541,698.004370696535,L5_2,2097,698.004370696535,692.374221324833,686.462564484546,680.255324802245,673.737723135829,666.894241386091,659.708585548867,652.163646919782,644.241461359242,635.923166520676,627.188956940181,618.018036880662,608.388570818166,598.277631452546,587.661145118644,576.513834468048,564.809158284922,552.519248292639,539.614842800742,526.065217034251,511.838109979435,496.899647571878,481.214262043943,464.744607239612,447.451469695064,429.293675273288,410.227991130424,390.209022780416,369.189106012909,347.118193407025,323.943735170848,299.638309772186,276.948112302645,253.123404959627,228.107462249458,201.840722403781,174.26064556582,145.30156488596,114.894530172108,,,,,,,,,,,,,,,,,,,,,,,22.0675556542114,23.906321975821,30.765161825432,42.6536544312358,53.9314664994955,57.3800851280644,50.3442759610103,37.646742293502,25.862029586457,17.9439599904318,13.7149325784393,12.1274648340999,12.3618212085878,13.9334979647778,16.5095810652451,19.7571812043928,23.2998132809423,26.7671251308266,29.8787098865717,32.4944178561347,34.6036100030187,36.2755159088796,37.6078892791459,38.6941475062982,39.6087367804785,40.4029047026413,41.1065331960575,41.7343941739637,42.2909006806373,42.7718267603759,43.1677121538624,43.4631492769709,43.6727775855625,43.8190852446398,43.8971446221026,43.8972898635134,43.8034336527956,43.5972011214099,43.2609555508037,,,,,,,,,,,,,,,,,,,,,,
266064.910676705,3843207.42066309,699.036589505444,L5_2,2103,699.036589505444,693.391843607422,687.464860414499,681.241528061929,674.707029091731,667.845805173023,660.641520058379,653.077020688004,645.13429634911,636.794435793271,628.03758220964,618.842885946827,609.188454870874,599.051302241123,588.407291979885,577.231081205584,565.496059892569,553.174287513903,540.236426516304,526.651672468824,512.387680718971,497.410489381625,481.684438477412,465.172085027988,447.834113906093,429.629244228103,410.514131066214,390.44326224623,369.368849985247,347.240717111215,324.006177593481,299.638309772186,276.948112302645,253.123404959627,228.107462249458,201.840722403781,174.26064556582,145.30156488596,114.894530172108,,,,,,,,,,,,,,,,,,,,,,,20.2782927942067,24.3023870179464,37.9226047327757,59.1202424094118,76.0286606763094,78.4941529418221,65.7037969753497,46.5869621869397,30.2483258931324,19.8209761751524,14.3682996126768,12.1844026593319,12.0996372054566,13.4896571519739,15.9825487353421,19.2385074254872,22.8692153348164,26.4758913503183,29.7406952924147,32.4916178603453,34.7008200996032,36.4346840411779,37.7967782077274,38.8891664895094,39.7942393513669,40.5691811239602,41.2477938743942,41.8472854702044,42.3735807339591,42.8234444213707,43.1881686097995,43.4529927172576,43.6343512810737,43.7562179113468,43.8137098079828,43.7972088946904,43.6906294919575,43.475538379675,43.1341675723359,,,,,,,,,,,,,,,,,,,,,,
266070.277374257,3843211.09725465,700.068808314353,L5_2,2109.5,700.068808314353,694.409465890011,688.467156344451,682.227731321613,675.676335047633,668.797368959954,661.574454567892,653.990394456226,646.027131338977,637.665705065865,628.886207479098,619.667735012993,609.988338923582,599.824973029701,589.153438841125,577.948327943121,566.182961500217,553.829326735167,540.858010231865,527.238127903398,512.937251458507,497.921331191372,482.154614910881,465.599562816364,448.216758117122,429.964813182918,410.800271002003,390.677501712043,369.548593957585,347.363240815403,324.068620016113,299.638309772186,276.948112302645,253.123404959627,228.107462249458,201.840722403781,174.26064556582,145.30156488596,114.894530172108,,,,,,,,,,,,,,,,,,,,,,,20.254176792488,27.7571076803468,52.7034981856484,87.4498480173267,109.896952227872,107.647328713342,85.045475829027,57.0260407665067,35.0677755534879,21.7858955472452,15.0316151807659,12.250864938019,11.861370837873,13.0806859597541,15.493860338043,18.7556507217833,22.4693710418017,26.210672489707,29.6252666029634,32.5087671382861,34.8152394115792,36.6077273728289,37.9956638913292,39.0901271932961,39.9818754905687,40.7343508201354,41.3854561742026,41.9548758620787,42.4499821703358,42.8684171594783,43.2020847749854,43.4367333214849,43.5904754439216,43.6886596848939,43.7263546078107,43.6939258385892,43.5752535311857,43.35183398897,43.0057698150906,,,,,,,,,,,,,,,,,,,,,,
266075.231248921,3843214.49103147,701.083605031883,L5_2,2115.5,701.083605031883,695.409912445666,689.452535230138,683.197289153834,676.629280773715,669.73287197459,662.491642735508,654.888352034473,646.904896798386,638.522268800494,629.720509402708,620.478662035032,610.774722298973,600.58558557611,589.886992017105,578.653468780149,566.858269381346,554.473310012602,541.469102675422,527.814684971382,513.47754638214,498.423550863436,482.616855568797,466.019825509426,448.592943947086,430.294718306629,411.08158138415,390.907787615547,369.725304158513,347.483696528628,324.130008517248,299.638309772186,276.948112302645,253.123404959627,228.107462249458,201.840722403781,174.26064556582,145.30156488596,114.894530172108,,,,,,,,,,,,,,,,,,,,,,,20.6180897187032,29.9599154625776,62.6865064668313,109.242752609372,138.021718398931,132.764178619484,101.896260051625,66.0909241572092,39.203065107378,23.4365643377956,15.5661537642655,12.2841551054037,11.6430677945282,12.7217907225966,15.0696727549875,18.3400529040229,22.1318753070897,25.9991284622117,29.5538888521105,32.5607776401913,34.9561648247646,36.7997843163939,38.2069416684691,39.297792678652,40.1715450535,40.897935715026,41.5189365945205,42.0566169267144,42.5196577854656,42.9064151145419,43.2092436235178,43.4142583601118,43.5411191201994,43.6164324972486,43.6351331174759,43.5875133932684,43.4573874773515,43.2261718405586,42.8758438383549,,,,,,,,,,,,,,,,,,,,,,
266080.597946473,3843218.16762303,702.080968942677,L5_2,2122,702.080968942677,696.393172710558,690.420986666832,684.15019132092,677.565856207713,670.652304338845,663.393074876534,655.770883941108,647.76758345891,639.364117952602,630.540479170979,621.275658450274,611.547596693535,601.333131848958,590.607943762153,579.346496271007,567.521976405304,555.106230546316,542.069697394378,528.381337584844,514.008559784832,498.917143094821,483.071155570308,466.432868669571,448.962667423796,430.618956115732,411.358059242265,391.134117525125,369.898978722128,347.602082978981,324.190342448677,299.638309772186,276.948112302645,253.123404959627,228.107462249458,201.840722403781,174.26064556582,145.30156488596,114.894530172108,,,,,,,,,,,,,,,,,,,,,,,20.2366018236573,27.6954173119957,56.2600100171367,105.324851542192,142.341052621969,142.086070922438,110.407584792667,71.4002429820572,41.8156124066237,24.5064627831344,15.8959328588646,12.2699460746063,11.4524907991472,12.4316372903671,14.7360769202463,18.0225550886059,21.8887916607391,25.870836839925,29.5509915428221,32.6659196209229,35.1361068847189,37.0187596808988,38.4352192526635,39.5146051879822,40.3643637928258,41.0602952154529,41.6482019546623,42.1522985148019,42.5823403522006,42.9371760863293,43.2094177004418,43.3853824082146,43.4861361965797,43.5394247149557,43.5399608019551,43.4779065037469,43.3369820284682,43.0985149765898,42.7443620631778,,,,,,,,,,,,,,,,,,,,,,
266085.551813134,3843221.56147288,703.078332853472,L5_2,2128,703.078332853472,697.376432975449,691.389438103526,685.103093488007,678.502431641711,671.571736703101,664.29450701756,656.653415847743,648.630270119434,640.20596710471,631.36044893925,622.072654865516,612.320471088096,602.080678121805,591.3288955072,580.039523761864,568.185683429262,555.739151080029,542.670292113335,528.947990198306,514.539573187525,499.410735326206,483.52545557182,466.845911829715,449.332390900505,430.943193924835,411.634537100381,391.360447434704,370.072653285743,347.720469429335,324.250676380106,299.638309772186,276.948112302645,253.123404959627,228.107462249458,201.840722403781,174.26064556582,145.30156488596,114.894530172108,,,,,,,,,,,,,,,,,,,,,,,21.4771574213607,27.2484348348049,49.9055008480877,92.2228596155063,129.595452227677,135.186891273268,108.559765542237,71.6321159722686,42.321693624674,24.7802154444503,15.9479028855328,12.1850988385313,11.2851712546606,12.2154646645031,14.5057162877101,17.8215486857932,21.7614226710137,25.846492115539,29.63379656423,32.8366052906155,35.3628009133184,37.2686935042444,38.6820421284316,39.7406536196824,40.5597104253495,41.2205656359895,41.7724072393832,42.2412148044732,42.6375019001799,42.9603481692606,43.2024048355222,43.3500228805953,43.4255314548445,43.4576970094675,43.4409284982857,43.3652090639791,43.2141434572172,42.9689638514167,42.6114178059886,,,,,,,,,,,,,,,,,,,,,,
266090.918493349,3843225.23822267,704.075696764266,L5_2,2134.5,704.075696764266,698.359693240341,692.35788954022,686.055995655093,679.439007075709,672.491169067357,665.195939158586,657.535947754378,649.492956779958,641.047816256818,632.180418707521,622.869651280758,613.093345482658,602.828224394653,592.049847252247,580.732551252722,568.849390453219,556.372071613742,543.270886832291,529.514642811767,515.070586590218,499.90432755759,483.979755573332,467.25895498986,449.702114377215,431.267431733938,411.911014958496,391.586777344283,370.246327849359,347.838855879688,324.311010311535,299.638309772186,276.948112302645,253.123404959627,228.107462249458,201.840722403781,174.26064556582,145.30156488596,114.894530172108,,,,,,,,,,,,,,,,,,,,,,,31.6877818668345,35.5979401501337,51.9692541815137,83.3995355218896,113.230925036036,120.064093144787,99.5016570675361,67.6917844908232,40.9309611700171,24.3054213019084,15.738436091004,12.0400505683357,11.1508171967275,12.0848132404771,14.3938558312137,17.7564729093044,21.7718986453163,25.9481514609714,29.8216084874368,33.087847237176,35.6467546671443,37.5562624498099,38.9512563500016,39.9779020744887,40.7584053757094,41.3789326930159,41.8914238905668,42.3231110242038,42.6848636762472,42.9756762165607,43.1879918455482,43.3080144959834,43.3591817832607,43.3711568310297,43.3379662039757,43.2493679094859,43.0888317845782,42.8374881999459,42.4769876109967,,,,,,,,,,,,,,,,,,,,,,
266095.872352008,3843228.63214556,705.050154338499,L5_2,2140.5,705.050154338499,699.320371085405,693.304098669655,686.987012633119,680.354072294756,673.389484939474,666.076668216428,658.39821065723,650.335830220073,641.870330761057,632.98155632909,623.648343175526,613.848469364283,603.558601862477,592.754240985582,581.409662064842,569.497854198065,556.990455937948,543.857687764827,530.068281183049,515.589404272182,500.386583515771,484.423621721541,467.662511837598,450.063346459459,431.584222812413,412.181142983014,391.807909162145,370.416013650233,347.954523362726,324.369958560842,299.638309772186,276.948112302645,253.123404959627,228.107462249458,201.840722403781,174.26064556582,145.30156488596,114.894530172108,,,,,,,,,,,,,,,,,,,,,,,32.886897036784,35.9368918712238,48.5808169650063,72.4094659087972,95.78333879913,102.602684839067,87.431049193174,61.4349498032623,38.2594417460792,23.2582102468429,15.3166187020071,11.8498361018302,11.0556928441753,12.0449405621101,14.4078198925258,17.8375648404564,21.9323662654048,26.1877571845483,30.1241509611374,33.4261192044273,35.9912562480122,37.8823111457009,39.2421848205114,40.2249417952233,40.9588536389085,41.5339296690945,42.0040560816016,42.3971006723074,42.723826151555,42.982800758642,43.1660067426047,43.2593192536378,43.2871375503046,43.2799032598202,43.2311974112625,43.1305132734395,42.9611707207013,42.7042027839644,42.3411744335377,,,,,,,,,,,,,,,,,,,,,,
266101.239032222,3843232.30889536,706.001780949311,L5_2,2147,706.001780949311,700.258540817934,694.228138679989,687.896216435147,681.247698078062,674.266753803123,666.936762314437,659.240271251317,651.158955635041,642.673574237951,633.763923771007,624.408790780715,614.585901140909,604.271867019112,593.442131191226,582.070908571945,570.131124821701,557.594351883944,544.430740299299,530.608948135422,516.096066363351,500.857540502677,484.857088348969,468.056613587575,450.416115088112,431.893591663675,412.444942068017,392.023859992576,370.581723813363,348.067480825189,324.427525687607,299.638309772186,276.948112302645,253.123404959627,228.107462249458,201.840722403781,174.26064556582,145.30156488596,114.894530172108,,,,,,,,,,,,,,,,,,,,,,,22.5195279676678,26.0883229487519,38.1821709362705,58.3922687769308,78.13193746783,85.3050952684901,74.7484723816214,54.2372943847073,34.8821611010343,21.8411158215779,14.7506912100561,11.6395536546568,11.0119936738246,12.1054245847878,14.5584674836337,18.0780446650171,22.2576059774669,26.5798216283027,30.5538877480898,33.8608578868201,36.4026498060931,38.2506175480711,39.5567669606065,40.4825394516222,41.1611570994794,41.6853331363952,42.1099589767395,42.4628295023456,42.7540761578842,42.9814663751179,43.1362544984261,43.2037940529954,43.2092946313771,43.1838607714934,43.1205648066609,43.0086008715167,42.8311272815167,42.5690850439686,42.2039631954826,,,,,,,,,,,,,,,,,,,,,,
266106.193434731,3843235.70280817,706.953407560123,L5_2,2153,706.953407560123,701.196710550464,695.152178690323,688.805420237174,682.141323861368,675.144022666772,667.796856412446,660.082331845404,651.98208105001,643.476817714845,634.546291212923,625.169238385905,615.323332917535,604.985132175747,594.13002139687,582.732155079049,570.764395445337,558.198247829939,545.003792833771,531.149615087795,516.60272845452,501.328497489582,485.290554976396,468.450715337552,450.768883716765,432.202960514938,412.70874115302,392.239810823007,370.747433976493,348.180438287653,324.485092814371,299.638309772186,276.948112302645,253.123404959627,228.107462249458,201.840722403781,174.26064556582,145.30156488596,114.894530172108,,,,,,,,,,,,,,,,,,,,,,,18.6041581334187,21.448655913668,31.2344433164134,47.8365697121226,64.3965479148558,71.2131126689483,63.6710847007568,47.4147910549312,31.4136973871434,20.2944159944846,14.1268589312678,11.4403518615704,11.0324996475157,12.2735018525497,14.8518713503675,18.4838031004879,22.752738548606,27.127694598258,31.1118224545107,34.3908577990457,36.87816517285,38.6576303577286,39.8913322269078,40.7473479750742,41.362518458509,41.8309628337171,42.2075394437168,42.519206170836,42.774925868071,42.971292900497,43.0985752261178,43.1414311162402,43.1257369961798,43.0831600799118,43.0062186596848,42.8837829381242,42.6988447556284,42.4322611131192,42.0654642873147,,,,,,,,,,,,,,,,,,,,,,
266111.561293287,3843239.37953613,707.905034170935,L5_2,2159.5,707.905034170935,702.134880282994,696.076218700656,689.714624039202,683.034949644675,676.021291530421,668.656950510455,660.924392439491,652.805206464978,644.28006119174,635.328658654839,625.929685991094,616.060764694161,605.698397332382,594.817911602514,583.393401586153,571.397666068973,558.802143775934,545.576845368244,531.690282040169,517.10939054569,501.799454476487,485.724021603824,468.844817087528,451.121652345417,432.512329366201,412.972540238024,392.455761653438,370.913144139622,348.293395750116,324.542659941135,299.638309772186,276.948112302645,253.123404959627,228.107462249458,201.840722403781,174.26064556582,145.30156488596,114.894530172108,,,,,,,,,,,,,,,,,,,,,,,18.1627641768535,20.1519753020928,27.7187504593791,41.3052746276787,54.918492372291,60.5876078614092,54.5961391134897,41.3720027202426,28.1208162192698,18.7500127183894,13.5011867091285,11.2760835843519,11.1299110381366,12.5591900350169,15.2980931364081,19.0649629567509,23.4268464487817,27.8383602638882,31.8024589327644,35.0184268739438,37.4185239262747,39.1031017973791,40.2451429052236,41.0184619968443,41.5620502039173,41.9700418005179,42.296163769931,42.5657391003,42.7860101161192,42.9520185854917,43.0527847172796,43.0721041070679,43.0363806625775,42.9777443281934,42.888118542286,42.7560293598477,42.5643002326207,42.29371353435,41.9256649937339,,,,,,,,,,,,,,,,,,,,,,
266116.516239647,3843242.77343887,708.856660781746,L5_2,2165.5,708.856660781746,703.073050015524,697.00025871099,690.62382784123,683.928575427981,676.898560394071,669.517044608464,661.766453033577,653.628331879946,645.083304668634,636.111026096756,626.690133596284,616.798196470788,606.411662489017,595.505801808158,584.054648093256,572.030936692609,559.40603972193,546.149897902716,532.230948992542,517.616052636859,502.270411463392,486.157488231252,469.238918837505,451.47442097407,432.821698217464,413.236339323027,392.671712483869,371.078854302752,348.40635321258,324.600227067899,299.638309772186,276.948112302645,253.123404959627,228.107462249458,201.840722403781,174.26064556582,145.30156488596,114.894530172108,,,,,,,,,,,,,,,,,,,,,,,18.8890487270024,20.5504449005105,27.1493375839324,38.8446623890886,49.8285942817865,53.6483264776441,47.8960573450178,36.4922383044642,25.2710936025978,17.3522836677148,12.9414267171822,11.1781226541625,11.3206632176901,12.9728334872636,15.9038328659366,19.8242793588905,24.2780446269956,28.7055734781573,32.6165967271193,35.7332319237551,38.0137647224632,39.5783368431044,40.6111166608028,41.2904019910478,41.7556959682274,42.099691110148,42.3738802325279,42.6011810864258,42.7865959461685,42.9232698108616,42.9987536668884,42.9958387464019,42.941340432065,42.8677729493958,42.7664376588221,42.6255088220866,42.4276496529775,42.1535840586887,41.7846903777565,,,,,,,,,,,,,,,,,,,,,,
266121.884098203,3843246.45016684,709.808287392558,L5_2,2172,709.808287392558,704.011219748054,697.924298721324,691.533031643257,684.822201211288,677.77582925772,670.377138706473,662.608513627664,654.451457294915,645.886548145528,636.893393538672,627.450581201473,617.535628247414,607.124927645652,596.193692013802,584.71589460036,572.664207316245,560.009935667925,546.722950437189,532.771615944915,518.122714728029,502.741368450298,486.59095485868,469.633020587481,451.827189602723,433.131067068727,413.50013840803,392.887663314299,371.244564465882,348.519310675043,324.657794194663,299.638309772186,276.948112302645,253.123404959627,228.107462249458,201.840722403781,174.26064556582,145.30156488596,114.894530172108,,,,,,,,,,,,,,,,,,,,,,,20.7045065446786,22.513767853728,29.0907010574787,39.5759756972682,48.0489470465425,49.5226048856628,43.1209615529373,32.6601717366312,22.8890813617421,16.1457908179359,12.4785117940449,11.1653090443892,11.6179943173119,13.5255180406054,16.6782341416253,20.7675294635271,25.3076001553669,29.7263930197234,33.5486349718435,36.5288216976716,38.6578779162901,40.0783688333298,40.9854372979801,41.5603670824043,41.9414635670404,42.2185272250697,42.4397480533192,42.6249039454094,42.7762699921145,42.8847807829588,42.9363169680363,42.9125354503784,42.8405539282699,42.7532037973051,42.6411471141005,42.4922003740858,42.2888762743616,42.0118589263852,41.6425302104219,,,,,,,,,,,,,,,,,,,,,,
266126.839037057,3843249.8440069,710.75991400337,L5_2,2178,710.75991400337,704.949389480583,698.848338731657,692.442235445285,685.715826994594,678.653098121369,671.237232804482,663.450574221751,655.274582709883,646.689791622422,637.675760980588,628.211028806662,618.27306002404,607.838192802287,596.881582219446,585.377141107463,573.297477939881,560.61383161392,547.296002971661,533.312282897289,518.629376819198,503.212325437203,487.024421486108,470.027122337458,452.179958231376,433.440435919989,413.763937493034,393.10361414473,371.410274629011,348.632268137507,324.715361321427,299.638309772186,276.948112302645,253.123404959627,228.107462249458,201.840722403781,174.26064556582,145.30156488596,114.894530172108,,,,,,,,,,,,,,,,,,,,,,,23.6964308975169,25.9298174442274,33.0399665450748,42.6809644507935,48.7043616365025,47.5832990861044,39.9690868179367,29.8192577947641,21.0216408886279,15.1876566997156,12.1527833803247,11.2629818586336,12.0380930373095,14.2269897359621,17.6241523870134,21.8892897062274,26.5018753557091,30.8813600252886,34.5769713183629,37.3847342649051,39.3334787719184,40.5894990484625,41.3578687314536,41.8210101938838,42.1142531964266,42.3231260082531,42.4915563169722,42.6355536458852,42.7542700401904,42.8361877048445,42.8653679486035,42.8222403945461,42.7341525157768,42.6342097827674,42.5124311527785,42.3562852191565,42.1481488540517,41.8686866752373,41.499312451712,,,,,,,,,,,,,,,,,,,,,,
266132.20687935,3843253.52059908,711.711540614182,L5_2,2184.5,711.711540614182,705.887559213113,699.772378741991,693.351439247313,686.609452777901,679.530366985018,672.097326902491,664.292634815838,656.097708124852,647.493035099316,638.458128422504,628.971476411852,619.010491800667,608.551457958922,597.56947242509,586.038387614567,573.930748563518,561.217727559916,547.869055506133,533.852949849662,519.136038910368,503.683282424108,487.457888113536,470.421224087435,452.532726860029,433.749804771252,414.027736578037,393.319564975161,371.575984792141,348.74522559997,324.772928448191,299.638309772186,276.948112302645,253.123404959627,228.107462249458,201.840722403781,174.26064556582,145.30156488596,114.894530172108,,,,,,,,,,,,,,,,,,,,,,,28.2821526968267,31.1498130359355,39.0256374262491,47.6884157463958,51.1006793277897,47.1976542063564,38.0304458222325,27.7819224972404,19.6139196695699,14.4756907333658,11.9749585077106,11.4822702715151,12.5900002189782,15.0829682868152,18.7418926043164,23.1826785036081,27.8471328258923,32.1525632587022,35.6830721172722,38.2845528991183,40.0275278184535,41.1021232579091,41.7216874802647,42.0677802177616,42.2710538174907,42.4115279478789,42.5280470607971,42.6323341297691,42.7201006837718,42.7771888419028,42.7857259778615,42.7248486062197,42.6220778558118,42.510757962342,42.3802697870621,42.2177494690479,42.0054568638516,41.7240604724933,41.3550330979678,,,,,,,,,,,,,,,,,,,,,,
266137.161810698,3843256.91437647,712.721329547424,L5_2,2190.5,712.721329547424,706.883068799172,700.752895013506,694.316212538558,687.557695939862,680.461253511231,673.009988961169,665.186161183604,656.97114201716,648.345371892394,639.28831326139,629.778401698836,619.792994558154,609.308317060437,598.299405687836,586.740048746603,574.60272395831,561.858532930601,548.477132351508,534.426661743459,519.673667605008,504.183023759635,487.917847721993,470.839412882469,452.907056300968,434.078081890393,414.307658759289,393.548714471629,371.751822969587,348.865086892442,324.834014011441,299.638309772186,276.948112302645,253.123404959627,228.107462249458,201.840722403781,174.26064556582,145.30156488596,114.894530172108,,,,,,,,,,,,,,,,,,,,,,,33.2044611201166,36.6065672914165,45.1437735367735,52.9863319234533,54.0812047251903,47.611059750052,36.9047258207109,26.3819542592544,18.6174818000352,14.0083517370016,11.9561586593059,11.8340053191163,13.2796686158023,16.0914756947001,20.0187097506047,24.6232740566538,29.309841144402,33.5026166269603,36.8311481271031,39.19769879466,40.7159784987241,41.5984203709731,42.0642361039246,42.2919703636949,42.4060373039639,42.4799406498633,42.5468362602259,42.6138169426666,42.6729702398887,42.7074072665713,42.6972783496823,42.6204089309116,42.5044672355832,42.3830270926822,42.2448545498165,42.0767785621552,41.8609717829365,41.5781350245232,41.2098279075919,,,,,,,,,,,,,,,,,,,,,,
266142.529652991,3843260.59096865,713.789183418203,L5_2,2197,713.789183418203,707.935822230977,701.78979298439,695.336462275473,688.56046503111,681.44566792453,673.97513096262,666.131067152615,657.894800152109,649.246719801578,640.166235433521,630.631726847061,620.620492831278,610.108697114705,599.071311612304,587.482056834783,575.313339318386,562.536185926169,549.120174864342,535.033363249422,520.242211053757,504.711501248309,488.404255952588,471.281648392081,453.302910453549,434.42523561809,414.603677040859,393.791040534765,371.937772203367,348.991840455399,324.898612120033,299.638309772186,276.948112302645,253.123404959627,228.107462249458,201.840722403781,174.26064556582,145.30156488596,114.894530172108,,,,,,,,,,,,,,,,,,,,,,,37.108594894646,40.7997767564401,49.9604259840493,57.6694402976779,57.0785253761055,48.3895475059731,36.2648169622944,25.4162123347467,17.9307832598084,13.7431997392236,12.0803807976861,12.3108589113176,14.0994085090086,17.2389012608747,21.4317120991899,26.1788391675774,30.8520501722525,34.8933664339713,37.9875255254792,40.0973234816787,41.3789740775894,42.0644706782031,42.376110725433,42.487384160864,42.5151937193392,42.5258025489886,42.5463027786301,42.5789858033289,42.6122477110741,42.6264537512346,42.5997904106334,42.5087843177953,42.3812426435488,42.2509745460781,42.1061627860536,41.9333610028841,41.714688611119,41.4309075162854,41.0636942621415,,,,,,,,,,,,,,,,,,,,,,
266147.484574645,3843263.98475252,714.857037288982,L5_2,2203,714.857037288982,708.988575662783,702.826690955273,696.356712012388,689.563234122359,682.430082337828,674.940272964071,667.075973121626,658.818458287059,650.148067710763,641.044157605652,631.485051995286,621.447991104402,610.909077168973,599.843217536773,588.224064922963,576.023954678463,563.213838921737,549.763217377176,535.640064755386,520.810754502506,505.239978736983,488.890664183183,471.723883901694,453.69876460613,434.772389345788,414.899695322428,394.033366597901,372.123721437148,349.118594018356,324.963210228626,299.638309772186,276.948112302645,253.123404959627,228.107462249458,201.840722403781,174.26064556582,145.30156488596,114.894530172108,,,,,,,,,,,,,,,,,,,,,,,42.127946574858,45.6340727556003,54.5097472046778,61.52924162801,59.2172886375912,48.6837629093748,35.5551068106534,24.5861659919271,17.4118441497135,13.6176307990511,12.3194535681719,12.8956118758273,15.0300634303611,18.4962180941743,22.9383583032044,27.7950611824835,32.4140431288432,36.2673921395824,39.1027401725919,40.9442644722329,41.9873667362959,42.4795130689084,42.642983295245,42.6443750611128,42.592171476331,42.545030987685,42.5238997847431,42.5263144382752,42.5370717159629,42.5338960019263,42.493103354021,42.3899929104702,42.2525272666011,42.1147726759274,41.9643847552992,41.787686252485,41.5667843105567,41.2825369751613,40.9167707778858,,,,,,,,,,,,,,,,,,,,,,
266152.852395936,3843267.66135872,715.924891159761,L5_2,2209.5,715.924891159761,710.041329094588,703.863588926157,697.376961749303,690.566003213608,683.414496751127,675.905414965522,668.020879090637,659.742116422008,651.049415619947,641.922079777783,632.338377143512,622.275489377526,611.709457223241,600.615123461242,588.966073011143,576.734570038539,563.891491917305,550.406259890009,536.246766261349,521.379297951255,505.768456225657,489.377072413779,472.166119411307,454.094618758711,435.119543073485,415.195713603998,394.275692661037,372.309670670928,349.245347581313,325.027808337218,299.638309772186,276.948112302645,253.123404959627,228.107462249458,201.840722403781,174.26064556582,145.30156488596,,,,,,,,,,,,,,,,,,,,,,,,45.0159552855289,49.268925541782,58.6800007711518,64.1825769440564,59.6863354679242,47.7427295893554,34.2815387652814,23.6114402656366,16.9098212475197,13.5494725452588,12.6233747244517,13.5492767262331,16.0309327214596,19.813760805406,24.4783736925735,29.4051613445312,33.930027412756,37.5667947485877,40.1304484368081,41.7040255170591,42.516770875211,42.826892615673,42.8537318659127,42.7556249412231,42.6322002461169,42.5345358007651,42.4776328483868,42.4545150723883,42.4466096035423,42.429195251328,42.3768685091648,42.263813167592,42.1181880337299,41.9743475415664,41.8194817593757,41.6397366052502,41.4172526338259,41.1330229258803,,,,,,,,,,,,,,,,,,,,,,,
266157.807307897,3843271.05514907,716.970994069273,L5_2,2215.5,716.970994069273,711.072639143787,704.879366472027,698.376430166679,691.548347046063,684.378859769417,676.850898128938,668.946538406435,660.646960697807,651.932404103748,642.782119679986,633.174321035036,623.086132457838,612.49353445178,601.37130654542,589.692967243741,577.430710976978,564.555341896878,551.036204362772,536.841109951961,521.93626082061,506.28616923269,489.853573065375,472.599347089694,454.48240981523,435.459625677041,415.485702331944,394.513082819592,372.491832331622,349.369519319253,325.091090656266,299.638309772186,276.948112302645,253.123404959627,228.107462249458,201.840722403781,174.26064556582,145.30156488596,,,,,,,,,,,,,,,,,,,,,,,,47.6055987925206,51.2979602654934,58.9607972255632,62.2432931714737,56.4526800008865,44.5685115357541,31.9609175325205,22.2489351024132,16.2971850455726,13.466307269419,12.9432876090553,14.2279781129675,17.0511707927642,21.1273817984297,25.9747649347799,30.9261038607858,35.3203796378601,38.7228762424918,41.0161746519429,42.3359993724505,42.9381759544644,43.0864701194132,42.9946570863015,42.8119643915671,42.6292364208432,42.4903971348703,42.4050100337664,42.3620461364407,42.3399465199983,42.3118481265406,42.2508556551862,42.1302073808065,41.9783158458681,41.8298575594269,41.6716409749702,41.4897029529923,41.2662739627118,40.9825276078093,,,,,,,,,,,,,,,,,,,,,,,
266163.175129188,3843274.73175528,717.995374473577,L5_2,2222,717.995374473577,712.082533864044,705.874051224034,699.355144452023,692.510292341412,685.323197625271,677.776748173322,669.852976248777,661.533015728003,652.797057181191,643.624300707039,633.992906409179,623.879942396425,613.261330183035,602.111787358974,590.404767393711,578.112396430184,565.205406918481,551.653067931193,537.423111994541,522.481658261056,506.793131840897,490.320179099729,473.023578721504,454.862148324367,435.792646407373,415.76966939453,394.745543531044,372.670211374384,349.491112609891,325.153058907174,299.638309772186,276.948112302645,253.123404959627,228.107462249458,201.840722403781,174.26064556582,145.30156488596,,,,,,,,,,,,,,,,,,,,,,,,50.1629802857302,51.4131361781883,54.4645521193969,55.1053404812465,49.4137162879482,39.2406025387945,28.6361462791552,20.4805732523427,15.5307843192792,13.3217834373359,13.232252638388,14.878668000413,18.025705720661,22.3582937637637,27.3397018764175,32.2703549429263,36.5072002316875,39.672775761421,41.7128626447386,42.8067260657562,43.2285342830579,43.2426546320568,43.0553106209346,42.8064197557159,42.578626799915,42.4095047724289,42.3039429344964,42.2474966900326,42.2161215029443,42.1811973963376,42.1146189001065,41.9888824291702,41.8327251575049,41.6811912780847,41.5208042900271,41.337561326089,41.1138422720715,40.8310522904219,,,,,,,,,,,,,,,,,,,,,,,
266168.130041149,3843278.12554562,719.019754877881,L5_2,2228,719.019754877881,713.0924285843,706.868735976041,700.333858737368,693.472237636762,686.267535481125,678.702598217707,670.759414091118,662.419070758199,653.661710258634,644.466481734092,634.811491783322,624.673752335013,614.029125914289,602.852268172529,591.116567543681,578.79408188339,565.855471940085,552.269931499615,538.005114037121,523.027055701502,507.300094449103,490.786785134083,473.447810353313,455.241886833504,436.125667137705,416.053636457115,394.978004242497,372.848590417147,349.61270590053,325.215027158081,299.638309772186,276.948112302645,253.123404959627,228.107462249458,201.840722403781,174.26064556582,145.30156488596,,,,,,,,,,,,,,,,,,,,,,,,45.4359553987639,45.9290607087014,47.0259682673174,46.3340074397347,41.4706760906976,33.4546118207309,25.0990334858018,18.6197712512152,14.7204331702945,13.1469238281932,13.4862657323142,15.4735034014809,18.9045939040211,23.437359362013,28.4927624352942,33.3572670665792,37.4191204585753,40.3591970250171,42.1775631419374,43.0853780098232,43.3662753338215,43.280583579949,43.0255697903729,42.7321814426311,42.4758607356049,42.2889283361076,42.1725750417484,42.1097288337313,42.0744685792058,42.0368831782379,41.9680068904428,41.8398541652316,41.6815498605787,41.5285358402874,41.3671763904874,41.1835138274281,40.9601446968318,40.6787653825534,,,,,,,,,,,,,,,,,,,,,,,
266173.49786244,3843281.80215183,720.044135282184,L5_2,2234.5,720.044135282184,714.102323304557,707.863420728047,701.312573022713,694.434182932111,687.21187333698,679.628448262092,671.665851933459,663.305125788395,654.526363336078,645.308662761144,635.630077157464,625.467562273601,614.796921645543,603.592748986084,591.828367693651,579.475767336596,566.505536961689,552.886795068036,538.587116079701,523.572453141949,507.807057057309,491.253391168438,473.872041985122,455.621625342641,436.458687868036,416.337603519701,395.210464953949,373.026969459909,349.734299191168,325.276995408989,299.638309772186,276.948112302645,253.123404959627,228.107462249458,201.840722403781,174.26064556582,145.30156488596,,,,,,,,,,,,,,,,,,,,,,,,38.4829511848381,38.7038711167779,39.1926676824946,38.3944802062773,34.6109600496894,28.4664668114085,22.005767378737,16.9674292202821,13.994473417245,12.9917074020339,13.7144248580294,15.9925149618164,19.6431631415743,24.3013742077104,29.3625426480473,34.1185717385804,37.9988275927293,40.7383572756507,42.3787538274791,43.1499390842399,43.336200010905,43.1897981518919,42.8982579537247,42.5843491043695,42.3176196806703,42.1264407495801,42.0094220887263,41.9477547181849,41.9143273503178,41.878457201052,41.8107089744094,41.6829183319341,41.5246684149175,41.3718221468373,41.2107225753293,41.0275477753516,40.8051822511904,40.5256738425429,,,,,,,,,,,,,,,,,,,,,,,
266178.4527744,3843285.19594217,720.556185841766,L5_2,2240.5,720.556185841766,714.607132996789,708.360627509564,701.801796747977,694.915024448311,687.683913533661,680.091247073279,672.118947289878,663.748032517307,654.958572006107,645.729638469348,636.03925825575,625.864359031472,615.180714845981,603.962888451215,592.184170736711,579.816517136481,566.83048085624,553.195142761987,538.878037763021,523.845077514107,508.060469252748,491.48663057832,474.084099970171,455.811442831615,436.62515283613,416.479548340872,395.32666362085,373.116134664828,349.795079261004,325.307971086989,299.638309772186,276.948112302645,253.123404959627,228.107462249458,201.840722403781,174.26064556582,145.30156488596,,,,,,,,,,,,,,,,,,,,,,,,35.2953160684658,35.4165156505254,35.7503313242126,35.0232736566231,31.7046621715703,26.3162359229036,20.6390621918207,16.2178868421752,13.6562676629933,12.9152477102644,13.8164117857522,16.2272399877253,19.9718414610216,24.6750765200476,29.7241429416968,34.4183139841732,38.2091453698549,40.8568846214625,42.4203321688986,43.1356394221589,43.2855770523156,43.1177188950854,42.8147669274399,42.4957305773767,42.2275930247524,42.0370847607502,41.9217881560556,41.86222673859,41.8308430794119,41.7966764756737,41.7301356424434,41.603030245142,41.4452016082669,41.2927383022522,41.1319954399154,40.9492341598856,40.7274956148812,40.4490126567228,,,,,,,,,,,,,,,,,,,,,,,
