X,Y,Z,LINE,STN_CORR,Elev_trim,Res_trim
264145.4364207,3841534.71536786,611.752763974609,L6_1,9.5,611.752763974609,10.3334077791152
264145.4364207,3841534.71536786,611.752763974609,L6_1,9.5,606.721083166573,14.7970090198387
264145.4364207,3841534.71536786,611.752763974609,L6_1,9.5,601.437818318136,24.3484679985342
264145.4364207,3841534.71536786,611.752763974609,L6_1,9.5,595.890390227276,24.5677832684876
264145.4364207,3841534.71536786,611.752763974609,L6_1,9.5,590.065590731874,16.0702586844463
264145.4364207,3841534.71536786,611.752763974609,L6_1,9.5,583.949551261702,8.36983184532644
264145.4364207,3841534.71536786,611.752763974609,L6_1,9.5,577.527709818021,4.32736195982674
264145.4364207,3841534.71536786,611.752763974609,L6_1,9.5,570.784776302155,2.74160161287448
264145.4364207,3841534.71536786,611.752763974609,L6_1,9.5,563.704696110497,2.3158196152285
264145.4364207,3841534.71536786,611.752763974609,L6_1,9.5,556.270611909256,2.43534771123702
264145.4364207,3841534.71536786,611.752763974609,L6_1,9.5,548.464823497952,2.86428497530669
264145.4364207,3841534.71536786,611.752763974609,L6_1,9.5,540.268745666084,3.52740636033847
264145.4364207,3841534.71536786,611.752763974609,L6_1,9.5,531.662863942622,4.41169765782708
264145.4364207,3841534.71536786,611.752763974609,L6_1,9.5,522.626688132987,5.51244114619045
264145.4364207,3841534.71536786,611.752763974609,L6_1,9.5,513.13870353287,6.81090389101993
264145.4364207,3841534.71536786,611.752763974609,L6_1,9.5,503.176319702747,8.28087916617755
264145.4364207,3841534.71536786,611.752763974609,L6_1,9.5,492.715816681118,9.90522659120669
264145.4364207,3841534.71536786,611.752763974609,L6_1,9.5,481.732288508408,11.6781600737096
264145.4364207,3841534.71536786,611.752763974609,L6_1,9.5,470.199583927062,13.5896286926389
264145.4364207,3841534.71536786,611.752763974609,L6_1,9.5,458.090244116649,15.6075217949875
264145.4364207,3841534.71536786,611.752763974609,L6_1,9.5,445.375437315716,17.6717000638117
264145.4364207,3841534.71536786,611.752763974609,L6_1,9.5,432.024890174735,19.7019335191386
264145.4364207,3841534.71536786,611.752763974609,L6_1,9.5,418.006815676706,21.6132988714215
264145.4364207,3841534.71536786,611.752763974609,L6_1,9.5,403.287837453775,23.3307753512884
264145.4364207,3841534.71536786,611.752763974609,L6_1,9.5,387.832910319698,24.7977674776704
264145.4364207,3841534.71536786,611.752763974609,L6_1,9.5,371.605236828916,25.9778170743358
264145.4364207,3841534.71536786,611.752763974609,L6_1,9.5,354.566179663596,26.8519827337327
264145.4364207,3841534.71536786,611.752763974609,L6_1,9.5,336.67516964001,27.4149131344493
264145.4364207,3841534.71536786,611.752763974609,L6_1,9.5,317.889609115244,27.6715612838558
264145.4364207,3841534.71536786,611.752763974609,L6_1,9.5,298.16477056424,27.6350816223111
264145.4364207,3841534.71536786,611.752763974609,L6_1,9.5,277.453690085686,27.325642089198
264145.4364207,3841534.71536786,611.752763974609,L6_1,9.5,255.708451005632,26.769677593416
264145.4364207,3841534.71536786,611.752763974609,L6_1,9.5,233.018253536091,26.0026823659011
264145.4364207,3841534.71536786,611.752763974609,L6_1,9.5,209.193546193073,25.0632674841942
264145.4364207,3841534.71536786,611.752763974609,L6_1,9.5,184.177603482904,23.9880882778815
264145.4364207,3841534.71536786,611.752763974609,L6_1,9.5,157.910863637227,22.814703599018
264145.4364207,3841534.71536786,611.752763974609,L6_1,9.5,130.330786799265,21.5800534506034
264145.4364207,3841534.71536786,611.752763974609,L6_1,9.5,101.371706119406,20.3189721745955
264145.4364207,3841534.71536786,611.752763974609,L6_1,9.5,70.9646714055538,19.0629279954348
264145.4364207,3841534.71536786,611.752763974609,L6_1,9.5,39.0372849560089,17.8390873462925
264145.4364207,3841534.71536786,611.752763974609,L6_1,9.5,,
264145.4364207,3841534.71536786,611.752763974609,L6_1,9.5,,
264145.4364207,3841534.71536786,611.752763974609,L6_1,9.5,,
264145.4364207,3841534.71536786,611.752763974609,L6_1,9.5,,
264145.4364207,3841534.71536786,611.752763974609,L6_1,9.5,,
264145.4364207,3841534.71536786,611.752763974609,L6_1,9.5,,
264145.4364207,3841534.71536786,611.752763974609,L6_1,9.5,,
264145.4364207,3841534.71536786,611.752763974609,L6_1,9.5,,
264145.4364207,3841534.71536786,611.752763974609,L6_1,9.5,,
264145.4364207,3841534.71536786,611.752763974609,L6_1,9.5,,
264145.4364207,3841534.71536786,611.752763974609,L6_1,9.5,,
264145.4364207,3841534.71536786,611.752763974609,L6_1,9.5,,
264145.4364207,3841534.71536786,611.752763974609,L6_1,9.5,,
264145.4364207,3841534.71536786,611.752763974609,L6_1,9.5,,
264145.4364207,3841534.71536786,611.752763974609,L6_1,9.5,,
264145.4364207,3841534.71536786,611.752763974609,L6_1,9.5,,
264145.4364207,3841534.71536786,611.752763974609,L6_1,9.5,,
264145.4364207,3841534.71536786,611.752763974609,L6_1,9.5,,
264145.4364207,3841534.71536786,611.752763974609,L6_1,9.5,,
264145.4364207,3841534.71536786,611.752763974609,L6_1,9.5,,
264145.4364207,3841534.71536786,611.752763974609,L6_1,9.5,,
264150.390835729,3841538.109153,611.90343789138,L6_1,15.5,611.90343789138,11.0655980762628
264150.390835729,3841538.109153,611.90343789138,L6_1,15.5,606.869626415144,14.5762590091356
264150.390835729,3841538.109153,611.90343789138,L6_1,15.5,601.584124365096,21.4269991729484
264150.390835729,3841538.109153,611.90343789138,L6_1,15.5,596.034347212546,21.1288976196757
264150.390835729,3841538.109153,611.90343789138,L6_1,15.5,590.207081202368,14.1393991826217
264150.390835729,3841538.109153,611.90343789138,L6_1,15.5,584.088451891681,7.6221297268167
264150.390835729,3841538.109153,611.90343789138,L6_1,15.5,577.66389111546,4.07797872458276
264150.390835729,3841538.109153,611.90343789138,L6_1,15.5,570.918102300428,2.65864692482241
264150.390835729,3841538.109153,611.90343789138,L6_1,15.5,563.835024044645,2.29093564741799
264150.390835729,3841538.109153,611.90343789138,L6_1,15.5,556.397791876072,2.43732027945978
264150.390835729,3841538.109153,611.90343789138,L6_1,15.5,548.58869809907,2.88493129203665
264150.390835729,3841538.109153,611.90343789138,L6_1,15.5,540.389149633219,3.56690353819707
264150.390835729,3841538.109153,611.90343789138,L6_1,15.5,531.779623744075,4.47483368944329
264150.390835729,3841538.109153,611.90343789138,L6_1,15.5,522.739621560473,5.60685961795961
264150.390835729,3841538.109153,611.90343789138,L6_1,15.5,513.247619267692,6.94494600875577
264150.390835729,3841538.109153,611.90343789138,L6_1,15.5,503.281016860271,8.46131736117934
264150.390835729,3841538.109153,611.90343789138,L6_1,15.5,492.81608433248,10.1359791483834
264150.390835729,3841538.109153,611.90343789138,L6_1,15.5,481.827905178299,11.9601280818163
264150.390835729,3841538.109153,611.90343789138,L6_1,15.5,470.290317066409,13.9208402535766
264150.390835729,3841538.109153,611.90343789138,L6_1,15.5,458.175849548924,15.9830206771942
264150.390835729,3841538.109153,611.90343789138,L6_1,15.5,445.455658655565,18.0833852402533
264150.390835729,3841538.109153,611.90343789138,L6_1,15.5,432.099458217539,20.1388604582797
264150.390835729,3841538.109153,611.90343789138,L6_1,15.5,418.07544775761,22.0626793100235
264150.390835729,3841538.109153,611.90343789138,L6_1,15.5,403.350236774686,23.7794878705457
264150.390835729,3841538.109153,611.90343789138,L6_1,15.5,387.888765242615,25.2339109548275
264150.390835729,3841538.109153,611.90343789138,L6_1,15.5,371.654220133941,26.391863593745
264150.390835729,3841538.109153,611.90343789138,L6_1,15.5,354.607947769833,27.2373219219873
264150.390835729,3841538.109153,611.90343789138,L6_1,15.5,336.709361787519,27.7678336318702
264150.390835729,3841538.109153,611.90343789138,L6_1,15.5,317.91584650609,27.9908422632029
264150.390835729,3841538.109153,611.90343789138,L6_1,15.5,298.18265546059,27.9213839584259
264150.390835729,3841538.109153,611.90343789138,L6_1,15.5,277.462804862814,27.5808677565826
264150.390835729,3841538.109153,611.90343789138,L6_1,15.5,255.708451005632,26.9963959239534
264150.390835729,3841538.109153,611.90343789138,L6_1,15.5,233.018253536091,26.2038783733004
264150.390835729,3841538.109153,611.90343789138,L6_1,15.5,209.193546193073,25.241964150088
264150.390835729,3841538.109153,611.90343789138,L6_1,15.5,184.177603482904,24.1469332460025
264150.390835729,3841538.109153,611.90343789138,L6_1,15.5,157.910863637227,22.9559043148546
264150.390835729,3841538.109153,611.90343789138,L6_1,15.5,130.330786799265,21.7053899254102
264150.390835729,3841538.109153,611.90343789138,L6_1,15.5,101.371706119406,20.429866171126
264150.390835729,3841538.109153,611.90343789138,L6_1,15.5,70.9646714055538,19.1605331365642
264150.390835729,3841538.109153,611.90343789138,L6_1,15.5,39.0372849560089,17.9243840732706
264150.390835729,3841538.109153,611.90343789138,L6_1,15.5,,
264150.390835729,3841538.109153,611.90343789138,L6_1,15.5,,
264150.390835729,3841538.109153,611.90343789138,L6_1,15.5,,
264150.390835729,3841538.109153,611.90343789138,L6_1,15.5,,
264150.390835729,3841538.109153,611.90343789138,L6_1,15.5,,
264150.390835729,3841538.109153,611.90343789138,L6_1,15.5,,
264150.390835729,3841538.109153,611.90343789138,L6_1,15.5,,
264150.390835729,3841538.109153,611.90343789138,L6_1,15.5,,
264150.390835729,3841538.109153,611.90343789138,L6_1,15.5,,
264150.390835729,3841538.109153,611.90343789138,L6_1,15.5,,
264150.390835729,3841538.109153,611.90343789138,L6_1,15.5,,
264150.390835729,3841538.109153,611.90343789138,L6_1,15.5,,
264150.390835729,3841538.109153,611.90343789138,L6_1,15.5,,
264150.390835729,3841538.109153,611.90343789138,L6_1,15.5,,
264150.390835729,3841538.109153,611.90343789138,L6_1,15.5,,
264150.390835729,3841538.109153,611.90343789138,L6_1,15.5,,
264150.390835729,3841538.109153,611.90343789138,L6_1,15.5,,
264150.390835729,3841538.109153,611.90343789138,L6_1,15.5,,
264150.390835729,3841538.109153,611.90343789138,L6_1,15.5,,
264150.390835729,3841538.109153,611.90343789138,L6_1,15.5,,
264150.390835729,3841538.109153,611.90343789138,L6_1,15.5,,
264155.758118677,3841541.78575356,612.204989978686,L6_1,22.0,612.204989978686,11.2021981751444
264155.758118677,3841541.78575356,612.204989978686,L6_1,22.0,607.166914277712,12.9522333710331
264155.758118677,3841541.78575356,612.204989978686,L6_1,22.0,601.87693479169,15.5414728906101
264155.758118677,3841541.78575356,612.204989978686,L6_1,22.0,596.322456331367,14.4136247536699
264155.758118677,3841541.78575356,612.204989978686,L6_1,22.0,590.490253948028,10.1923185694734
264155.758118677,3841541.78575356,612.204989978686,L6_1,22.0,584.366441445521,6.03411353990537
264155.758118677,3841541.78575356,612.204989978686,L6_1,22.0,577.93643831789,3.54082705089536
264155.758118677,3841541.78575356,612.204989978686,L6_1,22.0,571.184935033876,2.47698496234181
264155.758118677,3841541.78575356,612.204989978686,L6_1,22.0,564.095856585662,2.2263909713456
264155.758118677,3841541.78575356,612.204989978686,L6_1,22.0,556.652324215038,2.41902294786166
264155.758118677,3841541.78575356,612.204989978686,L6_1,22.0,548.836615225882,2.89450794655148
264155.758118677,3841541.78575356,612.204989978686,L6_1,22.0,540.630120787268,3.60560251534057
264155.758118677,3841541.78575356,612.204989978686,L6_1,22.0,532.013301626724,4.55430790621245
264155.758118677,3841541.78575356,612.204989978686,L6_1,22.0,522.965641508153,5.74537330485953
264155.758118677,3841541.78575356,612.204989978686,L6_1,22.0,513.465598383652,7.16308756045358
264155.758118677,3841541.78575356,612.204989978686,L6_1,22.0,503.490553102927,8.77678640860235
264155.758118677,3841541.78575356,612.204989978686,L6_1,22.0,493.016755558166,10.5598033131517
264155.758118677,3841541.78575356,612.204989978686,L6_1,22.0,482.019268136166,12.4955365961155
264155.758118677,3841541.78575356,612.204989978686,L6_1,22.0,470.471906343067,14.5636150001842
264155.758118677,3841541.78575356,612.204989978686,L6_1,22.0,458.347176460313,16.7218662012392
264155.758118677,3841541.78575356,612.204989978686,L6_1,22.0,445.616210083421,18.9002487703463
264155.758118677,3841541.78575356,612.204989978686,L6_1,22.0,432.248695387684,21.0099965913607
264155.758118677,3841541.78575356,612.204989978686,L6_1,22.0,418.21280495716,22.960918701863
264155.758118677,3841541.78575356,612.204989978686,L6_1,22.0,403.475120005111,24.6773852458874
264155.758118677,3841541.78575356,612.204989978686,L6_1,22.0,388.000550805458,26.106870660487
264155.758118677,3841541.78575356,612.204989978686,L6_1,22.0,371.752253145824,27.2203920264729
264155.758118677,3841541.78575356,612.204989978686,L6_1,22.0,354.691540603207,28.0080339477341
264155.758118677,3841541.78575356,612.204989978686,L6_1,22.0,336.77779243346,28.4733177818952
264155.758118677,3841541.78575356,612.204989978686,L6_1,22.0,317.968356855225,28.6287560711809
264155.758118677,3841541.78575356,612.204989978686,L6_1,22.0,298.218449498078,28.4931745222383
264155.758118677,3841541.78575356,612.204989978686,L6_1,22.0,277.481046773075,28.0904482047282
264155.758118677,3841541.78575356,612.204989978686,L6_1,22.0,255.708451005632,27.4489812064703
264155.758118677,3841541.78575356,612.204989978686,L6_1,22.0,233.018253536091,26.6055002884386
264155.758118677,3841541.78575356,612.204989978686,L6_1,22.0,209.193546193073,25.5987165977017
264155.758118677,3841541.78575356,612.204989978686,L6_1,22.0,184.177603482904,24.4641284448582
264155.758118677,3841541.78575356,612.204989978686,L6_1,22.0,157.910863637227,23.2379511421233
264155.758118677,3841541.78575356,612.204989978686,L6_1,22.0,130.330786799265,21.9558316639726
264155.758118677,3841541.78575356,612.204989978686,L6_1,22.0,101.371706119406,20.651524593682
264155.758118677,3841541.78575356,612.204989978686,L6_1,22.0,70.9646714055538,19.3556906226376
264155.758118677,3841541.78575356,612.204989978686,L6_1,22.0,39.0372849560089,18.0949781660461
264155.758118677,3841541.78575356,612.204989978686,L6_1,22.0,,
264155.758118677,3841541.78575356,612.204989978686,L6_1,22.0,,
264155.758118677,3841541.78575356,612.204989978686,L6_1,22.0,,
264155.758118677,3841541.78575356,612.204989978686,L6_1,22.0,,
264155.758118677,3841541.78575356,612.204989978686,L6_1,22.0,,
264155.758118677,3841541.78575356,612.204989978686,L6_1,22.0,,
264155.758118677,3841541.78575356,612.204989978686,L6_1,22.0,,
264155.758118677,3841541.78575356,612.204989978686,L6_1,22.0,,
264155.758118677,3841541.78575356,612.204989978686,L6_1,22.0,,
264155.758118677,3841541.78575356,612.204989978686,L6_1,22.0,,
264155.758118677,3841541.78575356,612.204989978686,L6_1,22.0,,
264155.758118677,3841541.78575356,612.204989978686,L6_1,22.0,,
264155.758118677,3841541.78575356,612.204989978686,L6_1,22.0,,
264155.758118677,3841541.78575356,612.204989978686,L6_1,22.0,,
264155.758118677,3841541.78575356,612.204989978686,L6_1,22.0,,
264155.758118677,3841541.78575356,612.204989978686,L6_1,22.0,,
264155.758118677,3841541.78575356,612.204989978686,L6_1,22.0,,
264155.758118677,3841541.78575356,612.204989978686,L6_1,22.0,,
264155.758118677,3841541.78575356,612.204989978686,L6_1,22.0,,
264155.758118677,3841541.78575356,612.204989978686,L6_1,22.0,,
264155.758118677,3841541.78575356,612.204989978686,L6_1,22.0,,
264160.712529831,3841545.17954128,612.506542065992,L6_1,28.0,612.506542065992,11.3515303417129
264160.712529831,3841545.17954128,612.506542065992,L6_1,28.0,607.464202140281,11.2753719615919
264160.712529831,3841545.17954128,612.506542065992,L6_1,28.0,602.169745218285,10.5889255383871
264160.712529831,3841545.17954128,612.506542065992,L6_1,28.0,596.610565450188,9.10458959877784
264160.712529831,3841545.17954128,612.506542065992,L6_1,28.0,590.773426693687,6.97916074004895
264160.712529831,3841545.17954128,612.506542065992,L6_1,28.0,584.644430999361,4.71581648145275
264160.712529831,3841545.17954128,612.506542065992,L6_1,28.0,578.208985520319,3.12139007753952
264160.712529831,3841545.17954128,612.506542065992,L6_1,28.0,571.451767767325,2.35721524775521
264160.712529831,3841545.17954128,612.506542065992,L6_1,28.0,564.35668912668,2.18678175434734
264160.712529831,3841545.17954128,612.506542065992,L6_1,28.0,556.906856554004,2.39256732494631
264160.712529831,3841545.17954128,612.506542065992,L6_1,28.0,549.084532352694,2.86605409228586
264160.712529831,3841545.17954128,612.506542065992,L6_1,28.0,540.871091941318,3.58108457999714
264160.712529831,3841545.17954128,612.506542065992,L6_1,28.0,532.246979509374,4.5509438597691
264160.712529831,3841545.17954128,612.506542065992,L6_1,28.0,523.191661455832,5.78816923720578
264160.712529831,3841545.17954128,612.506542065992,L6_1,28.0,513.683577499613,7.28102466959885
264160.712529831,3841545.17954128,612.506542065992,L6_1,28.0,503.700089345583,8.9965112459732
264160.712529831,3841545.17954128,612.506542065992,L6_1,28.0,493.217426783852,10.8994094759134
264160.712529831,3841545.17954128,612.506542065992,L6_1,28.0,482.210631094034,12.961646663444
264160.712529831,3841545.17954128,612.506542065992,L6_1,28.0,470.653495619725,15.1517618972426
264160.712529831,3841545.17954128,612.506542065992,L6_1,28.0,458.518503371701,17.4181646142894
264160.712529831,3841545.17954128,612.506542065992,L6_1,28.0,445.776761511276,19.6832032673911
264160.712529831,3841545.17954128,612.506542065992,L6_1,28.0,432.397932557829,21.8526402922137
264160.712529831,3841545.17954128,612.506542065992,L6_1,28.0,418.35016215671,23.8336584473645
264160.712529831,3841545.17954128,612.506542065992,L6_1,28.0,403.600003235535,25.551310437507
264160.712529831,3841545.17954128,612.506542065992,L6_1,28.0,388.112336368302,26.9567689355886
264160.712529831,3841545.17954128,612.506542065992,L6_1,28.0,371.850286157706,28.0267577469157
264160.712529831,3841545.17954128,612.506542065992,L6_1,28.0,354.775133436581,28.7578030859544
264160.712529831,3841545.17954128,612.506542065992,L6_1,28.0,336.8462230794,29.1595013737176
264160.712529831,3841545.17954128,612.506542065992,L6_1,28.0,318.02086720436,29.2493768972462
264160.712529831,3841545.17954128,612.506542065992,L6_1,28.0,298.254243535567,29.0499033233806
264160.712529831,3841545.17954128,612.506542065992,L6_1,28.0,277.499288683335,28.5872493213025
264160.712529831,3841545.17954128,612.506542065992,L6_1,28.0,255.708451005632,27.890958363891
264160.712529831,3841545.17954128,612.506542065992,L6_1,28.0,233.018253536091,26.9985120395673
264160.712529831,3841545.17954128,612.506542065992,L6_1,28.0,209.193546193073,25.9486584468701
264160.712529831,3841545.17954128,612.506542065992,L6_1,28.0,184.177603482904,24.7760574307929
264160.712529831,3841545.17954128,612.506542065992,L6_1,28.0,157.910863637227,23.5160118278865
264160.712529831,3841545.17954128,612.506542065992,L6_1,28.0,130.330786799265,22.2033183806596
264160.712529831,3841545.17954128,612.506542065992,L6_1,28.0,101.371706119406,20.8710367795466
264160.712529831,3841545.17954128,612.506542065992,L6_1,28.0,70.9646714055538,19.5493213629277
264160.712529831,3841545.17954128,612.506542065992,L6_1,28.0,39.0372849560089,18.264509174607
264160.712529831,3841545.17954128,612.506542065992,L6_1,28.0,,
264160.712529831,3841545.17954128,612.506542065992,L6_1,28.0,,
264160.712529831,3841545.17954128,612.506542065992,L6_1,28.0,,
264160.712529831,3841545.17954128,612.506542065992,L6_1,28.0,,
264160.712529831,3841545.17954128,612.506542065992,L6_1,28.0,,
264160.712529831,3841545.17954128,612.506542065992,L6_1,28.0,,
264160.712529831,3841545.17954128,612.506542065992,L6_1,28.0,,
264160.712529831,3841545.17954128,612.506542065992,L6_1,28.0,,
264160.712529831,3841545.17954128,612.506542065992,L6_1,28.0,,
264160.712529831,3841545.17954128,612.506542065992,L6_1,28.0,,
264160.712529831,3841545.17954128,612.506542065992,L6_1,28.0,,
264160.712529831,3841545.17954128,612.506542065992,L6_1,28.0,,
264160.712529831,3841545.17954128,612.506542065992,L6_1,28.0,,
264160.712529831,3841545.17954128,612.506542065992,L6_1,28.0,,
264160.712529831,3841545.17954128,612.506542065992,L6_1,28.0,,
264160.712529831,3841545.17954128,612.506542065992,L6_1,28.0,,
264160.712529831,3841545.17954128,612.506542065992,L6_1,28.0,,
264160.712529831,3841545.17954128,612.506542065992,L6_1,28.0,,
264160.712529831,3841545.17954128,612.506542065992,L6_1,28.0,,
264160.712529831,3841545.17954128,612.506542065992,L6_1,28.0,,
264160.712529831,3841545.17954128,612.506542065992,L6_1,28.0,,
264166.079804383,3841548.85614744,612.808094153298,L6_1,34.5,612.808094153298,15.9385890326321
264166.079804383,3841548.85614744,612.808094153298,L6_1,34.5,607.761490002849,12.0123177835261
264166.079804383,3841548.85614744,612.808094153298,L6_1,34.5,602.462555644879,7.75776385682291
264166.079804383,3841548.85614744,612.808094153298,L6_1,34.5,596.89867456901,6.22866003718105
264166.079804383,3841548.85614744,612.808094153298,L6_1,34.5,591.056599439347,5.26789745306278
264166.079804383,3841548.85614744,612.808094153298,L6_1,34.5,584.922420553201,4.06540189315027
264166.079804383,3841548.85614744,612.808094153298,L6_1,34.5,578.481532722748,2.98264438205247
264166.079804383,3841548.85614744,612.808094153298,L6_1,34.5,571.718600500773,2.36258233717287
264166.079804383,3841548.85614744,612.808094153298,L6_1,34.5,564.617521667698,2.19798427207804
264166.079804383,3841548.85614744,612.808094153298,L6_1,34.5,557.16138889297,2.3714218049816
264166.079804383,3841548.85614744,612.808094153298,L6_1,34.5,549.332449479505,2.80985621754927
264166.079804383,3841548.85614744,612.808094153298,L6_1,34.5,541.112063095368,3.50265104572626
264166.079804383,3841548.85614744,612.808094153298,L6_1,34.5,532.480657392023,4.47274936496502
264166.079804383,3841548.85614744,612.808094153298,L6_1,34.5,523.417681403511,5.74114830044442
264166.079804383,3841548.85614744,612.808094153298,L6_1,34.5,513.901556615573,7.30200250040965
264166.079804383,3841548.85614744,612.808094153298,L6_1,34.5,503.909625588239,9.12113247050384
264166.079804383,3841548.85614744,612.808094153298,L6_1,34.5,493.418098009538,11.1534288611951
264166.079804383,3841548.85614744,612.808094153298,L6_1,34.5,482.401994051902,13.3558565758308
264166.079804383,3841548.85614744,612.808094153298,L6_1,34.5,470.835084896384,15.682081401221
264166.079804383,3841548.85614744,612.808094153298,L6_1,34.5,458.68983028309,18.0685225450489
264166.079804383,3841548.85614744,612.808094153298,L6_1,34.5,445.937312939131,20.4288956074423
264166.079804383,3841548.85614744,612.808094153298,L6_1,34.5,432.547169727975,22.663621836891
264166.079804383,3841548.85614744,612.808094153298,L6_1,34.5,418.48751935626,24.678007403686
264166.079804383,3841548.85614744,612.808094153298,L6_1,34.5,403.72488646596,26.398711860757
264166.079804383,3841548.85614744,612.808094153298,L6_1,34.5,388.224121931145,27.781422822554
264166.079804383,3841548.85614744,612.808094153298,L6_1,34.5,371.948319169589,28.8091501282237
264166.079804383,3841548.85614744,612.808094153298,L6_1,34.5,354.858726269956,29.4851689692894
264166.079804383,3841548.85614744,612.808094153298,L6_1,34.5,336.91465372534,29.8252340298998
264166.079804383,3841548.85614744,612.808094153298,L6_1,34.5,318.073377553494,29.8518162127789
264166.079804383,3841548.85614744,612.808094153298,L6_1,34.5,298.290037573056,29.5908962724445
264166.079804383,3841548.85614744,612.808094153298,L6_1,34.5,277.517530593596,29.0707745508377
264166.079804383,3841548.85614744,612.808094153298,L6_1,34.5,255.708451005632,28.3219844956718
264166.079804383,3841548.85614744,612.808094153298,L6_1,34.5,233.018253536091,27.3826893664309
264166.079804383,3841548.85614744,612.808094153298,L6_1,34.5,209.193546193073,26.2916401123866
264166.079804383,3841548.85614744,612.808094153298,L6_1,34.5,184.177603482904,25.0826176192612
264166.079804383,3841548.85614744,612.808094153298,L6_1,34.5,157.910863637227,23.7900145883973
264166.079804383,3841548.85614744,612.808094153298,L6_1,34.5,130.330786799265,22.4477972709442
264166.079804383,3841548.85614744,612.808094153298,L6_1,34.5,101.371706119406,21.0883612518912
264166.079804383,3841548.85614744,612.808094153298,L6_1,34.5,70.9646714055538,19.7413918335582
264166.079804383,3841548.85614744,612.808094153298,L6_1,34.5,39.0372849560089,18.4329480351098
264166.079804383,3841548.85614744,612.808094153298,L6_1,34.5,,
264166.079804383,3841548.85614744,612.808094153298,L6_1,34.5,,
264166.079804383,3841548.85614744,612.808094153298,L6_1,34.5,,
264166.079804383,3841548.85614744,612.808094153298,L6_1,34.5,,
264166.079804383,3841548.85614744,612.808094153298,L6_1,34.5,,
264166.079804383,3841548.85614744,612.808094153298,L6_1,34.5,,
264166.079804383,3841548.85614744,612.808094153298,L6_1,34.5,,
264166.079804383,3841548.85614744,612.808094153298,L6_1,34.5,,
264166.079804383,3841548.85614744,612.808094153298,L6_1,34.5,,
264166.079804383,3841548.85614744,612.808094153298,L6_1,34.5,,
264166.079804383,3841548.85614744,612.808094153298,L6_1,34.5,,
264166.079804383,3841548.85614744,612.808094153298,L6_1,34.5,,
264166.079804383,3841548.85614744,612.808094153298,L6_1,34.5,,
264166.079804383,3841548.85614744,612.808094153298,L6_1,34.5,,
264166.079804383,3841548.85614744,612.808094153298,L6_1,34.5,,
264166.079804383,3841548.85614744,612.808094153298,L6_1,34.5,,
264166.079804383,3841548.85614744,612.808094153298,L6_1,34.5,,
264166.079804383,3841548.85614744,612.808094153298,L6_1,34.5,,
264166.079804383,3841548.85614744,612.808094153298,L6_1,34.5,,
264166.079804383,3841548.85614744,612.808094153298,L6_1,34.5,,
264166.079804383,3841548.85614744,612.808094153298,L6_1,34.5,,
264171.034211661,3841552.24993775,613.070822972464,L6_1,40.5,613.070822972464,14.2922599707698
264171.034211661,3841552.24993775,613.070822972464,L6_1,40.5,608.02050359411,10.6574885139791
264171.034211661,3841552.24993775,613.070822972464,L6_1,40.5,602.717668246838,7.01477494808539
264171.034211661,3841552.24993775,613.070822972464,L6_1,40.5,597.149691132202,6.06785405323516
264171.034211661,3841552.24993775,613.070822972464,L6_1,40.5,591.303315161835,5.55837276652375
264171.034211661,3841552.24993775,613.070822972464,L6_1,40.5,585.164620392949,4.50947682845879
264171.034211661,3841552.24993775,613.070822972464,L6_1,40.5,578.718990885619,3.33732490920642
264171.034211661,3841552.24993775,613.070822972464,L6_1,40.5,571.951079902922,2.5705172249999
264171.034211661,3841552.24993775,613.070822972464,L6_1,40.5,564.844773371091,2.28542220926346
264171.034211661,3841552.24993775,613.070822972464,L6_1,40.5,557.383151512668,2.36915128111853
264171.034211661,3841552.24993775,613.070822972464,L6_1,40.5,549.548448561323,2.74161329734835
264171.034211661,3841552.24993775,613.070822972464,L6_1,40.5,541.322010462412,3.3905819895079
264171.034211661,3841552.24993775,613.070822972464,L6_1,40.5,532.684250458555,4.34280776274552
264171.034211661,3841552.24993775,613.070822972464,L6_1,40.5,523.614602454505,5.62714508395876
264171.034211661,3841552.24993775,613.070822972464,L6_1,40.5,514.091472050253,7.24545702656961
264171.034211661,3841552.24993775,613.070822972464,L6_1,40.5,504.092185125788,9.16428540009416
264171.034211661,3841552.24993775,613.070822972464,L6_1,40.5,493.5929338551,11.328610233866
264171.034211661,3841552.24993775,613.070822972464,L6_1,40.5,482.568720020878,13.6782069001052
264171.034211661,3841552.24993775,613.070822972464,L6_1,40.5,470.993295494944,16.1488662368868
264171.034211661,3841552.24993775,613.070822972464,L6_1,40.5,458.839099742713,18.6627622147534
264171.034211661,3841552.24993775,613.070822972464,L6_1,40.5,446.077194202872,21.1240231784114
264171.034211661,3841552.24993775,613.070822972464,L6_1,40.5,432.677193386038,23.4278282986481
264171.034211661,3841552.24993775,613.070822972464,L6_1,40.5,418.607192528362,25.4782429843397
264171.034211661,3841552.24993775,613.070822972464,L6_1,40.5,403.833691627802,27.2042712816881
264171.034211661,3841552.24993775,613.070822972464,L6_1,40.5,388.321515682215,28.5666830017932
264171.034211661,3841552.24993775,613.070822972464,L6_1,40.5,372.033730939348,29.5550690012077
264171.034211661,3841552.24993775,613.070822972464,L6_1,40.5,354.931556959338,30.1795021651404
264171.034211661,3841552.24993775,613.070822972464,L6_1,40.5,336.974274280328,30.4617709841201
264171.034211661,3841552.24993775,613.070822972464,L6_1,40.5,318.119127467366,30.4290807273126
264171.034211661,3841552.24993775,613.070822972464,L6_1,40.5,298.321223313757,30.1106955600581
264171.034211661,3841552.24993775,613.070822972464,L6_1,40.5,277.533423952467,29.5368639720687
264171.034211661,3841552.24993775,613.070822972464,L6_1,40.5,255.708451005632,28.7389843572835
264171.034211661,3841552.24993775,613.070822972464,L6_1,40.5,233.018253536091,27.7558122600019
264171.034211661,3841552.24993775,613.070822972464,L6_1,40.5,209.193546193073,26.626063250388
264171.034211661,3841552.24993775,613.070822972464,L6_1,40.5,184.177603482904,25.3826614194619
264171.034211661,3841552.24993775,613.070822972464,L6_1,40.5,157.910863637227,24.0591321051162
264171.034211661,3841552.24993775,613.070822972464,L6_1,40.5,130.330786799265,22.6886686383105
264171.034211661,3841552.24993775,613.070822972464,L6_1,40.5,101.371706119406,21.3030583198012
264171.034211661,3841552.24993775,613.070822972464,L6_1,40.5,70.9646714055538,19.9315747430397
264171.034211661,3841552.24993775,613.070822972464,L6_1,40.5,39.0372849560089,18.6000515673451
264171.034211661,3841552.24993775,613.070822972464,L6_1,40.5,,
264171.034211661,3841552.24993775,613.070822972464,L6_1,40.5,,
264171.034211661,3841552.24993775,613.070822972464,L6_1,40.5,,
264171.034211661,3841552.24993775,613.070822972464,L6_1,40.5,,
264171.034211661,3841552.24993775,613.070822972464,L6_1,40.5,,
264171.034211661,3841552.24993775,613.070822972464,L6_1,40.5,,
264171.034211661,3841552.24993775,613.070822972464,L6_1,40.5,,
264171.034211661,3841552.24993775,613.070822972464,L6_1,40.5,,
264171.034211661,3841552.24993775,613.070822972464,L6_1,40.5,,
264171.034211661,3841552.24993775,613.070822972464,L6_1,40.5,,
264171.034211661,3841552.24993775,613.070822972464,L6_1,40.5,,
264171.034211661,3841552.24993775,613.070822972464,L6_1,40.5,,
264171.034211661,3841552.24993775,613.070822972464,L6_1,40.5,,
264171.034211661,3841552.24993775,613.070822972464,L6_1,40.5,,
264171.034211661,3841552.24993775,613.070822972464,L6_1,40.5,,
264171.034211661,3841552.24993775,613.070822972464,L6_1,40.5,,
264171.034211661,3841552.24993775,613.070822972464,L6_1,40.5,,
264171.034211661,3841552.24993775,613.070822972464,L6_1,40.5,,
264171.034211661,3841552.24993775,613.070822972464,L6_1,40.5,,
264171.034211661,3841552.24993775,613.070822972464,L6_1,40.5,,
264171.034211661,3841552.24993775,613.070822972464,L6_1,40.5,,
264176.401486213,3841555.92654391,613.294696682126,L6_1,47.0,613.294696682126,8.29813186170593
264176.401486213,3841555.92654391,613.294696682126,L6_1,47.0,608.241211522963,8.25092155682729
264176.401486213,3841555.92654391,613.294696682126,L6_1,47.0,602.935052105842,8.44559631235187
264176.401486213,3841555.92654391,613.294696682126,L6_1,47.0,597.363584717865,8.84800036154303
264176.401486213,3841555.92654391,613.294696682126,L6_1,47.0,591.513543960489,8.28450601576287
264176.401486213,3841555.92654391,613.294696682126,L6_1,47.0,585.371001165244,6.35120747306396
264176.401486213,3841555.92654391,613.294696682126,L6_1,47.0,578.921331230237,4.2941739906027
264176.401486213,3841555.92654391,613.294696682126,L6_1,47.0,572.14917779848,3.00025948140634
264176.401486213,3841555.92654391,613.294696682126,L6_1,47.0,565.038416695134,2.45014925456922
264176.401486213,3841555.92654391,613.294696682126,L6_1,47.0,557.572117536622,2.39230346227621
264176.401486213,3841555.92654391,613.294696682126,L6_1,47.0,549.732503420184,2.67769718563371
264176.401486213,3841555.92654391,613.294696682126,L6_1,47.0,541.500908597924,3.26995948218295
264176.401486213,3841555.92654391,613.294696682126,L6_1,47.0,532.857734034551,4.19233497032559
264176.401486213,3841555.92654391,613.294696682126,L6_1,47.0,523.782400743009,5.48023952582432
264176.401486213,3841555.92654391,613.294696682126,L6_1,47.0,514.25330078689,7.14462236155375
264176.401486213,3841555.92654391,613.294696682126,L6_1,47.0,504.247745832965,9.15493910715141
264176.401486213,3841555.92654391,613.294696682126,L6_1,47.0,493.741913131344,11.4475153410943
264176.401486213,3841555.92654391,613.294696682126,L6_1,47.0,482.710788794642,13.9443983480596
264176.401486213,3841555.92654391,613.294696682126,L6_1,47.0,471.128108241105,16.5617946511429
264176.401486213,3841555.92654391,613.294696682126,L6_1,47.0,458.966293659891,19.2059591813031
264176.401486213,3841555.92654391,613.294696682126,L6_1,47.0,446.196388349616,21.7705080147923
264176.401486213,3841555.92654391,613.294696682126,L6_1,47.0,432.787987773828,24.14523594708
264176.401486213,3841555.92654391,613.294696682126,L6_1,47.0,418.70916716925,26.2332915765834
264176.401486213,3841555.92654391,613.294696682126,L6_1,47.0,403.926405534443,27.9664725024084
264176.401486213,3841555.92654391,613.294696682126,L6_1,47.0,388.404505817896,29.3109671064779
264176.401486213,3841555.92654391,613.294696682126,L6_1,47.0,372.106511115522,30.2630728514369
264176.401486213,3841555.92654391,613.294696682126,L6_1,47.0,354.993616678028,30.8395912975666
264176.401486213,3841555.92654391,613.294696682126,L6_1,47.0,337.025077518661,31.0681504618265
264176.401486213,3841555.92654391,613.294696682126,L6_1,47.0,318.158111401324,30.9804399956365
264176.401486213,3841555.92654391,613.294696682126,L6_1,47.0,298.347796978121,30.608767878478
264176.401486213,3841555.92654391,613.294696682126,L6_1,47.0,277.546966833758,29.9851418880792
264176.401486213,3841555.92654391,613.294696682126,L6_1,47.0,255.708451005632,29.1417021422558
264176.401486213,3841555.92654391,613.294696682126,L6_1,47.0,233.018253536091,28.117714035785
264176.401486213,3841555.92654391,613.294696682126,L6_1,47.0,209.193546193073,26.9518210601861
264176.401486213,3841555.92654391,613.294696682126,L6_1,47.0,184.177603482904,25.6761184362383
264176.401486213,3841555.92654391,613.294696682126,L6_1,47.0,157.910863637227,24.3233153280739
264176.401486213,3841555.92654391,613.294696682126,L6_1,47.0,130.330786799265,22.9258960031763
264176.401486213,3841555.92654391,613.294696682126,L6_1,47.0,101.371706119406,21.515099539519
264176.401486213,3841555.92654391,613.294696682126,L6_1,47.0,70.9646714055538,20.1198462281755
264176.401486213,3841555.92654391,613.294696682126,L6_1,47.0,39.0372849560089,18.7657990723738
264176.401486213,3841555.92654391,613.294696682126,L6_1,47.0,,
264176.401486213,3841555.92654391,613.294696682126,L6_1,47.0,,
264176.401486213,3841555.92654391,613.294696682126,L6_1,47.0,,
264176.401486213,3841555.92654391,613.294696682126,L6_1,47.0,,
264176.401486213,3841555.92654391,613.294696682126,L6_1,47.0,,
264176.401486213,3841555.92654391,613.294696682126,L6_1,47.0,,
264176.401486213,3841555.92654391,613.294696682126,L6_1,47.0,,
264176.401486213,3841555.92654391,613.294696682126,L6_1,47.0,,
264176.401486213,3841555.92654391,613.294696682126,L6_1,47.0,,
264176.401486213,3841555.92654391,613.294696682126,L6_1,47.0,,
264176.401486213,3841555.92654391,613.294696682126,L6_1,47.0,,
264176.401486213,3841555.92654391,613.294696682126,L6_1,47.0,,
264176.401486213,3841555.92654391,613.294696682126,L6_1,47.0,,
264176.401486213,3841555.92654391,613.294696682126,L6_1,47.0,,
264176.401486213,3841555.92654391,613.294696682126,L6_1,47.0,,
264176.401486213,3841555.92654391,613.294696682126,L6_1,47.0,,
264176.401486213,3841555.92654391,613.294696682126,L6_1,47.0,,
264176.401486213,3841555.92654391,613.294696682126,L6_1,47.0,,
264176.401486213,3841555.92654391,613.294696682126,L6_1,47.0,,
264176.401486213,3841555.92654391,613.294696682126,L6_1,47.0,,
264176.401486213,3841555.92654391,613.294696682126,L6_1,47.0,,
264181.355885742,3841559.32033939,613.518570391788,L6_1,53.0,613.518570391788,7.38285253036651
264181.355885742,3841559.32033939,613.518570391788,L6_1,53.0,608.461919451817,9.12496526619065
264181.355885742,3841559.32033939,613.518570391788,L6_1,53.0,603.152435964847,13.2918127132267
264181.355885742,3841559.32033939,613.518570391788,L6_1,53.0,597.577478303528,15.8750833981755
264181.355885742,3841559.32033939,613.518570391788,L6_1,53.0,591.723772759143,13.9626201298764
264181.355885742,3841559.32033939,613.518570391788,L6_1,53.0,585.577381937539,9.43563867709824
264181.355885742,3841559.32033939,613.518570391788,L6_1,53.0,579.123671574855,5.60624108284302
264181.355885742,3841559.32033939,613.518570391788,L6_1,53.0,572.347275694037,3.50210299329432
264181.355885742,3841559.32033939,613.518570391788,L6_1,53.0,565.232060019178,2.62204763050594
264181.355885742,3841559.32033939,613.518570391788,L6_1,53.0,557.761083560576,2.41545725761799
264181.355885742,3841559.32033939,613.518570391788,L6_1,53.0,549.916558279044,2.61823156962364
264181.355885742,3841559.32033939,613.518570391788,L6_1,53.0,541.679806733435,3.15738476893126
264181.355885742,3841559.32033939,613.518570391788,L6_1,53.0,533.031217610546,4.04921142869571
264181.355885742,3841559.32033939,613.518570391788,L6_1,53.0,523.950199031512,5.33500506474362
264181.355885742,3841559.32033939,613.518570391788,L6_1,53.0,514.415129523527,7.03560464935059
264181.355885742,3841559.32033939,613.518570391788,L6_1,53.0,504.403306540142,9.1254440525189
264181.355885742,3841559.32033939,613.518570391788,L6_1,53.0,493.890892407588,11.5346905830367
264181.355885742,3841559.32033939,613.518570391788,L6_1,53.0,482.852857568407,14.1693675020967
264181.355885742,3841559.32033939,613.518570391788,L6_1,53.0,471.262920987266,16.9265329830571
264181.355885742,3841559.32033939,613.518570391788,L6_1,53.0,459.093487577068,19.6961737658847
264181.355885742,3841559.32033939,613.518570391788,L6_1,53.0,446.315582496361,22.3609541703445
264181.355885742,3841559.32033939,613.518570391788,L6_1,53.0,432.898782161618,24.8050882140289
264181.355885742,3841559.32033939,613.518570391788,L6_1,53.0,418.811141810138,26.9308272845743
264181.355885742,3841559.32033939,613.518570391788,L6_1,53.0,404.019119441084,28.6728074583559
264181.355885742,3841559.32033939,613.518570391788,L6_1,53.0,388.487495953577,30.0025447580689
264181.355885742,3841559.32033939,613.518570391788,L6_1,53.0,372.179291291695,30.9227786619984
264181.355885742,3841559.32033939,613.518570391788,L6_1,53.0,355.055676396719,31.4566494321919
264181.355885742,3841559.32033939,613.518570391788,L6_1,53.0,337.075880756994,31.6371962646898
264181.355885742,3841559.32033939,613.518570391788,L6_1,53.0,318.197095335282,31.5002015550907
264181.355885742,3841559.32033939,613.518570391788,L6_1,53.0,298.374370642485,31.0807132650779
264181.355885742,3841559.32033939,613.518570391788,L6_1,53.0,277.560509715049,30.4122919225699
264181.355885742,3841559.32033939,613.518570391788,L6_1,53.0,255.708451005632,29.5277080854717
264181.355885742,3841559.32033939,613.518570391788,L6_1,53.0,233.018253536091,28.4666471152254
264181.355885742,3841559.32033939,613.518570391788,L6_1,53.0,209.193546193073,27.2676584234252
264181.355885742,3841559.32033939,613.518570391788,L6_1,53.0,184.177603482904,25.9620885881569
264181.355885742,3841559.32033939,613.518570391788,L6_1,53.0,157.910863637227,24.581916086322
264181.355885742,3841559.32033939,613.518570391788,L6_1,53.0,130.330786799265,23.159005187687
264181.355885742,3841559.32033939,613.518570391788,L6_1,53.0,101.371706119406,21.7241346376884
264181.355885742,3841559.32033939,613.518570391788,L6_1,53.0,70.9646714055538,20.3059455979732
264181.355885742,3841559.32033939,613.518570391788,L6_1,53.0,39.0372849560089,18.9299920462013
264181.355885742,3841559.32033939,613.518570391788,L6_1,53.0,,
264181.355885742,3841559.32033939,613.518570391788,L6_1,53.0,,
264181.355885742,3841559.32033939,613.518570391788,L6_1,53.0,,
264181.355885742,3841559.32033939,613.518570391788,L6_1,53.0,,
264181.355885742,3841559.32033939,613.518570391788,L6_1,53.0,,
264181.355885742,3841559.32033939,613.518570391788,L6_1,53.0,,
264181.355885742,3841559.32033939,613.518570391788,L6_1,53.0,,
264181.355885742,3841559.32033939,613.518570391788,L6_1,53.0,,
264181.355885742,3841559.32033939,613.518570391788,L6_1,53.0,,
264181.355885742,3841559.32033939,613.518570391788,L6_1,53.0,,
264181.355885742,3841559.32033939,613.518570391788,L6_1,53.0,,
264181.355885742,3841559.32033939,613.518570391788,L6_1,53.0,,
264181.355885742,3841559.32033939,613.518570391788,L6_1,53.0,,
264181.355885742,3841559.32033939,613.518570391788,L6_1,53.0,,
264181.355885742,3841559.32033939,613.518570391788,L6_1,53.0,,
264181.355885742,3841559.32033939,613.518570391788,L6_1,53.0,,
264181.355885742,3841559.32033939,613.518570391788,L6_1,53.0,,
264181.355885742,3841559.32033939,613.518570391788,L6_1,53.0,,
264181.355885742,3841559.32033939,613.518570391788,L6_1,53.0,,
264181.355885742,3841559.32033939,613.518570391788,L6_1,53.0,,
264181.355885742,3841559.32033939,613.518570391788,L6_1,53.0,,
264186.723143501,3841562.99695676,613.74244410145,L6_1,59.5,613.74244410145,7.3896846988053
264186.723143501,3841562.99695676,613.74244410145,L6_1,59.5,608.68262738067,11.4148753250257
264186.723143501,3841562.99695676,613.74244410145,L6_1,59.5,603.369819823851,22.5593012750149
264186.723143501,3841562.99695676,613.74244410145,L6_1,59.5,597.791371889191,28.1017117549349
264186.723143501,3841562.99695676,613.74244410145,L6_1,59.5,591.934001557798,22.1209008392044
264186.723143501,3841562.99695676,613.74244410145,L6_1,59.5,585.783762709835,13.0593159959968
264186.723143501,3841562.99695676,613.74244410145,L6_1,59.5,579.326011919474,6.92009670639883
264186.723143501,3841562.99695676,613.74244410145,L6_1,59.5,572.545373589595,3.95608854611853
264186.723143501,3841562.99695676,613.74244410145,L6_1,59.5,565.425703343222,2.77237175271968
264186.723143501,3841562.99695676,613.74244410145,L6_1,59.5,557.95004958453,2.44146338774003
264186.723143501,3841562.99695676,613.74244410145,L6_1,59.5,550.100613137904,2.57867344202519
264186.723143501,3841562.99695676,613.74244410145,L6_1,59.5,541.858704868947,3.07601909779558
264186.723143501,3841562.99695676,613.74244410145,L6_1,59.5,533.204701186541,3.94317977516802
264186.723143501,3841562.99695676,613.74244410145,L6_1,59.5,524.117997320016,5.22650865478304
264186.723143501,3841562.99695676,613.74244410145,L6_1,59.5,514.576958260164,6.95604912092418
264186.723143501,3841562.99695676,613.74244410145,L6_1,59.5,504.558867247319,9.11208291054502
264186.723143501,3841562.99695676,613.74244410145,L6_1,59.5,494.039871683832,11.6213431700252
264186.723143501,3841562.99695676,613.74244410145,L6_1,59.5,482.994926342171,14.3771344083505
264186.723143501,3841562.99695676,613.74244410145,L6_1,59.5,471.397733733427,17.2597269973229
264186.723143501,3841562.99695676,613.74244410145,L6_1,59.5,459.220681494246,20.1438051071485
264186.723143501,3841562.99695676,613.74244410145,L6_1,59.5,446.434776643106,22.9011299089859
264186.723143501,3841562.99695676,613.74244410145,L6_1,59.5,433.009576549408,25.4100606106268
264186.723143501,3841562.99695676,613.74244410145,L6_1,59.5,418.913116451026,27.5716545547916
264186.723143501,3841562.99695676,613.74244410145,L6_1,59.5,404.111833347724,29.3230755341327
264186.723143501,3841562.99695676,613.74244410145,L6_1,59.5,388.570486089258,30.6407717675225
264186.723143501,3841562.99695676,613.74244410145,L6_1,59.5,372.252071467868,31.5334286906377
264186.723143501,3841562.99695676,613.74244410145,L6_1,59.5,355.117736115409,32.0299767693152
264186.723143501,3841562.99695676,613.74244410145,L6_1,59.5,337.126683995327,32.1683331445062
264186.723143501,3841562.99695676,613.74244410145,L6_1,59.5,318.23607926924,31.9879265761113
264186.723143501,3841562.99695676,613.74244410145,L6_1,59.5,298.40094430685,31.5262151498649
264186.723143501,3841562.99695676,613.74244410145,L6_1,59.5,277.574052596339,30.8180995610641
264186.723143501,3841562.99695676,613.74244410145,L6_1,59.5,255.708451005632,29.8968715755684
264186.723143501,3841562.99695676,613.74244410145,L6_1,59.5,233.018253536091,28.80253965139
264186.723143501,3841562.99695676,613.74244410145,L6_1,59.5,209.193546193073,27.5735375007942
264186.723143501,3841562.99695676,613.74244410145,L6_1,59.5,184.177603482904,26.240554047653
264186.723143501,3841562.99695676,613.74244410145,L6_1,59.5,157.910863637227,24.8349255798389
264186.723143501,3841562.99695676,613.74244410145,L6_1,59.5,130.330786799265,23.3879890112007
264186.723143501,3841562.99695676,613.74244410145,L6_1,59.5,101.371706119406,21.9301544651003
264186.723143501,3841562.99695676,613.74244410145,L6_1,59.5,70.9646714055538,20.489860229289
264186.723143501,3841562.99695676,613.74244410145,L6_1,59.5,39.0372849560089,19.0926157028104
264186.723143501,3841562.99695676,613.74244410145,L6_1,59.5,,
264186.723143501,3841562.99695676,613.74244410145,L6_1,59.5,,
264186.723143501,3841562.99695676,613.74244410145,L6_1,59.5,,
264186.723143501,3841562.99695676,613.74244410145,L6_1,59.5,,
264186.723143501,3841562.99695676,613.74244410145,L6_1,59.5,,
264186.723143501,3841562.99695676,613.74244410145,L6_1,59.5,,
264186.723143501,3841562.99695676,613.74244410145,L6_1,59.5,,
264186.723143501,3841562.99695676,613.74244410145,L6_1,59.5,,
264186.723143501,3841562.99695676,613.74244410145,L6_1,59.5,,
264186.723143501,3841562.99695676,613.74244410145,L6_1,59.5,,
264186.723143501,3841562.99695676,613.74244410145,L6_1,59.5,,
264186.723143501,3841562.99695676,613.74244410145,L6_1,59.5,,
264186.723143501,3841562.99695676,613.74244410145,L6_1,59.5,,
264186.723143501,3841562.99695676,613.74244410145,L6_1,59.5,,
264186.723143501,3841562.99695676,613.74244410145,L6_1,59.5,,
264186.723143501,3841562.99695676,613.74244410145,L6_1,59.5,,
264186.723143501,3841562.99695676,613.74244410145,L6_1,59.5,,
264186.723143501,3841562.99695676,613.74244410145,L6_1,59.5,,
264186.723143501,3841562.99695676,613.74244410145,L6_1,59.5,,
264186.723143501,3841562.99695676,613.74244410145,L6_1,59.5,,
264186.723143501,3841562.99695676,613.74244410145,L6_1,59.5,,
264191.677535279,3841566.39075741,613.839868705016,L6_1,65.5,613.839868705016,7.062047800221
264191.677535279,3841566.39075741,613.839868705016,L6_1,65.5,608.778674310454,11.1717432405224
264191.677535279,3841566.39075741,613.839868705016,L6_1,65.5,603.464420196163,23.1778337445626
264191.677535279,3841566.39075741,613.839868705016,L6_1,65.5,597.884453376159,29.6629265596129
264191.677535279,3841566.39075741,613.839868705016,L6_1,65.5,592.025488215154,23.2700885147168
264191.677535279,3841566.39075741,613.839868705016,L6_1,65.5,585.873574796099,13.5966688093094
264191.677535279,3841566.39075741,613.839868705016,L6_1,65.5,579.414065706091,7.15207960396716
264191.677535279,3841566.39075741,613.839868705016,L6_1,65.5,572.631581161583,4.06085711276782
264191.677535279,3841566.39075741,613.839868705016,L6_1,65.5,565.509972389849,2.81560013289125
264191.677535279,3841566.39075741,613.839868705016,L6_1,65.5,558.032283179528,2.4476363880157
264191.677535279,3841566.39075741,613.839868705016,L6_1,65.5,550.180709508692,2.55838754435881
264191.677535279,3841566.39075741,613.839868705016,L6_1,65.5,541.936557154314,3.03616495718748
264191.677535279,3841566.39075741,613.839868705016,L6_1,65.5,533.280197182217,3.89232138975304
264191.677535279,3841566.39075741,613.839868705016,L6_1,65.5,524.191019211515,5.17884645174635
264191.677535279,3841566.39075741,613.839868705016,L6_1,65.5,514.647382342277,6.93341726677158
264191.677535279,3841566.39075741,613.839868705016,L6_1,65.5,504.626563629578,9.14189092768954
264191.677535279,3841566.39075741,613.839868705016,L6_1,65.5,494.104703981245,11.7302432404498
264191.677535279,3841566.39075741,613.839868705016,L6_1,65.5,483.056751350494,14.5836734591767
264191.677535279,3841566.39075741,613.839868705016,L6_1,65.5,471.456401088206,17.5698980574709
264191.677535279,3841566.39075741,613.839868705016,L6_1,65.5,459.276033312803,20.5507667456551
264191.677535279,3841566.39075741,613.839868705016,L6_1,65.5,446.48664714863,23.387956521386
264191.677535279,3841566.39075741,613.839868705016,L6_1,65.5,433.057791676249,25.9538688324644
264191.677535279,3841566.39075741,613.839868705016,L6_1,65.5,418.957493430249,28.147866343213
264191.677535279,3841566.39075741,613.839868705016,L6_1,65.5,404.152180271948,29.908963379359
264191.677535279,3841566.39075741,613.839868705016,L6_1,65.5,388.606601455733,31.2177574087399
264191.677535279,3841566.39075741,613.839868705016,L6_1,65.5,372.283743698707,32.0880331553934
264191.677535279,3841566.39075741,613.839868705016,L6_1,65.5,355.144743053829,32.5536796801259
264191.677535279,3841566.39075741,613.839868705016,L6_1,65.5,337.148792376708,32.6567724356437
264191.677535279,3841566.39075741,613.839868705016,L6_1,65.5,318.25304416573,32.4398382999231
264191.677535279,3841566.39075741,613.839868705016,L6_1,65.5,298.412508544204,31.9423692099712
264191.677535279,3841566.39075741,613.839868705016,L6_1,65.5,277.579946141601,31.2003850930942
264191.677535279,3841566.39075741,613.839868705016,L6_1,65.5,255.708451005632,30.2476105181724
264191.677535279,3841566.39075741,613.839868705016,L6_1,65.5,233.018253536091,29.1242702982106
264191.677535279,3841566.39075741,613.839868705016,L6_1,65.5,209.193546193073,27.8686610445625
264191.677535279,3841566.39075741,613.839868705016,L6_1,65.5,184.177603482904,26.5109361395713
264191.677535279,3841566.39075741,613.839868705016,L6_1,65.5,157.910863637227,25.0819162387734
264191.677535279,3841566.39075741,613.839868705016,L6_1,65.5,130.330786799265,23.6125265697891
264191.677535279,3841566.39075741,613.839868705016,L6_1,65.5,101.371706119406,22.1329116132522
264191.677535279,3841566.39075741,613.839868705016,L6_1,65.5,70.9646714055538,20.671393982264
264191.677535279,3841566.39075741,613.839868705016,L6_1,65.5,39.0372849560089,19.2535108396255
264191.677535279,3841566.39075741,613.839868705016,L6_1,65.5,,
264191.677535279,3841566.39075741,613.839868705016,L6_1,65.5,,
264191.677535279,3841566.39075741,613.839868705016,L6_1,65.5,,
264191.677535279,3841566.39075741,613.839868705016,L6_1,65.5,,
264191.677535279,3841566.39075741,613.839868705016,L6_1,65.5,,
264191.677535279,3841566.39075741,613.839868705016,L6_1,65.5,,
264191.677535279,3841566.39075741,613.839868705016,L6_1,65.5,,
264191.677535279,3841566.39075741,613.839868705016,L6_1,65.5,,
264191.677535279,3841566.39075741,613.839868705016,L6_1,65.5,,
264191.677535279,3841566.39075741,613.839868705016,L6_1,65.5,,
264191.677535279,3841566.39075741,613.839868705016,L6_1,65.5,,
264191.677535279,3841566.39075741,613.839868705016,L6_1,65.5,,
264191.677535279,3841566.39075741,613.839868705016,L6_1,65.5,,
264191.677535279,3841566.39075741,613.839868705016,L6_1,65.5,,
264191.677535279,3841566.39075741,613.839868705016,L6_1,65.5,,
264191.677535279,3841566.39075741,613.839868705016,L6_1,65.5,,
264191.677535279,3841566.39075741,613.839868705016,L6_1,65.5,,
264191.677535279,3841566.39075741,613.839868705016,L6_1,65.5,,
264191.677535279,3841566.39075741,613.839868705016,L6_1,65.5,,
264191.677535279,3841566.39075741,613.839868705016,L6_1,65.5,,
264191.677535279,3841566.39075741,613.839868705016,L6_1,65.5,,
264197.044793038,3841570.06737479,613.810810502157,L6_1,72.0,613.810810502157,6.41907416059831
264197.044793038,3841570.06737479,613.810810502157,L6_1,72.0,608.750027017394,8.49362760003904
264197.044793038,3841570.06737479,613.810810502157,L6_1,72.0,603.436204358392,14.4017678751314
264197.044793038,3841570.06737479,613.810810502157,L6_1,72.0,597.85669056644,18.9349012333361
264197.044793038,3841570.06737479,613.810810502157,L6_1,72.0,591.998201084891,16.5764857593175
264197.044793038,3841570.06737479,613.810810502157,L6_1,72.0,585.846787129264,10.8365383323029
264197.044793038,3841570.06737479,613.810810502157,L6_1,72.0,579.387802475856,6.26839228573111
264197.044793038,3841570.06737479,613.810810502157,L6_1,72.0,572.605868589777,3.82054499331897
264197.044793038,3841570.06737479,613.810810502157,L6_1,72.0,565.484838009395,2.76436704489122
264197.044793038,3841570.06737479,613.810810502157,L6_1,72.0,558.007755899993,2.44807879249143
264197.044793038,3841570.06737479,613.810810502157,L6_1,72.0,550.156819685122,2.57172323987805
264197.044793038,3841570.06737479,613.810810502157,L6_1,72.0,541.913336659506,3.05311114796599
264197.044793038,3841570.06737479,613.810810502157,L6_1,72.0,533.25767948261,3.91392024939734
264197.044793038,3841570.06737479,613.810810502157,L6_1,72.0,524.16923944687,5.21184282461485
264197.044793038,3841570.06737479,613.810810502157,L6_1,72.0,514.626377409342,6.98956999700626
264197.044793038,3841570.06737479,613.810810502157,L6_1,72.0,504.606372269937,9.23718016645893
264197.044793038,3841570.06737479,613.810810502157,L6_1,72.0,494.085366873563,11.8820873517343
264197.044793038,3841570.06737479,613.810810502157,L6_1,72.0,483.03831120737,14.8063843520714
264197.044793038,3841570.06737479,613.810810502157,L6_1,72.0,471.438902757867,17.8703833928907
264197.044793038,3841570.06737479,613.810810502157,L6_1,72.0,459.259523885889,20.926452490176
264197.044793038,3841570.06737479,613.810810502157,L6_1,72.0,446.471176070312,23.8275405525305
264197.044793038,3841570.06737479,613.810810502157,L6_1,72.0,433.043410863956,26.4401710302918
264197.044793038,3841570.06737479,613.810810502157,L6_1,72.0,418.944257397283,28.661465095905
264197.044793038,3841570.06737479,613.810810502157,L6_1,72.0,404.140146257275,30.4314540311913
264197.044793038,3841570.06737479,613.810810502157,L6_1,72.0,388.595829560268,31.7339176630379
264197.044793038,3841570.06737479,613.810810502157,L6_1,72.0,372.27429702841,32.586732391874
264197.044793038,3841570.06737479,613.810810502157,L6_1,72.0,355.136687869959,33.0277912596915
264197.044793038,3841570.06737479,613.810810502157,L6_1,72.0,337.142198253586,33.1025265335281
264197.044793038,3841570.06737479,613.810810502157,L6_1,72.0,318.247984156393,32.8559608922229
264197.044793038,3841570.06737479,613.810810502157,L6_1,72.0,298.409059354342,32.3292164792416
264197.044793038,3841570.06737479,613.810810502157,L6_1,72.0,277.578188312188,31.559202904649
264197.044793038,3841570.06737479,613.810810502157,L6_1,72.0,255.708451005632,30.5799879982147
264197.044793038,3841570.06737479,613.810810502157,L6_1,72.0,233.018253536091,29.4319026456145
264197.044793038,3841570.06737479,613.810810502157,L6_1,72.0,209.193546193073,28.1530856574297
264197.044793038,3841570.06737479,613.810810502157,L6_1,72.0,184.177603482904,26.77327892771
264197.044793038,3841570.06737479,613.810810502157,L6_1,72.0,157.910863637227,25.3229186783452
264197.044793038,3841570.06737479,613.810810502157,L6_1,72.0,130.330786799265,23.8326368000286
264197.044793038,3841570.06737479,613.810810502157,L6_1,72.0,101.371706119406,22.3324140134098
264197.044793038,3841570.06737479,613.810810502157,L6_1,72.0,70.9646714055538,20.8505472126675
264197.044793038,3841570.06737479,613.810810502157,L6_1,72.0,39.0372849560089,19.412672836425
264197.044793038,3841570.06737479,613.810810502157,L6_1,72.0,,
264197.044793038,3841570.06737479,613.810810502157,L6_1,72.0,,
264197.044793038,3841570.06737479,613.810810502157,L6_1,72.0,,
264197.044793038,3841570.06737479,613.810810502157,L6_1,72.0,,
264197.044793038,3841570.06737479,613.810810502157,L6_1,72.0,,
264197.044793038,3841570.06737479,613.810810502157,L6_1,72.0,,
264197.044793038,3841570.06737479,613.810810502157,L6_1,72.0,,
264197.044793038,3841570.06737479,613.810810502157,L6_1,72.0,,
264197.044793038,3841570.06737479,613.810810502157,L6_1,72.0,,
264197.044793038,3841570.06737479,613.810810502157,L6_1,72.0,,
264197.044793038,3841570.06737479,613.810810502157,L6_1,72.0,,
264197.044793038,3841570.06737479,613.810810502157,L6_1,72.0,,
264197.044793038,3841570.06737479,613.810810502157,L6_1,72.0,,
264197.044793038,3841570.06737479,613.810810502157,L6_1,72.0,,
264197.044793038,3841570.06737479,613.810810502157,L6_1,72.0,,
264197.044793038,3841570.06737479,613.810810502157,L6_1,72.0,,
264197.044793038,3841570.06737479,613.810810502157,L6_1,72.0,,
264197.044793038,3841570.06737479,613.810810502157,L6_1,72.0,,
264197.044793038,3841570.06737479,613.810810502157,L6_1,72.0,,
264197.044793038,3841570.06737479,613.810810502157,L6_1,72.0,,
264197.044793038,3841570.06737479,613.810810502157,L6_1,72.0,,
264201.999726834,3841573.46116654,613.781752299299,L6_1,78.0,613.781752299299,6.60733848995133
264201.999726834,3841573.46116654,613.781752299299,L6_1,78.0,608.721379724334,7.46273989439838
264201.999726834,3841573.46116654,613.781752299299,L6_1,78.0,603.407988520621,9.78613208873612
264201.999726834,3841573.46116654,613.781752299299,L6_1,78.0,597.828927756722,11.6939005543608
264201.999726834,3841573.46116654,613.781752299299,L6_1,78.0,591.970913954628,10.7650144333446
264201.999726834,3841573.46116654,613.781752299299,L6_1,78.0,585.81999946243,7.83159485589728
264201.999726834,3841573.46116654,613.781752299299,L6_1,78.0,579.361539245621,5.09514150800558
264201.999726834,3841573.46116654,613.781752299299,L6_1,78.0,572.580156017972,3.44115460370616
264201.999726834,3841573.46116654,613.781752299299,L6_1,78.0,565.459703628941,2.6749376793439
264201.999726834,3841573.46116654,613.781752299299,L6_1,78.0,557.983228620458,2.46280131125842
264201.999726834,3841573.46116654,613.781752299299,L6_1,78.0,550.132929861551,2.62911278433073
264201.999726834,3841573.46116654,613.781752299299,L6_1,78.0,541.890116164699,3.13462551167389
264201.999726834,3841573.46116654,613.781752299299,L6_1,78.0,533.235161783004,4.01522135204997
264201.999726834,3841573.46116654,613.781752299299,L6_1,78.0,524.147459682225,5.33294542076116
264201.999726834,3841573.46116654,613.781752299299,L6_1,78.0,514.605372476406,7.13224051435316
264201.999726834,3841573.46116654,613.781752299299,L6_1,78.0,504.586180910296,9.40560285711678
264201.999726834,3841573.46116654,613.781752299299,L6_1,78.0,494.066029765881,12.0837504074315
264201.999726834,3841573.46116654,613.781752299299,L6_1,78.0,483.019871064245,15.0505772014424
264201.999726834,3841573.46116654,613.781752299299,L6_1,78.0,471.421404427528,18.1643635187072
264201.999726834,3841573.46116654,613.781752299299,L6_1,78.0,459.243014458974,21.2717934474768
264201.999726834,3841573.46116654,613.781752299299,L6_1,78.0,446.455704991993,24.2188768894051
264201.999726834,3841573.46116654,613.781752299299,L6_1,78.0,433.029030051663,26.8665947143694
264201.999726834,3841573.46116654,613.781752299299,L6_1,78.0,418.931021364316,29.109347083531
264201.999726834,3841573.46116654,613.781752299299,L6_1,78.0,404.128112242602,30.887268062761
264201.999726834,3841573.46116654,613.781752299299,L6_1,78.0,388.585057664803,32.1861817596248
264201.999726834,3841573.46116654,613.781752299299,L6_1,78.0,372.264850358113,33.0268654199795
264201.999726834,3841573.46116654,613.781752299299,L6_1,78.0,355.128632686089,33.4501360890934
264201.999726834,3841573.46116654,613.781752299299,L6_1,78.0,337.135604130463,33.503902613696
264201.999726834,3841573.46116654,613.781752299299,L6_1,78.0,318.242924147057,33.2350225748531
264201.999726834,3841573.46116654,613.781752299299,L6_1,78.0,298.40561016448,32.6858195038655
264201.999726834,3841573.46116654,613.781752299299,L6_1,78.0,277.576430482774,31.8938708877839
264201.999726834,3841573.46116654,613.781752299299,L6_1,78.0,255.708451005632,30.89349991658
264201.999726834,3841573.46116654,613.781752299299,L6_1,78.0,233.018253536091,29.72505210667
264201.999726834,3841573.46116654,613.781752299299,L6_1,78.0,209.193546193073,28.4265093424875
264201.999726834,3841573.46116654,613.781752299299,L6_1,78.0,184.177603482904,27.0273409944211
264201.999726834,3841573.46116654,613.781752299299,L6_1,78.0,157.910863637227,25.5577327928258
264201.999726834,3841573.46116654,613.781752299299,L6_1,78.0,130.330786799265,24.0481504860523
264201.999726834,3841573.46116654,613.781752299299,L6_1,78.0,101.371706119406,22.5285175110511
264201.999726834,3841573.46116654,613.781752299299,L6_1,78.0,70.9646714055538,21.0271957673465
264201.999726834,3841573.46116654,613.781752299299,L6_1,78.0,39.0372849560089,19.5699948700548
264201.999726834,3841573.46116654,613.781752299299,L6_1,78.0,,
264201.999726834,3841573.46116654,613.781752299299,L6_1,78.0,,
264201.999726834,3841573.46116654,613.781752299299,L6_1,78.0,,
264201.999726834,3841573.46116654,613.781752299299,L6_1,78.0,,
264201.999726834,3841573.46116654,613.781752299299,L6_1,78.0,,
264201.999726834,3841573.46116654,613.781752299299,L6_1,78.0,,
264201.999726834,3841573.46116654,613.781752299299,L6_1,78.0,,
264201.999726834,3841573.46116654,613.781752299299,L6_1,78.0,,
264201.999726834,3841573.46116654,613.781752299299,L6_1,78.0,,
264201.999726834,3841573.46116654,613.781752299299,L6_1,78.0,,
264201.999726834,3841573.46116654,613.781752299299,L6_1,78.0,,
264201.999726834,3841573.46116654,613.781752299299,L6_1,78.0,,
264201.999726834,3841573.46116654,613.781752299299,L6_1,78.0,,
264201.999726834,3841573.46116654,613.781752299299,L6_1,78.0,,
264201.999726834,3841573.46116654,613.781752299299,L6_1,78.0,,
264201.999726834,3841573.46116654,613.781752299299,L6_1,78.0,,
264201.999726834,3841573.46116654,613.781752299299,L6_1,78.0,,
264201.999726834,3841573.46116654,613.781752299299,L6_1,78.0,,
264201.999726834,3841573.46116654,613.781752299299,L6_1,78.0,,
264201.999726834,3841573.46116654,613.781752299299,L6_1,78.0,,
264201.999726834,3841573.46116654,613.781752299299,L6_1,78.0,,
264207.368158967,3841577.13776465,613.75269409644,L6_1,84.5,613.75269409644,9.98050940751441
264207.368158967,3841577.13776465,613.75269409644,L6_1,84.5,608.692732431274,9.19286326638956
264207.368158967,3841577.13776465,613.75269409644,L6_1,84.5,603.379772682849,8.36792311601304
264207.368158967,3841577.13776465,613.75269409644,L6_1,84.5,597.801164947003,8.03462401063703
264207.368158967,3841577.13776465,613.75269409644,L6_1,84.5,591.943626824365,7.06864682178534
264207.368158967,3841577.13776465,613.75269409644,L6_1,84.5,585.793211795595,5.47889043619604
264207.368158967,3841577.13776465,613.75269409644,L6_1,84.5,579.335276015386,3.99651139466436
264207.368158967,3841577.13776465,613.75269409644,L6_1,84.5,572.554443446167,3.03626350931059
264207.368158967,3841577.13776465,613.75269409644,L6_1,84.5,565.434569248487,2.58041889784978
264207.368158967,3841577.13776465,613.75269409644,L6_1,84.5,557.958701340923,2.50309122504615
264207.368158967,3841577.13776465,613.75269409644,L6_1,84.5,550.109040037981,2.73617931195838
264207.368158967,3841577.13776465,613.75269409644,L6_1,84.5,541.866895669892,3.28446489152898
264207.368158967,3841577.13776465,613.75269409644,L6_1,84.5,533.212644083398,4.19875870655049
264207.368158967,3841577.13776465,613.75269409644,L6_1,84.5,524.125679917579,5.54358566289117
264207.368158967,3841577.13776465,613.75269409644,L6_1,84.5,514.58436754347,7.36220175007548
264207.368158967,3841577.13776465,613.75269409644,L6_1,84.5,504.565989550655,9.64812092720471
264207.368158967,3841577.13776465,613.75269409644,L6_1,84.5,494.0466926582,12.3371584765674
264207.368158967,3841577.13776465,613.75269409644,L6_1,84.5,483.001430921121,15.3193419646555
264207.368158967,3841577.13776465,613.75269409644,L6_1,84.5,471.403906097189,18.4556876556769
264207.368158967,3841577.13776465,613.75269409644,L6_1,84.5,459.22650503206,21.5907541205635
264207.368158967,3841577.13776465,613.75269409644,L6_1,84.5,446.440233913675,24.5655247852345
264207.368158967,3841577.13776465,613.75269409644,L6_1,84.5,433.01464923937,27.2360384422789
264207.368158967,3841577.13776465,613.75269409644,L6_1,84.5,418.91778533135,29.4937237642356
264207.368158967,3841577.13776465,613.75269409644,L6_1,84.5,404.116078227929,31.278034783825
264207.368158967,3841577.13776465,613.75269409644,L6_1,84.5,388.574285769337,32.5757463375785
264207.368158967,3841577.13776465,613.75269409644,L6_1,84.5,372.255403687816,33.4093308929036
264207.368158967,3841577.13776465,613.75269409644,L6_1,84.5,355.120577502218,33.8214122089746
264207.368158967,3841577.13776465,613.75269409644,L6_1,84.5,337.129010007341,33.8614609125903
264207.368158967,3841577.13776465,613.75269409644,L6_1,84.5,318.23786413772,33.5774845432532
264207.368158967,3841577.13776465,613.75269409644,L6_1,84.5,298.402160974617,33.0125615963176
264207.368158967,3841577.13776465,613.75269409644,L6_1,84.5,277.57467265336,32.2047023293218
264207.368158967,3841577.13776465,613.75269409644,L6_1,84.5,255.708451005632,31.1883943127072
264207.368158967,3841577.13776465,613.75269409644,L6_1,84.5,233.018253536091,30.0039109512377
264207.368158967,3841577.13776465,613.75269409644,L6_1,84.5,209.193546193073,28.6890768441457
264207.368158967,3841577.13776465,613.75269409644,L6_1,84.5,184.177603482904,27.2732274402467
264207.368158967,3841577.13776465,613.75269409644,L6_1,84.5,157.910863637227,25.786431520649
264207.368158967,3841577.13776465,613.75269409644,L6_1,84.5,130.330786799265,24.2591138906049
264207.368158967,3841577.13776465,613.75269409644,L6_1,84.5,101.371706119406,22.7212481964071
264207.368158967,3841577.13776465,613.75269409644,L6_1,84.5,70.9646714055538,21.2013508226427
264207.368158967,3841577.13776465,613.75269409644,L6_1,84.5,39.0372849560089,19.7254785979994
264207.368158967,3841577.13776465,613.75269409644,L6_1,84.5,,
264207.368158967,3841577.13776465,613.75269409644,L6_1,84.5,,
264207.368158967,3841577.13776465,613.75269409644,L6_1,84.5,,
264207.368158967,3841577.13776465,613.75269409644,L6_1,84.5,,
264207.368158967,3841577.13776465,613.75269409644,L6_1,84.5,,
264207.368158967,3841577.13776465,613.75269409644,L6_1,84.5,,
264207.368158967,3841577.13776465,613.75269409644,L6_1,84.5,,
264207.368158967,3841577.13776465,613.75269409644,L6_1,84.5,,
264207.368158967,3841577.13776465,613.75269409644,L6_1,84.5,,
264207.368158967,3841577.13776465,613.75269409644,L6_1,84.5,,
264207.368158967,3841577.13776465,613.75269409644,L6_1,84.5,,
264207.368158967,3841577.13776465,613.75269409644,L6_1,84.5,,
264207.368158967,3841577.13776465,613.75269409644,L6_1,84.5,,
264207.368158967,3841577.13776465,613.75269409644,L6_1,84.5,,
264207.368158967,3841577.13776465,613.75269409644,L6_1,84.5,,
264207.368158967,3841577.13776465,613.75269409644,L6_1,84.5,,
264207.368158967,3841577.13776465,613.75269409644,L6_1,84.5,,
264207.368158967,3841577.13776465,613.75269409644,L6_1,84.5,,
264207.368158967,3841577.13776465,613.75269409644,L6_1,84.5,,
264207.368158967,3841577.13776465,613.75269409644,L6_1,84.5,,
264207.368158967,3841577.13776465,613.75269409644,L6_1,84.5,,
264212.323634781,3841580.53154752,613.622168891977,L6_1,90.5,613.622168891977,11.754870344681
264212.323634781,3841580.53154752,613.622168891977,L6_1,90.5,608.564052973629,10.4392642741911
264212.323634781,3841580.53154752,613.622168891977,L6_1,90.5,603.253031259363,8.31001311090975
264212.323634781,3841580.53154752,613.622168891977,L6_1,90.5,597.676458459385,6.74576453858115
264212.323634781,3841580.53154752,613.622168891977,L6_1,90.5,591.821057019407,5.42822031959377
264212.323634781,3841580.53154752,613.622168891977,L6_1,90.5,585.672885507431,4.23537135921035
264212.323634781,3841580.53154752,613.622168891977,L6_1,90.5,579.217305419855,3.32427429143824
264212.323634781,3841580.53154752,613.622168891977,L6_1,90.5,572.438946327901,2.77403835217143
264212.323634781,3841580.53154752,613.622168891977,L6_1,90.5,565.32166928135,2.54800780823892
264212.323634781,3841580.53154752,613.622168891977,L6_1,90.5,557.84852838247,2.59362676072465
264212.323634781,3841580.53154752,613.622168891977,L6_1,90.5,550.001730438647,2.90033048886459
264212.323634781,3841580.53154752,613.622168891977,L6_1,90.5,541.762592597633,3.50194331627961
264212.323634781,3841580.53154752,613.622168891977,L6_1,90.5,533.111497864567,4.45881490890988
264212.323634781,3841580.53154752,613.622168891977,L6_1,90.5,524.027848394849,5.83433495111848
264212.323634781,3841580.53154752,613.622168891977,L6_1,90.5,514.490016451645,7.66781207832195
264212.323634781,3841580.53154752,613.622168891977,L6_1,90.5,504.47529291128,9.95298736568876
264212.323634781,3841580.53154752,613.622168891977,L6_1,90.5,493.959833193897,12.6324897554325
264212.323634781,3841580.53154752,613.622168891977,L6_1,90.5,482.918600490645,15.6058665632286
264212.323634781,3841580.53154752,613.622168891977,L6_1,90.5,471.325306152231,18.7405178708533
264212.323634781,3841580.53154752,613.622168891977,L6_1,90.5,459.152347096896,21.8817810467267
264212.323634781,3841580.53154752,613.622168891977,L6_1,90.5,446.370740088794,24.8674290603215
264212.323634781,3841580.53154752,613.622168891977,L6_1,90.5,432.950052730287,27.549345688227
264212.323634781,3841580.53154752,613.622168891977,L6_1,90.5,418.858331003854,29.8159448059115
264212.323634781,3841580.53154752,613.622168891977,L6_1,90.5,404.0620231911,31.6053541382227
264212.323634781,3841580.53154752,613.622168891977,L6_1,90.5,388.525899987708,32.9042863815184
264212.323634781,3841580.53154752,613.622168891977,L6_1,90.5,372.212970624147,33.7357654307526
264212.323634781,3841580.53154752,613.622168891977,L6_1,90.5,355.084394792407,34.1431365238797
264212.323634781,3841580.53154752,613.622168891977,L6_1,90.5,337.099390169081,34.1765264658039
264212.323634781,3841580.53154752,613.622168891977,L6_1,90.5,318.215135314588,33.8844482743265
264212.323634781,3841580.53154752,613.622168891977,L6_1,90.5,298.386667717371,33.3103233048682
264212.323634781,3841580.53154752,613.622168891977,L6_1,90.5,277.566776740293,32.4923657285929
264212.323634781,3841580.53154752,613.622168891977,L6_1,90.5,255.708451005632,31.4651546978504
264212.323634781,3841580.53154752,613.622168891977,L6_1,90.5,233.018253536091,30.2688124080004
264212.323634781,3841580.53154752,613.622168891977,L6_1,90.5,209.193546193073,28.9409986192258
264212.323634781,3841580.53154752,613.622168891977,L6_1,90.5,184.177603482904,27.5110511948802
264212.323634781,3841580.53154752,613.622168891977,L6_1,90.5,157.910863637227,26.0090591960794
264212.323634781,3841580.53154752,613.622168891977,L6_1,90.5,130.330786799265,24.4655209958754
264212.323634781,3841580.53154752,613.622168891977,L6_1,90.5,101.371706119406,22.9105656583509
264212.323634781,3841580.53154752,613.622168891977,L6_1,90.5,70.9646714055538,21.3729536031622
264212.323634781,3841580.53154752,613.622168891977,L6_1,90.5,39.0372849560089,19.8790573088209
264212.323634781,3841580.53154752,613.622168891977,L6_1,90.5,,
264212.323634781,3841580.53154752,613.622168891977,L6_1,90.5,,
264212.323634781,3841580.53154752,613.622168891977,L6_1,90.5,,
264212.323634781,3841580.53154752,613.622168891977,L6_1,90.5,,
264212.323634781,3841580.53154752,613.622168891977,L6_1,90.5,,
264212.323634781,3841580.53154752,613.622168891977,L6_1,90.5,,
264212.323634781,3841580.53154752,613.622168891977,L6_1,90.5,,
264212.323634781,3841580.53154752,613.622168891977,L6_1,90.5,,
264212.323634781,3841580.53154752,613.622168891977,L6_1,90.5,,
264212.323634781,3841580.53154752,613.622168891977,L6_1,90.5,,
264212.323634781,3841580.53154752,613.622168891977,L6_1,90.5,,
264212.323634781,3841580.53154752,613.622168891977,L6_1,90.5,,
264212.323634781,3841580.53154752,613.622168891977,L6_1,90.5,,
264212.323634781,3841580.53154752,613.622168891977,L6_1,90.5,,
264212.323634781,3841580.53154752,613.622168891977,L6_1,90.5,,
264212.323634781,3841580.53154752,613.622168891977,L6_1,90.5,,
264212.323634781,3841580.53154752,613.622168891977,L6_1,90.5,,
264212.323634781,3841580.53154752,613.622168891977,L6_1,90.5,,
264212.323634781,3841580.53154752,613.622168891977,L6_1,90.5,,
264212.323634781,3841580.53154752,613.622168891977,L6_1,90.5,,
264212.323634781,3841580.53154752,613.622168891977,L6_1,90.5,,
264217.692066913,3841584.20814563,613.390207665896,L6_1,97.0,613.390207665896,10.7476024881354
264217.692066913,3841584.20814563,613.390207665896,L6_1,97.0,608.335371893301,10.4587844815613
264217.692066913,3841584.20814563,613.390207665896,L6_1,97.0,603.027794332076,8.91494378843625
264217.692066913,3841584.20814563,613.390207665896,L6_1,97.0,597.454837892789,6.66907104621792
264217.692066913,3841584.20814563,613.390207665896,L6_1,97.0,591.603233631538,4.87418480751521
264217.692066913,3841584.20814563,613.390207665896,L6_1,97.0,585.459049157225,3.665727248693
264217.692066913,3841584.20814563,613.390207665896,L6_1,97.0,579.007655459196,2.96268383134348
264217.692066913,3841584.20814563,613.390207665896,L6_1,97.0,572.233692076266,2.63298214439652
264217.692066913,3841584.20814563,613.390207665896,L6_1,97.0,565.121030524189,2.56951246873601
264217.692066913,3841584.20814563,613.390207665896,L6_1,97.0,557.652735894508,2.72491940497799
264217.692066913,3841584.20814563,613.390207665896,L6_1,97.0,549.811026533344,3.11036145475619
264217.692066913,3841584.20814563,613.390207665896,L6_1,97.0,541.577231704121,3.77442500065471
264217.692066913,3841584.20814563,613.390207665896,L6_1,97.0,532.931747133437,4.78101287693291
264217.692066913,3841584.20814563,613.390207665896,L6_1,97.0,523.853988334218,6.18902350104679
264217.692066913,3841584.20814563,613.390207665896,L6_1,97.0,514.322341595039,8.03212571526571
264217.692066913,3841584.20814563,613.390207665896,L6_1,97.0,504.314112518901,10.3045031370939
264217.692066913,3841584.20814563,613.390207665896,L6_1,97.0,493.805471988956,12.9573183531269
264217.692066913,3841584.20814563,613.390207665896,L6_1,97.0,482.771399432513,15.9019956579756
264217.692066913,3841584.20814563,613.390207665896,L6_1,97.0,471.185623248249,19.0147135158717
264217.692066913,3841584.20814563,613.390207665896,L6_1,97.0,459.020558254771,22.1437267281694
264217.692066913,3841584.20814563,613.390207665896,L6_1,97.0,446.24724001162,25.1252674396425
264217.692066913,3841584.20814563,613.390207665896,L6_1,97.0,432.83525585631,27.8080828429051
264217.692066913,3841584.20814563,613.390207665896,L6_1,97.0,418.752672493236,30.0778568357746
264217.692066913,3841584.20814563,613.390207665896,L6_1,97.0,403.965959962007,31.8710238695531
264217.692066913,3841584.20814563,613.390207665896,L6_1,97.0,388.439911804218,33.1734049635059
264217.692066913,3841584.20814563,613.390207665896,L6_1,97.0,372.137561238538,34.0075338152894
264217.692066913,3841584.20814563,613.390207665896,L6_1,97.0,355.020093144575,34.4164446687135
264217.692066913,3841584.20814563,613.390207665896,L6_1,97.0,337.046751645914,34.4500338089394
264217.692066913,3841584.20814563,613.390207665896,L6_1,97.0,318.174743072319,34.156675561203
264217.692066913,3841584.20814563,613.390207665896,L6_1,97.0,298.359134070045,33.5797174361093
264217.692066913,3841584.20814563,613.390207665896,L6_1,97.0,277.552744617657,32.7573472217653
264217.692066913,3841584.20814563,613.390207665896,L6_1,97.0,255.708451005632,31.7241589690215
264217.692066913,3841584.20814563,613.390207665896,L6_1,97.0,233.018253536091,30.5200410682203
264217.692066913,3841584.20814563,613.390207665896,L6_1,97.0,209.193546193073,29.1824827462849
264217.692066913,3841584.20814563,613.390207665896,L6_1,97.0,184.177603482904,27.7409579856818
264217.692066913,3841584.20814563,613.390207665896,L6_1,97.0,157.910863637227,26.2257128905984
264217.692066913,3841584.20814563,613.390207665896,L6_1,97.0,130.330786799265,24.6674342438574
264217.692066913,3841584.20814563,613.390207665896,L6_1,97.0,101.371706119406,23.0965071847046
264217.692066913,3841584.20814563,613.390207665896,L6_1,97.0,70.9646714055538,21.54202372601
264217.692066913,3841584.20814563,613.390207665896,L6_1,97.0,39.0372849560089,20.0307377678267
264217.692066913,3841584.20814563,613.390207665896,L6_1,97.0,,
264217.692066913,3841584.20814563,613.390207665896,L6_1,97.0,,
264217.692066913,3841584.20814563,613.390207665896,L6_1,97.0,,
264217.692066913,3841584.20814563,613.390207665896,L6_1,97.0,,
264217.692066913,3841584.20814563,613.390207665896,L6_1,97.0,,
264217.692066913,3841584.20814563,613.390207665896,L6_1,97.0,,
264217.692066913,3841584.20814563,613.390207665896,L6_1,97.0,,
264217.692066913,3841584.20814563,613.390207665896,L6_1,97.0,,
264217.692066913,3841584.20814563,613.390207665896,L6_1,97.0,,
264217.692066913,3841584.20814563,613.390207665896,L6_1,97.0,,
264217.692066913,3841584.20814563,613.390207665896,L6_1,97.0,,
264217.692066913,3841584.20814563,613.390207665896,L6_1,97.0,,
264217.692066913,3841584.20814563,613.390207665896,L6_1,97.0,,
264217.692066913,3841584.20814563,613.390207665896,L6_1,97.0,,
264217.692066913,3841584.20814563,613.390207665896,L6_1,97.0,,
264217.692066913,3841584.20814563,613.390207665896,L6_1,97.0,,
264217.692066913,3841584.20814563,613.390207665896,L6_1,97.0,,
264217.692066913,3841584.20814563,613.390207665896,L6_1,97.0,,
264217.692066913,3841584.20814563,613.390207665896,L6_1,97.0,,
264217.692066913,3841584.20814563,613.390207665896,L6_1,97.0,,
264217.692066913,3841584.20814563,613.390207665896,L6_1,97.0,,
264222.647533039,3841587.60193496,613.158246439816,L6_1,103.0,613.158246439816,12.3755314697384
264222.647533039,3841587.60193496,613.158246439816,L6_1,103.0,608.106690812973,11.9576547191929
264222.647533039,3841587.60193496,613.158246439816,L6_1,103.0,602.802557404788,9.88244739890989
264222.647533039,3841587.60193496,613.158246439816,L6_1,103.0,597.233217326194,6.93649301155849
264222.647533039,3841587.60193496,613.158246439816,L6_1,103.0,591.38541024367,4.72148016002495
264222.647533039,3841587.60193496,613.158246439816,L6_1,103.0,585.24521280702,3.42249360195505
264222.647533039,3841587.60193496,613.158246439816,L6_1,103.0,578.798005498537,2.7972277577814
264222.647533039,3841587.60193496,613.158246439816,L6_1,103.0,572.028437824631,2.58884181471391
264222.647533039,3841587.60193496,613.158246439816,L6_1,103.0,564.920391767029,2.63820743475277
264222.647533039,3841587.60193496,613.158246439816,L6_1,103.0,557.456943406547,2.88736808606314
264222.647533039,3841587.60193496,613.158246439816,L6_1,103.0,549.62032262804,3.3516780038687
264222.647533039,3841587.60193496,613.158246439816,L6_1,103.0,541.391870810609,4.08339775858645
264222.647533039,3841587.60193496,613.158246439816,L6_1,103.0,532.751996402306,5.14376892851027
264222.647533039,3841587.60193496,613.158246439816,L6_1,103.0,523.680128273588,6.58395968616961
264222.647533039,3841587.60193496,613.158246439816,L6_1,103.0,514.154666738434,8.43118022677794
264222.647533039,3841587.60193496,613.158246439816,L6_1,103.0,504.152932126522,10.6809875035723
264222.647533039,3841587.60193496,613.158246439816,L6_1,103.0,493.651110784014,13.2945146123982
264222.647533039,3841587.60193496,613.158246439816,L6_1,103.0,482.624198374381,16.1962760943692
264222.647533039,3841587.60193496,613.158246439816,L6_1,103.0,471.045940344267,19.2723693662066
264222.647533039,3841587.60193496,613.158246439816,L6_1,103.0,458.888769412647,22.3753000797081
264222.647533039,3841587.60193496,613.158246439816,L6_1,103.0,446.123739934446,25.3411538810405
264222.647533039,3841587.60193496,613.158246439816,L6_1,103.0,432.720458982334,28.0166042265075
264222.647533039,3841587.60193496,613.158246439816,L6_1,103.0,418.647013982618,30.2850836154867
264222.647533039,3841587.60193496,613.158246439816,L6_1,103.0,403.869896732915,32.0811655123129
264222.647533039,3841587.60193496,613.158246439816,L6_1,103.0,388.353923620727,33.3891429845606
264222.647533039,3841587.60193496,613.158246439816,L6_1,103.0,372.06215185293,34.2302116430347
264222.647533039,3841587.60193496,613.158246439816,L6_1,103.0,354.955791496743,34.6462260275231
264222.647533039,3841587.60193496,613.158246439816,L6_1,103.0,336.994113122747,34.6861079317865
264222.647533039,3841587.60193496,613.158246439816,L6_1,103.0,318.13435083005,34.3975229366137
264222.647533039,3841587.60193496,613.158246439816,L6_1,103.0,298.331600422719,33.823384685571
264222.647533039,3841587.60193496,613.158246439816,L6_1,103.0,277.538712495022,33.0016522423527
264222.647533039,3841587.60193496,613.158246439816,L6_1,103.0,255.708451005632,31.9668498972823
264222.647533039,3841587.60193496,613.158246439816,L6_1,103.0,233.018253536091,30.7585804929412
264222.647533039,3841587.60193496,613.158246439816,L6_1,103.0,209.193546193073,29.4141780049598
264222.647533039,3841587.60193496,613.158246439816,L6_1,103.0,184.177603482904,27.9633608355516
264222.647533039,3841587.60193496,613.158246439816,L6_1,103.0,157.910863637227,26.4366335471284
264222.647533039,3841587.60193496,613.158246439816,L6_1,103.0,130.330786799265,24.8649769876149
264222.647533039,3841587.60193496,613.158246439816,L6_1,103.0,101.371706119406,23.2791230272013
264222.647533039,3841587.60193496,613.158246439816,L6_1,103.0,70.9646714055538,21.7085617408292
264222.647533039,3841587.60193496,613.158246439816,L6_1,103.0,39.0372849560089,20.1804904265749
264222.647533039,3841587.60193496,613.158246439816,L6_1,103.0,,
264222.647533039,3841587.60193496,613.158246439816,L6_1,103.0,,
264222.647533039,3841587.60193496,613.158246439816,L6_1,103.0,,
264222.647533039,3841587.60193496,613.158246439816,L6_1,103.0,,
264222.647533039,3841587.60193496,613.158246439816,L6_1,103.0,,
264222.647533039,3841587.60193496,613.158246439816,L6_1,103.0,,
264222.647533039,3841587.60193496,613.158246439816,L6_1,103.0,,
264222.647533039,3841587.60193496,613.158246439816,L6_1,103.0,,
264222.647533039,3841587.60193496,613.158246439816,L6_1,103.0,,
264222.647533039,3841587.60193496,613.158246439816,L6_1,103.0,,
264222.647533039,3841587.60193496,613.158246439816,L6_1,103.0,,
264222.647533039,3841587.60193496,613.158246439816,L6_1,103.0,,
264222.647533039,3841587.60193496,613.158246439816,L6_1,103.0,,
264222.647533039,3841587.60193496,613.158246439816,L6_1,103.0,,
264222.647533039,3841587.60193496,613.158246439816,L6_1,103.0,,
264222.647533039,3841587.60193496,613.158246439816,L6_1,103.0,,
264222.647533039,3841587.60193496,613.158246439816,L6_1,103.0,,
264222.647533039,3841587.60193496,613.158246439816,L6_1,103.0,,
264222.647533039,3841587.60193496,613.158246439816,L6_1,103.0,,
264222.647533039,3841587.60193496,613.158246439816,L6_1,103.0,,
264222.647533039,3841587.60193496,613.158246439816,L6_1,103.0,,
264228.015944179,3841591.27854708,612.926285213735,L6_1,109.5,612.926285213735,15.1358118003385
264228.015944179,3841591.27854708,612.926285213735,L6_1,109.5,607.878009732645,14.0995129082611
264228.015944179,3841591.27854708,612.926285213735,L6_1,109.5,602.5773204775,10.9763158665191
264228.015944179,3841591.27854708,612.926285213735,L6_1,109.5,597.011596759598,7.34113639261743
264228.015944179,3841591.27854708,612.926285213735,L6_1,109.5,591.167586855801,4.76750283268309
264228.015944179,3841591.27854708,612.926285213735,L6_1,109.5,585.031376456815,3.35511020232027
264228.015944179,3841591.27854708,612.926285213735,L6_1,109.5,578.588355537878,2.74252900595723
264228.015944179,3841591.27854708,612.926285213735,L6_1,109.5,571.823183572995,2.59628230738434
264228.015944179,3841591.27854708,612.926285213735,L6_1,109.5,564.719753009868,2.72398586986214
264228.015944179,3841591.27854708,612.926285213735,L6_1,109.5,557.261150918585,3.05499175181791
264228.015944179,3841591.27854708,612.926285213735,L6_1,109.5,549.429618722737,3.59939714930014
264228.015944179,3841591.27854708,612.926285213735,L6_1,109.5,541.206509917097,4.40438630433086
264228.015944179,3841591.27854708,612.926285213735,L6_1,109.5,532.572245671175,5.52274482313529
264228.015944179,3841591.27854708,612.926285213735,L6_1,109.5,523.506268212957,6.99520924824974
264228.015944179,3841591.27854708,612.926285213735,L6_1,109.5,513.986991881828,8.84255908871532
264228.015944179,3841591.27854708,612.926285213735,L6_1,109.5,503.991751734142,11.0631095635973
264228.015944179,3841591.27854708,612.926285213735,L6_1,109.5,493.496749579073,13.6290474595184
264228.015944179,3841591.27854708,612.926285213735,L6_1,109.5,482.476997316249,16.4783365209781
264228.015944179,3841591.27854708,612.926285213735,L6_1,109.5,470.906257440285,19.5073234461626
264228.015944179,3841591.27854708,612.926285213735,L6_1,109.5,458.756980570522,22.5736334614504
264228.015944179,3841591.27854708,612.926285213735,L6_1,109.5,446.000239857271,25.5144892517169
264228.015944179,3841591.27854708,612.926285213735,L6_1,109.5,432.605662108358,28.1756798250299
264228.015944179,3841591.27854708,612.926285213735,L6_1,109.5,418.541355471999,30.4390884570446
264228.015944179,3841591.27854708,612.926285213735,L6_1,109.5,403.773833503822,32.2374839356644
264228.015944179,3841591.27854708,612.926285213735,L6_1,109.5,388.267935437236,33.5531838667017
264228.015944179,3841591.27854708,612.926285213735,L6_1,109.5,371.986742467321,34.4053310388386
264228.015944179,3841591.27854708,612.926285213735,L6_1,109.5,354.891489848911,34.8338110155135
264228.015944179,3841591.27854708,612.926285213735,L6_1,109.5,336.941474599579,34.8858706553268
264228.015944179,3841591.27854708,612.926285213735,L6_1,109.5,318.093958587781,34.6079191184948
264228.015944179,3841591.27854708,612.926285213735,L6_1,109.5,298.304066775393,34.042082108098
264228.015944179,3841591.27854708,612.926285213735,L6_1,109.5,277.524680372386,33.2258836822702
264228.015944179,3841591.27854708,612.926285213735,L6_1,109.5,255.708451005632,32.1936872244626
264228.015944179,3841591.27854708,612.926285213735,L6_1,109.5,233.018253536091,30.9847670549194
264228.015944179,3841591.27854708,612.926285213735,L6_1,109.5,209.193546193073,29.6363274578886
264228.015944179,3841591.27854708,612.926285213735,L6_1,109.5,184.177603482904,28.1784320595704
264228.015944179,3841591.27854708,612.926285213735,L6_1,109.5,157.910863637227,26.6419407782174
264228.015944179,3841591.27854708,612.926285213735,L6_1,109.5,130.330786799265,25.0582282261534
264228.015944179,3841591.27854708,612.926285213735,L6_1,109.5,101.371706119406,23.45846126117
264228.015944179,3841591.27854708,612.926285213735,L6_1,109.5,70.9646714055538,21.8725950694093
264228.015944179,3841591.27854708,612.926285213735,L6_1,109.5,39.0372849560089,20.328329366145
264228.015944179,3841591.27854708,612.926285213735,L6_1,109.5,,
264228.015944179,3841591.27854708,612.926285213735,L6_1,109.5,,
264228.015944179,3841591.27854708,612.926285213735,L6_1,109.5,,
264228.015944179,3841591.27854708,612.926285213735,L6_1,109.5,,
264228.015944179,3841591.27854708,612.926285213735,L6_1,109.5,,
264228.015944179,3841591.27854708,612.926285213735,L6_1,109.5,,
264228.015944179,3841591.27854708,612.926285213735,L6_1,109.5,,
264228.015944179,3841591.27854708,612.926285213735,L6_1,109.5,,
264228.015944179,3841591.27854708,612.926285213735,L6_1,109.5,,
264228.015944179,3841591.27854708,612.926285213735,L6_1,109.5,,
264228.015944179,3841591.27854708,612.926285213735,L6_1,109.5,,
264228.015944179,3841591.27854708,612.926285213735,L6_1,109.5,,
264228.015944179,3841591.27854708,612.926285213735,L6_1,109.5,,
264228.015944179,3841591.27854708,612.926285213735,L6_1,109.5,,
264228.015944179,3841591.27854708,612.926285213735,L6_1,109.5,,
264228.015944179,3841591.27854708,612.926285213735,L6_1,109.5,,
264228.015944179,3841591.27854708,612.926285213735,L6_1,109.5,,
264228.015944179,3841591.27854708,612.926285213735,L6_1,109.5,,
264228.015944179,3841591.27854708,612.926285213735,L6_1,109.5,,
264228.015944179,3841591.27854708,612.926285213735,L6_1,109.5,,
264228.015944179,3841591.27854708,612.926285213735,L6_1,109.5,,
264232.971400616,3841594.67234288,612.72254322962,L6_1,115.5,612.72254322962,15.9476953135301
264232.971400616,3841594.67234288,612.72254322962,L6_1,115.5,607.677148848165,14.7949269689183
264232.971400616,3841594.67234288,612.72254322962,L6_1,115.5,602.379484747637,11.4105610465511
264232.971400616,3841594.67234288,612.72254322962,L6_1,115.5,596.816937442083,7.51027894318524
264232.971400616,3841594.67234288,612.72254322962,L6_1,115.5,590.976262771251,4.76714369348892
264232.971400616,3841594.67234288,612.72254322962,L6_1,115.5,584.843554366878,3.29813734623961
264232.971400616,3841594.67234288,612.72254322962,L6_1,115.5,578.404210542286,2.69684747442844
264232.971400616,3841594.67234288,612.72254322962,L6_1,115.5,571.642899526464,2.59650119519628
264232.971400616,3841594.67234288,612.72254322962,L6_1,115.5,564.543522959851,2.79094132755817
264232.971400616,3841594.67234288,612.72254322962,L6_1,115.5,557.089177564908,3.20171140757175
264232.971400616,3841594.67234288,612.72254322962,L6_1,115.5,549.262114900217,3.83080435799341
264232.971400616,3841594.67234288,612.72254322962,L6_1,115.5,541.043699102292,4.715359117281
264232.971400616,3841594.67234288,612.72254322962,L6_1,115.5,532.41436251447,5.8958018687366
264232.971400616,3841594.67234288,612.72254322962,L6_1,115.5,523.353559097258,7.40102284783139
264232.971400616,3841594.67234288,612.72254322962,L6_1,115.5,513.839715509185,9.24629791323841
264232.971400616,3841594.67234288,612.72254322962,L6_1,115.5,503.850179741708,11.4342819550407
264232.971400616,3841594.67234288,612.72254322962,L6_1,115.5,493.361167185857,13.948850141559
264232.971400616,3841594.67234288,612.72254322962,L6_1,115.5,482.347704002214,16.7410865693084
264232.971400616,3841594.67234288,612.72254322962,L6_1,115.5,470.783567659389,19.7173186669839
264232.971400616,3841594.67234288,612.72254322962,L6_1,115.5,458.641224499422,22.7407316322091
264232.971400616,3841594.67234288,612.72254322962,L6_1,115.5,445.891764181457,25.6506749400624
264232.971400616,3841594.67234288,612.72254322962,L6_1,115.5,432.504830847594,28.2931029486177
264232.971400616,3841594.67234288,612.72254322962,L6_1,115.5,418.448550847038,30.5490115552799
264232.971400616,3841594.67234288,612.72254322962,L6_1,115.5,403.689456846454,32.3495349166814
264232.971400616,3841594.67234288,612.72254322962,L6_1,115.5,388.19240814584,33.6747709690161
264232.971400616,3841594.67234288,612.72254322962,L6_1,115.5,371.920507010196,34.5413089102505
264232.971400616,3841594.67234288,612.72254322962,L6_1,115.5,354.83501081777,34.9864964189397
264232.971400616,3841594.67234288,612.72254322962,L6_1,115.5,336.895239815722,35.0553974358802
264232.971400616,3841594.67234288,612.72254322962,L6_1,115.5,318.058480263573,34.7927652123217
264232.971400616,3841594.67234288,612.72254322962,L6_1,115.5,298.279882733815,34.2396348543637
264232.971400616,3841594.67234288,612.72254322962,L6_1,115.5,277.51235532757,33.4329272540144
264232.971400616,3841594.67234288,612.72254322962,L6_1,115.5,255.708451005632,32.4067566499453
264232.971400616,3841594.67234288,612.72254322962,L6_1,115.5,233.018253536091,31.2000484567728
264232.971400616,3841594.67234288,612.72254322962,L6_1,115.5,209.193546193073,29.8499153861243
264232.971400616,3841594.67234288,612.72254322962,L6_1,115.5,184.177603482904,28.3868147406929
264232.971400616,3841594.67234288,612.72254322962,L6_1,115.5,157.910863637227,26.8420376948292
264232.971400616,3841594.67234288,612.72254322962,L6_1,115.5,130.330786799265,25.2474236525356
264232.971400616,3841594.67234288,612.72254322962,L6_1,115.5,101.371706119406,23.6346395199973
264232.971400616,3841594.67234288,612.72254322962,L6_1,115.5,70.9646714055538,22.0341690912213
264232.971400616,3841594.67234288,612.72254322962,L6_1,115.5,39.0372849560089,20.4742568449149
264232.971400616,3841594.67234288,612.72254322962,L6_1,115.5,,
264232.971400616,3841594.67234288,612.72254322962,L6_1,115.5,,
264232.971400616,3841594.67234288,612.72254322962,L6_1,115.5,,
264232.971400616,3841594.67234288,612.72254322962,L6_1,115.5,,
264232.971400616,3841594.67234288,612.72254322962,L6_1,115.5,,
264232.971400616,3841594.67234288,612.72254322962,L6_1,115.5,,
264232.971400616,3841594.67234288,612.72254322962,L6_1,115.5,,
264232.971400616,3841594.67234288,612.72254322962,L6_1,115.5,,
264232.971400616,3841594.67234288,612.72254322962,L6_1,115.5,,
264232.971400616,3841594.67234288,612.72254322962,L6_1,115.5,,
264232.971400616,3841594.67234288,612.72254322962,L6_1,115.5,,
264232.971400616,3841594.67234288,612.72254322962,L6_1,115.5,,
264232.971400616,3841594.67234288,612.72254322962,L6_1,115.5,,
264232.971400616,3841594.67234288,612.72254322962,L6_1,115.5,,
264232.971400616,3841594.67234288,612.72254322962,L6_1,115.5,,
264232.971400616,3841594.67234288,612.72254322962,L6_1,115.5,,
264232.971400616,3841594.67234288,612.72254322962,L6_1,115.5,,
264232.971400616,3841594.67234288,612.72254322962,L6_1,115.5,,
264232.971400616,3841594.67234288,612.72254322962,L6_1,115.5,,
264232.971400616,3841594.67234288,612.72254322962,L6_1,115.5,,
264232.971400616,3841594.67234288,612.72254322962,L6_1,115.5,,
264238.339811756,3841598.348955,612.547129430982,L6_1,122.0,612.547129430982,14.160247019619
264238.339811756,3841598.348955,612.547129430982,L6_1,122.0,607.504215562483,13.5723949213659
264238.339811756,3841598.348955,612.547129430982,L6_1,122.0,602.209156000559,11.0091390949452
264238.339811756,3841598.348955,612.547129430982,L6_1,122.0,596.649343460539,7.40516957407457
264238.339811756,3841598.348955,612.547129430982,L6_1,122.0,590.811540293517,4.69818717578339
264238.339811756,3841598.348955,612.547129430982,L6_1,122.0,584.681846968145,3.22414162773646
264238.339811756,3841598.348955,612.547129430982,L6_1,122.0,578.245668976504,2.63528600355933
264238.339811756,3841598.348955,612.547129430982,L6_1,122.0,571.487682085281,2.57070740396657
264238.339811756,3841598.348955,612.547129430982,L6_1,122.0,564.391795849497,2.82450134467069
264238.339811756,3841598.348955,612.547129430982,L6_1,122.0,556.941115301923,3.31434968540352
264238.339811756,3841598.348955,612.547129430982,L6_1,122.0,549.117900726971,4.03250810935041
264238.339811756,3841598.348955,612.547129430982,L6_1,122.0,540.903525423271,5.00228479821743
264238.339811756,3841598.348955,612.547129430982,L6_1,122.0,532.278431354387,6.24860407824167
264238.339811756,3841598.348955,612.547129430982,L6_1,122.0,523.222082582058,7.78758131866896
264238.339811756,3841598.348955,612.547129430982,L6_1,122.0,513.712916371112,9.63001026149082
264238.339811756,3841598.348955,612.547129430982,L6_1,122.0,503.72829184962,11.7841537425314
264238.339811756,3841598.348955,612.547129430982,L6_1,122.0,493.244436102052,14.2458078200833
264238.339811756,3841598.348955,612.547129430982,L6_1,122.0,482.236387567107,16.9786131674432
264238.339811756,3841598.348955,612.547129430982,L6_1,122.0,470.677936605414,19.8984984138103
264238.339811756,3841598.348955,612.547129430982,L6_1,122.0,458.541563095636,22.874544228987
264238.339811756,3841598.348955,612.547129430982,L6_1,122.0,445.79837091037,25.7491109708422
264238.339811756,3841598.348955,612.547129430982,L6_1,122.0,432.41801911584,28.3693063699561
264238.339811756,3841598.348955,612.547129430982,L6_1,122.0,418.368649731583,30.6159156664893
264238.339811756,3841598.348955,612.547129430982,L6_1,122.0,403.616811878114,32.4186809737417
264238.339811756,3841598.348955,612.547129430982,L6_1,122.0,388.127382131972,33.7553311009365
264238.339811756,3841598.348955,612.547129430982,L6_1,122.0,371.863480898522,34.6394945584364
264238.339811756,3841598.348955,612.547129430982,L6_1,122.0,354.7863846034,35.1054827882218
264238.339811756,3841598.348955,612.547129430982,L6_1,122.0,336.855433493522,35.195714764972
264238.339811756,3841598.348955,612.547129430982,L6_1,122.0,318.027934828149,34.9529145034459
264238.339811756,3841598.348955,612.547129430982,L6_1,122.0,298.259061229509,34.4167368376809
264238.339811756,3841598.348955,612.547129430982,L6_1,122.0,277.501743950936,33.6233340011939
264238.339811756,3841598.348955,612.547129430982,L6_1,122.0,255.708451005632,32.6064837674884
264238.339811756,3841598.348955,612.547129430982,L6_1,122.0,233.018253536091,31.4047460700686
264238.339811756,3841598.348955,612.547129430982,L6_1,122.0,209.193546193073,30.0551790562881
264238.339811756,3841598.348955,612.547129430982,L6_1,122.0,184.177603482904,28.5886810047819
264238.339811756,3841598.348955,612.547129430982,L6_1,122.0,157.910863637227,27.0370451466942
264238.339811756,3841598.348955,612.547129430982,L6_1,122.0,130.330786799265,25.4326460488522
264238.339811756,3841598.348955,612.547129430982,L6_1,122.0,101.371706119406,23.8077127043201
264238.339811756,3841598.348955,612.547129430982,L6_1,122.0,70.9646714055538,22.1933163025368
264238.339811756,3841598.348955,612.547129430982,L6_1,122.0,39.0372849560089,20.6182896353492
264238.339811756,3841598.348955,612.547129430982,L6_1,122.0,,
264238.339811756,3841598.348955,612.547129430982,L6_1,122.0,,
264238.339811756,3841598.348955,612.547129430982,L6_1,122.0,,
264238.339811756,3841598.348955,612.547129430982,L6_1,122.0,,
264238.339811756,3841598.348955,612.547129430982,L6_1,122.0,,
264238.339811756,3841598.348955,612.547129430982,L6_1,122.0,,
264238.339811756,3841598.348955,612.547129430982,L6_1,122.0,,
264238.339811756,3841598.348955,612.547129430982,L6_1,122.0,,
264238.339811756,3841598.348955,612.547129430982,L6_1,122.0,,
264238.339811756,3841598.348955,612.547129430982,L6_1,122.0,,
264238.339811756,3841598.348955,612.547129430982,L6_1,122.0,,
264238.339811756,3841598.348955,612.547129430982,L6_1,122.0,,
264238.339811756,3841598.348955,612.547129430982,L6_1,122.0,,
264238.339811756,3841598.348955,612.547129430982,L6_1,122.0,,
264238.339811756,3841598.348955,612.547129430982,L6_1,122.0,,
264238.339811756,3841598.348955,612.547129430982,L6_1,122.0,,
264238.339811756,3841598.348955,612.547129430982,L6_1,122.0,,
264238.339811756,3841598.348955,612.547129430982,L6_1,122.0,,
264238.339811756,3841598.348955,612.547129430982,L6_1,122.0,,
264238.339811756,3841598.348955,612.547129430982,L6_1,122.0,,
264238.339811756,3841598.348955,612.547129430982,L6_1,122.0,,
264243.29471261,3841601.74276875,612.371715632344,L6_1,128.0,612.371715632344,12.3228584118593
264243.29471261,3841601.74276875,612.371715632344,L6_1,128.0,607.331282276801,12.1061780876859
264243.29471261,3841601.74276875,612.371715632344,L6_1,128.0,602.038827253481,10.3005157015598
264243.29471261,3841601.74276875,612.371715632344,L6_1,128.0,596.481749478994,7.15698198326712
264243.29471261,3841601.74276875,612.371715632344,L6_1,128.0,590.646817815783,4.57176430977663
264243.29471261,3841601.74276875,612.371715632344,L6_1,128.0,584.520139569412,3.11624787271026
264243.29471261,3841601.74276875,612.371715632344,L6_1,128.0,578.087127410722,2.54353295025322
264243.29471261,3841601.74276875,612.371715632344,L6_1,128.0,571.332464644098,2.51386230657394
264243.29471261,3841601.74276875,612.371715632344,L6_1,128.0,564.240068739142,2.82648742390288
264243.29471261,3841601.74276875,612.371715632344,L6_1,128.0,556.793053038939,3.39664218894538
264243.29471261,3841601.74276875,612.371715632344,L6_1,128.0,548.973686553725,4.20631307158101
264243.29471261,3841601.74276875,612.371715632344,L6_1,128.0,540.763351744251,5.26349300297016
264243.29471261,3841601.74276875,612.371715632344,L6_1,128.0,532.142500194303,6.57644851486204
264243.29471261,3841601.74276875,612.371715632344,L6_1,128.0,523.090606066857,8.14867734041954
264243.29471261,3841601.74276875,612.371715632344,L6_1,128.0,513.58611723304,9.98762856562854
264243.29471261,3841601.74276875,612.371715632344,L6_1,128.0,503.606403957531,12.1079992719873
264243.29471261,3841601.74276875,612.371715632344,L6_1,128.0,493.127705018247,14.5173004503561
264243.29471261,3841601.74276875,612.371715632344,L6_1,128.0,482.125071131999,17.1909325558768
264243.29471261,3841601.74276875,612.371715632344,L6_1,128.0,470.572305551439,20.053837362658
264243.29471261,3841601.74276875,612.371715632344,L6_1,128.0,458.44190169185,22.9810169154373
264243.29471261,3841601.74276875,612.371715632344,L6_1,128.0,445.704977639282,25.8183628451014
264243.29471261,3841601.74276875,612.371715632344,L6_1,128.0,432.331207384085,28.4147799698722
264243.29471261,3841601.74276875,612.371715632344,L6_1,128.0,418.288748616129,30.6513461303029
264243.29471261,3841601.74276875,612.371715632344,L6_1,128.0,403.544166909775,32.4566474376182
264243.29471261,3841601.74276875,612.371715632344,L6_1,128.0,388.062356118103,33.8060164796351
264243.29471261,3841601.74276875,612.371715632344,L6_1,128.0,371.806454786848,34.7099382858713
264243.29471261,3841601.74276875,612.371715632344,L6_1,128.0,354.73775838903,35.1994376367783
264243.29471261,3841601.74276875,612.371715632344,L6_1,128.0,336.815627171321,35.3140127027417
264243.29471261,3841601.74276875,612.371715632344,L6_1,128.0,317.997389392726,35.0941223090479
264243.29471261,3841601.74276875,612.371715632344,L6_1,128.0,298.238239725202,34.5778620253021
264243.29471261,3841601.74276875,612.371715632344,L6_1,128.0,277.491132574302,33.8004744920782
264243.29471261,3841601.74276875,612.371715632344,L6_1,128.0,255.708451005632,32.7953334299099
264243.29471261,3841601.74276875,612.371715632344,L6_1,128.0,233.018253536091,31.600613738623
264243.29471261,3841601.74276875,612.371715632344,L6_1,128.0,209.193546193073,30.2533216056119
264243.29471261,3841601.74276875,612.371715632344,L6_1,128.0,184.177603482904,28.784828765925
264243.29471261,3841601.74276875,612.371715632344,L6_1,128.0,157.910863637227,27.2274672586307
264243.29471261,3841601.74276875,612.371715632344,L6_1,128.0,130.330786799265,25.6141948350085
264243.29471261,3841601.74276875,612.371715632344,L6_1,128.0,101.371706119406,23.9778447592587
264243.29471261,3841601.74276875,612.371715632344,L6_1,128.0,70.9646714055538,22.3501110494127
264243.29471261,3841601.74276875,612.371715632344,L6_1,128.0,39.0372849560089,20.7604472574358
264243.29471261,3841601.74276875,612.371715632344,L6_1,128.0,,
264243.29471261,3841601.74276875,612.371715632344,L6_1,128.0,,
264243.29471261,3841601.74276875,612.371715632344,L6_1,128.0,,
264243.29471261,3841601.74276875,612.371715632344,L6_1,128.0,,
264243.29471261,3841601.74276875,612.371715632344,L6_1,128.0,,
264243.29471261,3841601.74276875,612.371715632344,L6_1,128.0,,
264243.29471261,3841601.74276875,612.371715632344,L6_1,128.0,,
264243.29471261,3841601.74276875,612.371715632344,L6_1,128.0,,
264243.29471261,3841601.74276875,612.371715632344,L6_1,128.0,,
264243.29471261,3841601.74276875,612.371715632344,L6_1,128.0,,
264243.29471261,3841601.74276875,612.371715632344,L6_1,128.0,,
264243.29471261,3841601.74276875,612.371715632344,L6_1,128.0,,
264243.29471261,3841601.74276875,612.371715632344,L6_1,128.0,,
264243.29471261,3841601.74276875,612.371715632344,L6_1,128.0,,
264243.29471261,3841601.74276875,612.371715632344,L6_1,128.0,,
264243.29471261,3841601.74276875,612.371715632344,L6_1,128.0,,
264243.29471261,3841601.74276875,612.371715632344,L6_1,128.0,,
264243.29471261,3841601.74276875,612.371715632344,L6_1,128.0,,
264243.29471261,3841601.74276875,612.371715632344,L6_1,128.0,,
264243.29471261,3841601.74276875,612.371715632344,L6_1,128.0,,
264243.29471261,3841601.74276875,612.371715632344,L6_1,128.0,,
264248.661919987,3841605.41941975,612.196301833707,L6_1,134.5,612.196301833707,10.6064700147
264248.661919987,3841605.41941975,612.196301833707,L6_1,134.5,607.158348991119,10.5710028096375
264248.661919987,3841605.41941975,612.196301833707,L6_1,134.5,601.868498506402,9.41796859185695
264248.661919987,3841605.41941975,612.196301833707,L6_1,134.5,596.31415549745,6.8530952647402
264248.661919987,3841605.41941975,612.196301833707,L6_1,134.5,590.482095338049,4.43207365164994
264248.661919987,3841605.41941975,612.196301833707,L6_1,134.5,584.358432170679,2.99821811938709
264248.661919987,3841605.41941975,612.196301833707,L6_1,134.5,577.92858584494,2.44085881258877
264248.661919987,3841605.41941975,612.196301833707,L6_1,134.5,571.177247202915,2.44523699179258
264248.661919987,3841605.41941975,612.196301833707,L6_1,134.5,564.088341628788,2.81515857054759
264248.661919987,3841605.41941975,612.196301833707,L6_1,134.5,556.644990775954,3.46361555021039
264248.661919987,3841605.41941975,612.196301833707,L6_1,134.5,548.829472380479,4.36260747301018
264248.661919987,3841605.41941975,612.196301833707,L6_1,134.5,540.62317806523,5.50472802650285
264248.661919987,3841605.41941975,612.196301833707,L6_1,134.5,532.006569034219,6.88154714894728
264248.661919987,3841605.41941975,612.196301833707,L6_1,134.5,522.959129551657,8.48442499278081
264248.661919987,3841605.41941975,612.196301833707,L6_1,134.5,513.459318094967,10.3181971974824
264248.661919987,3841605.41941975,612.196301833707,L6_1,134.5,503.484516065443,12.4042692753892
264248.661919987,3841605.41941975,612.196301833707,L6_1,134.5,493.010973934442,14.7614298898093
264248.661919987,3841605.41941975,612.196301833707,L6_1,134.5,482.013754696892,17.3760917407593
264248.661919987,3841605.41941975,612.196301833707,L6_1,134.5,470.466674497463,20.1816799003315
264248.661919987,3841605.41941975,612.196301833707,L6_1,134.5,458.342240288064,23.0590686680351
264248.661919987,3841605.41941975,612.196301833707,L6_1,134.5,445.611584368194,25.858031187668
264248.661919987,3841605.41941975,612.196301833707,L6_1,134.5,432.244395652331,28.429745803899
264248.661919987,3841605.41941975,612.196301833707,L6_1,134.5,418.208847500675,30.6559831035923
264248.661919987,3841605.41941975,612.196301833707,L6_1,134.5,403.471521941436,32.4643838463442
264248.661919987,3841605.41941975,612.196301833707,L6_1,134.5,387.997330104235,33.8278832077607
264248.661919987,3841605.41941975,612.196301833707,L6_1,134.5,371.749428675174,34.7536838172437
264248.661919987,3841605.41941975,612.196301833707,L6_1,134.5,354.68913217466,35.2693187105943
264248.661919987,3841605.41941975,612.196301833707,L6_1,134.5,336.77582084912,35.4111299756019
264248.661919987,3841605.41941975,612.196301833707,L6_1,134.5,317.966843957303,35.2170988772218
264248.661919987,3841605.41941975,612.196301833707,L6_1,134.5,298.217418220896,34.7235943446534
264248.661919987,3841605.41941975,612.196301833707,L6_1,134.5,277.480521197668,33.9648206030462
264248.661919987,3841605.41941975,612.196301833707,L6_1,134.5,255.708451005632,32.9736805396745
264248.661919987,3841605.41941975,612.196301833707,L6_1,134.5,233.018253536091,31.7879439359185
264248.661919987,3841605.41941975,612.196301833707,L6_1,134.5,209.193546193073,30.4445667289896
264248.661919987,3841605.41941975,612.196301833707,L6_1,134.5,184.177603482904,28.9754230475388
264248.661919987,3841605.41941975,612.196301833707,L6_1,134.5,157.910863637227,27.4134221605787
264248.661919987,3841605.41941975,612.196301833707,L6_1,134.5,130.330786799265,25.792149882307
264248.661919987,3841605.41941975,612.196301833707,L6_1,134.5,101.371706119406,24.1450872595993
264248.661919987,3841605.41941975,612.196301833707,L6_1,134.5,70.9646714055538,22.504585274337
264248.661919987,3841605.41941975,612.196301833707,L6_1,134.5,39.0372849560089,20.9007461748303
264248.661919987,3841605.41941975,612.196301833707,L6_1,134.5,,
264248.661919987,3841605.41941975,612.196301833707,L6_1,134.5,,
264248.661919987,3841605.41941975,612.196301833707,L6_1,134.5,,
264248.661919987,3841605.41941975,612.196301833707,L6_1,134.5,,
264248.661919987,3841605.41941975,612.196301833707,L6_1,134.5,,
264248.661919987,3841605.41941975,612.196301833707,L6_1,134.5,,
264248.661919987,3841605.41941975,612.196301833707,L6_1,134.5,,
264248.661919987,3841605.41941975,612.196301833707,L6_1,134.5,,
264248.661919987,3841605.41941975,612.196301833707,L6_1,134.5,,
264248.661919987,3841605.41941975,612.196301833707,L6_1,134.5,,
264248.661919987,3841605.41941975,612.196301833707,L6_1,134.5,,
264248.661919987,3841605.41941975,612.196301833707,L6_1,134.5,,
264248.661919987,3841605.41941975,612.196301833707,L6_1,134.5,,
264248.661919987,3841605.41941975,612.196301833707,L6_1,134.5,,
264248.661919987,3841605.41941975,612.196301833707,L6_1,134.5,,
264248.661919987,3841605.41941975,612.196301833707,L6_1,134.5,,
264248.661919987,3841605.41941975,612.196301833707,L6_1,134.5,,
264248.661919987,3841605.41941975,612.196301833707,L6_1,134.5,,
264248.661919987,3841605.41941975,612.196301833707,L6_1,134.5,,
264248.661919987,3841605.41941975,612.196301833707,L6_1,134.5,,
264248.661919987,3841605.41941975,612.196301833707,L6_1,134.5,,
264253.616265259,3841608.81325144,612.020888035069,L6_1,140.5,612.020888035069,8.7207282582701
264253.616265259,3841608.81325144,612.020888035069,L6_1,140.5,606.985415705437,8.89679546949798
264253.616265259,3841608.81325144,612.020888035069,L6_1,140.5,601.698169759324,8.45074669886108
264253.616265259,3841608.81325144,612.020888035069,L6_1,140.5,596.146561515905,6.51411045251283
264253.616265259,3841608.81325144,612.020888035069,L6_1,140.5,590.317372860316,4.27649524753938
264253.616265259,3841608.81325144,612.020888035069,L6_1,140.5,584.196724771946,2.87644760988176
264253.616265259,3841608.81325144,612.020888035069,L6_1,140.5,577.770044279159,2.34483661501137
264253.616265259,3841608.81325144,612.020888035069,L6_1,140.5,571.022029761731,2.38899062456069
264253.616265259,3841608.81325144,612.020888035069,L6_1,140.5,563.936614518433,2.81663309759243
264253.616265259,3841608.81325144,612.020888035069,L6_1,140.5,556.49692851297,3.53885580690983
264253.616265259,3841608.81325144,612.020888035069,L6_1,140.5,548.685258207233,4.51901177277998
264253.616265259,3841608.81325144,612.020888035069,L6_1,140.5,540.48300438621,5.7364159795681
264253.616265259,3841608.81325144,612.020888035069,L6_1,140.5,531.870637874135,7.16818159801754
264253.616265259,3841608.81325144,612.020888035069,L6_1,140.5,522.827653036457,8.79526727963893
264253.616265259,3841608.81325144,612.020888035069,L6_1,140.5,513.332518956895,10.6206588536634
264253.616265259,3841608.81325144,612.020888035069,L6_1,140.5,503.362628173355,12.6721605759209
264253.616265259,3841608.81325144,612.020888035069,L6_1,140.5,492.894242850637,14.9788206878415
264253.616265259,3841608.81325144,612.020888035069,L6_1,140.5,481.902438261784,17.5369046482812
264253.616265259,3841608.81325144,612.020888035069,L6_1,140.5,470.361043443488,20.2874493740204
264253.616265259,3841608.81325144,612.020888035069,L6_1,140.5,458.242578884278,23.1167665314003
264253.616265259,3841608.81325144,612.020888035069,L6_1,140.5,445.518191097106,25.8784615161299
264253.616265259,3841608.81325144,612.020888035069,L6_1,140.5,432.157583920577,28.4261677710225
264253.616265259,3841608.81325144,612.020888035069,L6_1,140.5,418.128946385221,30.6425855186923
264253.616265259,3841608.81325144,612.020888035069,L6_1,140.5,403.398876973097,32.4546026830812
264253.616265259,3841608.81325144,612.020888035069,L6_1,140.5,387.932304090366,33.8328958764696
264253.616265259,3841608.81325144,612.020888035069,L6_1,140.5,371.6924025635,34.7814610614105
264253.616265259,3841608.81325144,612.020888035069,L6_1,140.5,354.64050596029,35.3243480411829
264253.616265259,3841608.81325144,612.020888035069,L6_1,140.5,336.736014526919,35.4947091460758
264253.616265259,3841608.81325144,612.020888035069,L6_1,140.5,317.93629852188,35.327973210155
264253.616265259,3841608.81325144,612.020888035069,L6_1,140.5,298.196596716589,34.8586977245954
264253.616265259,3841608.81325144,612.020888035069,L6_1,140.5,277.469909821033,34.1199755766137
264253.616265259,3841608.81325144,612.020888035069,L6_1,140.5,255.708451005632,33.1441682916072
264253.616265259,3841608.81325144,612.020888035069,L6_1,140.5,233.018253536091,31.9686112992341
264253.616265259,3841608.81325144,612.020888035069,L6_1,140.5,209.193546193073,30.6302057791542
264253.616265259,3841608.81325144,612.020888035069,L6_1,140.5,184.177603482904,29.161323736023
264253.616265259,3841608.81325144,612.020888035069,L6_1,140.5,157.910863637227,27.5954623265433
264253.616265259,3841608.81325144,612.020888035069,L6_1,140.5,130.330786799265,25.9668491044724
264253.616265259,3841608.81325144,612.020888035069,L6_1,140.5,101.371706119406,24.30963080499
264253.616265259,3841608.81325144,612.020888035069,L6_1,140.5,70.9646714055538,22.656830158383
264253.616265259,3841608.81325144,612.020888035069,L6_1,140.5,39.0372849560089,21.0392131197575
264253.616265259,3841608.81325144,612.020888035069,L6_1,140.5,,
264253.616265259,3841608.81325144,612.020888035069,L6_1,140.5,,
264253.616265259,3841608.81325144,612.020888035069,L6_1,140.5,,
264253.616265259,3841608.81325144,612.020888035069,L6_1,140.5,,
264253.616265259,3841608.81325144,612.020888035069,L6_1,140.5,,
264253.616265259,3841608.81325144,612.020888035069,L6_1,140.5,,
264253.616265259,3841608.81325144,612.020888035069,L6_1,140.5,,
264253.616265259,3841608.81325144,612.020888035069,L6_1,140.5,,
264253.616265259,3841608.81325144,612.020888035069,L6_1,140.5,,
264253.616265259,3841608.81325144,612.020888035069,L6_1,140.5,,
264253.616265259,3841608.81325144,612.020888035069,L6_1,140.5,,
264253.616265259,3841608.81325144,612.020888035069,L6_1,140.5,,
264253.616265259,3841608.81325144,612.020888035069,L6_1,140.5,,
264253.616265259,3841608.81325144,612.020888035069,L6_1,140.5,,
264253.616265259,3841608.81325144,612.020888035069,L6_1,140.5,,
264253.616265259,3841608.81325144,612.020888035069,L6_1,140.5,,
264253.616265259,3841608.81325144,612.020888035069,L6_1,140.5,,
264253.616265259,3841608.81325144,612.020888035069,L6_1,140.5,,
264253.616265259,3841608.81325144,612.020888035069,L6_1,140.5,,
264253.616265259,3841608.81325144,612.020888035069,L6_1,140.5,,
264253.616265259,3841608.81325144,612.020888035069,L6_1,140.5,,
264258.983472637,3841612.48990244,611.845474236431,L6_1,147.0,611.845474236431,6.82678328385001
264258.983472637,3841612.48990244,611.845474236431,L6_1,147.0,606.812482419755,7.25347607876848
264258.983472637,3841612.48990244,611.845474236431,L6_1,147.0,601.527841012246,7.5242806413584
264258.983472637,3841612.48990244,611.845474236431,L6_1,147.0,595.978967534361,6.17492263190699
264258.983472637,3841612.48990244,611.845474236431,L6_1,147.0,590.152650382582,4.11042225099168
264258.983472637,3841612.48990244,611.845474236431,L6_1,147.0,584.035017373213,2.76130616079519
264258.983472637,3841612.48990244,611.845474236431,L6_1,147.0,577.611502713377,2.27019406703416
264258.983472637,3841612.48990244,611.845474236431,L6_1,147.0,570.866812320548,2.36097985250489
264258.983472637,3841612.48990244,611.845474236431,L6_1,147.0,563.784887408079,2.84659430431935
264258.983472637,3841612.48990244,611.845474236431,L6_1,147.0,556.348866249985,3.63643220860963
264258.983472637,3841612.48990244,611.845474236431,L6_1,147.0,548.541044033987,4.68626591564326
264258.983472637,3841612.48990244,611.845474236431,L6_1,147.0,540.342830707189,5.96494827352505
264258.983472637,3841612.48990244,611.845474236431,L6_1,147.0,531.734706714052,7.43859807753098
264258.983472637,3841612.48990244,611.845474236431,L6_1,147.0,522.696176521257,9.08041449201643
264258.983472637,3841612.48990244,611.845474236431,L6_1,147.0,513.205719818822,10.8925052583053
264258.983472637,3841612.48990244,611.845474236431,L6_1,147.0,503.240740281266,12.9084853895316
264258.983472637,3841612.48990244,611.845474236431,L6_1,147.0,492.777511766832,15.1662701702212
264258.983472637,3841612.48990244,611.845474236431,L6_1,147.0,481.791121826677,17.6705427118742
264258.983472637,3841612.48990244,611.845474236431,L6_1,147.0,470.255412389513,20.3689070009048
264258.983472637,3841612.48990244,611.845474236431,L6_1,147.0,458.142917480492,23.1525520924708
264258.983472637,3841612.48990244,611.845474236431,L6_1,147.0,445.424797826019,25.878764909294
264258.983472637,3841612.48990244,611.845474236431,L6_1,147.0,432.070772188823,28.4037362605809
264258.983472637,3841612.48990244,611.845474236431,L6_1,147.0,418.049045269766,30.6112869369782
264258.983472637,3841612.48990244,611.845474236431,L6_1,147.0,403.326232004757,32.4277351238099
264258.983472637,3841612.48990244,611.845474236431,L6_1,147.0,387.867278076498,33.8216508654444
264258.983472637,3841612.48990244,611.845474236431,L6_1,147.0,371.635376451826,34.7939290819339
264258.983472637,3841612.48990244,611.845474236431,L6_1,147.0,354.59187974592,35.3651810369234
264258.983472637,3841612.48990244,611.845474236431,L6_1,147.0,336.696208204718,35.5653594694736
264258.983472637,3841612.48990244,611.845474236431,L6_1,147.0,317.905753086457,35.427285501143
264258.983472637,3841612.48990244,611.845474236431,L6_1,147.0,298.175775212283,34.9836371027768
264258.983472637,3841612.48990244,611.845474236431,L6_1,147.0,277.459298444399,34.2663272309374
264258.983472637,3841612.48990244,611.845474236431,L6_1,147.0,255.708451005632,33.3071122549727
264258.983472637,3841612.48990244,611.845474236431,L6_1,147.0,233.018253536091,32.1428674175749
264258.983472637,3841612.48990244,611.845474236431,L6_1,147.0,209.193546193073,30.8104341902315
264258.983472637,3841612.48990244,611.845474236431,L6_1,147.0,184.177603482904,29.3426790499712
264258.983472637,3841612.48990244,611.845474236431,L6_1,147.0,157.910863637227,27.7736955199729
264258.983472637,3841612.48990244,611.845474236431,L6_1,147.0,130.330786799265,26.1383673970703
264258.983472637,3841612.48990244,611.845474236431,L6_1,147.0,101.371706119406,24.4715250705771
264258.983472637,3841612.48990244,611.845474236431,L6_1,147.0,70.9646714055538,22.806876616316
264258.983472637,3841612.48990244,611.845474236431,L6_1,147.0,39.0372849560089,21.1758655417307
264258.983472637,3841612.48990244,611.845474236431,L6_1,147.0,,
264258.983472637,3841612.48990244,611.845474236431,L6_1,147.0,,
264258.983472637,3841612.48990244,611.845474236431,L6_1,147.0,,
264258.983472637,3841612.48990244,611.845474236431,L6_1,147.0,,
264258.983472637,3841612.48990244,611.845474236431,L6_1,147.0,,
264258.983472637,3841612.48990244,611.845474236431,L6_1,147.0,,
264258.983472637,3841612.48990244,611.845474236431,L6_1,147.0,,
264258.983472637,3841612.48990244,611.845474236431,L6_1,147.0,,
264258.983472637,3841612.48990244,611.845474236431,L6_1,147.0,,
264258.983472637,3841612.48990244,611.845474236431,L6_1,147.0,,
264258.983472637,3841612.48990244,611.845474236431,L6_1,147.0,,
264258.983472637,3841612.48990244,611.845474236431,L6_1,147.0,,
264258.983472637,3841612.48990244,611.845474236431,L6_1,147.0,,
264258.983472637,3841612.48990244,611.845474236431,L6_1,147.0,,
264258.983472637,3841612.48990244,611.845474236431,L6_1,147.0,,
264258.983472637,3841612.48990244,611.845474236431,L6_1,147.0,,
264258.983472637,3841612.48990244,611.845474236431,L6_1,147.0,,
264258.983472637,3841612.48990244,611.845474236431,L6_1,147.0,,
264258.983472637,3841612.48990244,611.845474236431,L6_1,147.0,,
264258.983472637,3841612.48990244,611.845474236431,L6_1,147.0,,
264258.983472637,3841612.48990244,611.845474236431,L6_1,147.0,,
264263.937812096,3841615.88373802,611.670060437793,L6_1,153.0,611.670060437793,5.46414241528361
264263.937812096,3841615.88373802,611.670060437793,L6_1,153.0,606.639549134073,6.19235274908569
264263.937812096,3841615.88373802,611.670060437793,L6_1,153.0,601.357512265168,7.10725233460943
264263.937812096,3841615.88373802,611.670060437793,L6_1,153.0,595.811373552816,6.07904763071244
264263.937812096,3841615.88373802,611.670060437793,L6_1,153.0,589.987927904848,4.05596130390571
264263.937812096,3841615.88373802,611.670060437793,L6_1,153.0,583.873309974481,2.7241138102071
264263.937812096,3841615.88373802,611.670060437793,L6_1,153.0,577.452961147595,2.26167896150609
264263.937812096,3841615.88373802,611.670060437793,L6_1,153.0,570.711594879365,2.39010838468394
264263.937812096,3841615.88373802,611.670060437793,L6_1,153.0,563.633160297724,2.92256150372676
264263.937812096,3841615.88373802,611.670060437793,L6_1,153.0,556.200803987001,3.76421283871866
264263.937812096,3841615.88373802,611.670060437793,L6_1,153.0,548.396829860741,4.86386279175126
264263.937812096,3841615.88373802,611.670060437793,L6_1,153.0,540.202657028169,6.18321324910302
264263.937812096,3841615.88373802,611.670060437793,L6_1,153.0,531.598775553968,7.68156976390314
264263.937812096,3841615.88373802,611.670060437793,L6_1,153.0,522.564700006057,9.32745108358261
264263.937812096,3841615.88373802,611.670060437793,L6_1,153.0,513.07892068075,11.1228175187001
264263.937812096,3841615.88373802,611.670060437793,L6_1,153.0,503.118852389178,13.1056672862269
264263.937812096,3841615.88373802,611.670060437793,L6_1,153.0,492.660780683027,15.3204052421132
264263.937812096,3841615.88373802,611.670060437793,L6_1,153.0,481.679805391569,17.7779255623241
264263.937812096,3841615.88373802,611.670060437793,L6_1,153.0,470.149781335538,20.430873971642
264263.937812096,3841615.88373802,611.670060437793,L6_1,153.0,458.043256076705,23.1744995979102
264263.937812096,3841615.88373802,611.670060437793,L6_1,153.0,445.331404554931,25.8694684871796
264263.937812096,3841615.88373802,611.670060437793,L6_1,153.0,431.983960457068,28.3745299825363
264263.937812096,3841615.88373802,611.670060437793,L6_1,153.0,417.969144154312,30.574803707097
264263.937812096,3841615.88373802,611.670060437793,L6_1,153.0,403.253587036418,32.3963224122978
264263.937812096,3841615.88373802,611.670060437793,L6_1,153.0,387.80225206263,33.8058770456121
264263.937812096,3841615.88373802,611.670060437793,L6_1,153.0,371.578350340152,34.8015685191355
264263.937812096,3841615.88373802,611.670060437793,L6_1,153.0,354.54325353155,35.4008214400505
264263.937812096,3841615.88373802,611.670060437793,L6_1,153.0,336.656401882518,35.6305504665985
264263.937812096,3841615.88373802,611.670060437793,L6_1,153.0,317.875207651034,35.5210440009388
264263.937812096,3841615.88373802,611.670060437793,L6_1,153.0,298.154953707976,35.1031056634325
264263.937812096,3841615.88373802,611.670060437793,L6_1,153.0,277.448687067765,34.4074297894401
264263.937812096,3841615.88373802,611.670060437793,L6_1,153.0,255.708451005632,33.4651175685075
264263.937812096,3841615.88373802,611.670060437793,L6_1,153.0,233.018253536091,32.3125638886438
264263.937812096,3841615.88373802,611.670060437793,L6_1,153.0,209.193546193073,30.986534133682
264263.937812096,3841615.88373802,611.670060437793,L6_1,153.0,184.177603482904,29.5203450034997
264263.937812096,3841615.88373802,611.670060437793,L6_1,153.0,157.910863637227,27.9486673707444
264263.937812096,3841615.88373802,611.670060437793,L6_1,153.0,130.330786799265,26.3070327244972
264263.937812096,3841615.88373802,611.670060437793,L6_1,153.0,101.371706119406,24.6309490587603
264263.937812096,3841615.88373802,611.670060437793,L6_1,153.0,70.9646714055538,22.9548101270815
264263.937812096,3841615.88373802,611.670060437793,L6_1,153.0,39.0372849560089,21.3107310335423
264263.937812096,3841615.88373802,611.670060437793,L6_1,153.0,,
264263.937812096,3841615.88373802,611.670060437793,L6_1,153.0,,
264263.937812096,3841615.88373802,611.670060437793,L6_1,153.0,,
264263.937812096,3841615.88373802,611.670060437793,L6_1,153.0,,
264263.937812096,3841615.88373802,611.670060437793,L6_1,153.0,,
264263.937812096,3841615.88373802,611.670060437793,L6_1,153.0,,
264263.937812096,3841615.88373802,611.670060437793,L6_1,153.0,,
264263.937812096,3841615.88373802,611.670060437793,L6_1,153.0,,
264263.937812096,3841615.88373802,611.670060437793,L6_1,153.0,,
264263.937812096,3841615.88373802,611.670060437793,L6_1,153.0,,
264263.937812096,3841615.88373802,611.670060437793,L6_1,153.0,,
264263.937812096,3841615.88373802,611.670060437793,L6_1,153.0,,
264263.937812096,3841615.88373802,611.670060437793,L6_1,153.0,,
264263.937812096,3841615.88373802,611.670060437793,L6_1,153.0,,
264263.937812096,3841615.88373802,611.670060437793,L6_1,153.0,,
264263.937812096,3841615.88373802,611.670060437793,L6_1,153.0,,
264263.937812096,3841615.88373802,611.670060437793,L6_1,153.0,,
264263.937812096,3841615.88373802,611.670060437793,L6_1,153.0,,
264263.937812096,3841615.88373802,611.670060437793,L6_1,153.0,,
264263.937812096,3841615.88373802,611.670060437793,L6_1,153.0,,
264263.937812096,3841615.88373802,611.670060437793,L6_1,153.0,,
264269.305006878,3841619.56039742,611.494646639155,L6_1,159.5,611.494646639155,4.25188247785271
264269.305006878,3841619.56039742,611.494646639155,L6_1,159.5,606.466615848391,5.36266502253839
264269.305006878,3841619.56039742,611.494646639155,L6_1,159.5,601.187183518089,7.0341827058109
264269.305006878,3841619.56039742,611.494646639155,L6_1,159.5,595.643779571272,6.18910917589245
264269.305006878,3841619.56039742,611.494646639155,L6_1,159.5,589.823205427114,4.14743436582471
264269.305006878,3841619.56039742,611.494646639155,L6_1,159.5,583.711602575748,2.80349166044104
264269.305006878,3841619.56039742,611.494646639155,L6_1,159.5,577.294419581813,2.34337845360865
264269.305006878,3841619.56039742,611.494646639155,L6_1,159.5,570.556377438182,2.48768707192493
264269.305006878,3841619.56039742,611.494646639155,L6_1,159.5,563.48143318737,3.04632425509339
264269.305006878,3841619.56039742,611.494646639155,L6_1,159.5,556.052741724016,3.91718366906477
264269.305006878,3841619.56039742,611.494646639155,L6_1,159.5,548.252615687495,5.04220665273225
264269.305006878,3841619.56039742,611.494646639155,L6_1,159.5,540.062483349148,6.3786950083421
264269.305006878,3841619.56039742,611.494646639155,L6_1,159.5,531.462844393884,7.88305387859607
264269.305006878,3841619.56039742,611.494646639155,L6_1,159.5,522.433223490856,9.52226494484948
264269.305006878,3841619.56039742,611.494646639155,L6_1,159.5,512.952121542677,11.2988047652672
264269.305006878,3841619.56039742,611.494646639155,L6_1,159.5,502.99696449709,13.2531503193499
264269.305006878,3841619.56039742,611.494646639155,L6_1,159.5,492.544049599222,15.433159282128
264269.305006878,3841619.56039742,611.494646639155,L6_1,159.5,481.568488956462,17.8532378986787
264269.305006878,3841619.56039742,611.494646639155,L6_1,159.5,470.044150281563,20.4693407487078
264269.305006878,3841619.56039742,611.494646639155,L6_1,159.5,457.943594672919,23.1799584485076
264269.305006878,3841619.56039742,611.494646639155,L6_1,159.5,445.238011283843,25.8489128919761
264269.305006878,3841619.56039742,611.494646639155,L6_1,159.5,431.897148725314,28.337601703004
264269.305006878,3841619.56039742,611.494646639155,L6_1,159.5,417.889243038858,30.5326928290226
264269.305006878,3841619.56039742,611.494646639155,L6_1,159.5,403.180942068079,32.3602673518063
264269.305006878,3841619.56039742,611.494646639155,L6_1,159.5,387.737226048761,33.7857023550323
264269.305006878,3841619.56039742,611.494646639155,L6_1,159.5,371.521324228477,34.8046429927808
264269.305006878,3841619.56039742,611.494646639155,L6_1,159.5,354.49462731718,35.4316034924317
264269.305006878,3841619.56039742,611.494646639155,L6_1,159.5,336.616595560317,35.6906410541758
264269.305006878,3841619.56039742,611.494646639155,L6_1,159.5,317.844662215611,35.6096029450023
264269.305006878,3841619.56039742,611.494646639155,L6_1,159.5,298.13413220367,35.2174344774467
264269.305006878,3841619.56039742,611.494646639155,L6_1,159.5,277.438075691131,34.5435794918515
264269.305006878,3841619.56039742,611.494646639155,L6_1,159.5,255.708451005632,33.6184339441009
264269.305006878,3841619.56039742,611.494646639155,L6_1,159.5,233.018253536091,32.4778993769462
264269.305006878,3841619.56039742,611.494646639155,L6_1,159.5,209.193546193073,31.1586617129022
264269.305006878,3841619.56039742,611.494646639155,L6_1,159.5,184.177603482904,29.6944435014941
264269.305006878,3841619.56039742,611.494646639155,L6_1,159.5,157.910863637227,28.1204700419027
264269.305006878,3841619.56039742,611.494646639155,L6_1,159.5,130.330786799265,26.4729123494367
264269.305006878,3841619.56039742,611.494646639155,L6_1,159.5,101.371706119406,24.7879485295192
264269.305006878,3841619.56039742,611.494646639155,L6_1,159.5,70.9646714055538,23.1006576270794
264269.305006878,3841619.56039742,611.494646639155,L6_1,159.5,39.0372849560089,21.4438240524254
264269.305006878,3841619.56039742,611.494646639155,L6_1,159.5,,
264269.305006878,3841619.56039742,611.494646639155,L6_1,159.5,,
264269.305006878,3841619.56039742,611.494646639155,L6_1,159.5,,
264269.305006878,3841619.56039742,611.494646639155,L6_1,159.5,,
264269.305006878,3841619.56039742,611.494646639155,L6_1,159.5,,
264269.305006878,3841619.56039742,611.494646639155,L6_1,159.5,,
264269.305006878,3841619.56039742,611.494646639155,L6_1,159.5,,
264269.305006878,3841619.56039742,611.494646639155,L6_1,159.5,,
264269.305006878,3841619.56039742,611.494646639155,L6_1,159.5,,
264269.305006878,3841619.56039742,611.494646639155,L6_1,159.5,,
264269.305006878,3841619.56039742,611.494646639155,L6_1,159.5,,
264269.305006878,3841619.56039742,611.494646639155,L6_1,159.5,,
264269.305006878,3841619.56039742,611.494646639155,L6_1,159.5,,
264269.305006878,3841619.56039742,611.494646639155,L6_1,159.5,,
264269.305006878,3841619.56039742,611.494646639155,L6_1,159.5,,
264269.305006878,3841619.56039742,611.494646639155,L6_1,159.5,,
264269.305006878,3841619.56039742,611.494646639155,L6_1,159.5,,
264269.305006878,3841619.56039742,611.494646639155,L6_1,159.5,,
264269.305006878,3841619.56039742,611.494646639155,L6_1,159.5,,
264269.305006878,3841619.56039742,611.494646639155,L6_1,159.5,,
264269.305006878,3841619.56039742,611.494646639155,L6_1,159.5,,
264274.259340524,3841622.95423687,611.430244316855,L6_1,165.5,611.430244316855,3.94143442575575
264274.259340524,3841622.95423687,611.430244316855,L6_1,165.5,606.403124234348,5.15129233273355
264274.259340524,3841622.95423687,611.430244316855,L6_1,165.5,601.124648147716,7.19848774554812
264274.259340524,3841622.95423687,611.430244316855,L6_1,165.5,595.582248256752,6.62080723272471
264274.259340524,3841622.95423687,611.430244316855,L6_1,165.5,589.762728371241,4.55253073531147
264274.259340524,3841622.95423687,611.430244316855,L6_1,165.5,583.652232491453,3.09926688871728
264274.259340524,3841622.95423687,611.430244316855,L6_1,165.5,577.236211817676,2.56014855734421
264274.259340524,3841622.95423687,611.430244316855,L6_1,165.5,570.499390110211,2.66416877987206
264274.259340524,3841622.95423687,611.430244316855,L6_1,165.5,563.425727317372,3.20496844358543
264274.259340524,3841622.95423687,611.430244316855,L6_1,165.5,555.998381384891,4.06733250007636
264274.259340524,3841622.95423687,611.430244316855,L6_1,165.5,548.199668155786,5.18583379123627
264274.259340524,3841622.95423687,611.430244316855,L6_1,165.5,540.011019265225,6.51472182543638
264274.259340524,3841622.95423687,611.430244316855,L6_1,165.5,531.412937930137,8.00958220592848
264274.259340524,3841622.95423687,611.430244316855,L6_1,165.5,522.384952528295,9.6373525364879
264274.259340524,3841622.95423687,611.430244316855,L6_1,165.5,512.90556785636,11.4002929950162
264274.259340524,3841622.95423687,611.430244316855,L6_1,165.5,502.952213950828,13.3382780285737
264274.259340524,3841622.95423687,611.430244316855,L6_1,165.5,492.50119235002,15.4987364396081
264274.259340524,3841622.95423687,611.430244316855,L6_1,165.5,481.527619669172,17.8964540740182
264274.259340524,3841622.95423687,611.430244316855,L6_1,165.5,470.005368354281,20.488837782149
264274.259340524,3841622.95423687,611.430244316855,L6_1,165.5,457.907004473645,23.1768185071762
264274.259340524,3841622.95423687,611.430244316855,L6_1,165.5,445.203722398978,25.8272212215344
264274.259340524,3841622.95423687,611.430244316855,L6_1,165.5,431.865276220578,28.3042931282061
264274.259340524,3841622.95423687,611.430244316855,L6_1,165.5,417.859907733257,30.4966408828249
264274.259340524,3841622.95423687,611.430244316855,L6_1,165.5,403.15427082157,32.33090260152
264274.259340524,3841622.95423687,611.430244316855,L6_1,165.5,387.713352064299,33.7715947047332
264274.259340524,3841622.95423687,611.430244316855,L6_1,165.5,371.500387369165,34.8124340922154
264274.259340524,3841622.95423687,611.430244316855,L6_1,165.5,354.476774439274,35.4654662084287
264274.259340524,3841622.95423687,611.430244316855,L6_1,165.5,336.601980862888,35.7522113743384
264274.259340524,3841622.95423687,611.430244316855,L6_1,165.5,317.833447607683,35.6982585796133
264274.259340524,3841622.95423687,611.430244316855,L6_1,165.5,298.126487689717,35.3307715931626
264274.259340524,3841622.95423687,611.430244316855,L6_1,165.5,277.434179775853,34.6779368096458
264274.259340524,3841622.95423687,611.430244316855,L6_1,165.5,255.708451005632,33.7693784558559
264274.259340524,3841622.95423687,611.430244316855,L6_1,165.5,233.018253536091,32.6405164024258
264274.259340524,3841622.95423687,611.430244316855,L6_1,165.5,209.193546193073,31.3279469889095
264274.259340524,3841622.95423687,611.430244316855,L6_1,165.5,184.177603482904,29.865728811811
264274.259340524,3841622.95423687,611.430244316855,L6_1,165.5,157.910863637227,28.2895901610026
264274.259340524,3841622.95423687,611.430244316855,L6_1,165.5,130.330786799265,26.6362975614897
264274.259340524,3841622.95423687,611.430244316855,L6_1,165.5,101.371706119406,24.9426804310473
264274.259340524,3841622.95423687,611.430244316855,L6_1,165.5,70.9646714055538,23.2444867866791
264274.259340524,3841622.95423687,611.430244316855,L6_1,165.5,39.0372849560089,21.5751566128415
264274.259340524,3841622.95423687,611.430244316855,L6_1,165.5,,
264274.259340524,3841622.95423687,611.430244316855,L6_1,165.5,,
264274.259340524,3841622.95423687,611.430244316855,L6_1,165.5,,
264274.259340524,3841622.95423687,611.430244316855,L6_1,165.5,,
264274.259340524,3841622.95423687,611.430244316855,L6_1,165.5,,
264274.259340524,3841622.95423687,611.430244316855,L6_1,165.5,,
264274.259340524,3841622.95423687,611.430244316855,L6_1,165.5,,
264274.259340524,3841622.95423687,611.430244316855,L6_1,165.5,,
264274.259340524,3841622.95423687,611.430244316855,L6_1,165.5,,
264274.259340524,3841622.95423687,611.430244316855,L6_1,165.5,,
264274.259340524,3841622.95423687,611.430244316855,L6_1,165.5,,
264274.259340524,3841622.95423687,611.430244316855,L6_1,165.5,,
264274.259340524,3841622.95423687,611.430244316855,L6_1,165.5,,
264274.259340524,3841622.95423687,611.430244316855,L6_1,165.5,,
264274.259340524,3841622.95423687,611.430244316855,L6_1,165.5,,
264274.259340524,3841622.95423687,611.430244316855,L6_1,165.5,,
264274.259340524,3841622.95423687,611.430244316855,L6_1,165.5,,
264274.259340524,3841622.95423687,611.430244316855,L6_1,165.5,,
264274.259340524,3841622.95423687,611.430244316855,L6_1,165.5,,
264274.259340524,3841622.95423687,611.430244316855,L6_1,165.5,,
264274.259340524,3841622.95423687,611.430244316855,L6_1,165.5,,
264279.626535307,3841626.63089628,611.477144369595,L6_1,172.0,611.477144369595,4.34153299744026
264279.626535307,3841626.63089628,611.477144369595,L6_1,172.0,606.449361077071,5.42891460098037
264279.626535307,3841626.63089628,611.477144369595,L6_1,172.0,601.17018861992,7.52106442609474
264279.626535307,3841626.63089628,611.477144369595,L6_1,172.0,595.627057539913,7.41536115792734
264279.626535307,3841626.63089628,611.477144369595,L6_1,172.0,589.806769905904,5.3465490467451
264279.626535307,3841626.63089628,611.477144369595,L6_1,172.0,583.695467890195,3.65514719305045
264279.626535307,3841626.63089628,611.477144369595,L6_1,172.0,577.278600773701,2.92514965261121
264279.626535307,3841626.63089628,611.477144369595,L6_1,172.0,570.540890301382,2.91369952206547
264279.626535307,3841626.63089628,611.477144369595,L6_1,172.0,563.466294305448,3.38145716592432
264279.626535307,3841626.63089628,611.477144369595,L6_1,172.0,556.037968509716,4.19162276609342
264279.626535307,3841626.63089628,611.477144369595,L6_1,172.0,548.238226424198,5.26939669578757
264279.626535307,3841626.63089628,611.477144369595,L6_1,172.0,540.048497234404,6.56622699374761
264279.626535307,3841626.63089628,611.477144369595,L6_1,172.0,531.44928158512,8.03822977925661
264279.626535307,3841626.63089628,611.477144369595,L6_1,172.0,522.420105153372,9.65316434061239
264279.626535307,3841626.63089628,611.477144369595,L6_1,172.0,512.939469900037,11.4116472274511
264279.626535307,3841626.63089628,611.477144369595,L6_1,172.0,502.984802884035,13.3492253620799
264279.626535307,3841626.63089628,611.477144369595,L6_1,172.0,492.532402517233,15.5085849085937
264279.626535307,3841626.63089628,611.477144369595,L6_1,172.0,481.55738213209,17.9015829191537
264279.626535307,3841626.63089628,611.477144369595,L6_1,172.0,470.033610727691,20.4852439360476
264279.626535307,3841626.63089628,611.477144369595,L6_1,172.0,457.933650753072,23.162266559275
264279.626535307,3841626.63089628,611.477144369595,L6_1,172.0,445.228692779721,25.8024817313112
264279.626535307,3841626.63089628,611.477144369595,L6_1,172.0,431.888486907703,28.2733204969899
264279.626535307,3841626.63089628,611.477144369595,L6_1,172.0,417.881270742085,30.4658148186997
264279.626535307,3841626.63089628,611.477144369595,L6_1,172.0,403.173693768185,32.3077254141272
264279.626535307,3841626.63089628,611.477144369595,L6_1,172.0,387.73073794559,33.7632932333925
264279.626535307,3841626.63089628,611.477144369595,L6_1,172.0,371.515634331866,34.8248525058129
264279.626535307,3841626.63089628,611.477144369595,L6_1,172.0,354.489775537455,35.502433940424
264279.626535307,3841626.63089628,611.477144369595,L6_1,172.0,336.612623803324,35.8153546963207
264279.626535307,3841626.63089628,611.477144369595,L6_1,172.0,317.841614482486,35.7871409464565
264279.626535307,3841626.63089628,611.477144369595,L6_1,172.0,298.132054695607,35.4432606920643
264279.626535307,3841626.63089628,611.477144369595,L6_1,172.0,277.437016919383,34.8106441697302
264279.626535307,3841626.63089628,611.477144369595,L6_1,172.0,255.708451005632,33.9180844004063
264279.626535307,3841626.63089628,611.477144369595,L6_1,172.0,233.018253536091,32.8005353168001
264279.626535307,3841626.63089628,611.477144369595,L6_1,172.0,209.193546193073,31.4944944903764
264279.626535307,3841626.63089628,611.477144369595,L6_1,172.0,184.177603482904,30.0342852005785
264279.626535307,3841626.63089628,611.477144369595,L6_1,172.0,157.910863637227,28.4560934582455
264279.626535307,3841626.63089628,611.477144369595,L6_1,172.0,130.330786799265,26.7972388734092
264279.626535307,3841626.63089628,611.477144369595,L6_1,172.0,101.371706119406,25.0951805393937
264279.626535307,3841626.63089628,611.477144369595,L6_1,172.0,70.9646714055538,23.3863198297133
264279.626535307,3841626.63089628,611.477144369595,L6_1,172.0,39.0372849560089,21.7047402440461
264279.626535307,3841626.63089628,611.477144369595,L6_1,172.0,,
264279.626535307,3841626.63089628,611.477144369595,L6_1,172.0,,
264279.626535307,3841626.63089628,611.477144369595,L6_1,172.0,,
264279.626535307,3841626.63089628,611.477144369595,L6_1,172.0,,
264279.626535307,3841626.63089628,611.477144369595,L6_1,172.0,,
264279.626535307,3841626.63089628,611.477144369595,L6_1,172.0,,
264279.626535307,3841626.63089628,611.477144369595,L6_1,172.0,,
264279.626535307,3841626.63089628,611.477144369595,L6_1,172.0,,
264279.626535307,3841626.63089628,611.477144369595,L6_1,172.0,,
264279.626535307,3841626.63089628,611.477144369595,L6_1,172.0,,
264279.626535307,3841626.63089628,611.477144369595,L6_1,172.0,,
264279.626535307,3841626.63089628,611.477144369595,L6_1,172.0,,
264279.626535307,3841626.63089628,611.477144369595,L6_1,172.0,,
264279.626535307,3841626.63089628,611.477144369595,L6_1,172.0,,
264279.626535307,3841626.63089628,611.477144369595,L6_1,172.0,,
264279.626535307,3841626.63089628,611.477144369595,L6_1,172.0,,
264279.626535307,3841626.63089628,611.477144369595,L6_1,172.0,,
264279.626535307,3841626.63089628,611.477144369595,L6_1,172.0,,
264279.626535307,3841626.63089628,611.477144369595,L6_1,172.0,,
264279.626535307,3841626.63089628,611.477144369595,L6_1,172.0,,
264279.626535307,3841626.63089628,611.477144369595,L6_1,172.0,,
264284.580856476,3841630.02471021,611.524044422335,L6_1,178.0,611.524044422335,4.70386791072684
264284.580856476,3841630.02471021,611.524044422335,L6_1,178.0,606.495597919793,5.83119275907222
264284.580856476,3841630.02471021,611.524044422335,L6_1,178.0,601.215729092125,8.21722892073361
264284.580856476,3841630.02471021,611.524044422335,L6_1,178.0,595.671866823073,8.54307277393578
264284.580856476,3841630.02471021,611.524044422335,L6_1,178.0,589.850811440568,6.39773763681023
264284.580856476,3841630.02471021,611.524044422335,L6_1,178.0,583.738703288938,4.36446176889625
264284.580856476,3841630.02471021,611.524044422335,L6_1,178.0,577.320989729726,3.3535101820117
264284.580856476,3841630.02471021,611.524044422335,L6_1,178.0,570.582390492554,3.16241254339729
264284.580856476,3841630.02471021,611.524044422335,L6_1,178.0,563.506861293524,3.51005715276665
264284.580856476,3841630.02471021,611.524044422335,L6_1,178.0,556.077555634542,4.23270639179193
264284.580856476,3841630.02471021,611.524044422335,L6_1,178.0,548.27678469261,5.24488628731974
264284.580856476,3841630.02471021,611.524044422335,L6_1,178.0,540.085975203582,6.49531838485258
264284.580856476,3841630.02471021,611.524044422335,L6_1,178.0,531.485625240103,7.94134643764741
264284.580856476,3841630.02471021,611.524044422335,L6_1,178.0,522.45525777845,9.55150772987365
264284.580856476,3841630.02471021,611.524044422335,L6_1,178.0,512.973371943714,11.3226375744867
264284.580856476,3841630.02471021,611.524044422335,L6_1,178.0,503.017391817241,13.2820479453342
264284.580856476,3841630.02471021,611.524044422335,L6_1,178.0,492.563612684445,15.4635776009024
264284.580856476,3841630.02471021,611.524044422335,L6_1,178.0,481.587144595009,17.8731264069019
264284.580856476,3841630.02471021,611.524044422335,L6_1,178.0,470.061853101101,20.4657058640394
264284.580856476,3841630.02471021,611.524044422335,L6_1,178.0,457.960297032498,23.1452327529294
264284.580856476,3841630.02471021,611.524044422335,L6_1,178.0,445.253663160464,25.7846363734908
264284.580856476,3841630.02471021,611.524044422335,L6_1,178.0,431.911697594829,28.254956185574
264284.580856476,3841630.02471021,611.524044422335,L6_1,178.0,417.902633750912,30.4502597976172
264284.580856476,3841630.02471021,611.524044422335,L6_1,178.0,403.193116714799,32.3001251469775
264284.580856476,3841630.02471021,611.524044422335,L6_1,178.0,387.748123826881,33.7692425496062
264284.580856476,3841630.02471021,611.524044422335,L6_1,178.0,371.530881294567,34.8492443315928
264284.580856476,3841630.02471021,611.524044422335,L6_1,178.0,354.502776635637,35.548702663999
264284.580856476,3841630.02471021,611.524044422335,L6_1,178.0,336.62326674376,35.8851378578175
264284.580856476,3841630.02471021,611.524044422335,L6_1,178.0,317.84978135729,35.8802724226399
264284.580856476,3841630.02471021,611.524044422335,L6_1,178.0,298.137621701496,35.5580005077458
264284.580856476,3841630.02471021,611.524044422335,L6_1,178.0,277.439854062912,34.9440306019617
264284.580856476,3841630.02471021,611.524044422335,L6_1,178.0,255.708451005632,34.0662999459922
264284.580856476,3841630.02471021,611.524044422335,L6_1,178.0,233.018253536091,32.9592432089067
264284.580856476,3841630.02471021,611.524044422335,L6_1,178.0,209.193546193073,31.6592083282861
264284.580856476,3841630.02471021,611.524044422335,L6_1,178.0,184.177603482904,30.2007145512041
264284.580856476,3841630.02471021,611.524044422335,L6_1,178.0,157.910863637227,28.6203476382133
264284.580856476,3841630.02471021,611.524044422335,L6_1,178.0,130.330786799265,26.9559433944301
264284.580856476,3841630.02471021,611.524044422335,L6_1,178.0,101.371706119406,25.2455506988866
264284.580856476,3841630.02471021,611.524044422335,L6_1,178.0,70.9646714055538,23.5261890727522
264284.580856476,3841630.02471021,611.524044422335,L6_1,178.0,39.0372849560089,21.8325646687976
264284.580856476,3841630.02471021,611.524044422335,L6_1,178.0,,
264284.580856476,3841630.02471021,611.524044422335,L6_1,178.0,,
264284.580856476,3841630.02471021,611.524044422335,L6_1,178.0,,
264284.580856476,3841630.02471021,611.524044422335,L6_1,178.0,,
264284.580856476,3841630.02471021,611.524044422335,L6_1,178.0,,
264284.580856476,3841630.02471021,611.524044422335,L6_1,178.0,,
264284.580856476,3841630.02471021,611.524044422335,L6_1,178.0,,
264284.580856476,3841630.02471021,611.524044422335,L6_1,178.0,,
264284.580856476,3841630.02471021,611.524044422335,L6_1,178.0,,
264284.580856476,3841630.02471021,611.524044422335,L6_1,178.0,,
264284.580856476,3841630.02471021,611.524044422335,L6_1,178.0,,
264284.580856476,3841630.02471021,611.524044422335,L6_1,178.0,,
264284.580856476,3841630.02471021,611.524044422335,L6_1,178.0,,
264284.580856476,3841630.02471021,611.524044422335,L6_1,178.0,,
264284.580856476,3841630.02471021,611.524044422335,L6_1,178.0,,
264284.580856476,3841630.02471021,611.524044422335,L6_1,178.0,,
264284.580856476,3841630.02471021,611.524044422335,L6_1,178.0,,
264284.580856476,3841630.02471021,611.524044422335,L6_1,178.0,,
264284.580856476,3841630.02471021,611.524044422335,L6_1,178.0,,
264284.580856476,3841630.02471021,611.524044422335,L6_1,178.0,,
264284.580856476,3841630.02471021,611.524044422335,L6_1,178.0,,
264289.948024226,3841633.70131433,611.570944475075,L6_1,184.5,611.570944475075,4.87431885115259
264289.948024226,3841633.70131433,611.570944475075,L6_1,184.5,606.541834762516,6.32784367150752
264289.948024226,3841633.70131433,611.570944475075,L6_1,184.5,601.261269564329,9.42143189507729
264289.948024226,3841633.70131433,611.570944475075,L6_1,184.5,595.716676106233,9.98461294404664
264289.948024226,3841633.70131433,611.570944475075,L6_1,184.5,589.894852975231,7.5894482014106
264289.948024226,3841633.70131433,611.570944475075,L6_1,184.5,583.78193868768,5.13401191091604
264289.948024226,3841633.70131433,611.570944475075,L6_1,184.5,577.363378685751,3.78575671277056
264289.948024226,3841633.70131433,611.570944475075,L6_1,184.5,570.623890683726,3.37350539706075
264289.948024226,3841633.70131433,611.570944475075,L6_1,184.5,563.5474282816,3.56936441228307
264289.948024226,3841633.70131433,611.570944475075,L6_1,184.5,556.117142759367,4.17892658086998
264289.948024226,3841633.70131433,611.570944475075,L6_1,184.5,548.315342961022,5.10610990268074
264289.948024226,3841633.70131433,611.570944475075,L6_1,184.5,540.123453172761,6.29885328405659
264289.948024226,3841633.70131433,611.570944475075,L6_1,184.5,531.521968895086,7.71760352699683
264289.948024226,3841633.70131433,611.570944475075,L6_1,184.5,522.490410403528,9.33197107179682
264289.948024226,3841633.70131433,611.570944475075,L6_1,184.5,513.007273987391,11.1330339255491
264289.948024226,3841633.70131433,611.570944475075,L6_1,184.5,503.049980750448,13.1362795255082
264289.948024226,3841633.70131433,611.570944475075,L6_1,184.5,492.594822851657,15.3629178772724
264289.948024226,3841633.70131433,611.570944475075,L6_1,184.5,481.616907057928,17.8100357726292
264289.948024226,3841633.70131433,611.570944475075,L6_1,184.5,470.090095474511,20.429042447306
264289.948024226,3841633.70131433,611.570944475075,L6_1,184.5,457.986943311924,23.1245106346597
264289.948024226,3841633.70131433,611.570944475075,L6_1,184.5,445.278633541207,25.7725401462673
264289.948024226,3841633.70131433,611.570944475075,L6_1,184.5,431.934908281955,28.2481863824133
264289.948024226,3841633.70131433,611.570944475075,L6_1,184.5,417.92399675974,30.4491380459038
264289.948024226,3841633.70131433,611.570944475075,L6_1,184.5,403.212539661414,32.3074574208493
264289.948024226,3841633.70131433,611.570944475075,L6_1,184.5,387.765509708172,33.7889853103998
264289.948024226,3841633.70131433,611.570944475075,L6_1,184.5,371.546128257268,34.8853105803111
264289.948024226,3841633.70131433,611.570944475075,L6_1,184.5,354.515777733818,35.6040939582637
264289.948024226,3841633.70131433,611.570944475075,L6_1,184.5,336.633909684196,35.9614653031774
264289.948024226,3841633.70131433,611.570944475075,L6_1,184.5,317.857948232094,35.9776065972636
264289.948024226,3841633.70131433,611.570944475075,L6_1,184.5,298.143188707385,35.6749732711285
264289.948024226,3841633.70131433,611.570944475075,L6_1,184.5,277.442691206442,35.0780981674968
264289.948024226,3841633.70131433,611.570944475075,L6_1,184.5,255.708451005632,34.2140532190622
264289.948024226,3841633.70131433,611.570944475075,L6_1,184.5,233.018253536091,33.1166912912111
264289.948024226,3841633.70131433,611.570944475075,L6_1,184.5,209.193546193073,31.8221459000011
264289.948024226,3841633.70131433,611.570944475075,L6_1,184.5,184.177603482904,30.3650726059577
264289.948024226,3841633.70131433,611.570944475075,L6_1,184.5,157.910863637227,28.7824008459514
264289.948024226,3841633.70131433,611.570944475075,L6_1,184.5,130.330786799265,27.1124480020746
264289.948024226,3841633.70131433,611.570944475075,L6_1,184.5,101.371706119406,25.3938177969591
264289.948024226,3841633.70131433,611.570944475075,L6_1,184.5,70.9646714055538,23.6641136832306
264289.948024226,3841633.70131433,611.570944475075,L6_1,184.5,39.0372849560089,21.9586400553617
264289.948024226,3841633.70131433,611.570944475075,L6_1,184.5,,
264289.948024226,3841633.70131433,611.570944475075,L6_1,184.5,,
264289.948024226,3841633.70131433,611.570944475075,L6_1,184.5,,
264289.948024226,3841633.70131433,611.570944475075,L6_1,184.5,,
264289.948024226,3841633.70131433,611.570944475075,L6_1,184.5,,
264289.948024226,3841633.70131433,611.570944475075,L6_1,184.5,,
264289.948024226,3841633.70131433,611.570944475075,L6_1,184.5,,
264289.948024226,3841633.70131433,611.570944475075,L6_1,184.5,,
264289.948024226,3841633.70131433,611.570944475075,L6_1,184.5,,
264289.948024226,3841633.70131433,611.570944475075,L6_1,184.5,,
264289.948024226,3841633.70131433,611.570944475075,L6_1,184.5,,
264289.948024226,3841633.70131433,611.570944475075,L6_1,184.5,,
264289.948024226,3841633.70131433,611.570944475075,L6_1,184.5,,
264289.948024226,3841633.70131433,611.570944475075,L6_1,184.5,,
264289.948024226,3841633.70131433,611.570944475075,L6_1,184.5,,
264289.948024226,3841633.70131433,611.570944475075,L6_1,184.5,,
264289.948024226,3841633.70131433,611.570944475075,L6_1,184.5,,
264289.948024226,3841633.70131433,611.570944475075,L6_1,184.5,,
264289.948024226,3841633.70131433,611.570944475075,L6_1,184.5,,
264289.948024226,3841633.70131433,611.570944475075,L6_1,184.5,,
264289.948024226,3841633.70131433,611.570944475075,L6_1,184.5,,
264294.902332918,3841637.09510274,611.505986544223,L6_1,190.5,611.505986544223,4.79859889500055
264294.902332918,3841637.09510274,611.505986544223,L6_1,190.5,606.477795396739,6.21269495318807
264294.902332918,3841637.09510274,611.505986544223,L6_1,190.5,601.19819469188,9.33031868625461
264294.902332918,3841637.09510274,611.505986544223,L6_1,190.5,595.654613951779,10.2455136934827
264294.902332918,3841637.09510274,611.505986544223,L6_1,190.5,589.833854174672,8.12831736575276
264294.902332918,3841637.09510274,611.505986544223,L6_1,190.5,583.72205640871,5.59887076317299
264294.902332918,3841637.09510274,611.505986544223,L6_1,190.5,577.304668754451,4.0485734080018
264294.902332918,3841637.09510274,611.505986544223,L6_1,190.5,570.566411717478,3.45769957616037
264294.902332918,3841637.09510274,611.505986544223,L6_1,190.5,563.491241828656,3.51410113566103
264294.902332918,3841637.09510274,611.505986544223,L6_1,190.5,556.062313445394,4.01273667557653
264294.902332918,3841637.09510274,611.505986544223,L6_1,190.5,548.261938642968,4.85424019544669
264294.902332918,3841637.09510274,611.505986544223,L6_1,190.5,540.071545100421,5.99020639262583
264294.902332918,3841637.09510274,611.505986544223,L6_1,190.5,531.471631880747,7.38715096103093
264294.902332918,3841637.09510274,611.505986544223,L6_1,190.5,522.441723000088,9.0169911760364
264294.902332918,3841637.09510274,611.505986544223,L6_1,190.5,512.960318675398,10.864473945408
264294.902332918,3841637.09510274,611.505986544223,L6_1,190.5,503.004844134472,12.9312838712956
264294.902332918,3841637.09510274,611.505986544223,L6_1,190.5,492.5515958665,15.2234463892515
264294.902332918,3841637.09510274,611.505986544223,L6_1,190.5,481.57568518513,17.7269865018889
264294.902332918,3841637.09510274,611.505986544223,L6_1,190.5,470.050978969691,20.3882450826495
264294.902332918,3841637.09510274,611.505986544223,L6_1,190.5,457.95003744348,23.1117665260899
264294.902332918,3841637.09510274,611.505986544223,L6_1,190.5,445.244048840959,25.7767208483346
264294.902332918,3841637.09510274,611.505986544223,L6_1,190.5,431.902760808311,28.2624688990324
264294.902332918,3841637.09510274,611.505986544223,L6_1,190.5,417.894408374031,30.4708435858663
264294.902332918,3841637.09510274,611.505986544223,L6_1,190.5,403.185638318038,32.3370693689544
264294.902332918,3841637.09510274,611.505986544223,L6_1,190.5,387.741429759244,33.8288540444287
264294.902332918,3841637.09510274,611.505986544223,L6_1,190.5,371.525010772511,34.9384094551027
264294.902332918,3841637.09510274,611.505986544223,L6_1,190.5,354.497770836441,35.6730504349576
264294.902332918,3841637.09510274,611.505986544223,L6_1,190.5,336.619168903568,36.0479345185918
264294.902332918,3841637.09510274,611.505986544223,L6_1,190.5,317.846636874051,36.0819800586874
264294.902332918,3841637.09510274,611.505986544223,L6_1,190.5,298.135478243058,35.7963593048222
264294.902332918,3841637.09510274,611.505986544223,L6_1,190.5,277.438761680515,35.2144820216006
264294.902332918,3841637.09510274,611.505986544223,L6_1,190.5,255.708451005632,34.3625646226184
264294.902332918,3841637.09510274,611.505986544223,L6_1,190.5,233.018253536091,33.2737782688442
264294.902332918,3841637.09510274,611.505986544223,L6_1,190.5,209.193546193073,31.9839273889094
264294.902332918,3841637.09510274,611.505986544223,L6_1,190.5,184.177603482904,30.5277593677599
264294.902332918,3841637.09510274,611.505986544223,L6_1,190.5,157.910863637227,28.9424936429174
264294.902332918,3841637.09510274,611.505986544223,L6_1,190.5,130.330786799265,27.2668766339763
264294.902332918,3841637.09510274,611.505986544223,L6_1,190.5,101.371706119406,25.5400220915743
264294.902332918,3841637.09510274,611.505986544223,L6_1,190.5,70.9646714055538,23.8000840496266
264294.902332918,3841637.09510274,611.505986544223,L6_1,190.5,39.0372849560089,22.0829298031396
264294.902332918,3841637.09510274,611.505986544223,L6_1,190.5,,
264294.902332918,3841637.09510274,611.505986544223,L6_1,190.5,,
264294.902332918,3841637.09510274,611.505986544223,L6_1,190.5,,
264294.902332918,3841637.09510274,611.505986544223,L6_1,190.5,,
264294.902332918,3841637.09510274,611.505986544223,L6_1,190.5,,
264294.902332918,3841637.09510274,611.505986544223,L6_1,190.5,,
264294.902332918,3841637.09510274,611.505986544223,L6_1,190.5,,
264294.902332918,3841637.09510274,611.505986544223,L6_1,190.5,,
264294.902332918,3841637.09510274,611.505986544223,L6_1,190.5,,
264294.902332918,3841637.09510274,611.505986544223,L6_1,190.5,,
264294.902332918,3841637.09510274,611.505986544223,L6_1,190.5,,
264294.902332918,3841637.09510274,611.505986544223,L6_1,190.5,,
264294.902332918,3841637.09510274,611.505986544223,L6_1,190.5,,
264294.902332918,3841637.09510274,611.505986544223,L6_1,190.5,,
264294.902332918,3841637.09510274,611.505986544223,L6_1,190.5,,
264294.902332918,3841637.09510274,611.505986544223,L6_1,190.5,,
264294.902332918,3841637.09510274,611.505986544223,L6_1,190.5,,
264294.902332918,3841637.09510274,611.505986544223,L6_1,190.5,,
264294.902332918,3841637.09510274,611.505986544223,L6_1,190.5,,
264294.902332918,3841637.09510274,611.505986544223,L6_1,190.5,,
264294.902332918,3841637.09510274,611.505986544223,L6_1,190.5,,
264300.269500668,3841640.77170685,611.328949919499,L6_1,197.0,611.328949919499,4.53886381569773
264300.269500668,3841640.77170685,611.328949919499,L6_1,197.0,606.303262233228,5.51219893313284
264300.269500668,3841640.77170685,611.328949919499,L6_1,197.0,601.026290162645,7.90658420118129
264300.269500668,3841640.77170685,611.328949919499,L6_1,197.0,595.485469488532,9.24796920156406
264300.269500668,3841640.77170685,611.328949919499,L6_1,197.0,589.667607780713,7.9433791765878
264300.269500668,3841640.77170685,611.328949919499,L6_1,197.0,583.558852987503,5.71953172291902
264300.269500668,3841640.77170685,611.328949919499,L6_1,197.0,577.144660454633,4.12900261523316
264300.269500668,3841640.77170685,611.328949919499,L6_1,197.0,570.40975829512,3.41972950081132
264300.269500668,3841640.77170685,611.328949919499,L6_1,197.0,563.338111027631,3.36169629434837
264300.269500668,3841640.77170685,611.328949919499,L6_1,197.0,555.912881396767,3.76088935959152
264300.269500668,3841640.77170685,611.328949919499,L6_1,197.0,548.11639028436,4.52199700123268
264300.269500668,3841640.77170685,611.328949919499,L6_1,197.0,539.930074616333,5.60436289833927
264300.269500668,3841640.77170685,611.328949919499,L6_1,197.0,531.334443164905,6.98347067270645
264300.269500668,3841640.77170685,611.328949919499,L6_1,197.0,522.309030140905,8.63546991709842
264300.269500668,3841640.77170685,611.328949919499,L6_1,197.0,512.832346465705,10.5396243831698
264300.269500668,3841640.77170685,611.328949919499,L6_1,197.0,502.881828606745,12.6833590409596
264300.269500668,3841640.77170685,611.328949919499,L6_1,197.0,492.433784854837,15.0559758825606
264300.269500668,3841640.77170685,611.328949919499,L6_1,197.0,481.463338915333,17.6305743135387
264300.269500668,3841640.77170685,611.328949919499,L6_1,197.0,469.944370678855,20.346927991529
264300.269500668,3841640.77170685,611.328949919499,L6_1,197.0,457.849454030552,23.1086598986287
264300.269500668,3841640.77170685,611.328949919499,L6_1,197.0,445.149791549835,25.7976613007691
264300.269500668,3841640.77170685,611.328949919499,L6_1,197.0,431.815145945082,28.2976596621767
264300.269500668,3841640.77170685,611.328949919499,L6_1,197.0,417.81376806009,30.5149669874999
264300.269500668,3841640.77170685,611.328949919499,L6_1,197.0,403.11232128085,32.3885020341847
264300.269500668,3841640.77170685,611.328949919499,L6_1,197.0,387.675802162647,33.8884493984445
264300.269500668,3841640.77170685,611.328949919499,L6_1,197.0,371.467457088534,35.0082429933905
264300.269500668,3841640.77170685,611.328949919499,L6_1,197.0,354.448694760716,35.7553777400671
264300.269500668,3841640.77170685,611.328949919499,L6_1,197.0,336.578994316506,36.1444375852641
264300.269500668,3841640.77170685,611.328949919499,L6_1,197.0,317.815808850086,36.1933467087274
264300.269500668,3841640.77170685,611.328949919499,L6_1,197.0,298.114464110346,35.9221516398585
264300.269500668,3841640.77170685,611.328949919499,L6_1,197.0,277.428052133618,35.3532004674761
264300.269500668,3841640.77170685,611.328949919499,L6_1,197.0,255.708451005632,34.5118684648769
264300.269500668,3841640.77170685,611.328949919499,L6_1,197.0,233.018253536091,33.4305467956978
264300.269500668,3841640.77170685,611.328949919499,L6_1,197.0,209.193546193073,32.1445957875937
264300.269500668,3841640.77170685,611.328949919499,L6_1,197.0,184.177603482904,30.6888133766008
264300.269500668,3841640.77170685,611.328949919499,L6_1,197.0,157.910863637227,29.1006584361885
264300.269500668,3841640.77170685,611.328949919499,L6_1,197.0,130.330786799265,27.4192553121776
264300.269500668,3841640.77170685,611.328949919499,L6_1,197.0,101.371706119406,25.6841823881215
264300.269500668,3841640.77170685,611.328949919499,L6_1,197.0,70.9646714055538,23.9341105495661
264300.269500668,3841640.77170685,611.328949919499,L6_1,197.0,39.0372849560089,22.2054381295607
264300.269500668,3841640.77170685,611.328949919499,L6_1,197.0,,
264300.269500668,3841640.77170685,611.328949919499,L6_1,197.0,,
264300.269500668,3841640.77170685,611.328949919499,L6_1,197.0,,
264300.269500668,3841640.77170685,611.328949919499,L6_1,197.0,,
264300.269500668,3841640.77170685,611.328949919499,L6_1,197.0,,
264300.269500668,3841640.77170685,611.328949919499,L6_1,197.0,,
264300.269500668,3841640.77170685,611.328949919499,L6_1,197.0,,
264300.269500668,3841640.77170685,611.328949919499,L6_1,197.0,,
264300.269500668,3841640.77170685,611.328949919499,L6_1,197.0,,
264300.269500668,3841640.77170685,611.328949919499,L6_1,197.0,,
264300.269500668,3841640.77170685,611.328949919499,L6_1,197.0,,
264300.269500668,3841640.77170685,611.328949919499,L6_1,197.0,,
264300.269500668,3841640.77170685,611.328949919499,L6_1,197.0,,
264300.269500668,3841640.77170685,611.328949919499,L6_1,197.0,,
264300.269500668,3841640.77170685,611.328949919499,L6_1,197.0,,
264300.269500668,3841640.77170685,611.328949919499,L6_1,197.0,,
264300.269500668,3841640.77170685,611.328949919499,L6_1,197.0,,
264300.269500668,3841640.77170685,611.328949919499,L6_1,197.0,,
264300.269500668,3841640.77170685,611.328949919499,L6_1,197.0,,
264300.269500668,3841640.77170685,611.328949919499,L6_1,197.0,,
264300.269500668,3841640.77170685,611.328949919499,L6_1,197.0,,
264305.223802696,3841644.16546587,611.151913294774,L6_1,203.0,611.151913294774,4.06047302625905
264305.223802696,3841644.16546587,611.151913294774,L6_1,203.0,606.128729069718,4.76897984276012
264305.223802696,3841644.16546587,611.151913294774,L6_1,203.0,600.854385633409,6.77361606836891
264305.223802696,3841644.16546587,611.151913294774,L6_1,203.0,595.316325025284,8.4427699491167
264305.223802696,3841644.16546587,611.151913294774,L6_1,203.0,589.501361386754,7.74814304657801
264305.223802696,3841644.16546587,611.151913294774,L6_1,203.0,583.395649566296,5.75173805819194
264305.223802696,3841644.16546587,611.151913294774,L6_1,203.0,576.984652154816,4.11593462132111
264305.223802696,3841644.16546587,611.151913294774,L6_1,203.0,570.253104872762,3.30604639592979
264305.223802696,3841644.16546587,611.151913294774,L6_1,203.0,563.184980226605,3.1548812543089
264305.223802696,3841644.16546587,611.151913294774,L6_1,203.0,555.763449348141,3.47265906780537
264305.223802696,3841644.16546587,611.151913294774,L6_1,203.0,547.970841925753,4.16606479832539
264305.223802696,3841644.16546587,611.151913294774,L6_1,203.0,539.788604132245,5.20236546238119
264305.223802696,3841644.16546587,611.151913294774,L6_1,203.0,531.197254449063,6.56735532282526
264305.223802696,3841644.16546587,611.151913294774,L6_1,203.0,522.176337281721,8.24350984171492
264305.223802696,3841644.16546587,611.151913294774,L6_1,203.0,512.704374256012,10.2068763445458
264305.223802696,3841644.16546587,611.151913294774,L6_1,203.0,502.758813079017,12.4320473285141
264305.223802696,3841644.16546587,611.151913294774,L6_1,203.0,492.315973843173,14.8916191875177
264305.223802696,3841644.16546587,611.151913294774,L6_1,203.0,481.350992645537,17.5447578416549
264305.223802696,3841644.16546587,611.151913294774,L6_1,203.0,469.837762388019,20.3233929192393
264305.223802696,3841644.16546587,611.151913294774,L6_1,203.0,457.748870617625,23.1291916489403
264305.223802696,3841644.16546587,611.151913294774,L6_1,203.0,445.055534258711,25.8461431380673
264305.223802696,3841644.16546587,611.151913294774,L6_1,203.0,431.727531081852,28.3621226469045
264305.223802696,3841644.16546587,611.151913294774,L6_1,203.0,417.733127746149,30.5880619858326
264305.223802696,3841644.16546587,611.151913294774,L6_1,203.0,403.039004243662,32.4669412697472
264305.223802696,3841644.16546587,611.151913294774,L6_1,203.0,387.61017456605,33.9719148906834
264305.223802696,3841644.16546587,611.151913294774,L6_1,203.0,371.409903404558,35.0981624219271
264305.223802696,3841644.16546587,611.151913294774,L6_1,203.0,354.399618684991,35.8538021429253
264305.223802696,3841644.16546587,611.151913294774,L6_1,203.0,336.538819729445,36.2531932614835
264305.223802696,3841644.16546587,611.151913294774,L6_1,203.0,317.784980826122,36.3134980001245
264305.223802696,3841644.16546587,611.151913294774,L6_1,203.0,298.093449977634,36.0537603074635
264305.223802696,3841644.16546587,611.151913294774,L6_1,203.0,277.41734258672,35.4953288016092
264305.223802696,3841644.16546587,611.151913294774,L6_1,203.0,255.708451005632,34.6627434783856
264305.223802696,3841644.16546587,611.151913294774,L6_1,203.0,233.018253536091,33.5875258218074
264305.223802696,3841644.16546587,611.151913294774,L6_1,203.0,209.193546193073,32.3044867303454
264305.223802696,3841644.16546587,611.151913294774,L6_1,203.0,184.177603482904,30.8484236662024
264305.223802696,3841644.16546587,611.151913294774,L6_1,203.0,157.910863637227,29.2569776170689
264305.223802696,3841644.16546587,611.151913294774,L6_1,203.0,130.330786799265,27.5695936947751
264305.223802696,3841644.16546587,611.151913294774,L6_1,203.0,101.371706119406,25.8262654511909
264305.223802696,3841644.16546587,611.151913294774,L6_1,203.0,70.9646714055538,24.0661347675845
264305.223802696,3841644.16546587,611.151913294774,L6_1,203.0,39.0372849560089,22.3260948196611
264305.223802696,3841644.16546587,611.151913294774,L6_1,203.0,,
264305.223802696,3841644.16546587,611.151913294774,L6_1,203.0,,
264305.223802696,3841644.16546587,611.151913294774,L6_1,203.0,,
264305.223802696,3841644.16546587,611.151913294774,L6_1,203.0,,
264305.223802696,3841644.16546587,611.151913294774,L6_1,203.0,,
264305.223802696,3841644.16546587,611.151913294774,L6_1,203.0,,
264305.223802696,3841644.16546587,611.151913294774,L6_1,203.0,,
264305.223802696,3841644.16546587,611.151913294774,L6_1,203.0,,
264305.223802696,3841644.16546587,611.151913294774,L6_1,203.0,,
264305.223802696,3841644.16546587,611.151913294774,L6_1,203.0,,
264305.223802696,3841644.16546587,611.151913294774,L6_1,203.0,,
264305.223802696,3841644.16546587,611.151913294774,L6_1,203.0,,
264305.223802696,3841644.16546587,611.151913294774,L6_1,203.0,,
264305.223802696,3841644.16546587,611.151913294774,L6_1,203.0,,
264305.223802696,3841644.16546587,611.151913294774,L6_1,203.0,,
264305.223802696,3841644.16546587,611.151913294774,L6_1,203.0,,
264305.223802696,3841644.16546587,611.151913294774,L6_1,203.0,,
264305.223802696,3841644.16546587,611.151913294774,L6_1,203.0,,
264305.223802696,3841644.16546587,611.151913294774,L6_1,203.0,,
264305.223802696,3841644.16546587,611.151913294774,L6_1,203.0,,
264305.223802696,3841644.16546587,611.151913294774,L6_1,203.0,,
264310.590956007,3841647.84200628,610.97487667005,L6_1,209.5,610.97487667005,3.74100211832514
264310.590956007,3841647.84200628,610.97487667005,L6_1,209.5,605.954195906208,4.30101714047989
264310.590956007,3841647.84200628,610.97487667005,L6_1,209.5,600.682481104173,6.15789083012677
264310.590956007,3841647.84200628,610.97487667005,L6_1,209.5,595.147180562037,8.14743869535101
264310.590956007,3841647.84200628,610.97487667005,L6_1,209.5,589.335114992794,7.80108015081294
264310.590956007,3841647.84200628,610.97487667005,L6_1,209.5,583.232446145089,5.82092688407871
264310.590956007,3841647.84200628,610.97487667005,L6_1,209.5,576.824643854999,4.06373580656591
264310.590956007,3841647.84200628,610.97487667005,L6_1,209.5,570.096451450404,3.15085366715504
264310.590956007,3841647.84200628,610.97487667005,L6_1,209.5,563.03184942558,2.92544992394493
264310.590956007,3841647.84200628,610.97487667005,L6_1,209.5,555.614017299514,3.18187644045686
264310.590956007,3841647.84200628,610.97487667005,L6_1,209.5,547.825293567145,3.82286612707529
264310.590956007,3841647.84200628,610.97487667005,L6_1,209.5,539.647133648158,4.82211468265124
264310.590956007,3841647.84200628,610.97487667005,L6_1,209.5,531.060065733221,6.17604504675486
264310.590956007,3841647.84200628,610.97487667005,L6_1,209.5,522.043644422537,7.8751857829267
264310.590956007,3841647.84200628,610.97487667005,L6_1,209.5,512.576402046319,9.8950479341594
264310.590956007,3841647.84200628,610.97487667005,L6_1,209.5,502.63579755129,12.1998286839581
264310.590956007,3841647.84200628,610.97487667005,L6_1,209.5,492.19816283151,14.746569702981
264310.590956007,3841647.84200628,610.97487667005,L6_1,209.5,481.238646375741,17.4803195738978
264310.590956007,3841647.84200628,610.97487667005,L6_1,209.5,469.731154097183,20.3242548234104
264310.590956007,3841647.84200628,610.97487667005,L6_1,209.5,457.648287204697,23.177052897835
264310.590956007,3841647.84200628,610.97487667005,L6_1,209.5,444.961276967587,25.923975559539
264310.590956007,3841647.84200628,610.97487667005,L6_1,209.5,431.639916218622,28.4565597345586
264310.590956007,3841647.84200628,610.97487667005,L6_1,209.5,417.652487432208,30.6902483245583
264310.590956007,3841647.84200628,610.97487667005,L6_1,209.5,402.965687206474,32.5722519078598
264310.590956007,3841647.84200628,610.97487667005,L6_1,209.5,387.544546969453,34.0790460293963
264310.590956007,3841647.84200628,610.97487667005,L6_1,209.5,371.352349720581,35.2079863393644
264310.590956007,3841647.84200628,610.97487667005,L6_1,209.5,354.350542609265,35.9681992946382
264310.590956007,3841647.84200628,610.97487667005,L6_1,209.5,336.498645142384,36.3741393606194
264310.590956007,3841647.84200628,610.97487667005,L6_1,209.5,317.754152802158,36.442427156607
264310.590956007,3841647.84200628,610.97487667005,L6_1,209.5,298.072435844921,36.1912182473517
264310.590956007,3841647.84200628,610.97487667005,L6_1,209.5,277.406633039823,35.6409209770426
264310.590956007,3841647.84200628,610.97487667005,L6_1,209.5,255.708451005632,34.8152448186269
264310.590956007,3841647.84200628,610.97487667005,L6_1,209.5,233.018253536091,33.7447611009209
264310.590956007,3841647.84200628,610.97487667005,L6_1,209.5,209.193546193073,32.463638057716
264310.590956007,3841647.84200628,610.97487667005,L6_1,209.5,184.177603482904,31.0066220738514
264310.590956007,3841647.84200628,610.97487667005,L6_1,209.5,157.910863637227,29.4114770930789
264310.590956007,3841647.84200628,610.97487667005,L6_1,209.5,130.330786799265,27.7179096940678
264310.590956007,3841647.84200628,610.97487667005,L6_1,209.5,101.371706119406,25.9662808165627
264310.590956007,3841647.84200628,610.97487667005,L6_1,209.5,70.9646714055538,24.1961610592645
264310.590956007,3841647.84200628,610.97487667005,L6_1,209.5,39.0372849560089,22.4448993410562
264310.590956007,3841647.84200628,610.97487667005,L6_1,209.5,,
264310.590956007,3841647.84200628,610.97487667005,L6_1,209.5,,
264310.590956007,3841647.84200628,610.97487667005,L6_1,209.5,,
264310.590956007,3841647.84200628,610.97487667005,L6_1,209.5,,
264310.590956007,3841647.84200628,610.97487667005,L6_1,209.5,,
264310.590956007,3841647.84200628,610.97487667005,L6_1,209.5,,
264310.590956007,3841647.84200628,610.97487667005,L6_1,209.5,,
264310.590956007,3841647.84200628,610.97487667005,L6_1,209.5,,
264310.590956007,3841647.84200628,610.97487667005,L6_1,209.5,,
264310.590956007,3841647.84200628,610.97487667005,L6_1,209.5,,
264310.590956007,3841647.84200628,610.97487667005,L6_1,209.5,,
264310.590956007,3841647.84200628,610.97487667005,L6_1,209.5,,
264310.590956007,3841647.84200628,610.97487667005,L6_1,209.5,,
264310.590956007,3841647.84200628,610.97487667005,L6_1,209.5,,
264310.590956007,3841647.84200628,610.97487667005,L6_1,209.5,,
264310.590956007,3841647.84200628,610.97487667005,L6_1,209.5,,
264310.590956007,3841647.84200628,610.97487667005,L6_1,209.5,,
264310.590956007,3841647.84200628,610.97487667005,L6_1,209.5,,
264310.590956007,3841647.84200628,610.97487667005,L6_1,209.5,,
264310.590956007,3841647.84200628,610.97487667005,L6_1,209.5,,
264310.590956007,3841647.84200628,610.97487667005,L6_1,209.5,,
264315.545251371,3841651.2357359,610.797840045326,L6_1,215.5,610.797840045326,3.6093897648031
264315.545251371,3841651.2357359,610.797840045326,L6_1,215.5,605.779662742698,4.34929727580935
264315.545251371,3841651.2357359,610.797840045326,L6_1,215.5,600.510576574938,6.70301005994647
264315.545251371,3841651.2357359,610.797840045326,L6_1,215.5,594.97803609879,9.10009460833025
264315.545251371,3841651.2357359,610.797840045326,L6_1,215.5,589.168868598835,8.54940017078083
264315.545251371,3841651.2357359,610.797840045326,L6_1,215.5,583.069242723882,6.10605231522704
264315.545251371,3841651.2357359,610.797840045326,L6_1,215.5,576.664635555182,4.05097271140264
264315.545251371,3841651.2357359,610.797840045326,L6_1,215.5,569.939798028047,3.00924376502757
264315.545251371,3841651.2357359,610.797840045326,L6_1,215.5,562.878718624554,2.72423033838436
264315.545251371,3841651.2357359,610.797840045326,L6_1,215.5,555.464585250888,2.93946014534357
264315.545251371,3841651.2357359,610.797840045326,L6_1,215.5,547.679745208537,3.54485099770332
264315.545251371,3841651.2357359,610.797840045326,L6_1,215.5,539.50566316407,4.51777132152447
264315.545251371,3841651.2357359,610.797840045326,L6_1,215.5,530.922877017379,5.86424172807316
264315.545251371,3841651.2357359,610.797840045326,L6_1,215.5,521.910951563353,7.58335133154979
264315.545251371,3841651.2357359,610.797840045326,L6_1,215.5,512.448429836626,9.65226385850268
264315.545251371,3841651.2357359,610.797840045326,L6_1,215.5,502.512782023563,12.0277789078663
264315.545251371,3841651.2357359,610.797840045326,L6_1,215.5,492.080351819847,14.6538162702017
264315.545251371,3841651.2357359,610.797840045326,L6_1,215.5,481.126300105944,17.4624199980659
264315.545251371,3841651.2357359,610.797840045326,L6_1,215.5,469.624545806347,20.3679229285913
264315.545251371,3841651.2357359,610.797840045326,L6_1,215.5,457.54770379177,23.2652561311316
264315.545251371,3841651.2357359,610.797840045326,L6_1,215.5,444.867019676464,26.0400651162772
264315.545251371,3841651.2357359,610.797840045326,L6_1,215.5,431.552301355392,28.5868819956429
264315.545251371,3841651.2357359,610.797840045326,L6_1,215.5,417.571847118268,30.8253266102085
264315.545251371,3841651.2357359,610.797840045326,L6_1,215.5,402.892370169286,32.706827533178
264315.545251371,3841651.2357359,610.797840045326,L6_1,215.5,387.478919372856,34.2113736652183
264315.545251371,3841651.2357359,610.797840045326,L6_1,215.5,371.294796036604,35.3387408206184
264315.545251371,3841651.2357359,610.797840045326,L6_1,215.5,354.30146653354,36.099327106417
264315.545251371,3841651.2357359,610.797840045326,L6_1,215.5,336.458470555323,36.5078857525628
264315.545251371,3841651.2357359,610.797840045326,L6_1,215.5,317.723324778194,36.5806358705117
264315.545251371,3841651.2357359,610.797840045326,L6_1,215.5,298.051421712209,36.3349382318187
264315.545251371,3841651.2357359,610.797840045326,L6_1,215.5,277.395923492925,35.7902955020224
264315.545251371,3841651.2357359,610.797840045326,L6_1,215.5,255.708451005632,34.9695757511658
264315.545251371,3841651.2357359,610.797840045326,L6_1,215.5,233.018253536091,33.9023474694077
264315.545251371,3841651.2357359,610.797840045326,L6_1,215.5,209.193546193073,32.6220722576794
264315.545251371,3841651.2357359,610.797840045326,L6_1,215.5,184.177603482904,31.1633774128829
264315.545251371,3841651.2357359,610.797840045326,L6_1,215.5,157.910863637227,29.564086866844
264315.545251371,3841651.2357359,610.797840045326,L6_1,215.5,130.330786799265,27.8641117958145
264315.545251371,3841651.2357359,610.797840045326,L6_1,215.5,101.371706119406,26.1041246985922
264315.545251371,3841651.2357359,610.797840045326,L6_1,215.5,70.9646714055538,24.3240803415741
264315.545251371,3841651.2357359,610.797840045326,L6_1,215.5,39.0372849560089,22.5617473140528
264315.545251371,3841651.2357359,610.797840045326,L6_1,215.5,,
264315.545251371,3841651.2357359,610.797840045326,L6_1,215.5,,
264315.545251371,3841651.2357359,610.797840045326,L6_1,215.5,,
264315.545251371,3841651.2357359,610.797840045326,L6_1,215.5,,
264315.545251371,3841651.2357359,610.797840045326,L6_1,215.5,,
264315.545251371,3841651.2357359,610.797840045326,L6_1,215.5,,
264315.545251371,3841651.2357359,610.797840045326,L6_1,215.5,,
264315.545251371,3841651.2357359,610.797840045326,L6_1,215.5,,
264315.545251371,3841651.2357359,610.797840045326,L6_1,215.5,,
264315.545251371,3841651.2357359,610.797840045326,L6_1,215.5,,
264315.545251371,3841651.2357359,610.797840045326,L6_1,215.5,,
264315.545251371,3841651.2357359,610.797840045326,L6_1,215.5,,
264315.545251371,3841651.2357359,610.797840045326,L6_1,215.5,,
264315.545251371,3841651.2357359,610.797840045326,L6_1,215.5,,
264315.545251371,3841651.2357359,610.797840045326,L6_1,215.5,,
264315.545251371,3841651.2357359,610.797840045326,L6_1,215.5,,
264315.545251371,3841651.2357359,610.797840045326,L6_1,215.5,,
264315.545251371,3841651.2357359,610.797840045326,L6_1,215.5,,
264315.545251371,3841651.2357359,610.797840045326,L6_1,215.5,,
264315.545251371,3841651.2357359,610.797840045326,L6_1,215.5,,
264315.545251371,3841651.2357359,610.797840045326,L6_1,215.5,,
264320.912404683,3841654.91227631,610.620803420602,L6_1,222.0,610.620803420602,3.71518498235774
264320.912404683,3841654.91227631,610.620803420602,L6_1,222.0,605.605129579187,4.94477220583514
264320.912404683,3841654.91227631,610.620803420602,L6_1,222.0,600.338672045702,8.59352134151628
264320.912404683,3841654.91227631,610.620803420602,L6_1,222.0,594.808891635543,11.5506599075532
264320.912404683,3841654.91227631,610.620803420602,L6_1,222.0,589.002622204876,10.0633036485921
264320.912404683,3841654.91227631,610.620803420602,L6_1,222.0,582.906039302675,6.59551584477737
264320.912404683,3841654.91227631,610.620803420602,L6_1,222.0,576.504627255365,4.07399951777098
264320.912404683,3841654.91227631,610.620803420602,L6_1,222.0,569.783144605689,2.88943319563182
264320.912404683,3841654.91227631,610.620803420602,L6_1,222.0,562.725587823529,2.5623267681676
264320.912404683,3841654.91227631,610.620803420602,L6_1,222.0,555.315153202261,2.75646350580611
264320.912404683,3841654.91227631,610.620803420602,L6_1,222.0,547.53419684993,3.34370799704205
264320.912404683,3841654.91227631,610.620803420602,L6_1,222.0,539.364192679982,4.30299609445792
264320.912404683,3841654.91227631,610.620803420602,L6_1,222.0,530.785688301537,5.64811960438324
264320.912404683,3841654.91227631,610.620803420602,L6_1,222.0,521.778258704169,7.38593805708262
264320.912404683,3841654.91227631,610.620803420602,L6_1,222.0,512.320457626933,9.49641825879078
264320.912404683,3841654.91227631,610.620803420602,L6_1,222.0,502.389766495836,11.9317855871389
264320.912404683,3841654.91227631,610.620803420602,L6_1,222.0,491.962540808183,14.6259636963684
264320.912404683,3841654.91227631,610.620803420602,L6_1,222.0,481.013953836148,17.5000957401007
264320.912404683,3841654.91227631,610.620803420602,L6_1,222.0,469.517937515511,20.4603163294785
264320.912404683,3841654.91227631,610.620803420602,L6_1,222.0,457.447120378842,23.3973621696402
264320.912404683,3841654.91227631,610.620803420602,L6_1,222.0,444.77276238534,26.1963691286597
264320.912404683,3841654.91227631,610.620803420602,L6_1,222.0,431.464686492163,28.7540490235545
264320.912404683,3841654.91227631,610.620803420602,L6_1,222.0,417.491206804327,30.9936871431629
264320.912404683,3841654.91227631,610.620803420602,L6_1,222.0,402.819053132099,32.8707674583335
264320.912404683,3841654.91227631,610.620803420602,L6_1,222.0,387.413291776259,34.3688714819844
264320.912404683,3841654.91227631,610.620803420602,L6_1,222.0,371.237242352628,35.4903649823983
264320.912404683,3841654.91227631,610.620803420602,L6_1,222.0,354.252390457815,36.2471354122526
264320.912404683,3841654.91227631,610.620803420602,L6_1,222.0,336.418295968261,36.6544072557331
264320.912404683,3841654.91227631,610.620803420602,L6_1,222.0,317.69249675423,36.7281242380682
264320.912404683,3841654.91227631,610.620803420602,L6_1,222.0,298.030407579497,36.4849401697841
264320.912404683,3841654.91227631,610.620803420602,L6_1,222.0,277.385213946028,35.943483940582
264320.912404683,3841654.91227631,610.620803420602,L6_1,222.0,255.708451005632,35.1257714193821
264320.912404683,3841654.91227631,610.620803420602,L6_1,222.0,233.018253536091,34.0603173946886
264320.912404683,3841654.91227631,610.620803420602,L6_1,222.0,209.193546193073,32.7798171289798
264320.912404683,3841654.91227631,610.620803420602,L6_1,222.0,184.177603482904,31.3187111761094
264320.912404683,3841654.91227631,610.620803420602,L6_1,222.0,157.910863637227,29.7148219747277
264320.912404683,3841654.91227631,610.620803420602,L6_1,222.0,130.330786799265,28.0082088689159
264320.912404683,3841654.91227631,610.620803420602,L6_1,222.0,101.371706119406,26.2398010922714
264320.912404683,3841654.91227631,610.620803420602,L6_1,222.0,70.9646714055538,24.4498927587477
264320.912404683,3841654.91227631,610.620803420602,L6_1,222.0,39.0372849560089,22.6766362114348
264320.912404683,3841654.91227631,610.620803420602,L6_1,222.0,,
264320.912404683,3841654.91227631,610.620803420602,L6_1,222.0,,
264320.912404683,3841654.91227631,610.620803420602,L6_1,222.0,,
264320.912404683,3841654.91227631,610.620803420602,L6_1,222.0,,
264320.912404683,3841654.91227631,610.620803420602,L6_1,222.0,,
264320.912404683,3841654.91227631,610.620803420602,L6_1,222.0,,
264320.912404683,3841654.91227631,610.620803420602,L6_1,222.0,,
264320.912404683,3841654.91227631,610.620803420602,L6_1,222.0,,
264320.912404683,3841654.91227631,610.620803420602,L6_1,222.0,,
264320.912404683,3841654.91227631,610.620803420602,L6_1,222.0,,
264320.912404683,3841654.91227631,610.620803420602,L6_1,222.0,,
264320.912404683,3841654.91227631,610.620803420602,L6_1,222.0,,
264320.912404683,3841654.91227631,610.620803420602,L6_1,222.0,,
264320.912404683,3841654.91227631,610.620803420602,L6_1,222.0,,
264320.912404683,3841654.91227631,610.620803420602,L6_1,222.0,,
264320.912404683,3841654.91227631,610.620803420602,L6_1,222.0,,
264320.912404683,3841654.91227631,610.620803420602,L6_1,222.0,,
264320.912404683,3841654.91227631,610.620803420602,L6_1,222.0,,
264320.912404683,3841654.91227631,610.620803420602,L6_1,222.0,,
264320.912404683,3841654.91227631,610.620803420602,L6_1,222.0,,
264320.912404683,3841654.91227631,610.620803420602,L6_1,222.0,,
264325.866695085,3841658.30604309,610.443766795877,L6_1,228.0,610.443766795877,5.59452456454662
264325.866695085,3841658.30604309,610.443766795877,L6_1,228.0,605.430596415677,7.36539266290027
264325.866695085,3841658.30604309,610.443766795877,L6_1,228.0,600.166767516467,12.1501358980006
264325.866695085,3841658.30604309,610.443766795877,L6_1,228.0,594.639747172296,14.7865737532919
264325.866695085,3841658.30604309,610.443766795877,L6_1,228.0,588.836375810917,11.5569743989236
264325.866695085,3841658.30604309,610.443766795877,L6_1,228.0,582.742835881468,6.94371325851523
264325.866695085,3841658.30604309,610.443766795877,L6_1,228.0,576.344618955548,4.04748952452211
264325.866695085,3841658.30604309,610.443766795877,L6_1,228.0,569.626491183331,2.78864929297534
264325.866695085,3841658.30604309,610.443766795877,L6_1,228.0,562.572457022503,2.45669983239116
264325.866695085,3841658.30604309,610.443766795877,L6_1,228.0,555.165721153635,2.65456860379325
264325.866695085,3841658.30604309,610.443766795877,L6_1,228.0,547.388648491322,3.24374682289513
264325.866695085,3841658.30604309,610.443766795877,L6_1,228.0,539.222722195894,4.2051541792481
264325.866695085,3841658.30604309,610.443766795877,L6_1,228.0,530.648499585695,5.55812076275538
264325.866695085,3841658.30604309,610.443766795877,L6_1,228.0,521.645565844985,7.31521577852101
264325.866695085,3841658.30604309,610.443766795877,L6_1,228.0,512.192485417241,9.45923211612046
264325.866695085,3841658.30604309,610.443766795877,L6_1,228.0,502.266750968108,11.9404127330751
264325.866695085,3841658.30604309,610.443766795877,L6_1,228.0,491.84472979652,14.6865781726021
264325.866695085,3841658.30604309,610.443766795877,L6_1,228.0,480.901607566352,17.6112535203101
264325.866695085,3841658.30604309,610.443766795877,L6_1,228.0,469.411329224675,20.6139798226394
264325.866695085,3841658.30604309,610.443766795877,L6_1,228.0,457.346536965915,23.581365303925
264325.866695085,3841658.30604309,610.443766795877,L6_1,228.0,444.678505094216,26.3973082551684
264325.866695085,3841658.30604309,610.443766795877,L6_1,228.0,431.377071628933,28.9598632330442
264325.866695085,3841658.30604309,610.443766795877,L6_1,228.0,417.410566490386,31.1953887400018
264325.866695085,3841658.30604309,610.443766795877,L6_1,228.0,402.745736094911,33.0631158044324
264325.866695085,3841658.30604309,610.443766795877,L6_1,228.0,387.347664179662,34.5501082075605
264325.866695085,3841658.30604309,610.443766795877,L6_1,228.0,371.179688668651,35.6613358718733
264325.866695085,3841658.30604309,610.443766795877,L6_1,228.0,354.20331438209,36.4102229141972
264325.866695085,3841658.30604309,610.443766795877,L6_1,228.0,336.3781213812,36.8125271402173
264325.866695085,3841658.30604309,610.443766795877,L6_1,228.0,317.661668730266,36.883969404372
264325.866695085,3841658.30604309,610.443766795877,L6_1,228.0,298.009393446785,36.640526500102
264325.866695085,3841658.30604309,610.443766795877,L6_1,228.0,277.37450439913,36.0999545434001
264325.866695085,3841658.30604309,610.443766795877,L6_1,228.0,255.708451005632,35.2834033542076
264325.866695085,3841658.30604309,610.443766795877,L6_1,228.0,233.018253536091,34.2183116859171
264325.866695085,3841658.30604309,610.443766795877,L6_1,228.0,209.193546193073,32.9365597482729
264325.866695085,3841658.30604309,610.443766795877,L6_1,228.0,184.177603482904,31.4723476577665
264325.866695085,3841658.30604309,610.443766795877,L6_1,228.0,157.910863637227,29.8634387293345
264325.866695085,3841658.30604309,610.443766795877,L6_1,228.0,130.330786799265,28.1499846462409
264325.866695085,3841658.30604309,610.443766795877,L6_1,228.0,101.371706119406,26.3731221708176
264325.866695085,3841658.30604309,610.443766795877,L6_1,228.0,70.9646714055538,24.5734396560365
264325.866695085,3841658.30604309,610.443766795877,L6_1,228.0,39.0372849560089,22.7894307364403
264325.866695085,3841658.30604309,610.443766795877,L6_1,228.0,,
264325.866695085,3841658.30604309,610.443766795877,L6_1,228.0,,
264325.866695085,3841658.30604309,610.443766795877,L6_1,228.0,,
264325.866695085,3841658.30604309,610.443766795877,L6_1,228.0,,
264325.866695085,3841658.30604309,610.443766795877,L6_1,228.0,,
264325.866695085,3841658.30604309,610.443766795877,L6_1,228.0,,
264325.866695085,3841658.30604309,610.443766795877,L6_1,228.0,,
264325.866695085,3841658.30604309,610.443766795877,L6_1,228.0,,
264325.866695085,3841658.30604309,610.443766795877,L6_1,228.0,,
264325.866695085,3841658.30604309,610.443766795877,L6_1,228.0,,
264325.866695085,3841658.30604309,610.443766795877,L6_1,228.0,,
264325.866695085,3841658.30604309,610.443766795877,L6_1,228.0,,
264325.866695085,3841658.30604309,610.443766795877,L6_1,228.0,,
264325.866695085,3841658.30604309,610.443766795877,L6_1,228.0,,
264325.866695085,3841658.30604309,610.443766795877,L6_1,228.0,,
264325.866695085,3841658.30604309,610.443766795877,L6_1,228.0,,
264325.866695085,3841658.30604309,610.443766795877,L6_1,228.0,,
264325.866695085,3841658.30604309,610.443766795877,L6_1,228.0,,
264325.866695085,3841658.30604309,610.443766795877,L6_1,228.0,,
264325.866695085,3841658.30604309,610.443766795877,L6_1,228.0,,
264325.866695085,3841658.30604309,610.443766795877,L6_1,228.0,,
264331.233837646,3841661.98266401,610.266730171153,L6_1,234.5,610.266730171153,11.580006734831
264331.233837646,3841661.98266401,610.266730171153,L6_1,234.5,605.256063252167,13.6297686525349
264331.233837646,3841661.98266401,610.266730171153,L6_1,234.5,599.994862987231,17.9780159206438
264331.233837646,3841661.98266401,610.266730171153,L6_1,234.5,594.470602709049,18.0874942474305
264331.233837646,3841661.98266401,610.266730171153,L6_1,234.5,588.670129416957,12.4589790490115
264331.233837646,3841661.98266401,610.266730171153,L6_1,234.5,582.579632460261,6.9621433035298
264331.233837646,3841661.98266401,610.266730171153,L6_1,234.5,576.184610655731,3.92985588966048
264331.233837646,3841661.98266401,610.266730171153,L6_1,234.5,569.469837760973,2.69912754664959
264331.233837646,3841661.98266401,610.266730171153,L6_1,234.5,562.419326221478,2.40523541510093
264331.233837646,3841661.98266401,610.266730171153,L6_1,234.5,555.016289105008,2.63232742836871
264331.233837646,3841661.98266401,610.266730171153,L6_1,234.5,547.243100132715,3.24407012045995
264331.233837646,3841661.98266401,610.266730171153,L6_1,234.5,539.081251711806,4.22462970868298
264331.233837646,3841661.98266401,610.266730171153,L6_1,234.5,530.511310869853,5.59646796362189
264331.233837646,3841661.98266401,610.266730171153,L6_1,234.5,521.512872985802,7.37521846489051
264331.233837646,3841661.98266401,610.266730171153,L6_1,234.5,512.064513207548,9.54587503464801
264331.233837646,3841661.98266401,610.266730171153,L6_1,234.5,502.143735440381,12.0589800864314
264331.233837646,3841661.98266401,610.266730171153,L6_1,234.5,491.726918784856,14.8403233187346
264331.233837646,3841661.98266401,610.266730171153,L6_1,234.5,480.789261296555,17.7995259588829
264331.233837646,3841661.98266401,610.266730171153,L6_1,234.5,469.304720933839,20.8315064383026
264331.233837646,3841661.98266401,610.266730171153,L6_1,234.5,457.245953552987,23.8189931255559
264331.233837646,3841661.98266401,610.266730171153,L6_1,234.5,444.584247803093,26.6439626112834
264331.233837646,3841661.98266401,610.266730171153,L6_1,234.5,431.289456765703,29.2049536617697
264331.233837646,3841661.98266401,610.266730171153,L6_1,234.5,417.329926176445,31.4307658281002
264331.233837646,3841661.98266401,610.266730171153,L6_1,234.5,402.672419057723,33.2840278056088
264331.233837646,3841661.98266401,610.266730171153,L6_1,234.5,387.282036583065,34.7551410599243
264331.233837646,3841661.98266401,610.266730171153,L6_1,234.5,371.122134984675,35.8516650269145
264331.233837646,3841661.98266401,610.266730171153,L6_1,234.5,354.154238306364,36.5885855327547
264331.233837646,3841661.98266401,610.266730171153,L6_1,234.5,336.337946794139,36.9822418480046
264331.233837646,3841661.98266401,610.266730171153,L6_1,234.5,317.630840706302,37.048174879087
264331.233837646,3841661.98266401,610.266730171153,L6_1,234.5,297.988379314073,36.8017090438934
264331.233837646,3841661.98266401,610.266730171153,L6_1,234.5,277.363794852233,36.2597235448124
264331.233837646,3841661.98266401,610.266730171153,L6_1,234.5,255.708451005632,35.4424877226296
264331.233837646,3841661.98266401,610.266730171153,L6_1,234.5,233.018253536091,34.376345756375
264331.233837646,3841661.98266401,610.266730171153,L6_1,234.5,209.193546193073,33.0923116050209
264331.233837646,3841661.98266401,610.266730171153,L6_1,234.5,184.177603482904,31.6242926255854
264331.233837646,3841661.98266401,610.266730171153,L6_1,234.5,157.910863637227,30.0099374257419
264331.233837646,3841661.98266401,610.266730171153,L6_1,234.5,130.330786799265,28.2894358426688
264331.233837646,3841661.98266401,610.266730171153,L6_1,234.5,101.371706119406,26.5040827251137
264331.233837646,3841661.98266401,610.266730171153,L6_1,234.5,70.9646714055538,24.6947130475534
264331.233837646,3841661.98266401,610.266730171153,L6_1,234.5,39.0372849560089,22.9001216164712
264331.233837646,3841661.98266401,610.266730171153,L6_1,234.5,,
264331.233837646,3841661.98266401,610.266730171153,L6_1,234.5,,
264331.233837646,3841661.98266401,610.266730171153,L6_1,234.5,,
264331.233837646,3841661.98266401,610.266730171153,L6_1,234.5,,
264331.233837646,3841661.98266401,610.266730171153,L6_1,234.5,,
264331.233837646,3841661.98266401,610.266730171153,L6_1,234.5,,
264331.233837646,3841661.98266401,610.266730171153,L6_1,234.5,,
264331.233837646,3841661.98266401,610.266730171153,L6_1,234.5,,
264331.233837646,3841661.98266401,610.266730171153,L6_1,234.5,,
264331.233837646,3841661.98266401,610.266730171153,L6_1,234.5,,
264331.233837646,3841661.98266401,610.266730171153,L6_1,234.5,,
264331.233837646,3841661.98266401,610.266730171153,L6_1,234.5,,
264331.233837646,3841661.98266401,610.266730171153,L6_1,234.5,,
264331.233837646,3841661.98266401,610.266730171153,L6_1,234.5,,
264331.233837646,3841661.98266401,610.266730171153,L6_1,234.5,,
264331.233837646,3841661.98266401,610.266730171153,L6_1,234.5,,
264331.233837646,3841661.98266401,610.266730171153,L6_1,234.5,,
264331.233837646,3841661.98266401,610.266730171153,L6_1,234.5,,
264331.233837646,3841661.98266401,610.266730171153,L6_1,234.5,,
264331.233837646,3841661.98266401,610.266730171153,L6_1,234.5,,
264331.233837646,3841661.98266401,610.266730171153,L6_1,234.5,,
264336.188123087,3841665.37646795,610.099490485746,L6_1,240.5,610.099490485746,11.9440083593414
264336.188123087,3841665.37646795,610.099490485746,L6_1,240.5,605.091188490213,13.7412851168771
264336.188123087,3841665.37646795,610.099490485746,L6_1,240.5,599.832471394903,17.2637398527956
264336.188123087,3841665.37646795,610.099490485746,L6_1,240.5,594.310818444828,16.702858868957
264336.188123087,3841665.37646795,610.099490485746,L6_1,240.5,588.513082847249,11.3204158688866
264336.188123087,3841665.37646795,610.099490485746,L6_1,240.5,582.425460469791,6.35456815140108
264336.188123087,3841665.37646795,610.099490485746,L6_1,240.5,576.03345697346,3.67736962579538
264336.188123087,3841665.37646795,610.099490485746,L6_1,240.5,569.321853302312,2.62185850109648
264336.188123087,3841665.37646795,610.099490485746,L6_1,240.5,562.274669447607,2.41765527893725
264336.188123087,3841665.37646795,610.099490485746,L6_1,240.5,554.875126400167,2.70232059122125
264336.188123087,3841665.37646795,610.099490485746,L6_1,240.5,547.105606200355,3.35874404735612
264336.188123087,3841665.37646795,610.099490485746,L6_1,240.5,538.947609990552,4.37626606781357
264336.188123087,3841665.37646795,610.099490485746,L6_1,240.5,530.381713970259,5.77812264856033
264336.188123087,3841665.37646795,610.099490485746,L6_1,240.5,521.387523148952,7.58026136599415
264336.188123087,3841665.37646795,610.099490485746,L6_1,240.5,511.943622786579,9.76918101003976
264336.188123087,3841665.37646795,610.099490485746,L6_1,240.5,502.027527406087,12.2981061761073
264336.188123087,3841665.37646795,610.099490485746,L6_1,240.5,491.615627256571,15.0951316538047
264336.188123087,3841665.37646795,610.099490485746,L6_1,240.5,480.683132099579,18.0699978960142
264336.188123087,3841665.37646795,610.099490485746,L6_1,240.5,469.204012184737,21.1152311891819
264336.188123087,3841665.37646795,610.099490485746,L6_1,240.5,457.150936274154,24.1101288875544
264336.188123087,3841665.37646795,610.099490485746,L6_1,240.5,444.495206568041,26.9342201534374
264336.188123087,3841665.37646795,610.099490485746,L6_1,240.5,431.206690376623,29.4857815178798
264336.188123087,3841665.37646795,610.099490485746,L6_1,240.5,417.253748375633,31.695451567297
264336.188123087,3841665.37646795,610.099490485746,L6_1,240.5,402.603159274594,33.5288592001606
264336.188123087,3841665.37646795,610.099490485746,L6_1,240.5,387.220040718503,34.9794888071401
264336.188123087,3841665.37646795,610.099490485746,L6_1,240.5,371.067766234608,36.0573218256804
264336.188123087,3841665.37646795,610.099490485746,L6_1,240.5,354.107878026518,36.7787960383034
264336.188123087,3841665.37646795,610.099490485746,L6_1,240.5,336.299995408023,37.1607606370803
264336.188123087,3841665.37646795,610.099490485746,L6_1,240.5,317.601718658604,37.2185367895135
264336.188123087,3841665.37646795,610.099490485746,L6_1,240.5,297.968528071714,36.9667792454455
264336.188123087,3841665.37646795,610.099490485746,L6_1,240.5,277.353677955479,36.4214815405391
264336.188123087,3841665.37646795,610.099490485746,L6_1,240.5,255.708451005632,35.6020147958157
264336.188123087,3841665.37646795,610.099490485746,L6_1,240.5,233.018253536091,34.5336255242605
264336.188123087,3841665.37646795,610.099490485746,L6_1,240.5,209.193546193073,33.2464476116201
264336.188123087,3841665.37646795,610.099490485746,L6_1,240.5,184.177603482904,31.774051076333
264336.188123087,3841665.37646795,610.099490485746,L6_1,240.5,157.910863637227,30.1539213649398
264336.188123087,3841665.37646795,610.099490485746,L6_1,240.5,130.330786799265,28.4262427137274
264336.188123087,3841665.37646795,610.099490485746,L6_1,240.5,101.371706119406,26.6324241461377
264336.188123087,3841665.37646795,610.099490485746,L6_1,240.5,70.9646714055538,24.8135019254371
264336.188123087,3841665.37646795,610.099490485746,L6_1,240.5,39.0372849560089,23.0085387814876
264336.188123087,3841665.37646795,610.099490485746,L6_1,240.5,,
264336.188123087,3841665.37646795,610.099490485746,L6_1,240.5,,
264336.188123087,3841665.37646795,610.099490485746,L6_1,240.5,,
264336.188123087,3841665.37646795,610.099490485746,L6_1,240.5,,
264336.188123087,3841665.37646795,610.099490485746,L6_1,240.5,,
264336.188123087,3841665.37646795,610.099490485746,L6_1,240.5,,
264336.188123087,3841665.37646795,610.099490485746,L6_1,240.5,,
264336.188123087,3841665.37646795,610.099490485746,L6_1,240.5,,
264336.188123087,3841665.37646795,610.099490485746,L6_1,240.5,,
264336.188123087,3841665.37646795,610.099490485746,L6_1,240.5,,
264336.188123087,3841665.37646795,610.099490485746,L6_1,240.5,,
264336.188123087,3841665.37646795,610.099490485746,L6_1,240.5,,
264336.188123087,3841665.37646795,610.099490485746,L6_1,240.5,,
264336.188123087,3841665.37646795,610.099490485746,L6_1,240.5,,
264336.188123087,3841665.37646795,610.099490485746,L6_1,240.5,,
264336.188123087,3841665.37646795,610.099490485746,L6_1,240.5,,
264336.188123087,3841665.37646795,610.099490485746,L6_1,240.5,,
264336.188123087,3841665.37646795,610.099490485746,L6_1,240.5,,
264336.188123087,3841665.37646795,610.099490485746,L6_1,240.5,,
264336.188123087,3841665.37646795,610.099490485746,L6_1,240.5,,
264336.188123087,3841665.37646795,610.099490485746,L6_1,240.5,,
264341.555265648,3841669.05308887,609.942049780089,L6_1,247.0,609.942049780089,6.36839524128328
264341.555265648,3841669.05308887,609.942049780089,L6_1,247.0,604.935974141395,7.91229281122748
264341.555265648,3841669.05308887,609.942049780089,L6_1,247.0,599.679594720765,11.2650524200644
264341.555265648,3841669.05308887,609.942049780089,L6_1,247.0,594.160396329104,11.9063193500819
264341.555265648,3841669.05308887,609.942049780089,L6_1,247.0,588.36523801786,8.71965289209328
264341.555265648,3841669.05308887,609.942049780089,L6_1,247.0,582.280321791054,5.29005579719884
264341.555265648,3841669.05308887,609.942049780089,L6_1,247.0,575.891159752908,3.32772408982091
264341.555265648,3841669.05308887,609.942049780089,L6_1,247.0,569.182539612854,2.56478372992124
264341.555265648,3841669.05308887,609.942049780089,L6_1,247.0,562.138488465797,2.49784353676655
264341.555265648,3841669.05308887,609.942049780089,L6_1,247.0,554.742234761388,2.86857243761962
264341.555265648,3841669.05308887,609.942049780089,L6_1,247.0,546.976168371758,3.59127256230538
264341.555265648,3841669.05308887,609.942049780089,L6_1,247.0,538.821798662647,4.66181364784462
264341.555265648,3841669.05308887,609.942049780089,L6_1,247.0,530.25971046808,6.10239297919065
264341.555265648,3841669.05308887,609.942049780089,L6_1,247.0,521.269517863785,7.92737127458356
264341.555265648,3841669.05308887,609.942049780089,L6_1,247.0,511.829815629275,10.1248066915243
264341.555265648,3841669.05308887,609.942049780089,L6_1,247.0,501.91812828304,12.6532911944875
264341.555265648,3841669.05308887,609.942049780089,L6_1,247.0,491.510856569492,15.4473046345282
264341.555265648,3841669.05308887,609.942049780089,L6_1,247.0,480.583221270268,18.4201722773338
264341.555265648,3841669.05308887,609.942049780089,L6_1,247.0,469.109204206082,21.463771216677
264341.555265648,3841669.05308887,609.942049780089,L6_1,247.0,457.061486288687,24.4541818353468
264341.555265648,3841669.05308887,609.942049780089,L6_1,247.0,444.411382475422,27.2679431334586
264341.555265648,3841669.05308887,609.942049780089,L6_1,247.0,431.128773471494,29.8024109425177
264341.555265648,3841669.05308887,609.942049780089,L6_1,247.0,417.182034017369,31.9895647817873
264341.555265648,3841669.05308887,609.942049780089,L6_1,247.0,402.537957590539,33.7977144747151
264341.555265648,3841669.05308887,609.942049780089,L6_1,247.0,387.161677342367,35.2232207031244
264341.555265648,3841669.05308887,609.942049780089,L6_1,247.0,371.016583081786,36.2783425563864
264341.555265648,3841669.05308887,609.942049780089,L6_1,247.0,354.064234108176,36.9808684077947
264341.555265648,3841669.05308887,609.942049780089,L6_1,247.0,336.264267685885,37.3480861464847
264341.555265648,3841669.05308887,609.942049780089,L6_1,247.0,317.574302942481,37.3950534147262
264341.555265648,3841669.05308887,609.942049780089,L6_1,247.0,297.949839961905,37.1357345119369
264341.555265648,3841669.05308887,609.942049780089,L6_1,247.0,277.344153832301,36.5852268558385
264341.555265648,3841669.05308887,609.942049780089,L6_1,247.0,255.708451005632,35.7619817207766
264341.555265648,3841669.05308887,609.942049780089,L6_1,247.0,233.018253536091,34.6901455122142
264341.555265648,3841669.05308887,609.942049780089,L6_1,247.0,209.193546193073,33.398962566397
264341.555265648,3841669.05308887,609.942049780089,L6_1,247.0,184.177603482904,31.9216163795422
264341.555265648,3841669.05308887,609.942049780089,L6_1,247.0,157.910863637227,30.2953814761403
264341.555265648,3841669.05308887,609.942049780089,L6_1,247.0,130.330786799265,28.5603952305824
264341.555265648,3841669.05308887,609.942049780089,L6_1,247.0,101.371706119406,26.7581354744803
264341.555265648,3841669.05308887,609.942049780089,L6_1,247.0,70.9646714055538,24.9297960712699
264341.555265648,3841669.05308887,609.942049780089,L6_1,247.0,39.0372849560089,23.1146721136243
264341.555265648,3841669.05308887,609.942049780089,L6_1,247.0,,
264341.555265648,3841669.05308887,609.942049780089,L6_1,247.0,,
264341.555265648,3841669.05308887,609.942049780089,L6_1,247.0,,
264341.555265648,3841669.05308887,609.942049780089,L6_1,247.0,,
264341.555265648,3841669.05308887,609.942049780089,L6_1,247.0,,
264341.555265648,3841669.05308887,609.942049780089,L6_1,247.0,,
264341.555265648,3841669.05308887,609.942049780089,L6_1,247.0,,
264341.555265648,3841669.05308887,609.942049780089,L6_1,247.0,,
264341.555265648,3841669.05308887,609.942049780089,L6_1,247.0,,
264341.555265648,3841669.05308887,609.942049780089,L6_1,247.0,,
264341.555265648,3841669.05308887,609.942049780089,L6_1,247.0,,
264341.555265648,3841669.05308887,609.942049780089,L6_1,247.0,,
264341.555265648,3841669.05308887,609.942049780089,L6_1,247.0,,
264341.555265648,3841669.05308887,609.942049780089,L6_1,247.0,,
264341.555265648,3841669.05308887,609.942049780089,L6_1,247.0,,
264341.555265648,3841669.05308887,609.942049780089,L6_1,247.0,,
264341.555265648,3841669.05308887,609.942049780089,L6_1,247.0,,
264341.555265648,3841669.05308887,609.942049780089,L6_1,247.0,,
264341.555265648,3841669.05308887,609.942049780089,L6_1,247.0,,
264341.555265648,3841669.05308887,609.942049780089,L6_1,247.0,,
264341.555265648,3841669.05308887,609.942049780089,L6_1,247.0,,
264346.510092014,3841672.44691849,609.784609074432,L6_1,253.0,609.784609074432,5.03691326626283
264346.510092014,3841672.44691849,609.784609074432,L6_1,253.0,604.780759792576,6.11294659829798
264346.510092014,3841672.44691849,609.784609074432,L6_1,253.0,599.526718046627,8.28396426238743
264346.510092014,3841672.44691849,609.784609074432,L6_1,253.0,594.009974213381,8.6130269313183
264346.510092014,3841672.44691849,609.784609074432,L6_1,253.0,588.217393188472,6.58346564305416
264346.510092014,3841672.44691849,609.784609074432,L6_1,253.0,582.135183112317,4.34289027662156
264346.510092014,3841672.44691849,609.784609074432,L6_1,253.0,575.748862532356,3.03572731548558
264346.510092014,3841672.44691849,609.784609074432,L6_1,253.0,569.043225923395,2.57550606679527
264346.510092014,3841672.44691849,609.784609074432,L6_1,253.0,562.002307483987,2.66785983363146
264346.510092014,3841672.44691849,609.784609074432,L6_1,253.0,554.609343122609,3.14603243331045
264346.510092014,3841672.44691849,609.784609074432,L6_1,253.0,546.846730543161,3.95241103294399
264346.510092014,3841672.44691849,609.784609074432,L6_1,253.0,538.695987334742,5.08731331807579
264346.510092014,3841672.44691849,609.784609074432,L6_1,253.0,530.137706965901,6.56995529012271
264346.510092014,3841672.44691849,609.784609074432,L6_1,253.0,521.151512578618,8.41218054911254
264346.510092014,3841672.44691849,609.784609074432,L6_1,253.0,511.716008471971,10.6047537940731
264346.510092014,3841672.44691849,609.784609074432,L6_1,253.0,501.808729159992,13.1147727653248
264346.510092014,3841672.44691849,609.784609074432,L6_1,253.0,491.406085882414,15.8867693371556
264346.510092014,3841672.44691849,609.784609074432,L6_1,253.0,480.483310440957,18.8402908886995
264346.510092014,3841672.44691849,609.784609074432,L6_1,253.0,469.014396227426,21.8676734676718
264346.510092014,3841672.44691849,609.784609074432,L6_1,253.0,456.97203630322,24.8417955259822
264346.510092014,3841672.44691849,609.784609074432,L6_1,253.0,444.327558382803,27.6357870090393
264346.510092014,3841672.44691849,609.784609074432,L6_1,253.0,431.050856566365,30.1456261168798
264346.510092014,3841672.44691849,609.784609074432,L6_1,253.0,417.110319659106,32.3042712196795
264346.510092014,3841672.44691849,609.784609074432,L6_1,253.0,402.472755906483,34.0824271741085
264346.510092014,3841672.44691849,609.784609074432,L6_1,253.0,387.10331396623,35.4790691565147
264346.510092014,3841672.44691849,609.784609074432,L6_1,253.0,370.965399928963,36.508494133603
264346.510092014,3841672.44691849,609.784609074432,L6_1,253.0,354.020590189834,37.1896304859457
264346.510092014,3841672.44691849,609.784609074432,L6_1,253.0,336.228539963747,37.5400433079851
264346.510092014,3841672.44691849,609.784609074432,L6_1,253.0,317.546887226357,37.5744361944356
264346.510092014,3841672.44691849,609.784609074432,L6_1,253.0,297.931151852097,37.3060280859593
264346.510092014,3841672.44691849,609.784609074432,L6_1,253.0,277.334629709124,36.7489972645412
264346.510092014,3841672.44691849,609.784609074432,L6_1,253.0,255.708451005632,35.920882162672
264346.510092014,3841672.44691849,609.784609074432,L6_1,253.0,233.018253536091,34.8447474173658
264346.510092014,3841672.44691849,609.784609074432,L6_1,253.0,209.193546193073,33.5489585468085
264346.510092014,3841672.44691849,609.784609074432,L6_1,253.0,184.177603482904,32.0662905077077
264346.510092014,3841672.44691849,609.784609074432,L6_1,253.0,157.910863637227,30.4337809324632
264346.510092014,3841672.44691849,609.784609074432,L6_1,253.0,130.330786799265,28.6914791815155
264346.510092014,3841672.44691849,609.784609074432,L6_1,253.0,101.371706119406,26.8808921518988
264346.510092014,3841672.44691849,609.784609074432,L6_1,253.0,70.9646714055538,25.0433432855391
264346.510092014,3841672.44691849,609.784609074432,L6_1,253.0,39.0372849560089,23.2183272395191
264346.510092014,3841672.44691849,609.784609074432,L6_1,253.0,,
264346.510092014,3841672.44691849,609.784609074432,L6_1,253.0,,
264346.510092014,3841672.44691849,609.784609074432,L6_1,253.0,,
264346.510092014,3841672.44691849,609.784609074432,L6_1,253.0,,
264346.510092014,3841672.44691849,609.784609074432,L6_1,253.0,,
264346.510092014,3841672.44691849,609.784609074432,L6_1,253.0,,
264346.510092014,3841672.44691849,609.784609074432,L6_1,253.0,,
264346.510092014,3841672.44691849,609.784609074432,L6_1,253.0,,
264346.510092014,3841672.44691849,609.784609074432,L6_1,253.0,,
264346.510092014,3841672.44691849,609.784609074432,L6_1,253.0,,
264346.510092014,3841672.44691849,609.784609074432,L6_1,253.0,,
264346.510092014,3841672.44691849,609.784609074432,L6_1,253.0,,
264346.510092014,3841672.44691849,609.784609074432,L6_1,253.0,,
264346.510092014,3841672.44691849,609.784609074432,L6_1,253.0,,
264346.510092014,3841672.44691849,609.784609074432,L6_1,253.0,,
264346.510092014,3841672.44691849,609.784609074432,L6_1,253.0,,
264346.510092014,3841672.44691849,609.784609074432,L6_1,253.0,,
264346.510092014,3841672.44691849,609.784609074432,L6_1,253.0,,
264346.510092014,3841672.44691849,609.784609074432,L6_1,253.0,,
264346.510092014,3841672.44691849,609.784609074432,L6_1,253.0,,
264346.510092014,3841672.44691849,609.784609074432,L6_1,253.0,,
264351.87840658,3841676.12359508,609.627168368775,L6_1,259.5,609.627168368775,6.47842226862671
264351.87840658,3841676.12359508,609.627168368775,L6_1,259.5,604.625545443758,6.70572168600835
264351.87840658,3841676.12359508,609.627168368775,L6_1,259.5,599.373841372489,7.05285210534424
264351.87840658,3841676.12359508,609.627168368775,L6_1,259.5,593.859552097657,6.53123836398387
264351.87840658,3841676.12359508,609.627168368775,L6_1,259.5,588.069548359083,5.02131896254883
264351.87840658,3841676.12359508,609.627168368775,L6_1,259.5,581.990044433581,3.60418031557648
264351.87840658,3841676.12359508,609.627168368775,L6_1,259.5,575.606565311803,2.83530324202876
264351.87840658,3841676.12359508,609.627168368775,L6_1,259.5,568.903912233937,2.66593044509176
264351.87840658,3841676.12359508,609.627168368775,L6_1,259.5,561.866126502177,2.93417657204746
264351.87840658,3841676.12359508,609.627168368775,L6_1,259.5,554.47645148383,3.53877744290211
264351.87840658,3841676.12359508,609.627168368775,L6_1,259.5,546.717292714565,4.4427462520886
264351.87840658,3841676.12359508,609.627168368775,L6_1,259.5,538.570176006836,5.64849395396874
264351.87840658,3841676.12359508,609.627168368775,L6_1,259.5,530.015703463722,7.17142000238619
264351.87840658,3841676.12359508,609.627168368775,L6_1,259.5,521.033507293451,9.02146366416263
264351.87840658,3841676.12359508,609.627168368775,L6_1,259.5,511.602201314667,11.1944596127011
264351.87840658,3841676.12359508,609.627168368775,L6_1,259.5,501.699330036944,13.669296901952
264351.87840658,3841676.12359508,609.627168368775,L6_1,259.5,491.301315195335,16.403264311977
264351.87840658,3841676.12359508,609.627168368775,L6_1,259.5,480.383399611645,19.3234567905083
264351.87840658,3841676.12359508,609.627168368775,L6_1,259.5,468.919588248771,22.3228645511142
264351.87840658,3841676.12359508,609.627168368775,L6_1,259.5,456.882586317753,25.2708598220649
264351.87840658,3841676.12359508,609.627168368775,L6_1,259.5,444.243734290184,28.0368223103796
264351.87840658,3841676.12359508,609.627168368775,L6_1,259.5,430.972939661237,30.5151183849803
264351.87840658,3841676.12359508,609.627168368775,L6_1,259.5,417.038605300842,32.6395401489735
264351.87840658,3841676.12359508,609.627168368775,L6_1,259.5,402.407554222428,34.383061912059
264351.87840658,3841676.12359508,609.627168368775,L6_1,259.5,387.044950590093,35.7471095581109
264351.87840658,3841676.12359508,609.627168368775,L6_1,259.5,370.914216776141,36.7478321566219
264351.87840658,3841676.12359508,609.627168368775,L6_1,259.5,353.976946271491,37.4051138615749
264351.87840658,3841676.12359508,609.627168368775,L6_1,259.5,336.192812241609,37.7366463247251
264351.87840658,3841676.12359508,609.627168368775,L6_1,259.5,317.519471510233,37.7566906600037
264351.87840658,3841676.12359508,609.627168368775,L6_1,259.5,297.912463742288,37.4776620361738
264351.87840658,3841676.12359508,609.627168368775,L6_1,259.5,277.325105585946,36.9127918049827
264351.87840658,3841676.12359508,609.627168368775,L6_1,259.5,255.708451005632,36.078709788805
264351.87840658,3841676.12359508,609.627168368775,L6_1,259.5,233.018253536091,34.9974181130456
264351.87840658,3841676.12359508,609.627168368775,L6_1,259.5,209.193546193073,33.6964181055335
264351.87840658,3841676.12359508,609.627168368775,L6_1,259.5,184.177603482904,32.2080553141976
264351.87840658,3841676.12359508,609.627168368775,L6_1,259.5,157.910863637227,30.5691027783209
264351.87840658,3841676.12359508,609.627168368775,L6_1,259.5,130.330786799265,28.819479186841
264351.87840658,3841676.12359508,609.627168368775,L6_1,259.5,101.371706119406,27.0006793777975
264351.87840658,3841676.12359508,609.627168368775,L6_1,259.5,70.9646714055538,25.1541285564495
264351.87840658,3841676.12359508,609.627168368775,L6_1,259.5,39.0372849560089,23.3194912685197
264351.87840658,3841676.12359508,609.627168368775,L6_1,259.5,,
264351.87840658,3841676.12359508,609.627168368775,L6_1,259.5,,
264351.87840658,3841676.12359508,609.627168368775,L6_1,259.5,,
264351.87840658,3841676.12359508,609.627168368775,L6_1,259.5,,
264351.87840658,3841676.12359508,609.627168368775,L6_1,259.5,,
264351.87840658,3841676.12359508,609.627168368775,L6_1,259.5,,
264351.87840658,3841676.12359508,609.627168368775,L6_1,259.5,,
264351.87840658,3841676.12359508,609.627168368775,L6_1,259.5,,
264351.87840658,3841676.12359508,609.627168368775,L6_1,259.5,,
264351.87840658,3841676.12359508,609.627168368775,L6_1,259.5,,
264351.87840658,3841676.12359508,609.627168368775,L6_1,259.5,,
264351.87840658,3841676.12359508,609.627168368775,L6_1,259.5,,
264351.87840658,3841676.12359508,609.627168368775,L6_1,259.5,,
264351.87840658,3841676.12359508,609.627168368775,L6_1,259.5,,
264351.87840658,3841676.12359508,609.627168368775,L6_1,259.5,,
264351.87840658,3841676.12359508,609.627168368775,L6_1,259.5,,
264351.87840658,3841676.12359508,609.627168368775,L6_1,259.5,,
264351.87840658,3841676.12359508,609.627168368775,L6_1,259.5,,
264351.87840658,3841676.12359508,609.627168368775,L6_1,259.5,,
264351.87840658,3841676.12359508,609.627168368775,L6_1,259.5,,
264351.87840658,3841676.12359508,609.627168368775,L6_1,259.5,,
264356.833773872,3841679.51745039,609.543313901766,L6_1,265.5,609.543313901766,7.25101457961371
264356.833773872,3841679.51745039,609.543313901766,L6_1,265.5,604.542876756279,7.05818386496099
264356.833773872,3841679.51745039,609.543313901766,L6_1,265.5,599.292417753517,6.50738722093852
264356.833773872,3841679.51745039,609.543313901766,L6_1,265.5,593.779435800618,5.45850666928283
264356.833773872,3841679.51745039,609.543313901766,L6_1,265.5,587.990804750073,4.15303890729736
264356.833773872,3841679.51745039,609.543313901766,L6_1,265.5,581.912742147002,3.19279404764648
264356.833773872,3841679.51745039,609.543313901766,L6_1,265.5,575.530776413776,2.78600269025482
264356.833773872,3841679.51745039,609.543313901766,L6_1,265.5,568.82971239389,2.85845871844786
264356.833773872,3841679.51745039,609.543313901766,L6_1,265.5,561.793595173009,3.29981935454944
264356.833773872,3841679.51745039,609.543313901766,L6_1,265.5,554.405672091084,4.03797334282925
264356.833773872,3841679.51745039,609.543313901766,L6_1,265.5,546.648352855063,5.04461678667577
264356.833773872,3841679.51745039,609.543313901766,L6_1,265.5,538.503167657241,6.32057719252875
264356.833773872,3841679.51745039,609.543313901766,L6_1,265.5,529.950723199527,7.87663645204269
264356.833773872,3841679.51745039,609.543313901766,L6_1,265.5,520.970656518928,9.72211222508364
264356.833773872,3841679.51745039,609.543313901766,L6_1,265.5,511.5415865043,11.8607979442739
264356.833773872,3841679.51745039,609.543313901766,L6_1,265.5,501.641062988939,14.2862538599029
264356.833773872,3841679.51745039,609.543313901766,L6_1,265.5,491.245513297811,16.9699681946669
264356.833773872,3841679.51745039,609.543313901766,L6_1,265.5,480.330186122126,19.8466202050439
264356.833773872,3841679.51745039,609.543313901766,L6_1,265.5,468.869092587657,22.8093640283494
264356.833773872,3841679.51745039,609.543313901766,L6_1,265.5,456.834944376464,25.7237023427024
264356.833773872,3841679.51745039,609.543313901766,L6_1,265.5,444.199088754712,28.4551709825773
264356.833773872,3841679.51745039,609.543313901766,L6_1,265.5,430.931440351873,30.8965935484224
264356.833773872,3841679.51745039,609.543313901766,L6_1,265.5,417.000409528891,32.9826440612666
264356.833773872,3841679.51745039,609.543313901766,L6_1,265.5,402.37282716476,34.6884913589382
264356.833773872,3841679.51745039,609.543313901766,L6_1,265.5,387.013865682423,36.0178289388286
264356.833773872,3841679.51745039,609.543313901766,L6_1,265.5,370.886956125968,36.9884045003255
264356.833773872,3841679.51745039,609.543313901766,L6_1,265.5,353.953701091692,37.6208084610835
264356.833773872,3841679.51745039,609.543313901766,L6_1,265.5,336.173783305701,37.9326793685147
264356.833773872,3841679.51745039,609.543313901766,L6_1,265.5,317.50486963041,37.9377085041876
264356.833773872,3841679.51745039,609.543313901766,L6_1,265.5,297.902510271356,37.6474484040929
264356.833773872,3841679.51745039,609.543313901766,L6_1,265.5,277.320032944348,37.0741721621456
264356.833773872,3841679.51745039,609.543313901766,L6_1,265.5,255.708451005632,36.2335836090438
264356.833773872,3841679.51745039,609.543313901766,L6_1,265.5,233.018253536091,35.1467015562635
264356.833773872,3841679.51745039,609.543313901766,L6_1,265.5,209.193546193073,33.8402298788225
264356.833773872,3841679.51745039,609.543313901766,L6_1,265.5,184.177603482904,32.3460686721685
264356.833773872,3841679.51745039,609.543313901766,L6_1,265.5,157.910863637227,30.7007023185696
264356.833773872,3841679.51745039,609.543313901766,L6_1,265.5,130.330786799265,28.9438993938527
264356.833773872,3841679.51745039,609.543313901766,L6_1,265.5,101.371706119406,27.1171240054802
264356.833773872,3841679.51745039,609.543313901766,L6_1,265.5,70.9646714055538,25.2618714788966
264356.833773872,3841679.51745039,609.543313901766,L6_1,265.5,39.0372849560089,23.4179485492742
264356.833773872,3841679.51745039,609.543313901766,L6_1,265.5,,
264356.833773872,3841679.51745039,609.543313901766,L6_1,265.5,,
264356.833773872,3841679.51745039,609.543313901766,L6_1,265.5,,
264356.833773872,3841679.51745039,609.543313901766,L6_1,265.5,,
264356.833773872,3841679.51745039,609.543313901766,L6_1,265.5,,
264356.833773872,3841679.51745039,609.543313901766,L6_1,265.5,,
264356.833773872,3841679.51745039,609.543313901766,L6_1,265.5,,
264356.833773872,3841679.51745039,609.543313901766,L6_1,265.5,,
264356.833773872,3841679.51745039,609.543313901766,L6_1,265.5,,
264356.833773872,3841679.51745039,609.543313901766,L6_1,265.5,,
264356.833773872,3841679.51745039,609.543313901766,L6_1,265.5,,
264356.833773872,3841679.51745039,609.543313901766,L6_1,265.5,,
264356.833773872,3841679.51745039,609.543313901766,L6_1,265.5,,
264356.833773872,3841679.51745039,609.543313901766,L6_1,265.5,,
264356.833773872,3841679.51745039,609.543313901766,L6_1,265.5,,
264356.833773872,3841679.51745039,609.543313901766,L6_1,265.5,,
264356.833773872,3841679.51745039,609.543313901766,L6_1,265.5,,
264356.833773872,3841679.51745039,609.543313901766,L6_1,265.5,,
264356.833773872,3841679.51745039,609.543313901766,L6_1,265.5,,
264356.833773872,3841679.51745039,609.543313901766,L6_1,265.5,,
264356.833773872,3841679.51745039,609.543313901766,L6_1,265.5,,
264362.202088438,3841683.19412697,609.533009399994,L6_1,272.0,609.533009399994,6.91364520394869
264362.202088438,3841683.19412697,609.533009399994,L6_1,272.0,604.53271796967,6.90557636491786
264362.202088438,3841683.19412697,609.533009399994,L6_1,272.0,599.282411967829,6.29763721154174
264362.202088438,3841683.19412697,609.533009399994,L6_1,272.0,593.769590665896,4.96849682676292
264362.202088438,3841683.19412697,609.533009399994,L6_1,272.0,587.981128298866,3.7338606093902
264362.202088438,3841683.19412697,609.533009399994,L6_1,272.0,581.903242813485,3.02465596426476
264362.202088438,3841683.19412697,609.533009399994,L6_1,272.0,575.521463053835,2.86222091932873
264362.202088438,3841683.19412697,609.533009399994,L6_1,272.0,568.820594306202,3.13634665437741
264362.202088438,3841683.19412697,609.533009399994,L6_1,272.0,561.784682121188,3.74412126642544
264362.202088438,3841683.19412697,609.533009399994,L6_1,272.0,554.396974326923,4.61791375967914
264362.202088438,3841683.19412697,609.533009399994,L6_1,272.0,546.639881142945,5.72871386165896
264362.202088438,3841683.19412697,609.533009399994,L6_1,272.0,538.494933299767,7.07253620515496
264362.202088438,3841683.19412697,609.533009399994,L6_1,272.0,529.942738064431,8.65488128911909
264362.202088438,3841683.19412697,609.533009399994,L6_1,272.0,520.962933067328,10.4859258500887
264362.202088438,3841683.19412697,609.533009399994,L6_1,272.0,511.53413782037,12.5801660309475
264362.202088438,3841683.19412697,609.533009399994,L6_1,272.0,501.633902811064,14.9478099318347
264362.202088438,3841683.19412697,609.533009399994,L6_1,272.0,491.238656051293,17.5747151045028
264362.202088438,3841683.19412697,609.533009399994,L6_1,272.0,480.323646953533,20.4022531591755
264362.202088438,3841683.19412697,609.533009399994,L6_1,272.0,468.862887400886,23.3229449770983
264362.202088438,3841683.19412697,609.533009399994,L6_1,272.0,456.829089870606,26.1981999290536
264362.202088438,3841683.19412697,609.533009399994,L6_1,272.0,444.193602463811,28.8899270745379
264362.202088438,3841683.19412697,609.533009399994,L6_1,272.0,430.926340686678,31.2897826690821
264362.202088438,3841683.19412697,609.533009399994,L6_1,272.0,416.995715820687,33.3336050644271
264362.202088438,3841683.19412697,609.533009399994,L6_1,272.0,402.368559711397,34.9988400478417
264362.202088438,3841683.19412697,609.533009399994,L6_1,272.0,387.010045796642,36.2913618829213
264362.202088438,3841683.19412697,609.533009399994,L6_1,272.0,370.88360618615,37.2303183928292
264362.202088438,3841683.19412697,609.533009399994,L6_1,272.0,353.950844595133,37.8367857302895
264362.202088438,3841683.19412697,609.533009399994,L6_1,272.0,336.171444924565,38.1281818257136
264362.202088438,3841683.19412697,609.533009399994,L6_1,272.0,317.503075270469,38.1175041651635
264362.202088438,3841683.19412697,609.533009399994,L6_1,272.0,297.901287133668,37.8153854567234
264362.202088438,3841683.19412697,609.533009399994,L6_1,272.0,277.319409590027,37.2331277454312
264362.202088438,3841683.19412697,609.533009399994,L6_1,272.0,255.708451005632,36.3854872540041
264362.202088438,3841683.19412697,609.533009399994,L6_1,272.0,233.018253536091,35.292577381131
264362.202088438,3841683.19412697,609.533009399994,L6_1,272.0,209.193546193073,33.980372629383
264362.202088438,3841683.19412697,609.533009399994,L6_1,272.0,184.177603482904,32.4803092271832
264362.202088438,3841683.19412697,609.533009399994,L6_1,272.0,157.910863637227,30.8285581399471
264362.202088438,3841683.19412697,609.533009399994,L6_1,272.0,130.330786799265,29.0647195548263
264362.202088438,3841683.19412697,609.533009399994,L6_1,272.0,101.371706119406,27.2302077085837
264362.202088438,3841683.19412697,609.533009399994,L6_1,272.0,70.9646714055538,25.3665562202312
264362.202088438,3841683.19412697,609.533009399994,L6_1,272.0,39.0372849560089,23.5136848923437
264362.202088438,3841683.19412697,609.533009399994,L6_1,272.0,,
264362.202088438,3841683.19412697,609.533009399994,L6_1,272.0,,
264362.202088438,3841683.19412697,609.533009399994,L6_1,272.0,,
264362.202088438,3841683.19412697,609.533009399994,L6_1,272.0,,
264362.202088438,3841683.19412697,609.533009399994,L6_1,272.0,,
264362.202088438,3841683.19412697,609.533009399994,L6_1,272.0,,
264362.202088438,3841683.19412697,609.533009399994,L6_1,272.0,,
264362.202088438,3841683.19412697,609.533009399994,L6_1,272.0,,
264362.202088438,3841683.19412697,609.533009399994,L6_1,272.0,,
264362.202088438,3841683.19412697,609.533009399994,L6_1,272.0,,
264362.202088438,3841683.19412697,609.533009399994,L6_1,272.0,,
264362.202088438,3841683.19412697,609.533009399994,L6_1,272.0,,
264362.202088438,3841683.19412697,609.533009399994,L6_1,272.0,,
264362.202088438,3841683.19412697,609.533009399994,L6_1,272.0,,
264362.202088438,3841683.19412697,609.533009399994,L6_1,272.0,,
264362.202088438,3841683.19412697,609.533009399994,L6_1,272.0,,
264362.202088438,3841683.19412697,609.533009399994,L6_1,272.0,,
264362.202088438,3841683.19412697,609.533009399994,L6_1,272.0,,
264362.202088438,3841683.19412697,609.533009399994,L6_1,272.0,,
264362.202088438,3841683.19412697,609.533009399994,L6_1,272.0,,
264362.202088438,3841683.19412697,609.533009399994,L6_1,272.0,,
264367.157447979,3841686.58798746,609.522704898223,L6_1,278.0,609.522704898223,7.23556542296312
264367.157447979,3841686.58798746,609.522704898223,L6_1,278.0,604.522559183061,7.06918894444919
264367.157447979,3841686.58798746,609.522704898223,L6_1,278.0,599.27240618214,6.12324233974773
264367.157447979,3841686.58798746,609.522704898223,L6_1,278.0,593.759745531174,4.63992387269486
264367.157447979,3841686.58798746,609.522704898223,L6_1,278.0,587.971451847659,3.50101205309555
264367.157447979,3841686.58798746,609.522704898223,L6_1,278.0,581.893743479968,2.97295152958838
264367.157447979,3841686.58798746,609.522704898223,L6_1,278.0,575.512149693893,2.993246762452
264367.157447979,3841686.58798746,609.522704898223,L6_1,278.0,568.811476218514,3.43726469552107
264367.157447979,3841686.58798746,609.522704898223,L6_1,278.0,561.775769069367,4.19866653961917
264367.157447979,3841686.58798746,609.522704898223,L6_1,278.0,554.388276562762,5.20468453386347
264367.157447979,3841686.58798746,609.522704898223,L6_1,278.0,546.631409430826,6.4198143518852
264367.157447979,3841686.58798746,609.522704898223,L6_1,278.0,538.486698942294,7.83153836740616
264367.157447979,3841686.58798746,609.522704898223,L6_1,278.0,529.934752929335,9.43843365282785
264367.157447979,3841686.58798746,609.522704898223,L6_1,278.0,520.955209615728,11.252342648675
264367.157447979,3841686.58798746,609.522704898223,L6_1,278.0,511.526689136441,13.3003466239582
264367.157447979,3841686.58798746,609.522704898223,L6_1,278.0,501.62674263319,15.6100468141187
264367.157447979,3841686.58798746,609.522704898223,L6_1,278.0,491.231798804776,18.1807878589449
264367.157447979,3841686.58798746,609.522704898223,L6_1,278.0,480.317107784941,20.959332226179
264367.157447979,3841686.58798746,609.522704898223,L6_1,278.0,468.856682214115,23.8369306210523
264367.157447979,3841686.58798746,609.522704898223,L6_1,278.0,456.823235364747,26.6710835217409
264367.157447979,3841686.58798746,609.522704898223,L6_1,278.0,444.188116172911,29.3206981129072
264367.157447979,3841686.58798746,609.522704898223,L6_1,278.0,430.921241021483,31.6768969042278
264367.157447979,3841686.58798746,609.522704898223,L6_1,278.0,416.991022112483,33.6770800818601
264367.157447979,3841686.58798746,609.522704898223,L6_1,278.0,402.364292258034,35.3010768810826
264367.157447979,3841686.58798746,609.522704898223,L6_1,278.0,387.006225910862,36.556809141369
264367.157447979,3841686.58798746,609.522704898223,L6_1,278.0,370.880256246332,37.464588439378
264367.157447979,3841686.58798746,609.522704898223,L6_1,278.0,353.947988098575,38.0457493280716
264367.157447979,3841686.58798746,609.522704898223,L6_1,278.0,336.16910654343,38.3173045370347
264367.157447979,3841686.58798746,609.522704898223,L6_1,278.0,317.501280910528,38.2914488176638
264367.157447979,3841686.58798746,609.522704898223,L6_1,278.0,297.900063995981,37.9778536588332
264367.157447979,3841686.58798746,609.522704898223,L6_1,278.0,277.318786235706,37.3868449795484
264367.157447979,3841686.58798746,609.522704898223,L6_1,278.0,255.708451005632,36.5322609929038
264367.157447979,3841686.58798746,609.522704898223,L6_1,278.0,233.018253536091,35.4334032488765
264367.157447979,3841686.58798746,609.522704898223,L6_1,278.0,209.193546193073,34.1155993903582
264367.157447979,3841686.58798746,609.522704898223,L6_1,278.0,184.177603482904,32.6098299911253
264367.157447979,3841686.58798746,609.522704898223,L6_1,278.0,157.910863637227,30.9519568195936
264367.157447979,3841686.58798746,609.522704898223,L6_1,278.0,130.330786799265,29.1814056810529
264367.157447979,3841686.58798746,609.522704898223,L6_1,278.0,101.371706119406,27.3395263857478
264367.157447979,3841686.58798746,609.522704898223,L6_1,278.0,70.9646714055538,25.467875984188
264367.157447979,3841686.58798746,609.522704898223,L6_1,278.0,39.0372849560089,23.6064706595216
264367.157447979,3841686.58798746,609.522704898223,L6_1,278.0,,
264367.157447979,3841686.58798746,609.522704898223,L6_1,278.0,,
264367.157447979,3841686.58798746,609.522704898223,L6_1,278.0,,
264367.157447979,3841686.58798746,609.522704898223,L6_1,278.0,,
264367.157447979,3841686.58798746,609.522704898223,L6_1,278.0,,
264367.157447979,3841686.58798746,609.522704898223,L6_1,278.0,,
264367.157447979,3841686.58798746,609.522704898223,L6_1,278.0,,
264367.157447979,3841686.58798746,609.522704898223,L6_1,278.0,,
264367.157447979,3841686.58798746,609.522704898223,L6_1,278.0,,
264367.157447979,3841686.58798746,609.522704898223,L6_1,278.0,,
264367.157447979,3841686.58798746,609.522704898223,L6_1,278.0,,
264367.157447979,3841686.58798746,609.522704898223,L6_1,278.0,,
264367.157447979,3841686.58798746,609.522704898223,L6_1,278.0,,
264367.157447979,3841686.58798746,609.522704898223,L6_1,278.0,,
264367.157447979,3841686.58798746,609.522704898223,L6_1,278.0,,
264367.157447979,3841686.58798746,609.522704898223,L6_1,278.0,,
264367.157447979,3841686.58798746,609.522704898223,L6_1,278.0,,
264367.157447979,3841686.58798746,609.522704898223,L6_1,278.0,,
264367.157447979,3841686.58798746,609.522704898223,L6_1,278.0,,
264367.157447979,3841686.58798746,609.522704898223,L6_1,278.0,,
264367.157447979,3841686.58798746,609.522704898223,L6_1,278.0,,
264372.52574575,3841690.26467526,609.512400396452,L6_1,284.5,609.512400396452,7.82089923562129
264372.52574575,3841690.26467526,609.512400396452,L6_1,284.5,604.512400396452,7.35583892376224
264372.52574575,3841690.26467526,609.512400396452,L6_1,284.5,599.262400396452,6.02092948490301
264372.52574575,3841690.26467526,609.512400396452,L6_1,284.5,593.749900396452,4.46183460916572
264372.52574575,3841690.26467526,609.512400396452,L6_1,284.5,587.961775396452,3.39228270436902
264372.52574575,3841690.26467526,609.512400396452,L6_1,284.5,581.884244146452,2.9770249469683
264372.52574575,3841690.26467526,609.512400396452,L6_1,284.5,575.502836333952,3.12442983286678
264372.52574575,3841690.26467526,609.512400396452,L6_1,284.5,568.802358130827,3.70514306649334
264372.52574575,3841690.26467526,609.512400396452,L6_1,284.5,561.766856017546,4.60610861143434
264372.52574575,3841690.26467526,609.512400396452,L6_1,284.5,554.3795787986,5.74358239612837
264372.52574575,3841690.26467526,609.512400396452,L6_1,284.5,546.622937718708,7.06895120307786
264372.52574575,3841690.26467526,609.512400396452,L6_1,284.5,538.47846458482,8.55598980941605
264372.52574575,3841690.26467526,609.512400396452,L6_1,284.5,529.926767794239,10.1939339481833
264372.52574575,3841690.26467526,609.512400396452,L6_1,284.5,520.947486164128,11.9965154871847
264372.52574575,3841690.26467526,609.512400396452,L6_1,284.5,511.519240452512,14.0043684098269
264372.52574575,3841690.26467526,609.512400396452,L6_1,284.5,501.619582455315,16.2623167858731
264372.52574575,3841690.26467526,609.512400396452,L6_1,284.5,491.224941558258,18.7819741092322
264372.52574575,3841690.26467526,609.512400396452,L6_1,284.5,480.310568616349,21.5144559587233
264372.52574575,3841690.26467526,609.512400396452,L6_1,284.5,468.850477027343,24.3495978798576
264372.52574575,3841690.26467526,609.512400396452,L6_1,284.5,456.817380858888,27.1416020923807
264372.52574575,3841690.26467526,609.512400396452,L6_1,284.5,444.18262988201,29.74727737352
264372.52574575,3841690.26467526,609.512400396452,L6_1,284.5,430.916141356288,32.0580124894759
264372.52574575,3841690.26467526,609.512400396452,L6_1,284.5,416.986328404279,34.0132686319931
264372.52574575,3841690.26467526,609.512400396452,L6_1,284.5,402.360024804671,35.5954292801818
264372.52574575,3841690.26467526,609.512400396452,L6_1,284.5,387.002406025082,36.8143762749329
264372.52574575,3841690.26467526,609.512400396452,L6_1,284.5,370.876906306513,37.6913769824158
264372.52574575,3841690.26467526,609.512400396452,L6_1,284.5,353.945131602016,38.247813124807
264372.52574575,3841690.26467526,609.512400396452,L6_1,284.5,336.166768162295,38.500117116152
264372.52574575,3841690.26467526,609.512400396452,L6_1,284.5,317.499486550587,38.4595767442062
264372.52574575,3841690.26467526,609.512400396452,L6_1,284.5,297.898840858293,38.1348615034802
264372.52574575,3841690.26467526,609.512400396452,L6_1,284.5,277.318162881385,37.5353147482793
264372.52574575,3841690.26467526,609.512400396452,L6_1,284.5,255.708451005632,36.6738869360402
264372.52574575,3841690.26467526,609.512400396452,L6_1,284.5,233.018253536091,35.5691581434263
264372.52574575,3841690.26467526,609.512400396452,L6_1,284.5,209.193546193073,34.2458853390652
264372.52574575,3841690.26467526,609.512400396452,L6_1,284.5,184.177603482904,32.734605997737
264372.52574575,3841690.26467526,609.512400396452,L6_1,284.5,157.910863637227,31.0708756363767
264372.52574575,3841690.26467526,609.512400396452,L6_1,284.5,130.330786799265,29.2939351826807
264372.52574575,3841690.26467526,609.512400396452,L6_1,284.5,101.371706119406,27.4450599705899
264372.52574575,3841690.26467526,609.512400396452,L6_1,284.5,70.9646714055538,25.565814361623
264372.52574575,3841690.26467526,609.512400396452,L6_1,284.5,39.0372849560089,23.6962912259578
264372.52574575,3841690.26467526,609.512400396452,L6_1,284.5,,
264372.52574575,3841690.26467526,609.512400396452,L6_1,284.5,,
264372.52574575,3841690.26467526,609.512400396452,L6_1,284.5,,
264372.52574575,3841690.26467526,609.512400396452,L6_1,284.5,,
264372.52574575,3841690.26467526,609.512400396452,L6_1,284.5,,
264372.52574575,3841690.26467526,609.512400396452,L6_1,284.5,,
264372.52574575,3841690.26467526,609.512400396452,L6_1,284.5,,
264372.52574575,3841690.26467526,609.512400396452,L6_1,284.5,,
264372.52574575,3841690.26467526,609.512400396452,L6_1,284.5,,
264372.52574575,3841690.26467526,609.512400396452,L6_1,284.5,,
264372.52574575,3841690.26467526,609.512400396452,L6_1,284.5,,
264372.52574575,3841690.26467526,609.512400396452,L6_1,284.5,,
264372.52574575,3841690.26467526,609.512400396452,L6_1,284.5,,
264372.52574575,3841690.26467526,609.512400396452,L6_1,284.5,,
264372.52574575,3841690.26467526,609.512400396452,L6_1,284.5,,
264372.52574575,3841690.26467526,609.512400396452,L6_1,284.5,,
264372.52574575,3841690.26467526,609.512400396452,L6_1,284.5,,
264372.52574575,3841690.26467526,609.512400396452,L6_1,284.5,,
264372.52574575,3841690.26467526,609.512400396452,L6_1,284.5,,
264372.52574575,3841690.26467526,609.512400396452,L6_1,284.5,,
264372.52574575,3841690.26467526,609.512400396452,L6_1,284.5,,
264377.481097538,3841693.65854091,609.566796254386,L6_1,290.5,609.566796254386,7.49475361216606
264377.481097538,3841693.65854091,609.566796254386,L6_1,290.5,604.566027046767,7.0713381638363
264377.481097538,3841693.65854091,609.566796254386,L6_1,290.5,599.315219378768,5.79943523111471
264377.481097538,3841693.65854091,609.566796254386,L6_1,290.5,593.801871327368,4.27886340402649
264377.481097538,3841693.65854091,609.566796254386,L6_1,290.5,588.012855873398,3.25717231061103
264377.481097538,3841693.65854091,609.566796254386,L6_1,290.5,581.93438964673,2.91118237808217
264377.481097538,3841693.65854091,609.566796254386,L6_1,290.5,575.552000108729,3.14809588351721
264377.481097538,3841693.65854091,609.566796254386,L6_1,290.5,568.850491093827,3.84210477123122
264377.481097538,3841693.65854091,609.566796254386,L6_1,290.5,561.81390662818,4.87605227468191
264377.481097538,3841693.65854091,609.566796254386,L6_1,290.5,554.425492939251,6.15125945686195
264377.481097538,3841693.65854091,609.566796254386,L6_1,290.5,546.667658565876,7.59940530763768
264377.481097538,3841693.65854091,609.566796254386,L6_1,290.5,538.521932473831,9.17586775004701
264377.481097538,3841693.65854091,609.566796254386,L6_1,290.5,529.968920077185,10.858812992197
264377.481097538,3841693.65854091,609.566796254386,L6_1,290.5,520.988257060706,12.6639513047614
264377.481097538,3841693.65854091,609.566796254386,L6_1,290.5,511.558560893403,14.6454386654314
264377.481097538,3841693.65854091,609.566796254386,L6_1,290.5,501.657379917735,16.8642468236593
264377.481097538,3841693.65854091,609.566796254386,L6_1,290.5,491.261139893284,19.3428686900749
264377.481097538,3841693.65854091,609.566796254386,L6_1,290.5,480.34508786761,22.0361163198068
264377.481097538,3841693.65854091,609.566796254386,L6_1,290.5,468.883233240652,24.8327505978548
264377.481097538,3841693.65854091,609.566796254386,L6_1,290.5,456.848285882347,27.584645086636
264377.481097538,3841693.65854091,609.566796254386,L6_1,290.5,444.211591156126,30.1475826934597
264377.481097538,3841693.65854091,609.566796254386,L6_1,290.5,430.943061693594,32.4140293541893
264377.481097538,3841693.65854091,609.566796254386,L6_1,290.5,417.011105757936,34.3259340553865
264377.481097538,3841693.65854091,609.566796254386,L6_1,290.5,402.382552025494,35.8683028439268
264377.481097538,3841693.65854091,609.566796254386,L6_1,290.5,387.022570606431,37.052832422446
264377.481097538,3841693.65854091,609.566796254386,L6_1,290.5,370.894590116415,37.9015138894193
264377.481097538,3841693.65854091,609.566796254386,L6_1,290.5,353.960210601897,38.4355550872527
264377.481097538,3841693.65854091,609.566796254386,L6_1,290.5,336.179112111654,38.670659180166
264377.481097538,3841693.65854091,609.566796254386,L6_1,290.5,317.508958696898,38.6171467303809
264377.481097538,3841693.65854091,609.566796254386,L6_1,290.5,297.905297611405,38.2826733262364
264377.481097538,3841693.65854091,609.566796254386,L6_1,290.5,277.321453471638,37.6756240399644
264377.481097538,3841693.65854091,609.566796254386,L6_1,290.5,255.708451005632,36.8081112601431
264377.481097538,3841693.65854091,609.566796254386,L6_1,290.5,233.018253536091,35.6981123779706
264377.481097538,3841693.65854091,609.566796254386,L6_1,290.5,209.193546193073,34.3699165770531
264377.481097538,3841693.65854091,609.566796254386,L6_1,290.5,184.177603482904,32.8536428462604
264377.481097538,3841693.65854091,609.566796254386,L6_1,290.5,157.910863637227,31.1845625109976
264377.481097538,3841693.65854091,609.566796254386,L6_1,290.5,130.330786799265,29.4017449738447
264377.481097538,3841693.65854091,609.566796254386,L6_1,290.5,101.371706119406,27.5463894239402
264377.481097538,3841693.65854091,609.566796254386,L6_1,290.5,70.9646714055538,25.6600595420735
264377.481097538,3841693.65854091,609.566796254386,L6_1,290.5,39.0372849560089,23.7829171755355
264377.481097538,3841693.65854091,609.566796254386,L6_1,290.5,,
264377.481097538,3841693.65854091,609.566796254386,L6_1,290.5,,
264377.481097538,3841693.65854091,609.566796254386,L6_1,290.5,,
264377.481097538,3841693.65854091,609.566796254386,L6_1,290.5,,
264377.481097538,3841693.65854091,609.566796254386,L6_1,290.5,,
264377.481097538,3841693.65854091,609.566796254386,L6_1,290.5,,
264377.481097538,3841693.65854091,609.566796254386,L6_1,290.5,,
264377.481097538,3841693.65854091,609.566796254386,L6_1,290.5,,
264377.481097538,3841693.65854091,609.566796254386,L6_1,290.5,,
264377.481097538,3841693.65854091,609.566796254386,L6_1,290.5,,
264377.481097538,3841693.65854091,609.566796254386,L6_1,290.5,,
264377.481097538,3841693.65854091,609.566796254386,L6_1,290.5,,
264377.481097538,3841693.65854091,609.566796254386,L6_1,290.5,,
264377.481097538,3841693.65854091,609.566796254386,L6_1,290.5,,
264377.481097538,3841693.65854091,609.566796254386,L6_1,290.5,,
264377.481097538,3841693.65854091,609.566796254386,L6_1,290.5,,
264377.481097538,3841693.65854091,609.566796254386,L6_1,290.5,,
264377.481097538,3841693.65854091,609.566796254386,L6_1,290.5,,
264377.481097538,3841693.65854091,609.566796254386,L6_1,290.5,,
264377.481097538,3841693.65854091,609.566796254386,L6_1,290.5,,
264377.481097538,3841693.65854091,609.566796254386,L6_1,290.5,,
264382.84939531,3841697.33522871,609.68612165872,L6_1,297.0,609.68612165872,6.51086499957825
264382.84939531,3841697.33522871,609.68612165872,L6_1,297.0,604.68366507979,6.37534326184921
264382.84939531,3841697.33522871,609.68612165872,L6_1,297.0,599.431085671914,5.49907914719941
264382.84939531,3841697.33522871,609.68612165872,L6_1,297.0,593.915877293644,4.0863009863059
264382.84939531,3841697.33522871,609.68612165872,L6_1,297.0,588.12490849646,3.07852916116164
264382.84939531,3841697.33522871,609.68612165872,L6_1,297.0,582.044391259417,2.76186570329615
264382.84939531,3841697.33522871,609.68612165872,L6_1,297.0,575.659848160522,3.05692297185659
264382.84939531,3841697.33522871,609.68612165872,L6_1,297.0,568.956077906682,3.84634221904154
264382.84939531,3841697.33522871,609.68612165872,L6_1,297.0,561.91711914015,5.01177078405198
264382.84939531,3841697.33522871,609.68612165872,L6_1,297.0,554.526212435291,6.43517491451877
264382.84939531,3841697.33522871,609.68612165872,L6_1,297.0,546.76576039519,8.02109170689385
264382.84939531,3841697.33522871,609.68612165872,L6_1,297.0,538.617285753083,9.70189098627083
264382.84939531,3841697.33522871,609.68612165872,L6_1,297.0,530.061387378871,11.4436738805568
264382.84939531,3841697.33522871,609.68612165872,L6_1,297.0,521.077694085949,13.2645755361573
264382.84939531,3841697.33522871,609.68612165872,L6_1,297.0,511.64481612838,15.2321534835305
264382.84939531,3841697.33522871,609.68612165872,L6_1,297.0,501.740294272933,17.4225393708959
264382.84939531,3841697.33522871,609.68612165872,L6_1,297.0,491.340546324714,19.8681507518997
264382.84939531,3841697.33522871,609.68612165872,L6_1,297.0,480.420810979083,22.5272926928887
264382.84939531,3841697.33522871,609.68612165872,L6_1,297.0,468.955088866171,25.2881930147046
264382.84939531,3841697.33522871,609.68612165872,L6_1,297.0,456.916080647614,28.0013227723888
264382.84939531,3841697.33522871,609.68612165872,L6_1,297.0,444.275122018129,30.5223612559108
264382.84939531,3841697.33522871,609.68612165872,L6_1,297.0,431.002115457169,32.7455127927578
264382.84939531,3841697.33522871,609.68612165872,L6_1,297.0,417.065458568161,34.6155386995172
264382.84939531,3841697.33522871,609.68612165872,L6_1,297.0,402.431968834704,36.1200841350612
264382.84939531,3841697.33522871,609.68612165872,L6_1,297.0,387.066804614573,37.2724929694858
264382.84939531,3841697.33522871,609.68612165872,L6_1,297.0,370.933382183435,38.0952443710213
264382.84939531,3841697.33522871,609.68612165872,L6_1,297.0,353.993288630741,38.6091543849791
264382.84939531,3841697.33522871,609.68612165872,L6_1,297.0,336.206190400412,38.8290518405414
264382.84939531,3841697.33522871,609.68612165872,L6_1,297.0,317.529737258567,38.7642320466838
264382.84939531,3841697.33522871,609.68612165872,L6_1,297.0,297.919461459629,38.4213248062153
264382.84939531,3841697.33522871,609.68612165872,L6_1,297.0,277.328671870744,37.8077817836552
264382.84939531,3841697.33522871,609.68612165872,L6_1,297.0,255.708451005632,36.9349254945344
264382.84939531,3841697.33522871,609.68612165872,L6_1,297.0,233.018253536091,35.8202475559777
264382.84939531,3841697.33522871,609.68612165872,L6_1,297.0,209.193546193073,34.4876704740855
264382.84939531,3841697.33522871,609.68612165872,L6_1,297.0,184.177603482904,32.9669179517293
264382.84939531,3841697.33522871,609.68612165872,L6_1,297.0,157.910863637227,31.2929961637538
264382.84939531,3841697.33522871,609.68612165872,L6_1,297.0,130.330786799265,29.5048162682079
264382.84939531,3841697.33522871,609.68612165872,L6_1,297.0,101.371706119406,27.643497872072
264382.84939531,3841697.33522871,609.68612165872,L6_1,297.0,70.9646714055538,25.7505954974907
264382.84939531,3841697.33522871,609.68612165872,L6_1,297.0,39.0372849560089,23.866334331868
264382.84939531,3841697.33522871,609.68612165872,L6_1,297.0,,
264382.84939531,3841697.33522871,609.68612165872,L6_1,297.0,,
264382.84939531,3841697.33522871,609.68612165872,L6_1,297.0,,
264382.84939531,3841697.33522871,609.68612165872,L6_1,297.0,,
264382.84939531,3841697.33522871,609.68612165872,L6_1,297.0,,
264382.84939531,3841697.33522871,609.68612165872,L6_1,297.0,,
264382.84939531,3841697.33522871,609.68612165872,L6_1,297.0,,
264382.84939531,3841697.33522871,609.68612165872,L6_1,297.0,,
264382.84939531,3841697.33522871,609.68612165872,L6_1,297.0,,
264382.84939531,3841697.33522871,609.68612165872,L6_1,297.0,,
264382.84939531,3841697.33522871,609.68612165872,L6_1,297.0,,
264382.84939531,3841697.33522871,609.68612165872,L6_1,297.0,,
264382.84939531,3841697.33522871,609.68612165872,L6_1,297.0,,
264382.84939531,3841697.33522871,609.68612165872,L6_1,297.0,,
264382.84939531,3841697.33522871,609.68612165872,L6_1,297.0,,
264382.84939531,3841697.33522871,609.68612165872,L6_1,297.0,,
264382.84939531,3841697.33522871,609.68612165872,L6_1,297.0,,
264382.84939531,3841697.33522871,609.68612165872,L6_1,297.0,,
264382.84939531,3841697.33522871,609.68612165872,L6_1,297.0,,
264382.84939531,3841697.33522871,609.68612165872,L6_1,297.0,,
264382.84939531,3841697.33522871,609.68612165872,L6_1,297.0,,
264387.804187883,3841700.72904704,609.805447063055,L6_1,303.0,609.805447063055,6.20660772741125
264387.804187883,3841700.72904704,609.805447063055,L6_1,303.0,604.801303112814,6.21019323867106
264387.804187883,3841700.72904704,609.805447063055,L6_1,303.0,599.54695196506,5.46213626922323
264387.804187883,3841700.72904704,609.805447063055,L6_1,303.0,594.029883259919,3.97327218928164
264387.804187883,3841700.72904704,609.805447063055,L6_1,303.0,588.236961119521,2.89793017815575
264387.804187883,3841700.72904704,609.805447063055,L6_1,303.0,582.154392872103,2.57574172887199
264387.804187883,3841700.72904704,609.805447063055,L6_1,303.0,575.767696212315,2.90486907602634
264387.804187883,3841700.72904704,609.805447063055,L6_1,303.0,569.061664719536,3.76999097178252
264387.804187883,3841700.72904704,609.805447063055,L6_1,303.0,562.020331652119,5.05406039688364
264387.804187883,3841700.72904704,609.805447063055,L6_1,303.0,554.626931931331,6.61976730492058
264387.804187883,3841700.72904704,609.805447063055,L6_1,303.0,546.863862224504,8.34210533357184
264387.804187883,3841700.72904704,609.805447063055,L6_1,303.0,538.712639032335,10.1288545432211
264387.804187883,3841700.72904704,609.805447063055,L6_1,303.0,530.153854680558,11.9339221485417
264387.804187883,3841700.72904704,609.805447063055,L6_1,303.0,521.167131111192,13.7777458064838
264387.804187883,3841700.72904704,609.805447063055,L6_1,303.0,511.731071363357,15.7401566604587
264387.804187883,3841700.72904704,609.805447063055,L6_1,303.0,501.823208628131,17.9107616284539
264387.804187883,3841700.72904704,609.805447063055,L6_1,303.0,491.419952756144,20.3306558438125
264387.804187883,3841700.72904704,609.805447063055,L6_1,303.0,480.496534090557,22.9612594779108
264387.804187883,3841700.72904704,609.805447063055,L6_1,303.0,469.026944491691,25.6906144085303
264387.804187883,3841700.72904704,609.805447063055,L6_1,303.0,456.983875412881,28.3684674298426
264387.804187883,3841700.72904704,609.805447063055,L6_1,303.0,444.338652880131,30.8510412308116
264387.804187883,3841700.72904704,609.805447063055,L6_1,303.0,431.061169220744,33.0346875818058
264387.804187883,3841700.72904704,609.805447063055,L6_1,303.0,417.119811378387,34.8670578756598
264387.804187883,3841700.72904704,609.805447063055,L6_1,303.0,402.481385643913,36.3382740226387
264387.804187883,3841700.72904704,609.805447063055,L6_1,303.0,387.111038622714,37.4630705607352
264387.804187883,3841700.72904704,609.805447063055,L6_1,303.0,370.972174250456,38.2641547920484
264387.804187883,3841700.72904704,609.805447063055,L6_1,303.0,354.026366659585,38.7617646792596
264387.804187883,3841700.72904704,609.805447063055,L6_1,303.0,336.23326868917,38.9697631395591
264387.804187883,3841700.72904704,609.805447063055,L6_1,303.0,317.550515820235,38.8963812277403
264387.804187883,3841700.72904704,609.805447063055,L6_1,303.0,297.933625307852,38.5472507366403
264387.804187883,3841700.72904704,609.805447063055,L6_1,303.0,277.335890269851,37.9289655690338
264387.804187883,3841700.72904704,609.805447063055,L6_1,303.0,255.708451005632,37.0521331373665
264387.804187883,3841700.72904704,609.805447063055,L6_1,303.0,233.018253536091,35.9338731210641
264387.804187883,3841700.72904704,609.805447063055,L6_1,303.0,209.193546193073,34.5978512148874
264387.804187883,3841700.72904704,609.805447063055,L6_1,303.0,184.177603482904,33.0734474344567
264387.804187883,3841700.72904704,609.805447063055,L6_1,303.0,157.910863637227,31.3954379687096
264387.804187883,3841700.72904704,609.805447063055,L6_1,303.0,130.330786799265,29.602594598795
264387.804187883,3841700.72904704,609.805447063055,L6_1,303.0,101.371706119406,27.7359707143018
264387.804187883,3841700.72904704,609.805447063055,L6_1,303.0,70.9646714055538,25.8371169518837
264387.804187883,3841700.72904704,609.805447063055,L6_1,303.0,39.0372849560089,23.9463172590309
264387.804187883,3841700.72904704,609.805447063055,L6_1,303.0,,
264387.804187883,3841700.72904704,609.805447063055,L6_1,303.0,,
264387.804187883,3841700.72904704,609.805447063055,L6_1,303.0,,
264387.804187883,3841700.72904704,609.805447063055,L6_1,303.0,,
264387.804187883,3841700.72904704,609.805447063055,L6_1,303.0,,
264387.804187883,3841700.72904704,609.805447063055,L6_1,303.0,,
264387.804187883,3841700.72904704,609.805447063055,L6_1,303.0,,
264387.804187883,3841700.72904704,609.805447063055,L6_1,303.0,,
264387.804187883,3841700.72904704,609.805447063055,L6_1,303.0,,
264387.804187883,3841700.72904704,609.805447063055,L6_1,303.0,,
264387.804187883,3841700.72904704,609.805447063055,L6_1,303.0,,
264387.804187883,3841700.72904704,609.805447063055,L6_1,303.0,,
264387.804187883,3841700.72904704,609.805447063055,L6_1,303.0,,
264387.804187883,3841700.72904704,609.805447063055,L6_1,303.0,,
264387.804187883,3841700.72904704,609.805447063055,L6_1,303.0,,
264387.804187883,3841700.72904704,609.805447063055,L6_1,303.0,,
264387.804187883,3841700.72904704,609.805447063055,L6_1,303.0,,
264387.804187883,3841700.72904704,609.805447063055,L6_1,303.0,,
264387.804187883,3841700.72904704,609.805447063055,L6_1,303.0,,
264387.804187883,3841700.72904704,609.805447063055,L6_1,303.0,,
264387.804187883,3841700.72904704,609.805447063055,L6_1,303.0,,
264393.17127402,3841704.4056323,609.924772467389,L6_1,309.5,609.924772467389,6.9692058539316
264393.17127402,3841704.4056323,609.924772467389,L6_1,309.5,604.918941145837,6.84079430106632
264393.17127402,3841704.4056323,609.924772467389,L6_1,309.5,599.662818258207,5.73122367105751
264393.17127402,3841704.4056323,609.924772467389,L6_1,309.5,594.143889226195,3.93475248203001
264393.17127402,3841704.4056323,609.924772467389,L6_1,309.5,588.349013742583,2.7475701747047
264393.17127402,3841704.4056323,609.924772467389,L6_1,309.5,582.26439448479,2.41366756954448
264393.17127402,3841704.4056323,609.924772467389,L6_1,309.5,575.875544264108,2.77009543057838
264393.17127402,3841704.4056323,609.924772467389,L6_1,309.5,569.167251532391,3.7005445076732
264393.17127402,3841704.4056323,609.924772467389,L6_1,309.5,562.123544164089,5.09161302487978
264393.17127402,3841704.4056323,609.924772467389,L6_1,309.5,554.727651427371,6.78836789099583
264393.17127402,3841704.4056323,609.924772467389,L6_1,309.5,546.961964053818,8.63649408806377
264393.17127402,3841704.4056323,609.924772467389,L6_1,309.5,538.807992311587,10.5193106660354
264393.17127402,3841704.4056323,609.924772467389,L6_1,309.5,530.246321982244,12.3794260095272
264393.17127402,3841704.4056323,609.924772467389,L6_1,309.5,521.256568136435,14.2406419309636
264393.17127402,3841704.4056323,609.924772467389,L6_1,309.5,511.817326598334,16.1952602682982
264393.17127402,3841704.4056323,609.924772467389,L6_1,309.5,501.906122983329,18.3456269778047
264393.17127402,3841704.4056323,609.924772467389,L6_1,309.5,491.499359187574,20.7405501068242
264393.17127402,3841704.4056323,609.924772467389,L6_1,309.5,480.572257202031,23.3439080492492
264393.17127402,3841704.4056323,609.924772467389,L6_1,309.5,469.09880011721,26.0433516590731
264393.17127402,3841704.4056323,609.924772467389,L6_1,309.5,457.051670178149,28.6880070753129
264393.17127402,3841704.4056323,609.924772467389,L6_1,309.5,444.402183742134,31.1348239929476
264393.17127402,3841704.4056323,609.924772467389,L6_1,309.5,431.120222984319,33.2823911226189
264393.17127402,3841704.4056323,609.924772467389,L6_1,309.5,417.174164188613,35.0811368669414
264393.17127402,3841704.4056323,609.924772467389,L6_1,309.5,402.530802453122,36.523396286593
264393.17127402,3841704.4056323,609.924772467389,L6_1,309.5,387.155272630856,37.6249919569664
264393.17127402,3841704.4056323,609.924772467389,L6_1,309.5,371.010966317477,38.4085846197988
264393.17127402,3841704.4056323,609.924772467389,L6_1,309.5,354.059444688429,38.8936442462898
264393.17127402,3841704.4056323,609.924772467389,L6_1,309.5,336.260346977928,39.0929775341171
264393.17127402,3841704.4056323,609.924772467389,L6_1,309.5,317.571294381903,39.0137146969897
264393.17127402,3841704.4056323,609.924772467389,L6_1,309.5,297.947789156076,38.6605200327245
264393.17127402,3841704.4056323,609.924772467389,L6_1,309.5,277.343108668958,38.0392065069729
264393.17127402,3841704.4056323,609.924772467389,L6_1,309.5,255.708451005632,37.1597415052941
264393.17127402,3841704.4056323,609.924772467389,L6_1,309.5,233.018253536091,36.0389832490337
264393.17127402,3841704.4056323,609.924772467389,L6_1,309.5,209.193546193073,34.7004444758648
264393.17127402,3841704.4056323,609.924772467389,L6_1,309.5,184.177603482904,33.1732129475569
264393.17127402,3841704.4056323,609.924772467389,L6_1,309.5,157.910863637227,31.4918701965705
264393.17127402,3841704.4056323,609.924772467389,L6_1,309.5,130.330786799265,29.6950628786056
264393.17127402,3841704.4056323,609.924772467389,L6_1,309.5,101.371706119406,27.8237914795362
264393.17127402,3841704.4056323,609.924772467389,L6_1,309.5,70.9646714055538,25.9196098534608
264393.17127402,3841704.4056323,609.924772467389,L6_1,309.5,39.0372849560089,24.0228541124005
264393.17127402,3841704.4056323,609.924772467389,L6_1,309.5,,
264393.17127402,3841704.4056323,609.924772467389,L6_1,309.5,,
264393.17127402,3841704.4056323,609.924772467389,L6_1,309.5,,
264393.17127402,3841704.4056323,609.924772467389,L6_1,309.5,,
264393.17127402,3841704.4056323,609.924772467389,L6_1,309.5,,
264393.17127402,3841704.4056323,609.924772467389,L6_1,309.5,,
264393.17127402,3841704.4056323,609.924772467389,L6_1,309.5,,
264393.17127402,3841704.4056323,609.924772467389,L6_1,309.5,,
264393.17127402,3841704.4056323,609.924772467389,L6_1,309.5,,
264393.17127402,3841704.4056323,609.924772467389,L6_1,309.5,,
264393.17127402,3841704.4056323,609.924772467389,L6_1,309.5,,
264393.17127402,3841704.4056323,609.924772467389,L6_1,309.5,,
264393.17127402,3841704.4056323,609.924772467389,L6_1,309.5,,
264393.17127402,3841704.4056323,609.924772467389,L6_1,309.5,,
264393.17127402,3841704.4056323,609.924772467389,L6_1,309.5,,
264393.17127402,3841704.4056323,609.924772467389,L6_1,309.5,,
264393.17127402,3841704.4056323,609.924772467389,L6_1,309.5,,
264393.17127402,3841704.4056323,609.924772467389,L6_1,309.5,,
264393.17127402,3841704.4056323,609.924772467389,L6_1,309.5,,
264393.17127402,3841704.4056323,609.924772467389,L6_1,309.5,,
264393.17127402,3841704.4056323,609.924772467389,L6_1,309.5,,
264398.125507378,3841707.7994033,610.055949971586,L6_1,315.5,610.055949971586,6.96089351385793
264398.125507378,3841707.7994033,610.055949971586,L6_1,315.5,605.048263679095,6.80202101400608
264398.125507378,3841707.7994033,610.055949971586,L6_1,315.5,599.79019307198,5.63676570230533
264398.125507378,3841707.7994033,610.055949971586,L6_1,315.5,594.269218934508,3.81094061070394
264398.125507378,3841707.7994033,610.055949971586,L6_1,315.5,588.472196090164,2.63003740353625
264398.125507378,3841707.7994033,610.055949971586,L6_1,315.5,582.385322103601,2.32195771587318
264398.125507378,3841707.7994033,610.055949971586,L6_1,315.5,575.994104417711,2.71858420380165
264398.125507378,3841707.7994033,610.055949971586,L6_1,315.5,569.283325847527,3.71419319219652
264398.125507378,3841707.7994033,610.055949971586,L6_1,315.5,562.237008348833,5.19785982744756
264398.125507378,3841707.7994033,610.055949971586,L6_1,315.5,554.838374975204,7.00004027633387
264398.125507378,3841707.7994033,610.055949971586,L6_1,315.5,547.069809932894,8.94409926714764
264398.125507378,3841707.7994033,610.055949971586,L6_1,315.5,538.912816638469,10.8946502708945
264398.125507378,3841707.7994033,610.055949971586,L6_1,315.5,530.347973679322,12.7862966854554
264398.125507378,3841707.7994033,610.055949971586,L6_1,315.5,521.354888572218,14.6478330569722
264398.125507378,3841707.7994033,610.055949971586,L6_1,315.5,511.912149209758,16.5841340204206
264398.125507378,3841707.7994033,610.055949971586,L6_1,315.5,501.997272879176,18.7090866211735
264398.125507378,3841707.7994033,610.055949971586,L6_1,315.5,491.586652732065,21.0775401389534
264398.125507378,3841707.7994033,610.055949971586,L6_1,315.5,480.655501577598,23.6544849018844
264398.125507378,3841707.7994033,610.055949971586,L6_1,315.5,469.177792865407,26.3264123101336
264398.125507378,3841707.7994033,610.055949971586,L6_1,315.5,457.126198717608,28.941503192127
264398.125507378,3841707.7994033,610.055949971586,L6_1,315.5,444.472024862418,31.3572976433408
264398.125507378,3841707.7994033,610.055949971586,L6_1,315.5,431.185142314468,33.4744136023075
264398.125507378,3841707.7994033,610.055949971586,L6_1,315.5,417.233915639122,35.2457270832393
264398.125507378,3841707.7994033,610.055949971586,L6_1,315.5,402.585127630008,36.6653911280098
264398.125507378,3841707.7994033,610.055949971586,L6_1,315.5,387.203900220438,37.7499200524726
264398.125507378,3841707.7994033,610.055949971586,L6_1,315.5,371.053611440389,38.5216526085364
264398.125507378,3841707.7994033,610.055949971586,L6_1,315.5,354.095808221339,38.999128128212
264398.125507378,3841707.7994033,610.055949971586,L6_1,315.5,336.290114841335,39.1940200427413
264398.125507378,3841707.7994033,610.055949971586,L6_1,315.5,317.594136792332,39.1123918630521
264398.125507378,3841707.7994033,610.055949971586,L6_1,315.5,297.963359840878,38.7580139322929
264398.125507378,3841707.7994033,610.055949971586,L6_1,315.5,277.351044041852,38.1359978602216
264398.125507378,3841707.7994033,610.055949971586,L6_1,315.5,255.708451005632,37.2557709466808
264398.125507378,3841707.7994033,610.055949971586,L6_1,315.5,233.018253536091,36.1340441953034
264398.125507378,3841707.7994033,610.055949971586,L6_1,315.5,209.193546193073,34.7942691143837
264398.125507378,3841707.7994033,610.055949971586,L6_1,315.5,184.177603482904,33.2653096918097
264398.125507378,3841707.7994033,610.055949971586,L6_1,315.5,157.910863637227,31.5816038608115
264398.125507378,3841707.7994033,610.055949971586,L6_1,315.5,130.330786799265,29.7817039765177
264398.125507378,3841707.7994033,610.055949971586,L6_1,315.5,101.371706119406,27.9065751074863
264398.125507378,3841707.7994033,610.055949971586,L6_1,315.5,70.9646714055538,25.9977863300725
264398.125507378,3841707.7994033,610.055949971586,L6_1,315.5,39.0372849560089,24.0957302902233
264398.125507378,3841707.7994033,610.055949971586,L6_1,315.5,,
264398.125507378,3841707.7994033,610.055949971586,L6_1,315.5,,
264398.125507378,3841707.7994033,610.055949971586,L6_1,315.5,,
264398.125507378,3841707.7994033,610.055949971586,L6_1,315.5,,
264398.125507378,3841707.7994033,610.055949971586,L6_1,315.5,,
264398.125507378,3841707.7994033,610.055949971586,L6_1,315.5,,
264398.125507378,3841707.7994033,610.055949971586,L6_1,315.5,,
264398.125507378,3841707.7994033,610.055949971586,L6_1,315.5,,
264398.125507378,3841707.7994033,610.055949971586,L6_1,315.5,,
264398.125507378,3841707.7994033,610.055949971586,L6_1,315.5,,
264398.125507378,3841707.7994033,610.055949971586,L6_1,315.5,,
264398.125507378,3841707.7994033,610.055949971586,L6_1,315.5,,
264398.125507378,3841707.7994033,610.055949971586,L6_1,315.5,,
264398.125507378,3841707.7994033,610.055949971586,L6_1,315.5,,
264398.125507378,3841707.7994033,610.055949971586,L6_1,315.5,,
264398.125507378,3841707.7994033,610.055949971586,L6_1,315.5,,
264398.125507378,3841707.7994033,610.055949971586,L6_1,315.5,,
264398.125507378,3841707.7994033,610.055949971586,L6_1,315.5,,
264398.125507378,3841707.7994033,610.055949971586,L6_1,315.5,,
264398.125507378,3841707.7994033,610.055949971586,L6_1,315.5,,
264398.125507378,3841707.7994033,610.055949971586,L6_1,315.5,,
264403.492593515,3841711.47598855,610.1990127809,L6_1,322.0,610.1990127809,6.13848730384824
264403.492593515,3841711.47598855,610.1990127809,L6_1,322.0,605.18930344829,6.11705469606001
264403.492593515,3841711.47598855,610.1990127809,L6_1,322.0,599.92910864905,5.26233102978393
264403.492593515,3841711.47598855,610.1990127809,L6_1,322.0,594.405904109848,3.65470109233847
264403.492593515,3841711.47598855,610.1990127809,L6_1,322.0,588.606539343686,2.56874284273144
264403.492593515,3841711.47598855,610.1990127809,L6_1,322.0,582.517206339216,2.31762724533783
264403.492593515,3841711.47598855,610.1990127809,L6_1,322.0,576.123406684522,2.77475145766656
264403.492593515,3841711.47598855,610.1990127809,L6_1,322.0,569.409917047094,3.84677772850535
264403.492593515,3841711.47598855,610.1990127809,L6_1,322.0,562.360752927794,5.41630713076213
264403.492593515,3841711.47598855,610.1990127809,L6_1,322.0,554.959130602529,7.29925629517428
264403.492593515,3841711.47598855,610.1990127809,L6_1,322.0,547.187427161001,9.30501517325006
264403.492593515,3841711.47598855,610.1990127809,L6_1,322.0,539.027138547396,11.2876359035027
264403.492593515,3841711.47598855,610.1990127809,L6_1,322.0,530.458835503112,13.1790162272145
264403.492593515,3841711.47598855,610.1990127809,L6_1,322.0,521.462117306613,15.0161461611646
264403.492593515,3841711.47598855,610.1990127809,L6_1,322.0,512.015563200289,16.9175430957928
264403.492593515,3841711.47598855,610.1990127809,L6_1,322.0,502.096681388649,19.0076712037661
264403.492593515,3841711.47598855,610.1990127809,L6_1,322.0,491.681855486427,21.3454806794444
264403.492593515,3841711.47598855,610.1990127809,L6_1,322.0,480.746288289093,23.895289207375
264403.492593515,3841711.47598855,610.1990127809,L6_1,322.0,469.263942731894,26.5412549066146
264403.492593515,3841711.47598855,610.1990127809,L6_1,322.0,457.207479896834,29.129987317715
264403.492593515,3841711.47598855,610.1990127809,L6_1,322.0,444.548193920021,31.5192827299145
264403.492593515,3841711.47598855,610.1990127809,L6_1,322.0,431.255943644367,33.6114641035053
264403.492593515,3841711.47598855,610.1990127809,L6_1,322.0,417.299080854931,35.3614598677662
264403.492593515,3841711.47598855,610.1990127809,L6_1,322.0,402.644374926023,36.7648158386436
264403.492593515,3841711.47598855,610.1990127809,L6_1,322.0,387.25693370067,37.8383358917464
264403.492593515,3841711.47598855,610.1990127809,L6_1,322.0,371.100120414049,38.6037591928548
264403.492593515,3841711.47598855,610.1990127809,L6_1,322.0,354.135466463097,39.0785359906194
264403.492593515,3841711.47598855,610.1990127809,L6_1,322.0,336.322579814597,39.2731345318305
264403.492593515,3841711.47598855,610.1990127809,L6_1,322.0,317.619048833672,39.1925886168803
264403.492593515,3841711.47598855,610.1990127809,L6_1,322.0,297.980341303701,38.8398506497969
264403.492593515,3841711.47598855,610.1990127809,L6_1,322.0,277.359698397232,38.2194126672026
264403.492593515,3841711.47598855,610.1990127809,L6_1,322.0,255.708451005632,37.3402618889241
264403.492593515,3841711.47598855,610.1990127809,L6_1,322.0,233.018253536091,36.2190732012688
264403.492593515,3841711.47598855,610.1990127809,L6_1,322.0,209.193546193073,34.8793278859423
264403.492593515,3841711.47598855,610.1990127809,L6_1,322.0,184.177603482904,33.3497306422603
264403.492593515,3841711.47598855,610.1990127809,L6_1,322.0,157.910863637227,31.664626296503
264403.492593515,3841711.47598855,610.1990127809,L6_1,322.0,130.330786799265,29.8625042087467
264403.492593515,3841711.47598855,610.1990127809,L6_1,322.0,101.371706119406,27.9843087293244
264403.492593515,3841711.47598855,610.1990127809,L6_1,322.0,70.9646714055538,26.0716344691323
264403.492593515,3841711.47598855,610.1990127809,L6_1,322.0,39.0372849560089,24.164935174781
264403.492593515,3841711.47598855,610.1990127809,L6_1,322.0,,
264403.492593515,3841711.47598855,610.1990127809,L6_1,322.0,,
264403.492593515,3841711.47598855,610.1990127809,L6_1,322.0,,
264403.492593515,3841711.47598855,610.1990127809,L6_1,322.0,,
264403.492593515,3841711.47598855,610.1990127809,L6_1,322.0,,
264403.492593515,3841711.47598855,610.1990127809,L6_1,322.0,,
264403.492593515,3841711.47598855,610.1990127809,L6_1,322.0,,
264403.492593515,3841711.47598855,610.1990127809,L6_1,322.0,,
264403.492593515,3841711.47598855,610.1990127809,L6_1,322.0,,
264403.492593515,3841711.47598855,610.1990127809,L6_1,322.0,,
264403.492593515,3841711.47598855,610.1990127809,L6_1,322.0,,
264403.492593515,3841711.47598855,610.1990127809,L6_1,322.0,,
264403.492593515,3841711.47598855,610.1990127809,L6_1,322.0,,
264403.492593515,3841711.47598855,610.1990127809,L6_1,322.0,,
264403.492593515,3841711.47598855,610.1990127809,L6_1,322.0,,
264403.492593515,3841711.47598855,610.1990127809,L6_1,322.0,,
264403.492593515,3841711.47598855,610.1990127809,L6_1,322.0,,
264403.492593515,3841711.47598855,610.1990127809,L6_1,322.0,,
264403.492593515,3841711.47598855,610.1990127809,L6_1,322.0,,
264403.492593515,3841711.47598855,610.1990127809,L6_1,322.0,,
264403.492593515,3841711.47598855,610.1990127809,L6_1,322.0,,
264408.446819123,3841714.86976473,610.342075590214,L6_1,328.0,610.342075590214,6.51258597419493
264408.446819123,3841714.86976473,610.342075590214,L6_1,328.0,605.330343217486,6.40222076173815
264408.446819123,3841714.86976473,610.342075590214,L6_1,328.0,600.068024226121,5.34784865797299
264408.446819123,3841714.86976473,610.342075590214,L6_1,328.0,594.542589285188,3.63344824552429
264408.446819123,3841714.86976473,610.342075590214,L6_1,328.0,588.740882597209,2.56084249128945
264408.446819123,3841714.86976473,610.342075590214,L6_1,328.0,582.64909057483,2.36721771825606
264408.446819123,3841714.86976473,610.342075590214,L6_1,328.0,576.252708951333,2.90431285257124
264408.446819123,3841714.86976473,610.342075590214,L6_1,328.0,569.536508246661,4.06812365239407
264408.446819123,3841714.86976473,610.342075590214,L6_1,328.0,562.484497506755,5.71993406981255
264408.446819123,3841714.86976473,610.342075590214,L6_1,328.0,555.079886229854,7.6597842867203
264408.446819123,3841714.86976473,610.342075590214,L6_1,328.0,547.305044389108,9.6922061659577
264408.446819123,3841714.86976473,610.342075590214,L6_1,328.0,539.141460456324,11.6704940873684
264408.446819123,3841714.86976473,610.342075590214,L6_1,328.0,530.569697326901,13.5304853158569
264408.446819123,3841714.86976473,610.342075590214,L6_1,328.0,521.569346041008,15.3207525126316
264408.446819123,3841714.86976473,610.342075590214,L6_1,328.0,512.118977190819,17.1737249842547
264408.446819123,3841714.86976473,610.342075590214,L6_1,328.0,502.196089898121,19.2225800602132
264408.446819123,3841714.86976473,610.342075590214,L6_1,328.0,491.777058240789,21.5279992279696
264408.446819123,3841714.86976473,610.342075590214,L6_1,328.0,480.837075000589,24.0518214699774
264408.446819123,3841714.86976473,610.342075590214,L6_1,328.0,469.35009259838,26.6748964485749
264408.446819123,3841714.86976473,610.342075590214,L6_1,328.0,457.28876107606,29.2418628915753
264408.446819123,3841714.86976473,610.342075590214,L6_1,328.0,444.624362977624,31.6105353420104
264408.446819123,3841714.86976473,610.342075590214,L6_1,328.0,431.326744974266,33.6846323318563
264408.446819123,3841714.86976473,610.342075590214,L6_1,328.0,417.364246070741,35.4206861762417
264408.446819123,3841714.86976473,610.342075590214,L6_1,328.0,402.703622222039,36.8151361977487
264408.446819123,3841714.86976473,610.342075590214,L6_1,328.0,387.309967180902,37.8846722048028
264408.446819123,3841714.86976473,610.342075590214,L6_1,328.0,371.146629387708,38.6501542464697
264408.446819123,3841714.86976473,610.342075590214,L6_1,328.0,354.175124704855,39.1278060386756
264408.446819123,3841714.86976473,610.342075590214,L6_1,328.0,336.355044787859,39.3268793480316
264408.446819123,3841714.86976473,610.342075590214,L6_1,328.0,317.643960875013,39.2514065135988
264408.446819123,3841714.86976473,610.342075590214,L6_1,328.0,297.997322766525,38.9035964400692
264408.446819123,3841714.86976473,610.342075590214,L6_1,328.0,277.368352752612,38.2874335185495
264408.446819123,3841714.86976473,610.342075590214,L6_1,328.0,255.708451005632,37.4115794881372
264408.446819123,3841714.86976473,610.342075590214,L6_1,328.0,233.018253536091,36.2927663177055
264408.446819123,3841714.86976473,610.342075590214,L6_1,328.0,209.193546193073,34.9545963393201
264408.446819123,3841714.86976473,610.342075590214,L6_1,328.0,184.177603482904,33.4256882203729
264408.446819123,3841714.86976473,610.342075590214,L6_1,328.0,157.910863637227,31.7403355895288
264408.446819123,3841714.86976473,610.342075590214,L6_1,328.0,130.330786799265,29.9370066115357
264408.446819123,3841714.86976473,610.342075590214,L6_1,328.0,101.371706119406,28.0566531290017
264408.446819123,3841714.86976473,610.342075590214,L6_1,328.0,70.9646714055538,26.1409037648606
264408.446819123,3841714.86976473,610.342075590214,L6_1,328.0,39.0372849560089,24.2302864155869
264408.446819123,3841714.86976473,610.342075590214,L6_1,328.0,,
264408.446819123,3841714.86976473,610.342075590214,L6_1,328.0,,
264408.446819123,3841714.86976473,610.342075590214,L6_1,328.0,,
264408.446819123,3841714.86976473,610.342075590214,L6_1,328.0,,
264408.446819123,3841714.86976473,610.342075590214,L6_1,328.0,,
264408.446819123,3841714.86976473,610.342075590214,L6_1,328.0,,
264408.446819123,3841714.86976473,610.342075590214,L6_1,328.0,,
264408.446819123,3841714.86976473,610.342075590214,L6_1,328.0,,
264408.446819123,3841714.86976473,610.342075590214,L6_1,328.0,,
264408.446819123,3841714.86976473,610.342075590214,L6_1,328.0,,
264408.446819123,3841714.86976473,610.342075590214,L6_1,328.0,,
264408.446819123,3841714.86976473,610.342075590214,L6_1,328.0,,
264408.446819123,3841714.86976473,610.342075590214,L6_1,328.0,,
264408.446819123,3841714.86976473,610.342075590214,L6_1,328.0,,
264408.446819123,3841714.86976473,610.342075590214,L6_1,328.0,,
264408.446819123,3841714.86976473,610.342075590214,L6_1,328.0,,
264408.446819123,3841714.86976473,610.342075590214,L6_1,328.0,,
264408.446819123,3841714.86976473,610.342075590214,L6_1,328.0,,
264408.446819123,3841714.86976473,610.342075590214,L6_1,328.0,,
264408.446819123,3841714.86976473,610.342075590214,L6_1,328.0,,
264408.446819123,3841714.86976473,610.342075590214,L6_1,328.0,,
264413.813888467,3841718.54636119,610.485138399528,L6_1,334.5,610.485138399528,7.7854233372603
264413.813888467,3841718.54636119,610.485138399528,L6_1,334.5,605.471382986681,7.48542531273911
264413.813888467,3841718.54636119,610.485138399528,L6_1,334.5,600.206939803192,5.86633170501783
264413.813888467,3841718.54636119,610.485138399528,L6_1,334.5,594.679274460528,3.73121702923072
264413.813888467,3841718.54636119,610.485138399528,L6_1,334.5,588.875225850731,2.57806159673356
264413.813888467,3841718.54636119,610.485138399528,L6_1,334.5,582.780974810445,2.43414288998828
264413.813888467,3841718.54636119,610.485138399528,L6_1,334.5,576.382011218144,3.06294448391076
264413.813888467,3841718.54636119,610.485138399528,L6_1,334.5,569.663099446228,4.32406393673695
264413.813888467,3841718.54636119,610.485138399528,L6_1,334.5,562.608242085716,6.04506283731653
264413.813888467,3841718.54636119,610.485138399528,L6_1,334.5,555.200641857179,8.01323267124574
264413.813888467,3841718.54636119,610.485138399528,L6_1,334.5,547.422661617214,10.0392104395858
264413.813888467,3841718.54636119,610.485138399528,L6_1,334.5,539.255782365252,11.9846693648301
264413.813888467,3841718.54636119,610.485138399528,L6_1,334.5,530.680559150691,13.7940290742821
264413.813888467,3841718.54636119,610.485138399528,L6_1,334.5,521.676574775403,15.5279676470909
264413.813888467,3841718.54636119,610.485138399528,L6_1,334.5,512.22239118135,17.3304929380145
264413.813888467,3841718.54636119,610.485138399528,L6_1,334.5,502.295498407594,19.3403377586311
264413.813888467,3841718.54636119,610.485138399528,L6_1,334.5,491.87226099515,21.6175188350204
264413.813888467,3841718.54636119,610.485138399528,L6_1,334.5,480.927861712085,24.1201864744217
264413.813888467,3841718.54636119,610.485138399528,L6_1,334.5,469.436242464866,26.7256022800397
264413.813888467,3841718.54636119,610.485138399528,L6_1,334.5,457.370042255286,29.2766000548958
264413.813888467,3841718.54636119,610.485138399528,L6_1,334.5,444.700532035227,31.6311592876534
264413.813888467,3841718.54636119,610.485138399528,L6_1,334.5,431.397546304165,33.6943265883787
264413.813888467,3841718.54636119,610.485138399528,L6_1,334.5,417.42941128655,35.4239355582418
264413.813888467,3841718.54636119,610.485138399528,L6_1,334.5,402.762869518055,36.8169016139474
264413.813888467,3841718.54636119,610.485138399528,L6_1,334.5,387.363000661134,37.8894415358585
264413.813888467,3841718.54636119,610.485138399528,L6_1,334.5,371.193138361368,38.6612858333434
264413.813888467,3841718.54636119,610.485138399528,L6_1,334.5,354.214782946613,39.1473107356302
264413.813888467,3841718.54636119,610.485138399528,L6_1,334.5,336.38750976112,39.3555494120782
264413.813888467,3841718.54636119,610.485138399528,L6_1,334.5,317.668872916353,39.2890676281019
264413.813888467,3841718.54636119,610.485138399528,L6_1,334.5,298.014304229348,38.9494087675134
264413.813888467,3841718.54636119,610.485138399528,L6_1,334.5,277.377007107992,38.3401663071826
264413.813888467,3841718.54636119,610.485138399528,L6_1,334.5,255.708451005632,37.4697922865913
264413.813888467,3841718.54636119,610.485138399528,L6_1,334.5,233.018253536091,36.3551658286258
264413.813888467,3841718.54636119,610.485138399528,L6_1,334.5,209.193546193073,35.0200976002286
264413.813888467,3841718.54636119,610.485138399528,L6_1,334.5,184.177603482904,33.4931915679466
264413.813888467,3841718.54636119,610.485138399528,L6_1,334.5,157.910863637227,31.8087311087431
264413.813888467,3841718.54636119,610.485138399528,L6_1,334.5,130.330786799265,30.0052065495901
264413.813888467,3841718.54636119,610.485138399528,L6_1,334.5,101.371706119406,28.1236040858423
264413.813888467,3841718.54636119,610.485138399528,L6_1,334.5,70.9646714055538,26.205590155419
264413.813888467,3841718.54636119,610.485138399528,L6_1,334.5,39.0372849560089,24.2917792108251
264413.813888467,3841718.54636119,610.485138399528,L6_1,334.5,,
264413.813888467,3841718.54636119,610.485138399528,L6_1,334.5,,
264413.813888467,3841718.54636119,610.485138399528,L6_1,334.5,,
264413.813888467,3841718.54636119,610.485138399528,L6_1,334.5,,
264413.813888467,3841718.54636119,610.485138399528,L6_1,334.5,,
264413.813888467,3841718.54636119,610.485138399528,L6_1,334.5,,
264413.813888467,3841718.54636119,610.485138399528,L6_1,334.5,,
264413.813888467,3841718.54636119,610.485138399528,L6_1,334.5,,
264413.813888467,3841718.54636119,610.485138399528,L6_1,334.5,,
264413.813888467,3841718.54636119,610.485138399528,L6_1,334.5,,
264413.813888467,3841718.54636119,610.485138399528,L6_1,334.5,,
264413.813888467,3841718.54636119,610.485138399528,L6_1,334.5,,
264413.813888467,3841718.54636119,610.485138399528,L6_1,334.5,,
264413.813888467,3841718.54636119,610.485138399528,L6_1,334.5,,
264413.813888467,3841718.54636119,610.485138399528,L6_1,334.5,,
264413.813888467,3841718.54636119,610.485138399528,L6_1,334.5,,
264413.813888467,3841718.54636119,610.485138399528,L6_1,334.5,,
264413.813888467,3841718.54636119,610.485138399528,L6_1,334.5,,
264413.813888467,3841718.54636119,610.485138399528,L6_1,334.5,,
264413.813888467,3841718.54636119,610.485138399528,L6_1,334.5,,
264413.813888467,3841718.54636119,610.485138399528,L6_1,334.5,,
264418.768106324,3841721.94014254,610.609507523761,L6_1,340.5,610.609507523761,8.83713501688624
264418.768106324,3841721.94014254,610.609507523761,L6_1,340.5,605.59399341675,8.33450452646646
264418.768106324,3841721.94014254,610.609507523761,L6_1,340.5,600.327703604389,6.14460977400287
264418.768106324,3841721.94014254,610.609507523761,L6_1,340.5,594.798099301409,3.66859499453853
264418.768106324,3841721.94014254,610.609507523761,L6_1,340.5,588.992014783281,2.50597020052973
264418.768106324,3841721.94014254,610.609507523761,L6_1,340.5,582.895626039246,2.43908487558794
264418.768106324,3841721.94014254,610.609507523761,L6_1,340.5,576.494417858009,3.16449629874292
264418.768106324,3841721.94014254,610.609507523761,L6_1,340.5,569.773149267711,4.51241076413096
264418.768106324,3841721.94014254,610.609507523761,L6_1,340.5,562.715817247897,6.28015500647504
264418.768106324,3841721.94014254,610.609507523761,L6_1,340.5,555.305618627093,8.25107568562063
264418.768106324,3841721.94014254,610.609507523761,L6_1,340.5,547.524910075249,10.250608390992
264418.768106324,3841721.94014254,610.609507523761,L6_1,340.5,539.355166095812,12.1536425772481
264418.768106324,3841721.94014254,610.609507523761,L6_1,340.5,530.776934917404,13.9138577426096
264418.768106324,3841721.94014254,610.609507523761,L6_1,340.5,521.769792180075,15.6008629106363
264418.768106324,3841721.94014254,610.609507523761,L6_1,340.5,512.31229230588,17.365401409042
264418.768106324,3841721.94014254,610.609507523761,L6_1,340.5,502.381917437975,19.3480353999183
264418.768106324,3841721.94014254,610.609507523761,L6_1,340.5,491.955023826675,21.6065774048058
264418.768106324,3841721.94014254,610.609507523761,L6_1,340.5,481.006785534809,24.0956411700453
264418.768106324,3841721.94014254,610.609507523761,L6_1,340.5,469.511135328351,26.6898189906304
264418.768106324,3841721.94014254,610.609507523761,L6_1,340.5,457.440702611569,29.2311066944532
264418.768106324,3841721.94014254,610.609507523761,L6_1,340.5,444.766748258949,31.5782568366518
264418.768106324,3841721.94014254,610.609507523761,L6_1,340.5,431.459096188697,33.6377603921237
264418.768106324,3841721.94014254,610.609507523761,L6_1,340.5,417.486061514933,35.3685109675083
264418.768106324,3841721.94014254,610.609507523761,L6_1,340.5,402.814375107481,36.7675120787621
264418.768106324,3841721.94014254,610.609507523761,L6_1,340.5,387.409104379656,37.8501472633224
264418.768106324,3841721.94014254,610.609507523761,L6_1,340.5,371.23357011544,38.6347767229446
264418.768106324,3841721.94014254,610.609507523761,L6_1,340.5,354.249259138013,39.1348210885068
264418.768106324,3841721.94014254,610.609507523761,L6_1,340.5,336.415732611714,39.3570743714583
264418.768106324,3841721.94014254,610.609507523761,L6_1,340.5,317.690529759101,39.3036851994608
264418.768106324,3841721.94014254,610.609507523761,L6_1,340.5,298.029066763857,38.9756233931399
264418.768106324,3841721.94014254,610.609507523761,L6_1,340.5,277.384530618851,38.3761800812229
264418.768106324,3841721.94014254,610.609507523761,L6_1,340.5,255.708451005632,37.5136966817763
264418.768106324,3841721.94014254,610.609507523761,L6_1,340.5,233.018253536091,36.4052877668772
264418.768106324,3841721.94014254,610.609507523761,L6_1,340.5,209.193546193073,35.0750393918859
264418.768106324,3841721.94014254,610.609507523761,L6_1,340.5,184.177603482904,33.5516053850827
264418.768106324,3841721.94014254,610.609507523761,L6_1,340.5,157.910863637227,31.8693208619955
264418.768106324,3841721.94014254,610.609507523761,L6_1,340.5,130.330786799265,30.0667307505839
264418.768106324,3841721.94014254,610.609507523761,L6_1,340.5,101.371706119406,28.1848725740431
264418.768106324,3841721.94014254,610.609507523761,L6_1,340.5,70.9646714055538,26.2654776870309
264418.768106324,3841721.94014254,610.609507523761,L6_1,340.5,39.0372849560089,24.3492529804723
264418.768106324,3841721.94014254,610.609507523761,L6_1,340.5,,
264418.768106324,3841721.94014254,610.609507523761,L6_1,340.5,,
264418.768106324,3841721.94014254,610.609507523761,L6_1,340.5,,
264418.768106324,3841721.94014254,610.609507523761,L6_1,340.5,,
264418.768106324,3841721.94014254,610.609507523761,L6_1,340.5,,
264418.768106324,3841721.94014254,610.609507523761,L6_1,340.5,,
264418.768106324,3841721.94014254,610.609507523761,L6_1,340.5,,
264418.768106324,3841721.94014254,610.609507523761,L6_1,340.5,,
264418.768106324,3841721.94014254,610.609507523761,L6_1,340.5,,
264418.768106324,3841721.94014254,610.609507523761,L6_1,340.5,,
264418.768106324,3841721.94014254,610.609507523761,L6_1,340.5,,
264418.768106324,3841721.94014254,610.609507523761,L6_1,340.5,,
264418.768106324,3841721.94014254,610.609507523761,L6_1,340.5,,
264418.768106324,3841721.94014254,610.609507523761,L6_1,340.5,,
264418.768106324,3841721.94014254,610.609507523761,L6_1,340.5,,
264418.768106324,3841721.94014254,610.609507523761,L6_1,340.5,,
264418.768106324,3841721.94014254,610.609507523761,L6_1,340.5,,
264418.768106324,3841721.94014254,610.609507523761,L6_1,340.5,,
264418.768106324,3841721.94014254,610.609507523761,L6_1,340.5,,
264418.768106324,3841721.94014254,610.609507523761,L6_1,340.5,,
264418.768106324,3841721.94014254,610.609507523761,L6_1,340.5,,
264424.135175669,3841725.616739,610.715152558565,L6_1,347.0,610.715152558565,9.20068092592516
264424.135175669,3841725.616739,610.715152558565,L6_1,347.0,605.69814453329,8.48218804374661
264424.135175669,3841725.616739,610.715152558565,L6_1,347.0,600.430286106751,5.86077687065683
264424.135175669,3841725.616739,610.715152558565,L6_1,347.0,594.899034758885,3.32203047971466
264424.135175669,3841725.616739,610.715152558565,L6_1,347.0,589.091220843626,2.29365520216444
264424.135175669,3841725.616739,610.715152558565,L6_1,347.0,582.993016232605,2.33315250121519
264424.135175669,3841725.616739,610.715152558565,L6_1,347.0,576.589901391032,3.13390116982303
264424.135175669,3841725.616739,610.715152558565,L6_1,347.0,569.86663080738,4.52583750604943
264424.135175669,3841725.616739,610.715152558565,L6_1,347.0,562.807196694546,6.29750461564882
264424.135175669,3841725.616739,610.715152558565,L6_1,347.0,555.39479087607,8.24280078298857
264424.135175669,3841725.616739,610.715152558565,L6_1,347.0,547.61176476667,10.2072432937376
264424.135175669,3841725.616739,610.715152558565,L6_1,347.0,539.4395873518,12.0788576526555
264424.135175669,3841725.616739,610.715152558565,L6_1,347.0,530.858801066187,13.816142748678
264424.135175669,3841725.616739,610.715152558565,L6_1,347.0,521.848975466293,15.4891933338268
264424.135175669,3841725.616739,610.715152558565,L6_1,347.0,512.388658586405,17.2470371230878
264424.135175669,3841725.616739,610.715152558565,L6_1,347.0,502.455325862522,19.2273898803742
264424.135175669,3841725.616739,610.715152558565,L6_1,347.0,492.025326502445,21.4851900626836
264424.135175669,3841725.616739,610.715152558565,L6_1,347.0,481.073827174364,23.9730967354213
264424.135175669,3841725.616739,610.715152558565,L6_1,347.0,469.574752879879,26.5652102567539
264424.135175669,3841725.616739,610.715152558565,L6_1,347.0,457.500724870669,29.1045363089524
264424.135175669,3841725.616739,610.715152558565,L6_1,347.0,444.822995461,31.4517596267036
264424.135175669,3841725.616739,610.715152558565,L6_1,347.0,431.511379580846,33.515249385983
264424.135175669,3841725.616739,610.715152558565,L6_1,347.0,417.534182906685,35.2548951904755
264424.135175669,3841725.616739,610.715152558565,L6_1,347.0,402.858126398816,36.6674989873699
264424.135175669,3841725.616739,610.715152558565,L6_1,347.0,387.448267065554,37.76730439626
264424.135175669,3841725.616739,610.715152558565,L6_1,347.0,371.267914765629,38.5710907861758
264424.135175669,3841725.616739,610.715152558565,L6_1,347.0,354.278544850707,39.0907333796692
264424.135175669,3841725.616739,610.715152558565,L6_1,347.0,336.439706440039,39.3317776994209
264424.135175669,3841725.616739,610.715152558565,L6_1,347.0,317.708926108838,39.2955131879458
264424.135175669,3841725.616739,610.715152558565,L6_1,347.0,298.041606761076,38.9824325438275
264424.135175669,3841725.616739,610.715152558565,L6_1,347.0,277.390921445927,38.3956128608088
264424.135175669,3841725.616739,610.715152558565,L6_1,347.0,255.708451005632,37.543388035755
264424.135175669,3841725.616739,610.715152558565,L6_1,347.0,233.018253536091,36.4431951992929
264424.135175669,3841725.616739,610.715152558565,L6_1,347.0,209.193546193073,35.119459789031
264424.135175669,3841725.616739,610.715152558565,L6_1,347.0,184.177603482904,33.6009517118534
264424.135175669,3841725.616739,610.715152558565,L6_1,347.0,157.910863637227,31.9221174551164
264424.135175669,3841725.616739,610.715152558565,L6_1,347.0,130.330786799265,30.121584965042
264424.135175669,3841725.616739,610.715152558565,L6_1,347.0,101.371706119406,28.2404594832042
264424.135175669,3841725.616739,610.715152558565,L6_1,347.0,70.9646714055538,26.3205651204426
264424.135175669,3841725.616739,610.715152558565,L6_1,347.0,39.0372849560089,24.4027061968368
264424.135175669,3841725.616739,610.715152558565,L6_1,347.0,,
264424.135175669,3841725.616739,610.715152558565,L6_1,347.0,,
264424.135175669,3841725.616739,610.715152558565,L6_1,347.0,,
264424.135175669,3841725.616739,610.715152558565,L6_1,347.0,,
264424.135175669,3841725.616739,610.715152558565,L6_1,347.0,,
264424.135175669,3841725.616739,610.715152558565,L6_1,347.0,,
264424.135175669,3841725.616739,610.715152558565,L6_1,347.0,,
264424.135175669,3841725.616739,610.715152558565,L6_1,347.0,,
264424.135175669,3841725.616739,610.715152558565,L6_1,347.0,,
264424.135175669,3841725.616739,610.715152558565,L6_1,347.0,,
264424.135175669,3841725.616739,610.715152558565,L6_1,347.0,,
264424.135175669,3841725.616739,610.715152558565,L6_1,347.0,,
264424.135175669,3841725.616739,610.715152558565,L6_1,347.0,,
264424.135175669,3841725.616739,610.715152558565,L6_1,347.0,,
264424.135175669,3841725.616739,610.715152558565,L6_1,347.0,,
264424.135175669,3841725.616739,610.715152558565,L6_1,347.0,,
264424.135175669,3841725.616739,610.715152558565,L6_1,347.0,,
264424.135175669,3841725.616739,610.715152558565,L6_1,347.0,,
264424.135175669,3841725.616739,610.715152558565,L6_1,347.0,,
264424.135175669,3841725.616739,610.715152558565,L6_1,347.0,,
264424.135175669,3841725.616739,610.715152558565,L6_1,347.0,,
264429.089387476,3841729.01059208,610.820797593368,L6_1,353.0,610.820797593368,9.43467614671656
264429.089387476,3841729.01059208,610.820797593368,L6_1,353.0,605.802295649829,8.23299951331731
264429.089387476,3841729.01059208,610.820797593368,L6_1,353.0,600.532868609113,5.21137430141436
264429.089387476,3841729.01059208,610.820797593368,L6_1,353.0,594.999970216361,2.88742302116535
264429.089387476,3841729.01059208,610.820797593368,L6_1,353.0,589.190426903972,2.06629213615076
264429.089387476,3841729.01059208,610.820797593368,L6_1,353.0,583.090406425963,2.19312800221003
264429.089387476,3841729.01059208,610.820797593368,L6_1,353.0,576.685384924054,3.01031022628104
264429.089387476,3841729.01059208,610.820797593368,L6_1,353.0,569.960112347049,4.3719536048859
264429.089387476,3841729.01059208,610.820797593368,L6_1,353.0,562.898576141194,6.0879027433813
264429.089387476,3841729.01059208,610.820797593368,L6_1,353.0,555.483963125046,7.97663020491611
264429.089387476,3841729.01059208,610.820797593368,L6_1,353.0,547.698619458091,9.90164120349861
264429.089387476,3841729.01059208,610.820797593368,L6_1,353.0,539.524008607788,11.7590356278225
264429.089387476,3841729.01059208,610.820797593368,L6_1,353.0,530.94066721497,13.5057301047254
264429.089387476,3841729.01059208,610.820797593368,L6_1,353.0,521.928158752512,15.2026581421449
264429.089387476,3841729.01059208,610.820797593368,L6_1,353.0,512.46502486693,16.9878320577048
264429.089387476,3841729.01059208,610.820797593368,L6_1,353.0,502.528734287069,18.9913728710221
264429.089387476,3841729.01059208,610.820797593368,L6_1,353.0,492.095629178215,21.2652726080678
264429.089387476,3841729.01059208,610.820797593368,L6_1,353.0,481.140868813918,23.7626015196737
264429.089387476,3841729.01059208,610.820797593368,L6_1,353.0,469.638370431406,26.3597760730256
264429.089387476,3841729.01059208,610.820797593368,L6_1,353.0,457.560747129769,28.9030021377889
264429.089387476,3841729.01059208,610.820797593368,L6_1,353.0,444.87924266305,31.2561643661565
264429.089387476,3841729.01059208,610.820797593368,L6_1,353.0,431.563662972995,33.3299507348036
264429.089387476,3841729.01059208,610.820797593368,L6_1,353.0,417.582304298438,35.0851399348036
264429.089387476,3841729.01059208,610.820797593368,L6_1,353.0,402.901877690152,36.518016782642
264429.089387476,3841729.01059208,610.820797593368,L6_1,353.0,387.487429751452,37.6413615203486
264429.089387476,3841729.01059208,610.820797593368,L6_1,353.0,371.302259415817,38.4701521942107
264429.089387476,3841729.01059208,610.820797593368,L6_1,353.0,354.307830563401,39.0145984593224
264429.089387476,3841729.01059208,610.820797593368,L6_1,353.0,336.463680268363,39.2789751155425
264429.089387476,3841729.01059208,610.820797593368,L6_1,353.0,317.727322458574,39.2637546594603
264429.089387476,3841729.01059208,610.820797593368,L6_1,353.0,298.054146758296,38.9690015953953
264429.089387476,3841729.01059208,610.820797593368,L6_1,353.0,277.397312273003,38.397659431488
264429.089387476,3841729.01059208,610.820797593368,L6_1,353.0,255.708451005632,37.5581244645893
264429.089387476,3841729.01059208,610.820797593368,L6_1,353.0,233.018253536091,36.4682279024789
264429.089387476,3841729.01059208,610.820797593368,L6_1,353.0,209.193546193073,35.1528003716643
264429.089387476,3841729.01059208,610.820797593368,L6_1,353.0,184.177603482904,33.6407803456036
264429.089387476,3841729.01059208,610.820797593368,L6_1,353.0,157.910863637227,31.9667623337847
264429.089387476,3841729.01059208,610.820797593368,L6_1,353.0,130.330786799265,30.169485361177
264429.089387476,3841729.01059208,610.820797593368,L6_1,353.0,101.371706119406,28.2901507657342
264429.089387476,3841729.01059208,610.820797593368,L6_1,353.0,70.9646714055538,26.3706885813322
264429.089387476,3841729.01059208,610.820797593368,L6_1,353.0,39.0372849560089,24.4520166659959
264429.089387476,3841729.01059208,610.820797593368,L6_1,353.0,,
264429.089387476,3841729.01059208,610.820797593368,L6_1,353.0,,
264429.089387476,3841729.01059208,610.820797593368,L6_1,353.0,,
264429.089387476,3841729.01059208,610.820797593368,L6_1,353.0,,
264429.089387476,3841729.01059208,610.820797593368,L6_1,353.0,,
264429.089387476,3841729.01059208,610.820797593368,L6_1,353.0,,
264429.089387476,3841729.01059208,610.820797593368,L6_1,353.0,,
264429.089387476,3841729.01059208,610.820797593368,L6_1,353.0,,
264429.089387476,3841729.01059208,610.820797593368,L6_1,353.0,,
264429.089387476,3841729.01059208,610.820797593368,L6_1,353.0,,
264429.089387476,3841729.01059208,610.820797593368,L6_1,353.0,,
264429.089387476,3841729.01059208,610.820797593368,L6_1,353.0,,
264429.089387476,3841729.01059208,610.820797593368,L6_1,353.0,,
264429.089387476,3841729.01059208,610.820797593368,L6_1,353.0,,
264429.089387476,3841729.01059208,610.820797593368,L6_1,353.0,,
264429.089387476,3841729.01059208,610.820797593368,L6_1,353.0,,
264429.089387476,3841729.01059208,610.820797593368,L6_1,353.0,,
264429.089387476,3841729.01059208,610.820797593368,L6_1,353.0,,
264429.089387476,3841729.01059208,610.820797593368,L6_1,353.0,,
264429.089387476,3841729.01059208,610.820797593368,L6_1,353.0,,
264429.089387476,3841729.01059208,610.820797593368,L6_1,353.0,,
264434.456443715,3841732.68734396,610.926442628172,L6_1,359.5,610.926442628172,9.96078131736562
264434.456443715,3841732.68734396,610.926442628172,L6_1,359.5,605.906446766369,7.79317793853781
264434.456443715,3841732.68734396,610.926442628172,L6_1,359.5,600.635451111475,4.38153049828167
264434.456443715,3841732.68734396,610.926442628172,L6_1,359.5,595.100905673837,2.48851543272655
264434.456443715,3841732.68734396,610.926442628172,L6_1,359.5,589.289632964318,1.88128338080366
264434.456443715,3841732.68734396,610.926442628172,L6_1,359.5,583.187796619322,2.03884593399709
264434.456443715,3841732.68734396,610.926442628172,L6_1,359.5,576.780868457076,2.78883696439065
264434.456443715,3841732.68734396,610.926442628172,L6_1,359.5,570.053593886718,4.03701716063076
264434.456443715,3841732.68734396,610.926442628172,L6_1,359.5,562.989955587843,5.64249055327424
264434.456443715,3841732.68734396,610.926442628172,L6_1,359.5,555.573135374023,7.45247566447492
264434.456443715,3841732.68734396,610.926442628172,L6_1,359.5,547.785474149513,9.33937017947784
264434.456443715,3841732.68734396,610.926442628172,L6_1,359.5,539.608429863777,11.201002831822
264434.456443715,3841732.68734396,610.926442628172,L6_1,359.5,531.022533363754,12.9882257771242
264434.456443715,3841732.68734396,610.926442628172,L6_1,359.5,522.00734203873,14.7452507083852
264434.456443715,3841732.68734396,610.926442628172,L6_1,359.5,512.541391147455,16.5906426639346
264434.456443715,3841732.68734396,610.926442628172,L6_1,359.5,502.602142711616,18.6421449332686
264434.456443715,3841732.68734396,610.926442628172,L6_1,359.5,492.165931853985,20.9485099876443
264434.456443715,3841732.68734396,610.926442628172,L6_1,359.5,481.207910453472,23.4654781927871
264434.456443715,3841732.68734396,610.926442628172,L6_1,359.5,469.701987982934,26.0745750413941
264434.456443715,3841732.68734396,610.926442628172,L6_1,359.5,457.620769388869,28.6273932706427
264434.456443715,3841732.68734396,610.926442628172,L6_1,359.5,444.935489865101,30.9922624528744
264434.456443715,3841732.68734396,610.926442628172,L6_1,359.5,431.615946365144,33.082597173462
264434.456443715,3841732.68734396,610.926442628172,L6_1,359.5,417.63042569019,34.8599286100277
264434.456443715,3841732.68734396,610.926442628172,L6_1,359.5,402.945628981488,36.3196934184938
264434.456443715,3841732.68734396,610.926442628172,L6_1,359.5,387.52659243735,37.4728823994211
264434.456443715,3841732.68734396,610.926442628172,L6_1,359.5,371.336604066006,38.3324532257903
264434.456443715,3841732.68734396,610.926442628172,L6_1,359.5,354.337116276095,38.9068333904587
264434.456443715,3841732.68734396,610.926442628172,L6_1,359.5,336.487654096688,39.1990104085936
264434.456443715,3841732.68734396,610.926442628172,L6_1,359.5,317.745718808311,39.2086852164394
264434.456443715,3841732.68734396,610.926442628172,L6_1,359.5,298.066686755515,38.9355453330292
264434.456443715,3841732.68734396,610.926442628172,L6_1,359.5,277.403703100079,38.3824819421598
264434.456443715,3841732.68734396,610.926442628172,L6_1,359.5,255.708451005632,37.5580222754828
264434.456443715,3841732.68734396,610.926442628172,L6_1,359.5,233.018253536091,36.4804657001324
264434.456443715,3841732.68734396,610.926442628172,L6_1,359.5,209.193546193073,35.175114935126
264434.456443715,3841732.68734396,610.926442628172,L6_1,359.5,184.177603482904,33.6711259290783
264434.456443715,3841732.68734396,610.926442628172,L6_1,359.5,157.910863637227,32.0032756059975
264434.456443715,3841732.68734396,610.926442628172,L6_1,359.5,130.330786799265,30.2104423588963
264434.456443715,3841732.68734396,610.926442628172,L6_1,359.5,101.371706119406,28.3339515532735
264434.456443715,3841732.68734396,610.926442628172,L6_1,359.5,70.9646714055538,26.4158498671256
264434.456443715,3841732.68734396,610.926442628172,L6_1,359.5,39.0372849560089,24.4971842032685
264434.456443715,3841732.68734396,610.926442628172,L6_1,359.5,,
264434.456443715,3841732.68734396,610.926442628172,L6_1,359.5,,
264434.456443715,3841732.68734396,610.926442628172,L6_1,359.5,,
264434.456443715,3841732.68734396,610.926442628172,L6_1,359.5,,
264434.456443715,3841732.68734396,610.926442628172,L6_1,359.5,,
264434.456443715,3841732.68734396,610.926442628172,L6_1,359.5,,
264434.456443715,3841732.68734396,610.926442628172,L6_1,359.5,,
264434.456443715,3841732.68734396,610.926442628172,L6_1,359.5,,
264434.456443715,3841732.68734396,610.926442628172,L6_1,359.5,,
264434.456443715,3841732.68734396,610.926442628172,L6_1,359.5,,
264434.456443715,3841732.68734396,610.926442628172,L6_1,359.5,,
264434.456443715,3841732.68734396,610.926442628172,L6_1,359.5,,
264434.456443715,3841732.68734396,610.926442628172,L6_1,359.5,,
264434.456443715,3841732.68734396,610.926442628172,L6_1,359.5,,
264434.456443715,3841732.68734396,610.926442628172,L6_1,359.5,,
264434.456443715,3841732.68734396,610.926442628172,L6_1,359.5,,
264434.456443715,3841732.68734396,610.926442628172,L6_1,359.5,,
264434.456443715,3841732.68734396,610.926442628172,L6_1,359.5,,
264434.456443715,3841732.68734396,610.926442628172,L6_1,359.5,,
264434.456443715,3841732.68734396,610.926442628172,L6_1,359.5,,
264434.456443715,3841732.68734396,610.926442628172,L6_1,359.5,,
264439.410649473,3841736.08126877,611.042335003011,L6_1,365.5,611.042335003011,7.98194560380889
264439.410649473,3841736.08126877,611.042335003011,L6_1,365.5,606.020700316101,6.4099714757928
264439.410649473,3841736.08126877,611.042335003011,L6_1,365.5,600.747983894846,3.95121104878435
264439.410649473,3841736.08126877,611.042335003011,L6_1,365.5,595.211631652527,2.48833555700238
264439.410649473,3841736.08126877,611.042335003011,L6_1,365.5,589.398461798093,1.92319123506409
264439.410649473,3841736.08126877,611.042335003011,L6_1,365.5,583.294633450938,1.98318892442835
264439.410649473,3841736.08126877,611.042335003011,L6_1,365.5,576.885613686424,2.57070786199452
264439.410649473,3841736.08126877,611.042335003011,L6_1,365.5,570.156142933685,3.641319523354
264439.410649473,3841736.08126877,611.042335003011,L6_1,365.5,563.090198643309,5.104110638403
264439.410649473,3841736.08126877,611.042335003011,L6_1,365.5,555.670957138414,6.82449124238509
264439.410649473,3841736.08126877,611.042335003011,L6_1,365.5,547.880753558275,8.67127099496629
264439.410649473,3841736.08126877,611.042335003011,L6_1,365.5,539.701039799128,10.5393814352338
264439.410649473,3841736.08126877,611.042335003011,L6_1,365.5,531.112340352024,12.3741178471444
264439.410649473,3841736.08126877,611.042335003011,L6_1,365.5,522.094205932565,14.2018803492429
264439.410649473,3841736.08126877,611.042335003011,L6_1,365.5,512.625164792133,16.1181335685019
264439.410649473,3841736.08126877,611.042335003011,L6_1,365.5,502.682671594679,18.2251828136424
264439.410649473,3841736.08126877,611.042335003011,L6_1,365.5,492.243053737353,20.5679054804651
264439.410649473,3841736.08126877,611.042335003011,L6_1,365.5,481.28145498716,23.105931097289
264439.410649473,3841736.08126877,611.042335003011,L6_1,365.5,469.771776299458,25.7276319225359
264439.410649473,3841736.08126877,611.042335003011,L6_1,365.5,457.68661367737,28.2913387746858
264439.410649473,3841736.08126877,611.042335003011,L6_1,365.5,444.997192924178,30.6704457647207
264439.410649473,3841736.08126877,611.042335003011,L6_1,365.5,431.673301133327,32.7810725660845
264439.410649473,3841736.08126877,611.042335003011,L6_1,365.5,417.683214752933,34.5851409742915
264439.410649473,3841736.08126877,611.042335003011,L6_1,365.5,402.993624053519,36.0767768449515
264439.410649473,3841736.08126877,611.042335003011,L6_1,365.5,387.569553819135,37.2647970797112
264439.410649473,3841736.08126877,611.042335003011,L6_1,365.5,371.374280073031,38.1598848718435
264439.410649473,3841736.08126877,611.042335003011,L6_1,365.5,354.369242639622,38.768555658727
264439.410649473,3841736.08126877,611.042335003011,L6_1,365.5,336.513953334543,39.0924495986033
264439.410649473,3841736.08126877,611.042335003011,L6_1,365.5,317.76589956421,39.1304782872803
264439.410649473,3841736.08126877,611.042335003011,L6_1,365.5,298.08044310536,38.8819883331947
264439.410649473,3841736.08126877,611.042335003011,L6_1,365.5,277.410713823568,38.3498582884384
264439.410649473,3841736.08126877,611.042335003011,L6_1,365.5,255.708451005632,37.542794160693
264439.410649473,3841736.08126877,611.042335003011,L6_1,365.5,233.018253536091,36.4796052312352
264439.410649473,3841736.08126877,611.042335003011,L6_1,365.5,209.193546193073,35.1861120738969
264439.410649473,3841736.08126877,611.042335003011,L6_1,365.5,184.177603482904,33.6917279741682
264439.410649473,3841736.08126877,611.042335003011,L6_1,365.5,157.910863637227,32.0314341001417
264439.410649473,3841736.08126877,611.042335003011,L6_1,365.5,130.330786799265,30.244275999072
264439.410649473,3841736.08126877,611.042335003011,L6_1,365.5,101.371706119406,28.3717238949769
264439.410649473,3841736.08126877,611.042335003011,L6_1,365.5,70.9646714055538,26.4559468089381
264439.410649473,3841736.08126877,611.042335003011,L6_1,365.5,39.0372849560089,24.538129094485
264439.410649473,3841736.08126877,611.042335003011,L6_1,365.5,,
264439.410649473,3841736.08126877,611.042335003011,L6_1,365.5,,
264439.410649473,3841736.08126877,611.042335003011,L6_1,365.5,,
264439.410649473,3841736.08126877,611.042335003011,L6_1,365.5,,
264439.410649473,3841736.08126877,611.042335003011,L6_1,365.5,,
264439.410649473,3841736.08126877,611.042335003011,L6_1,365.5,,
264439.410649473,3841736.08126877,611.042335003011,L6_1,365.5,,
264439.410649473,3841736.08126877,611.042335003011,L6_1,365.5,,
264439.410649473,3841736.08126877,611.042335003011,L6_1,365.5,,
264439.410649473,3841736.08126877,611.042335003011,L6_1,365.5,,
264439.410649473,3841736.08126877,611.042335003011,L6_1,365.5,,
264439.410649473,3841736.08126877,611.042335003011,L6_1,365.5,,
264439.410649473,3841736.08126877,611.042335003011,L6_1,365.5,,
264439.410649473,3841736.08126877,611.042335003011,L6_1,365.5,,
264439.410649473,3841736.08126877,611.042335003011,L6_1,365.5,,
264439.410649473,3841736.08126877,611.042335003011,L6_1,365.5,,
264439.410649473,3841736.08126877,611.042335003011,L6_1,365.5,,
264439.410649473,3841736.08126877,611.042335003011,L6_1,365.5,,
264439.410649473,3841736.08126877,611.042335003011,L6_1,365.5,,
264439.410649473,3841736.08126877,611.042335003011,L6_1,365.5,,
264439.410649473,3841736.08126877,611.042335003011,L6_1,365.5,,
264444.777705712,3841739.75802065,611.168483430202,L6_1,372.0,611.168483430202,5.10025773321327
264444.777705712,3841739.75802065,611.168483430202,L6_1,372.0,606.145064888143,4.92488513379758
264444.777705712,3841739.75802065,611.168483430202,L6_1,372.0,600.87047541898,4.16201427285985
264444.777705712,3841739.75802065,611.168483430202,L6_1,372.0,595.33215647636,3.05083646217969
264444.777705712,3841739.75802065,611.168483430202,L6_1,372.0,589.516921586608,2.27299920983852
264444.777705712,3841739.75802065,611.168483430202,L6_1,372.0,583.410924952369,2.06754466705729
264444.777705712,3841739.75802065,611.168483430202,L6_1,372.0,576.999628486418,2.41656521422346
264444.777705712,3841739.75802065,611.168483430202,L6_1,372.0,570.267767197169,3.281518196276
264444.777705712,3841739.75802065,611.168483430202,L6_1,372.0,563.199312843458,4.5917224047743
264444.777705712,3841739.75802065,611.168483430202,L6_1,372.0,555.777435772062,6.21729732849164
264444.777705712,3841739.75802065,611.168483430202,L6_1,372.0,547.984464847095,8.01644668921323
264444.777705712,3841739.75802065,611.168483430202,L6_1,372.0,539.801845375881,9.87914954246536
264444.777705712,3841739.75802065,611.168483430202,L6_1,372.0,531.210094931105,11.747709419746
264444.777705712,3841739.75802065,611.168483430202,L6_1,372.0,522.188756964091,13.634012473053
264444.777705712,3841739.75802065,611.168483430202,L6_1,372.0,512.716352098726,15.611489637992
264444.777705712,3841739.75802065,611.168483430202,L6_1,372.0,502.770326990093,17.7663718346215
264444.777705712,3841739.75802065,611.168483430202,L6_1,372.0,492.327000626028,20.1390571943778
264444.777705712,3841739.75802065,611.168483430202,L6_1,372.0,481.36150794376,22.6931689710893
264444.777705712,3841739.75802065,611.168483430202,L6_1,372.0,469.847740627378,25.3244024484313
264444.777705712,3841739.75802065,611.168483430202,L6_1,372.0,457.758284945178,27.8981748118464
264444.777705712,3841739.75802065,611.168483430202,L6_1,372.0,445.064356478867,30.292877506772
264444.777705712,3841739.75802065,611.168483430202,L6_1,372.0,431.735731589241,32.4268860526798
264444.777705712,3841739.75802065,611.168483430202,L6_1,372.0,417.740675455133,34.2619057674561
264444.777705712,3841739.75802065,611.168483430202,L6_1,372.0,403.045866514321,35.7901548802615
264444.777705712,3841739.75802065,611.168483430202,L6_1,372.0,387.616317126467,37.0178221051154
264444.777705712,3841739.75802065,611.168483430202,L6_1,372.0,371.415290269221,37.9530296598305
264444.777705712,3841739.75802065,611.168483430202,L6_1,372.0,354.404212069113,38.6002360669907
264444.777705712,3841739.75802065,611.168483430202,L6_1,372.0,336.542579958999,38.9596683220669
264444.777705712,3841739.75802065,611.168483430202,L6_1,372.0,317.787866243379,39.0294286336166
264444.777705712,3841739.75802065,611.168483430202,L6_1,372.0,298.095416841979,38.808557478559
264444.777705712,3841739.75802065,611.168483430202,L6_1,372.0,277.418344970508,38.2999594341584
264444.777705712,3841739.75802065,611.168483430202,L6_1,372.0,255.708451005632,37.5125652412493
264444.777705712,3841739.75802065,611.168483430202,L6_1,372.0,233.018253536091,36.4657351911914
264444.777705712,3841739.75802065,611.168483430202,L6_1,372.0,209.193546193073,35.1858539758212
264444.777705712,3841739.75802065,611.168483430202,L6_1,372.0,184.177603482904,33.7026288772902
264444.777705712,3841739.75802065,611.168483430202,L6_1,372.0,157.910863637227,32.0512666267789
264444.777705712,3841739.75802065,611.168483430202,L6_1,372.0,130.330786799265,30.2710067486074
264444.777705712,3841739.75802065,611.168483430202,L6_1,372.0,101.371706119406,28.4034807113839
264444.777705712,3841739.75802065,611.168483430202,L6_1,372.0,70.9646714055538,26.4909869669061
264444.777705712,3841739.75802065,611.168483430202,L6_1,372.0,39.0372849560089,24.5748572717071
264444.777705712,3841739.75802065,611.168483430202,L6_1,372.0,,
264444.777705712,3841739.75802065,611.168483430202,L6_1,372.0,,
264444.777705712,3841739.75802065,611.168483430202,L6_1,372.0,,
264444.777705712,3841739.75802065,611.168483430202,L6_1,372.0,,
264444.777705712,3841739.75802065,611.168483430202,L6_1,372.0,,
264444.777705712,3841739.75802065,611.168483430202,L6_1,372.0,,
264444.777705712,3841739.75802065,611.168483430202,L6_1,372.0,,
264444.777705712,3841739.75802065,611.168483430202,L6_1,372.0,,
264444.777705712,3841739.75802065,611.168483430202,L6_1,372.0,,
264444.777705712,3841739.75802065,611.168483430202,L6_1,372.0,,
264444.777705712,3841739.75802065,611.168483430202,L6_1,372.0,,
264444.777705712,3841739.75802065,611.168483430202,L6_1,372.0,,
264444.777705712,3841739.75802065,611.168483430202,L6_1,372.0,,
264444.777705712,3841739.75802065,611.168483430202,L6_1,372.0,,
264444.777705712,3841739.75802065,611.168483430202,L6_1,372.0,,
264444.777705712,3841739.75802065,611.168483430202,L6_1,372.0,,
264444.777705712,3841739.75802065,611.168483430202,L6_1,372.0,,
264444.777705712,3841739.75802065,611.168483430202,L6_1,372.0,,
264444.777705712,3841739.75802065,611.168483430202,L6_1,372.0,,
264444.777705712,3841739.75802065,611.168483430202,L6_1,372.0,,
264444.777705712,3841739.75802065,611.168483430202,L6_1,372.0,,
264449.732451777,3841743.15187003,611.294631857393,L6_1,378.0,611.294631857393,4.46306847435813
264449.732451777,3841743.15187003,611.294631857393,L6_1,378.0,606.269429460184,4.97390327431367
264449.732451777,3841743.15187003,611.294631857393,L6_1,378.0,600.992966943115,5.30473051839018
264449.732451777,3841743.15187003,611.294631857393,L6_1,378.0,595.452681300192,4.17801400464093
264449.732451777,3841743.15187003,611.294631857393,L6_1,378.0,589.635381375123,2.83427147872322
264449.732451777,3841743.15187003,611.294631857393,L6_1,378.0,583.5272164538,2.21863672922887
264449.732451777,3841743.15187003,611.294631857393,L6_1,378.0,577.113643286412,2.32226042495507
264449.732451777,3841743.15187003,611.294631857393,L6_1,378.0,570.379391460654,3.01906320792588
264449.732451777,3841743.15187003,611.294631857393,L6_1,378.0,563.308427043608,4.21218596067052
264449.732451777,3841743.15187003,611.294631857393,L6_1,378.0,555.883914405709,5.76225411024155
264449.732451777,3841743.15187003,611.294631857393,L6_1,378.0,548.088176135916,7.51481464811689
264449.732451777,3841743.15187003,611.294631857393,L6_1,378.0,539.902650952633,9.35572549160439
264449.732451777,3841743.15187003,611.294631857393,L6_1,378.0,531.307849510186,11.2285820457177
264449.732451777,3841743.15187003,611.294631857393,L6_1,378.0,522.283307995617,13.1384271724273
264449.732451777,3841743.15187003,611.294631857393,L6_1,378.0,512.807539405319,15.1438783616404
264449.732451777,3841743.15187003,611.294631857393,L6_1,378.0,502.857982385506,17.3189473175738
264449.732451777,3841743.15187003,611.294631857393,L6_1,378.0,492.410947514703,19.700440997636
264449.732451777,3841743.15187003,611.294631857393,L6_1,378.0,481.44156090036,22.2555111819501
264449.732451777,3841743.15187003,611.294631857393,L6_1,378.0,469.923704955299,24.8863801277772
264449.732451777,3841743.15187003,611.294631857393,L6_1,378.0,457.829956212985,27.4646834325968
264449.732451777,3841743.15187003,611.294631857393,L6_1,378.0,445.131520033556,29.8728609225393
264449.732451777,3841743.15187003,611.294631857393,L6_1,378.0,431.798162045155,32.0305858805534
264449.732451777,3841743.15187003,611.294631857393,L6_1,378.0,417.798136157334,33.8984715952943
264449.732451777,3841743.15187003,611.294631857393,L6_1,378.0,403.098108975122,35.4661352904861
264449.732451777,3841743.15187003,611.294631857393,L6_1,378.0,387.663080433799,36.7366571177223
264449.732451777,3841743.15187003,611.294631857393,L6_1,378.0,371.456300465411,37.7152849749448
264449.732451777,3841743.15187003,611.294631857393,L6_1,378.0,354.439181498603,38.4042332096054
264449.732451777,3841743.15187003,611.294631857393,L6_1,378.0,336.571206583454,38.802224177014
264449.732451777,3841743.15187003,611.294631857393,L6_1,378.0,317.809832922548,38.9065174331642
264449.732451777,3841743.15187003,611.294631857393,L6_1,378.0,298.110390578597,38.7158291231818
264449.732451777,3841743.15187003,611.294631857393,L6_1,378.0,277.425976117448,38.2330809376904
264449.732451777,3841743.15187003,611.294631857393,L6_1,378.0,255.708451005632,37.4674377375363
264449.732451777,3841743.15187003,611.294631857393,L6_1,378.0,233.018253536091,36.4388430110842
264449.732451777,3841743.15187003,611.294631857393,L6_1,378.0,209.193546193073,35.1742741366667
264449.732451777,3841743.15187003,611.294631857393,L6_1,378.0,184.177603482904,33.7037405478356
264449.732451777,3841743.15187003,611.294631857393,L6_1,378.0,157.910863637227,32.0626922103621
264449.732451777,3841743.15187003,611.294631857393,L6_1,378.0,130.330786799265,30.2905676522655
264449.732451777,3841743.15187003,611.294631857393,L6_1,378.0,101.371706119406,28.429160233302
264449.732451777,3841743.15187003,611.294631857393,L6_1,378.0,70.9646714055538,26.5209172168619
264449.732451777,3841743.15187003,611.294631857393,L6_1,378.0,39.0372849560089,24.607329001863
264449.732451777,3841743.15187003,611.294631857393,L6_1,378.0,,
264449.732451777,3841743.15187003,611.294631857393,L6_1,378.0,,
264449.732451777,3841743.15187003,611.294631857393,L6_1,378.0,,
264449.732451777,3841743.15187003,611.294631857393,L6_1,378.0,,
264449.732451777,3841743.15187003,611.294631857393,L6_1,378.0,,
264449.732451777,3841743.15187003,611.294631857393,L6_1,378.0,,
264449.732451777,3841743.15187003,611.294631857393,L6_1,378.0,,
264449.732451777,3841743.15187003,611.294631857393,L6_1,378.0,,
264449.732451777,3841743.15187003,611.294631857393,L6_1,378.0,,
264449.732451777,3841743.15187003,611.294631857393,L6_1,378.0,,
264449.732451777,3841743.15187003,611.294631857393,L6_1,378.0,,
264449.732451777,3841743.15187003,611.294631857393,L6_1,378.0,,
264449.732451777,3841743.15187003,611.294631857393,L6_1,378.0,,
264449.732451777,3841743.15187003,611.294631857393,L6_1,378.0,,
264449.732451777,3841743.15187003,611.294631857393,L6_1,378.0,,
264449.732451777,3841743.15187003,611.294631857393,L6_1,378.0,,
264449.732451777,3841743.15187003,611.294631857393,L6_1,378.0,,
264449.732451777,3841743.15187003,611.294631857393,L6_1,378.0,,
264449.732451777,3841743.15187003,611.294631857393,L6_1,378.0,,
264449.732451777,3841743.15187003,611.294631857393,L6_1,378.0,,
264449.732451777,3841743.15187003,611.294631857393,L6_1,378.0,,
264455.100678679,3841746.82845847,611.420780284585,L6_1,384.5,611.420780284585,5.639619695825
264455.100678679,3841746.82845847,611.420780284585,L6_1,384.5,606.393794032226,6.63720047802323
264455.100678679,3841746.82845847,611.420780284585,L6_1,384.5,601.11545846725,7.50471078324729
264455.100678679,3841746.82845847,611.420780284585,L6_1,384.5,595.573206124024,5.67347337828697
264455.100678679,3841746.82845847,611.420780284585,L6_1,384.5,589.753841163638,3.45542988279696
264455.100678679,3841746.82845847,611.420780284585,L6_1,384.5,583.643507955232,2.40776974181879
264455.100678679,3841746.82845847,611.420780284585,L6_1,384.5,577.227658086406,2.32465989637425
264455.100678679,3841746.82845847,611.420780284585,L6_1,384.5,570.491015724138,2.91828367288232
264455.100678679,3841746.82845847,611.420780284585,L6_1,384.5,563.417541243757,4.04111822498476
264455.100678679,3841746.82845847,611.420780284585,L6_1,384.5,555.990393039357,5.53792170800159
264455.100678679,3841746.82845847,611.420780284585,L6_1,384.5,548.191887424737,7.24367454801298
264455.100678679,3841746.82845847,611.420780284585,L6_1,384.5,540.003456529386,9.04208313971311
264455.100678679,3841746.82845847,611.420780284585,L6_1,384.5,531.405604089268,10.881014296224
264455.100678679,3841746.82845847,611.420780284585,L6_1,384.5,522.377859027143,12.766548119081
264455.100678679,3841746.82845847,611.420780284585,L6_1,384.5,512.898726711913,14.7525817626016
264455.100678679,3841746.82845847,611.420780284585,L6_1,384.5,502.94563778092,16.9078918578964
264455.100678679,3841746.82845847,611.420780284585,L6_1,384.5,492.494894403378,19.2680159758362
264455.100678679,3841746.82845847,611.420780284585,L6_1,384.5,481.52161385696,21.8030059893652
264455.100678679,3841746.82845847,611.420780284585,L6_1,384.5,469.99966928322,24.4199824660732
264455.100678679,3841746.82845847,611.420780284585,L6_1,384.5,457.901627480793,26.9951004995501
264455.100678679,3841746.82845847,611.420780284585,L6_1,384.5,445.198683588245,29.4133078947263
264455.100678679,3841746.82845847,611.420780284585,L6_1,384.5,431.860592501069,31.5942534708966
264455.100678679,3841746.82845847,611.420780284585,L6_1,384.5,417.855596859535,33.4963730943325
264455.100678679,3841746.82845847,611.420780284585,L6_1,384.5,403.150351435924,35.1058744128067
264455.100678679,3841746.82845847,611.420780284585,L6_1,384.5,387.709843741132,36.4221855999536
264455.100678679,3841746.82845847,611.420780284585,L6_1,384.5,371.497310661601,37.4473303792788
264455.100678679,3841746.82845847,611.420780284585,L6_1,384.5,354.474150928093,38.1810708329639
264455.100678679,3841746.82845847,611.420780284585,L6_1,384.5,336.59983320791,38.6205197547226
264455.100678679,3841746.82845847,611.420780284585,L6_1,384.5,317.831799601717,38.7620527628083
264455.100678679,3841746.82845847,611.420780284585,L6_1,384.5,298.125364315215,38.6040378285965
264455.100678679,3841746.82845847,611.420780284585,L6_1,384.5,277.433607264388,38.1493993120478
264455.100678679,3841746.82845847,611.420780284585,L6_1,384.5,255.708451005632,37.4075409673266
264455.100678679,3841746.82845847,611.420780284585,L6_1,384.5,233.018253536091,36.3990209417
264455.100678679,3841746.82845847,611.420780284585,L6_1,384.5,209.193546193073,35.1514372882444
264455.100678679,3841746.82845847,611.420780284585,L6_1,384.5,184.177603482904,33.6951084432473
264455.100678679,3841746.82845847,611.420780284585,L6_1,384.5,157.910863637227,32.0657422946991
264455.100678679,3841746.82845847,611.420780284585,L6_1,384.5,130.330786799265,30.3029806488708
264455.100678679,3841746.82845847,611.420780284585,L6_1,384.5,101.371706119406,28.4487794184572
264455.100678679,3841746.82845847,611.420780284585,L6_1,384.5,70.9646714055538,26.5457516539191
264455.100678679,3841746.82845847,611.420780284585,L6_1,384.5,39.0372849560089,24.6355552328091
264455.100678679,3841746.82845847,611.420780284585,L6_1,384.5,,
264455.100678679,3841746.82845847,611.420780284585,L6_1,384.5,,
264455.100678679,3841746.82845847,611.420780284585,L6_1,384.5,,
264455.100678679,3841746.82845847,611.420780284585,L6_1,384.5,,
264455.100678679,3841746.82845847,611.420780284585,L6_1,384.5,,
264455.100678679,3841746.82845847,611.420780284585,L6_1,384.5,,
264455.100678679,3841746.82845847,611.420780284585,L6_1,384.5,,
264455.100678679,3841746.82845847,611.420780284585,L6_1,384.5,,
264455.100678679,3841746.82845847,611.420780284585,L6_1,384.5,,
264455.100678679,3841746.82845847,611.420780284585,L6_1,384.5,,
264455.100678679,3841746.82845847,611.420780284585,L6_1,384.5,,
264455.100678679,3841746.82845847,611.420780284585,L6_1,384.5,,
264455.100678679,3841746.82845847,611.420780284585,L6_1,384.5,,
264455.100678679,3841746.82845847,611.420780284585,L6_1,384.5,,
264455.100678679,3841746.82845847,611.420780284585,L6_1,384.5,,
264455.100678679,3841746.82845847,611.420780284585,L6_1,384.5,,
264455.100678679,3841746.82845847,611.420780284585,L6_1,384.5,,
264455.100678679,3841746.82845847,611.420780284585,L6_1,384.5,,
264455.100678679,3841746.82845847,611.420780284585,L6_1,384.5,,
264455.100678679,3841746.82845847,611.420780284585,L6_1,384.5,,
264455.100678679,3841746.82845847,611.420780284585,L6_1,384.5,,
264460.05596505,3841750.22223241,611.587152019423,L6_1,390.5,611.587152019423,6.01322252276504
264460.05596505,3841750.22223241,611.587152019423,L6_1,390.5,606.557813117233,6.902012042406
264460.05596505,3841750.22223241,611.587152019423,L6_1,390.5,601.277007269934,7.50161361125498
264460.05596505,3841750.22223241,611.587152019423,L6_1,390.5,595.73216113027,5.61964086545859
264460.05596505,3841750.22223241,611.587152019423,L6_1,390.5,589.910072683622,3.4735710632561
264460.05596505,3841750.22223241,611.587152019423,L6_1,390.5,583.796879814643,2.45350238613331
264460.05596505,3841750.22223241,611.587152019423,L6_1,390.5,577.378027302214,2.37744364377122
264460.05596505,3841750.22223241,611.587152019423,L6_1,390.5,570.638232164163,2.97535689139185
264460.05596505,3841750.22223241,611.587152019423,L6_1,390.5,563.561447269211,4.09664759428211
264460.05596505,3841750.22223241,611.587152019423,L6_1,390.5,556.13082312951,5.57658525917936
264460.05596505,3841750.22223241,611.587152019423,L6_1,390.5,548.328667782825,7.24356316218471
264460.05596505,3841750.22223241,611.587152019423,L6_1,390.5,540.136404668805,8.98221783921404
264460.05596505,3841750.22223241,611.587152019423,L6_1,390.5,531.534528399084,10.7480751838819
264460.05596505,3841750.22223241,611.587152019423,L6_1,390.5,522.502558315878,12.5569786690479
264460.05596505,3841750.22223241,611.587152019423,L6_1,390.5,513.018989728511,14.4701047509394
264460.05596505,3841750.22223241,611.587152019423,L6_1,390.5,503.061242711775,16.5599333814863
264460.05596505,3841750.22223241,611.587152019423,L6_1,390.5,492.605608344203,18.864020491554
264460.05596505,3841750.22223241,611.587152019423,L6_1,390.5,481.627192258252,21.3546869140391
264460.05596505,3841750.22223241,611.587152019423,L6_1,390.5,470.099855368004,23.9418747446329
264460.05596505,3841750.22223241,611.587152019423,L6_1,390.5,457.996151633243,26.5040968936876
264460.05596505,3841750.22223241,611.587152019423,L6_1,390.5,445.287262711744,28.926998256759
264460.05596505,3841750.22223241,611.587152019423,L6_1,390.5,431.942929344171,31.1287808817839
264460.05596505,3841750.22223241,611.587152019423,L6_1,390.5,417.931379308218,33.0646455837519
264460.05596505,3841750.22223241,611.587152019423,L6_1,390.5,403.219251770468,34.7166545462395
264460.05596505,3841750.22223241,611.587152019423,L6_1,390.5,387.77151785583,36.0800974184102
264460.05596505,3841750.22223241,611.587152019423,L6_1,390.5,371.551397245461,37.1534799135724
264460.05596505,3841750.22223241,611.587152019423,L6_1,390.5,354.520270604573,37.9339390624777
264460.05596505,3841750.22223241,611.587152019423,L6_1,390.5,336.637587631641,38.4168579820258
264460.05596505,3841750.22223241,611.587152019423,L6_1,390.5,317.860770510062,38.5976537912536
264460.05596505,3841750.22223241,611.587152019423,L6_1,390.5,298.145112532404,38.4742887877835
264460.05596505,3841750.22223241,611.587152019423,L6_1,390.5,277.443671655863,38.0496510083894
264460.05596505,3841750.22223241,611.587152019423,L6_1,390.5,255.708451005632,37.3333457315894
264460.05596505,3841750.22223241,611.587152019423,L6_1,390.5,233.018253536091,36.3465556822191
264460.05596505,3841750.22223241,611.587152019423,L6_1,390.5,209.193546193073,35.1175139177134
264460.05596505,3841750.22223241,611.587152019423,L6_1,390.5,184.177603482904,33.6768308026698
264460.05596505,3841750.22223241,611.587152019423,L6_1,390.5,157.910863637227,32.0604652569592
264460.05596505,3841750.22223241,611.587152019423,L6_1,390.5,130.330786799265,30.3082631511174
264460.05596505,3841750.22223241,611.587152019423,L6_1,390.5,101.371706119406,28.4623469462299
264460.05596505,3841750.22223241,611.587152019423,L6_1,390.5,70.9646714055538,26.565495555229
264460.05596505,3841750.22223241,611.587152019423,L6_1,390.5,39.0372849560089,24.6595375508001
264460.05596505,3841750.22223241,611.587152019423,L6_1,390.5,,
264460.05596505,3841750.22223241,611.587152019423,L6_1,390.5,,
264460.05596505,3841750.22223241,611.587152019423,L6_1,390.5,,
264460.05596505,3841750.22223241,611.587152019423,L6_1,390.5,,
264460.05596505,3841750.22223241,611.587152019423,L6_1,390.5,,
264460.05596505,3841750.22223241,611.587152019423,L6_1,390.5,,
264460.05596505,3841750.22223241,611.587152019423,L6_1,390.5,,
264460.05596505,3841750.22223241,611.587152019423,L6_1,390.5,,
264460.05596505,3841750.22223241,611.587152019423,L6_1,390.5,,
264460.05596505,3841750.22223241,611.587152019423,L6_1,390.5,,
264460.05596505,3841750.22223241,611.587152019423,L6_1,390.5,,
264460.05596505,3841750.22223241,611.587152019423,L6_1,390.5,,
264460.05596505,3841750.22223241,611.587152019423,L6_1,390.5,,
264460.05596505,3841750.22223241,611.587152019423,L6_1,390.5,,
264460.05596505,3841750.22223241,611.587152019423,L6_1,390.5,,
264460.05596505,3841750.22223241,611.587152019423,L6_1,390.5,,
264460.05596505,3841750.22223241,611.587152019423,L6_1,390.5,,
264460.05596505,3841750.22223241,611.587152019423,L6_1,390.5,,
264460.05596505,3841750.22223241,611.587152019423,L6_1,390.5,,
264460.05596505,3841750.22223241,611.587152019423,L6_1,390.5,,
264460.05596505,3841750.22223241,611.587152019423,L6_1,390.5,,
264465.424191952,3841753.89882085,611.793749316744,L6_1,397.0,611.793749316744,5.37645107841947
264465.424191952,3841753.89882085,611.793749316744,L6_1,397.0,606.761488938156,5.73161794693437
264465.424191952,3841753.89882085,611.793749316744,L6_1,397.0,601.477615540638,5.62971769195546
264465.424191952,3841753.89882085,611.793749316744,L6_1,397.0,595.929548473245,4.28933009342608
264465.424191952,3841753.89882085,611.793749316744,L6_1,397.0,590.104078052482,2.97389099388801
264465.424191952,3841753.89882085,611.793749316744,L6_1,397.0,583.987334110681,2.3834593781254
264465.424191952,3841753.89882085,611.793749316744,L6_1,397.0,577.564752971789,2.50085838468689
264465.424191952,3841753.89882085,611.793749316744,L6_1,397.0,570.821042775954,3.21070532003783
264465.424191952,3841753.89882085,611.793749316744,L6_1,397.0,563.740147070326,4.39811610118488
264465.424191952,3841753.89882085,611.793749316744,L6_1,397.0,556.305206579417,5.89441960162493
264465.424191952,3841753.89882085,611.793749316744,L6_1,397.0,548.498519063963,7.52608724423252
264465.424191952,3841753.89882085,611.793749316744,L6_1,397.0,540.301497172736,9.18291205706596
264465.424191952,3841753.89882085,611.793749316744,L6_1,397.0,531.694624186947,10.8329066259723
264465.424191952,3841753.89882085,611.793749316744,L6_1,397.0,522.657407551869,12.5112129599887
264465.424191952,3841753.89882085,611.793749316744,L6_1,397.0,513.168330085038,14.2979381566528
264465.424191952,3841753.89882085,611.793749316744,L6_1,397.0,503.204798744864,16.2772973188644
264465.424191952,3841753.89882085,611.793749316744,L6_1,397.0,492.743090837682,18.4914265757838
264465.424191952,3841753.89882085,611.793749316744,L6_1,397.0,481.758297535141,20.9139487801464
264465.424191952,3841753.89882085,611.793749316744,L6_1,397.0,470.224264567473,23.455495659252
264465.424191952,3841753.89882085,611.793749316744,L6_1,397.0,458.113529951421,25.9948573042209
264465.424191952,3841753.89882085,611.793749316744,L6_1,397.0,445.397258604567,28.4166878858763
264465.424191952,3841753.89882085,611.793749316744,L6_1,397.0,432.04517369037,30.6364353223662
264465.424191952,3841753.89882085,611.793749316744,L6_1,397.0,418.025484530464,32.6050882850644
264465.424191952,3841753.89882085,611.793749316744,L6_1,397.0,403.304810912562,34.2998677672585
264465.424191952,3841753.89882085,611.793749316744,L6_1,397.0,387.848103613764,35.7114500451813
264465.424191952,3841753.89882085,611.793749316744,L6_1,397.0,371.618560950027,36.8345289259913
264465.424191952,3841753.89882085,611.793749316744,L6_1,397.0,354.577541153104,37.6634320217181
264465.424191952,3841753.89882085,611.793749316744,L6_1,397.0,336.684470366333,38.1916790904415
264465.424191952,3841753.89882085,611.793749316744,L6_1,397.0,317.896746040225,38.4136437018111
264465.424191952,3841753.89882085,611.793749316744,L6_1,397.0,298.169635497811,38.3268171702505
264465.424191952,3841753.89882085,611.793749316744,L6_1,397.0,277.456169428276,37.9340060420968
264465.424191952,3841753.89882085,611.793749316744,L6_1,397.0,255.708451005632,37.2449750377173
264465.424191952,3841753.89882085,611.793749316744,L6_1,397.0,233.018253536091,36.2815369542436
264465.424191952,3841753.89882085,611.793749316744,L6_1,397.0,209.193546193073,35.0725688125239
264465.424191952,3841753.89882085,611.793749316744,L6_1,397.0,184.177603482904,33.6489550573898
264465.424191952,3841753.89882085,611.793749316744,L6_1,397.0,157.910863637227,32.0468972452435
264465.424191952,3841753.89882085,611.793749316744,L6_1,397.0,130.330786799265,30.3064429399348
264465.424191952,3841753.89882085,611.793749316744,L6_1,397.0,101.371706119406,28.4698843272356
264465.424191952,3841753.89882085,611.793749316744,L6_1,397.0,70.9646714055538,26.5801644422345
264465.424191952,3841753.89882085,611.793749316744,L6_1,397.0,39.0372849560089,24.6792867924337
264465.424191952,3841753.89882085,611.793749316744,L6_1,397.0,,
264465.424191952,3841753.89882085,611.793749316744,L6_1,397.0,,
264465.424191952,3841753.89882085,611.793749316744,L6_1,397.0,,
264465.424191952,3841753.89882085,611.793749316744,L6_1,397.0,,
264465.424191952,3841753.89882085,611.793749316744,L6_1,397.0,,
264465.424191952,3841753.89882085,611.793749316744,L6_1,397.0,,
264465.424191952,3841753.89882085,611.793749316744,L6_1,397.0,,
264465.424191952,3841753.89882085,611.793749316744,L6_1,397.0,,
264465.424191952,3841753.89882085,611.793749316744,L6_1,397.0,,
264465.424191952,3841753.89882085,611.793749316744,L6_1,397.0,,
264465.424191952,3841753.89882085,611.793749316744,L6_1,397.0,,
264465.424191952,3841753.89882085,611.793749316744,L6_1,397.0,,
264465.424191952,3841753.89882085,611.793749316744,L6_1,397.0,,
264465.424191952,3841753.89882085,611.793749316744,L6_1,397.0,,
264465.424191952,3841753.89882085,611.793749316744,L6_1,397.0,,
264465.424191952,3841753.89882085,611.793749316744,L6_1,397.0,,
264465.424191952,3841753.89882085,611.793749316744,L6_1,397.0,,
264465.424191952,3841753.89882085,611.793749316744,L6_1,397.0,,
264465.424191952,3841753.89882085,611.793749316744,L6_1,397.0,,
264465.424191952,3841753.89882085,611.793749316744,L6_1,397.0,,
264465.424191952,3841753.89882085,611.793749316744,L6_1,397.0,,
264470.379470571,3841757.29259996,612.000346614064,L6_1,403.0,612.000346614064,7.39084164595159
264470.379470571,3841757.29259996,612.000346614064,L6_1,403.0,606.965164759078,6.74675271005216
264470.379470571,3841757.29259996,612.000346614064,L6_1,403.0,601.678223811342,5.08465895460625
264470.379470571,3841757.29259996,612.000346614064,L6_1,403.0,596.12693581622,3.46708123433663
264470.379470571,3841757.29259996,612.000346614064,L6_1,403.0,590.298083421341,2.56477851866702
264470.379470571,3841757.29259996,612.000346614064,L6_1,403.0,584.177788406719,2.35202516095452
264470.379470571,3841757.29259996,612.000346614064,L6_1,403.0,577.751478641365,2.72933742687088
264470.379470571,3841757.29259996,612.000346614064,L6_1,403.0,571.003853387744,3.6269738466039
264470.379470571,3841757.29259996,612.000346614064,L6_1,403.0,563.918846871442,4.93243138393376
264470.379470571,3841757.29259996,612.000346614064,L6_1,403.0,556.479590029324,6.46650008476167
264470.379470571,3841757.29259996,612.000346614064,L6_1,403.0,548.668370345101,8.05742434611139
264470.379470571,3841757.29259996,612.000346614064,L6_1,403.0,540.466589676667,9.60513578158486
264470.379470571,3841757.29259996,612.000346614064,L6_1,403.0,531.85471997481,11.0970563090582
264470.379470571,3841757.29259996,612.000346614064,L6_1,403.0,522.812256787861,12.5976044969422
264470.379470571,3841757.29259996,612.000346614064,L6_1,403.0,513.317670441565,14.2149017989984
264470.379470571,3841757.29259996,612.000346614064,L6_1,403.0,503.348354777954,16.0494736675443
264470.379470571,3841757.29259996,612.000346614064,L6_1,403.0,492.880573331162,18.148431661902
264470.379470571,3841757.29259996,612.000346614064,L6_1,403.0,481.88940281203,20.4851011618631
264470.379470571,3841757.29259996,612.000346614064,L6_1,403.0,470.348673766942,22.968870280012
264470.379470571,3841757.29259996,612.000346614064,L6_1,403.0,458.2309082696,25.4772141849497
264470.379470571,3841757.29259996,612.000346614064,L6_1,403.0,445.50725449739,27.8926232193248
264470.379470571,3841757.29259996,612.000346614064,L6_1,403.0,432.14741803657,30.1269433652257
264470.379470571,3841757.29259996,612.000346614064,L6_1,403.0,418.119589752709,32.1263622332545
264470.379470571,3841757.29259996,612.000346614064,L6_1,403.0,403.390370054655,33.8628714015012
264470.379470571,3841757.29259996,612.000346614064,L6_1,403.0,387.924689371698,35.3222722475653
264470.379470571,3841757.29259996,612.000346614064,L6_1,403.0,371.685724654594,36.4952652504543
264470.379470571,3841757.29259996,612.000346614064,L6_1,403.0,354.634811701634,37.3732385586521
264470.379470571,3841757.29259996,612.000346614064,L6_1,403.0,336.731353101026,37.9477535269369
264470.379470571,3841757.29259996,612.000346614064,L6_1,403.0,317.932721570388,38.2120511780097
264470.379470571,3841757.29259996,612.000346614064,L6_1,403.0,298.194158463218,38.1630786256312
264470.379470571,3841757.29259996,612.000346614064,L6_1,403.0,277.468667200689,37.803489614771
264470.379470571,3841757.29259996,612.000346614064,L6_1,403.0,255.708451005632,37.1431525898778
264470.379470571,3841757.29259996,612.000346614064,L6_1,403.0,233.018253536091,36.2044763005164
264470.379470571,3841757.29259996,612.000346614064,L6_1,403.0,209.193546193073,35.0169588752902
264470.379470571,3841757.29259996,612.000346614064,L6_1,403.0,184.177603482904,33.6117327348858
264470.379470571,3841757.29259996,612.000346614064,L6_1,403.0,157.910863637227,32.0252174967515
264470.379470571,3841757.29259996,612.000346614064,L6_1,403.0,130.330786799265,30.2976481778267
264470.379470571,3841757.29259996,612.000346614064,L6_1,403.0,101.371706119406,28.4714826637459
264470.379470571,3841757.29259996,612.000346614064,L6_1,403.0,70.9646714055538,26.5898226100502
264470.379470571,3841757.29259996,612.000346614064,L6_1,403.0,39.0372849560089,24.6948460463561
264470.379470571,3841757.29259996,612.000346614064,L6_1,403.0,,
264470.379470571,3841757.29259996,612.000346614064,L6_1,403.0,,
264470.379470571,3841757.29259996,612.000346614064,L6_1,403.0,,
264470.379470571,3841757.29259996,612.000346614064,L6_1,403.0,,
264470.379470571,3841757.29259996,612.000346614064,L6_1,403.0,,
264470.379470571,3841757.29259996,612.000346614064,L6_1,403.0,,
264470.379470571,3841757.29259996,612.000346614064,L6_1,403.0,,
264470.379470571,3841757.29259996,612.000346614064,L6_1,403.0,,
264470.379470571,3841757.29259996,612.000346614064,L6_1,403.0,,
264470.379470571,3841757.29259996,612.000346614064,L6_1,403.0,,
264470.379470571,3841757.29259996,612.000346614064,L6_1,403.0,,
264470.379470571,3841757.29259996,612.000346614064,L6_1,403.0,,
264470.379470571,3841757.29259996,612.000346614064,L6_1,403.0,,
264470.379470571,3841757.29259996,612.000346614064,L6_1,403.0,,
264470.379470571,3841757.29259996,612.000346614064,L6_1,403.0,,
264470.379470571,3841757.29259996,612.000346614064,L6_1,403.0,,
264470.379470571,3841757.29259996,612.000346614064,L6_1,403.0,,
264470.379470571,3841757.29259996,612.000346614064,L6_1,403.0,,
264470.379470571,3841757.29259996,612.000346614064,L6_1,403.0,,
264470.379470571,3841757.29259996,612.000346614064,L6_1,403.0,,
264470.379470571,3841757.29259996,612.000346614064,L6_1,403.0,,
264475.747680679,3841760.96919961,612.206943911385,L6_1,409.5,612.206943911385,14.5099824932307
264475.747680679,3841760.96919961,612.206943911385,L6_1,409.5,607.16884058,10.9015059014352
264475.747680679,3841760.96919961,612.206943911385,L6_1,409.5,601.878832082046,5.79210078217891
264475.747680679,3841760.96919961,612.206943911385,L6_1,409.5,596.324323159195,3.20907579596044
264475.747680679,3841760.96919961,612.206943911385,L6_1,409.5,590.492088790201,2.33737029212003
264475.747680679,3841760.96919961,612.206943911385,L6_1,409.5,584.368242702757,2.36695060298075
264475.747680679,3841760.96919961,612.206943911385,L6_1,409.5,577.938204310941,3.02141426232035
264475.747680679,3841760.96919961,612.206943911385,L6_1,409.5,571.186663999534,4.17003016672924
264475.747680679,3841760.96919961,612.206943911385,L6_1,409.5,564.097546672557,5.64441785099776
264475.747680679,3841760.96919961,612.206943911385,L6_1,409.5,556.653973479231,7.23780815859995
264475.747680679,3841760.96919961,612.206943911385,L6_1,409.5,548.838221626239,8.78128817354563
264475.747680679,3841760.96919961,612.206943911385,L6_1,409.5,540.631682180597,10.1920547381742
264475.747680679,3841760.96919961,612.206943911385,L6_1,409.5,532.014815762673,11.4879730415825
264475.747680679,3841760.96919961,612.206943911385,L6_1,409.5,522.967106023853,12.7736838926957
264475.747680679,3841760.96919961,612.206943911385,L6_1,409.5,513.467010798092,14.1913622808198
264475.747680679,3841760.96919961,612.206943911385,L6_1,409.5,503.491910811043,15.8586747393428
264475.747680679,3841760.96919961,612.206943911385,L6_1,409.5,493.018055824641,17.8261291995993
264475.747680679,3841760.96919961,612.206943911385,L6_1,409.5,482.020508088919,20.0649642137475
264475.747680679,3841760.96919961,612.206943911385,L6_1,409.5,470.473082966411,22.4820480788952
264475.747680679,3841760.96919961,612.206943911385,L6_1,409.5,458.348286587778,24.9527546414556
264475.747680679,3841760.96919961,612.206943911385,L6_1,409.5,445.617250390213,27.3569049345247
264475.747680679,3841760.96919961,612.206943911385,L6_1,409.5,432.24966238277,29.6023697387603
264475.747680679,3841760.96919961,612.206943911385,L6_1,409.5,418.213694974955,31.6302532901275
264475.747680679,3841760.96919961,612.206943911385,L6_1,409.5,403.475929196749,33.4071047511068
264475.747680679,3841760.96919961,612.206943911385,L6_1,409.5,388.001275129632,34.9136752411516
264475.747680679,3841760.96919961,612.206943911385,L6_1,409.5,371.75288835916,36.1365216102912
264475.747680679,3841760.96919961,612.206943911385,L6_1,409.5,354.692082250164,37.0639696582827
264475.747680679,3841760.96919961,612.206943911385,L6_1,409.5,336.778235835719,37.6855230661075
264475.747680679,3841760.96919961,612.206943911385,L6_1,409.5,317.968697100551,37.9931913481482
264475.747680679,3841760.96919961,612.206943911385,L6_1,409.5,298.218681428625,37.9832945734816
264475.747680679,3841760.96919961,612.206943911385,L6_1,409.5,277.481164973102,37.6582557323542
264475.747680679,3841760.96919961,612.206943911385,L6_1,409.5,255.708451005632,37.0279863190773
264475.747680679,3841760.96919961,612.206943911385,L6_1,409.5,233.018253536091,36.115451079943
264475.747680679,3841760.96919961,612.206943911385,L6_1,409.5,209.193546193073,34.950741329693
264475.747680679,3841760.96919961,612.206943911385,L6_1,409.5,184.177603482904,33.5652067595844
264475.747680679,3841760.96919961,612.206943911385,L6_1,409.5,157.910863637227,31.9954592755758
264475.747680679,3841760.96919961,612.206943911385,L6_1,409.5,130.330786799265,30.2819052479266
264475.747680679,3841760.96919961,612.206943911385,L6_1,409.5,101.371706119406,28.4671639370444
264475.747680679,3841760.96919961,612.206943911385,L6_1,409.5,70.9646714055538,26.5944907019314
264475.747680679,3841760.96919961,612.206943911385,L6_1,409.5,39.0372849560089,24.706232690709
264475.747680679,3841760.96919961,612.206943911385,L6_1,409.5,,
264475.747680679,3841760.96919961,612.206943911385,L6_1,409.5,,
264475.747680679,3841760.96919961,612.206943911385,L6_1,409.5,,
264475.747680679,3841760.96919961,612.206943911385,L6_1,409.5,,
264475.747680679,3841760.96919961,612.206943911385,L6_1,409.5,,
264475.747680679,3841760.96919961,612.206943911385,L6_1,409.5,,
264475.747680679,3841760.96919961,612.206943911385,L6_1,409.5,,
264475.747680679,3841760.96919961,612.206943911385,L6_1,409.5,,
264475.747680679,3841760.96919961,612.206943911385,L6_1,409.5,,
264475.747680679,3841760.96919961,612.206943911385,L6_1,409.5,,
264475.747680679,3841760.96919961,612.206943911385,L6_1,409.5,,
264475.747680679,3841760.96919961,612.206943911385,L6_1,409.5,,
264475.747680679,3841760.96919961,612.206943911385,L6_1,409.5,,
264475.747680679,3841760.96919961,612.206943911385,L6_1,409.5,,
264475.747680679,3841760.96919961,612.206943911385,L6_1,409.5,,
264475.747680679,3841760.96919961,612.206943911385,L6_1,409.5,,
264475.747680679,3841760.96919961,612.206943911385,L6_1,409.5,,
264475.747680679,3841760.96919961,612.206943911385,L6_1,409.5,,
264475.747680679,3841760.96919961,612.206943911385,L6_1,409.5,,
264475.747680679,3841760.96919961,612.206943911385,L6_1,409.5,,
264475.747680679,3841760.96919961,612.206943911385,L6_1,409.5,,
264480.702951547,3841764.3629839,612.428178169788,L6_1,415.5,612.428178169788,19.7424290464751
264480.702951547,3841764.3629839,612.428178169788,L6_1,415.5,607.386946381871,14.6607363916669
264480.702951547,3841764.3629839,612.428178169788,L6_1,415.5,602.093653004558,7.07770200950085
264480.702951547,3841764.3629839,612.428178169788,L6_1,415.5,596.535694958379,3.37839314170566
264480.702951547,3841764.3629839,612.428178169788,L6_1,415.5,590.699839009892,2.31664466578329
264480.702951547,3841764.3629839,612.428178169788,L6_1,415.5,584.57219026398,2.45144356858432
264480.702951547,3841764.3629839,612.428178169788,L6_1,415.5,578.138159080772,3.33970478969028
264480.702951547,3841764.3629839,612.428178169788,L6_1,415.5,571.382426338404,4.75155782364835
264480.702951547,3841764.3629839,612.428178169788,L6_1,415.5,564.288906958918,6.41788787585975
264480.702951547,3841764.3629839,612.428178169788,L6_1,415.5,556.840711610457,8.08112391985941
264480.702951547,3841764.3629839,612.428178169788,L6_1,415.5,549.020106494574,9.5703417031153
264480.702951547,3841764.3629839,612.428178169788,L6_1,415.5,540.808471122896,10.8260802963804
264480.702951547,3841764.3629839,612.428178169788,L6_1,415.5,532.186253982634,11.9070571382281
264480.702951547,3841764.3629839,612.428178169788,L6_1,415.5,523.132925985359,12.9651200509012
264480.702951547,3841764.3629839,612.428178169788,L6_1,415.5,513.626931588221,14.1770190384742
264480.702951547,3841764.3629839,612.428178169788,L6_1,415.5,503.645637471225,15.6746551378573
264480.702951547,3841764.3629839,612.428178169788,L6_1,415.5,493.16527864838,17.5092188193571
264480.702951547,3841764.3629839,612.428178169788,L6_1,415.5,482.160901884392,19.6485218925291
264480.702951547,3841764.3629839,612.428178169788,L6_1,415.5,470.606306282205,21.9966033409002
264480.702951547,3841764.3629839,612.428178169788,L6_1,415.5,458.473980899909,24.4268873015319
264480.702951547,3841764.3629839,612.428178169788,L6_1,415.5,445.735039248498,26.816803745047
264480.702951547,3841764.3629839,612.428178169788,L6_1,415.5,432.359150514516,29.070520725568
264480.702951547,3841764.3629839,612.428178169788,L6_1,415.5,418.314467343836,31.124272485806
264480.702951547,3841764.3629839,612.428178169788,L6_1,415.5,403.567550014621,32.9393099917939
264480.702951547,3841764.3629839,612.428178169788,L6_1,415.5,388.083286818945,34.4914260307722
264480.702951547,3841764.3629839,612.428178169788,L6_1,415.5,371.824810463486,35.7630582883836
264480.702951547,3841764.3629839,612.428178169788,L6_1,415.5,354.753410290254,36.7394439442648
264480.702951547,3841764.3629839,612.428178169788,L6_1,415.5,336.82844010836,37.4079807308532
264480.702951547,3841764.3629839,612.428178169788,L6_1,415.5,318.007221417372,37.7593611890475
264480.702951547,3841764.3629839,612.428178169788,L6_1,415.5,298.244941791834,37.7891930141353
264480.702951547,3841764.3629839,612.428178169788,L6_1,415.5,277.494548185019,37.4995969925588
264480.702951547,3841764.3629839,612.428178169788,L6_1,415.5,255.708451005632,36.9004362524195
264480.702951547,3841764.3629839,612.428178169788,L6_1,415.5,233.018253536091,36.0151706978111
264480.702951547,3841764.3629839,612.428178169788,L6_1,415.5,209.193546193073,34.8744386286142
264480.702951547,3841764.3629839,612.428178169788,L6_1,415.5,184.177603482904,33.5097588531002
264480.702951547,3841764.3629839,612.428178169788,L6_1,415.5,157.910863637227,31.9579035283754
264480.702951547,3841764.3629839,612.428178169788,L6_1,415.5,130.330786799265,30.2594255494797
264480.702951547,3841764.3629839,612.428178169788,L6_1,415.5,101.371706119406,28.4570836620301
264480.702951547,3841764.3629839,612.428178169788,L6_1,415.5,70.9646714055538,26.5942777246052
264480.702951547,3841764.3629839,612.428178169788,L6_1,415.5,39.0372849560089,24.7135258578105
264480.702951547,3841764.3629839,612.428178169788,L6_1,415.5,,
264480.702951547,3841764.3629839,612.428178169788,L6_1,415.5,,
264480.702951547,3841764.3629839,612.428178169788,L6_1,415.5,,
264480.702951547,3841764.3629839,612.428178169788,L6_1,415.5,,
264480.702951547,3841764.3629839,612.428178169788,L6_1,415.5,,
264480.702951547,3841764.3629839,612.428178169788,L6_1,415.5,,
264480.702951547,3841764.3629839,612.428178169788,L6_1,415.5,,
264480.702951547,3841764.3629839,612.428178169788,L6_1,415.5,,
264480.702951547,3841764.3629839,612.428178169788,L6_1,415.5,,
264480.702951547,3841764.3629839,612.428178169788,L6_1,415.5,,
264480.702951547,3841764.3629839,612.428178169788,L6_1,415.5,,
264480.702951547,3841764.3629839,612.428178169788,L6_1,415.5,,
264480.702951547,3841764.3629839,612.428178169788,L6_1,415.5,,
264480.702951547,3841764.3629839,612.428178169788,L6_1,415.5,,
264480.702951547,3841764.3629839,612.428178169788,L6_1,415.5,,
264480.702951547,3841764.3629839,612.428178169788,L6_1,415.5,,
264480.702951547,3841764.3629839,612.428178169788,L6_1,415.5,,
264480.702951547,3841764.3629839,612.428178169788,L6_1,415.5,,
264480.702951547,3841764.3629839,612.428178169788,L6_1,415.5,,
264480.702951547,3841764.3629839,612.428178169788,L6_1,415.5,,
264480.702951547,3841764.3629839,612.428178169788,L6_1,415.5,,
264486.071161654,3841768.03958355,612.664101837485,L6_1,422.0,612.664101837485,18.4130954741366
264486.071161654,3841768.03958355,612.664101837485,L6_1,422.0,607.619533871235,15.2595644121912
264486.071161654,3841768.03958355,612.664101837485,L6_1,422.0,602.322737506673,8.14151164724492
264486.071161654,3841768.03958355,612.664101837485,L6_1,422.0,596.761101323882,3.66813903758486
264486.071161654,3841768.03958355,612.664101837485,L6_1,422.0,590.921383331952,2.36725207151688
264486.071161654,3841768.03958355,612.664101837485,L6_1,422.0,584.789679440425,2.52521838559853
264486.071161654,3841768.03958355,612.664101837485,L6_1,422.0,578.351390354322,3.5830040171392
264486.071161654,3841768.03958355,612.664101837485,L6_1,422.0,571.591186813914,5.2390097483526
264486.071161654,3841768.03958355,612.664101837485,L6_1,422.0,564.492973096485,7.11152498946067
264486.071161654,3841768.03958355,612.664101837485,L6_1,422.0,557.039848693185,8.86332687009649
264486.071161654,3841768.03958355,612.664101837485,L6_1,422.0,549.21406806972,10.3073844195877
264486.071161654,3841768.03958355,612.664101837485,L6_1,422.0,540.996998415081,11.4110602136489
264486.071161654,3841768.03958355,612.664101837485,L6_1,422.0,532.369075277711,12.2821597638246
264486.071161654,3841768.03958355,612.664101837485,L6_1,422.0,523.309755983472,13.1226575996408
264486.071161654,3841768.03958355,612.664101837485,L6_1,422.0,513.797470724521,14.1410972163177
264486.071161654,3841768.03958355,612.664101837485,L6_1,422.0,503.809571202623,15.4798107255349
264486.071161654,3841768.03958355,612.664101837485,L6_1,422.0,493.32227670463,17.1887207667351
264486.071161654,3841768.03958355,612.664101837485,L6_1,422.0,482.310617481737,19.2320904989626
264486.071161654,3841768.03958355,612.664101837485,L6_1,422.0,470.748375297699,21.5118872479031
264486.071161654,3841768.03958355,612.664101837485,L6_1,422.0,458.60802100446,23.9005238984202
264486.071161654,3841768.03958355,612.664101837485,L6_1,422.0,445.860648996559,26.2738745300868
264486.071161654,3841768.03958355,612.664101837485,L6_1,422.0,432.475908388262,28.5330649348216
264486.071161654,3841768.03958355,612.664101837485,L6_1,422.0,418.421930749551,30.6099344958152
264486.071161654,3841768.03958355,612.664101837485,L6_1,422.0,403.665254228904,32.4607435490677
264486.071161654,3841768.03958355,612.664101837485,L6_1,422.0,388.170743882225,34.0565080307986
264486.071161654,3841768.03958355,612.664101837485,L6_1,422.0,371.901508018212,35.3756147538121
264486.071161654,3841768.03958355,612.664101837485,L6_1,422.0,354.818810360998,36.4002014002466
264486.071161654,3841768.03958355,612.664101837485,L6_1,422.0,336.881977820924,37.1155116935332
264486.071161654,3841768.03958355,612.664101837485,L6_1,422.0,318.048303653845,37.5108296600549
264486.071161654,3841768.03958355,612.664101837485,L6_1,422.0,298.272945778413,37.580959585182
264486.071161654,3841768.03958355,612.664101837485,L6_1,422.0,277.50882000921,37.3276417052584
264486.071161654,3841768.03958355,612.664101837485,L6_1,422.0,255.708451005632,36.7605923246122
264486.071161654,3841768.03958355,612.664101837485,L6_1,422.0,233.018253536091,35.9036995253065
264486.071161654,3841768.03958355,612.664101837485,L6_1,422.0,209.193546193073,34.7880989304177
264486.071161654,3841768.03958355,612.664101837485,L6_1,422.0,184.177603482904,33.4454279156061
264486.071161654,3841768.03958355,612.664101837485,L6_1,422.0,157.910863637227,31.912583694925
264486.071161654,3841768.03958355,612.664101837485,L6_1,422.0,130.330786799265,30.2302380581041
264486.071161654,3841768.03958355,612.664101837485,L6_1,422.0,101.371706119406,28.4412661979608
264486.071161654,3841768.03958355,612.664101837485,L6_1,422.0,70.9646714055538,26.5892039841073
264486.071161654,3841768.03958355,612.664101837485,L6_1,422.0,39.0372849560089,24.7167439074297
264486.071161654,3841768.03958355,612.664101837485,L6_1,422.0,,
264486.071161654,3841768.03958355,612.664101837485,L6_1,422.0,,
264486.071161654,3841768.03958355,612.664101837485,L6_1,422.0,,
264486.071161654,3841768.03958355,612.664101837485,L6_1,422.0,,
264486.071161654,3841768.03958355,612.664101837485,L6_1,422.0,,
264486.071161654,3841768.03958355,612.664101837485,L6_1,422.0,,
264486.071161654,3841768.03958355,612.664101837485,L6_1,422.0,,
264486.071161654,3841768.03958355,612.664101837485,L6_1,422.0,,
264486.071161654,3841768.03958355,612.664101837485,L6_1,422.0,,
264486.071161654,3841768.03958355,612.664101837485,L6_1,422.0,,
264486.071161654,3841768.03958355,612.664101837485,L6_1,422.0,,
264486.071161654,3841768.03958355,612.664101837485,L6_1,422.0,,
264486.071161654,3841768.03958355,612.664101837485,L6_1,422.0,,
264486.071161654,3841768.03958355,612.664101837485,L6_1,422.0,,
264486.071161654,3841768.03958355,612.664101837485,L6_1,422.0,,
264486.071161654,3841768.03958355,612.664101837485,L6_1,422.0,,
264486.071161654,3841768.03958355,612.664101837485,L6_1,422.0,,
264486.071161654,3841768.03958355,612.664101837485,L6_1,422.0,,
264486.071161654,3841768.03958355,612.664101837485,L6_1,422.0,,
264486.071161654,3841768.03958355,612.664101837485,L6_1,422.0,,
264486.071161654,3841768.03958355,612.664101837485,L6_1,422.0,,
264491.025875013,3841771.43338706,612.900025505183,L6_1,428.0,612.900025505183,18.9878289284838
264491.025875013,3841771.43338706,612.900025505183,L6_1,428.0,607.8521213606,15.9284867142701
264491.025875013,3841771.43338706,612.900025505183,L6_1,428.0,602.551822008787,8.58907549717321
264491.025875013,3841771.43338706,612.900025505183,L6_1,428.0,596.986507689385,3.7914232724663
264491.025875013,3841771.43338706,612.900025505183,L6_1,428.0,591.142927654012,2.38030141713568
264491.025875013,3841771.43338706,612.900025505183,L6_1,428.0,585.00716861687,2.54499657627148
264491.025875013,3841771.43338706,612.900025505183,L6_1,428.0,578.564621627871,3.7046136172623
264491.025875013,3841771.43338706,612.900025505183,L6_1,428.0,571.799947289423,5.54206175437976
264491.025875013,3841771.43338706,612.900025505183,L6_1,428.0,564.697039234052,7.59245632862233
264491.025875013,3841771.43338706,612.900025505183,L6_1,428.0,557.238985775912,9.43275100823113
264491.025875013,3841771.43338706,612.900025505183,L6_1,428.0,549.408029644866,10.8475395180067
264491.025875013,3841771.43338706,612.900025505183,L6_1,428.0,541.185525707267,11.8265971197521
264491.025875013,3841771.43338706,612.900025505183,L6_1,428.0,532.551896572788,12.5238994967363
264491.025875013,3841771.43338706,612.900025505183,L6_1,428.0,523.486585981585,13.1853494266221
264491.025875013,3841771.43338706,612.900025505183,L6_1,428.0,513.968009860822,14.04459128955
264491.025875013,3841771.43338706,612.900025505183,L6_1,428.0,503.973504934021,15.2507603443208
264491.025875013,3841771.43338706,612.900025505183,L6_1,428.0,493.47927476088,16.8521377588321
264491.025875013,3841771.43338706,612.900025505183,L6_1,428.0,482.460333079082,18.8107274168826
264491.025875013,3841771.43338706,612.900025505183,L6_1,428.0,470.890444313193,21.0280914985599
264491.025875013,3841771.43338706,612.900025505183,L6_1,428.0,458.742061109011,23.3771443171481
264491.025875013,3841771.43338706,612.900025505183,L6_1,428.0,445.986258744619,25.7334648184341
264491.025875013,3841771.43338706,612.900025505183,L6_1,428.0,432.592666262008,27.9961612287609
264491.025875013,3841771.43338706,612.900025505183,L6_1,428.0,418.529394155266,30.0934786381763
264491.025875013,3841771.43338706,612.900025505183,L6_1,428.0,403.762958443187,31.9772693507516
264491.025875013,3841771.43338706,612.900025505183,L6_1,428.0,388.258200945505,33.6141474137883
264491.025875013,3841771.43338706,612.900025505183,L6_1,428.0,371.978205572938,34.9786684866368
264491.025875013,3841771.43338706,612.900025505183,L6_1,428.0,354.884210431742,36.0499649918691
264491.025875013,3841771.43338706,612.900025505183,L6_1,428.0,336.935515533487,36.8111252388221
264491.025875013,3841771.43338706,612.900025505183,L6_1,428.0,318.089385890319,37.2499871066521
264491.025875013,3841771.43338706,612.900025505183,L6_1,428.0,298.300949764993,37.3604725291529
264491.025875013,3841771.43338706,612.900025505183,L6_1,428.0,277.523091833401,37.1438382501177
264491.025875013,3841771.43338706,612.900025505183,L6_1,428.0,255.708451005632,36.6095715399583
264491.025875013,3841771.43338706,612.900025505183,L6_1,428.0,233.018253536091,35.7819031826345
264491.025875013,3841771.43338706,612.900025505183,L6_1,428.0,209.193546193073,34.6923875987201
264491.025875013,3841771.43338706,612.900025505183,L6_1,428.0,184.177603482904,33.3727240615642
264491.025875013,3841771.43338706,612.900025505183,L6_1,428.0,157.910863637227,31.8598860048171
264491.025875013,3841771.43338706,612.900025505183,L6_1,428.0,130.330786799265,30.194627656646
264491.025875013,3841771.43338706,612.900025505183,L6_1,428.0,101.371706119406,28.4199248158114
264491.025875013,3841771.43338706,612.900025505183,L6_1,428.0,70.9646714055538,26.5794344571445
264491.025875013,3841771.43338706,612.900025505183,L6_1,428.0,39.0372849560089,24.7160090898854
264491.025875013,3841771.43338706,612.900025505183,L6_1,428.0,,
264491.025875013,3841771.43338706,612.900025505183,L6_1,428.0,,
264491.025875013,3841771.43338706,612.900025505183,L6_1,428.0,,
264491.025875013,3841771.43338706,612.900025505183,L6_1,428.0,,
264491.025875013,3841771.43338706,612.900025505183,L6_1,428.0,,
264491.025875013,3841771.43338706,612.900025505183,L6_1,428.0,,
264491.025875013,3841771.43338706,612.900025505183,L6_1,428.0,,
264491.025875013,3841771.43338706,612.900025505183,L6_1,428.0,,
264491.025875013,3841771.43338706,612.900025505183,L6_1,428.0,,
264491.025875013,3841771.43338706,612.900025505183,L6_1,428.0,,
264491.025875013,3841771.43338706,612.900025505183,L6_1,428.0,,
264491.025875013,3841771.43338706,612.900025505183,L6_1,428.0,,
264491.025875013,3841771.43338706,612.900025505183,L6_1,428.0,,
264491.025875013,3841771.43338706,612.900025505183,L6_1,428.0,,
264491.025875013,3841771.43338706,612.900025505183,L6_1,428.0,,
264491.025875013,3841771.43338706,612.900025505183,L6_1,428.0,,
264491.025875013,3841771.43338706,612.900025505183,L6_1,428.0,,
264491.025875013,3841771.43338706,612.900025505183,L6_1,428.0,,
264491.025875013,3841771.43338706,612.900025505183,L6_1,428.0,,
264491.025875013,3841771.43338706,612.900025505183,L6_1,428.0,,
264491.025875013,3841771.43338706,612.900025505183,L6_1,428.0,,
264496.392877184,3841775.11002837,613.13594917288,L6_1,434.5,613.13594917288,20.855256980418
264496.392877184,3841775.11002837,613.13594917288,L6_1,434.5,608.084708849964,16.6445152858707
264496.392877184,3841775.11002837,613.13594917288,L6_1,434.5,602.780906510902,8.56175972435886
264496.392877184,3841775.11002837,613.13594917288,L6_1,434.5,597.211914054887,3.80125180101379
264496.392877184,3841775.11002837,613.13594917288,L6_1,434.5,591.364471976072,2.38449175102059
264496.392877184,3841775.11002837,613.13594917288,L6_1,434.5,585.224657793315,2.54491869178556
264496.392877184,3841775.11002837,613.13594917288,L6_1,434.5,578.777852901421,3.74095806184064
264496.392877184,3841775.11002837,613.13594917288,L6_1,434.5,572.008707764932,5.67675412327662
264496.392877184,3841775.11002837,613.13594917288,L6_1,434.5,564.901105371619,7.84719903426125
264496.392877184,3841775.11002837,613.13594917288,L6_1,434.5,557.43812285864,9.75707368065035
264496.392877184,3841775.11002837,613.13594917288,L6_1,434.5,549.601991220011,11.1553639693072
264496.392877184,3841775.11002837,613.13594917288,L6_1,434.5,541.374052999452,12.0445341447422
264496.392877184,3841775.11002837,613.13594917288,L6_1,434.5,532.734717867865,12.6142456965932
264496.392877184,3841775.11002837,613.13594917288,L6_1,434.5,523.663415979698,13.1432331500037
264496.392877184,3841775.11002837,613.13594917288,L6_1,434.5,514.138548997123,13.8824505478117
264496.392877184,3841775.11002837,613.13594917288,L6_1,434.5,504.137438665419,14.9851292212747
264496.392877184,3841775.11002837,613.13594917288,L6_1,434.5,493.63627281713,16.4986170050951
264496.392877184,3841775.11002837,613.13594917288,L6_1,434.5,482.610048676426,18.3845524849011
264496.392877184,3841775.11002837,613.13594917288,L6_1,434.5,471.032513328687,20.5459792488818
264496.392877184,3841775.11002837,613.13594917288,L6_1,434.5,458.876101213562,22.8578859432395
264496.392877184,3841775.11002837,613.13594917288,L6_1,434.5,446.11186849268,25.1968587359521
264496.392877184,3841775.11002837,613.13594917288,L6_1,434.5,432.709424135754,27.4610697018804
264496.392877184,3841775.11002837,613.13594917288,L6_1,434.5,418.636857560982,29.5760294243936
264496.392877184,3841775.11002837,613.13594917288,L6_1,434.5,403.860662657471,31.4898223886786
264496.392877184,3841775.11002837,613.13594917288,L6_1,434.5,388.345658008784,33.1650807457856
264496.392877184,3841775.11002837,613.13594917288,L6_1,434.5,372.054903127663,34.5727743116444
264496.392877184,3841775.11002837,613.13594917288,L6_1,434.5,354.949610502487,35.6891373061366
264496.392877184,3841775.11002837,613.13594917288,L6_1,434.5,336.989053246051,36.4951039715558
264496.392877184,3841775.11002837,613.13594917288,L6_1,434.5,318.130468126793,36.9770266014075
264496.392877184,3841775.11002837,613.13594917288,L6_1,434.5,298.328953751573,37.1278607095776
264496.392877184,3841775.11002837,613.13594917288,L6_1,434.5,277.537363657592,36.9482715985281
264496.392877184,3841775.11002837,613.13594917288,L6_1,434.5,255.708451005632,36.4474324048961
264496.392877184,3841775.11002837,613.13594917288,L6_1,434.5,233.018253536091,35.649826025932
264496.392877184,3841775.11002837,613.13594917288,L6_1,434.5,209.193546193073,34.587341018157
264496.392877184,3841775.11002837,613.13594917288,L6_1,434.5,184.177603482904,33.2916791732567
264496.392877184,3841775.11002837,613.13594917288,L6_1,434.5,157.910863637227,31.7998394173884
264496.392877184,3841775.11002837,613.13594917288,L6_1,434.5,130.330786799265,30.1526220537018
264496.392877184,3841775.11002837,613.13594917288,L6_1,434.5,101.371706119406,28.3930849564769
264496.392877184,3841775.11002837,613.13594917288,L6_1,434.5,70.9646714055538,26.5649907513251
264496.392877184,3841775.11002837,613.13594917288,L6_1,434.5,39.0372849560089,24.7113402276155
264496.392877184,3841775.11002837,613.13594917288,L6_1,434.5,,
264496.392877184,3841775.11002837,613.13594917288,L6_1,434.5,,
264496.392877184,3841775.11002837,613.13594917288,L6_1,434.5,,
264496.392877184,3841775.11002837,613.13594917288,L6_1,434.5,,
264496.392877184,3841775.11002837,613.13594917288,L6_1,434.5,,
264496.392877184,3841775.11002837,613.13594917288,L6_1,434.5,,
264496.392877184,3841775.11002837,613.13594917288,L6_1,434.5,,
264496.392877184,3841775.11002837,613.13594917288,L6_1,434.5,,
264496.392877184,3841775.11002837,613.13594917288,L6_1,434.5,,
264496.392877184,3841775.11002837,613.13594917288,L6_1,434.5,,
264496.392877184,3841775.11002837,613.13594917288,L6_1,434.5,,
264496.392877184,3841775.11002837,613.13594917288,L6_1,434.5,,
264496.392877184,3841775.11002837,613.13594917288,L6_1,434.5,,
264496.392877184,3841775.11002837,613.13594917288,L6_1,434.5,,
264496.392877184,3841775.11002837,613.13594917288,L6_1,434.5,,
264496.392877184,3841775.11002837,613.13594917288,L6_1,434.5,,
264496.392877184,3841775.11002837,613.13594917288,L6_1,434.5,,
264496.392877184,3841775.11002837,613.13594917288,L6_1,434.5,,
264496.392877184,3841775.11002837,613.13594917288,L6_1,434.5,,
264496.392877184,3841775.11002837,613.13594917288,L6_1,434.5,,
264496.392877184,3841775.11002837,613.13594917288,L6_1,434.5,,
264501.347033034,3841778.50385111,613.360882085095,L6_1,440.5,613.360882085095,20.612406773461
264501.347033034,3841778.50385111,613.360882085095,L6_1,440.5,608.306461003269,16.5055121531155
264501.347033034,3841778.50385111,613.360882085095,L6_1,440.5,602.999318867352,8.63452942736724
264501.347033034,3841778.50385111,613.360882085095,L6_1,440.5,597.426819624639,3.89919091120955
264501.347033034,3841778.50385111,613.360882085095,L6_1,440.5,591.57569541979,2.42859039505278
264501.347033034,3841778.50385111,613.360882085095,L6_1,440.5,585.432015004699,2.54446407714906
264501.347033034,3841778.50385111,613.360882085095,L6_1,440.5,578.981150568853,3.71400120443415
264501.347033034,3841778.50385111,613.360882085095,L6_1,440.5,572.207742911215,5.66358769884323
264501.347033034,3841778.50385111,613.360882085095,L6_1,440.5,565.095664870695,7.88091092842673
264501.347033034,3841778.50385111,613.360882085095,L6_1,440.5,557.627982928149,9.82473479077834
264501.347033034,3841778.50385111,613.360882085095,L6_1,440.5,549.786916888475,11.2117166926821
264501.347033034,3841778.50385111,613.360882085095,L6_1,440.5,541.553797546818,12.046689130645
264501.347033034,3841778.50385111,613.360882085095,L6_1,440.5,532.909022238079,12.5393137204503
264501.347033034,3841778.50385111,613.360882085095,L6_1,440.5,523.832008163902,12.9864757881244
264501.347033034,3841778.50385111,613.360882085095,L6_1,440.5,514.301143386016,13.6478492241007
264501.347033034,3841778.50385111,613.360882085095,L6_1,440.5,504.293735369236,14.6785075148016
264501.347033034,3841778.50385111,613.360882085095,L6_1,440.5,493.785956951617,16.1259965012671
264501.347033034,3841778.50385111,613.360882085095,L6_1,440.5,482.752789613117,17.9535507304273
264501.347033034,3841778.50385111,613.360882085095,L6_1,440.5,471.167963907693,20.0674353240238
264501.347033034,3841778.50385111,613.360882085095,L6_1,440.5,459.003896916996,22.3461330594742
264501.347033034,3841778.50385111,613.360882085095,L6_1,440.5,446.231626576766,24.6684609548971
264501.347033034,3841778.50385111,613.360882085095,L6_1,440.5,432.820742719523,26.9327386557037
264501.347033034,3841778.50385111,613.360882085095,L6_1,440.5,418.739314669418,29.0626704025128
264501.347033034,3841778.50385111,613.360882085095,L6_1,440.5,403.953815216809,31.003304920755
264501.347033034,3841778.50385111,613.360882085095,L6_1,440.5,388.429040791568,32.7138228772703
264501.347033034,3841778.50385111,613.360882085095,L6_1,440.5,372.128027645066,34.1619390165256
264501.347033034,3841778.50385111,613.360882085095,L6_1,440.5,355.011963841239,35.3211693924276
264501.347033034,3841778.50385111,613.360882085095,L6_1,440.5,337.04009684722,36.1703523405735
264501.347033034,3841778.50385111,613.360882085095,L6_1,440.5,318.1696365035,36.6943376594009
264501.347033034,3841778.50385111,613.360882085095,L6_1,440.5,298.355653142594,36.885053773512
264501.347033034,3841778.50385111,613.360882085095,L6_1,440.5,277.550970613643,36.7424903920076
264501.347033034,3841778.50385111,613.360882085095,L6_1,440.5,255.708451005632,36.2754159921259
264501.347033034,3841778.50385111,613.360882085095,L6_1,440.5,233.018253536091,35.5084522978637
264501.347033034,3841778.50385111,613.360882085095,L6_1,440.5,209.193546193073,34.4737333949702
264501.347033034,3841778.50385111,613.360882085095,L6_1,440.5,184.177603482904,33.2028972420511
264501.347033034,3841778.50385111,613.360882085095,L6_1,440.5,157.910863637227,31.7329128462798
264501.347033034,3841778.50385111,613.360882085095,L6_1,440.5,130.330786799265,30.1045862847639
264501.347033034,3841778.50385111,613.360882085095,L6_1,440.5,101.371706119406,28.3610227725762
264501.347033034,3841778.50385111,613.360882085095,L6_1,440.5,70.9646714055538,26.546075436805
264501.347033034,3841778.50385111,613.360882085095,L6_1,440.5,39.0372849560089,24.702886206912
264501.347033034,3841778.50385111,613.360882085095,L6_1,440.5,,
264501.347033034,3841778.50385111,613.360882085095,L6_1,440.5,,
264501.347033034,3841778.50385111,613.360882085095,L6_1,440.5,,
264501.347033034,3841778.50385111,613.360882085095,L6_1,440.5,,
264501.347033034,3841778.50385111,613.360882085095,L6_1,440.5,,
264501.347033034,3841778.50385111,613.360882085095,L6_1,440.5,,
264501.347033034,3841778.50385111,613.360882085095,L6_1,440.5,,
264501.347033034,3841778.50385111,613.360882085095,L6_1,440.5,,
264501.347033034,3841778.50385111,613.360882085095,L6_1,440.5,,
264501.347033034,3841778.50385111,613.360882085095,L6_1,440.5,,
264501.347033034,3841778.50385111,613.360882085095,L6_1,440.5,,
264501.347033034,3841778.50385111,613.360882085095,L6_1,440.5,,
264501.347033034,3841778.50385111,613.360882085095,L6_1,440.5,,
264501.347033034,3841778.50385111,613.360882085095,L6_1,440.5,,
264501.347033034,3841778.50385111,613.360882085095,L6_1,440.5,,
264501.347033034,3841778.50385111,613.360882085095,L6_1,440.5,,
264501.347033034,3841778.50385111,613.360882085095,L6_1,440.5,,
264501.347033034,3841778.50385111,613.360882085095,L6_1,440.5,,
264501.347033034,3841778.50385111,613.360882085095,L6_1,440.5,,
264501.347033034,3841778.50385111,613.360882085095,L6_1,440.5,,
264501.347033034,3841778.50385111,613.360882085095,L6_1,440.5,,
264506.714035205,3841782.18049241,613.574794018689,L6_1,447.0,613.574794018689,18.7336919026715
264506.714035205,3841782.18049241,613.574794018689,L6_1,447.0,608.517348024759,15.8875861830649
264506.714035205,3841782.18049241,613.574794018689,L6_1,447.0,603.207029731133,9.02027601350029
264506.714035205,3841782.18049241,613.574794018689,L6_1,447.0,597.631195522825,4.17186464780861
264506.714035205,3841782.18049241,613.574794018689,L6_1,447.0,591.776569604102,2.54937274456573
264506.714035205,3841782.18049241,613.574794018689,L6_1,447.0,585.629212389443,2.58083837642682
264506.714035205,3841782.18049241,613.574794018689,L6_1,447.0,579.17448731405,3.68919876103625
264506.714035205,3841782.18049241,613.574794018689,L6_1,447.0,572.397025984889,5.59920351234504
264506.714035205,3841782.18049241,613.574794018689,L6_1,447.0,565.280691589269,7.80080347246311
264506.714035205,3841782.18049241,613.574794018689,L6_1,447.0,557.808540473868,9.73257826643464
264506.714035205,3841782.18049241,613.574794018689,L6_1,447.0,549.962781802697,11.0938445954342
264506.714035205,3841782.18049241,613.574794018689,L6_1,447.0,541.724735197967,11.8898273775339
264506.714035205,3841782.18049241,613.574794018689,L6_1,447.0,533.074786263001,12.338050241252
264506.714035205,3841782.18049241,613.574794018689,L6_1,447.0,523.992339881287,12.7401325072506
264506.714035205,3841782.18049241,613.574794018689,L6_1,447.0,514.455771180487,13.3560087616492
264506.714035205,3841782.18049241,613.574794018689,L6_1,447.0,504.442374044647,14.3397404701556
264506.714035205,3841782.18049241,613.574794018689,L6_1,447.0,493.928307052015,15.7392904126203
264506.714035205,3841782.18049241,613.574794018689,L6_1,447.0,482.888536709751,17.5205839878549
264506.714035205,3841782.18049241,613.574794018689,L6_1,447.0,471.296777850375,19.5941840890652
264506.714035205,3841782.18049241,613.574794018689,L6_1,447.0,459.125431048029,21.8430388876407
264506.714035205,3841782.18049241,613.574794018689,L6_1,447.0,446.345516905566,24.1491366079558
264506.714035205,3841782.18049241,613.574794018689,L6_1,447.0,432.92660705598,26.411866632268
264506.714035205,3841782.18049241,613.574794018689,L6_1,447.0,418.836751713915,28.5539780891439
264506.714035205,3841782.18049241,613.574794018689,L6_1,447.0,404.042403604746,30.5181846175642
264506.714035205,3841782.18049241,613.574794018689,L6_1,447.0,388.508338090119,32.2607398461638
264506.714035205,3841782.18049241,613.574794018689,L6_1,447.0,372.197569299761,33.7464369620462
264506.714035205,3841782.18049241,613.574794018689,L6_1,447.0,355.071262069884,34.9462569073129
264506.714035205,3841782.18049241,613.574794018689,L6_1,447.0,337.088639478514,35.8370032890332
264506.714035205,3841782.18049241,613.574794018689,L6_1,447.0,318.206885757576,36.4020066043243
264506.714035205,3841782.18049241,613.574794018689,L6_1,447.0,298.38104435059,36.632105789201
264506.714035205,3841782.18049241,613.574794018689,L6_1,447.0,277.563910873255,36.526529619253
264506.714035205,3841782.18049241,613.574794018689,L6_1,447.0,255.708451005632,36.0935477389465
264506.714035205,3841782.18049241,613.574794018689,L6_1,447.0,233.018253536091,35.3578033245541
264506.714035205,3841782.18049241,613.574794018689,L6_1,447.0,209.193546193073,34.3515860251862
264506.714035205,3841782.18049241,613.574794018689,L6_1,447.0,184.177603482904,33.1064008891301
264506.714035205,3841782.18049241,613.574794018689,L6_1,447.0,157.910863637227,31.6591308311459
264506.714035205,3841782.18049241,613.574794018689,L6_1,447.0,130.330786799265,30.0505454852728
264506.714035205,3841782.18049241,613.574794018689,L6_1,447.0,101.371706119406,28.3237630469272
264506.714035205,3841782.18049241,613.574794018689,L6_1,447.0,70.9646714055538,26.5227126358178
264506.714035205,3841782.18049241,613.574794018689,L6_1,447.0,39.0372849560089,24.6906682547774
264506.714035205,3841782.18049241,613.574794018689,L6_1,447.0,,
264506.714035205,3841782.18049241,613.574794018689,L6_1,447.0,,
264506.714035205,3841782.18049241,613.574794018689,L6_1,447.0,,
264506.714035205,3841782.18049241,613.574794018689,L6_1,447.0,,
264506.714035205,3841782.18049241,613.574794018689,L6_1,447.0,,
264506.714035205,3841782.18049241,613.574794018689,L6_1,447.0,,
264506.714035205,3841782.18049241,613.574794018689,L6_1,447.0,,
264506.714035205,3841782.18049241,613.574794018689,L6_1,447.0,,
264506.714035205,3841782.18049241,613.574794018689,L6_1,447.0,,
264506.714035205,3841782.18049241,613.574794018689,L6_1,447.0,,
264506.714035205,3841782.18049241,613.574794018689,L6_1,447.0,,
264506.714035205,3841782.18049241,613.574794018689,L6_1,447.0,,
264506.714035205,3841782.18049241,613.574794018689,L6_1,447.0,,
264506.714035205,3841782.18049241,613.574794018689,L6_1,447.0,,
264506.714035205,3841782.18049241,613.574794018689,L6_1,447.0,,
264506.714035205,3841782.18049241,613.574794018689,L6_1,447.0,,
264506.714035205,3841782.18049241,613.574794018689,L6_1,447.0,,
264506.714035205,3841782.18049241,613.574794018689,L6_1,447.0,,
264506.714035205,3841782.18049241,613.574794018689,L6_1,447.0,,
264506.714035205,3841782.18049241,613.574794018689,L6_1,447.0,,
264506.714035205,3841782.18049241,613.574794018689,L6_1,447.0,,
264511.668181603,3841785.57425376,613.788705952283,L6_1,453.0,613.788705952283,18.9077103983372
264511.668181603,3841785.57425376,613.788705952283,L6_1,453.0,608.728235046249,16.3129572129651
264511.668181603,3841785.57425376,613.788705952283,L6_1,453.0,603.414740594914,9.5625501999046
264511.668181603,3841785.57425376,613.788705952283,L6_1,453.0,597.835571421011,4.47672796040944
264511.668181603,3841785.57425376,613.788705952283,L6_1,453.0,591.977443788414,2.68128994388583
264511.668181603,3841785.57425376,613.788705952283,L6_1,453.0,585.826409774187,2.62608245416002
264511.668181603,3841785.57425376,613.788705952283,L6_1,453.0,579.367824059248,3.66968538211494
264511.668181603,3841785.57425376,613.788705952283,L6_1,453.0,572.586309058563,5.51736248963698
264511.668181603,3841785.57425376,613.788705952283,L6_1,453.0,565.465718307843,7.66066111897911
264511.668181603,3841785.57425376,613.788705952283,L6_1,453.0,557.989098019587,9.53922271897641
264511.668181603,3841785.57425376,613.788705952283,L6_1,453.0,550.138646716918,10.8545280444166
264511.668181603,3841785.57425376,613.788705952283,L6_1,453.0,541.895672849116,11.6159940497019
264511.668181603,3841785.57425376,613.788705952283,L6_1,453.0,533.240550287924,12.0408588728575
264511.668181603,3841785.57425376,613.788705952283,L6_1,453.0,524.152671598672,12.424558638967
264511.668181603,3841785.57425376,613.788705952283,L6_1,453.0,514.610398974958,13.0199347542169
264511.668181603,3841785.57425376,613.788705952283,L6_1,453.0,504.591012720058,13.9771369875792
264511.668181603,3841785.57425376,613.788705952283,L6_1,453.0,494.070657152413,15.3441588129064
264511.668181603,3841785.57425376,613.788705952283,L6_1,453.0,483.024283806385,17.0900233897666
264511.668181603,3841785.57425376,613.788705952283,L6_1,453.0,471.425591793057,19.1301245703544
264511.668181603,3841785.57425376,613.788705952283,L6_1,453.0,459.246965179062,21.3524553030927
264511.668181603,3841785.57425376,613.788705952283,L6_1,453.0,446.459407234367,23.6428487071313
264511.668181603,3841785.57425376,613.788705952283,L6_1,453.0,433.032471392437,25.9025273955088
264511.668181603,3841785.57425376,613.788705952283,L6_1,453.0,418.934188758411,28.0540522396289
264511.668181603,3841785.57425376,613.788705952283,L6_1,453.0,404.130991992684,30.0384674765631
264511.668181603,3841785.57425376,613.788705952283,L6_1,453.0,388.58763538867,31.8096185680208
264511.668181603,3841785.57425376,613.788705952283,L6_1,453.0,372.267110954455,33.3297489466091
264511.668181603,3841785.57425376,613.788705952283,L6_1,453.0,355.13056029853,34.5675096420685
264511.668181603,3841785.57425376,613.788705952283,L6_1,453.0,337.137182109809,35.4977699139887
264511.668181603,3841785.57425376,613.788705952283,L6_1,453.0,318.244135011651,36.1023560278418
264511.668181603,3841785.57425376,613.788705952283,L6_1,453.0,298.406435558586,36.3709699328979
264511.668181603,3841785.57425376,613.788705952283,L6_1,453.0,277.576851132867,36.3020079754864
264511.668181603,3841785.57425376,613.788705952283,L6_1,453.0,255.708451005632,35.9031475421915
264511.668181603,3841785.57425376,613.788705952283,L6_1,453.0,233.018253536091,35.1989491707462
264511.668181603,3841785.57425376,613.788705952283,L6_1,453.0,209.193546193073,34.2217589567653
264511.668181603,3841785.57425376,613.788705952283,L6_1,453.0,184.177603482904,33.0028746787074
264511.668181603,3841785.57425376,613.788705952283,L6_1,453.0,157.910863637227,31.5790303752028
264511.668181603,3841785.57425376,613.788705952283,L6_1,453.0,130.330786799265,29.9909147108792
264511.668181603,3841785.57425376,613.788705952283,L6_1,453.0,101.371706119406,28.2816273094721
264511.668181603,3841785.57425376,613.788705952283,L6_1,453.0,70.9646714055538,26.4951476061993
264511.668181603,3841785.57425376,613.788705952283,L6_1,453.0,39.0372849560089,24.6748687722388
264511.668181603,3841785.57425376,613.788705952283,L6_1,453.0,,
264511.668181603,3841785.57425376,613.788705952283,L6_1,453.0,,
264511.668181603,3841785.57425376,613.788705952283,L6_1,453.0,,
264511.668181603,3841785.57425376,613.788705952283,L6_1,453.0,,
264511.668181603,3841785.57425376,613.788705952283,L6_1,453.0,,
264511.668181603,3841785.57425376,613.788705952283,L6_1,453.0,,
264511.668181603,3841785.57425376,613.788705952283,L6_1,453.0,,
264511.668181603,3841785.57425376,613.788705952283,L6_1,453.0,,
264511.668181603,3841785.57425376,613.788705952283,L6_1,453.0,,
264511.668181603,3841785.57425376,613.788705952283,L6_1,453.0,,
264511.668181603,3841785.57425376,613.788705952283,L6_1,453.0,,
264511.668181603,3841785.57425376,613.788705952283,L6_1,453.0,,
264511.668181603,3841785.57425376,613.788705952283,L6_1,453.0,,
264511.668181603,3841785.57425376,613.788705952283,L6_1,453.0,,
264511.668181603,3841785.57425376,613.788705952283,L6_1,453.0,,
264511.668181603,3841785.57425376,613.788705952283,L6_1,453.0,,
264511.668181603,3841785.57425376,613.788705952283,L6_1,453.0,,
264511.668181603,3841785.57425376,613.788705952283,L6_1,453.0,,
264511.668181603,3841785.57425376,613.788705952283,L6_1,453.0,,
264511.668181603,3841785.57425376,613.788705952283,L6_1,453.0,,
264511.668181603,3841785.57425376,613.788705952283,L6_1,453.0,,
264517.035163296,3841789.25076206,614.002617885877,L6_1,459.5,614.002617885877,21.0525820039787
264517.035163296,3841789.25076206,614.002617885877,L6_1,459.5,608.939122067739,17.8109422043756
264517.035163296,3841789.25076206,614.002617885877,L6_1,459.5,603.622451458695,10.2328490135981
264517.035163296,3841789.25076206,614.002617885877,L6_1,459.5,598.039947319198,4.76142120548793
264517.035163296,3841789.25076206,614.002617885877,L6_1,459.5,592.178317972726,2.8032764048163
264517.035163296,3841789.25076206,614.002617885877,L6_1,459.5,586.023607158931,2.68392319584716
264517.035163296,3841789.25076206,614.002617885877,L6_1,459.5,579.561160804446,3.67935733515597
264517.035163296,3841789.25076206,614.002617885877,L6_1,459.5,572.775592132236,5.45719204007654
264517.035163296,3841789.25076206,614.002617885877,L6_1,459.5,565.650745026417,7.5066986405263
264517.035163296,3841789.25076206,614.002617885877,L6_1,459.5,558.169655565306,9.29083312740843
264517.035163296,3841789.25076206,614.002617885877,L6_1,459.5,550.31451163114,10.5356182926426
264517.035163296,3841789.25076206,614.002617885877,L6_1,459.5,542.066610500265,11.2600553978222
264517.035163296,3841789.25076206,614.002617885877,L6_1,459.5,533.406314312847,11.6742707492969
264517.035163296,3841789.25076206,614.002617885877,L6_1,459.5,524.313003316057,12.0583050144863
264517.035163296,3841789.25076206,614.002617885877,L6_1,459.5,514.765026769429,12.6517514723453
264517.035163296,3841789.25076206,614.002617885877,L6_1,459.5,504.739651395469,13.5982120837934
264517.035163296,3841789.25076206,614.002617885877,L6_1,459.5,494.213007252811,14.945034613575
264517.035163296,3841789.25076206,614.002617885877,L6_1,459.5,483.160030903019,16.6643347436764
264517.035163296,3841789.25076206,614.002617885877,L6_1,459.5,471.554405735739,18.6765227148461
264517.035163296,3841789.25076206,614.002617885877,L6_1,459.5,459.368499310094,20.8749635369502
264517.035163296,3841789.25076206,614.002617885877,L6_1,459.5,446.573297563167,23.1498228464989
264517.035163296,3841789.25076206,614.002617885877,L6_1,459.5,433.138335728894,25.4047856845369
264517.035163296,3841789.25076206,614.002617885877,L6_1,459.5,419.031625802907,27.5628978703239
264517.035163296,3841789.25076206,614.002617885877,L6_1,459.5,404.219580380621,29.5641412880783
264517.035163296,3841789.25076206,614.002617885877,L6_1,459.5,388.666932687221,31.3604421559257
264517.035163296,3841789.25076206,614.002617885877,L6_1,459.5,372.33665260915,32.9118538518335
264517.035163296,3841789.25076206,614.002617885877,L6_1,459.5,355.189858527176,34.1849018753779
264517.035163296,3841789.25076206,614.002617885877,L6_1,459.5,337.185724741103,35.1526219510978
264517.035163296,3841789.25076206,614.002617885877,L6_1,459.5,318.281384265727,35.7953536756414
264517.035163296,3841789.25076206,614.002617885877,L6_1,459.5,298.431826766582,36.101615783357
264517.035163296,3841789.25076206,614.002617885877,L6_1,459.5,277.589791392479,36.0688998800988
264517.035163296,3841789.25076206,614.002617885877,L6_1,459.5,255.708451005632,35.7041981223146
264517.035163296,3841789.25076206,614.002617885877,L6_1,459.5,233.018253536091,35.0318836922675
264517.035163296,3841789.25076206,614.002617885877,L6_1,459.5,209.193546193073,34.0842563827886
264517.035163296,3841789.25076206,614.002617885877,L6_1,459.5,184.177603482904,32.8923302363839
264517.035163296,3841789.25076206,614.002617885877,L6_1,459.5,157.910863637227,31.4926283695859
264517.035163296,3841789.25076206,614.002617885877,L6_1,459.5,130.330786799265,29.9257146812489
264517.035163296,3841789.25076206,614.002617885877,L6_1,459.5,101.371706119406,28.2346390018496
264517.035163296,3841789.25076206,614.002617885877,L6_1,459.5,70.9646714055538,26.4634042832157
264517.035163296,3841789.25076206,614.002617885877,L6_1,459.5,39.0372849560089,24.6555100160619
264517.035163296,3841789.25076206,614.002617885877,L6_1,459.5,,
264517.035163296,3841789.25076206,614.002617885877,L6_1,459.5,,
264517.035163296,3841789.25076206,614.002617885877,L6_1,459.5,,
264517.035163296,3841789.25076206,614.002617885877,L6_1,459.5,,
264517.035163296,3841789.25076206,614.002617885877,L6_1,459.5,,
264517.035163296,3841789.25076206,614.002617885877,L6_1,459.5,,
264517.035163296,3841789.25076206,614.002617885877,L6_1,459.5,,
264517.035163296,3841789.25076206,614.002617885877,L6_1,459.5,,
264517.035163296,3841789.25076206,614.002617885877,L6_1,459.5,,
264517.035163296,3841789.25076206,614.002617885877,L6_1,459.5,,
264517.035163296,3841789.25076206,614.002617885877,L6_1,459.5,,
264517.035163296,3841789.25076206,614.002617885877,L6_1,459.5,,
264517.035163296,3841789.25076206,614.002617885877,L6_1,459.5,,
264517.035163296,3841789.25076206,614.002617885877,L6_1,459.5,,
264517.035163296,3841789.25076206,614.002617885877,L6_1,459.5,,
264517.035163296,3841789.25076206,614.002617885877,L6_1,459.5,,
264517.035163296,3841789.25076206,614.002617885877,L6_1,459.5,,
264517.035163296,3841789.25076206,614.002617885877,L6_1,459.5,,
264517.035163296,3841789.25076206,614.002617885877,L6_1,459.5,,
264517.035163296,3841789.25076206,614.002617885877,L6_1,459.5,,
264517.035163296,3841789.25076206,614.002617885877,L6_1,459.5,,
264521.989300244,3841792.64446203,614.193083096086,L6_1,465.5,614.193083096086,20.3986766818288
264521.989300244,3841792.64446203,614.193083096086,L6_1,465.5,609.126893924146,17.420905698635
264521.989300244,3841792.64446203,614.193083096086,L6_1,465.5,603.807395293609,10.1379157396873
264521.989300244,3841792.64446203,614.193083096086,L6_1,465.5,598.221921731545,4.74960206869703
264521.989300244,3841792.64446203,614.193083096086,L6_1,465.5,592.357174491377,2.81730855421729
264521.989300244,3841792.64446203,614.193083096086,L6_1,465.5,586.199189889202,2.70686755076938
264521.989300244,3841792.64446203,614.193083096086,L6_1,465.5,579.733306056917,3.68755266995753
264521.989300244,3841792.64446203,614.193083096086,L6_1,465.5,572.944128033019,5.39926166062934
264521.989300244,3841792.64446203,614.193083096086,L6_1,465.5,565.815491107925,7.33284377219178
264521.989300244,3841792.64446203,614.193083096086,L6_1,465.5,558.330422336577,8.99558452174922
264521.989300244,3841792.64446203,614.193083096086,L6_1,465.5,550.471100126661,10.1561879284519
264521.989300244,3841792.64446203,614.193083096086,L6_1,465.5,542.21881180625,10.8459164647014
264521.989300244,3841792.64446203,614.193083096086,L6_1,465.5,533.553909069818,11.2615667701737
264521.989300244,3841792.64446203,614.193083096086,L6_1,465.5,524.455761196564,11.6611029251734
264521.989300244,3841792.64446203,614.193083096086,L6_1,465.5,514.902705929648,12.2669550601928
264521.989300244,3841792.64446203,614.193083096086,L6_1,465.5,504.871997899386,13.2146810307717
264521.989300244,3841792.64446203,614.193083096086,L6_1,465.5,494.339754467611,14.5506487199516
264521.989300244,3841792.64446203,614.193083096086,L6_1,465.5,483.280898864247,16.2500717596443
264521.989300244,3841792.64446203,614.193083096086,L6_1,465.5,471.669100480715,18.2384646907633
264521.989300244,3841792.64446203,614.193083096086,L6_1,465.5,459.476712178006,20.4147461132141
264521.989300244,3841792.64446203,614.193083096086,L6_1,465.5,446.674704460162,22.6737540651566
264521.989300244,3841792.64446203,614.193083096086,L6_1,465.5,433.232596356425,24.9221095465347
264521.989300244,3841792.64446203,614.193083096086,L6_1,465.5,419.118382847502,27.0838715198995
264521.989300244,3841792.64446203,614.193083096086,L6_1,465.5,404.298458663133,29.0984822283682
264521.989300244,3841792.64446203,614.193083096086,L6_1,465.5,388.737538269545,30.9163844171479
264521.989300244,3841792.64446203,614.193083096086,L6_1,465.5,372.398571856278,32.4957568323811
264521.989300244,3841792.64446203,614.193083096086,L6_1,465.5,355.242657122347,33.8012191936562
264521.989300244,3841792.64446203,614.193083096086,L6_1,465.5,337.22894665172,34.8040819483901
264521.989300244,3841792.64446203,614.193083096086,L6_1,465.5,318.314550657561,35.4832227862236
264521.989300244,3841792.64446203,614.193083096086,L6_1,465.5,298.454434863695,35.8259651337545
264521.989300244,3841792.64446203,614.193083096086,L6_1,465.5,277.601313280135,35.8288379550937
264521.989300244,3841792.64446203,614.193083096086,L6_1,465.5,255.708451005632,35.4980712445913
264521.989300244,3841792.64446203,614.193083096086,L6_1,465.5,233.018253536091,34.8577477297038
264521.989300244,3841792.64446203,614.193083096086,L6_1,465.5,209.193546193073,33.940010640944
264521.989300244,3841792.64446203,614.193083096086,L6_1,465.5,184.177603482904,32.7755159915052
264521.989300244,3841792.64446203,614.193083096086,L6_1,465.5,157.910863637227,31.4005194899315
264521.989300244,3841792.64446203,614.193083096086,L6_1,465.5,130.330786799265,29.8554114578802
264521.989300244,3841792.64446203,614.193083096086,L6_1,465.5,101.371706119406,28.1831576451453
264521.989300244,3841792.64446203,614.193083096086,L6_1,465.5,70.9646714055538,26.4277558312301
264521.989300244,3841792.64446203,614.193083096086,L6_1,465.5,39.0372849560089,24.6327942526461
264521.989300244,3841792.64446203,614.193083096086,L6_1,465.5,,
264521.989300244,3841792.64446203,614.193083096086,L6_1,465.5,,
264521.989300244,3841792.64446203,614.193083096086,L6_1,465.5,,
264521.989300244,3841792.64446203,614.193083096086,L6_1,465.5,,
264521.989300244,3841792.64446203,614.193083096086,L6_1,465.5,,
264521.989300244,3841792.64446203,614.193083096086,L6_1,465.5,,
264521.989300244,3841792.64446203,614.193083096086,L6_1,465.5,,
264521.989300244,3841792.64446203,614.193083096086,L6_1,465.5,,
264521.989300244,3841792.64446203,614.193083096086,L6_1,465.5,,
264521.989300244,3841792.64446203,614.193083096086,L6_1,465.5,,
264521.989300244,3841792.64446203,614.193083096086,L6_1,465.5,,
264521.989300244,3841792.64446203,614.193083096086,L6_1,465.5,,
264521.989300244,3841792.64446203,614.193083096086,L6_1,465.5,,
264521.989300244,3841792.64446203,614.193083096086,L6_1,465.5,,
264521.989300244,3841792.64446203,614.193083096086,L6_1,465.5,,
264521.989300244,3841792.64446203,614.193083096086,L6_1,465.5,,
264521.989300244,3841792.64446203,614.193083096086,L6_1,465.5,,
264521.989300244,3841792.64446203,614.193083096086,L6_1,465.5,,
264521.989300244,3841792.64446203,614.193083096086,L6_1,465.5,,
264521.989300244,3841792.64446203,614.193083096086,L6_1,465.5,,
264521.989300244,3841792.64446203,614.193083096086,L6_1,465.5,,
264527.356281937,3841796.32097033,614.360066831727,L6_1,472.0,614.360066831727,17.0234020572619
264527.356281937,3841796.32097033,614.360066831727,L6_1,472.0,609.2915163557,15.0409852101939
264527.356281937,3841796.32097033,614.360066831727,L6_1,472.0,603.969538355871,9.12102573592036
264527.356281937,3841796.32097033,614.360066831727,L6_1,472.0,598.381461456051,4.36978485481359
264527.356281937,3841796.32097033,614.360066831727,L6_1,472.0,592.51398071124,2.68602483032692
264527.356281937,3841796.32097033,614.360066831727,L6_1,472.0,586.353125929188,2.65752226876148
264527.356281937,3841796.32097033,614.360066831727,L6_1,472.0,579.884228408034,3.63994898195783
264527.356281937,3841796.32097033,614.360066831727,L6_1,472.0,573.091886010822,5.27293885768592
264527.356281937,3841796.32097033,614.360066831727,L6_1,472.0,565.959926493749,7.06931863635871
264527.356281937,3841796.32097033,614.360066831727,L6_1,472.0,558.471369000823,8.60012821138511
264527.356281937,3841796.32097033,614.360066831727,L6_1,472.0,550.60838363325,9.68313928569387
264527.356281937,3841796.32097033,614.360066831727,L6_1,472.0,542.352248997299,10.3567193477907
264527.356281937,3841796.32097033,614.360066831727,L6_1,472.0,533.68330762955,10.7962296137094
264527.356281937,3841796.32097033,614.360066831727,L6_1,472.0,524.580919193414,11.2319161158456
264527.356281937,3841796.32097033,614.360066831727,L6_1,472.0,515.02341133547,11.8668035254614
264527.356281937,3841796.32097033,614.360066831727,L6_1,472.0,504.98802808463,12.828298337695
264527.356281937,3841796.32097033,614.360066831727,L6_1,472.0,494.450875671248,14.1623946871561
264527.356281937,3841796.32097033,614.360066831727,L6_1,472.0,483.386865637197,15.8479841518492
264527.356281937,3841796.32097033,614.360066831727,L6_1,472.0,471.769655101443,17.8160893187707
264527.356281937,3841796.32097033,614.360066831727,L6_1,472.0,459.571584038901,19.9715041391899
264527.356281937,3841796.32097033,614.360066831727,L6_1,472.0,446.763609423232,22.2141062910192
264527.356281937,3841796.32097033,614.360066831727,L6_1,472.0,433.31523607678,24.4538881275326
264527.356281937,3841796.32097033,614.360066831727,L6_1,472.0,419.194444063005,26.6163901770582
264527.356281937,3841796.32097033,614.360066831727,L6_1,472.0,404.367612448542,28.6409849104314
264527.356281937,3841796.32097033,614.360066831727,L6_1,472.0,388.799439253355,30.4770304009157
264527.356281937,3841796.32097033,614.360066831727,L6_1,472.0,372.452857398409,32.0811268066417
264527.356281937,3841796.32097033,614.360066831727,L6_1,472.0,355.288946450716,33.416199899416
264527.356281937,3841796.32097033,614.360066831727,L6_1,472.0,337.266839955638,34.4519453602567
264527.356281937,3841796.32097033,614.360066831727,L6_1,472.0,318.343628135806,35.16580616071
264527.356281937,3841796.32097033,614.360066831727,L6_1,472.0,298.474255724983,35.5439001222234
264527.356281937,3841796.32097033,614.360066831727,L6_1,472.0,277.611414693618,35.581737735484
264527.356281937,3841796.32097033,614.360066831727,L6_1,472.0,255.708451005632,35.2847106090282
264527.356281937,3841796.32097033,614.360066831727,L6_1,472.0,233.018253536091,34.6765075954433
264527.356281937,3841796.32097033,614.360066831727,L6_1,472.0,209.193546193073,33.7890067311571
264527.356281937,3841796.32097033,614.360066831727,L6_1,472.0,184.177603482904,32.6524327115161
264527.356281937,3841796.32097033,614.360066831727,L6_1,472.0,157.910863637227,31.3027158728532
264527.356281937,3841796.32097033,614.360066831727,L6_1,472.0,130.330786799265,29.7800241243117
264527.356281937,3841796.32097033,614.360066831727,L6_1,472.0,101.371706119406,28.1272050425493
264527.356281937,3841796.32097033,614.360066831727,L6_1,472.0,70.9646714055538,26.3882251049175
264527.356281937,3841796.32097033,614.360066831727,L6_1,472.0,39.0372849560089,24.6067442811438
264527.356281937,3841796.32097033,614.360066831727,L6_1,472.0,,
264527.356281937,3841796.32097033,614.360066831727,L6_1,472.0,,
264527.356281937,3841796.32097033,614.360066831727,L6_1,472.0,,
264527.356281937,3841796.32097033,614.360066831727,L6_1,472.0,,
264527.356281937,3841796.32097033,614.360066831727,L6_1,472.0,,
264527.356281937,3841796.32097033,614.360066831727,L6_1,472.0,,
264527.356281937,3841796.32097033,614.360066831727,L6_1,472.0,,
264527.356281937,3841796.32097033,614.360066831727,L6_1,472.0,,
264527.356281937,3841796.32097033,614.360066831727,L6_1,472.0,,
264527.356281937,3841796.32097033,614.360066831727,L6_1,472.0,,
264527.356281937,3841796.32097033,614.360066831727,L6_1,472.0,,
264527.356281937,3841796.32097033,614.360066831727,L6_1,472.0,,
264527.356281937,3841796.32097033,614.360066831727,L6_1,472.0,,
264527.356281937,3841796.32097033,614.360066831727,L6_1,472.0,,
264527.356281937,3841796.32097033,614.360066831727,L6_1,472.0,,
264527.356281937,3841796.32097033,614.360066831727,L6_1,472.0,,
264527.356281937,3841796.32097033,614.360066831727,L6_1,472.0,,
264527.356281937,3841796.32097033,614.360066831727,L6_1,472.0,,
264527.356281937,3841796.32097033,614.360066831727,L6_1,472.0,,
264527.356281937,3841796.32097033,614.360066831727,L6_1,472.0,,
264527.356281937,3841796.32097033,614.360066831727,L6_1,472.0,,
264532.310962589,3841799.71472799,614.527050567369,L6_1,478.0,614.527050567369,15.8849460288331
264532.310962589,3841799.71472799,614.527050567369,L6_1,478.0,609.456138787254,13.6654399559719
264532.310962589,3841799.71472799,614.527050567369,L6_1,478.0,604.131681418134,8.00021135050659
264532.310962589,3841799.71472799,614.527050567369,L6_1,478.0,598.541001180557,3.88862138470002
264532.310962589,3841799.71472799,614.527050567369,L6_1,478.0,592.670786931102,2.51503071987129
264532.310962589,3841799.71472799,614.527050567369,L6_1,478.0,586.507061969174,2.58179952779053
264532.310962589,3841799.71472799,614.527050567369,L6_1,478.0,580.03515075915,3.54946741546116
264532.310962589,3841799.71472799,614.527050567369,L6_1,478.0,573.239643988624,5.07563011668507
264532.310962589,3841799.71472799,614.527050567369,L6_1,478.0,566.104361879573,6.71850960786177
264532.310962589,3841799.71472799,614.527050567369,L6_1,478.0,558.612315665068,8.12048420540435
264532.310962589,3841799.71472799,614.527050567369,L6_1,478.0,550.745667139838,9.14162906739984
264532.310962589,3841799.71472799,614.527050567369,L6_1,478.0,542.485686188347,9.81951562771702
264532.310962589,3841799.71472799,614.527050567369,L6_1,478.0,533.812706189282,10.3029679496383
264532.310962589,3841799.71472799,614.527050567369,L6_1,478.0,524.706077190263,10.7916767312069
264532.310962589,3841799.71472799,614.527050567369,L6_1,478.0,515.144116741293,11.4682839393282
264532.310962589,3841799.71472799,614.527050567369,L6_1,478.0,505.104058269874,12.4523597494551
264532.310962589,3841799.71472799,614.527050567369,L6_1,478.0,494.561996874885,13.7903203802095
264532.310962589,3841799.71472799,614.527050567369,L6_1,478.0,483.492832410146,15.4654540519355
264532.310962589,3841799.71472799,614.527050567369,L6_1,478.0,471.870209722171,17.4147668860759
264532.310962589,3841799.71472799,614.527050567369,L6_1,478.0,459.666455899796,19.5492433044968
264532.310962589,3841799.71472799,614.527050567369,L6_1,478.0,446.852514386303,21.7740704890423
264532.310962589,3841799.71472799,614.527050567369,L6_1,478.0,433.397875797135,24.0029060132258
264532.310962589,3841799.71472799,614.527050567369,L6_1,478.0,419.270505278509,26.1630925442534
264532.310962589,3841799.71472799,614.527050567369,L6_1,478.0,404.436766233951,28.1942558382771
264532.310962589,3841799.71472799,614.527050567369,L6_1,478.0,388.861340237166,30.0449752816289
264532.310962589,3841799.71472799,614.527050567369,L6_1,478.0,372.507142940541,31.6705230285768
264532.310962589,3841799.71472799,614.527050567369,L6_1,478.0,355.335235779085,33.03230724005
264532.310962589,3841799.71472799,614.527050567369,L6_1,478.0,337.304733259556,34.0985206488464
264532.310962589,3841799.71472799,614.527050567369,L6_1,478.0,318.372705614051,34.8452228012059
264532.310962589,3841799.71472799,614.527050567369,L6_1,478.0,298.494076586271,35.2573149403172
264532.310962589,3841799.71472799,614.527050567369,L6_1,478.0,277.621516107101,35.3292534865663
264532.310962589,3841799.71472799,614.527050567369,L6_1,478.0,255.708451005632,35.0655351000711
264532.310962589,3841799.71472799,614.527050567369,L6_1,478.0,233.018253536091,34.4893521693476
264532.310962589,3841799.71472799,614.527050567369,L6_1,478.0,209.193546193073,33.6322232751624
264532.310962589,3841799.71472799,614.527050567369,L6_1,478.0,184.177603482904,32.5238765041545
264532.310962589,3841799.71472799,614.527050567369,L6_1,478.0,157.910863637227,31.1998560902506
264532.310962589,3841799.71472799,614.527050567369,L6_1,478.0,130.330786799265,29.7000599060409
264532.310962589,3841799.71472799,614.527050567369,L6_1,478.0,101.371706119406,28.0671721697204
264532.310962589,3841799.71472799,614.527050567369,L6_1,478.0,70.9646714055538,26.3451085632054
264532.310962589,3841799.71472799,614.527050567369,L6_1,478.0,39.0372849560089,24.5775883914849
264532.310962589,3841799.71472799,614.527050567369,L6_1,478.0,,
264532.310962589,3841799.71472799,614.527050567369,L6_1,478.0,,
264532.310962589,3841799.71472799,614.527050567369,L6_1,478.0,,
264532.310962589,3841799.71472799,614.527050567369,L6_1,478.0,,
264532.310962589,3841799.71472799,614.527050567369,L6_1,478.0,,
264532.310962589,3841799.71472799,614.527050567369,L6_1,478.0,,
264532.310962589,3841799.71472799,614.527050567369,L6_1,478.0,,
264532.310962589,3841799.71472799,614.527050567369,L6_1,478.0,,
264532.310962589,3841799.71472799,614.527050567369,L6_1,478.0,,
264532.310962589,3841799.71472799,614.527050567369,L6_1,478.0,,
264532.310962589,3841799.71472799,614.527050567369,L6_1,478.0,,
264532.310962589,3841799.71472799,614.527050567369,L6_1,478.0,,
264532.310962589,3841799.71472799,614.527050567369,L6_1,478.0,,
264532.310962589,3841799.71472799,614.527050567369,L6_1,478.0,,
264532.310962589,3841799.71472799,614.527050567369,L6_1,478.0,,
264532.310962589,3841799.71472799,614.527050567369,L6_1,478.0,,
264532.310962589,3841799.71472799,614.527050567369,L6_1,478.0,,
264532.310962589,3841799.71472799,614.527050567369,L6_1,478.0,,
264532.310962589,3841799.71472799,614.527050567369,L6_1,478.0,,
264532.310962589,3841799.71472799,614.527050567369,L6_1,478.0,,
264532.310962589,3841799.71472799,614.527050567369,L6_1,478.0,,
264537.679122308,3841803.39136128,614.69403430301,L6_1,484.5,614.69403430301,17.6094390678666
264537.679122308,3841803.39136128,614.69403430301,L6_1,484.5,609.620761218808,13.2683540215584
264537.679122308,3841803.39136128,614.69403430301,L6_1,484.5,604.293824480396,6.69966028146366
264537.679122308,3841803.39136128,614.69403430301,L6_1,484.5,598.700540905064,3.33717621568374
264537.679122308,3841803.39136128,614.69403430301,L6_1,484.5,592.827593150965,2.31167883153449
264537.679122308,3841803.39136128,614.69403430301,L6_1,484.5,586.66099800916,2.44852136830428
264537.679122308,3841803.39136128,614.69403430301,L6_1,484.5,580.186073110266,3.352475143449
264537.679122308,3841803.39136128,614.69403430301,L6_1,484.5,573.387401966427,4.73818293334575
264537.679122308,3841803.39136128,614.69403430301,L6_1,484.5,566.248797265396,6.23106943913793
264537.679122308,3841803.39136128,614.69403430301,L6_1,484.5,558.753262329314,7.53197616841905
264537.679122308,3841803.39136128,614.69403430301,L6_1,484.5,550.882950646427,8.52351370913805
264537.679122308,3841803.39136128,614.69403430301,L6_1,484.5,542.619123379396,9.23389640625612
264537.679122308,3841803.39136128,614.69403430301,L6_1,484.5,533.942104749014,9.78413839278211
264537.679122308,3841803.39136128,614.69403430301,L6_1,484.5,524.831235187112,10.343434082462
264537.679122308,3841803.39136128,614.69403430301,L6_1,484.5,515.264822147115,11.0742547848463
264537.679122308,3841803.39136128,614.69403430301,L6_1,484.5,505.220088455119,12.0890531764168
264537.679122308,3841803.39136128,614.69403430301,L6_1,484.5,494.673118078522,13.4357086133251
264537.679122308,3841803.39136128,614.69403430301,L6_1,484.5,483.598799183096,15.1028490492616
264537.679122308,3841803.39136128,614.69403430301,L6_1,484.5,471.970764342899,17.0341158236087
264537.679122308,3841803.39136128,614.69403430301,L6_1,484.5,459.761327760691,19.1470866365751
264537.679122308,3841803.39136128,614.69403430301,L6_1,484.5,446.941419349374,21.352529007281
264537.679122308,3841803.39136128,614.69403430301,L6_1,484.5,433.48051551749,23.5680042224372
264537.679122308,3841803.39136128,614.69403430301,L6_1,484.5,419.346566494012,25.722905864889
264537.679122308,3841803.39136128,614.69403430301,L6_1,484.5,404.505920019361,27.7573706413541
264537.679122308,3841803.39136128,614.69403430301,L6_1,484.5,388.923241220976,29.619457513599
264537.679122308,3841803.39136128,614.69403430301,L6_1,484.5,372.561428482673,31.2633362884086
264537.679122308,3841803.39136128,614.69403430301,L6_1,484.5,355.381525107454,32.6490643123943
264537.679122308,3841803.39136128,614.69403430301,L6_1,484.5,337.342626563475,33.743440532237
264537.679122308,3841803.39136128,614.69403430301,L6_1,484.5,318.401783092296,34.5211951914077
264537.679122308,3841803.39136128,614.69403430301,L6_1,484.5,298.513897447558,34.966005569163
264537.679122308,3841803.39136128,614.69403430301,L6_1,484.5,277.631617520584,35.0712409355674
264537.679122308,3841803.39136128,614.69403430301,L6_1,484.5,255.708451005632,34.8404478097679
264537.679122308,3841803.39136128,614.69403430301,L6_1,484.5,233.018253536091,34.2962221302451
264537.679122308,3841803.39136128,614.69403430301,L6_1,484.5,209.193546193073,33.4696299348836
264537.679122308,3841803.39136128,614.69403430301,L6_1,484.5,184.177603482904,32.389837995547
264537.679122308,3841803.39136128,614.69403430301,L6_1,484.5,157.910863637227,31.0919449690937
264537.679122308,3841803.39136128,614.69403430301,L6_1,484.5,130.330786799265,29.6155330322967
264537.679122308,3841803.39136128,614.69403430301,L6_1,484.5,101.371706119406,28.0030807849488
264537.679122308,3841803.39136128,614.69403430301,L6_1,484.5,70.9646714055538,26.2984306783348
264537.679122308,3841803.39136128,614.69403430301,L6_1,484.5,39.0372849560089,24.5453496834938
264537.679122308,3841803.39136128,614.69403430301,L6_1,484.5,,
264537.679122308,3841803.39136128,614.69403430301,L6_1,484.5,,
264537.679122308,3841803.39136128,614.69403430301,L6_1,484.5,,
264537.679122308,3841803.39136128,614.69403430301,L6_1,484.5,,
264537.679122308,3841803.39136128,614.69403430301,L6_1,484.5,,
264537.679122308,3841803.39136128,614.69403430301,L6_1,484.5,,
264537.679122308,3841803.39136128,614.69403430301,L6_1,484.5,,
264537.679122308,3841803.39136128,614.69403430301,L6_1,484.5,,
264537.679122308,3841803.39136128,614.69403430301,L6_1,484.5,,
264537.679122308,3841803.39136128,614.69403430301,L6_1,484.5,,
264537.679122308,3841803.39136128,614.69403430301,L6_1,484.5,,
264537.679122308,3841803.39136128,614.69403430301,L6_1,484.5,,
264537.679122308,3841803.39136128,614.69403430301,L6_1,484.5,,
264537.679122308,3841803.39136128,614.69403430301,L6_1,484.5,,
264537.679122308,3841803.39136128,614.69403430301,L6_1,484.5,,
264537.679122308,3841803.39136128,614.69403430301,L6_1,484.5,,
264537.679122308,3841803.39136128,614.69403430301,L6_1,484.5,,
264537.679122308,3841803.39136128,614.69403430301,L6_1,484.5,,
264537.679122308,3841803.39136128,614.69403430301,L6_1,484.5,,
264537.679122308,3841803.39136128,614.69403430301,L6_1,484.5,,
264537.679122308,3841803.39136128,614.69403430301,L6_1,484.5,,
264542.634346665,3841806.78517662,614.837526900571,L6_1,490.5,614.837526900571,13.7254722949464
264542.634346665,3841806.78517662,614.837526900571,L6_1,490.5,609.762224698648,10.3216073245567
264542.634346665,3841806.78517662,614.837526900571,L6_1,490.5,604.433157386629,5.54124112477392
264542.634346665,3841806.78517662,614.837526900571,L6_1,490.5,598.837636709009,3.09843787621546
264542.634346665,3841806.78517662,614.837526900571,L6_1,490.5,592.962339997508,2.26880599062465
264542.634346665,3841806.78517662,614.837526900571,L6_1,490.5,586.793278450432,2.35949805223558
264542.634346665,3841806.78517662,614.837526900571,L6_1,490.5,580.315763826003,3.11768072948946
264542.634346665,3841806.78517662,614.837526900571,L6_1,490.5,573.514373470351,4.33044293316153
264542.634346665,3841806.78517662,614.837526900571,L6_1,490.5,566.372913596918,5.68859083090755
264542.634346665,3841806.78517662,614.837526900571,L6_1,490.5,558.874380729812,6.9210373382335
264542.634346665,3841806.78517662,614.837526900571,L6_1,490.5,551.000921219351,7.90866966125096
264542.634346665,3841806.78517662,614.837526900571,L6_1,490.5,542.733788733368,8.6655435196287
264542.634346665,3841806.78517662,614.837526900571,L6_1,490.5,534.053299623085,9.28931314462892
264542.634346665,3841806.78517662,614.837526900571,L6_1,490.5,524.938786057288,9.92267852165145
264542.634346665,3841806.78517662,614.837526900571,L6_1,490.5,515.368546813201,10.7094451841231
264542.634346665,3841806.78517662,614.837526900571,L6_1,490.5,505.319795606909,11.7553492801471
264542.634346665,3841806.78517662,614.837526900571,L6_1,490.5,494.768606840304,13.110041357528
264542.634346665,3841806.78517662,614.837526900571,L6_1,490.5,483.689858635367,14.7678273242743
264542.634346665,3841806.78517662,614.837526900571,L6_1,490.5,472.057173020185,16.6792267747188
264542.634346665,3841806.78517662,614.837526900571,L6_1,490.5,459.842853124242,18.7685187700282
264542.634346665,3841806.78517662,614.837526900571,L6_1,490.5,447.017817233503,20.9520734820218
264542.634346665,3841806.78517662,614.837526900571,L6_1,490.5,433.551529548227,23.1513629496205
264542.634346665,3841806.78517662,614.837526900571,L6_1,490.5,419.411927478687,25.2978964954393
264542.634346665,3841806.78517662,614.837526900571,L6_1,490.5,404.56534530567,27.3324396777977
264542.634346665,3841806.78517662,614.837526900571,L6_1,490.5,388.976434024002,29.2026695278979
264542.634346665,3841806.78517662,614.837526900571,L6_1,490.5,372.608077178251,30.8618107004646
264542.634346665,3841806.78517662,614.837526900571,L6_1,490.5,355.421302490212,32.2687130895122
264542.634346665,3841806.78517662,614.837526900571,L6_1,490.5,337.375189067772,33.3888762630542
264542.634346665,3841806.78517662,614.837526900571,L6_1,490.5,318.426769974209,34.1957569508749
264542.634346665,3841806.78517662,614.837526900571,L6_1,490.5,298.530929925968,34.6718279264717
264542.634346665,3841806.78517662,614.837526900571,L6_1,490.5,277.640297875315,34.8093483227938
264542.634346665,3841806.78517662,614.837526900571,L6_1,490.5,255.708451005632,34.6108728756991
264542.634346665,3841806.78517662,614.837526900571,L6_1,490.5,233.018253536091,34.0983285471804
264542.634346665,3841806.78517662,614.837526900571,L6_1,490.5,209.193546193073,33.3022389892275
264542.634346665,3841806.78517662,614.837526900571,L6_1,490.5,184.177603482904,32.2511481131205
264542.634346665,3841806.78517662,614.837526900571,L6_1,490.5,157.910863637227,30.9796552345137
264542.634346665,3841806.78517662,614.837526900571,L6_1,490.5,130.330786799265,29.5269735650669
264542.634346665,3841806.78517662,614.837526900571,L6_1,490.5,101.371706119406,27.9353461984887
264542.634346665,3841806.78517662,614.837526900571,L6_1,490.5,70.9646714055538,26.2485147176274
264542.634346665,3841806.78517662,614.837526900571,L6_1,490.5,39.0372849560089,24.5102691736818
264542.634346665,3841806.78517662,614.837526900571,L6_1,490.5,,
264542.634346665,3841806.78517662,614.837526900571,L6_1,490.5,,
264542.634346665,3841806.78517662,614.837526900571,L6_1,490.5,,
264542.634346665,3841806.78517662,614.837526900571,L6_1,490.5,,
264542.634346665,3841806.78517662,614.837526900571,L6_1,490.5,,
264542.634346665,3841806.78517662,614.837526900571,L6_1,490.5,,
264542.634346665,3841806.78517662,614.837526900571,L6_1,490.5,,
264542.634346665,3841806.78517662,614.837526900571,L6_1,490.5,,
264542.634346665,3841806.78517662,614.837526900571,L6_1,490.5,,
264542.634346665,3841806.78517662,614.837526900571,L6_1,490.5,,
264542.634346665,3841806.78517662,614.837526900571,L6_1,490.5,,
264542.634346665,3841806.78517662,614.837526900571,L6_1,490.5,,
264542.634346665,3841806.78517662,614.837526900571,L6_1,490.5,,
264542.634346665,3841806.78517662,614.837526900571,L6_1,490.5,,
264542.634346665,3841806.78517662,614.837526900571,L6_1,490.5,,
264542.634346665,3841806.78517662,614.837526900571,L6_1,490.5,,
264542.634346665,3841806.78517662,614.837526900571,L6_1,490.5,,
264542.634346665,3841806.78517662,614.837526900571,L6_1,490.5,,
264542.634346665,3841806.78517662,614.837526900571,L6_1,490.5,,
264542.634346665,3841806.78517662,614.837526900571,L6_1,490.5,,
264542.634346665,3841806.78517662,614.837526900571,L6_1,490.5,,
264548.002506385,3841810.4618099,614.957523720304,L6_1,497.0,614.957523720304,7.46582926848652
264548.002506385,3841810.4618099,614.957523720304,L6_1,497.0,609.880524652637,6.81694606613243
264548.002506385,3841810.4618099,614.957523720304,L6_1,497.0,604.549675631586,5.11628785517493
264548.002506385,3841810.4618099,614.957523720304,L6_1,497.0,598.952284159483,3.42293099825909
264548.002506385,3841810.4618099,614.957523720304,L6_1,497.0,593.075023113775,2.50517094752671
264548.002506385,3841810.4618099,614.957523720304,L6_1,497.0,586.903899015781,2.37884857190142
264548.002506385,3841810.4618099,614.957523720304,L6_1,497.0,580.424218712888,2.91100737954348
264548.002506385,3841810.4618099,614.957523720304,L6_1,497.0,573.62055439485,3.93079126829696
264548.002506385,3841810.4618099,614.957523720304,L6_1,497.0,566.47670686091,5.16886175364261
264548.002506385,3841810.4618099,614.957523720304,L6_1,497.0,558.975666950273,6.35593781422957
264548.002506385,3841810.4618099,614.957523720304,L6_1,497.0,551.099575044104,7.35366279359108
264548.002506385,3841810.4618099,614.957523720304,L6_1,497.0,542.829678542627,8.15879122091102
264548.002506385,3841810.4618099,614.957523720304,L6_1,497.0,534.146287216076,8.85069037451247
264548.002506385,3841810.4618099,614.957523720304,L6_1,497.0,525.028726323197,9.55087845627828
264548.002506385,3841810.4618099,614.957523720304,L6_1,497.0,515.455287385674,10.3869842145332
264548.002506385,3841810.4618099,614.957523720304,L6_1,497.0,505.403176501276,11.4585039194896
264548.002506385,3841810.4618099,614.957523720304,L6_1,497.0,494.848460072657,12.8166970121046
264548.002506385,3841810.4618099,614.957523720304,L6_1,497.0,483.766007822607,14.4613307586952
264548.002506385,3841810.4618099,614.957523720304,L6_1,497.0,472.129432960055,16.3496025472121
264548.002506385,3841810.4618099,614.957523720304,L6_1,497.0,459.911029354376,18.4122831326935
264548.002506385,3841810.4618099,614.957523720304,L6_1,497.0,447.081705568412,20.5711397462226
264548.002506385,3841810.4618099,614.957523720304,L6_1,497.0,433.61091559315,22.7513933662886
264548.002506385,3841810.4618099,614.957523720304,L6_1,497.0,419.466586119125,24.8866059347073
264548.002506385,3841810.4618099,614.957523720304,L6_1,497.0,404.615040171399,26.9182033317787
264548.002506385,3841810.4618099,614.957523720304,L6_1,497.0,389.020916926287,28.7935669549301
264548.002506385,3841810.4618099,614.957523720304,L6_1,497.0,372.647087518919,30.4651052255093
264548.002506385,3841810.4618099,614.957523720304,L6_1,497.0,355.454566641182,31.8905914789422
264548.002506385,3841810.4618099,614.957523720304,L6_1,497.0,337.402419719559,33.034317524692
264548.002506385,3841810.4618099,614.957523720304,L6_1,497.0,318.447665451854,33.8685234795261
264548.002506385,3841810.4618099,614.957523720304,L6_1,497.0,298.545173470765,34.3744998306125
264548.002506385,3841810.4618099,614.957523720304,L6_1,497.0,277.647556890621,34.5433756709968
264548.002506385,3841810.4618099,614.957523720304,L6_1,497.0,255.708451005632,34.3766753561984
264548.002506385,3841810.4618099,614.957523720304,L6_1,497.0,233.018253536091,33.8955862249156
264548.002506385,3841810.4618099,614.957523720304,L6_1,497.0,209.193546193073,33.1300020924054
264548.002506385,3841810.4618099,614.957523720304,L6_1,497.0,184.177603482904,32.1077853710715
264548.002506385,3841810.4618099,614.957523720304,L6_1,497.0,157.910863637227,30.8629847517033
264548.002506385,3841810.4618099,614.957523720304,L6_1,497.0,130.330786799265,29.4343927820287
264548.002506385,3841810.4618099,614.957523720304,L6_1,497.0,101.371706119406,27.8639861124824
264548.002506385,3841810.4618099,614.957523720304,L6_1,497.0,70.9646714055538,26.1953809241676
264548.002506385,3841810.4618099,614.957523720304,L6_1,497.0,39.0372849560089,24.4723685547548
264548.002506385,3841810.4618099,614.957523720304,L6_1,497.0,,
264548.002506385,3841810.4618099,614.957523720304,L6_1,497.0,,
264548.002506385,3841810.4618099,614.957523720304,L6_1,497.0,,
264548.002506385,3841810.4618099,614.957523720304,L6_1,497.0,,
264548.002506385,3841810.4618099,614.957523720304,L6_1,497.0,,
264548.002506385,3841810.4618099,614.957523720304,L6_1,497.0,,
264548.002506385,3841810.4618099,614.957523720304,L6_1,497.0,,
264548.002506385,3841810.4618099,614.957523720304,L6_1,497.0,,
264548.002506385,3841810.4618099,614.957523720304,L6_1,497.0,,
264548.002506385,3841810.4618099,614.957523720304,L6_1,497.0,,
264548.002506385,3841810.4618099,614.957523720304,L6_1,497.0,,
264548.002506385,3841810.4618099,614.957523720304,L6_1,497.0,,
264548.002506385,3841810.4618099,614.957523720304,L6_1,497.0,,
264548.002506385,3841810.4618099,614.957523720304,L6_1,497.0,,
264548.002506385,3841810.4618099,614.957523720304,L6_1,497.0,,
264548.002506385,3841810.4618099,614.957523720304,L6_1,497.0,,
264548.002506385,3841810.4618099,614.957523720304,L6_1,497.0,,
264548.002506385,3841810.4618099,614.957523720304,L6_1,497.0,,
264548.002506385,3841810.4618099,614.957523720304,L6_1,497.0,,
264548.002506385,3841810.4618099,614.957523720304,L6_1,497.0,,
264548.002506385,3841810.4618099,614.957523720304,L6_1,497.0,,
264552.95772299,3841813.85563042,615.077520540037,L6_1,503.0,615.077520540037,5.70721627654245
264552.95772299,3841813.85563042,615.077520540037,L6_1,503.0,609.998824606626,6.11189238201098
264552.95772299,3841813.85563042,615.077520540037,L6_1,503.0,604.666193876543,5.98236461671612
264552.95772299,3841813.85563042,615.077520540037,L6_1,503.0,599.066931609957,4.4195149631644
264552.95772299,3841813.85563042,615.077520540037,L6_1,503.0,593.187706230041,2.99079799215399
264552.95772299,3841813.85563042,615.077520540037,L6_1,503.0,587.01451958113,2.47483861306551
264552.95772299,3841813.85563042,615.077520540037,L6_1,503.0,580.532673599773,2.7569197429188
264552.95772299,3841813.85563042,615.077520540037,L6_1,503.0,573.726735319348,3.61173675583282
264552.95772299,3841813.85563042,615.077520540037,L6_1,503.0,566.580500124902,4.76321012334884
264552.95772299,3841813.85563042,615.077520540037,L6_1,503.0,559.076953170733,5.92640655370217
264552.95772299,3841813.85563042,615.077520540037,L6_1,503.0,551.198228868856,6.93830088239937
264552.95772299,3841813.85563042,615.077520540037,L6_1,503.0,542.925568351886,7.78009607428627
264552.95772299,3841813.85563042,615.077520540037,L6_1,503.0,534.239274809067,8.51963683621682
264552.95772299,3841813.85563042,615.077520540037,L6_1,503.0,525.118666589106,9.26468571368515
264552.95772299,3841813.85563042,615.077520540037,L6_1,503.0,515.542027958148,10.1312209726943
264552.95772299,3841813.85563042,615.077520540037,L6_1,503.0,505.486557395642,11.2138127016168
264552.95772299,3841813.85563042,615.077520540037,L6_1,503.0,494.928313305011,12.5649033595555
264552.95772299,3841813.85563042,615.077520540037,L6_1,503.0,483.842157009848,14.1887923303952
264552.95772299,3841813.85563042,615.077520540037,L6_1,503.0,472.201692899926,16.048454628881
264552.95772299,3841813.85563042,615.077520540037,L6_1,503.0,459.979205584509,18.0804052410497
264552.95772299,3841813.85563042,615.077520540037,L6_1,503.0,447.145593903321,20.211225169648
264552.95772299,3841813.85563042,615.077520540037,L6_1,503.0,433.670301638074,22.3694726864017
264552.95772299,3841813.85563042,615.077520540037,L6_1,503.0,419.521244759564,24.4905070907995
264552.95772299,3841813.85563042,615.077520540037,L6_1,503.0,404.664735037128,26.5163099670509
264552.95772299,3841813.85563042,615.077520540037,L6_1,503.0,389.065399828571,28.393989223242
264552.95772299,3841813.85563042,615.077520540037,L6_1,503.0,372.686097859586,30.0752077071479
264552.95772299,3841813.85563042,615.077520540037,L6_1,503.0,355.487830792152,31.5167511531747
264552.95772299,3841813.85563042,615.077520540037,L6_1,503.0,337.429650371346,32.6818064770357
264552.95772299,3841813.85563042,615.077520540037,L6_1,503.0,318.4685609295,33.5414591054056
264552.95772299,3841813.85563042,615.077520540037,L6_1,503.0,298.559417015561,34.0758473010877
264552.95772299,3841813.85563042,615.077520540037,L6_1,503.0,277.654815905926,34.2749752337756
264552.95772299,3841813.85563042,615.077520540037,L6_1,503.0,255.708451005632,34.1393011547581
264552.95772299,3841813.85563042,615.077520540037,L6_1,503.0,233.018253536091,33.6892196139654
264552.95772299,3841813.85563042,615.077520540037,L6_1,503.0,209.193546193073,32.9539442366624
264552.95772299,3841813.85563042,615.077520540037,L6_1,503.0,184.177603482904,31.9605955558835
264552.95772299,3841813.85563042,615.077520540037,L6_1,503.0,157.910863637227,30.7426181462269
264552.95772299,3841813.85563042,615.077520540037,L6_1,503.0,130.330786799265,29.3383408048382
264552.95772299,3841813.85563042,615.077520540037,L6_1,503.0,101.371706119406,27.7894344402795
264552.95772299,3841813.85563042,615.077520540037,L6_1,503.0,70.9646714055538,26.1393611470785
264552.95772299,3841813.85563042,615.077520540037,L6_1,503.0,39.0372849560089,24.4318972865192
264552.95772299,3841813.85563042,615.077520540037,L6_1,503.0,,
264552.95772299,3841813.85563042,615.077520540037,L6_1,503.0,,
264552.95772299,3841813.85563042,615.077520540037,L6_1,503.0,,
264552.95772299,3841813.85563042,615.077520540037,L6_1,503.0,,
264552.95772299,3841813.85563042,615.077520540037,L6_1,503.0,,
264552.95772299,3841813.85563042,615.077520540037,L6_1,503.0,,
264552.95772299,3841813.85563042,615.077520540037,L6_1,503.0,,
264552.95772299,3841813.85563042,615.077520540037,L6_1,503.0,,
264552.95772299,3841813.85563042,615.077520540037,L6_1,503.0,,
264552.95772299,3841813.85563042,615.077520540037,L6_1,503.0,,
264552.95772299,3841813.85563042,615.077520540037,L6_1,503.0,,
264552.95772299,3841813.85563042,615.077520540037,L6_1,503.0,,
264552.95772299,3841813.85563042,615.077520540037,L6_1,503.0,,
264552.95772299,3841813.85563042,615.077520540037,L6_1,503.0,,
264552.95772299,3841813.85563042,615.077520540037,L6_1,503.0,,
264552.95772299,3841813.85563042,615.077520540037,L6_1,503.0,,
264552.95772299,3841813.85563042,615.077520540037,L6_1,503.0,,
264552.95772299,3841813.85563042,615.077520540037,L6_1,503.0,,
264552.95772299,3841813.85563042,615.077520540037,L6_1,503.0,,
264552.95772299,3841813.85563042,615.077520540037,L6_1,503.0,,
264552.95772299,3841813.85563042,615.077520540037,L6_1,503.0,,
264558.325865915,3841817.53227492,615.197517359771,L6_1,509.5,615.197517359771,6.44689598502809
264558.325865915,3841817.53227492,615.197517359771,L6_1,509.5,610.117124560614,7.56467471432633
264558.325865915,3841817.53227492,615.197517359771,L6_1,509.5,604.782712121501,8.35476381363688
264558.325865915,3841817.53227492,615.197517359771,L6_1,509.5,599.181579060431,6.06930348262774
264558.325865915,3841817.53227492,615.197517359771,L6_1,509.5,593.300389346308,3.64063470860565
264558.325865915,3841817.53227492,615.197517359771,L6_1,509.5,587.125140146479,2.63842960843728
264558.325865915,3841817.53227492,615.197517359771,L6_1,509.5,580.641128486658,2.70641559439711
264558.325865915,3841817.53227492,615.197517359771,L6_1,509.5,573.832916243846,3.44796520381178
264558.325865915,3841817.53227492,615.197517359771,L6_1,509.5,566.684293388894,4.54487554956631
264558.325865915,3841817.53227492,615.197517359771,L6_1,509.5,559.178239391194,5.69349444866786
264558.325865915,3841817.53227492,615.197517359771,L6_1,509.5,551.296882693609,6.71122022878091
264558.325865915,3841817.53227492,615.197517359771,L6_1,509.5,543.021458161145,7.56788558382934
264558.325865915,3841817.53227492,615.197517359771,L6_1,509.5,534.332262402057,8.32509025484249
264558.325865915,3841817.53227492,615.197517359771,L6_1,509.5,525.208606855016,9.08379111353623
264558.325865915,3841817.53227492,615.197517359771,L6_1,509.5,515.628768530622,9.95381623157996
264558.325865915,3841817.53227492,615.197517359771,L6_1,509.5,505.569938290008,11.026969234835
264558.325865915,3841817.53227492,615.197517359771,L6_1,509.5,495.008166537364,12.3564873011751
264558.325865915,3841817.53227492,615.197517359771,L6_1,509.5,483.918306197088,13.9498100447775
264558.325865915,3841817.53227492,615.197517359771,L6_1,509.5,472.273952839797,15.774247408365
264558.325865915,3841817.53227492,615.197517359771,L6_1,509.5,460.047381814642,17.7708845185719
264558.325865915,3841817.53227492,615.197517359771,L6_1,509.5,447.20948223823,19.8702492462553
264558.325865915,3841817.53227492,615.197517359771,L6_1,509.5,433.729687682997,22.0036460193063
264558.325865915,3841817.53227492,615.197517359771,L6_1,509.5,419.575903400002,24.1078671889161
264558.325865915,3841817.53227492,615.197517359771,L6_1,509.5,404.714429902857,26.1252826697132
264558.325865915,3841817.53227492,615.197517359771,L6_1,509.5,389.109882730856,28.0027128560584
264558.325865915,3841817.53227492,615.197517359771,L6_1,509.5,372.725108200254,29.6911270303405
264558.325865915,3841817.53227492,615.197517359771,L6_1,509.5,355.521094943122,31.1464065090607
264558.325865915,3841817.53227492,615.197517359771,L6_1,509.5,337.456881023133,32.3307341149969
264558.325865915,3841817.53227492,615.197517359771,L6_1,509.5,318.489456407145,33.2141039081249
264558.325865915,3841817.53227492,615.197517359771,L6_1,509.5,298.573660560358,33.7755344114988
264558.325865915,3841817.53227492,615.197517359771,L6_1,509.5,277.662074921231,34.0039105640013
264558.325865915,3841817.53227492,615.197517359771,L6_1,509.5,255.708451005632,33.8985894457087
264558.325865915,3841817.53227492,615.197517359771,L6_1,509.5,233.018253536091,33.4791246040277
264558.325865915,3841817.53227492,615.197517359771,L6_1,509.5,209.193546193073,32.7740045949815
264558.325865915,3841817.53227492,615.197517359771,L6_1,509.5,184.177603482904,31.8095494661652
264558.325865915,3841817.53227492,615.197517359771,L6_1,509.5,157.910863637227,30.6185481207733
264558.325865915,3841817.53227492,615.197517359771,L6_1,509.5,130.330786799265,29.2388244987124
264558.325865915,3841817.53227492,615.197517359771,L6_1,509.5,101.371706119406,27.7117066000784
264558.325865915,3841817.53227492,615.197517359771,L6_1,509.5,70.9646714055538,26.0804761179238
264558.325865915,3841817.53227492,615.197517359771,L6_1,509.5,39.0372849560089,24.3888777598466
264558.325865915,3841817.53227492,615.197517359771,L6_1,509.5,,
264558.325865915,3841817.53227492,615.197517359771,L6_1,509.5,,
264558.325865915,3841817.53227492,615.197517359771,L6_1,509.5,,
264558.325865915,3841817.53227492,615.197517359771,L6_1,509.5,,
264558.325865915,3841817.53227492,615.197517359771,L6_1,509.5,,
264558.325865915,3841817.53227492,615.197517359771,L6_1,509.5,,
264558.325865915,3841817.53227492,615.197517359771,L6_1,509.5,,
264558.325865915,3841817.53227492,615.197517359771,L6_1,509.5,,
264558.325865915,3841817.53227492,615.197517359771,L6_1,509.5,,
264558.325865915,3841817.53227492,615.197517359771,L6_1,509.5,,
264558.325865915,3841817.53227492,615.197517359771,L6_1,509.5,,
264558.325865915,3841817.53227492,615.197517359771,L6_1,509.5,,
264558.325865915,3841817.53227492,615.197517359771,L6_1,509.5,,
264558.325865915,3841817.53227492,615.197517359771,L6_1,509.5,,
264558.325865915,3841817.53227492,615.197517359771,L6_1,509.5,,
264558.325865915,3841817.53227492,615.197517359771,L6_1,509.5,,
264558.325865915,3841817.53227492,615.197517359771,L6_1,509.5,,
264558.325865915,3841817.53227492,615.197517359771,L6_1,509.5,,
264558.325865915,3841817.53227492,615.197517359771,L6_1,509.5,,
264558.325865915,3841817.53227492,615.197517359771,L6_1,509.5,,
264558.325865915,3841817.53227492,615.197517359771,L6_1,509.5,,
264563.281074769,3841820.92610061,615.352665000999,L6_1,515.5,615.352665000999,6.58766441121118
264563.281074769,3841820.92610061,615.352665000999,L6_1,515.5,610.270078271051,7.84309272683716
264563.281074769,3841820.92610061,615.352665000999,L6_1,515.5,604.933362204606,8.81524249888668
264563.281074769,3841820.92610061,615.352665000999,L6_1,515.5,599.329810334838,6.37865958286397
264563.281074769,3841820.92610061,615.352665000999,L6_1,515.5,593.446080871582,3.7571986230895
264563.281074769,3841820.92610061,615.352665000999,L6_1,515.5,587.268164935164,2.66790329672799
264563.281074769,3841820.92610061,615.352665000999,L6_1,515.5,580.781353201924,2.7027102261402
264563.281074769,3841820.92610061,615.352665000999,L6_1,515.5,573.970200882022,3.43185287051657
264563.281074769,3841820.92610061,615.352665000999,L6_1,515.5,566.818490946125,4.52728398900624
264563.281074769,3841820.92610061,615.352665000999,L6_1,515.5,559.309195513434,5.67748716520861
264563.281074769,3841820.92610061,615.352665000999,L6_1,515.5,551.424435309108,6.69270523044863
264563.281074769,3841820.92610061,615.352665000999,L6_1,515.5,543.145437094565,7.53984659389974
264563.281074769,3841820.92610061,615.352665000999,L6_1,515.5,534.452488969296,8.28072145811486
264563.281074769,3841820.92610061,615.352665000999,L6_1,515.5,525.324893437763,9.01719078914411
264563.281074769,3841820.92610061,615.352665000999,L6_1,515.5,515.740918129653,9.85956598487145
264563.281074769,3841820.92610061,615.352665000999,L6_1,515.5,505.677744056138,10.8998147200196
264563.281074769,3841820.92610061,615.352665000999,L6_1,515.5,495.111411278947,12.1916582873243
264563.281074769,3841820.92610061,615.352665000999,L6_1,515.5,484.016761862896,13.7439584870584
264563.281074769,3841820.92610061,615.352665000999,L6_1,515.5,472.367379976043,15.5265242415241
264563.281074769,3841820.92610061,615.352665000999,L6_1,515.5,460.135528994847,17.4835398955229
264563.281074769,3841820.92610061,615.352665000999,L6_1,515.5,447.292085464592,19.5484302707406
264563.281074769,3841820.92610061,615.352665000999,L6_1,515.5,433.806469757823,21.654557829369
264563.281074769,3841820.92610061,615.352665000999,L6_1,515.5,419.646573265717,23.7397401841801
264563.281074769,3841820.92610061,615.352665000999,L6_1,515.5,404.778681949005,25.7465339661867
264563.281074769,3841820.92610061,615.352665000999,L6_1,515.5,389.167396066457,27.6214196940733
264563.281074769,3841820.92610061,615.352665000999,L6_1,515.5,372.775545889782,29.3147241897321
264563.281074769,3841820.92610061,615.352665000999,L6_1,515.5,355.564103204273,30.7815162364585
264563.281074769,3841820.92610061,615.352665000999,L6_1,515.5,337.492088384489,31.9830643474585
264563.281074769,3841820.92610061,615.352665000999,L6_1,515.5,318.516472823716,32.8883588276218
264563.281074769,3841820.92610061,615.352665000999,L6_1,515.5,298.592076484904,33.4753423730562
264563.281074769,3841820.92610061,615.352665000999,L6_1,515.5,277.671460329151,33.7317908185726
264563.281074769,3841820.92610061,615.352665000999,L6_1,515.5,255.708451005632,33.6559504121199
264563.281074769,3841820.92610061,615.352665000999,L6_1,515.5,233.018253536091,33.2665148957996
264563.281074769,3841820.92610061,615.352665000999,L6_1,515.5,209.193546193073,32.5912103538674
264563.281074769,3841820.92610061,615.352665000999,L6_1,515.5,184.177603482904,31.6555004201189
264563.281074769,3841820.92610061,615.352665000999,L6_1,515.5,157.910863637227,30.4914681374416
264563.281074769,3841820.92610061,615.352665000999,L6_1,515.5,130.330786799265,29.136395407646
264563.281074769,3841820.92610061,615.352665000999,L6_1,515.5,101.371706119406,27.6312348397418
264563.281074769,3841820.92610061,615.352665000999,L6_1,515.5,70.9646714055538,26.0190623984723
264563.281074769,3841820.92610061,615.352665000999,L6_1,515.5,39.0372849560089,24.3435695581577
264563.281074769,3841820.92610061,615.352665000999,L6_1,515.5,,
264563.281074769,3841820.92610061,615.352665000999,L6_1,515.5,,
264563.281074769,3841820.92610061,615.352665000999,L6_1,515.5,,
264563.281074769,3841820.92610061,615.352665000999,L6_1,515.5,,
264563.281074769,3841820.92610061,615.352665000999,L6_1,515.5,,
264563.281074769,3841820.92610061,615.352665000999,L6_1,515.5,,
264563.281074769,3841820.92610061,615.352665000999,L6_1,515.5,,
264563.281074769,3841820.92610061,615.352665000999,L6_1,515.5,,
264563.281074769,3841820.92610061,615.352665000999,L6_1,515.5,,
264563.281074769,3841820.92610061,615.352665000999,L6_1,515.5,,
264563.281074769,3841820.92610061,615.352665000999,L6_1,515.5,,
264563.281074769,3841820.92610061,615.352665000999,L6_1,515.5,,
264563.281074769,3841820.92610061,615.352665000999,L6_1,515.5,,
264563.281074769,3841820.92610061,615.352665000999,L6_1,515.5,,
264563.281074769,3841820.92610061,615.352665000999,L6_1,515.5,,
264563.281074769,3841820.92610061,615.352665000999,L6_1,515.5,,
264563.281074769,3841820.92610061,615.352665000999,L6_1,515.5,,
264563.281074769,3841820.92610061,615.352665000999,L6_1,515.5,,
264563.281074769,3841820.92610061,615.352665000999,L6_1,515.5,,
264563.281074769,3841820.92610061,615.352665000999,L6_1,515.5,,
264563.281074769,3841820.92610061,615.352665000999,L6_1,515.5,,
264568.649217694,3841824.60274511,615.543106470159,L6_1,522.0,615.543106470159,6.00525921052686
264568.649217694,3841824.60274511,615.543106470159,L6_1,522.0,610.457826722129,6.63455238707182
264568.649217694,3841824.60274511,615.543106470159,L6_1,522.0,605.118282986697,6.78190546923963
264568.649217694,3841824.60274511,615.543106470159,L6_1,522.0,599.511762064494,4.99559397640432
264568.649217694,3841824.60274511,615.543106470159,L6_1,522.0,593.624915096181,3.23432639429273
264568.649217694,3841824.60274511,615.543106470159,L6_1,522.0,587.443725779452,2.5405380571314
264568.649217694,3841824.60274511,615.543106470159,L6_1,522.0,580.953476996887,2.74406644458711
264568.649217694,3841824.60274511,615.543106470159,L6_1,522.0,574.138715775193,3.56875987227063
264568.649217694,3841824.60274511,615.543106470159,L6_1,522.0,566.983216492415,4.71845222424555
264568.649217694,3841824.60274511,615.543106470159,L6_1,522.0,559.469942245497,5.88527972102498
264568.649217694,3841824.60274511,615.543106470159,L6_1,522.0,551.581004286234,6.88619402253064
264568.649217694,3841824.60274511,615.543106470159,L6_1,522.0,543.297619429008,7.69548758486418
264568.649217694,3841824.60274511,615.543106470159,L6_1,522.0,534.60006532892,8.38288328240606
264568.649217694,3841824.60274511,615.543106470159,L6_1,522.0,525.467633523829,9.05939246014566
264568.649217694,3841824.60274511,615.543106470159,L6_1,522.0,515.878580128482,9.84237523651695
264568.649217694,3841824.60274511,615.543106470159,L6_1,522.0,505.810074063368,10.826491088913
264568.649217694,3841824.60274511,615.543106470159,L6_1,522.0,495.238142694999,12.0652082818552
264568.649217694,3841824.60274511,615.543106470159,L6_1,522.0,484.137614758211,13.5667955958095
264568.649217694,3841824.60274511,615.543106470159,L6_1,522.0,472.482060424583,15.3015702100335
264568.649217694,3841824.60274511,615.543106470159,L6_1,522.0,460.243728374274,17.215287247726
264568.649217694,3841824.60274511,615.543106470159,L6_1,522.0,447.39347972145,19.2432079796538
264568.649217694,3841824.60274511,615.543106470159,L6_1,522.0,433.900718635985,21.3200777781599
264568.649217694,3841824.60274511,615.543106470159,L6_1,522.0,419.733319496246,23.3843536156848
264568.649217694,3841824.60274511,615.543106470159,L6_1,522.0,404.85755039952,25.3785931381238
264568.649217694,3841824.60274511,615.543106470159,L6_1,522.0,389.237992847958,27.2488967267517
264568.649217694,3841824.60274511,615.543106470159,L6_1,522.0,372.837457418818,28.9450089963533
264568.649217694,3841824.60274511,615.543106470159,L6_1,522.0,355.616895218221,30.421283683169
264568.649217694,3841824.60274511,615.543106470159,L6_1,522.0,337.535304907594,31.6381684071795
264568.649217694,3841824.60274511,615.543106470159,L6_1,522.0,318.549635081436,32.5637384477281
264568.649217694,3841824.60274511,615.543106470159,L6_1,522.0,298.61468176397,33.1749061588059
264568.649217694,3841824.60274511,615.543106470159,L6_1,522.0,277.68298078063,33.4583507618716
264568.649217694,3841824.60274511,615.543106470159,L6_1,522.0,255.708451005632,33.4111996361755
264568.649217694,3841824.60274511,615.543106470159,L6_1,522.0,233.018253536091,33.0512695763508
264568.649217694,3841824.60274511,615.543106470159,L6_1,522.0,209.193546193073,32.4054887905806
264568.649217694,3841824.60274511,615.543106470159,L6_1,522.0,184.177603482904,31.4984106367964
264568.649217694,3841824.60274511,615.543106470159,L6_1,522.0,157.910863637227,30.3613644759448
264568.649217694,3841824.60274511,615.543106470159,L6_1,522.0,130.330786799265,29.0310562086903
264568.649217694,3841824.60274511,615.543106470159,L6_1,522.0,101.371706119406,27.5480324788914
264568.649217694,3841824.60274511,615.543106470159,L6_1,522.0,70.9646714055538,25.9551383851949
264568.649217694,3841824.60274511,615.543106470159,L6_1,522.0,39.0372849560089,24.2959930987079
264568.649217694,3841824.60274511,615.543106470159,L6_1,522.0,,
264568.649217694,3841824.60274511,615.543106470159,L6_1,522.0,,
264568.649217694,3841824.60274511,615.543106470159,L6_1,522.0,,
264568.649217694,3841824.60274511,615.543106470159,L6_1,522.0,,
264568.649217694,3841824.60274511,615.543106470159,L6_1,522.0,,
264568.649217694,3841824.60274511,615.543106470159,L6_1,522.0,,
264568.649217694,3841824.60274511,615.543106470159,L6_1,522.0,,
264568.649217694,3841824.60274511,615.543106470159,L6_1,522.0,,
264568.649217694,3841824.60274511,615.543106470159,L6_1,522.0,,
264568.649217694,3841824.60274511,615.543106470159,L6_1,522.0,,
264568.649217694,3841824.60274511,615.543106470159,L6_1,522.0,,
264568.649217694,3841824.60274511,615.543106470159,L6_1,522.0,,
264568.649217694,3841824.60274511,615.543106470159,L6_1,522.0,,
264568.649217694,3841824.60274511,615.543106470159,L6_1,522.0,,
264568.649217694,3841824.60274511,615.543106470159,L6_1,522.0,,
264568.649217694,3841824.60274511,615.543106470159,L6_1,522.0,,
264568.649217694,3841824.60274511,615.543106470159,L6_1,522.0,,
264568.649217694,3841824.60274511,615.543106470159,L6_1,522.0,,
264568.649217694,3841824.60274511,615.543106470159,L6_1,522.0,,
264568.649217694,3841824.60274511,615.543106470159,L6_1,522.0,,
264568.649217694,3841824.60274511,615.543106470159,L6_1,522.0,,
264573.603869042,3841827.99659002,615.733547939318,L6_1,528.0,615.733547939318,7.88119040714405
264573.603869042,3841827.99659002,615.733547939318,L6_1,528.0,610.645575173206,7.41807393384172
264573.603869042,3841827.99659002,615.733547939318,L6_1,528.0,605.303203768789,5.82075103889877
264573.603869042,3841827.99659002,615.733547939318,L6_1,528.0,599.69371379415,3.87593132431486
264573.603869042,3841827.99659002,615.733547939318,L6_1,528.0,593.803749320779,2.68941985547717
264573.603869042,3841827.99659002,615.733547939318,L6_1,528.0,587.61928662374,2.40827643611786
264573.603869042,3841827.99659002,615.733547939318,L6_1,528.0,581.125600791849,2.85967157158375
264573.603869042,3841827.99659002,615.733547939318,L6_1,528.0,574.307230668364,3.8492293933496
264573.603869042,3841827.99659002,615.733547939318,L6_1,528.0,567.147942038704,5.09004325036574
264573.603869042,3841827.99659002,615.733547939318,L6_1,528.0,559.630688977561,6.27868963309985
264573.603869042,3841827.99659002,615.733547939318,L6_1,528.0,551.737573263361,7.24956125705625
264573.603869042,3841827.99659002,615.733547939318,L6_1,528.0,543.449801763451,7.9928693465209
264573.603869042,3841827.99659002,615.733547939318,L6_1,528.0,534.747641688545,8.59350280048701
264573.603869042,3841827.99659002,615.733547939318,L6_1,528.0,525.610373609895,9.17892660380677
264573.603869042,3841827.99659002,615.733547939318,L6_1,528.0,516.016242127311,9.87830124781031
264573.603869042,3841827.99659002,615.733547939318,L6_1,528.0,505.942404070599,10.7899322592612
264573.603869042,3841827.99659002,615.733547939318,L6_1,528.0,495.364874111051,11.9655988591996
264573.603869042,3841827.99659002,615.733547939318,L6_1,528.0,484.258467653525,13.4109228615282
264573.603869042,3841827.99659002,615.733547939318,L6_1,528.0,472.596740873123,15.0949728843982
264573.603869042,3841827.99659002,615.733547939318,L6_1,528.0,460.351927753701,16.9638213338271
264573.603869042,3841827.99659002,615.733547939318,L6_1,528.0,447.494873978308,18.9537493890457
264573.603869042,3841827.99659002,615.733547939318,L6_1,528.0,433.994967514146,21.0003897139481
264573.603869042,3841827.99659002,615.733547939318,L6_1,528.0,419.820065726775,23.0425819013406
264573.603869042,3841827.99659002,615.733547939318,L6_1,528.0,404.936418850036,25.0228037303755
264573.603869042,3841827.99659002,615.733547939318,L6_1,528.0,389.308589629459,26.8868002642069
264573.603869042,3841827.99659002,615.733547939318,L6_1,528.0,372.899368947854,28.5838175081213
264573.603869042,3841827.99659002,615.733547939318,L6_1,528.0,355.669687232169,30.0676134961192
264573.603869042,3841827.99659002,615.733547939318,L6_1,528.0,337.578521430699,31.2979368531331
264573.603869042,3841827.99659002,615.733547939318,L6_1,528.0,318.582797339156,32.2420435040258
264573.603869042,3841827.99659002,615.733547939318,L6_1,528.0,298.637287043036,32.8758916856954
264573.603869042,3841827.99659002,615.733547939318,L6_1,528.0,277.69450123211,33.1851045827915
264573.603869042,3841827.99659002,615.733547939318,L6_1,528.0,255.708451005632,33.16568799283
264573.603869042,3841827.99659002,615.733547939318,L6_1,528.0,233.018253536091,32.8345611062963
264573.603869042,3841827.99659002,615.733547939318,L6_1,528.0,209.193546193073,32.2178315600582
264573.603869042,3841827.99659002,615.733547939318,L6_1,528.0,184.177603482904,31.3391069597069
264573.603869042,3841827.99659002,615.733547939318,L6_1,528.0,157.910863637227,30.2289200103864
264573.603869042,3841827.99659002,615.733547939318,L6_1,528.0,130.330786799265,28.9233591166192
264573.603869042,3841827.99659002,615.733547939318,L6_1,528.0,101.371706119406,27.4625358544587
264573.603869042,3841827.99659002,615.733547939318,L6_1,528.0,70.9646714055538,25.8890398775428
264573.603869042,3841827.99659002,615.733547939318,L6_1,528.0,39.0372849560089,24.2464007379274
264573.603869042,3841827.99659002,615.733547939318,L6_1,528.0,,
264573.603869042,3841827.99659002,615.733547939318,L6_1,528.0,,
264573.603869042,3841827.99659002,615.733547939318,L6_1,528.0,,
264573.603869042,3841827.99659002,615.733547939318,L6_1,528.0,,
264573.603869042,3841827.99659002,615.733547939318,L6_1,528.0,,
264573.603869042,3841827.99659002,615.733547939318,L6_1,528.0,,
264573.603869042,3841827.99659002,615.733547939318,L6_1,528.0,,
264573.603869042,3841827.99659002,615.733547939318,L6_1,528.0,,
264573.603869042,3841827.99659002,615.733547939318,L6_1,528.0,,
264573.603869042,3841827.99659002,615.733547939318,L6_1,528.0,,
264573.603869042,3841827.99659002,615.733547939318,L6_1,528.0,,
264573.603869042,3841827.99659002,615.733547939318,L6_1,528.0,,
264573.603869042,3841827.99659002,615.733547939318,L6_1,528.0,,
264573.603869042,3841827.99659002,615.733547939318,L6_1,528.0,,
264573.603869042,3841827.99659002,615.733547939318,L6_1,528.0,,
264573.603869042,3841827.99659002,615.733547939318,L6_1,528.0,,
264573.603869042,3841827.99659002,615.733547939318,L6_1,528.0,,
264573.603869042,3841827.99659002,615.733547939318,L6_1,528.0,,
264573.603869042,3841827.99659002,615.733547939318,L6_1,528.0,,
264573.603869042,3841827.99659002,615.733547939318,L6_1,528.0,,
264573.603869042,3841827.99659002,615.733547939318,L6_1,528.0,,
264578.970804038,3841831.67327616,615.923989408478,L6_1,534.5,615.923989408478,14.2192139704681
264578.970804038,3841831.67327616,615.923989408478,L6_1,534.5,610.833323624284,10.9732476539714
264578.970804038,3841831.67327616,615.923989408478,L6_1,534.5,605.48812455088,6.0647520159114
264578.970804038,3841831.67327616,615.923989408478,L6_1,534.5,599.875665523806,3.32399250085926
264578.970804038,3841831.67327616,615.923989408478,L6_1,534.5,593.982583545378,2.31579700200011
264578.970804038,3841831.67327616,615.923989408478,L6_1,534.5,587.794847468029,2.31565312707033
264578.970804038,3841831.67327616,615.923989408478,L6_1,534.5,581.297724586812,3.02331146323493
264578.970804038,3841831.67327616,615.923989408478,L6_1,534.5,574.475745561534,4.22108754391501
264578.970804038,3841831.67327616,615.923989408478,L6_1,534.5,567.312667584993,5.58220567104142
264578.970804038,3841831.67327616,615.923989408478,L6_1,534.5,559.791435709624,6.79787967711314
264578.970804038,3841831.67327616,615.923989408478,L6_1,534.5,551.894142240487,7.72532976926936
264578.970804038,3841831.67327616,615.923989408478,L6_1,534.5,543.601984097894,8.37860450774915
264578.970804038,3841831.67327616,615.923989408478,L6_1,534.5,534.89521804817,8.86636562538875
264578.970804038,3841831.67327616,615.923989408478,L6_1,534.5,525.753113695961,9.3392547475115
264578.970804038,3841831.67327616,615.923989408478,L6_1,534.5,516.15390412614,9.94068516194487
264578.970804038,3841831.67327616,615.923989408478,L6_1,534.5,506.074734077829,10.7717085682471
264578.970804038,3841831.67327616,615.923989408478,L6_1,534.5,495.491605527103,11.8804148258166
264578.970804038,3841831.67327616,615.923989408478,L6_1,534.5,484.37932054884,13.2680020406262
264578.970804038,3841831.67327616,615.923989408478,L6_1,534.5,472.711421321663,14.90105197044
264578.970804038,3841831.67327616,615.923989408478,L6_1,534.5,460.460127133128,16.7251629141389
264578.970804038,3841831.67327616,615.923989408478,L6_1,534.5,447.596268235167,18.67716011188
264578.970804038,3841831.67327616,615.923989408478,L6_1,534.5,434.089216392307,20.6932998607362
264578.970804038,3841831.67327616,615.923989408478,L6_1,534.5,419.906811957304,22.7126987516774
264578.970804038,3841831.67327616,615.923989408478,L6_1,534.5,405.015287300551,24.6777691301647
264578.970804038,3841831.67327616,615.923989408478,L6_1,534.5,389.37918641096,26.5339843021294
264578.970804038,3841831.67327616,615.923989408478,L6_1,534.5,372.96128047689,28.2302087861972
264578.970804038,3841831.67327616,615.923989408478,L6_1,534.5,355.722479246117,29.71973943889
264578.970804038,3841831.67327616,615.923989408478,L6_1,534.5,337.621737953804,30.9617551522696
264578.970804038,3841831.67327616,615.923989408478,L6_1,534.5,318.615959596876,31.9227915580645
264578.970804038,3841831.67327616,615.923989408478,L6_1,534.5,298.659892322102,32.577929509429
264578.970804038,3841831.67327616,615.923989408478,L6_1,534.5,277.706021683589,32.9117778168104
264578.970804038,3841831.67327616,615.923989408478,L6_1,534.5,255.708451005632,32.9192205085946
264578.970804038,3841831.67327616,615.923989408478,L6_1,534.5,233.018253536091,32.6162585532718
264578.970804038,3841831.67327616,615.923989408478,L6_1,534.5,209.193546193073,32.0281569926537
264578.970804038,3841831.67327616,615.923989408478,L6_1,534.5,184.177603482904,31.1775453823882
264578.970804038,3841831.67327616,615.923989408478,L6_1,534.5,157.910863637227,30.0941173771981
264578.970804038,3841831.67327616,615.923989408478,L6_1,534.5,130.330786799265,28.8133048733767
264578.970804038,3841831.67327616,615.923989408478,L6_1,534.5,101.371706119406,27.3747576300225
264578.970804038,3841831.67327616,615.923989408478,L6_1,534.5,70.9646714055538,25.8207861429449
264578.970804038,3841831.67327616,615.923989408478,L6_1,534.5,39.0372849560089,24.1948136054897
264578.970804038,3841831.67327616,615.923989408478,L6_1,534.5,,
264578.970804038,3841831.67327616,615.923989408478,L6_1,534.5,,
264578.970804038,3841831.67327616,615.923989408478,L6_1,534.5,,
264578.970804038,3841831.67327616,615.923989408478,L6_1,534.5,,
264578.970804038,3841831.67327616,615.923989408478,L6_1,534.5,,
264578.970804038,3841831.67327616,615.923989408478,L6_1,534.5,,
264578.970804038,3841831.67327616,615.923989408478,L6_1,534.5,,
264578.970804038,3841831.67327616,615.923989408478,L6_1,534.5,,
264578.970804038,3841831.67327616,615.923989408478,L6_1,534.5,,
264578.970804038,3841831.67327616,615.923989408478,L6_1,534.5,,
264578.970804038,3841831.67327616,615.923989408478,L6_1,534.5,,
264578.970804038,3841831.67327616,615.923989408478,L6_1,534.5,,
264578.970804038,3841831.67327616,615.923989408478,L6_1,534.5,,
264578.970804038,3841831.67327616,615.923989408478,L6_1,534.5,,
264578.970804038,3841831.67327616,615.923989408478,L6_1,534.5,,
264578.970804038,3841831.67327616,615.923989408478,L6_1,534.5,,
264578.970804038,3841831.67327616,615.923989408478,L6_1,534.5,,
264578.970804038,3841831.67327616,615.923989408478,L6_1,534.5,,
264578.970804038,3841831.67327616,615.923989408478,L6_1,534.5,,
264578.970804038,3841831.67327616,615.923989408478,L6_1,534.5,,
264578.970804038,3841831.67327616,615.923989408478,L6_1,534.5,,
264583.92489788,3841835.06714029,616.134852198836,L6_1,540.5,616.134852198836,19.2249283395326
264583.92489788,3841835.06714029,616.134852198836,L6_1,540.5,611.041204620236,14.4475726568293
264583.92489788,3841835.06714029,616.134852198836,L6_1,540.5,605.692874662706,7.08715713240597
264583.92489788,3841835.06714029,616.134852198836,L6_1,540.5,600.0771282073,3.33379906146939
264583.92489788,3841835.06714029,616.134852198836,L6_1,540.5,594.180594429124,2.21616072993145
264583.92489788,3841835.06714029,616.134852198836,L6_1,540.5,587.989233962039,2.33513315593513
264583.92489788,3841835.06714029,616.134852198836,L6_1,540.5,581.4883054716,3.23533327206276
264583.92489788,3841835.06714029,616.134852198836,L6_1,540.5,574.662330556638,4.61882344815415
264583.92489788,3841835.06714029,616.134852198836,L6_1,540.5,567.495056895929,6.08763794710685
264583.92489788,3841835.06714029,616.134852198836,L6_1,540.5,559.969419552184,7.31986283925009
264583.92489788,3841835.06714029,616.134852198836,L6_1,540.5,552.067500341252,8.19379083877375
264583.92489788,3841835.06714029,616.134852198836,L6_1,540.5,543.770485169773,8.74821735288692
264583.92489788,3841835.06714029,616.134852198836,L6_1,540.5,535.05861923972,9.1184905170697
264583.92489788,3841835.06714029,616.134852198836,L6_1,540.5,525.911160013165,9.47963339546859
264583.92489788,3841835.06714029,616.134852198836,L6_1,540.5,516.306327825282,9.98775852489947
264583.92489788,3841835.06714029,616.134852198836,L6_1,540.5,506.221254028005,10.744330884635
264583.92489788,3841835.06714029,616.134852198836,L6_1,540.5,495.631926540864,11.7921642956605
264583.92489788,3841835.06714029,616.134852198836,L6_1,540.5,484.513132679366,13.1273075599319
264583.92489788,3841835.06714029,616.134852198836,L6_1,540.5,472.838399124793,14.7135972916208
264583.92489788,3841835.06714029,616.134852198836,L6_1,540.5,460.579928892491,16.4960908236672
264583.92489788,3841835.06714029,616.134852198836,L6_1,540.5,447.708535148574,18.4121772266121
264583.92489788,3841835.06714029,616.134852198836,L6_1,540.5,434.193571717461,20.3988166043067
264583.92489788,3841835.06714029,616.134852198836,L6_1,540.5,420.002860114793,22.3955322625453
264583.92489788,3841835.06714029,616.134852198836,L6_1,540.5,405.102612931992,24.3448291451337
264583.92489788,3841835.06714029,616.134852198836,L6_1,540.5,389.45735339005,26.1920827846731
264583.92489788,3841835.06714029,616.134852198836,L6_1,540.5,373.029830871011,27.8859606949502
264583.92489788,3841835.06714029,616.134852198836,L6_1,540.5,355.78093222602,29.3794805124512
264583.92489788,3841835.06714029,616.134852198836,L6_1,540.5,337.66958864878,30.6314065438956
264583.92489788,3841835.06714029,616.134852198836,L6_1,540.5,318.652677892678,31.6076771152007
264583.92489788,3841835.06714029,616.134852198836,L6_1,540.5,298.68492159877,32.2825938007782
264583.92489788,3841835.06714029,616.134852198836,L6_1,540.5,277.718777490167,32.6397980418293
264583.92489788,3841835.06714029,616.134852198836,L6_1,540.5,255.708451005632,32.6730621560055
264583.92489788,3841835.06714029,616.134852198836,L6_1,540.5,233.018253536091,32.3974726490469
264583.92489788,3841835.06714029,616.134852198836,L6_1,540.5,209.193546193073,31.8374250464997
264583.92489788,3841835.06714029,616.134852198836,L6_1,540.5,184.177603482904,31.0145320517381
264583.92489788,3841835.06714029,616.134852198836,L6_1,540.5,157.910863637227,29.9576157072923
264583.92489788,3841835.06714029,616.134852198836,L6_1,540.5,130.330786799265,28.7014229998983
264583.92489788,3841835.06714029,616.134852198836,L6_1,540.5,101.371706119406,27.2851178826019
264583.92489788,3841835.06714029,616.134852198836,L6_1,540.5,70.9646714055538,25.7507071074859
264583.92489788,3841835.06714029,616.134852198836,L6_1,540.5,39.0372849560089,24.1414872413022
264583.92489788,3841835.06714029,616.134852198836,L6_1,540.5,,
264583.92489788,3841835.06714029,616.134852198836,L6_1,540.5,,
264583.92489788,3841835.06714029,616.134852198836,L6_1,540.5,,
264583.92489788,3841835.06714029,616.134852198836,L6_1,540.5,,
264583.92489788,3841835.06714029,616.134852198836,L6_1,540.5,,
264583.92489788,3841835.06714029,616.134852198836,L6_1,540.5,,
264583.92489788,3841835.06714029,616.134852198836,L6_1,540.5,,
264583.92489788,3841835.06714029,616.134852198836,L6_1,540.5,,
264583.92489788,3841835.06714029,616.134852198836,L6_1,540.5,,
264583.92489788,3841835.06714029,616.134852198836,L6_1,540.5,,
264583.92489788,3841835.06714029,616.134852198836,L6_1,540.5,,
264583.92489788,3841835.06714029,616.134852198836,L6_1,540.5,,
264583.92489788,3841835.06714029,616.134852198836,L6_1,540.5,,
264583.92489788,3841835.06714029,616.134852198836,L6_1,540.5,,
264583.92489788,3841835.06714029,616.134852198836,L6_1,540.5,,
264583.92489788,3841835.06714029,616.134852198836,L6_1,540.5,,
264583.92489788,3841835.06714029,616.134852198836,L6_1,540.5,,
264583.92489788,3841835.06714029,616.134852198836,L6_1,540.5,,
264583.92489788,3841835.06714029,616.134852198836,L6_1,540.5,,
264583.92489788,3841835.06714029,616.134852198836,L6_1,540.5,,
264583.92489788,3841835.06714029,616.134852198836,L6_1,540.5,,
264589.291832876,3841838.74382643,616.366192332866,L6_1,547.0,616.366192332866,18.6791061709988
264589.291832876,3841838.74382643,616.366192332866,L6_1,547.0,611.269273391328,15.6610721443864
264589.291832876,3841838.74382643,616.366192332866,L6_1,547.0,605.917508502714,8.35088863394402
264589.291832876,3841838.74382643,616.366192332866,L6_1,547.0,600.298155369669,3.63430269834418
264589.291832876,3841838.74382643,616.366192332866,L6_1,547.0,594.397834579971,2.27430774793619
264589.291832876,3841838.74382643,616.366192332866,L6_1,547.0,588.202497750789,2.41371832353242
264589.291832876,3841838.74382643,616.366192332866,L6_1,547.0,581.697394080148,3.42972283120347
264589.291832876,3841838.74382643,616.366192332866,L6_1,547.0,574.867035225974,4.94228921881308
264589.291832876,3841838.74382643,616.366192332866,L6_1,547.0,567.695158429092,6.48556634335696
264589.291832876,3841838.74382643,616.366192332866,L6_1,547.0,560.164687792366,7.72151996390413
264589.291832876,3841838.74382643,616.366192332866,L6_1,547.0,552.257693623803,8.54300846572843
264589.291832876,3841838.74382643,616.366192332866,L6_1,547.0,543.955349746813,9.00973401234092
264589.291832876,3841838.74382643,616.366192332866,L6_1,547.0,535.237888675973,9.28113316533254
264589.291832876,3841838.74382643,616.366192332866,L6_1,547.0,526.08455455159,9.55245882611289
264589.291832876,3841838.74382643,616.366192332866,L6_1,547.0,516.473553720989,9.98812803601009
264589.291832876,3841838.74382643,616.366192332866,L6_1,547.0,506.382002848858,10.6875514338902
264589.291832876,3841838.74382643,616.366192332866,L6_1,547.0,495.78587443312,11.6878242686582
264589.291832876,3841838.74382643,616.366192332866,L6_1,547.0,484.659939596595,12.9803794281901
264589.291832876,3841838.74382643,616.366192332866,L6_1,547.0,472.977708018244,14.5270022073102
264589.291832876,3841838.74382643,616.366192332866,L6_1,547.0,460.711364860975,16.2727729773574
264589.291832876,3841838.74382643,616.366192332866,L6_1,547.0,447.831704545843,18.1560685311002
264589.291832876,3841838.74382643,616.366192332866,L6_1,547.0,434.308061214955,20.1148936092208
264589.291832876,3841838.74382643,616.366192332866,L6_1,547.0,420.108235717522,22.0894754386916
264589.291832876,3841838.74382643,616.366192332866,L6_1,547.0,405.198418945217,24.0226773247001
264589.291832876,3841838.74382643,616.366192332866,L6_1,547.0,389.543111334297,25.8600148026675
264589.291832876,3841838.74382643,616.366192332866,L6_1,547.0,373.105038342831,27.5501764980946
264589.291832876,3841838.74382643,616.366192332866,L6_1,547.0,355.845061701792,29.0460991350648
264589.291832876,3841838.74382643,616.366192332866,L6_1,547.0,337.722086228701,30.3062933852907
264589.291832876,3841838.74382643,616.366192332866,L6_1,547.0,318.692961981955,31.2962256757912
264589.291832876,3841838.74382643,616.366192332866,L6_1,547.0,298.712381522872,31.9895172447144
264589.291832876,3841838.74382643,616.366192332866,L6_1,547.0,277.732772040835,32.3688897345687
264589.291832876,3841838.74382643,616.366192332866,L6_1,547.0,255.708451005632,32.4270144459061
264589.291832876,3841838.74382643,616.366192332866,L6_1,547.0,233.018253536091,32.1780679575545
264589.291832876,3841838.74382643,616.366192332866,L6_1,547.0,209.193546193073,31.6455500980835
264589.291832876,3841838.74382643,616.366192332866,L6_1,547.0,184.177603482904,30.8500191106542
264589.291832876,3841838.74382643,616.366192332866,L6_1,547.0,157.910863637227,29.819395246239
264589.291832876,3841838.74382643,616.366192332866,L6_1,547.0,130.330786799265,28.587712467447
264589.291832876,3841838.74382643,616.366192332866,L6_1,547.0,101.371706119406,27.1936265698481
264589.291832876,3841838.74382643,616.366192332866,L6_1,547.0,70.9646714055538,25.6788187139359
264589.291832876,3841838.74382643,616.366192332866,L6_1,547.0,39.0372849560089,24.0864402655637
264589.291832876,3841838.74382643,616.366192332866,L6_1,547.0,,
264589.291832876,3841838.74382643,616.366192332866,L6_1,547.0,,
264589.291832876,3841838.74382643,616.366192332866,L6_1,547.0,,
264589.291832876,3841838.74382643,616.366192332866,L6_1,547.0,,
264589.291832876,3841838.74382643,616.366192332866,L6_1,547.0,,
264589.291832876,3841838.74382643,616.366192332866,L6_1,547.0,,
264589.291832876,3841838.74382643,616.366192332866,L6_1,547.0,,
264589.291832876,3841838.74382643,616.366192332866,L6_1,547.0,,
264589.291832876,3841838.74382643,616.366192332866,L6_1,547.0,,
264589.291832876,3841838.74382643,616.366192332866,L6_1,547.0,,
264589.291832876,3841838.74382643,616.366192332866,L6_1,547.0,,
264589.291832876,3841838.74382643,616.366192332866,L6_1,547.0,,
264589.291832876,3841838.74382643,616.366192332866,L6_1,547.0,,
264589.291832876,3841838.74382643,616.366192332866,L6_1,547.0,,
264589.291832876,3841838.74382643,616.366192332866,L6_1,547.0,,
264589.291832876,3841838.74382643,616.366192332866,L6_1,547.0,,
264589.291832876,3841838.74382643,616.366192332866,L6_1,547.0,,
264589.291832876,3841838.74382643,616.366192332866,L6_1,547.0,,
264589.291832876,3841838.74382643,616.366192332866,L6_1,547.0,,
264589.291832876,3841838.74382643,616.366192332866,L6_1,547.0,,
264589.291832876,3841838.74382643,616.366192332866,L6_1,547.0,,
264594.246098343,3841842.13769364,616.597532466896,L6_1,553.0,616.597532466896,19.2651296157548
264594.246098343,3841842.13769364,616.597532466896,L6_1,553.0,611.49734216242,16.3281212196731
264594.246098343,3841842.13769364,616.597532466896,L6_1,553.0,606.142142342721,8.71589962752145
264594.246098343,3841842.13769364,616.597532466896,L6_1,553.0,600.519182532037,3.70779225879332
264594.246098343,3841842.13769364,616.597532466896,L6_1,553.0,594.615074730818,2.29634910222568
264594.246098343,3841842.13769364,616.597532466896,L6_1,553.0,588.415761539539,2.46191748617769
264594.246098343,3841842.13769364,616.597532466896,L6_1,553.0,581.906482688695,3.53215825849743
264594.246098343,3841842.13769364,616.597532466896,L6_1,553.0,575.07173989531,5.09142304189794
264594.246098343,3841842.13769364,616.597532466896,L6_1,553.0,567.895259962255,6.64874544372989
264594.246098343,3841842.13769364,616.597532466896,L6_1,553.0,560.359956032548,7.86752186222267
264594.246098343,3841842.13769364,616.597532466896,L6_1,553.0,552.447886906355,8.6499015408749
264594.246098343,3841842.13769364,616.597532466896,L6_1,553.0,544.140214323852,9.06478745890159
264594.246098343,3841842.13769364,616.597532466896,L6_1,553.0,535.417158112225,9.28326018799587
264594.246098343,3841842.13769364,616.597532466896,L6_1,553.0,526.257949090016,9.50979046141368
264594.246098343,3841842.13769364,616.597532466896,L6_1,553.0,516.640779616696,9.91056965486017
264594.246098343,3841842.13769364,616.597532466896,L6_1,553.0,506.542751669711,10.5813753826571
264594.246098343,3841842.13769364,616.597532466896,L6_1,553.0,495.939822325376,11.5547994215102
264594.246098343,3841842.13769364,616.597532466896,L6_1,553.0,484.806746513824,12.8195413382722
264594.246098343,3841842.13769364,616.597532466896,L6_1,553.0,473.117016911695,14.3369049342813
264594.246098343,3841842.13769364,616.597532466896,L6_1,553.0,460.84280082946,16.0530896185392
264594.246098343,3841842.13769364,616.597532466896,L6_1,553.0,447.954873943113,17.9082170026668
264594.246098343,3841842.13769364,616.597532466896,L6_1,553.0,434.422550712448,19.8419012481623
264594.246098343,3841842.13769364,616.597532466896,L6_1,553.0,420.21361132025,21.7955275565431
264594.246098343,3841842.13769364,616.597532466896,L6_1,553.0,405.294224958442,23.7126880621705
264594.246098343,3841842.13769364,616.597532466896,L6_1,553.0,389.628869278544,25.5393584299904
264594.246098343,3841842.13769364,616.597532466896,L6_1,553.0,373.180245814651,27.2245281368719
264594.246098343,3841842.13769364,616.597532466896,L6_1,553.0,355.909191177563,28.7212701142258
264594.246098343,3841842.13769364,616.597532466896,L6_1,553.0,337.774583808621,29.9880296014466
264594.246098343,3841842.13769364,616.597532466896,L6_1,553.0,318.733246071232,30.9899607517976
264594.246098343,3841842.13769364,616.597532466896,L6_1,553.0,298.739841446973,31.7000990823136
264594.246098343,3841842.13769364,616.597532466896,L6_1,553.0,277.746766591502,32.1003162578336
264594.246098343,3841842.13769364,616.597532466896,L6_1,553.0,255.708451005632,32.1822303751116
264594.246098343,3841842.13769364,616.597532466896,L6_1,553.0,233.018253536091,31.9590778373197
264594.246098343,3841842.13769364,616.597532466896,L6_1,553.0,209.193546193073,31.4534241235978
264594.246098343,3841842.13769364,616.597532466896,L6_1,553.0,184.177603482904,30.6847586752336
264594.246098343,3841842.13769364,616.597532466896,L6_1,553.0,157.910863637227,29.6800808854008
264594.246098343,3841842.13769364,616.597532466896,L6_1,553.0,130.330786799265,28.4726868075606
264594.246098343,3841842.13769364,616.597532466896,L6_1,553.0,101.371706119406,27.1006933840241
264594.246098343,3841842.13769364,616.597532466896,L6_1,553.0,70.9646714055538,25.6054390145218
264594.246098343,3841842.13769364,616.597532466896,L6_1,553.0,39.0372849560089,24.0299143710643
264594.246098343,3841842.13769364,616.597532466896,L6_1,553.0,,
264594.246098343,3841842.13769364,616.597532466896,L6_1,553.0,,
264594.246098343,3841842.13769364,616.597532466896,L6_1,553.0,,
264594.246098343,3841842.13769364,616.597532466896,L6_1,553.0,,
264594.246098343,3841842.13769364,616.597532466896,L6_1,553.0,,
264594.246098343,3841842.13769364,616.597532466896,L6_1,553.0,,
264594.246098343,3841842.13769364,616.597532466896,L6_1,553.0,,
264594.246098343,3841842.13769364,616.597532466896,L6_1,553.0,,
264594.246098343,3841842.13769364,616.597532466896,L6_1,553.0,,
264594.246098343,3841842.13769364,616.597532466896,L6_1,553.0,,
264594.246098343,3841842.13769364,616.597532466896,L6_1,553.0,,
264594.246098343,3841842.13769364,616.597532466896,L6_1,553.0,,
264594.246098343,3841842.13769364,616.597532466896,L6_1,553.0,,
264594.246098343,3841842.13769364,616.597532466896,L6_1,553.0,,
264594.246098343,3841842.13769364,616.597532466896,L6_1,553.0,,
264594.246098343,3841842.13769364,616.597532466896,L6_1,553.0,,
264594.246098343,3841842.13769364,616.597532466896,L6_1,553.0,,
264594.246098343,3841842.13769364,616.597532466896,L6_1,553.0,,
264594.246098343,3841842.13769364,616.597532466896,L6_1,553.0,,
264594.246098343,3841842.13769364,616.597532466896,L6_1,553.0,,
264594.246098343,3841842.13769364,616.597532466896,L6_1,553.0,,
264599.613405192,3841845.81438646,616.828872600925,L6_1,559.5,616.828872600925,19.935842375838
264599.613405192,3841845.81438646,616.828872600925,L6_1,559.5,611.725410933512,15.7661668982178
264599.613405192,3841845.81438646,616.828872600925,L6_1,559.5,606.366776182728,7.87379760439442
264599.613405192,3841845.81438646,616.828872600925,L6_1,559.5,600.740209694405,3.45056596899133
264599.613405192,3841845.81438646,616.828872600925,L6_1,559.5,594.832314881665,2.24212057085723
264599.613405192,3841845.81438646,616.828872600925,L6_1,559.5,588.629025328289,2.4632814028038
264599.613405192,3841845.81438646,616.828872600925,L6_1,559.5,582.115571297243,3.53019363328024
264599.613405192,3841845.81438646,616.828872600925,L6_1,559.5,575.276444564646,5.04200831973755
264599.613405192,3841845.81438646,616.828872600925,L6_1,559.5,568.095361495418,6.53817833181536
264599.613405192,3841845.81438646,616.828872600925,L6_1,559.5,560.555224272729,7.71132198542672
264599.613405192,3841845.81438646,616.828872600925,L6_1,559.5,552.638080188906,8.46987943248874
264599.613405192,3841845.81438646,616.828872600925,L6_1,559.5,544.325078900892,8.87714879458415
264599.613405192,3841845.81438646,616.828872600925,L6_1,559.5,535.596427548477,9.09855534378382
264599.613405192,3841845.81438646,616.828872600925,L6_1,559.5,526.431343628441,9.33350799978168
264599.613405192,3841845.81438646,616.828872600925,L6_1,559.5,516.808005512403,9.74267872915003
264599.613405192,3841845.81438646,616.828872600925,L6_1,559.5,506.703500490563,10.4171657816851
264599.613405192,3841845.81438646,616.828872600925,L6_1,559.5,496.093770217632,11.3869506619671
264599.613405192,3841845.81438646,616.828872600925,L6_1,559.5,484.953553431054,12.6403413524711
264599.613405192,3841845.81438646,616.828872600925,L6_1,559.5,473.256325805147,14.1399981102446
264599.613405192,3841845.81438646,616.828872600925,L6_1,559.5,460.974236797944,15.8345038431781
264599.613405192,3841845.81438646,616.828872600925,L6_1,559.5,448.078043340382,17.6666027478462
264599.613405192,3841845.81438646,616.828872600925,L6_1,559.5,434.537040209941,19.5781740500811
264599.613405192,3841845.81438646,616.828872600925,L6_1,559.5,420.318986922978,21.5122800747585
264599.613405192,3841845.81438646,616.828872600925,L6_1,559.5,405.390030971668,23.4136555885147
264599.613405192,3841845.81438646,616.828872600925,L6_1,559.5,389.714627222791,25.2290823892477
264599.613405192,3841845.81438646,616.828872600925,L6_1,559.5,373.255453286471,26.9081420040613
264599.613405192,3841845.81438646,616.828872600925,L6_1,559.5,355.973320653335,28.4042652701362
264599.613405192,3841845.81438646,616.828872600925,L6_1,559.5,337.827081388542,29.6760201563966
264599.613405192,3841845.81438646,616.828872600925,L6_1,559.5,318.773530160509,30.6884065800762
264599.613405192,3841845.81438646,616.828872600925,L6_1,559.5,298.767301371075,31.4139678374412
264599.613405192,3841845.81438646,616.828872600925,L6_1,559.5,277.760761142169,31.8337962606468
264599.613405192,3841845.81438646,616.828872600925,L6_1,559.5,255.708451005632,31.9385078035452
264599.613405192,3841845.81438646,616.828872600925,L6_1,559.5,233.018253536091,31.7403667815379
264599.613405192,3841845.81438646,616.828872600925,L6_1,559.5,209.193546193073,31.2609630249051
264599.613405192,3841845.81438646,616.828872600925,L6_1,559.5,184.177603482904,30.5187032542056
264599.613405192,3841845.81438646,616.828872600925,L6_1,559.5,157.910863637227,29.539651331412
264599.613405192,3841845.81438646,616.828872600925,L6_1,559.5,130.330786799265,28.3563430933319
264599.613405192,3841845.81438646,616.828872600925,L6_1,559.5,101.371706119406,27.0063264023256
264599.613405192,3841845.81438646,616.828872600925,L6_1,559.5,70.9646714055538,25.5305826355762
264599.613405192,3841845.81438646,616.828872600925,L6_1,559.5,39.0372849560089,23.9719267178639
264599.613405192,3841845.81438646,616.828872600925,L6_1,559.5,,
264599.613405192,3841845.81438646,616.828872600925,L6_1,559.5,,
264599.613405192,3841845.81438646,616.828872600925,L6_1,559.5,,
264599.613405192,3841845.81438646,616.828872600925,L6_1,559.5,,
264599.613405192,3841845.81438646,616.828872600925,L6_1,559.5,,
264599.613405192,3841845.81438646,616.828872600925,L6_1,559.5,,
264599.613405192,3841845.81438646,616.828872600925,L6_1,559.5,,
264599.613405192,3841845.81438646,616.828872600925,L6_1,559.5,,
264599.613405192,3841845.81438646,616.828872600925,L6_1,559.5,,
264599.613405192,3841845.81438646,616.828872600925,L6_1,559.5,,
264599.613405192,3841845.81438646,616.828872600925,L6_1,559.5,,
264599.613405192,3841845.81438646,616.828872600925,L6_1,559.5,,
264599.613405192,3841845.81438646,616.828872600925,L6_1,559.5,,
264599.613405192,3841845.81438646,616.828872600925,L6_1,559.5,,
264599.613405192,3841845.81438646,616.828872600925,L6_1,559.5,,
264599.613405192,3841845.81438646,616.828872600925,L6_1,559.5,,
264599.613405192,3841845.81438646,616.828872600925,L6_1,559.5,,
264599.613405192,3841845.81438646,616.828872600925,L6_1,559.5,,
264599.613405192,3841845.81438646,616.828872600925,L6_1,559.5,,
264599.613405192,3841845.81438646,616.828872600925,L6_1,559.5,,
264599.613405192,3841845.81438646,616.828872600925,L6_1,559.5,,
264604.567842283,3841849.20825675,616.952430129156,L6_1,565.5,616.952430129156,17.0658076468894
264604.567842283,3841849.20825675,616.952430129156,L6_1,565.5,611.847221244295,13.1862395750484
264604.567842283,3841849.20825675,616.952430129156,L6_1,565.5,606.48675191519,6.58427311827601
264604.567842283,3841849.20825675,616.952430129156,L6_1,565.5,600.858259119631,3.08484280014342
264604.567842283,3841849.20825675,616.952430129156,L6_1,565.5,594.948341684293,2.14627456283454
264604.567842283,3841849.20825675,616.952430129156,L6_1,565.5,588.742928377189,2.40942479564911
264604.567842283,3841849.20825675,616.952430129156,L6_1,565.5,582.227244404729,3.40827240971703
264604.567842283,3841849.20825675,616.952430129156,L6_1,565.5,575.385776233647,4.79006238304088
264604.567842283,3841849.20825675,616.952430129156,L6_1,565.5,568.20223465401,6.16497051777316
264604.567842283,3841849.20825675,616.952430129156,L6_1,565.5,560.659515995391,7.27149559374127
264604.567842283,3841849.20825675,616.952430129156,L6_1,565.5,552.739661403842,8.02129105278498
264604.567842283,3841849.20825675,616.952430129156,L6_1,565.5,544.423814082715,8.46102866903165
264604.567842283,3841849.20825675,616.952430129156,L6_1,565.5,535.692174395531,8.73612926082371
264604.567842283,3841849.20825675,616.952430129156,L6_1,565.5,526.523952723989,9.02833492673499
264604.567842283,3841849.20825675,616.952430129156,L6_1,565.5,516.897319968869,9.48620205206824
264604.567842283,3841849.20825675,616.952430129156,L6_1,565.5,506.789355575994,10.1950715291455
264604.567842283,3841849.20825675,616.952430129156,L6_1,565.5,496.175992963474,11.1838334919494
264604.567842283,3841849.20825675,616.952430129156,L6_1,565.5,485.031962220329,12.4423399195978
264604.567842283,3841849.20825675,616.952430129156,L6_1,565.5,473.330729940026,13.9361418910903
264604.567842283,3841849.20825675,616.952430129156,L6_1,565.5,461.044436045708,15.61727433357
264604.567842283,3841849.20825675,616.952430129156,L6_1,565.5,448.143827456675,17.4318722503904
264604.567842283,3841849.20825675,616.952430129156,L6_1,565.5,434.598188438189,19.3246805402769
264604.567842283,3841849.20825675,616.952430129156,L6_1,565.5,420.37526746878,21.2409339667133
264604.567842283,3841849.20825675,616.952430129156,L6_1,565.5,405.4412004509,23.1269382798815
264604.567842283,3841849.20825675,616.952430129156,L6_1,565.5,389.760430082125,24.9306373918573
264604.567842283,3841849.20825675,616.952430129156,L6_1,565.5,373.295621194913,26.6024918170069
264604.567842283,3841849.20825675,616.952430129156,L6_1,565.5,356.007571863339,28.0965458202852
264604.567842283,3841849.20825675,616.952430129156,L6_1,565.5,337.855120065187,29.3716869210455
264604.567842283,3841849.20825675,616.952430129156,L6_1,565.5,318.795045677127,30.3929026211485
264604.567842283,3841849.20825675,616.952430129156,L6_1,565.5,298.781967569664,31.1323658658653
264604.567842283,3841849.20825675,616.952430129156,L6_1,565.5,277.768235556829,31.5704719490688
264604.567842283,3841849.20825675,616.952430129156,L6_1,565.5,255.708451005632,31.6968895936267
264604.567842283,3841849.20825675,616.952430129156,L6_1,565.5,233.018253536091,31.5228768449343
264604.567842283,3841849.20825675,616.952430129156,L6_1,565.5,209.193546193073,31.0689903106703
264604.567842283,3841849.20825675,616.952430129156,L6_1,565.5,184.177603482904,30.352555240428
264604.567842283,3841849.20825675,616.952430129156,L6_1,565.5,157.910863637227,29.3986881463175
264604.567842283,3841849.20825675,616.952430129156,L6_1,565.5,130.330786799265,28.2391477543101
264604.567842283,3841849.20825675,616.952430129156,L6_1,565.5,101.371706119406,26.9108977087452
264604.567842283,3841849.20825675,616.952430129156,L6_1,565.5,70.9646714055538,25.4545438075128
264604.567842283,3841849.20825675,616.952430129156,L6_1,565.5,39.0372849560089,23.9127055519797
264604.567842283,3841849.20825675,616.952430129156,L6_1,565.5,,
264604.567842283,3841849.20825675,616.952430129156,L6_1,565.5,,
264604.567842283,3841849.20825675,616.952430129156,L6_1,565.5,,
264604.567842283,3841849.20825675,616.952430129156,L6_1,565.5,,
264604.567842283,3841849.20825675,616.952430129156,L6_1,565.5,,
264604.567842283,3841849.20825675,616.952430129156,L6_1,565.5,,
264604.567842283,3841849.20825675,616.952430129156,L6_1,565.5,,
264604.567842283,3841849.20825675,616.952430129156,L6_1,565.5,,
264604.567842283,3841849.20825675,616.952430129156,L6_1,565.5,,
264604.567842283,3841849.20825675,616.952430129156,L6_1,565.5,,
264604.567842283,3841849.20825675,616.952430129156,L6_1,565.5,,
264604.567842283,3841849.20825675,616.952430129156,L6_1,565.5,,
264604.567842283,3841849.20825675,616.952430129156,L6_1,565.5,,
264604.567842283,3841849.20825675,616.952430129156,L6_1,565.5,,
264604.567842283,3841849.20825675,616.952430129156,L6_1,565.5,,
264604.567842283,3841849.20825675,616.952430129156,L6_1,565.5,,
264604.567842283,3841849.20825675,616.952430129156,L6_1,565.5,,
264604.567842283,3841849.20825675,616.952430129156,L6_1,565.5,,
264604.567842283,3841849.20825675,616.952430129156,L6_1,565.5,,
264604.567842283,3841849.20825675,616.952430129156,L6_1,565.5,,
264604.567842283,3841849.20825675,616.952430129156,L6_1,565.5,,
264609.935149132,3841852.88494957,616.968009104775,L6_1,572.0,616.968009104775,11.7064480873356
264609.935149132,3841852.88494957,616.968009104775,L6_1,572.0,611.862579918824,9.61217223243298
264609.935149132,3841852.88494957,616.968009104775,L6_1,572.0,606.501879273577,5.3773884397429
264609.935149132,3841852.88494957,616.968009104775,L6_1,572.0,600.873143596066,2.78899403317047
264609.935149132,3841852.88494957,616.968009104775,L6_1,572.0,594.962971134681,2.07139523114563
264609.935149132,3841852.88494957,616.968009104775,L6_1,572.0,588.757290050226,2.33344081696369
264609.935149132,3841852.88494957,616.968009104775,L6_1,572.0,582.241324911548,3.20682573114324
264609.935149132,3841852.88494957,616.968009104775,L6_1,572.0,575.399561515937,4.40068263621542
264609.935149132,3841852.88494957,616.968009104775,L6_1,572.0,568.215709950544,5.61280463499919
264609.935149132,3841852.88494957,616.968009104775,L6_1,572.0,560.672665806883,6.63378161472571
264609.935149132,3841852.88494957,616.968009104775,L6_1,572.0,552.752469456038,7.37847298003559
264609.935149132,3841852.88494957,616.968009104775,L6_1,572.0,544.436263287651,7.87281145035047
264609.935149132,3841852.88494957,616.968009104775,L6_1,572.0,535.704246810844,8.23402983129135
264609.935149132,3841852.88494957,616.968009104775,L6_1,572.0,526.535629510197,8.61743657493683
264609.935149132,3841852.88494957,616.968009104775,L6_1,572.0,516.908581344518,9.15400597793023
264609.935149132,3841852.88494957,616.968009104775,L6_1,572.0,506.800180770555,9.92157470219217
264609.935149132,3841852.88494957,616.968009104775,L6_1,572.0,496.186360167894,10.9482418993754
264609.935149132,3841852.88494957,616.968009104775,L6_1,572.0,485.0418485351,12.2262851693483
264609.935149132,3841852.88494957,616.968009104775,L6_1,572.0,473.340111320666,13.724977501567
264609.935149132,3841852.88494957,616.968009104775,L6_1,572.0,461.05328724551,15.4004640540819
264609.935149132,3841852.88494957,616.968009104775,L6_1,572.0,448.152121966596,17.2028126716483
264609.935149132,3841852.88494957,616.968009104775,L6_1,572.0,434.605898423737,19.0801133736566
264609.935149132,3841852.88494957,616.968009104775,L6_1,572.0,420.382363703735,20.9801994246063
264609.935149132,3841852.88494957,616.968009104775,L6_1,572.0,405.447652247733,22.8513330253164
264609.935149132,3841852.88494957,616.968009104775,L6_1,572.0,389.76620521893,24.6429485887396
264609.935149132,3841852.88494957,616.968009104775,L6_1,572.0,373.300685838688,26.306651547697
264609.935149132,3841852.88494957,616.968009104775,L6_1,572.0,356.011890489433,27.7973399931228
264609.935149132,3841852.88494957,616.968009104775,L6_1,572.0,337.858655372716,29.0744074719406
264609.935149132,3841852.88494957,616.968009104775,L6_1,572.0,318.797758500163,30.1029628295881
264609.935149132,3841852.88494957,616.968009104775,L6_1,572.0,298.783816783982,30.8549261129169
264609.935149132,3841852.88494957,616.968009104775,L6_1,572.0,277.769177981992,31.3100761368096
264609.935149132,3841852.88494957,616.968009104775,L6_1,572.0,255.708451005632,31.4571888380974
264609.935149132,3841852.88494957,616.968009104775,L6_1,572.0,233.018253536091,31.3064833493847
264609.935149132,3841852.88494957,616.968009104775,L6_1,572.0,209.193546193073,30.8774278151423
264609.935149132,3841852.88494957,616.968009104775,L6_1,572.0,184.177603482904,30.1862720576131
264609.935149132,3841852.88494957,616.968009104775,L6_1,572.0,157.910863637227,29.2571740113401
264609.935149132,3841852.88494957,616.968009104775,L6_1,572.0,130.330786799265,28.1211002676273
264609.935149132,3841852.88494957,616.968009104775,L6_1,572.0,101.371706119406,26.8144176345959
264609.935149132,3841852.88494957,616.968009104775,L6_1,572.0,70.9646714055538,25.3773379364078
264609.935149132,3841852.88494957,616.968009104775,L6_1,572.0,39.0372849560089,23.8522692224305
264609.935149132,3841852.88494957,616.968009104775,L6_1,572.0,,
264609.935149132,3841852.88494957,616.968009104775,L6_1,572.0,,
264609.935149132,3841852.88494957,616.968009104775,L6_1,572.0,,
264609.935149132,3841852.88494957,616.968009104775,L6_1,572.0,,
264609.935149132,3841852.88494957,616.968009104775,L6_1,572.0,,
264609.935149132,3841852.88494957,616.968009104775,L6_1,572.0,,
264609.935149132,3841852.88494957,616.968009104775,L6_1,572.0,,
264609.935149132,3841852.88494957,616.968009104775,L6_1,572.0,,
264609.935149132,3841852.88494957,616.968009104775,L6_1,572.0,,
264609.935149132,3841852.88494957,616.968009104775,L6_1,572.0,,
264609.935149132,3841852.88494957,616.968009104775,L6_1,572.0,,
264609.935149132,3841852.88494957,616.968009104775,L6_1,572.0,,
264609.935149132,3841852.88494957,616.968009104775,L6_1,572.0,,
264609.935149132,3841852.88494957,616.968009104775,L6_1,572.0,,
264609.935149132,3841852.88494957,616.968009104775,L6_1,572.0,,
264609.935149132,3841852.88494957,616.968009104775,L6_1,572.0,,
264609.935149132,3841852.88494957,616.968009104775,L6_1,572.0,,
264609.935149132,3841852.88494957,616.968009104775,L6_1,572.0,,
264609.935149132,3841852.88494957,616.968009104775,L6_1,572.0,,
264609.935149132,3841852.88494957,616.968009104775,L6_1,572.0,,
264609.935149132,3841852.88494957,616.968009104775,L6_1,572.0,,
264614.889760022,3841856.27875379,616.983588080393,L6_1,578.0,616.983588080393,7.90391959187448
264614.889760022,3841856.27875379,616.983588080393,L6_1,578.0,611.877938593354,6.85631003642643
264614.889760022,3841856.27875379,616.983588080393,L6_1,578.0,606.517006631963,4.33617583583293
264614.889760022,3841856.27875379,616.983588080393,L6_1,578.0,600.888028072502,2.53882909532075
264614.889760022,3841856.27875379,616.983588080393,L6_1,578.0,594.977600585068,2.01169980622503
264614.889760022,3841856.27875379,616.983588080393,L6_1,578.0,588.771651723263,2.24986720771924
264614.889760022,3841856.27875379,616.983588080393,L6_1,578.0,582.255405418367,2.97831646039321
264614.889760022,3841856.27875379,616.983588080393,L6_1,578.0,575.413346798227,3.97196209963771
264614.889760022,3841856.27875379,616.983588080393,L6_1,578.0,568.229185247079,5.00982985704946
264614.889760022,3841856.27875379,616.983588080393,L6_1,578.0,560.685815618374,5.93148238808169
264614.889760022,3841856.27875379,616.983588080393,L6_1,578.0,552.765277508234,6.6599956115787
264614.889760022,3841856.27875379,616.983588080393,L6_1,578.0,544.448712492587,7.20604048476989
264614.889760022,3841856.27875379,616.983588080393,L6_1,578.0,535.716319226157,7.65925418304817
264614.889760022,3841856.27875379,616.983588080393,L6_1,578.0,526.547306296406,8.14539864850383
264614.889760022,3841856.27875379,616.983588080393,L6_1,578.0,516.919842720167,8.77432918457289
264614.889760022,3841856.27875379,616.983588080393,L6_1,578.0,506.811005965117,9.61404479252477
264614.889760022,3841856.27875379,616.983588080393,L6_1,578.0,496.196727372314,10.6907083890311
264614.889760022,3841856.27875379,616.983588080393,L6_1,578.0,485.051734849871,11.9985618454704
264614.889760022,3841856.27875379,616.983588080393,L6_1,578.0,473.349492701305,13.5104503669077
264614.889760022,3841856.27875379,616.983588080393,L6_1,578.0,461.062138445311,15.1866415299099
264614.889760022,3841856.27875379,616.983588080393,L6_1,578.0,448.160416476518,16.9812552469142
264614.889760022,3841856.27875379,616.983588080393,L6_1,578.0,434.613608409285,18.8459305635372
264614.889760022,3841856.27875379,616.983588080393,L6_1,578.0,420.389459938691,20.731364289922
264614.889760022,3841856.27875379,616.983588080393,L6_1,578.0,405.454104044566,22.5880576579221
264614.889760022,3841856.27875379,616.983588080393,L6_1,578.0,389.771980355736,24.3672080713809
264614.889760022,3841856.27875379,616.983588080393,L6_1,578.0,373.305750482463,26.0218168676922
264614.889760022,3841856.27875379,616.983588080393,L6_1,578.0,356.016209115528,27.5078450426409
264614.889760022,3841856.27875379,616.983588080393,L6_1,578.0,337.862190680245,28.785371322932
264614.889760022,3841856.27875379,616.983588080393,L6_1,578.0,318.800471323198,29.8197641695904
264614.889760022,3841856.27875379,616.983588080393,L6_1,578.0,298.7856659983,30.5827866534666
264614.889760022,3841856.27875379,616.983588080393,L6_1,578.0,277.770120407156,31.0536794254644
264614.889760022,3841856.27875379,616.983588080393,L6_1,578.0,255.708451005632,31.2203740761525
264614.889760022,3841856.27875379,616.983588080393,L6_1,578.0,233.018253536091,31.0920345745499
264614.889760022,3841856.27875379,616.983588080393,L6_1,578.0,209.193546193073,30.6870114308418
264614.889760022,3841856.27875379,616.983588080393,L6_1,578.0,184.177603482904,30.0204815806945
264614.889760022,3841856.27875379,616.983588080393,L6_1,578.0,157.910863637227,29.1156368236973
264614.889760022,3841856.27875379,616.983588080393,L6_1,578.0,130.330786799265,28.0026384373435
264614.889760022,3841856.27875379,616.983588080393,L6_1,578.0,101.371706119406,26.7172393454355
264614.889760022,3841856.27875379,616.983588080393,L6_1,578.0,70.9646714055538,25.2992408841329
264614.889760022,3841856.27875379,616.983588080393,L6_1,578.0,39.0372849560089,23.790829973996
264614.889760022,3841856.27875379,616.983588080393,L6_1,578.0,,
264614.889760022,3841856.27875379,616.983588080393,L6_1,578.0,,
264614.889760022,3841856.27875379,616.983588080393,L6_1,578.0,,
264614.889760022,3841856.27875379,616.983588080393,L6_1,578.0,,
264614.889760022,3841856.27875379,616.983588080393,L6_1,578.0,,
264614.889760022,3841856.27875379,616.983588080393,L6_1,578.0,,
264614.889760022,3841856.27875379,616.983588080393,L6_1,578.0,,
264614.889760022,3841856.27875379,616.983588080393,L6_1,578.0,,
264614.889760022,3841856.27875379,616.983588080393,L6_1,578.0,,
264614.889760022,3841856.27875379,616.983588080393,L6_1,578.0,,
264614.889760022,3841856.27875379,616.983588080393,L6_1,578.0,,
264614.889760022,3841856.27875379,616.983588080393,L6_1,578.0,,
264614.889760022,3841856.27875379,616.983588080393,L6_1,578.0,,
264614.889760022,3841856.27875379,616.983588080393,L6_1,578.0,,
264614.889760022,3841856.27875379,616.983588080393,L6_1,578.0,,
264614.889760022,3841856.27875379,616.983588080393,L6_1,578.0,,
264614.889760022,3841856.27875379,616.983588080393,L6_1,578.0,,
264614.889760022,3841856.27875379,616.983588080393,L6_1,578.0,,
264614.889760022,3841856.27875379,616.983588080393,L6_1,578.0,,
264614.889760022,3841856.27875379,616.983588080393,L6_1,578.0,,
264614.889760022,3841856.27875379,616.983588080393,L6_1,578.0,,
264620.257443436,3841859.95530347,616.999167056012,L6_1,584.5,616.999167056012,5.59727332417941
264620.257443436,3841859.95530347,616.999167056012,L6_1,584.5,611.893297267884,4.91439102688696
264620.257443436,3841859.95530347,616.999167056012,L6_1,584.5,606.532133990349,3.38155883373505
264620.257443436,3841859.95530347,616.999167056012,L6_1,584.5,600.902912548938,2.26080324594329
264620.257443436,3841859.95530347,616.999167056012,L6_1,584.5,594.992230035456,1.92892688769141
264620.257443436,3841859.95530347,616.999167056012,L6_1,584.5,588.7860133963,2.14970031688105
264620.257443436,3841859.95530347,616.999167056012,L6_1,584.5,582.269485925186,2.7452667215851
264620.257443436,3841859.95530347,616.999167056012,L6_1,584.5,575.427132080516,3.55596246562932
264620.257443436,3841859.95530347,616.999167056012,L6_1,584.5,568.242660543613,4.42840995745403
264620.257443436,3841859.95530347,616.999167056012,L6_1,584.5,560.698965429865,5.2451729712197
264620.257443436,3841859.95530347,616.999167056012,L6_1,584.5,552.77808556043,5.94329904586271
264620.257443436,3841859.95530347,616.999167056012,L6_1,584.5,544.461161697522,6.52658153195632
264620.257443436,3841859.95530347,616.999167056012,L6_1,584.5,535.72839164147,7.06209458418792
264620.257443436,3841859.95530347,616.999167056012,L6_1,584.5,526.558983082614,7.6473205207
264620.257443436,3841859.95530347,616.999167056012,L6_1,584.5,516.931104095816,8.37000047336776
264620.257443436,3841859.95530347,616.999167056012,L6_1,584.5,506.821831159678,9.28649766030359
264620.257443436,3841859.95530347,616.999167056012,L6_1,584.5,496.207094576734,10.4193434836894
264620.257443436,3841859.95530347,616.999167056012,L6_1,584.5,485.061621164641,11.7634757363749
264620.257443436,3841859.95530347,616.999167056012,L6_1,584.5,473.358874081945,13.2944761415469
264620.257443436,3841859.95530347,616.999167056012,L6_1,584.5,461.070989645113,14.9762611628042
264620.257443436,3841859.95530347,616.999167056012,L6_1,584.5,448.16871098644,16.7668027602028
264620.257443436,3841859.95530347,616.999167056012,L6_1,584.5,434.621318394833,18.6212830867963
264620.257443436,3841859.95530347,616.999167056012,L6_1,584.5,420.396556173646,20.4933870470765
264620.257443436,3841859.95530347,616.999167056012,L6_1,584.5,405.460555841399,22.3360421021571
264620.257443436,3841859.95530347,616.999167056012,L6_1,584.5,389.777755492541,24.1024145146726
264620.257443436,3841859.95530347,616.999167056012,L6_1,584.5,373.310815126239,25.7471080163198
264620.257443436,3841859.95530347,616.999167056012,L6_1,584.5,356.020527741622,27.2273249718998
264620.257443436,3841859.95530347,616.999167056012,L6_1,584.5,337.865725987774,28.5039886736517
264620.257443436,3841859.95530347,616.999167056012,L6_1,584.5,318.803184146234,29.542853326156
264620.257443436,3841859.95530347,616.999167056012,L6_1,584.5,298.787515212617,30.3156134111514
264620.257443436,3841859.95530347,616.999167056012,L6_1,584.5,277.771062832319,30.8010456420495
264620.257443436,3841859.95530347,616.999167056012,L6_1,584.5,255.708451005632,30.9862832317727
264620.257443436,3841859.95530347,616.999167056012,L6_1,584.5,233.018253536091,30.8794229750125
264620.257443436,3841859.95530347,616.999167056012,L6_1,584.5,209.193546193073,30.4976747246052
264620.257443436,3841859.95530347,616.999167056012,L6_1,584.5,184.177603482904,29.8551474636774
264620.257443436,3841859.95530347,616.999167056012,L6_1,584.5,157.910863637227,28.974061877455
264620.257443436,3841859.95530347,616.999167056012,L6_1,584.5,130.330786799265,27.8837619139101
264620.257443436,3841859.95530347,616.999167056012,L6_1,584.5,101.371706119406,26.6193708347628
264620.257443436,3841859.95530347,616.999167056012,L6_1,584.5,70.9646714055538,25.2202657122494
264620.257443436,3841859.95530347,616.999167056012,L6_1,584.5,39.0372849560089,23.728402629554
264620.257443436,3841859.95530347,616.999167056012,L6_1,584.5,,
264620.257443436,3841859.95530347,616.999167056012,L6_1,584.5,,
264620.257443436,3841859.95530347,616.999167056012,L6_1,584.5,,
264620.257443436,3841859.95530347,616.999167056012,L6_1,584.5,,
264620.257443436,3841859.95530347,616.999167056012,L6_1,584.5,,
264620.257443436,3841859.95530347,616.999167056012,L6_1,584.5,,
264620.257443436,3841859.95530347,616.999167056012,L6_1,584.5,,
264620.257443436,3841859.95530347,616.999167056012,L6_1,584.5,,
264620.257443436,3841859.95530347,616.999167056012,L6_1,584.5,,
264620.257443436,3841859.95530347,616.999167056012,L6_1,584.5,,
264620.257443436,3841859.95530347,616.999167056012,L6_1,584.5,,
264620.257443436,3841859.95530347,616.999167056012,L6_1,584.5,,
264620.257443436,3841859.95530347,616.999167056012,L6_1,584.5,,
264620.257443436,3841859.95530347,616.999167056012,L6_1,584.5,,
264620.257443436,3841859.95530347,616.999167056012,L6_1,584.5,,
264620.257443436,3841859.95530347,616.999167056012,L6_1,584.5,,
264620.257443436,3841859.95530347,616.999167056012,L6_1,584.5,,
264620.257443436,3841859.95530347,616.999167056012,L6_1,584.5,,
264620.257443436,3841859.95530347,616.999167056012,L6_1,584.5,,
264620.257443436,3841859.95530347,616.999167056012,L6_1,584.5,,
264620.257443436,3841859.95530347,616.999167056012,L6_1,584.5,,
264625.212228126,3841863.34904163,617.01474603163,L6_1,590.5,617.01474603163,3.97061014583379
264625.212228126,3841863.34904163,617.01474603163,L6_1,590.5,611.908655942413,3.54846977159179
264625.212228126,3841863.34904163,617.01474603163,L6_1,590.5,606.547261348735,2.6587936980227
264625.212228126,3841863.34904163,617.01474603163,L6_1,590.5,600.917797025373,2.01257070960631
264625.212228126,3841863.34904163,617.01474603163,L6_1,590.5,595.006859485843,1.84513288591468
264625.212228126,3841863.34904163,617.01474603163,L6_1,590.5,588.800375069337,2.06106728832621
264625.212228126,3841863.34904163,617.01474603163,L6_1,590.5,582.283566432005,2.55430795160478
264625.212228126,3841863.34904163,617.01474603163,L6_1,590.5,575.440917362806,3.21648669073051
264625.212228126,3841863.34904163,617.01474603163,L6_1,590.5,568.256135840148,3.94387031696059
264625.212228126,3841863.34904163,617.01474603163,L6_1,590.5,560.712115241357,4.6553415369528
264625.212228126,3841863.34904163,617.01474603163,L6_1,590.5,552.790893612626,5.30715852785809
264625.212228126,3841863.34904163,617.01474603163,L6_1,590.5,544.473610902458,5.9048815421798
264625.212228126,3841863.34904163,617.01474603163,L6_1,590.5,535.740464056783,6.50030959416035
264625.212228126,3841863.34904163,617.01474603163,L6_1,590.5,526.570659868823,7.16721763487636
264625.212228126,3841863.34904163,617.01474603163,L6_1,590.5,516.942365471465,7.97275499948335
264625.212228126,3841863.34904163,617.01474603163,L6_1,590.5,506.83265635424,8.96091513094256
264625.212228126,3841863.34904163,617.01474603163,L6_1,590.5,496.217461781153,10.1489289197345
264625.212228126,3841863.34904163,617.01474603163,L6_1,590.5,485.071507479412,11.5307484507643
264625.212228126,3841863.34904163,617.01474603163,L6_1,590.5,473.368255462584,13.0833631605429
264625.212228126,3841863.34904163,617.01474603163,L6_1,590.5,461.079840844915,14.7734140993865
264625.212228126,3841863.34904163,617.01474603163,L6_1,590.5,448.177005496362,16.5621581146786
264625.212228126,3841863.34904163,617.01474603163,L6_1,590.5,434.629028380381,18.408038635082
264625.212228126,3841863.34904163,617.01474603163,L6_1,590.5,420.403652408601,20.2676480169455
264625.212228126,3841863.34904163,617.01474603163,L6_1,590.5,405.467007638233,22.0963951456199
264625.212228126,3841863.34904163,617.01474603163,L6_1,590.5,389.783530629346,23.8495422557106
264625.212228126,3841863.34904163,617.01474603163,L6_1,590.5,373.315879770014,25.4834464482508
264625.212228126,3841863.34904163,617.01474603163,L6_1,590.5,356.024846367716,26.9566992804261
264625.212228126,3841863.34904163,617.01474603163,L6_1,590.5,337.869261295303,28.2311892092561
264625.212228126,3841863.34904163,617.01474603163,L6_1,590.5,318.80589696927,29.2731622068474
264625.212228126,3841863.34904163,617.01474603163,L6_1,590.5,298.789364426935,30.0543304014448
264625.212228126,3841863.34904163,617.01474603163,L6_1,590.5,277.772005257483,30.5530613013893
264625.212228126,3841863.34904163,617.01474603163,L6_1,590.5,255.708451005632,30.755729701104
264625.212228126,3841863.34904163,617.01474603163,L6_1,590.5,233.018253536091,30.6693742272962
264625.212228126,3841863.34904163,617.01474603163,L6_1,590.5,209.193546193073,30.3100572522736
264625.212228126,3841863.34904163,617.01474603163,L6_1,590.5,184.177603482904,29.6908228445054
264625.212228126,3841863.34904163,617.01474603163,L6_1,590.5,157.910863637227,28.8329141145679
264625.212228126,3841863.34904163,617.01474603163,L6_1,590.5,130.330786799265,27.7648489830372
264625.212228126,3841863.34904163,617.01474603163,L6_1,590.5,101.371706119406,26.5211166832841
264625.212228126,3841863.34904163,617.01474603163,L6_1,590.5,70.9646714055538,25.1406549189801
264625.212228126,3841863.34904163,617.01474603163,L6_1,590.5,39.0372849560089,23.665173960183
264625.212228126,3841863.34904163,617.01474603163,L6_1,590.5,,
264625.212228126,3841863.34904163,617.01474603163,L6_1,590.5,,
264625.212228126,3841863.34904163,617.01474603163,L6_1,590.5,,
264625.212228126,3841863.34904163,617.01474603163,L6_1,590.5,,
264625.212228126,3841863.34904163,617.01474603163,L6_1,590.5,,
264625.212228126,3841863.34904163,617.01474603163,L6_1,590.5,,
264625.212228126,3841863.34904163,617.01474603163,L6_1,590.5,,
264625.212228126,3841863.34904163,617.01474603163,L6_1,590.5,,
264625.212228126,3841863.34904163,617.01474603163,L6_1,590.5,,
264625.212228126,3841863.34904163,617.01474603163,L6_1,590.5,,
264625.212228126,3841863.34904163,617.01474603163,L6_1,590.5,,
264625.212228126,3841863.34904163,617.01474603163,L6_1,590.5,,
264625.212228126,3841863.34904163,617.01474603163,L6_1,590.5,,
264625.212228126,3841863.34904163,617.01474603163,L6_1,590.5,,
264625.212228126,3841863.34904163,617.01474603163,L6_1,590.5,,
264625.212228126,3841863.34904163,617.01474603163,L6_1,590.5,,
264625.212228126,3841863.34904163,617.01474603163,L6_1,590.5,,
264625.212228126,3841863.34904163,617.01474603163,L6_1,590.5,,
264625.212228126,3841863.34904163,617.01474603163,L6_1,590.5,,
264625.212228126,3841863.34904163,617.01474603163,L6_1,590.5,,
264625.212228126,3841863.34904163,617.01474603163,L6_1,590.5,,
264630.57991154,3841867.02559131,617.030325007249,L6_1,597.0,617.030325007249,2.90398413190376
264630.57991154,3841867.02559131,617.030325007249,L6_1,597.0,611.924014616943,2.6556932639651
264630.57991154,3841867.02559131,617.030325007249,L6_1,597.0,606.562388707121,2.15744181371088
264630.57991154,3841867.02559131,617.030325007249,L6_1,597.0,600.932681501809,1.81750062825084
264630.57991154,3841867.02559131,617.030325007249,L6_1,597.0,595.021488936231,1.77811892327453
264630.57991154,3841867.02559131,617.030325007249,L6_1,597.0,588.814736742374,2.00032389283722
264630.57991154,3841867.02559131,617.030325007249,L6_1,597.0,582.297646938824,2.42090360173963
264630.57991154,3841867.02559131,617.030325007249,L6_1,597.0,575.454702645096,2.967359398938
264630.57991154,3841867.02559131,617.030325007249,L6_1,597.0,568.269611136682,3.57141950083522
264630.57991154,3841867.02559131,617.030325007249,L6_1,597.0,560.725265052848,4.182356940684
264630.57991154,3841867.02559131,617.030325007249,L6_1,597.0,552.803701664822,4.77759027884975
264630.57991154,3841867.02559131,617.030325007249,L6_1,597.0,544.486060107394,5.36962400721918
264630.57991154,3841867.02559131,617.030325007249,L6_1,597.0,535.752536472095,6.00126920648236
264630.57991154,3841867.02559131,617.030325007249,L6_1,597.0,526.582336655031,6.72829267265556
264630.57991154,3841867.02559131,617.030325007249,L6_1,597.0,516.953626847114,7.60050518057788
264630.57991154,3841867.02559131,617.030325007249,L6_1,597.0,506.843481548802,8.65010364723764
264630.57991154,3841867.02559131,617.030325007249,L6_1,597.0,496.227828985573,9.8879960395186
264630.57991154,3841867.02559131,617.030325007249,L6_1,597.0,485.081393794183,11.3056334133968
264630.57991154,3841867.02559131,617.030325007249,L6_1,597.0,473.377636843224,12.8800070089139
264630.57991154,3841867.02559131,617.030325007249,L6_1,597.0,461.088692044716,14.579393589246
264630.57991154,3841867.02559131,617.030325007249,L6_1,597.0,448.185300006283,16.3675917383076
264630.57991154,3841867.02559131,617.030325007249,L6_1,597.0,434.636738365929,18.2058666650638
264630.57991154,3841867.02559131,617.030325007249,L6_1,597.0,420.410748643557,20.0535088904971
264630.57991154,3841867.02559131,617.030325007249,L6_1,597.0,405.473459435066,21.8683632256854
264630.57991154,3841867.02559131,617.030325007249,L6_1,597.0,389.789305766151,23.6078406065526
264630.57991154,3841867.02559131,617.030325007249,L6_1,597.0,373.32094441379,25.2301503114064
264630.57991154,3841867.02559131,617.030325007249,L6_1,597.0,356.029164993811,26.6953860791585
264630.57991154,3841867.02559131,617.030325007249,L6_1,597.0,337.872796602832,27.9665001586998
264630.57991154,3841867.02559131,617.030325007249,L6_1,597.0,318.808609792305,29.0103230117077
264630.57991154,3841867.02559131,617.030325007249,L6_1,597.0,298.791213641252,29.7986635333032
264630.57991154,3841867.02559131,617.030325007249,L6_1,597.0,277.772947682646,30.3095305175389
264630.57991154,3841867.02559131,617.030325007249,L6_1,597.0,255.708451005632,30.5285790651751
264630.57991154,3841867.02559131,617.030325007249,L6_1,597.0,233.018253536091,30.4618006963645
264630.57991154,3841867.02559131,617.030325007249,L6_1,597.0,209.193546193073,30.1241069777082
264630.57991154,3841867.02559131,617.030325007249,L6_1,597.0,184.177603482904,29.5274812061642
264630.57991154,3841867.02559131,617.030325007249,L6_1,597.0,157.910863637227,28.6921844917341
264630.57991154,3841867.02559131,617.030325007249,L6_1,597.0,130.330786799265,27.6459024223604
264630.57991154,3841867.02559131,617.030325007249,L6_1,597.0,101.371706119406,26.4224871079879
264630.57991154,3841867.02559131,617.030325007249,L6_1,597.0,70.9646714055538,25.0604230768724
264630.57991154,3841867.02559131,617.030325007249,L6_1,597.0,39.0372849560089,23.6011607291066
264630.57991154,3841867.02559131,617.030325007249,L6_1,597.0,,
264630.57991154,3841867.02559131,617.030325007249,L6_1,597.0,,
264630.57991154,3841867.02559131,617.030325007249,L6_1,597.0,,
264630.57991154,3841867.02559131,617.030325007249,L6_1,597.0,,
264630.57991154,3841867.02559131,617.030325007249,L6_1,597.0,,
264630.57991154,3841867.02559131,617.030325007249,L6_1,597.0,,
264630.57991154,3841867.02559131,617.030325007249,L6_1,597.0,,
264630.57991154,3841867.02559131,617.030325007249,L6_1,597.0,,
264630.57991154,3841867.02559131,617.030325007249,L6_1,597.0,,
264630.57991154,3841867.02559131,617.030325007249,L6_1,597.0,,
264630.57991154,3841867.02559131,617.030325007249,L6_1,597.0,,
264630.57991154,3841867.02559131,617.030325007249,L6_1,597.0,,
264630.57991154,3841867.02559131,617.030325007249,L6_1,597.0,,
264630.57991154,3841867.02559131,617.030325007249,L6_1,597.0,,
264630.57991154,3841867.02559131,617.030325007249,L6_1,597.0,,
264630.57991154,3841867.02559131,617.030325007249,L6_1,597.0,,
264630.57991154,3841867.02559131,617.030325007249,L6_1,597.0,,
264630.57991154,3841867.02559131,617.030325007249,L6_1,597.0,,
264630.57991154,3841867.02559131,617.030325007249,L6_1,597.0,,
264630.57991154,3841867.02559131,617.030325007249,L6_1,597.0,,
264630.57991154,3841867.02559131,617.030325007249,L6_1,597.0,,
264635.534696229,3841870.41932947,617.045903982868,L6_1,603.0,617.045903982868,2.27585002392057
264635.534696229,3841870.41932947,617.045903982868,L6_1,603.0,611.939373291472,2.12125251304428
264635.534696229,3841870.41932947,617.045903982868,L6_1,603.0,606.577516065508,1.84889839161372
264635.534696229,3841870.41932947,617.045903982868,L6_1,603.0,600.947565978244,1.70965654767901
264635.534696229,3841870.41932947,617.045903982868,L6_1,603.0,595.036118386618,1.76855674908935
264635.534696229,3841870.41932947,617.045903982868,L6_1,603.0,588.829098415411,2.00287003525319
264635.534696229,3841870.41932947,617.045903982868,L6_1,603.0,582.311727445643,2.37125542788152
264635.534696229,3841870.41932947,617.045903982868,L6_1,603.0,575.468487927386,2.82524459407104
264635.534696229,3841870.41932947,617.045903982868,L6_1,603.0,568.283086433217,3.32334515631602
264635.534696229,3841870.41932947,617.045903982868,L6_1,603.0,560.738414864339,3.84061757035793
264635.534696229,3841870.41932947,617.045903982868,L6_1,603.0,552.816509717018,4.37420156391535
264635.534696229,3841870.41932947,617.045903982868,L6_1,603.0,544.49850931233,4.94481269273616
264635.534696229,3841870.41932947,617.045903982868,L6_1,603.0,535.764608887408,5.59058558880315
264635.534696229,3841870.41932947,617.045903982868,L6_1,603.0,526.59401344124,6.35487278571629
264635.534696229,3841870.41932947,617.045903982868,L6_1,603.0,516.964888222764,7.27430043121822
264635.534696229,3841870.41932947,617.045903982868,L6_1,603.0,506.854306743363,8.37096351518412
264635.534696229,3841870.41932947,617.045903982868,L6_1,603.0,496.238196189993,9.64931110214829
264635.534696229,3841870.41932947,617.045903982868,L6_1,603.0,485.091280108954,11.0973022352693
264635.534696229,3841870.41932947,617.045903982868,L6_1,603.0,473.387018223863,12.6907349314419
264635.534696229,3841870.41932947,617.045903982868,L6_1,603.0,461.097543244518,14.3984332965589
264635.534696229,3841870.41932947,617.045903982868,L6_1,603.0,448.193594516205,16.1858806667963
264635.534696229,3841870.41932947,617.045903982868,L6_1,603.0,434.644448351477,18.0165738308978
264635.534696229,3841870.41932947,617.045903982868,L6_1,603.0,420.417844878512,19.8521628225706
264635.534696229,3841870.41932947,617.045903982868,L6_1,603.0,405.479911231899,21.6527768063653
264635.534696229,3841870.41932947,617.045903982868,L6_1,603.0,389.795080902956,23.3779487890045
264635.534696229,3841870.41932947,617.045903982868,L6_1,603.0,373.326009057565,24.9877798758741
264635.534696229,3841870.41932947,617.045903982868,L6_1,603.0,356.033483619905,26.4439319961418
264635.534696229,3841870.41932947,617.045903982868,L6_1,603.0,337.876331910362,27.7104939797073
264635.534696229,3841870.41932947,617.045903982868,L6_1,603.0,318.811322615341,28.7549471341653
264635.534696229,3841870.41932947,617.045903982868,L6_1,603.0,298.79306285557,29.5492485321491
264635.534696229,3841870.41932947,617.045903982868,L6_1,603.0,277.77389010781,30.0710912497489
264635.534696229,3841870.41932947,617.045903982868,L6_1,603.0,255.708451005632,30.3054450040856
264635.534696229,3841870.41932947,617.045903982868,L6_1,603.0,233.018253536091,30.2572666427994
264635.534696229,3841870.41932947,617.045903982868,L6_1,603.0,209.193546193073,29.9403294531233
264635.534696229,3841870.41932947,617.045903982868,L6_1,603.0,184.177603482904,29.3655646069404
264635.534696229,3841870.41932947,617.045903982868,L6_1,603.0,157.910863637227,28.5522534953787
264635.534696229,3841870.41932947,617.045903982868,L6_1,603.0,130.330786799265,27.5272461133965
264635.534696229,3841870.41932947,617.045903982868,L6_1,603.0,101.371706119406,26.3237454779505
264635.534696229,3841870.41932947,617.045903982868,L6_1,603.0,70.9646714055538,24.979780114708
264635.534696229,3841870.41932947,617.045903982868,L6_1,603.0,39.0372849560089,23.5365294930237
264635.534696229,3841870.41932947,617.045903982868,L6_1,603.0,,
264635.534696229,3841870.41932947,617.045903982868,L6_1,603.0,,
264635.534696229,3841870.41932947,617.045903982868,L6_1,603.0,,
264635.534696229,3841870.41932947,617.045903982868,L6_1,603.0,,
264635.534696229,3841870.41932947,617.045903982868,L6_1,603.0,,
264635.534696229,3841870.41932947,617.045903982868,L6_1,603.0,,
264635.534696229,3841870.41932947,617.045903982868,L6_1,603.0,,
264635.534696229,3841870.41932947,617.045903982868,L6_1,603.0,,
264635.534696229,3841870.41932947,617.045903982868,L6_1,603.0,,
264635.534696229,3841870.41932947,617.045903982868,L6_1,603.0,,
264635.534696229,3841870.41932947,617.045903982868,L6_1,603.0,,
264635.534696229,3841870.41932947,617.045903982868,L6_1,603.0,,
264635.534696229,3841870.41932947,617.045903982868,L6_1,603.0,,
264635.534696229,3841870.41932947,617.045903982868,L6_1,603.0,,
264635.534696229,3841870.41932947,617.045903982868,L6_1,603.0,,
264635.534696229,3841870.41932947,617.045903982868,L6_1,603.0,,
264635.534696229,3841870.41932947,617.045903982868,L6_1,603.0,,
264635.534696229,3841870.41932947,617.045903982868,L6_1,603.0,,
264635.534696229,3841870.41932947,617.045903982868,L6_1,603.0,,
264635.534696229,3841870.41932947,617.045903982868,L6_1,603.0,,
264635.534696229,3841870.41932947,617.045903982868,L6_1,603.0,,
264640.902379643,3841874.09587914,617.061482958486,L6_1,609.5,617.061482958486,1.95252479377762
264640.902379643,3841874.09587914,617.061482958486,L6_1,609.5,611.954731966002,1.84993213561551
264640.902379643,3841874.09587914,617.061482958486,L6_1,609.5,606.592643423894,1.71450172718542
264640.902379643,3841874.09587914,617.061482958486,L6_1,609.5,600.96245045468,1.71598302288929
264640.902379643,3841874.09587914,617.061482958486,L6_1,609.5,595.050747837006,1.85513871701408
264640.902379643,3841874.09587914,617.061482958486,L6_1,609.5,588.843460088447,2.10325907941728
264640.902379643,3841874.09587914,617.061482958486,L6_1,609.5,582.325807952461,2.42780780190874
264640.902379643,3841874.09587914,617.061482958486,L6_1,609.5,575.482273209676,2.79945638363273
264640.902379643,3841874.09587914,617.061482958486,L6_1,609.5,568.296561729752,3.20059578789786
264640.902379643,3841874.09587914,617.061482958486,L6_1,609.5,560.751564675831,3.62878265555679
264640.902379643,3841874.09587914,617.061482958486,L6_1,609.5,552.829317769214,4.0975232834674
264640.902379643,3841874.09587914,617.061482958486,L6_1,609.5,544.510958517266,4.63452258437846
264640.902379643,3841874.09587914,617.061482958486,L6_1,609.5,535.776681302721,5.27556838140434
264640.902379643,3841874.09587914,617.061482958486,L6_1,609.5,526.605690227449,6.05602300502046
264640.902379643,3841874.09587914,617.061482958486,L6_1,609.5,516.976149598413,7.00325745924161
264640.902379643,3841874.09587914,617.061482958486,L6_1,609.5,506.865131937925,8.13140757109044
264640.902379643,3841874.09587914,617.061482958486,L6_1,609.5,496.248563394413,9.43898012058058
264640.902379643,3841874.09587914,617.061482958486,L6_1,609.5,485.101166423725,10.9099889272636
264640.902379643,3841874.09587914,617.061482958486,L6_1,609.5,473.396399604503,12.5181635510984
264640.902379643,3841874.09587914,617.061482958486,L6_1,609.5,461.106394444319,14.2319130801764
264640.902379643,3841874.09587914,617.061482958486,L6_1,609.5,448.201889026127,16.0175488500629
264640.902379643,3841874.09587914,617.061482958486,L6_1,609.5,434.652158337025,17.840146984346
264640.902379643,3841874.09587914,617.061482958486,L6_1,609.5,420.424941113468,19.6632977093863
264640.902379643,3841874.09587914,617.061482958486,L6_1,609.5,405.486363028733,21.4491883417548
264640.902379643,3841874.09587914,617.061482958486,L6_1,609.5,389.800856039761,23.1593872267268
264640.902379643,3841874.09587914,617.061482958486,L6_1,609.5,373.33107370134,24.755883460048
264640.902379643,3841874.09587914,617.061482958486,L6_1,609.5,356.037802245999,26.2019435508113
264640.902379643,3841874.09587914,617.061482958486,L6_1,609.5,337.879867217891,27.4628466006832
264640.902379643,3841874.09587914,617.061482958486,L6_1,609.5,318.814035438377,28.5067796793956
264640.902379643,3841874.09587914,617.061482958486,L6_1,609.5,298.794912069887,29.3058931501155
264640.902379643,3841874.09587914,617.061482958486,L6_1,609.5,277.774832532973,29.8376046627337
264640.902379643,3841874.09587914,617.061482958486,L6_1,609.5,255.708451005632,30.0862321737887
264640.902379643,3841874.09587914,617.061482958486,L6_1,609.5,233.018253536091,30.0557103872083
264640.902379643,3841874.09587914,617.061482958486,L6_1,609.5,209.193546193073,29.7586883537079
264640.902379643,3841874.09587914,617.061482958486,L6_1,609.5,184.177603482904,29.2050555750771
264640.902379643,3841874.09587914,617.061482958486,L6_1,609.5,157.910863637227,28.4131169897115
264640.902379643,3841874.09587914,617.061482958486,L6_1,609.5,130.330786799265,27.4088846780911
264640.902379643,3841874.09587914,617.061482958486,L6_1,609.5,101.371706119406,26.2249027357952
264640.902379643,3841874.09587914,617.061482958486,L6_1,609.5,70.9646714055538,24.8987412765311
264640.902379643,3841874.09587914,617.061482958486,L6_1,609.5,39.0372849560089,23.4712961341633
264640.902379643,3841874.09587914,617.061482958486,L6_1,609.5,,
264640.902379643,3841874.09587914,617.061482958486,L6_1,609.5,,
264640.902379643,3841874.09587914,617.061482958486,L6_1,609.5,,
264640.902379643,3841874.09587914,617.061482958486,L6_1,609.5,,
264640.902379643,3841874.09587914,617.061482958486,L6_1,609.5,,
264640.902379643,3841874.09587914,617.061482958486,L6_1,609.5,,
264640.902379643,3841874.09587914,617.061482958486,L6_1,609.5,,
264640.902379643,3841874.09587914,617.061482958486,L6_1,609.5,,
264640.902379643,3841874.09587914,617.061482958486,L6_1,609.5,,
264640.902379643,3841874.09587914,617.061482958486,L6_1,609.5,,
264640.902379643,3841874.09587914,617.061482958486,L6_1,609.5,,
264640.902379643,3841874.09587914,617.061482958486,L6_1,609.5,,
264640.902379643,3841874.09587914,617.061482958486,L6_1,609.5,,
264640.902379643,3841874.09587914,617.061482958486,L6_1,609.5,,
264640.902379643,3841874.09587914,617.061482958486,L6_1,609.5,,
264640.902379643,3841874.09587914,617.061482958486,L6_1,609.5,,
264640.902379643,3841874.09587914,617.061482958486,L6_1,609.5,,
264640.902379643,3841874.09587914,617.061482958486,L6_1,609.5,,
264640.902379643,3841874.09587914,617.061482958486,L6_1,609.5,,
264640.902379643,3841874.09587914,617.061482958486,L6_1,609.5,,
264640.902379643,3841874.09587914,617.061482958486,L6_1,609.5,,
264645.857164333,3841877.48961731,617.077061934105,L6_1,615.5,617.077061934105,1.88636636986828
264645.857164333,3841877.48961731,617.077061934105,L6_1,615.5,611.970090640532,1.83174887741892
264645.857164333,3841877.48961731,617.077061934105,L6_1,615.5,606.60777078228,1.80318079007166
264645.857164333,3841877.48961731,617.077061934105,L6_1,615.5,600.977334931116,1.90548565982391
264645.857164333,3841877.48961731,617.077061934105,L6_1,615.5,595.065377287393,2.09491500049302
264645.857164333,3841877.48961731,617.077061934105,L6_1,615.5,588.857821761484,2.33405330671893
264645.857164333,3841877.48961731,617.077061934105,L6_1,615.5,582.33988845928,2.5989256081036
264645.857164333,3841877.48961731,617.077061934105,L6_1,615.5,575.496058491966,2.88187179935307
264645.857164333,3841877.48961731,617.077061934105,L6_1,615.5,568.310037026286,3.18830930158776
264645.857164333,3841877.48961731,617.077061934105,L6_1,615.5,560.764714487322,3.53268523078461
264645.857164333,3841877.48961731,617.077061934105,L6_1,615.5,552.84212582141,3.9381410056859
264645.857164333,3841877.48961731,617.077061934105,L6_1,615.5,544.523407722202,4.43553250501497
264645.857164333,3841877.48961731,617.077061934105,L6_1,615.5,535.788753718034,5.0587526617211
264645.857164333,3841877.48961731,617.077061934105,L6_1,615.5,526.617367013657,5.83835690433364
264645.857164333,3841877.48961731,617.077061934105,L6_1,615.5,516.987410974062,6.79596548729585
264645.857164333,3841877.48961731,617.077061934105,L6_1,615.5,506.875957132486,7.94018414429842
264645.857164333,3841877.48961731,617.077061934105,L6_1,615.5,496.258930598832,9.26473059506873
264645.857164333,3841877.48961731,617.077061934105,L6_1,615.5,485.111052738496,10.7498688149767
264645.857164333,3841877.48961731,617.077061934105,L6_1,615.5,473.405780985142,12.3668585876423
264645.857164333,3841877.48961731,617.077061934105,L6_1,615.5,461.115245644121,14.082992777685
264645.857164333,3841877.48961731,617.077061934105,L6_1,615.5,448.210183536049,15.864650246736
264645.857164333,3841877.48961731,617.077061934105,L6_1,615.5,434.659868322573,17.677836388482
264645.857164333,3841877.48961731,617.077061934105,L6_1,615.5,420.432037348423,19.4876188367134
264645.857164333,3841877.48961731,617.077061934105,L6_1,615.5,405.492814825566,21.2579688065037
264645.857164333,3841877.48961731,617.077061934105,L6_1,615.5,389.806631176566,22.9523558268438
264645.857164333,3841877.48961731,617.077061934105,L6_1,615.5,373.336138345116,24.5346075404973
264645.857164333,3841877.48961731,617.077061934105,L6_1,615.5,356.042120872093,25.9695878272924
264645.857164333,3841877.48961731,617.077061934105,L6_1,615.5,337.88340252542,27.2237848267631
264645.857164333,3841877.48961731,617.077061934105,L6_1,615.5,318.816748261412,28.2661181100168
264645.857164333,3841877.48961731,617.077061934105,L6_1,615.5,298.796761284205,29.0689585054611
264645.857164333,3841877.48961731,617.077061934105,L6_1,615.5,277.775774958137,29.6094731065717
264645.857164333,3841877.48961731,617.077061934105,L6_1,615.5,255.708451005632,29.8713548407935
264645.857164333,3841877.48961731,617.077061934105,L6_1,615.5,233.018253536091,29.8575413498413
264645.857164333,3841877.48961731,617.077061934105,L6_1,615.5,209.193546193073,29.5795708671237
264645.857164333,3841877.48961731,617.077061934105,L6_1,615.5,184.177603482904,29.0463052674412
264645.857164333,3841877.48961731,617.077061934105,L6_1,615.5,157.910863637227,28.2750818605449
264645.857164333,3841877.48961731,617.077061934105,L6_1,615.5,130.330786799265,27.2910786975249
264645.857164333,3841877.48961731,617.077061934105,L6_1,615.5,101.371706119406,26.1261783496103
264645.857164333,3841877.48961731,617.077061934105,L6_1,615.5,70.9646714055538,24.8174835811388
264645.857164333,3841877.48961731,617.077061934105,L6_1,615.5,39.0372849560089,23.4056000373838
264645.857164333,3841877.48961731,617.077061934105,L6_1,615.5,,
264645.857164333,3841877.48961731,617.077061934105,L6_1,615.5,,
264645.857164333,3841877.48961731,617.077061934105,L6_1,615.5,,
264645.857164333,3841877.48961731,617.077061934105,L6_1,615.5,,
264645.857164333,3841877.48961731,617.077061934105,L6_1,615.5,,
264645.857164333,3841877.48961731,617.077061934105,L6_1,615.5,,
264645.857164333,3841877.48961731,617.077061934105,L6_1,615.5,,
264645.857164333,3841877.48961731,617.077061934105,L6_1,615.5,,
264645.857164333,3841877.48961731,617.077061934105,L6_1,615.5,,
264645.857164333,3841877.48961731,617.077061934105,L6_1,615.5,,
264645.857164333,3841877.48961731,617.077061934105,L6_1,615.5,,
264645.857164333,3841877.48961731,617.077061934105,L6_1,615.5,,
264645.857164333,3841877.48961731,617.077061934105,L6_1,615.5,,
264645.857164333,3841877.48961731,617.077061934105,L6_1,615.5,,
264645.857164333,3841877.48961731,617.077061934105,L6_1,615.5,,
264645.857164333,3841877.48961731,617.077061934105,L6_1,615.5,,
264645.857164333,3841877.48961731,617.077061934105,L6_1,615.5,,
264645.857164333,3841877.48961731,617.077061934105,L6_1,615.5,,
264645.857164333,3841877.48961731,617.077061934105,L6_1,615.5,,
264645.857164333,3841877.48961731,617.077061934105,L6_1,615.5,,
264645.857164333,3841877.48961731,617.077061934105,L6_1,615.5,,
264651.224847747,3841881.16616698,617.092640909723,L6_1,622.0,617.092640909723,2.0560756524867
264651.224847747,3841881.16616698,617.092640909723,L6_1,622.0,611.985449315061,2.0732269487524
264651.224847747,3841881.16616698,617.092640909723,L6_1,622.0,606.622898140666,2.17185589359949
264651.224847747,3841881.16616698,617.092640909723,L6_1,622.0,600.992219407551,2.35063077909481
264651.224847747,3841881.16616698,617.092640909723,L6_1,622.0,595.08000673778,2.54307230047696
264651.224847747,3841881.16616698,617.092640909723,L6_1,622.0,588.872183434521,2.72794123141483
264651.224847747,3841881.16616698,617.092640909723,L6_1,622.0,582.353968966099,2.90112412429466
264651.224847747,3841881.16616698,617.092640909723,L6_1,622.0,575.509843774256,3.07867700937619
264651.224847747,3841881.16616698,617.092640909723,L6_1,622.0,568.32351232282,3.2860228882411
264651.224847747,3841881.16616698,617.092640909723,L6_1,622.0,560.777864298813,3.54800968570996
264651.224847747,3841881.16616698,617.092640909723,L6_1,622.0,552.854933873606,3.89049315097179
264651.224847747,3841881.16616698,617.092640909723,L6_1,622.0,544.535856927138,4.34327989126937
264651.224847747,3841881.16616698,617.092640909723,L6_1,622.0,535.800826133346,4.93787336026368
264651.224847747,3841881.16616698,617.092640909723,L6_1,622.0,526.629043799866,5.7020156349275
264651.224847747,3841881.16616698,617.092640909723,L6_1,622.0,516.998672349711,6.65424960319095
264651.224847747,3841881.16616698,617.092640909723,L6_1,622.0,506.886782327048,7.79983907508277
264651.224847747,3841881.16616698,617.092640909723,L6_1,622.0,496.269297803252,9.12904956529153
264651.224847747,3841881.16616698,617.092640909723,L6_1,622.0,485.120939053267,10.6189302070942
264651.224847747,3841881.16616698,617.092640909723,L6_1,622.0,473.415162365782,12.2381730659381
264651.224847747,3841881.16616698,617.092640909723,L6_1,622.0,461.124096843922,13.9524442872001
264651.224847747,3841881.16616698,617.092640909723,L6_1,622.0,448.21847804597,15.7275119714469
264651.224847747,3841881.16616698,617.092640909723,L6_1,622.0,434.667578308121,17.5296707667091
264651.224847747,3841881.16616698,617.092640909723,L6_1,622.0,420.439133583379,19.3249794352889
264651.224847747,3841881.16616698,617.092640909723,L6_1,622.0,405.499266622399,21.078885747453
264651.224847747,3841881.16616698,617.092640909723,L6_1,622.0,389.812406313371,22.7565958229631
264651.224847747,3841881.16616698,617.092640909723,L6_1,622.0,373.341202988891,24.323702468509
264651.224847747,3841881.16616698,617.092640909723,L6_1,622.0,356.046439498188,25.7466433612199
264651.224847747,3841881.16616698,617.092640909723,L6_1,622.0,337.886937832949,26.9931235855075
264651.224847747,3841881.16616698,617.092640909723,L6_1,622.0,318.819461084448,28.0328150417747
264651.224847747,3841881.16616698,617.092640909723,L6_1,622.0,298.798610498522,28.8383320710154
264651.224847747,3841881.16616698,617.092640909723,L6_1,622.0,277.7767173833,29.3866144668527
264651.224847747,3841881.16616698,617.092640909723,L6_1,622.0,255.708451005632,29.6607567767923
264651.224847747,3841881.16616698,617.092640909723,L6_1,622.0,233.018253536091,29.6627244376773
264651.224847747,3841881.16616698,617.092640909723,L6_1,622.0,209.193546193073,29.4029572960343
264651.224847747,3841881.16616698,617.092640909723,L6_1,622.0,184.177603482904,28.8893056211278
264651.224847747,3841881.16616698,617.092640909723,L6_1,622.0,157.910863637227,28.1381482374086
264651.224847747,3841881.16616698,617.092640909723,L6_1,622.0,130.330786799265,27.1738337812781
264651.224847747,3841881.16616698,617.092640909723,L6_1,622.0,101.371706119406,26.0275818806724
264651.224847747,3841881.16616698,617.092640909723,L6_1,622.0,70.9646714055538,24.7360175972792
264651.224847747,3841881.16616698,617.092640909723,L6_1,622.0,39.0372849560089,23.339453071505
264651.224847747,3841881.16616698,617.092640909723,L6_1,622.0,,
264651.224847747,3841881.16616698,617.092640909723,L6_1,622.0,,
264651.224847747,3841881.16616698,617.092640909723,L6_1,622.0,,
264651.224847747,3841881.16616698,617.092640909723,L6_1,622.0,,
264651.224847747,3841881.16616698,617.092640909723,L6_1,622.0,,
264651.224847747,3841881.16616698,617.092640909723,L6_1,622.0,,
264651.224847747,3841881.16616698,617.092640909723,L6_1,622.0,,
264651.224847747,3841881.16616698,617.092640909723,L6_1,622.0,,
264651.224847747,3841881.16616698,617.092640909723,L6_1,622.0,,
264651.224847747,3841881.16616698,617.092640909723,L6_1,622.0,,
264651.224847747,3841881.16616698,617.092640909723,L6_1,622.0,,
264651.224847747,3841881.16616698,617.092640909723,L6_1,622.0,,
264651.224847747,3841881.16616698,617.092640909723,L6_1,622.0,,
264651.224847747,3841881.16616698,617.092640909723,L6_1,622.0,,
264651.224847747,3841881.16616698,617.092640909723,L6_1,622.0,,
264651.224847747,3841881.16616698,617.092640909723,L6_1,622.0,,
264651.224847747,3841881.16616698,617.092640909723,L6_1,622.0,,
264651.224847747,3841881.16616698,617.092640909723,L6_1,622.0,,
264651.224847747,3841881.16616698,617.092640909723,L6_1,622.0,,
264651.224847747,3841881.16616698,617.092640909723,L6_1,622.0,,
264651.224847747,3841881.16616698,617.092640909723,L6_1,622.0,,
264656.179441435,3841884.559915,617.108219885342,L6_1,628.0,617.108219885342,2.72814568804215
264656.179441435,3841884.559915,617.108219885342,L6_1,628.0,612.000807989591,2.8129282189252
264656.179441435,3841884.559915,617.108219885342,L6_1,628.0,606.638025499052,2.95301351662928
264656.179441435,3841884.559915,617.108219885342,L6_1,628.0,601.007103883987,3.02633179621082
264656.179441435,3841884.559915,617.108219885342,L6_1,628.0,595.094636188168,3.08100350487521
264656.179441435,3841884.559915,617.108219885342,L6_1,628.0,588.886545107558,3.15702167777584
264656.179441435,3841884.559915,617.108219885342,L6_1,628.0,582.368049472918,3.23703452524621
264656.179441435,3841884.559915,617.108219885342,L6_1,628.0,575.523629056546,3.32562753467355
264656.179441435,3841884.559915,617.108219885342,L6_1,628.0,568.336987619355,3.45230106452219
264656.179441435,3841884.559915,617.108219885342,L6_1,628.0,560.791014110305,3.64673582469354
264656.179441435,3841884.559915,617.108219885342,L6_1,628.0,552.867741925802,3.93476299675757
264656.179441435,3841884.559915,617.108219885342,L6_1,628.0,544.548306132074,4.34398625318031
264656.179441435,3841884.559915,617.108219885342,L6_1,628.0,535.812898548659,4.90425719852897
264656.179441435,3841884.559915,617.108219885342,L6_1,628.0,526.640720586074,5.6425882133568
264656.179441435,3841884.559915,617.108219885342,L6_1,628.0,517.00993372536,6.57688065514387
264656.179441435,3841884.559915,617.108219885342,L6_1,628.0,506.89760752161,7.71114973616378
264656.179441435,3841884.559915,617.108219885342,L6_1,628.0,496.279665007672,9.03368439869802
264656.179441435,3841884.559915,617.108219885342,L6_1,628.0,485.130825368037,10.5191297983412
264656.179441435,3841884.559915,617.108219885342,L6_1,628.0,473.424543746421,12.133811616459
264656.179441435,3841884.559915,617.108219885342,L6_1,628.0,461.132948043724,13.8415086649641
264656.179441435,3841884.559915,617.108219885342,L6_1,628.0,448.226772555892,15.6068727928181
264656.179441435,3841884.559915,617.108219885342,L6_1,628.0,434.675288293669,17.3959500738808
264656.179441435,3841884.559915,617.108219885342,L6_1,628.0,420.446229818334,19.1753552683265
264656.179441435,3841884.559915,617.108219885342,L6_1,628.0,405.505718419233,20.9117167365877
264656.179441435,3841884.559915,617.108219885342,L6_1,628.0,389.818181450176,22.5718009427967
264656.179441435,3841884.559915,617.108219885342,L6_1,628.0,373.346267632667,24.1228671369709
264656.179441435,3841884.559915,617.108219885342,L6_1,628.0,356.050758124282,25.5328775420206
264656.179441435,3841884.559915,617.108219885342,L6_1,628.0,337.890473140478,26.7707366244192
264656.179441435,3841884.559915,617.108219885342,L6_1,628.0,318.822173907484,27.8068553421882
264656.179441435,3841884.559915,617.108219885342,L6_1,628.0,298.80045971284,28.6140971240107
264656.179441435,3841884.559915,617.108219885342,L6_1,628.0,277.777659808464,29.1691929908608
264656.179441435,3841884.559915,617.108219885342,L6_1,628.0,255.708451005632,29.4546494159126
264656.179441435,3841884.559915,617.108219885342,L6_1,628.0,233.018253536091,29.4714892152366
264656.179441435,3841884.559915,617.108219885342,L6_1,628.0,209.193546193073,29.2290843318717
264656.179441435,3841884.559915,617.108219885342,L6_1,628.0,184.177603482904,28.7342872545459
264656.179441435,3841884.559915,617.108219885342,L6_1,628.0,157.910863637227,28.002529756599
264656.179441435,3841884.559915,617.108219885342,L6_1,628.0,130.330786799265,27.0573387751112
264656.179441435,3841884.559915,617.108219885342,L6_1,628.0,101.371706119406,25.9292733817066
264656.179441435,3841884.559915,617.108219885342,L6_1,628.0,70.9646714055538,24.6544778646719
264656.179441435,3841884.559915,617.108219885342,L6_1,628.0,39.0372849560089,23.2729626080019
264656.179441435,3841884.559915,617.108219885342,L6_1,628.0,,
264656.179441435,3841884.559915,617.108219885342,L6_1,628.0,,
264656.179441435,3841884.559915,617.108219885342,L6_1,628.0,,
264656.179441435,3841884.559915,617.108219885342,L6_1,628.0,,
264656.179441435,3841884.559915,617.108219885342,L6_1,628.0,,
264656.179441435,3841884.559915,617.108219885342,L6_1,628.0,,
264656.179441435,3841884.559915,617.108219885342,L6_1,628.0,,
264656.179441435,3841884.559915,617.108219885342,L6_1,628.0,,
264656.179441435,3841884.559915,617.108219885342,L6_1,628.0,,
264656.179441435,3841884.559915,617.108219885342,L6_1,628.0,,
264656.179441435,3841884.559915,617.108219885342,L6_1,628.0,,
264656.179441435,3841884.559915,617.108219885342,L6_1,628.0,,
264656.179441435,3841884.559915,617.108219885342,L6_1,628.0,,
264656.179441435,3841884.559915,617.108219885342,L6_1,628.0,,
264656.179441435,3841884.559915,617.108219885342,L6_1,628.0,,
264656.179441435,3841884.559915,617.108219885342,L6_1,628.0,,
264656.179441435,3841884.559915,617.108219885342,L6_1,628.0,,
264656.179441435,3841884.559915,617.108219885342,L6_1,628.0,,
264656.179441435,3841884.559915,617.108219885342,L6_1,628.0,,
264656.179441435,3841884.559915,617.108219885342,L6_1,628.0,,
264656.179441435,3841884.559915,617.108219885342,L6_1,628.0,,
264661.546711014,3841888.23648603,617.12379886096,L6_1,634.5,617.12379886096,4.34713327822596
264661.546711014,3841888.23648603,617.12379886096,L6_1,634.5,612.01616666412,4.40638971540538
264661.546711014,3841888.23648603,617.12379886096,L6_1,634.5,606.653152857438,4.21968941076069
264661.546711014,3841888.23648603,617.12379886096,L6_1,634.5,601.021988360422,3.77279669128514
264661.546711014,3841888.23648603,617.12379886096,L6_1,634.5,595.109265638555,3.51805614726894
264661.546711014,3841888.23648603,617.12379886096,L6_1,634.5,588.900906780595,3.48570657072018
264661.546711014,3841888.23648603,617.12379886096,L6_1,634.5,582.382129979737,3.52978465773805
264661.546711014,3841888.23648603,617.12379886096,L6_1,634.5,575.537414338836,3.58322946871443
264661.546711014,3841888.23648603,617.12379886096,L6_1,634.5,568.35046291589,3.66543977211925
264661.546711014,3841888.23648603,617.12379886096,L6_1,634.5,560.804163921796,3.81392250529146
264661.546711014,3841888.23648603,617.12379886096,L6_1,634.5,552.880549977998,4.05844111526511
264661.546711014,3841888.23648603,617.12379886096,L6_1,634.5,544.56075533701,4.42668041833972
264661.546711014,3841888.23648603,617.12379886096,L6_1,634.5,535.824970963972,4.94874860431826
264661.546711014,3841888.23648603,617.12379886096,L6_1,634.5,526.652397372283,5.6530455996764
264661.546711014,3841888.23648603,617.12379886096,L6_1,634.5,517.021195101009,6.55892498619308
264661.546711014,3841888.23648603,617.12379886096,L6_1,634.5,506.908432716171,7.67093797156072
264661.546711014,3841888.23648603,617.12379886096,L6_1,634.5,496.290032212092,8.97673957670242
264661.546711014,3841888.23648603,617.12379886096,L6_1,634.5,485.140711682808,10.4494042954145
264661.546711014,3841888.23648603,617.12379886096,L6_1,634.5,473.433925127061,12.0531965800039
264661.546711014,3841888.23648603,617.12379886096,L6_1,634.5,461.141799243526,13.7498656624797
264661.546711014,3841888.23648603,617.12379886096,L6_1,634.5,448.235067065814,15.5025366063571
264661.546711014,3841888.23648603,617.12379886096,L6_1,634.5,434.682998279217,17.2765332487095
264661.546711014,3841888.23648603,617.12379886096,L6_1,634.5,420.453326053289,19.0386289518289
264661.546711014,3841888.23648603,617.12379886096,L6_1,634.5,405.512170216066,20.7563558209612
264661.546711014,3841888.23648603,617.12379886096,L6_1,634.5,389.823956586981,22.3978735540074
264661.546711014,3841888.23648603,617.12379886096,L6_1,634.5,373.351332276442,23.9320129352825
264661.546711014,3841888.23648603,617.12379886096,L6_1,634.5,356.055076750376,25.3282122394378
264661.546711014,3841888.23648603,617.12379886096,L6_1,634.5,337.894008448007,26.5565577149308
264661.546711014,3841888.23648603,617.12379886096,L6_1,634.5,318.824886730519,27.5881855231198
264661.546711014,3841888.23648603,617.12379886096,L6_1,634.5,298.802308927157,28.3962129974413
264661.546711014,3841888.23648603,617.12379886096,L6_1,634.5,277.778602233627,28.9571802605288
264661.546711014,3841888.23648603,617.12379886096,L6_1,634.5,255.708451005632,29.2530146882864
264661.546711014,3841888.23648603,617.12379886096,L6_1,634.5,233.018253536091,29.2838256430189
264661.546711014,3841888.23648603,617.12379886096,L6_1,634.5,209.193546193073,29.0579492559463
264661.546711014,3841888.23648603,617.12379886096,L6_1,634.5,184.177603482904,28.5812534922348
264661.546711014,3841888.23648603,617.12379886096,L6_1,634.5,157.910863637227,27.8682341506998
264661.546711014,3841888.23648603,617.12379886096,L6_1,634.5,130.330786799265,26.9416043583622
264661.546711014,3841888.23648603,617.12379886096,L6_1,634.5,101.371706119406,25.8312649047433
264661.546711014,3841888.23648603,617.12379886096,L6_1,634.5,70.9646714055538,24.572877562063
264661.546711014,3841888.23648603,617.12379886096,L6_1,634.5,39.0372849560089,23.2061415344273
264661.546711014,3841888.23648603,617.12379886096,L6_1,634.5,,
264661.546711014,3841888.23648603,617.12379886096,L6_1,634.5,,
264661.546711014,3841888.23648603,617.12379886096,L6_1,634.5,,
264661.546711014,3841888.23648603,617.12379886096,L6_1,634.5,,
264661.546711014,3841888.23648603,617.12379886096,L6_1,634.5,,
264661.546711014,3841888.23648603,617.12379886096,L6_1,634.5,,
264661.546711014,3841888.23648603,617.12379886096,L6_1,634.5,,
264661.546711014,3841888.23648603,617.12379886096,L6_1,634.5,,
264661.546711014,3841888.23648603,617.12379886096,L6_1,634.5,,
264661.546711014,3841888.23648603,617.12379886096,L6_1,634.5,,
264661.546711014,3841888.23648603,617.12379886096,L6_1,634.5,,
264661.546711014,3841888.23648603,617.12379886096,L6_1,634.5,,
264661.546711014,3841888.23648603,617.12379886096,L6_1,634.5,,
264661.546711014,3841888.23648603,617.12379886096,L6_1,634.5,,
264661.546711014,3841888.23648603,617.12379886096,L6_1,634.5,,
264661.546711014,3841888.23648603,617.12379886096,L6_1,634.5,,
264661.546711014,3841888.23648603,617.12379886096,L6_1,634.5,,
264661.546711014,3841888.23648603,617.12379886096,L6_1,634.5,,
264661.546711014,3841888.23648603,617.12379886096,L6_1,634.5,,
264661.546711014,3841888.23648603,617.12379886096,L6_1,634.5,,
264661.546711014,3841888.23648603,617.12379886096,L6_1,634.5,,
264666.501113701,3841891.6302439,617.157180406579,L6_1,640.5,617.157180406579,6.09785798076144
264666.501113701,3841891.6302439,617.157180406579,L6_1,640.5,612.049076163885,5.8029233175693
264666.501113701,3841891.6302439,617.157180406579,L6_1,640.5,606.685566709056,4.75230836585872
264666.501113701,3841891.6302439,617.157180406579,L6_1,640.5,601.053881781486,3.71886744003494
264666.501113701,3841891.6302439,617.157180406579,L6_1,640.5,595.140612607537,3.36476484025596
264666.501113701,3841891.6302439,617.157180406579,L6_1,640.5,588.931679974891,3.44790291668176
264666.501113701,3841891.6302439,617.157180406579,L6_1,640.5,582.412300710613,3.63498078449706
264666.501113701,3841891.6302439,617.157180406579,L6_1,640.5,575.56695248312,3.77344126362976
264666.501113701,3841891.6302439,617.157180406579,L6_1,640.5,568.379336844253,3.88032970268797
264666.501113701,3841891.6302439,617.157180406579,L6_1,640.5,560.832340423443,4.01921643922653
264666.501113701,3841891.6302439,617.157180406579,L6_1,640.5,552.907994181592,4.23796978922291
264666.501113701,3841891.6302439,617.157180406579,L6_1,640.5,544.587430627649,4.57188375571592
264666.501113701,3841891.6302439,617.157180406579,L6_1,640.5,535.850838896008,5.05533053617802
264666.501113701,3841891.6302439,617.157180406579,L6_1,640.5,526.677417577785,5.72079067866591
264666.501113701,3841891.6302439,617.157180406579,L6_1,640.5,517.045325193652,6.59109659329019
264666.501113701,3841891.6302439,617.157180406579,L6_1,640.5,506.931628190311,7.67285711579791
264666.501113701,3841891.6302439,617.157180406579,L6_1,640.5,496.312246336804,8.95420717535035
264666.501113701,3841891.6302439,617.157180406579,L6_1,640.5,485.161895390621,10.4073867068564
264666.501113701,3841891.6302439,617.157180406579,L6_1,640.5,473.454026897129,11.9949482884409
264666.501113701,3841891.6302439,617.157180406579,L6_1,640.5,461.160764978962,13.6766109899999
264666.501113701,3841891.6302439,617.157180406579,L6_1,640.5,448.252839964887,15.4137451965921
264666.501113701,3841891.6302439,617.157180406579,L6_1,640.5,434.699518700109,17.1706480695538
264666.501113701,3841891.6302439,617.157180406579,L6_1,640.5,420.468531372091,18.9139740372276
264666.501113701,3841891.6302439,617.157180406579,L6_1,640.5,405.525994677673,20.6119526528231
264666.501113701,3841891.6302439,617.157180406579,L6_1,640.5,389.836331148533,22.2339942787326
264666.501113701,3841891.6302439,617.157180406579,L6_1,640.5,373.362184442937,23.7504116579171
264666.501113701,3841891.6302439,617.157180406579,L6_1,640.5,356.064330402061,25.1320567904872
264666.501113701,3841891.6302439,617.157180406579,L6_1,640.5,337.901583659141,26.350143905269
264666.501113701,3841891.6302439,617.157180406579,L6_1,640.5,318.830699579075,27.3765147635071
264666.501113701,3841891.6302439,617.157180406579,L6_1,640.5,298.806271295006,28.1845276457312
264666.501113701,3841891.6302439,617.157180406579,L6_1,640.5,277.780621596733,28.7505293655936
264666.501113701,3841891.6302439,617.157180406579,L6_1,640.5,255.708451005632,29.0558844272071
264666.501113701,3841891.6302439,617.157180406579,L6_1,640.5,233.018253536091,29.0998178404448
264666.501113701,3841891.6302439,617.157180406579,L6_1,640.5,209.193546193073,28.8896644258645
264666.501113701,3841891.6302439,617.157180406579,L6_1,640.5,184.177603482904,28.4303292170763
264666.501113701,3841891.6302439,617.157180406579,L6_1,640.5,157.910863637227,27.7353888555938
264666.501113701,3841891.6302439,617.157180406579,L6_1,640.5,130.330786799265,26.8267506237709
264666.501113701,3841891.6302439,617.157180406579,L6_1,640.5,101.371706119406,25.733664490245
264666.501113701,3841891.6302439,617.157180406579,L6_1,640.5,70.9646714055538,24.4913108098341
264666.501113701,3841891.6302439,617.157180406579,L6_1,640.5,39.0372849560089,23.1390709934701
264666.501113701,3841891.6302439,617.157180406579,L6_1,640.5,,
264666.501113701,3841891.6302439,617.157180406579,L6_1,640.5,,
264666.501113701,3841891.6302439,617.157180406579,L6_1,640.5,,
264666.501113701,3841891.6302439,617.157180406579,L6_1,640.5,,
264666.501113701,3841891.6302439,617.157180406579,L6_1,640.5,,
264666.501113701,3841891.6302439,617.157180406579,L6_1,640.5,,
264666.501113701,3841891.6302439,617.157180406579,L6_1,640.5,,
264666.501113701,3841891.6302439,617.157180406579,L6_1,640.5,,
264666.501113701,3841891.6302439,617.157180406579,L6_1,640.5,,
264666.501113701,3841891.6302439,617.157180406579,L6_1,640.5,,
264666.501113701,3841891.6302439,617.157180406579,L6_1,640.5,,
264666.501113701,3841891.6302439,617.157180406579,L6_1,640.5,,
264666.501113701,3841891.6302439,617.157180406579,L6_1,640.5,,
264666.501113701,3841891.6302439,617.157180406579,L6_1,640.5,,
264666.501113701,3841891.6302439,617.157180406579,L6_1,640.5,,
264666.501113701,3841891.6302439,617.157180406579,L6_1,640.5,,
264666.501113701,3841891.6302439,617.157180406579,L6_1,640.5,,
264666.501113701,3841891.6302439,617.157180406579,L6_1,640.5,,
264666.501113701,3841891.6302439,617.157180406579,L6_1,640.5,,
264666.501113701,3841891.6302439,617.157180406579,L6_1,640.5,,
264666.501113701,3841891.6302439,617.157180406579,L6_1,640.5,,
264671.868383279,3841895.30681492,617.208407962828,L6_1,647.0,617.208407962828,7.42671766542923
264671.868383279,3841895.30681492,617.208407962828,L6_1,647.0,612.099579315224,6.49334968929491
264671.868383279,3841895.30681492,617.208407962828,L6_1,647.0,606.73530923524,4.34038561759877
264671.868383279,3841895.30681492,617.208407962828,L6_1,647.0,601.102825651257,2.9314485198165
264671.868383279,3841895.30681492,617.208407962828,L6_1,647.0,595.188717888075,2.68950696004438
264671.868383279,3841895.30681492,617.208407962828,L6_1,647.0,588.978904736733,3.03622889168229
264671.868383279,3841895.30681492,617.208407962828,L6_1,647.0,582.458600927824,3.5057487626018
264671.868383279,3841895.30681492,617.208407962828,L6_1,647.0,575.61228192847,3.84686290779057
264671.868383279,3841895.30681492,617.208407962828,L6_1,647.0,568.423646979149,4.05657374620315
264671.868383279,3841895.30681492,617.208407962828,L6_1,647.0,560.875580282361,4.23025908216246
264671.868383279,3841895.30681492,617.208407962828,L6_1,647.0,552.950110250734,4.44649354171025
264671.868383279,3841895.30681492,617.208407962828,L6_1,647.0,544.628366717525,4.75692695271966
264671.868383279,3841895.30681492,617.208407962828,L6_1,647.0,535.890536007656,5.20510825956056
264671.868383279,3841895.30681492,617.208407962828,L6_1,647.0,526.715813762294,5.83059435634854
264671.868383279,3841895.30681492,617.208407962828,L6_1,647.0,517.082355404663,6.6616728143486
264671.868383279,3841895.30681492,617.208407962828,L6_1,647.0,506.967224129151,7.70834960136682
264671.868383279,3841895.30681492,617.208407962828,L6_1,647.0,496.346336289864,8.96018806109312
264671.868383279,3841895.30681492,617.208407962828,L6_1,647.0,485.194404058612,10.3892509680052
264671.868383279,3841895.30681492,617.208407962828,L6_1,647.0,473.484875215797,11.9567433796881
264671.868383279,3841895.30681492,617.208407962828,L6_1,647.0,461.189869930841,13.6204364330048
264671.868383279,3841895.30681492,617.208407962828,L6_1,647.0,448.280114381638,15.3398307870818
264671.868383279,3841895.30681492,617.208407962828,L6_1,647.0,434.724871054975,17.0780034409431
264671.868383279,3841895.30681492,617.208407962828,L6_1,647.0,420.491865561979,18.8013036784393
264671.868383279,3841895.30681492,617.208407962828,L6_1,647.0,405.547209794332,20.4785196361402
264671.868383279,3841895.30681492,617.208407962828,L6_1,647.0,389.855321238304,22.0802151406507
264671.868383279,3841895.30681492,617.208407962828,L6_1,647.0,373.378838254474,23.5781238236329
264671.868383279,3841895.30681492,617.208407962828,L6_1,647.0,356.078531121452,24.9444659255613
264671.868383279,3841895.30681492,617.208407962828,L6_1,647.0,337.913208631779,26.1515391160767
264671.868383279,3841895.30681492,617.208407962828,L6_1,647.0,318.839620017623,27.1718763386982
264671.868383279,3841895.30681492,617.208407962828,L6_1,647.0,298.812351972759,27.9790662478792
264671.868383279,3841895.30681492,617.208407962828,L6_1,647.0,277.783720525652,28.5492599379886
264671.868383279,3841895.30681492,617.208407962828,L6_1,647.0,255.708451005632,28.8632743764676
264671.868383279,3841895.30681492,617.208407962828,L6_1,647.0,233.018253536091,28.919479912662
264671.868383279,3841895.30681492,617.208407962828,L6_1,647.0,209.193546193073,28.7242438478438
264671.868383279,3841895.30681492,617.208407962828,L6_1,647.0,184.177603482904,28.2815279407277
264671.868383279,3841895.30681492,617.208407962828,L6_1,647.0,157.910863637227,27.6040073663516
264671.868383279,3841895.30681492,617.208407962828,L6_1,647.0,130.330786799265,26.7127909418191
264671.868383279,3841895.30681492,617.208407962828,L6_1,647.0,101.371706119406,25.6364852259219
264671.868383279,3841895.30681492,617.208407962828,L6_1,647.0,70.9646714055538,24.4097899458641
264671.868383279,3841895.30681492,617.208407962828,L6_1,647.0,39.0372849560089,23.071762639732
264671.868383279,3841895.30681492,617.208407962828,L6_1,647.0,,
264671.868383279,3841895.30681492,617.208407962828,L6_1,647.0,,
264671.868383279,3841895.30681492,617.208407962828,L6_1,647.0,,
264671.868383279,3841895.30681492,617.208407962828,L6_1,647.0,,
264671.868383279,3841895.30681492,617.208407962828,L6_1,647.0,,
264671.868383279,3841895.30681492,617.208407962828,L6_1,647.0,,
264671.868383279,3841895.30681492,617.208407962828,L6_1,647.0,,
264671.868383279,3841895.30681492,617.208407962828,L6_1,647.0,,
264671.868383279,3841895.30681492,617.208407962828,L6_1,647.0,,
264671.868383279,3841895.30681492,617.208407962828,L6_1,647.0,,
264671.868383279,3841895.30681492,617.208407962828,L6_1,647.0,,
264671.868383279,3841895.30681492,617.208407962828,L6_1,647.0,,
264671.868383279,3841895.30681492,617.208407962828,L6_1,647.0,,
264671.868383279,3841895.30681492,617.208407962828,L6_1,647.0,,
264671.868383279,3841895.30681492,617.208407962828,L6_1,647.0,,
264671.868383279,3841895.30681492,617.208407962828,L6_1,647.0,,
264671.868383279,3841895.30681492,617.208407962828,L6_1,647.0,,
264671.868383279,3841895.30681492,617.208407962828,L6_1,647.0,,
264671.868383279,3841895.30681492,617.208407962828,L6_1,647.0,,
264671.868383279,3841895.30681492,617.208407962828,L6_1,647.0,,
264671.868383279,3841895.30681492,617.208407962828,L6_1,647.0,,
264676.82259109,3841898.70058524,617.259635519077,L6_1,653.0,617.259635519077,10.0413223757801
264676.82259109,3841898.70058524,617.259635519077,L6_1,653.0,612.150082466563,7.67837164802054
264676.82259109,3841898.70058524,617.259635519077,L6_1,653.0,606.785051761424,3.95016504154511
264676.82259109,3841898.70058524,617.259635519077,L6_1,653.0,601.151769521028,2.27056584053671
264676.82259109,3841898.70058524,617.259635519077,L6_1,653.0,595.236823168612,2.10284477905807
264676.82259109,3841898.70058524,617.259635519077,L6_1,653.0,589.026129498575,2.61788578314134
264676.82259109,3841898.70058524,617.259635519077,L6_1,653.0,582.504901145036,3.31942379305247
264676.82259109,3841898.70058524,617.259635519077,L6_1,653.0,575.65761137382,3.86660616569948
264676.82259109,3841898.70058524,617.259635519077,L6_1,653.0,568.467957114044,4.202777641927
264676.82259109,3841898.70058524,617.259635519077,L6_1,653.0,560.918820141279,4.43338853056395
264676.82259109,3841898.70058524,617.259635519077,L6_1,653.0,552.992226319875,4.66256021892338
264676.82259109,3841898.70058524,617.259635519077,L6_1,653.0,544.669302807402,4.95901083118852
264676.82259109,3841898.70058524,617.259635519077,L6_1,653.0,535.930233119304,5.37701341397538
264676.82259109,3841898.70058524,617.259635519077,L6_1,653.0,526.754209946802,5.96456978306813
264676.82259109,3841898.70058524,617.259635519077,L6_1,653.0,517.119385615675,6.75645795813821
264676.82259109,3841898.70058524,617.259635519077,L6_1,653.0,507.002820067991,7.76681857469876
264676.82259109,3841898.70058524,617.259635519077,L6_1,653.0,496.380426242923,8.98719867593612
264676.82259109,3841898.70058524,617.259635519077,L6_1,653.0,485.226912726602,10.389924164832
264676.82259109,3841898.70058524,617.259635519077,L6_1,653.0,473.515723534465,11.9351717401628
264676.82259109,3841898.70058524,617.259635519077,L6_1,653.0,461.218974882721,13.5789489993348
264676.82259109,3841898.70058524,617.259635519077,L6_1,653.0,448.307388798389,15.2789524525615
264676.82259109,3841898.70058524,617.259635519077,L6_1,653.0,434.750223409841,16.9970324853312
264676.82259109,3841898.70058524,617.259635519077,L6_1,653.0,420.515199751866,18.6991979608672
264676.82259109,3841898.70058524,617.259635519077,L6_1,653.0,405.568424910992,20.3547491915802
264676.82259109,3841898.70058524,617.259635519077,L6_1,653.0,389.874311328074,21.935355783269
264676.82259109,3841898.70058524,617.259635519077,L6_1,653.0,373.39549206601,23.4141162842274
264676.82259109,3841898.70058524,617.259635519077,L6_1,653.0,356.092731840843,24.7645679399063
264676.82259109,3841898.70058524,617.259635519077,L6_1,653.0,337.924833604418,25.9600535876059
264676.82259109,3841898.70058524,617.259635519077,L6_1,653.0,318.848540456172,26.9737572733326
264676.82259109,3841898.70058524,617.259635519077,L6_1,653.0,298.818432650513,27.7794753326666
264676.82259109,3841898.70058524,617.259635519077,L6_1,653.0,277.786819454571,28.3531521528098
264676.82259109,3841898.70058524,617.259635519077,L6_1,653.0,255.708451005632,28.6750541976401
264676.82259109,3841898.70058524,617.259635519077,L6_1,653.0,233.018253536091,28.7427425452429
264676.82259109,3841898.70058524,617.259635519077,L6_1,653.0,209.193546193073,28.5616675023112
264676.82259109,3841898.70058524,617.259635519077,L6_1,653.0,184.177603482904,28.1348662567653
264676.82259109,3841898.70058524,617.259635519077,L6_1,653.0,157.910863637227,27.4741292842781
264676.82259109,3841898.70058524,617.259635519077,L6_1,653.0,130.330786799265,26.5997803357275
264676.82259109,3841898.70058524,617.259635519077,L6_1,653.0,101.371706119406,25.5397882294941
264676.82259109,3841898.70058524,617.259635519077,L6_1,653.0,70.9646714055538,24.328372860118
264676.82259109,3841898.70058524,617.259635519077,L6_1,653.0,39.0372849560089,23.0042674967066
264676.82259109,3841898.70058524,617.259635519077,L6_1,653.0,,
264676.82259109,3841898.70058524,617.259635519077,L6_1,653.0,,
264676.82259109,3841898.70058524,617.259635519077,L6_1,653.0,,
264676.82259109,3841898.70058524,617.259635519077,L6_1,653.0,,
264676.82259109,3841898.70058524,617.259635519077,L6_1,653.0,,
264676.82259109,3841898.70058524,617.259635519077,L6_1,653.0,,
264676.82259109,3841898.70058524,617.259635519077,L6_1,653.0,,
264676.82259109,3841898.70058524,617.259635519077,L6_1,653.0,,
264676.82259109,3841898.70058524,617.259635519077,L6_1,653.0,,
264676.82259109,3841898.70058524,617.259635519077,L6_1,653.0,,
264676.82259109,3841898.70058524,617.259635519077,L6_1,653.0,,
264676.82259109,3841898.70058524,617.259635519077,L6_1,653.0,,
264676.82259109,3841898.70058524,617.259635519077,L6_1,653.0,,
264676.82259109,3841898.70058524,617.259635519077,L6_1,653.0,,
264676.82259109,3841898.70058524,617.259635519077,L6_1,653.0,,
264676.82259109,3841898.70058524,617.259635519077,L6_1,653.0,,
264676.82259109,3841898.70058524,617.259635519077,L6_1,653.0,,
264676.82259109,3841898.70058524,617.259635519077,L6_1,653.0,,
264676.82259109,3841898.70058524,617.259635519077,L6_1,653.0,,
264676.82259109,3841898.70058524,617.259635519077,L6_1,653.0,,
264676.82259109,3841898.70058524,617.259635519077,L6_1,653.0,,
264682.189438436,3841902.37718322,617.310863075325,L6_1,659.5,617.310863075325,14.7206595446713
264682.189438436,3841902.37718322,617.310863075325,L6_1,659.5,612.200585617902,9.60716788637243
264682.189438436,3841902.37718322,617.310863075325,L6_1,659.5,606.834794287608,3.80994641639665
264682.189438436,3841902.37718322,617.310863075325,L6_1,659.5,601.200713390798,1.90485131806245
264682.189438436,3841902.37718322,617.310863075325,L6_1,659.5,595.284928449149,1.73173648511439
264682.189438436,3841902.37718322,617.310863075325,L6_1,659.5,589.073354260417,2.28381022060069
264682.189438436,3841902.37718322,617.310863075325,L6_1,659.5,582.551201362248,3.10854920017905
264682.189438436,3841902.37718322,617.310863075325,L6_1,659.5,575.70294081917,3.81846769768322
264682.189438436,3841902.37718322,617.310863075325,L6_1,659.5,568.512267248939,4.28481040600403
264682.189438436,3841902.37718322,617.310863075325,L6_1,659.5,560.962060000197,4.59171259032384
264682.189438436,3841902.37718322,617.310863075325,L6_1,659.5,553.034342389017,4.85289222645303
264682.189438436,3841902.37718322,617.310863075325,L6_1,659.5,544.710238897278,5.14999708925191
264682.189438436,3841902.37718322,617.310863075325,L6_1,659.5,535.969930230953,5.54814414746638
264682.189438436,3841902.37718322,617.310863075325,L6_1,659.5,526.792606131311,6.10472038177687
264682.189438436,3841902.37718322,617.310863075325,L6_1,659.5,517.156415826686,6.86182713267033
264682.189438436,3841902.37718322,617.310863075325,L6_1,659.5,507.038416006831,7.83837388936529
264682.189438436,3841902.37718322,617.310863075325,L6_1,659.5,496.414516195983,9.02840884794619
264682.189438436,3841902.37718322,617.310863075325,L6_1,659.5,485.259421394593,10.4049678779471
264682.189438436,3841902.37718322,617.310863075325,L6_1,659.5,473.546571853133,11.9275639915923
264682.189438436,3841902.37718322,617.310863075325,L6_1,659.5,461.2480798346,13.5507074719776
264682.189438436,3841902.37718322,617.310863075325,L6_1,659.5,448.33466321514,15.2304640271138
264682.189438436,3841902.37718322,617.310863075325,L6_1,659.5,434.775575764707,16.9275638532039
264682.189438436,3841902.37718322,617.310863075325,L6_1,659.5,420.538533941753,18.6077403791718
264682.189438436,3841902.37718322,617.310863075325,L6_1,659.5,405.589640027651,20.2408394741994
264682.189438436,3841902.37718322,617.310863075325,L6_1,659.5,389.893301417844,21.7996466908106
264682.189438436,3841902.37718322,617.310863075325,L6_1,659.5,373.412145877547,23.2586080138895
264682.189438436,3841902.37718322,617.310863075325,L6_1,659.5,356.106932560235,24.5925505941057
264682.189438436,3841902.37718322,617.310863075325,L6_1,659.5,337.936458577057,25.7758389547327
264682.189438436,3841902.37718322,617.310863075325,L6_1,659.5,318.85746089472,26.7822757676638
264682.189438436,3841902.37718322,617.310863075325,L6_1,659.5,298.824513328266,27.5858453815654
264682.189438436,3841902.37718322,617.310863075325,L6_1,659.5,277.78991838349,28.1622748062174
264682.189438436,3841902.37718322,617.310863075325,L6_1,659.5,255.708451005632,28.4912749900407
264682.189438436,3841902.37718322,617.310863075325,L6_1,659.5,233.018253536091,28.5696430617167
264682.189438436,3841902.37718322,617.310863075325,L6_1,659.5,209.193546193073,28.4019633835499
264682.189438436,3841902.37718322,617.310863075325,L6_1,659.5,184.177603482904,27.9903660169782
264682.189438436,3841902.37718322,617.310863075325,L6_1,659.5,157.910863637227,27.345772526218
264682.189438436,3841902.37718322,617.310863075325,L6_1,659.5,130.330786799265,26.4877339477247
264682.189438436,3841902.37718322,617.310863075325,L6_1,659.5,101.371706119406,25.4435864328809
264682.189438436,3841902.37718322,617.310863075325,L6_1,659.5,70.9646714055538,24.2470712432375
264682.189438436,3841902.37718322,617.310863075325,L6_1,659.5,39.0372849560089,22.9365955785833
264682.189438436,3841902.37718322,617.310863075325,L6_1,659.5,,
264682.189438436,3841902.37718322,617.310863075325,L6_1,659.5,,
264682.189438436,3841902.37718322,617.310863075325,L6_1,659.5,,
264682.189438436,3841902.37718322,617.310863075325,L6_1,659.5,,
264682.189438436,3841902.37718322,617.310863075325,L6_1,659.5,,
264682.189438436,3841902.37718322,617.310863075325,L6_1,659.5,,
264682.189438436,3841902.37718322,617.310863075325,L6_1,659.5,,
264682.189438436,3841902.37718322,617.310863075325,L6_1,659.5,,
264682.189438436,3841902.37718322,617.310863075325,L6_1,659.5,,
264682.189438436,3841902.37718322,617.310863075325,L6_1,659.5,,
264682.189438436,3841902.37718322,617.310863075325,L6_1,659.5,,
264682.189438436,3841902.37718322,617.310863075325,L6_1,659.5,,
264682.189438436,3841902.37718322,617.310863075325,L6_1,659.5,,
264682.189438436,3841902.37718322,617.310863075325,L6_1,659.5,,
264682.189438436,3841902.37718322,617.310863075325,L6_1,659.5,,
264682.189438436,3841902.37718322,617.310863075325,L6_1,659.5,,
264682.189438436,3841902.37718322,617.310863075325,L6_1,659.5,,
264682.189438436,3841902.37718322,617.310863075325,L6_1,659.5,,
264682.189438436,3841902.37718322,617.310863075325,L6_1,659.5,,
264682.189438436,3841902.37718322,617.310863075325,L6_1,659.5,,
264682.189438436,3841902.37718322,617.310863075325,L6_1,659.5,,
264687.143451371,3841905.77096597,617.475357573389,L6_1,665.5,617.475357573389,16.9469346975737
264687.143451371,3841905.77096597,617.475357573389,L6_1,665.5,612.362754011995,11.3598567433178
264687.143451371,3841905.77096597,617.475357573389,L6_1,665.5,606.99452027253,4.50740496959249
264687.143451371,3841905.77096597,617.475357573389,L6_1,665.5,601.357874846093,2.07096092752576
264687.143451371,3841905.77096597,617.475357573389,L6_1,665.5,595.439397148333,1.71407938766965
264687.143451371,3841905.77096597,617.475357573389,L6_1,665.5,589.224995565686,2.17837535530933
264687.143451371,3841905.77096597,617.475357573389,L6_1,665.5,582.699873903906,2.99752074579996
264687.143451371,3841905.77096597,617.475357573389,L6_1,665.5,575.848496159038,3.77626656551451
264687.143451371,3841905.77096597,617.475357573389,L6_1,665.5,568.654549526926,4.33210270530762
264687.143451371,3841905.77096597,617.475357573389,L6_1,665.5,561.100905563208,4.70842790411529
264687.143451371,3841905.77096597,617.475357573389,L6_1,665.5,553.169579401304,5.00791252285953
264687.143451371,3841905.77096597,617.475357573389,L6_1,665.5,544.841686931306,5.31540461776846
264687.143451371,3841905.77096597,617.475357573389,L6_1,665.5,536.097399837807,5.70343936339319
264687.143451371,3841905.77096597,617.475357573389,L6_1,665.5,526.915898389633,6.2375219337586
264687.143451371,3841905.77096597,617.475357573389,L6_1,665.5,517.275321869051,6.96660252414609
264687.143451371,3841905.77096597,617.475357573389,L6_1,665.5,507.152716522439,7.91429356899467
264687.143451371,3841905.77096597,617.475357573389,L6_1,665.5,496.523980908497,9.07730106851986
264687.143451371,3841905.77096597,617.475357573389,L6_1,665.5,485.363808513858,10.4296325051924
264687.143451371,3841905.77096597,617.475357573389,L6_1,665.5,473.645627499487,11.930442240024
264687.143451371,3841905.77096597,617.475357573389,L6_1,665.5,461.341537434398,13.5330542475202
264687.143451371,3841905.77096597,617.475357573389,L6_1,665.5,448.422242866053,15.1921930005063
264687.143451371,3841905.77096597,617.475357573389,L6_1,665.5,434.856983569292,16.8677066268888
264687.143451371,3841905.77096597,617.475357573389,L6_1,665.5,420.613461307693,18.5252213711481
264687.143451371,3841905.77096597,617.475357573389,L6_1,665.5,405.657762933013,20.1352310846193
264687.143451371,3841905.77096597,617.475357573389,L6_1,665.5,389.9542796396,21.6716784977793
264687.143451371,3841905.77096597,617.475357573389,L6_1,665.5,373.465622181516,23.1103553274504
264687.143451371,3841905.77096597,617.475357573389,L6_1,665.5,356.152531850528,24.4273520117874
264687.143451371,3841905.77096597,617.475357573389,L6_1,665.5,337.97378700299,25.5980137734367
264687.143451371,3841905.77096597,617.475357573389,L6_1,665.5,318.886104913076,26.5967264550843
264687.143451371,3841905.77096597,617.475357573389,L6_1,665.5,298.844038718666,27.3976353409901
264687.143451371,3841905.77096597,617.475357573389,L6_1,665.5,277.799869214535,27.976228935255
264687.143451371,3841905.77096597,617.475357573389,L6_1,665.5,255.708451005632,28.311646773152
264687.143451371,3841905.77096597,617.475357573389,L6_1,665.5,233.018253536091,28.3999755503237
264687.143451371,3841905.77096597,617.475357573389,L6_1,665.5,209.193546193073,28.2450008243352
264687.143451371,3841905.77096597,617.475357573389,L6_1,665.5,184.177603482904,27.8479543265036
264687.143451371,3841905.77096597,617.475357573389,L6_1,665.5,157.910863637227,27.2189040356439
264687.143451371,3841905.77096597,617.475357573389,L6_1,665.5,130.330786799265,26.3766434170636
264687.143451371,3841905.77096597,617.475357573389,L6_1,665.5,101.371706119406,25.3478854561935
264687.143451371,3841905.77096597,617.475357573389,L6_1,665.5,70.9646714055538,24.1658991209272
264687.143451371,3841905.77096597,617.475357573389,L6_1,665.5,39.0372849560089,22.8687665662272
264687.143451371,3841905.77096597,617.475357573389,L6_1,665.5,,
264687.143451371,3841905.77096597,617.475357573389,L6_1,665.5,,
264687.143451371,3841905.77096597,617.475357573389,L6_1,665.5,,
264687.143451371,3841905.77096597,617.475357573389,L6_1,665.5,,
264687.143451371,3841905.77096597,617.475357573389,L6_1,665.5,,
264687.143451371,3841905.77096597,617.475357573389,L6_1,665.5,,
264687.143451371,3841905.77096597,617.475357573389,L6_1,665.5,,
264687.143451371,3841905.77096597,617.475357573389,L6_1,665.5,,
264687.143451371,3841905.77096597,617.475357573389,L6_1,665.5,,
264687.143451371,3841905.77096597,617.475357573389,L6_1,665.5,,
264687.143451371,3841905.77096597,617.475357573389,L6_1,665.5,,
264687.143451371,3841905.77096597,617.475357573389,L6_1,665.5,,
264687.143451371,3841905.77096597,617.475357573389,L6_1,665.5,,
264687.143451371,3841905.77096597,617.475357573389,L6_1,665.5,,
264687.143451371,3841905.77096597,617.475357573389,L6_1,665.5,,
264687.143451371,3841905.77096597,617.475357573389,L6_1,665.5,,
264687.143451371,3841905.77096597,617.475357573389,L6_1,665.5,,
264687.143451371,3841905.77096597,617.475357573389,L6_1,665.5,,
264687.143451371,3841905.77096597,617.475357573389,L6_1,665.5,,
264687.143451371,3841905.77096597,617.475357573389,L6_1,665.5,,
264687.143451371,3841905.77096597,617.475357573389,L6_1,665.5,,
264692.510298717,3841909.44756396,617.75323507647,L6_1,672.0,617.75323507647,15.9344232786011
264692.510298717,3841909.44756396,617.75323507647,L6_1,672.0,612.636702070802,12.5163181777628
264692.510298717,3841909.44756396,617.75323507647,L6_1,672.0,607.264342414851,6.10070723970857
264692.510298717,3841909.44756396,617.75323507647,L6_1,672.0,601.623364776102,2.77433208221104
264692.510298717,3841909.44756396,617.75323507647,L6_1,672.0,595.700338255416,2.0069726109001
264692.510298717,3841909.44756396,617.75323507647,L6_1,672.0,589.481160408695,2.27123611555816
264692.510298717,3841909.44756396,617.75323507647,L6_1,672.0,582.951023669638,2.98287099168218
264692.510298717,3841909.44756396,617.75323507647,L6_1,672.0,576.094380093629,3.74609149451208
264692.510298717,3841909.44756396,617.75323507647,L6_1,672.0,568.894904338819,4.34697518835516
264692.510298717,3841909.44756396,617.75323507647,L6_1,672.0,561.335454796268,4.77984613173757
264692.510298717,3841909.44756396,617.75323507647,L6_1,672.0,553.39803277659,5.12006242746806
264692.510298717,3841909.44756396,617.75323507647,L6_1,672.0,545.063739655928,5.44629767398054
264692.510298717,3841909.44756396,617.75323507647,L6_1,672.0,536.312731879233,5.83428699738304
264692.510298717,3841909.44756396,617.75323507647,L6_1,672.0,527.124173713703,6.35551177276095
264692.510298717,3841909.44756396,617.75323507647,L6_1,672.0,517.476187639897,7.0647282966898
264692.510298717,3841909.44756396,617.75323507647,L6_1,672.0,507.3458022624,7.98993014323451
264692.510298717,3841909.44756396,617.75323507647,L6_1,672.0,496.708897616029,9.13053801598626
264692.510298717,3841909.44756396,617.75323507647,L6_1,672.0,485.540147737339,10.4617343384372
264692.510298717,3841909.44756396,617.75323507647,L6_1,672.0,473.812960364714,11.9425721898015
264692.510298717,3841909.44756396,617.75323507647,L6_1,672.0,461.499413623459,13.52547509744
264692.510298717,3841909.44756396,617.75323507647,L6_1,672.0,448.57018954514,15.1641200239193
264692.510298717,3841909.44756396,617.75323507647,L6_1,672.0,434.994504262906,16.8177415716705
264692.510298717,3841909.44756396,617.75323507647,L6_1,672.0,420.740034716559,18.4520729809421
264692.510298717,3841909.44756396,617.75323507647,L6_1,672.0,405.772841692896,20.038403917774
264692.510298717,3841909.44756396,617.75323507647,L6_1,672.0,390.057289018049,21.5519136305989
264692.510298717,3841909.44756396,617.75323507647,L6_1,672.0,373.55595870946,22.9697678632099
264692.510298717,3841909.44756396,617.75323507647,L6_1,672.0,356.229561885442,24.2693140843153
264692.510298717,3841909.44756396,617.75323507647,L6_1,672.0,338.036845220222,25.4268501612951
264692.510298717,3841909.44756396,617.75323507647,L6_1,672.0,318.934492721742,26.4173178421045
264692.510298717,3841909.44756396,617.75323507647,L6_1,672.0,298.877022598338,27.2149999537509
264692.510298717,3841909.44756396,617.75323507647,L6_1,672.0,277.816678968763,27.7951269136036
264692.510298717,3841909.44756396,617.75323507647,L6_1,672.0,255.708451005632,28.1362511829072
264692.510298717,3841909.44756396,617.75323507647,L6_1,672.0,233.018253536091,28.2337993370059
264692.510298717,3841909.44756396,617.75323507647,L6_1,672.0,209.193546193073,28.0908224627771
264692.510298717,3841909.44756396,617.75323507647,L6_1,672.0,184.177603482904,27.7076622254594
264692.510298717,3841909.44756396,617.75323507647,L6_1,672.0,157.910863637227,27.0935472036017
264692.510298717,3841909.44756396,617.75323507647,L6_1,672.0,130.330786799265,26.2665272471061
264692.510298717,3841909.44756396,617.75323507647,L6_1,672.0,101.371706119406,25.2527003448375
264692.510298717,3841909.44756396,617.75323507647,L6_1,672.0,70.9646714055538,24.0848690541139
264692.510298717,3841909.44756396,617.75323507647,L6_1,672.0,39.0372849560089,22.8007914325715
264692.510298717,3841909.44756396,617.75323507647,L6_1,672.0,,
264692.510298717,3841909.44756396,617.75323507647,L6_1,672.0,,
264692.510298717,3841909.44756396,617.75323507647,L6_1,672.0,,
264692.510298717,3841909.44756396,617.75323507647,L6_1,672.0,,
264692.510298717,3841909.44756396,617.75323507647,L6_1,672.0,,
264692.510298717,3841909.44756396,617.75323507647,L6_1,672.0,,
264692.510298717,3841909.44756396,617.75323507647,L6_1,672.0,,
264692.510298717,3841909.44756396,617.75323507647,L6_1,672.0,,
264692.510298717,3841909.44756396,617.75323507647,L6_1,672.0,,
264692.510298717,3841909.44756396,617.75323507647,L6_1,672.0,,
264692.510298717,3841909.44756396,617.75323507647,L6_1,672.0,,
264692.510298717,3841909.44756396,617.75323507647,L6_1,672.0,,
264692.510298717,3841909.44756396,617.75323507647,L6_1,672.0,,
264692.510298717,3841909.44756396,617.75323507647,L6_1,672.0,,
264692.510298717,3841909.44756396,617.75323507647,L6_1,672.0,,
264692.510298717,3841909.44756396,617.75323507647,L6_1,672.0,,
264692.510298717,3841909.44756396,617.75323507647,L6_1,672.0,,
264692.510298717,3841909.44756396,617.75323507647,L6_1,672.0,,
264692.510298717,3841909.44756396,617.75323507647,L6_1,672.0,,
264692.510298717,3841909.44756396,617.75323507647,L6_1,672.0,,
264692.510298717,3841909.44756396,617.75323507647,L6_1,672.0,,
264697.464855348,3841912.84140441,618.031112579551,L6_1,678.0,618.031112579551,16.078701680099
264697.464855348,3841912.84140441,618.031112579551,L6_1,678.0,612.91065012961,13.7515513799922
264697.464855348,3841912.84140441,618.031112579551,L6_1,678.0,607.534164557171,7.80399349109563
264697.464855348,3841912.84140441,618.031112579551,L6_1,678.0,601.888854706111,3.69752465790872
264697.464855348,3841912.84140441,618.031112579551,L6_1,678.0,595.961279362498,2.42165027157289
264697.464855348,3841912.84140441,618.031112579551,L6_1,678.0,589.737325251704,2.42927939300008
264697.464855348,3841912.84140441,618.031112579551,L6_1,678.0,583.20217343537,3.00043360291197
264697.464855348,3841912.84140441,618.031112579551,L6_1,678.0,576.340264028219,3.7195718174563
264697.464855348,3841912.84140441,618.031112579551,L6_1,678.0,569.135259150712,4.34466210031925
264697.464855348,3841912.84140441,618.031112579551,L6_1,678.0,561.570004029328,4.82353319140665
264697.464855348,3841912.84140441,618.031112579551,L6_1,678.0,553.626486151876,5.20198274726761
264697.464855348,3841912.84140441,618.031112579551,L6_1,678.0,545.285792380551,5.54983949394712
264697.464855348,3841912.84140441,618.031112579551,L6_1,678.0,536.528063920659,5.9437235508727
264697.464855348,3841912.84140441,618.031112579551,L6_1,678.0,527.332449037773,6.45905808304139
264697.464855348,3841912.84140441,618.031112579551,L6_1,678.0,517.677053410743,7.15503652442525
264697.464855348,3841912.84140441,618.031112579551,L6_1,678.0,507.538888002361,8.06337547264291
264697.464855348,3841912.84140441,618.031112579551,L6_1,678.0,496.89381432356,9.18597076824642
264697.464855348,3841912.84140441,618.031112579551,L6_1,678.0,485.716486960819,10.4991377326475
264697.464855348,3841912.84140441,618.031112579551,L6_1,678.0,473.980293229941,11.9619175170272
264697.464855348,3841912.84140441,618.031112579551,L6_1,678.0,461.657289812519,13.5260362254295
264697.464855348,3841912.84140441,618.031112579551,L6_1,678.0,448.718136224226,15.1443970589626
264697.464855348,3841912.84140441,618.031112579551,L6_1,678.0,435.132024956519,16.7759000366963
264697.464855348,3841912.84140441,618.031112579551,L6_1,678.0,420.866608125426,18.386616933798
264697.464855348,3841912.84140441,618.031112579551,L6_1,678.0,405.887920452778,19.9487868342232
264697.464855348,3841912.84140441,618.031112579551,L6_1,678.0,390.160298396498,21.4389054017363
264697.464855348,3841912.84140441,618.031112579551,L6_1,678.0,373.646295237404,22.8355379158199
264697.464855348,3841912.84140441,618.031112579551,L6_1,678.0,356.306591920356,24.1172753883953
264697.464855348,3841912.84140441,618.031112579551,L6_1,678.0,338.099903437454,25.2613391271084
264697.464855348,3841912.84140441,618.031112579551,L6_1,678.0,318.982880530408,26.2431952239566
264697.464855348,3841912.84140441,618.031112579551,L6_1,678.0,298.91000647801,27.0372312493403
264697.464855348,3841912.84140441,618.031112579551,L6_1,678.0,277.833488722991,27.6183968224432
264697.464855348,3841912.84140441,618.031112579551,L6_1,678.0,255.708451005632,27.9646486001516
264697.464855348,3841912.84140441,618.031112579551,L6_1,678.0,233.018253536091,28.0707950748849
264697.464855348,3841912.84140441,618.031112579551,L6_1,678.0,209.193546193073,27.9392013875053
264697.464855348,3841912.84140441,618.031112579551,L6_1,678.0,184.177603482904,27.5693350550643
264697.464855348,3841912.84140441,618.031112579551,L6_1,678.0,157.910863637227,26.9696023326577
264697.464855348,3841912.84140441,618.031112579551,L6_1,678.0,130.330786799265,26.1573254370788
264697.464855348,3841912.84140441,618.031112579551,L6_1,678.0,101.371706119406,25.1580003929772
264697.464855348,3841912.84140441,618.031112579551,L6_1,678.0,70.9646714055538,24.0039701555031
264697.464855348,3841912.84140441,618.031112579551,L6_1,678.0,39.0372849560089,22.7326695195489
264697.464855348,3841912.84140441,618.031112579551,L6_1,678.0,,
264697.464855348,3841912.84140441,618.031112579551,L6_1,678.0,,
264697.464855348,3841912.84140441,618.031112579551,L6_1,678.0,,
264697.464855348,3841912.84140441,618.031112579551,L6_1,678.0,,
264697.464855348,3841912.84140441,618.031112579551,L6_1,678.0,,
264697.464855348,3841912.84140441,618.031112579551,L6_1,678.0,,
264697.464855348,3841912.84140441,618.031112579551,L6_1,678.0,,
264697.464855348,3841912.84140441,618.031112579551,L6_1,678.0,,
264697.464855348,3841912.84140441,618.031112579551,L6_1,678.0,,
264697.464855348,3841912.84140441,618.031112579551,L6_1,678.0,,
264697.464855348,3841912.84140441,618.031112579551,L6_1,678.0,,
264697.464855348,3841912.84140441,618.031112579551,L6_1,678.0,,
264697.464855348,3841912.84140441,618.031112579551,L6_1,678.0,,
264697.464855348,3841912.84140441,618.031112579551,L6_1,678.0,,
264697.464855348,3841912.84140441,618.031112579551,L6_1,678.0,,
264697.464855348,3841912.84140441,618.031112579551,L6_1,678.0,,
264697.464855348,3841912.84140441,618.031112579551,L6_1,678.0,,
264697.464855348,3841912.84140441,618.031112579551,L6_1,678.0,,
264697.464855348,3841912.84140441,618.031112579551,L6_1,678.0,,
264697.464855348,3841912.84140441,618.031112579551,L6_1,678.0,,
264697.464855348,3841912.84140441,618.031112579551,L6_1,678.0,,
264702.832880702,3841916.5181274,618.308990082632,L6_1,684.5,618.308990082632,16.2473125285953
264702.832880702,3841916.5181274,618.308990082632,L6_1,684.5,613.184598188418,14.5190481162971
264702.832880702,3841916.5181274,618.308990082632,L6_1,684.5,607.803986699492,9.15801366206519
264702.832880702,3841916.5181274,618.308990082632,L6_1,684.5,602.15434463612,4.60614860320969
264702.832880702,3841916.5181274,618.308990082632,L6_1,684.5,596.22222046958,2.8632012045024
264702.832880702,3841916.5181274,618.308990082632,L6_1,684.5,589.993490094712,2.6245947513921
264702.832880702,3841916.5181274,618.308990082632,L6_1,684.5,583.453323201102,3.06646556496219
264702.832880702,3841916.5181274,618.308990082632,L6_1,684.5,576.58614796281,3.73588604822927
264702.832880702,3841916.5181274,618.308990082632,L6_1,684.5,569.375613962604,4.36694499474409
264702.832880702,3841916.5181274,618.308990082632,L6_1,684.5,561.804553262388,4.8737682461366
264702.832880702,3841916.5181274,618.308990082632,L6_1,684.5,553.854939527161,5.27887597447271
264702.832880702,3841916.5181274,618.308990082632,L6_1,684.5,545.507845105173,5.64360716978393
264702.832880702,3841916.5181274,618.308990082632,L6_1,684.5,536.743395962085,6.04345072652241
264702.832880702,3841916.5181274,618.308990082632,L6_1,684.5,527.540724361843,6.55553981791442
264702.832880702,3841916.5181274,618.308990082632,L6_1,684.5,517.877919181589,7.24193278077482
264702.832880702,3841916.5181274,618.308990082632,L6_1,684.5,507.731973742322,8.13716808362118
264702.832880702,3841916.5181274,618.308990082632,L6_1,684.5,497.078731031092,9.2450961840641
264702.832880702,3841916.5181274,618.308990082632,L6_1,684.5,485.8928261843,10.5428501857272
264702.832880702,3841916.5181274,618.308990082632,L6_1,684.5,474.147626095168,11.9893204311368
264702.832880702,3841916.5181274,618.308990082632,L6_1,684.5,461.81516600158,13.5355675803721
264702.832880702,3841916.5181274,618.308990082632,L6_1,684.5,448.866082903313,15.1338834884255
264702.832880702,3841916.5181274,618.308990082632,L6_1,684.5,435.269545650132,16.7430535852706
264702.832880702,3841916.5181274,618.308990082632,L6_1,684.5,420.993181534293,18.3296982532425
264702.832880702,3841916.5181274,618.308990082632,L6_1,684.5,406.002999212661,19.8671610766147
264702.832880702,3841916.5181274,618.308990082632,L6_1,684.5,390.263307774947,21.333344604912
264702.832880702,3841916.5181274,618.308990082632,L6_1,684.5,373.736631765348,22.7082518678634
264702.832880702,3841916.5181274,618.308990082632,L6_1,684.5,356.383621955269,23.9717153674116
264702.832880702,3841916.5181274,618.308990082632,L6_1,684.5,338.162961654686,25.1018589510998
264702.832880702,3841916.5181274,618.308990082632,L6_1,684.5,319.031268339074,26.0746467553172
264702.832880702,3841916.5181274,618.308990082632,L6_1,684.5,298.942990357682,26.8645417498296
264702.832880702,3841916.5181274,618.308990082632,L6_1,684.5,277.850298477219,27.4461910847539
264702.832880702,3841916.5181274,618.308990082632,L6_1,684.5,255.708451005632,27.7969475099132
264702.832880702,3841916.5181274,618.308990082632,L6_1,684.5,233.018253536091,27.9110403024432
264702.832880702,3841916.5181274,618.308990082632,L6_1,684.5,209.193546193073,27.7901923928379
264702.832880702,3841916.5181274,618.308990082632,L6_1,684.5,184.177603482904,27.4330116704459
264702.832880702,3841916.5181274,618.308990082632,L6_1,684.5,157.910863637227,26.8470965526953
264702.832880702,3841916.5181274,618.308990082632,L6_1,684.5,130.330786799265,26.0490577945906
264702.832880702,3841916.5181274,618.308990082632,L6_1,684.5,101.371706119406,25.0638012719476
264702.832880702,3841916.5181274,618.308990082632,L6_1,684.5,70.9646714055538,23.9232141724526
264702.832880702,3841916.5181274,618.308990082632,L6_1,684.5,39.0372849560089,22.6644102070462
264702.832880702,3841916.5181274,618.308990082632,L6_1,684.5,,
264702.832880702,3841916.5181274,618.308990082632,L6_1,684.5,,
264702.832880702,3841916.5181274,618.308990082632,L6_1,684.5,,
264702.832880702,3841916.5181274,618.308990082632,L6_1,684.5,,
264702.832880702,3841916.5181274,618.308990082632,L6_1,684.5,,
264702.832880702,3841916.5181274,618.308990082632,L6_1,684.5,,
264702.832880702,3841916.5181274,618.308990082632,L6_1,684.5,,
264702.832880702,3841916.5181274,618.308990082632,L6_1,684.5,,
264702.832880702,3841916.5181274,618.308990082632,L6_1,684.5,,
264702.832880702,3841916.5181274,618.308990082632,L6_1,684.5,,
264702.832880702,3841916.5181274,618.308990082632,L6_1,684.5,,
264702.832880702,3841916.5181274,618.308990082632,L6_1,684.5,,
264702.832880702,3841916.5181274,618.308990082632,L6_1,684.5,,
264702.832880702,3841916.5181274,618.308990082632,L6_1,684.5,,
264702.832880702,3841916.5181274,618.308990082632,L6_1,684.5,,
264702.832880702,3841916.5181274,618.308990082632,L6_1,684.5,,
264702.832880702,3841916.5181274,618.308990082632,L6_1,684.5,,
264702.832880702,3841916.5181274,618.308990082632,L6_1,684.5,,
264702.832880702,3841916.5181274,618.308990082632,L6_1,684.5,,
264702.832880702,3841916.5181274,618.308990082632,L6_1,684.5,,
264702.832880702,3841916.5181274,618.308990082632,L6_1,684.5,,
264707.787981029,3841919.91202554,618.647922090169,L6_1,690.5,618.647922090169,15.8640767742906
264707.787981029,3841919.91202554,618.647922090169,L6_1,690.5,613.518737384656,14.3864848446235
264707.787981029,3841919.91202554,618.647922090169,L6_1,690.5,608.133093443868,9.48419110764147
264707.787981029,3841919.91202554,618.647922090169,L6_1,690.5,602.478167306041,4.96528365687135
264707.787981029,3841919.91202554,618.647922090169,L6_1,690.5,596.540494861322,3.07172188076417
264707.787981029,3841919.91202554,618.647922090169,L6_1,690.5,590.305938794368,2.72760837582151
264707.787981029,3841919.91202554,618.647922090169,L6_1,690.5,583.759654924065,3.11609938273855
264707.787981029,3841919.91202554,618.647922090169,L6_1,690.5,576.886056860248,3.77422887947697
264707.787981029,3841919.91202554,618.647922090169,L6_1,690.5,569.66877889324,4.42028895694106
264707.787981029,3841919.91202554,618.647922090169,L6_1,690.5,562.090637027881,4.94875404822253
264707.787981029,3841919.91202554,618.647922090169,L6_1,690.5,554.133588069254,5.37097069654587
264707.787981029,3841919.91202554,618.647922090169,L6_1,690.5,545.778686662696,5.74507072073915
264707.787981029,3841919.91202554,618.647922090169,L6_1,690.5,537.00604018581,6.1464386508599
264707.787981029,3841919.91202554,618.647922090169,L6_1,690.5,527.79476138508,6.65350340712591
264707.787981029,3841919.91202554,618.647922090169,L6_1,690.5,518.122918644314,7.33045247480664
264707.787981029,3841919.91202554,618.647922090169,L6_1,690.5,507.967483766509,8.21387062950023
264707.787981029,3841919.91202554,618.647922090169,L6_1,690.5,497.304277144813,9.3088471217786
264707.787981029,3841919.91202554,618.647922090169,L6_1,690.5,486.107910192033,10.5927668240898
264707.787981029,3841919.91202554,618.647922090169,L6_1,690.5,474.351724891614,12.0240280706462
264707.787981029,3841919.91202554,618.647922090169,L6_1,690.5,462.007730326174,13.5529257146657
264707.787981029,3841919.91202554,618.647922090169,L6_1,690.5,449.046536032462,15.1312193529655
264707.787981029,3841919.91202554,618.647922090169,L6_1,690.5,435.437282024065,16.7177458062823
264707.787981029,3841919.91202554,618.647922090169,L6_1,690.5,421.147565315247,18.2798434052704
264707.787981029,3841919.91202554,618.647922090169,L6_1,690.5,406.143362770989,19.7920888927697
264707.787981029,3841919.91202554,618.647922090169,L6_1,690.5,390.388950099517,21.2338674599553
264707.787981029,3841919.91202554,618.647922090169,L6_1,690.5,373.846816794473,22.58664229335
264707.787981029,3841919.91202554,618.647922090169,L6_1,690.5,356.477576824175,23.8314774003621
264707.787981029,3841919.91202554,618.647922090169,L6_1,690.5,338.239874855364,24.9473715570218
264707.787981029,3841919.91202554,618.647922090169,L6_1,690.5,319.090287788111,25.9107528514096
264707.787981029,3841919.91202554,618.647922090169,L6_1,690.5,298.983221367496,26.6961358752311
264707.787981029,3841919.91202554,618.647922090169,L6_1,690.5,277.87080162585,27.2778499369086
264707.787981029,3841919.91202554,618.647922090169,L6_1,690.5,255.708451005632,27.6326303395222
264707.787981029,3841919.91202554,618.647922090169,L6_1,690.5,233.018253536091,27.7541416815764
264707.787981029,3841919.91202554,618.647922090169,L6_1,690.5,209.193546193073,27.6435005848099
264707.787981029,3841919.91202554,618.647922090169,L6_1,690.5,184.177603482904,27.2984765582762
264707.787981029,3841919.91202554,618.647922090169,L6_1,690.5,157.910863637227,26.7258761420282
264707.787981029,3841919.91202554,618.647922090169,L6_1,690.5,130.330786799265,25.9416176450515
264707.787981029,3841919.91202554,618.647922090169,L6_1,690.5,101.371706119406,24.9700314277307
264707.787981029,3841919.91202554,618.647922090169,L6_1,690.5,70.9646714055538,23.842556709995
264707.787981029,3841919.91202554,618.647922090169,L6_1,690.5,39.0372849560089,22.5959895509712
264707.787981029,3841919.91202554,618.647922090169,L6_1,690.5,,
264707.787981029,3841919.91202554,618.647922090169,L6_1,690.5,,
264707.787981029,3841919.91202554,618.647922090169,L6_1,690.5,,
264707.787981029,3841919.91202554,618.647922090169,L6_1,690.5,,
264707.787981029,3841919.91202554,618.647922090169,L6_1,690.5,,
264707.787981029,3841919.91202554,618.647922090169,L6_1,690.5,,
264707.787981029,3841919.91202554,618.647922090169,L6_1,690.5,,
264707.787981029,3841919.91202554,618.647922090169,L6_1,690.5,,
264707.787981029,3841919.91202554,618.647922090169,L6_1,690.5,,
264707.787981029,3841919.91202554,618.647922090169,L6_1,690.5,,
264707.787981029,3841919.91202554,618.647922090169,L6_1,690.5,,
264707.787981029,3841919.91202554,618.647922090169,L6_1,690.5,,
264707.787981029,3841919.91202554,618.647922090169,L6_1,690.5,,
264707.787981029,3841919.91202554,618.647922090169,L6_1,690.5,,
264707.787981029,3841919.91202554,618.647922090169,L6_1,690.5,,
264707.787981029,3841919.91202554,618.647922090169,L6_1,690.5,,
264707.787981029,3841919.91202554,618.647922090169,L6_1,690.5,,
264707.787981029,3841919.91202554,618.647922090169,L6_1,690.5,,
264707.787981029,3841919.91202554,618.647922090169,L6_1,690.5,,
264707.787981029,3841919.91202554,618.647922090169,L6_1,690.5,,
264707.787981029,3841919.91202554,618.647922090169,L6_1,690.5,,
264713.156006383,3841923.58874853,619.04788373807,L6_1,697.0,619.04788373807,15.3030911662336
264713.156006383,3841923.58874853,619.04788373807,L6_1,697.0,613.913043205837,13.776419884591
264713.156006383,3841923.58874853,619.04788373807,L6_1,697.0,608.521460646993,9.03824603531356
264713.156006383,3841923.58874853,619.04788373807,L6_1,697.0,602.860298960206,4.81400941472289
264713.156006383,3841923.58874853,619.04788373807,L6_1,697.0,596.916079189081,3.05246071052954
264713.156006383,3841923.58874853,619.04788373807,L6_1,697.0,590.674648429398,2.75061695997077
264713.156006383,3841923.58874853,619.04788373807,L6_1,697.0,584.121146131732,3.16759516059254
264713.156006383,3841923.58874853,619.04788373807,L6_1,697.0,577.239968719182,3.85663281780644
264713.156006383,3841923.58874853,619.04788373807,L6_1,697.0,570.014732436005,4.52879773734001
264713.156006383,3841923.58874853,619.04788373807,L6_1,697.0,562.428234338669,5.07256407861744
264713.156006383,3841923.58874853,619.04788373807,L6_1,697.0,554.462411336467,5.50011013847099
264713.156006383,3841923.58874853,619.04788373807,L6_1,697.0,546.098297184154,5.87221141172482
264713.156006383,3841923.58874853,619.04788373807,L6_1,697.0,537.315977324225,6.26628280053315
264713.156006383,3841923.58874853,619.04788373807,L6_1,697.0,528.0945414713,6.76263956135051
264713.156006383,3841923.58874853,619.04788373807,L6_1,697.0,518.412033825729,7.42732111528705
264713.156006383,3841923.58874853,619.04788373807,L6_1,697.0,508.245400797879,8.29817151111163
264713.156006383,3841923.58874853,619.04788373807,L6_1,697.0,497.570436118637,9.38059459551399
264713.156006383,3841923.58874853,619.04788373807,L6_1,697.0,486.361723205433,10.6514381746579
264713.156006383,3841923.58874853,619.04788373807,L6_1,697.0,474.592574646568,12.0680886206905
264713.156006383,3841923.58874853,619.04788373807,L6_1,697.0,462.23496865976,13.5798431035148
264713.156006383,3841923.58874853,619.04788373807,L6_1,697.0,449.259482373612,15.1379199507521
264713.156006383,3841923.58874853,619.04788373807,L6_1,697.0,435.635221773157,16.701319242382
264713.156006383,3841923.58874853,619.04788373807,L6_1,697.0,421.329748142678,18.2382363762285
264713.156006383,3841923.58874853,619.04788373807,L6_1,697.0,406.309000830676,19.7245987066221
264713.156006383,3841923.58874853,619.04788373807,L6_1,697.0,390.537216153073,21.1413492012242
264713.156006383,3841923.58874853,619.04788373807,L6_1,697.0,373.976842241591,22.4714367420017
264713.156006383,3841923.58874853,619.04788373807,L6_1,697.0,356.588449634534,23.6971512507855
264713.156006383,3841923.58874853,619.04788373807,L6_1,697.0,338.330637397125,24.7983423062474
264713.156006383,3841923.58874853,619.04788373807,L6_1,697.0,319.159934547845,25.7518705681331
264713.156006383,3841923.58874853,619.04788373807,L6_1,697.0,299.030696556101,26.5322799447154
264713.156006383,3841923.58874853,619.04788373807,L6_1,697.0,277.89499666477,27.113567129016
264713.156006383,3841923.58874853,619.04788373807,L6_1,697.0,255.708451005632,27.4718351360288
264713.156006383,3841923.58874853,619.04788373807,L6_1,697.0,233.018253536091,27.6001962174209
264713.156006383,3841923.58874853,619.04788373807,L6_1,697.0,209.193546193073,27.4991932928873
264713.156006383,3841923.58874853,619.04788373807,L6_1,697.0,184.177603482904,27.1657758114625
264713.156006383,3841923.58874853,619.04788373807,L6_1,697.0,157.910863637227,26.6059732315193
264713.156006383,3841923.58874853,619.04788373807,L6_1,697.0,130.330786799265,25.8350279778602
264713.156006383,3841923.58874853,619.04788373807,L6_1,697.0,101.371706119406,24.8767073124197
264713.156006383,3841923.58874853,619.04788373807,L6_1,697.0,70.9646714055538,23.7620092505372
264713.156006383,3841923.58874853,619.04788373807,L6_1,697.0,39.0372849560089,22.5274161495554
264713.156006383,3841923.58874853,619.04788373807,L6_1,697.0,,
264713.156006383,3841923.58874853,619.04788373807,L6_1,697.0,,
264713.156006383,3841923.58874853,619.04788373807,L6_1,697.0,,
264713.156006383,3841923.58874853,619.04788373807,L6_1,697.0,,
264713.156006383,3841923.58874853,619.04788373807,L6_1,697.0,,
264713.156006383,3841923.58874853,619.04788373807,L6_1,697.0,,
264713.156006383,3841923.58874853,619.04788373807,L6_1,697.0,,
264713.156006383,3841923.58874853,619.04788373807,L6_1,697.0,,
264713.156006383,3841923.58874853,619.04788373807,L6_1,697.0,,
264713.156006383,3841923.58874853,619.04788373807,L6_1,697.0,,
264713.156006383,3841923.58874853,619.04788373807,L6_1,697.0,,
264713.156006383,3841923.58874853,619.04788373807,L6_1,697.0,,
264713.156006383,3841923.58874853,619.04788373807,L6_1,697.0,,
264713.156006383,3841923.58874853,619.04788373807,L6_1,697.0,,
264713.156006383,3841923.58874853,619.04788373807,L6_1,697.0,,
264713.156006383,3841923.58874853,619.04788373807,L6_1,697.0,,
264713.156006383,3841923.58874853,619.04788373807,L6_1,697.0,,
264713.156006383,3841923.58874853,619.04788373807,L6_1,697.0,,
264713.156006383,3841923.58874853,619.04788373807,L6_1,697.0,,
264713.156006383,3841923.58874853,619.04788373807,L6_1,697.0,,
264713.156006383,3841923.58874853,619.04788373807,L6_1,697.0,,
264718.111098958,3841926.98265185,619.447845385972,L6_1,703.0,619.447845385972,16.0707922113457
264718.111098958,3841926.98265185,619.447845385972,L6_1,703.0,614.307349027019,13.9645031329004
264718.111098958,3841926.98265185,619.447845385972,L6_1,703.0,608.909827850118,8.64418179393597
264718.111098958,3841926.98265185,619.447845385972,L6_1,703.0,603.242430614372,4.51895284956702
264718.111098958,3841926.98265185,619.447845385972,L6_1,703.0,597.291663516839,2.93088239188491
264718.111098958,3841926.98265185,619.447845385972,L6_1,703.0,591.043358064429,2.73538105162042
264718.111098958,3841926.98265185,619.447845385972,L6_1,703.0,584.482637339399,3.23105025616818
264718.111098958,3841926.98265185,619.447845385972,L6_1,703.0,577.593880578117,3.9812120566448
264718.111098958,3841926.98265185,619.447845385972,L6_1,703.0,570.360685978771,4.69008226945127
264718.111098958,3841926.98265185,619.447845385972,L6_1,703.0,562.765831649458,5.2466239587162
264718.111098958,3841926.98265185,619.447845385972,L6_1,703.0,554.791234603679,5.67049839010175
264718.111098958,3841926.98265185,619.447845385972,L6_1,703.0,546.417907705611,6.02974653419941
264718.111098958,3841926.98265185,619.447845385972,L6_1,703.0,537.62591446264,6.40689285595
264718.111098958,3841926.98265185,619.447845385972,L6_1,703.0,528.39432155752,6.88574164081153
264718.111098958,3841926.98265185,619.447845385972,L6_1,703.0,518.701149007145,7.53434934590187
264718.111098958,3841926.98265185,619.447845385972,L6_1,703.0,508.52331782925,8.39109403605001
264718.111098958,3841926.98265185,619.447845385972,L6_1,703.0,497.836595092461,9.46072189904179
264718.111098958,3841926.98265185,619.447845385972,L6_1,703.0,486.615536218832,10.7187215018133
264718.111098958,3841926.98265185,619.447845385972,L6_1,703.0,474.833424401522,12.1209439384427
264718.111098958,3841926.98265185,619.447845385972,L6_1,703.0,462.462206993347,13.6154605803003
264718.111098958,3841926.98265185,619.447845385972,L6_1,703.0,449.472428714762,15.1529320297572
264718.111098958,3841926.98265185,619.447845385972,L6_1,703.0,435.833161522249,16.6926128622352
264718.111098958,3841926.98265185,619.447845385972,L6_1,703.0,421.511930970109,18.2036746942035
264718.111098958,3841926.98265185,619.447845385972,L6_1,703.0,406.474638890363,19.6634919247337
264718.111098958,3841926.98265185,619.447845385972,L6_1,703.0,390.685482206629,21.0546193735771
264718.111098958,3841926.98265185,619.447845385972,L6_1,703.0,374.106867688709,22.3615142244984
264718.111098958,3841926.98265185,619.447845385972,L6_1,703.0,356.699322444893,23.5676794259474
264718.111098958,3841926.98265185,619.447845385972,L6_1,703.0,338.421399938886,24.6537857817646
264718.111098958,3841926.98265185,619.447845385972,L6_1,703.0,319.229581307578,25.5971013890028
264718.111098958,3841926.98265185,619.447845385972,L6_1,703.0,299.078171744706,26.3721745220589
264718.111098958,3841926.98265185,619.447845385972,L6_1,703.0,277.919191703689,26.9526485356685
264718.111098958,3841926.98265185,619.447845385972,L6_1,703.0,255.708451005632,27.3139886434708
264718.111098958,3841926.98265185,619.447845385972,L6_1,703.0,233.018253536091,27.4487582689335
264718.111098958,3841926.98265185,619.447845385972,L6_1,703.0,209.193546193073,27.3569302931953
264718.111098958,3841926.98265185,619.447845385972,L6_1,703.0,184.177603482904,27.0346521328555
264718.111098958,3841926.98265185,619.447845385972,L6_1,703.0,157.910863637227,26.4871994497075
264718.111098958,3841926.98265185,619.447845385972,L6_1,703.0,130.330786799265,25.7291552238525
264718.111098958,3841926.98265185,619.447845385972,L6_1,703.0,101.371706119406,24.7837361120892
264718.111098958,3841926.98265185,619.447845385972,L6_1,703.0,70.9646714055538,23.6815098846604
264718.111098958,3841926.98265185,619.447845385972,L6_1,703.0,39.0372849560089,22.458647555266
264718.111098958,3841926.98265185,619.447845385972,L6_1,703.0,,
264718.111098958,3841926.98265185,619.447845385972,L6_1,703.0,,
264718.111098958,3841926.98265185,619.447845385972,L6_1,703.0,,
264718.111098958,3841926.98265185,619.447845385972,L6_1,703.0,,
264718.111098958,3841926.98265185,619.447845385972,L6_1,703.0,,
264718.111098958,3841926.98265185,619.447845385972,L6_1,703.0,,
264718.111098958,3841926.98265185,619.447845385972,L6_1,703.0,,
264718.111098958,3841926.98265185,619.447845385972,L6_1,703.0,,
264718.111098958,3841926.98265185,619.447845385972,L6_1,703.0,,
264718.111098958,3841926.98265185,619.447845385972,L6_1,703.0,,
264718.111098958,3841926.98265185,619.447845385972,L6_1,703.0,,
264718.111098958,3841926.98265185,619.447845385972,L6_1,703.0,,
264718.111098958,3841926.98265185,619.447845385972,L6_1,703.0,,
264718.111098958,3841926.98265185,619.447845385972,L6_1,703.0,,
264718.111098958,3841926.98265185,619.447845385972,L6_1,703.0,,
264718.111098958,3841926.98265185,619.447845385972,L6_1,703.0,,
264718.111098958,3841926.98265185,619.447845385972,L6_1,703.0,,
264718.111098958,3841926.98265185,619.447845385972,L6_1,703.0,,
264718.111098958,3841926.98265185,619.447845385972,L6_1,703.0,,
264718.111098958,3841926.98265185,619.447845385972,L6_1,703.0,,
264718.111098958,3841926.98265185,619.447845385972,L6_1,703.0,,
264723.479107518,3841930.65938605,619.847807033873,L6_1,709.5,619.847807033873,18.9466176138002
264723.479107518,3841930.65938605,619.847807033873,L6_1,709.5,614.7016548482,15.2195376700332
264723.479107518,3841930.65938605,619.847807033873,L6_1,709.5,609.298195053242,8.35148278926244
264723.479107518,3841930.65938605,619.847807033873,L6_1,709.5,603.624562268537,4.16913951379624
264723.479107518,3841930.65938605,619.847807033873,L6_1,709.5,597.667247844597,2.75152939336172
264723.479107518,3841930.65938605,619.847807033873,L6_1,709.5,591.41206769946,2.68553796627711
264723.479107518,3841930.65938605,619.847807033873,L6_1,709.5,584.844128547065,3.28938042429471
264723.479107518,3841930.65938605,619.847807033873,L6_1,709.5,577.947792437051,4.12720765185481
264723.479107518,3841930.65938605,619.847807033873,L6_1,709.5,570.706639521537,4.88893001357609
264723.479107518,3841930.65938605,619.847807033873,L6_1,709.5,563.103428960246,5.46270634707995
264723.479107518,3841930.65938605,619.847807033873,L6_1,709.5,555.120057870891,5.87871438799971
264723.479107518,3841930.65938605,619.847807033873,L6_1,709.5,546.737518227069,6.21681102558269
264723.479107518,3841930.65938605,619.847807033873,L6_1,709.5,537.935851601055,6.5687379912323
264723.479107518,3841930.65938605,619.847807033873,L6_1,709.5,528.69410164374,7.02409837357906
264723.479107518,3841930.65938605,619.847807033873,L6_1,709.5,518.99026418856,7.65336761258147
264723.479107518,3841930.65938605,619.847807033873,L6_1,709.5,508.801234860621,8.4947795303943
264723.479107518,3841930.65938605,619.847807033873,L6_1,709.5,498.102754066285,9.55148495127732
264723.479107518,3841930.65938605,619.847807033873,L6_1,709.5,486.869349232232,10.7968437397423
264723.479107518,3841930.65938605,619.847807033873,L6_1,709.5,475.074274156476,12.1847013848234
264723.479107518,3841930.65938605,619.847807033873,L6_1,709.5,462.689445326933,13.6617162004133
264723.479107518,3841930.65938605,619.847807033873,L6_1,709.5,449.685375055912,15.1780002899472
264723.479107518,3841930.65938605,619.847807033873,L6_1,709.5,436.031101271341,16.6931694032447
264723.479107518,3841930.65938605,619.847807033873,L6_1,709.5,421.69411379754,18.1775016220059
264723.479107518,3841930.65938605,619.847807033873,L6_1,709.5,406.64027695005,19.609920030012
264723.479107518,3841930.65938605,619.847807033873,L6_1,709.5,390.833748260185,20.9746486789201
264723.479107518,3841930.65938605,619.847807033873,L6_1,709.5,374.236893135827,22.257678114577
264723.479107518,3841930.65938605,619.847807033873,L6_1,709.5,356.810195255252,23.4437129738068
264723.479107518,3841930.65938605,619.847807033873,L6_1,709.5,338.512162480647,24.5142176961484
264723.479107518,3841930.65938605,619.847807033873,L6_1,709.5,319.299228067312,25.4468433208691
264723.479107518,3841930.65938605,619.847807033873,L6_1,709.5,299.12564693331,26.216117587395
264723.479107518,3841930.65938605,619.847807033873,L6_1,709.5,277.943386742609,26.7953107496195
264723.479107518,3841930.65938605,619.847807033873,L6_1,709.5,255.708451005632,27.159245475157
264723.479107518,3841930.65938605,619.847807033873,L6_1,709.5,233.018253536091,27.2999368017214
264723.479107518,3841930.65938605,619.847807033873,L6_1,709.5,209.193546193073,27.216787286797
264723.479107518,3841930.65938605,619.847807033873,L6_1,709.5,184.177603482904,26.9051579049372
264723.479107518,3841930.65938605,619.847807033873,L6_1,709.5,157.910863637227,26.3695913877531
264723.479107518,3841930.65938605,619.847807033873,L6_1,709.5,130.330786799265,25.624024704098
264723.479107518,3841930.65938605,619.847807033873,L6_1,709.5,101.371706119406,24.6911356819702
264723.479107518,3841930.65938605,619.847807033873,L6_1,709.5,70.9646714055538,23.6010722084627
264723.479107518,3841930.65938605,619.847807033873,L6_1,709.5,39.0372849560089,22.3896943367884
264723.479107518,3841930.65938605,619.847807033873,L6_1,709.5,,
264723.479107518,3841930.65938605,619.847807033873,L6_1,709.5,,
264723.479107518,3841930.65938605,619.847807033873,L6_1,709.5,,
264723.479107518,3841930.65938605,619.847807033873,L6_1,709.5,,
264723.479107518,3841930.65938605,619.847807033873,L6_1,709.5,,
264723.479107518,3841930.65938605,619.847807033873,L6_1,709.5,,
264723.479107518,3841930.65938605,619.847807033873,L6_1,709.5,,
264723.479107518,3841930.65938605,619.847807033873,L6_1,709.5,,
264723.479107518,3841930.65938605,619.847807033873,L6_1,709.5,,
264723.479107518,3841930.65938605,619.847807033873,L6_1,709.5,,
264723.479107518,3841930.65938605,619.847807033873,L6_1,709.5,,
264723.479107518,3841930.65938605,619.847807033873,L6_1,709.5,,
264723.479107518,3841930.65938605,619.847807033873,L6_1,709.5,,
264723.479107518,3841930.65938605,619.847807033873,L6_1,709.5,,
264723.479107518,3841930.65938605,619.847807033873,L6_1,709.5,,
264723.479107518,3841930.65938605,619.847807033873,L6_1,709.5,,
264723.479107518,3841930.65938605,619.847807033873,L6_1,709.5,,
264723.479107518,3841930.65938605,619.847807033873,L6_1,709.5,,
264723.479107518,3841930.65938605,619.847807033873,L6_1,709.5,,
264723.479107518,3841930.65938605,619.847807033873,L6_1,709.5,,
264723.479107518,3841930.65938605,619.847807033873,L6_1,709.5,,
264728.434192342,3841934.05329455,620.197789025993,L6_1,715.5,620.197789025993,19.3144070470743
264728.434192342,3841934.05329455,620.197789025993,L6_1,715.5,615.046687772044,15.3396502499524
264728.434192342,3841934.05329455,620.197789025993,L6_1,715.5,609.638031455399,8.135866902259
264728.434192342,3841934.05329455,620.197789025993,L6_1,715.5,603.958942322921,3.9496310635247
264728.434192342,3841934.05329455,620.197789025993,L6_1,715.5,597.995898733819,2.63730136750876
264728.434192342,3841934.05329455,620.197789025993,L6_1,715.5,591.734702965262,2.67043068850912
264728.434192342,3841934.05329455,620.197789025993,L6_1,715.5,585.160447408278,3.37497328358459
264728.434192342,3841934.05329455,620.197789025993,L6_1,715.5,578.257479073444,4.30229798806621
264728.434192342,3841934.05329455,620.197789025993,L6_1,715.5,571.009362321868,5.11896104787447
264728.434192342,3841934.05329455,620.197789025993,L6_1,715.5,563.398839732713,5.70830537294121
264728.434192342,3841934.05329455,620.197789025993,L6_1,715.5,555.407791014101,6.11109327441392
264728.434192342,3841934.05329455,620.197789025993,L6_1,715.5,547.017189859559,6.42132891111998
264728.434192342,3841934.05329455,620.197789025993,L6_1,715.5,538.207058647289,6.74251277287365
264728.434192342,3841934.05329455,620.197789025993,L6_1,715.5,528.956420874405,7.17125018621725
264728.434192342,3841934.05329455,620.197789025993,L6_1,715.5,519.243251212878,7.78021485225377
264728.434192342,3841934.05329455,620.197789025993,L6_1,715.5,509.044423068274,8.60663603267662
264728.434192342,3841934.05329455,620.197789025993,L6_1,715.5,498.33565351644,9.65121937586653
264728.434192342,3841934.05329455,620.197789025993,L6_1,715.5,487.091445487014,10.8846129589307
264728.434192342,3841934.05329455,620.197789025993,L6_1,715.5,475.285027056117,12.2583676109111
264728.434192342,3841934.05329455,620.197789025993,L6_1,715.5,462.888287703675,13.7176740094469
264728.434192342,3841934.05329455,620.197789025993,L6_1,715.5,449.871711383611,15.2121890617631
264728.434192342,3841934.05329455,620.197789025993,L6_1,715.5,436.204306247543,16.7020400688738
264728.434192342,3841934.05329455,620.197789025993,L6_1,715.5,421.853530854673,18.1587563412288
264728.434192342,3841934.05329455,620.197789025993,L6_1,715.5,406.785216692158,19.5629192630844
264728.434192342,3841934.05329455,620.197789025993,L6_1,715.5,390.963486821519,20.9004853175893
264728.434192342,3841934.05329455,620.197789025993,L6_1,715.5,374.350670457347,22.1589935289145
264728.434192342,3841934.05329455,620.197789025993,L6_1,715.5,356.907213274966,23.324343872437
264728.434192342,3841934.05329455,620.197789025993,L6_1,715.5,338.591583233467,24.3787751043872
264728.434192342,3841934.05329455,620.197789025993,L6_1,715.5,319.360171689892,25.3002871636508
264728.434192342,3841934.05329455,620.197789025993,L6_1,715.5,299.167189569139,26.0633650639362
264728.434192342,3841934.05329455,620.197789025993,L6_1,715.5,277.964558342348,26.6408970494248
264728.434192342,3841934.05329455,620.197789025993,L6_1,715.5,255.708451005632,27.0070634411112
264728.434192342,3841934.05329455,620.197789025993,L6_1,715.5,233.018253536091,27.153298660383
264728.434192342,3841934.05329455,620.197789025993,L6_1,715.5,209.193546193073,27.0784189061606
264728.434192342,3841934.05329455,620.197789025993,L6_1,715.5,184.177603482904,26.7770235661781
264728.434192342,3841934.05329455,620.197789025993,L6_1,715.5,157.910863637227,26.2529424924405
264728.434192342,3841934.05329455,620.197789025993,L6_1,715.5,130.330786799265,25.5194838641906
264728.434192342,3841934.05329455,620.197789025993,L6_1,715.5,101.371706119406,24.5987975069449
264728.434192342,3841934.05329455,620.197789025993,L6_1,715.5,70.9646714055538,23.520619694535
264728.434192342,3841934.05329455,620.197789025993,L6_1,715.5,39.0372849560089,22.3205064040638
264728.434192342,3841934.05329455,620.197789025993,L6_1,715.5,,
264728.434192342,3841934.05329455,620.197789025993,L6_1,715.5,,
264728.434192342,3841934.05329455,620.197789025993,L6_1,715.5,,
264728.434192342,3841934.05329455,620.197789025993,L6_1,715.5,,
264728.434192342,3841934.05329455,620.197789025993,L6_1,715.5,,
264728.434192342,3841934.05329455,620.197789025993,L6_1,715.5,,
264728.434192342,3841934.05329455,620.197789025993,L6_1,715.5,,
264728.434192342,3841934.05329455,620.197789025993,L6_1,715.5,,
264728.434192342,3841934.05329455,620.197789025993,L6_1,715.5,,
264728.434192342,3841934.05329455,620.197789025993,L6_1,715.5,,
264728.434192342,3841934.05329455,620.197789025993,L6_1,715.5,,
264728.434192342,3841934.05329455,620.197789025993,L6_1,715.5,,
264728.434192342,3841934.05329455,620.197789025993,L6_1,715.5,,
264728.434192342,3841934.05329455,620.197789025993,L6_1,715.5,,
264728.434192342,3841934.05329455,620.197789025993,L6_1,715.5,,
264728.434192342,3841934.05329455,620.197789025993,L6_1,715.5,,
264728.434192342,3841934.05329455,620.197789025993,L6_1,715.5,,
264728.434192342,3841934.05329455,620.197789025993,L6_1,715.5,,
264728.434192342,3841934.05329455,620.197789025993,L6_1,715.5,,
264728.434192342,3841934.05329455,620.197789025993,L6_1,715.5,,
264728.434192342,3841934.05329455,620.197789025993,L6_1,715.5,,
264733.802200901,3841937.73002875,620.497625789365,L6_1,722.0,620.497625789365,16.9969546739343
264733.802200901,3841937.73002875,620.497625789365,L6_1,722.0,615.342284566943,14.1978078417469
264733.802200901,3841937.73002875,620.497625789365,L6_1,722.0,609.929176283399,7.8897233450326
264733.802200901,3841937.73002875,620.497625789365,L6_1,722.0,604.245412585678,3.80924830063501
264733.802200901,3841937.73002875,620.497625789365,L6_1,722.0,598.277460703071,2.57598320360336
264733.802200901,3841937.73002875,620.497625789365,L6_1,722.0,592.011111226334,2.6869298174556
264733.802200901,3841937.73002875,620.497625789365,L6_1,722.0,585.43144427576,3.48043215803417
264733.802200901,3841937.73002875,620.497625789365,L6_1,722.0,578.522793977657,4.49422172892619
264733.802200901,3841937.73002875,620.497625789365,L6_1,722.0,571.268711164649,5.36633921598669
264733.802200901,3841937.73002875,620.497625789365,L6_1,722.0,563.651924210991,5.96990852986079
264733.802200901,3841937.73002875,620.497625789365,L6_1,722.0,555.65429790965,6.35553111087571
264733.802200901,3841937.73002875,620.497625789365,L6_1,722.0,547.256790293241,6.63363756295432
264733.802200901,3841937.73002875,620.497625789365,L6_1,722.0,538.439407296012,6.92158375299278
264733.802200901,3841937.73002875,620.497625789365,L6_1,722.0,529.181155148922,7.32346227921902
264733.802200901,3841937.73002875,620.497625789365,L6_1,722.0,519.459990394478,7.91344765878439
264733.802200901,3841937.73002875,620.497625789365,L6_1,722.0,509.252767402311,8.72679633098761
264733.802200901,3841937.73002875,620.497625789365,L6_1,722.0,498.535183260535,9.76102281762144
264733.802200901,3841937.73002875,620.497625789365,L6_1,722.0,487.281719911671,10.9836377738027
264733.802200901,3841937.73002875,620.497625789365,L6_1,722.0,475.465583395364,12.3437501649324
264733.802200901,3841937.73002875,620.497625789365,L6_1,722.0,463.058640053242,13.7851406271017
264733.802200901,3841937.73002875,620.497625789365,L6_1,722.0,450.031349544013,15.2571870651978
264733.802200901,3841937.73002875,620.497625789365,L6_1,722.0,436.352694509323,16.7207373567235
264733.802200901,3841937.73002875,620.497625789365,L6_1,722.0,421.990106722898,18.1487554189471
264733.802200901,3841937.73002875,620.497625789365,L6_1,722.0,406.909389547152,19.5236122662454
264733.802200901,3841937.73002875,620.497625789365,L6_1,722.0,391.074636512619,20.8330710458809
264733.802200901,3841937.73002875,620.497625789365,L6_1,722.0,374.448145826359,22.0662388238994
264733.802200901,3841937.73002875,620.497625789365,L6_1,722.0,356.990330605786,23.2102052708124
264733.802200901,3841937.73002875,620.497625789365,L6_1,722.0,338.659624624185,24.2479636541299
264733.802200901,3841937.73002875,620.497625789365,L6_1,722.0,319.412383343503,25.1578283856158
264733.802200901,3841937.73002875,620.497625789365,L6_1,722.0,299.202779998788,25.9142197153899
264733.802200901,3841937.73002875,620.497625789365,L6_1,722.0,277.982696486836,26.4896338606641
264733.802200901,3841937.73002875,620.497625789365,L6_1,722.0,255.708451005632,26.8576078857982
264733.802200901,3841937.73002875,620.497625789365,L6_1,722.0,233.018253536091,27.0089621290332
264733.802200901,3841937.73002875,620.497625789365,L6_1,722.0,209.193546193073,26.9419087709725
264733.802200901,3841937.73002875,620.497625789365,L6_1,722.0,184.177603482904,26.6503077159155
264733.802200901,3841937.73002875,620.497625789365,L6_1,722.0,157.910863637227,26.1372928057954
264733.802200901,3841937.73002875,620.497625789365,L6_1,722.0,130.330786799265,25.4155595902007
264733.802200901,3841937.73002875,620.497625789365,L6_1,722.0,101.371706119406,24.5067397244127
264733.802200901,3841937.73002875,620.497625789365,L6_1,722.0,70.9646714055538,23.4401649563641
264733.802200901,3841937.73002875,620.497625789365,L6_1,722.0,39.0372849560089,22.2510919964283
264733.802200901,3841937.73002875,620.497625789365,L6_1,722.0,,
264733.802200901,3841937.73002875,620.497625789365,L6_1,722.0,,
264733.802200901,3841937.73002875,620.497625789365,L6_1,722.0,,
264733.802200901,3841937.73002875,620.497625789365,L6_1,722.0,,
264733.802200901,3841937.73002875,620.497625789365,L6_1,722.0,,
264733.802200901,3841937.73002875,620.497625789365,L6_1,722.0,,
264733.802200901,3841937.73002875,620.497625789365,L6_1,722.0,,
264733.802200901,3841937.73002875,620.497625789365,L6_1,722.0,,
264733.802200901,3841937.73002875,620.497625789365,L6_1,722.0,,
264733.802200901,3841937.73002875,620.497625789365,L6_1,722.0,,
264733.802200901,3841937.73002875,620.497625789365,L6_1,722.0,,
264733.802200901,3841937.73002875,620.497625789365,L6_1,722.0,,
264733.802200901,3841937.73002875,620.497625789365,L6_1,722.0,,
264733.802200901,3841937.73002875,620.497625789365,L6_1,722.0,,
264733.802200901,3841937.73002875,620.497625789365,L6_1,722.0,,
264733.802200901,3841937.73002875,620.497625789365,L6_1,722.0,,
264733.802200901,3841937.73002875,620.497625789365,L6_1,722.0,,
264733.802200901,3841937.73002875,620.497625789365,L6_1,722.0,,
264733.802200901,3841937.73002875,620.497625789365,L6_1,722.0,,
264733.802200901,3841937.73002875,620.497625789365,L6_1,722.0,,
264733.802200901,3841937.73002875,620.497625789365,L6_1,722.0,,
264738.756726528,3841941.1238899,620.797462552738,L6_1,728.0,620.797462552738,16.20084799321
264738.756726528,3841941.1238899,620.797462552738,L6_1,728.0,615.637881361841,13.4426700194956
264738.756726528,3841941.1238899,620.797462552738,L6_1,728.0,610.220321111399,7.39561927345939
264738.756726528,3841941.1238899,620.797462552738,L6_1,728.0,604.531882848435,3.62000300376872
264738.756726528,3841941.1238899,620.797462552738,L6_1,728.0,598.559022672323,2.54767600742303
264738.756726528,3841941.1238899,620.797462552738,L6_1,728.0,592.287519487406,2.75551780016372
264738.756726528,3841941.1238899,620.797462552738,L6_1,728.0,585.702441143242,3.63656509772518
264738.756726528,3841941.1238899,620.797462552738,L6_1,728.0,578.788108881871,4.72452530934821
264738.756726528,3841941.1238899,620.797462552738,L6_1,728.0,571.52806000743,5.6361881237251
264738.756726528,3841941.1238899,620.797462552738,L6_1,728.0,563.905008689268,6.23970691107136
264738.756726528,3841941.1238899,620.797462552738,L6_1,728.0,555.900804805198,6.59817676311537
264738.756726528,3841941.1238899,620.797462552738,L6_1,728.0,547.496390726924,6.83947469758068
264738.756726528,3841941.1238899,620.797462552738,L6_1,728.0,538.671755944736,7.09422656753128
264738.756726528,3841941.1238899,620.797462552738,L6_1,728.0,529.405889423439,7.4722494524774
264738.756726528,3841941.1238899,620.797462552738,L6_1,728.0,519.676729576077,8.04735450796809
264738.756726528,3841941.1238899,620.797462552738,L6_1,728.0,509.461111736348,8.8515420672818
264738.756726528,3841941.1238899,620.797462552738,L6_1,728.0,498.734713004631,9.87847200833684
264738.756726528,3841941.1238899,620.797462552738,L6_1,728.0,487.471994336329,11.0922798237205
264738.756726528,3841941.1238899,620.797462552738,L6_1,728.0,475.646139734612,12.4396607045786
264738.756726528,3841941.1238899,620.797462552738,L6_1,728.0,463.228992402808,13.8631712939176
264738.756726528,3841941.1238899,620.797462552738,L6_1,728.0,450.190987704415,15.3121683161258
264738.756726528,3841941.1238899,620.797462552738,L6_1,728.0,436.501082771102,16.7484865093706
264738.756726528,3841941.1238899,620.797462552738,L6_1,728.0,422.126682591123,18.1467435956894
264738.756726528,3841941.1238899,620.797462552738,L6_1,728.0,407.033562402146,19.4912472790931
264738.756726528,3841941.1238899,620.797462552738,L6_1,728.0,391.185786203719,20.7716510487459
264738.756726528,3841941.1238899,620.797462552738,L6_1,728.0,374.545621195372,21.9786642086277
264738.756726528,3841941.1238899,620.797462552738,L6_1,728.0,357.073447936606,23.10056302096
264738.756726528,3841941.1238899,620.797462552738,L6_1,728.0,338.727666014903,24.1210713355807
264738.756726528,3841941.1238899,620.797462552738,L6_1,728.0,319.464594997114,25.0187923575553
264738.756726528,3841941.1238899,620.797462552738,L6_1,728.0,299.238370428436,25.7680562618401
264738.756726528,3841941.1238899,620.797462552738,L6_1,728.0,278.000834631324,26.3409543675172
264738.756726528,3841941.1238899,620.797462552738,L6_1,728.0,255.708451005632,26.7103836812059
264738.756726528,3841941.1238899,620.797462552738,L6_1,728.0,233.018253536091,26.866516978256
264738.756726528,3841941.1238899,620.797462552738,L6_1,728.0,209.193546193073,26.8069238692471
264738.756726528,3841941.1238899,620.797462552738,L6_1,728.0,184.177603482904,26.5247449305169
264738.756726528,3841941.1238899,620.797462552738,L6_1,728.0,157.910863637227,26.0224364664202
264738.756726528,3841941.1238899,620.797462552738,L6_1,728.0,130.330786799265,25.3120933800073
264738.756726528,3841941.1238899,620.797462552738,L6_1,728.0,101.371706119406,24.4148446511511
264738.756726528,3841941.1238899,620.797462552738,L6_1,728.0,70.9646714055538,23.3596236269589
264738.756726528,3841941.1238899,620.797462552738,L6_1,728.0,39.0372849560089,22.1813925361009
264738.756726528,3841941.1238899,620.797462552738,L6_1,728.0,,
264738.756726528,3841941.1238899,620.797462552738,L6_1,728.0,,
264738.756726528,3841941.1238899,620.797462552738,L6_1,728.0,,
264738.756726528,3841941.1238899,620.797462552738,L6_1,728.0,,
264738.756726528,3841941.1238899,620.797462552738,L6_1,728.0,,
264738.756726528,3841941.1238899,620.797462552738,L6_1,728.0,,
264738.756726528,3841941.1238899,620.797462552738,L6_1,728.0,,
264738.756726528,3841941.1238899,620.797462552738,L6_1,728.0,,
264738.756726528,3841941.1238899,620.797462552738,L6_1,728.0,,
264738.756726528,3841941.1238899,620.797462552738,L6_1,728.0,,
264738.756726528,3841941.1238899,620.797462552738,L6_1,728.0,,
264738.756726528,3841941.1238899,620.797462552738,L6_1,728.0,,
264738.756726528,3841941.1238899,620.797462552738,L6_1,728.0,,
264738.756726528,3841941.1238899,620.797462552738,L6_1,728.0,,
264738.756726528,3841941.1238899,620.797462552738,L6_1,728.0,,
264738.756726528,3841941.1238899,620.797462552738,L6_1,728.0,,
264738.756726528,3841941.1238899,620.797462552738,L6_1,728.0,,
264738.756726528,3841941.1238899,620.797462552738,L6_1,728.0,,
264738.756726528,3841941.1238899,620.797462552738,L6_1,728.0,,
264738.756726528,3841941.1238899,620.797462552738,L6_1,728.0,,
264738.756726528,3841941.1238899,620.797462552738,L6_1,728.0,,
264744.123523492,3841944.80052151,621.09729931611,L6_1,734.5,621.09729931611,17.5199496432334
264744.123523492,3841944.80052151,621.09729931611,L6_1,734.5,615.933478156739,13.3255067378697
264744.123523492,3841944.80052151,621.09729931611,L6_1,734.5,610.511465939399,6.71299577216027
264744.123523492,3841944.80052151,621.09729931611,L6_1,734.5,604.818353111192,3.41522960515645
264744.123523492,3841944.80052151,621.09729931611,L6_1,734.5,598.840584641575,2.58049320527284
264744.123523492,3841944.80052151,621.09729931611,L6_1,734.5,592.563927748477,2.90890511680749
264744.123523492,3841944.80052151,621.09729931611,L6_1,734.5,585.973438010724,3.87654368353431
264744.123523492,3841944.80052151,621.09729931611,L6_1,734.5,579.053423786084,5.01828820372864
264744.123523492,3841944.80052151,621.09729931611,L6_1,734.5,571.787408850211,5.94185108817589
264744.123523492,3841944.80052151,621.09729931611,L6_1,734.5,564.158093167545,6.52144836164254
264744.123523492,3841944.80052151,621.09729931611,L6_1,734.5,556.147311700746,6.83748460600473
264744.123523492,3841944.80052151,621.09729931611,L6_1,734.5,547.735991160606,7.035737477608
264744.123523492,3841944.80052151,621.09729931611,L6_1,734.5,538.90410459346,7.25789017626784
264744.123523492,3841944.80052151,621.09729931611,L6_1,734.5,529.630623697956,7.61629483844029
264744.123523492,3841944.80052151,621.09729931611,L6_1,734.5,519.893468757677,8.18179125486218
264744.123523492,3841944.80052151,621.09729931611,L6_1,734.5,509.669456070384,8.9816073681553
264744.123523492,3841944.80052151,621.09729931611,L6_1,734.5,498.934242748727,10.0048708764128
264744.123523492,3841944.80052151,621.09729931611,L6_1,734.5,487.662268760986,11.2121509338407
264744.123523492,3841944.80052151,621.09729931611,L6_1,734.5,475.826696073859,12.5478128939608
264744.123523492,3841944.80052151,621.09729931611,L6_1,734.5,463.399344752375,13.9534348986683
264744.123523492,3841944.80052151,621.09729931611,L6_1,734.5,450.350625864817,15.3786685147897
264744.123523492,3841944.80052151,621.09729931611,L6_1,734.5,436.649471032881,16.7866480498861
264744.123523492,3841944.80052151,621.09729931611,L6_1,734.5,422.263258459349,18.1538961841593
264744.123523492,3841944.80052151,621.09729931611,L6_1,734.5,407.157735257139,19.4668229160321
264744.123523492,3841944.80052151,621.09729931611,L6_1,734.5,391.29693589482,20.7170635972303
264744.123523492,3841944.80052151,621.09729931611,L6_1,734.5,374.643096564384,21.8969658193272
264744.123523492,3841944.80052151,621.09729931611,L6_1,734.5,357.156565267426,22.9959885195679
264744.123523492,3841944.80052151,621.09729931611,L6_1,734.5,338.795707405621,23.9985603517262
264744.123523492,3841944.80052151,621.09729931611,L6_1,734.5,319.516806650725,24.8835467856072
264744.123523492,3841944.80052151,621.09729931611,L6_1,734.5,299.273960858085,25.625161717864
264744.123523492,3841944.80052151,621.09729931611,L6_1,734.5,278.018972775812,26.1950776450672
264744.123523492,3841944.80052151,621.09729931611,L6_1,734.5,255.708451005632,26.5655540962033
264744.123523492,3841944.80052151,621.09729931611,L6_1,734.5,233.018253536091,26.7260824563946
264744.123523492,3841944.80052151,621.09729931611,L6_1,734.5,209.193546193073,26.673550010691
264744.123523492,3841944.80052151,621.09729931611,L6_1,734.5,184.177603482904,26.4003960493736
264744.123523492,3841944.80052151,621.09729931611,L6_1,734.5,157.910863637227,25.9084159115778
264744.123523492,3841944.80052151,621.09729931611,L6_1,734.5,130.330786799265,25.2091148268035
264744.123523492,3841944.80052151,621.09729931611,L6_1,734.5,101.371706119406,24.3231324937877
264744.123523492,3841944.80052151,621.09729931611,L6_1,734.5,70.9646714055538,23.2790099319972
264744.123523492,3841944.80052151,621.09729931611,L6_1,734.5,39.0372849560089,22.1114185602797
264744.123523492,3841944.80052151,621.09729931611,L6_1,734.5,,
264744.123523492,3841944.80052151,621.09729931611,L6_1,734.5,,
264744.123523492,3841944.80052151,621.09729931611,L6_1,734.5,,
264744.123523492,3841944.80052151,621.09729931611,L6_1,734.5,,
264744.123523492,3841944.80052151,621.09729931611,L6_1,734.5,,
264744.123523492,3841944.80052151,621.09729931611,L6_1,734.5,,
264744.123523492,3841944.80052151,621.09729931611,L6_1,734.5,,
264744.123523492,3841944.80052151,621.09729931611,L6_1,734.5,,
264744.123523492,3841944.80052151,621.09729931611,L6_1,734.5,,
264744.123523492,3841944.80052151,621.09729931611,L6_1,734.5,,
264744.123523492,3841944.80052151,621.09729931611,L6_1,734.5,,
264744.123523492,3841944.80052151,621.09729931611,L6_1,734.5,,
264744.123523492,3841944.80052151,621.09729931611,L6_1,734.5,,
264744.123523492,3841944.80052151,621.09729931611,L6_1,734.5,,
264744.123523492,3841944.80052151,621.09729931611,L6_1,734.5,,
264744.123523492,3841944.80052151,621.09729931611,L6_1,734.5,,
264744.123523492,3841944.80052151,621.09729931611,L6_1,734.5,,
264744.123523492,3841944.80052151,621.09729931611,L6_1,734.5,,
264744.123523492,3841944.80052151,621.09729931611,L6_1,734.5,,
264744.123523492,3841944.80052151,621.09729931611,L6_1,734.5,,
264744.123523492,3841944.80052151,621.09729931611,L6_1,734.5,,
264749.07748992,3841948.19433531,621.317915829916,L6_1,740.5,621.317915829916,15.5828580256992
264749.07748992,3841948.19433531,621.317915829916,L6_1,740.5,616.15097494949,11.8497669540266
264749.07748992,3841948.19433531,621.317915829916,L6_1,740.5,610.725687025044,6.22279821635464
264749.07748992,3841948.19433531,621.317915829916,L6_1,740.5,605.029134704375,3.46655190284183
264749.07748992,3841948.19433531,621.317915829916,L6_1,740.5,599.047754767673,2.81080987607459
264749.07748992,3841948.19433531,621.317915829916,L6_1,740.5,592.767305834135,3.22501446592731
264749.07748992,3841948.19433531,621.317915829916,L6_1,740.5,586.172834453921,4.23648027413352
264749.07748992,3841948.19433531,621.317915829916,L6_1,740.5,579.248639504696,5.37867031088675
264749.07748992,3841948.19433531,621.317915829916,L6_1,740.5,571.97823480801,6.26817288841647
264749.07748992,3841948.19433531,621.317915829916,L6_1,740.5,564.34430987649,6.79490090119028
264749.07748992,3841948.19433531,621.317915829916,L6_1,740.5,556.328688698393,7.05556112767721
264749.07748992,3841948.19433531,621.317915829916,L6_1,740.5,547.912286461392,7.2092806219595
264749.07748992,3841948.19433531,621.317915829916,L6_1,740.5,539.07506411254,7.40383603644258
264749.07748992,3841948.19433531,621.317915829916,L6_1,740.5,529.795980646246,7.75003980904055
264749.07748992,3841948.19433531,621.317915829916,L6_1,740.5,520.052943006638,8.31323822948672
264749.07748992,3841948.19433531,621.317915829916,L6_1,740.5,509.822753485049,9.11471521728975
264749.07748992,3841948.19433531,621.317915829916,L6_1,740.5,499.08105448738,10.1386861155264
264749.07748992,3841948.19433531,621.317915829916,L6_1,740.5,487.802270539828,11.3421582412957
264749.07748992,3841948.19433531,621.317915829916,L6_1,740.5,475.959547394898,12.6673699554497
264749.07748992,3841948.19433531,621.317915829916,L6_1,740.5,463.524688092722,14.0552375277135
264749.07748992,3841948.19433531,621.317915829916,L6_1,740.5,450.468085825438,15.4560703958549
264749.07748992,3841948.19433531,621.317915829916,L6_1,740.5,436.758653444788,16.8346387503375
264749.07748992,3841948.19433531,621.317915829916,L6_1,740.5,422.363749445107,18.1696368253207
264749.07748992,3841948.19433531,621.317915829916,L6_1,740.5,407.249100245441,19.4497629616506
264749.07748992,3841948.19433531,621.317915829916,L6_1,740.5,391.378718585792,20.6687355845837
264749.07748992,3841948.19433531,621.317915829916,L6_1,740.5,374.714817843161,21.8205741500519
264749.07748992,3841948.19433531,621.317915829916,L6_1,740.5,357.217722063398,22.8959187498927
264749.07748992,3841948.19433531,621.317915829916,L6_1,740.5,338.845771494647,23.8798808691085
264749.07748992,3841948.19433531,621.317915829916,L6_1,740.5,319.555223397458,24.7515628469712
264749.07748992,3841948.19433531,621.317915829916,L6_1,740.5,299.30014789541,25.4850417853654
264749.07748992,3841948.19433531,621.317915829916,L6_1,740.5,278.03231861826,26.0515550526591
264749.07748992,3841948.19433531,621.317915829916,L6_1,740.5,255.708451005632,26.4227206626229
264749.07748992,3841948.19433531,621.317915829916,L6_1,740.5,233.018253536091,26.5873068391192
264749.07748992,3841948.19433531,621.317915829916,L6_1,740.5,209.193546193073,26.5414877138446
264749.07748992,3841948.19433531,621.317915829916,L6_1,740.5,184.177603482904,26.2770145962536
264749.07748992,3841948.19433531,621.317915829916,L6_1,740.5,157.910863637227,25.7950346541616
264749.07748992,3841948.19433531,621.317915829916,L6_1,740.5,130.330786799265,25.1064717090238
264749.07748992,3841948.19433531,621.317915829916,L6_1,740.5,101.371706119406,24.2314854378501
264749.07748992,3841948.19433531,621.317915829916,L6_1,740.5,70.9646714055538,23.1982348852644
264749.07748992,3841948.19433531,621.317915829916,L6_1,740.5,39.0372849560089,22.0411040700052
264749.07748992,3841948.19433531,621.317915829916,L6_1,740.5,,
264749.07748992,3841948.19433531,621.317915829916,L6_1,740.5,,
264749.07748992,3841948.19433531,621.317915829916,L6_1,740.5,,
264749.07748992,3841948.19433531,621.317915829916,L6_1,740.5,,
264749.07748992,3841948.19433531,621.317915829916,L6_1,740.5,,
264749.07748992,3841948.19433531,621.317915829916,L6_1,740.5,,
264749.07748992,3841948.19433531,621.317915829916,L6_1,740.5,,
264749.07748992,3841948.19433531,621.317915829916,L6_1,740.5,,
264749.07748992,3841948.19433531,621.317915829916,L6_1,740.5,,
264749.07748992,3841948.19433531,621.317915829916,L6_1,740.5,,
264749.07748992,3841948.19433531,621.317915829916,L6_1,740.5,,
264749.07748992,3841948.19433531,621.317915829916,L6_1,740.5,,
264749.07748992,3841948.19433531,621.317915829916,L6_1,740.5,,
264749.07748992,3841948.19433531,621.317915829916,L6_1,740.5,,
264749.07748992,3841948.19433531,621.317915829916,L6_1,740.5,,
264749.07748992,3841948.19433531,621.317915829916,L6_1,740.5,,
264749.07748992,3841948.19433531,621.317915829916,L6_1,740.5,,
264749.07748992,3841948.19433531,621.317915829916,L6_1,740.5,,
264749.07748992,3841948.19433531,621.317915829916,L6_1,740.5,,
264749.07748992,3841948.19433531,621.317915829916,L6_1,740.5,,
264749.07748992,3841948.19433531,621.317915829916,L6_1,740.5,,
264754.444286885,3841951.87096693,621.459166285588,L6_1,747.0,621.459166285588,11.4410064512323
264754.444286885,3841951.87096693,621.459166285588,L6_1,747.0,616.290227993397,9.70918373234884
264754.444286885,3841951.87096693,621.459166285588,L6_1,747.0,610.862842786596,6.20557153449373
264754.444286885,3841951.87096693,621.459166285588,L6_1,747.0,605.164088319455,3.94798590687549
264754.444286885,3841951.87096693,621.459166285588,L6_1,747.0,599.180396128958,3.35989356613609
264754.444286885,3841951.87096693,621.459166285588,L6_1,747.0,592.897519328935,3.7821653232256
264754.444286885,3841951.87096693,621.459166285588,L6_1,747.0,586.300498688911,4.7575285781307
264754.444286885,3841951.87096693,621.459166285588,L6_1,747.0,579.373627016886,5.81891480388356
264754.444286885,3841951.87096693,621.459166285588,L6_1,747.0,572.10041176126,6.61276303414629
264754.444286885,3841951.87096693,621.459166285588,L6_1,747.0,564.463535742852,7.05299635007068
264754.444286885,3841951.87096693,621.459166285588,L6_1,747.0,556.444815923524,7.24672810897995
264754.444286885,3841951.87096693,621.459166285588,L6_1,747.0,548.025160113229,7.35737839152408
264754.444286885,3841951.87096693,621.459166285588,L6_1,747.0,539.18452151242,7.53166427253739
264754.444286885,3841951.87096693,621.459166285588,L6_1,747.0,529.901850981571,7.87440878727454
264754.444286885,3841951.87096693,621.459166285588,L6_1,747.0,520.155046924179,8.44325821330937
264754.444286885,3841951.87096693,621.459166285588,L6_1,747.0,509.920902663917,9.25270544354247
264754.444286885,3841951.87096693,621.459166285588,L6_1,747.0,499.175051190642,10.2818409363875
264754.444286885,3841951.87096693,621.459166285588,L6_1,747.0,487.891907143704,11.4841808306032
264754.444286885,3841951.87096693,621.459166285588,L6_1,747.0,476.044605894418,12.800076258889
264754.444286885,3841951.87096693,621.459166285588,L6_1,747.0,463.604939582668,14.1701333756649
264754.444286885,3841951.87096693,621.459166285588,L6_1,747.0,450.543289955331,15.5457168344007
264754.444286885,3841951.87096693,621.459166285588,L6_1,747.0,436.828557846627,16.893596821218
264754.444286885,3841951.87096693,621.459166285588,L6_1,747.0,422.428089132488,18.1949201837562
264754.444286885,3841951.87096693,621.459166285588,L6_1,747.0,407.307596982642,19.4408646130547
264754.444286885,3841951.87096693,621.459166285588,L6_1,747.0,391.431080225303,20.6273305019457
264754.444286885,3841951.87096693,621.459166285588,L6_1,747.0,374.760737630098,21.7500395362734
264754.444286885,3841951.87096693,621.459166285588,L6_1,747.0,357.256877905132,22.8008082104615
264754.444286885,3841951.87096693,621.459166285588,L6_1,747.0,338.877825193918,23.7654051702414
264754.444286885,3841951.87096693,621.459166285588,L6_1,747.0,319.579819847143,24.6231424921397
264754.444286885,3841951.87096693,621.459166285588,L6_1,747.0,299.31691423303,25.3479382679833
264754.444286885,3841951.87096693,621.459166285588,L6_1,747.0,278.04086333821,25.9105772257495
264754.444286885,3841951.87096693,621.459166285588,L6_1,747.0,255.708451005632,26.2820306212049
264754.444286885,3841951.87096693,621.459166285588,L6_1,747.0,233.018253536091,26.4503017551818
264754.444286885,3841951.87096693,621.459166285588,L6_1,747.0,209.193546193073,26.410820332967
264754.444286885,3841951.87096693,621.459166285588,L6_1,747.0,184.177603482904,26.1546615341197
264754.444286885,3841951.87096693,621.459166285588,L6_1,747.0,157.910863637227,25.6823366318008
264754.444286885,3841951.87096693,621.459166285588,L6_1,747.0,130.330786799265,25.0041949964707
264754.444286885,3841951.87096693,621.459166285588,L6_1,747.0,101.371706119406,24.1399247840189
264754.444286885,3841951.87096693,621.459166285588,L6_1,747.0,70.9646714055538,23.117312406562
264754.444286885,3841951.87096693,621.459166285588,L6_1,747.0,39.0372849560089,21.9704577646905
264754.444286885,3841951.87096693,621.459166285588,L6_1,747.0,,
264754.444286885,3841951.87096693,621.459166285588,L6_1,747.0,,
264754.444286885,3841951.87096693,621.459166285588,L6_1,747.0,,
264754.444286885,3841951.87096693,621.459166285588,L6_1,747.0,,
264754.444286885,3841951.87096693,621.459166285588,L6_1,747.0,,
264754.444286885,3841951.87096693,621.459166285588,L6_1,747.0,,
264754.444286885,3841951.87096693,621.459166285588,L6_1,747.0,,
264754.444286885,3841951.87096693,621.459166285588,L6_1,747.0,,
264754.444286885,3841951.87096693,621.459166285588,L6_1,747.0,,
264754.444286885,3841951.87096693,621.459166285588,L6_1,747.0,,
264754.444286885,3841951.87096693,621.459166285588,L6_1,747.0,,
264754.444286885,3841951.87096693,621.459166285588,L6_1,747.0,,
264754.444286885,3841951.87096693,621.459166285588,L6_1,747.0,,
264754.444286885,3841951.87096693,621.459166285588,L6_1,747.0,,
264754.444286885,3841951.87096693,621.459166285588,L6_1,747.0,,
264754.444286885,3841951.87096693,621.459166285588,L6_1,747.0,,
264754.444286885,3841951.87096693,621.459166285588,L6_1,747.0,,
264754.444286885,3841951.87096693,621.459166285588,L6_1,747.0,,
264754.444286885,3841951.87096693,621.459166285588,L6_1,747.0,,
264754.444286885,3841951.87096693,621.459166285588,L6_1,747.0,,
264754.444286885,3841951.87096693,621.459166285588,L6_1,747.0,,
264759.398793608,3841955.26470531,621.600416741261,L6_1,753.0,621.600416741261,9.92039397629622
264759.398793608,3841955.26470531,621.600416741261,L6_1,753.0,616.429481037304,9.05279500574439
264759.398793608,3841955.26470531,621.600416741261,L6_1,753.0,610.999998548149,6.74071685816641
264759.398793608,3841955.26470531,621.600416741261,L6_1,753.0,605.299041934536,4.79440837441953
264759.398793608,3841955.26470531,621.600416741261,L6_1,753.0,599.313037490242,4.15427200972282
264759.398793608,3841955.26470531,621.600416741261,L6_1,753.0,593.027732823734,4.47419734978332
264759.398793608,3841955.26470531,621.600416741261,L6_1,753.0,586.428162923901,5.31551951546441
264759.398793608,3841955.26470531,621.600416741261,L6_1,753.0,579.498614529075,6.22663131082736
264759.398793608,3841955.26470531,621.600416741261,L6_1,753.0,572.222588714509,6.89163048217165
264759.398793608,3841955.26470531,621.600416741261,L6_1,753.0,564.582761609214,7.24105378934258
264759.398793608,3841955.26470531,621.600416741261,L6_1,753.0,556.560943148655,7.37922028413139
264759.398793608,3841955.26470531,621.600416741261,L6_1,753.0,548.138033765067,7.46340185697942
264759.398793608,3841955.26470531,621.600416741261,L6_1,753.0,539.2939789123,7.63344737597333
264759.398793608,3841955.26470531,621.600416741261,L6_1,753.0,530.007721316895,7.98591366775103
264759.398793608,3841955.26470531,621.600416741261,L6_1,753.0,520.257150841719,8.57040561248712
264759.398793608,3841955.26470531,621.600416741261,L6_1,753.0,510.019051842785,9.39497110623522
264759.398793608,3841955.26470531,621.600416741261,L6_1,753.0,499.269047893904,10.4340086548705
264759.398793608,3841955.26470531,621.600416741261,L6_1,753.0,487.981543747579,11.6379360075499
264759.398793608,3841955.26470531,621.600416741261,L6_1,753.0,476.129664393938,12.9456108655901
264759.398793608,3841955.26470531,621.600416741261,L6_1,753.0,463.685191072614,14.2977496652991
264759.398793608,3841955.26470531,621.600416741261,L6_1,753.0,450.618494085225,15.6471923021407
264759.398793608,3841955.26470531,621.600416741261,L6_1,753.0,436.898462248466,16.9630787741555
264759.398793608,3841955.26470531,621.600416741261,L6_1,753.0,422.492428819869,18.2292909099842
264759.398793608,3841955.26470531,621.600416741261,L6_1,753.0,407.366093719842,19.4396664150999
264759.398793608,3841955.26470531,621.600416741261,L6_1,753.0,391.483441864814,20.5923834240111
264759.398793608,3841955.26470531,621.600416741261,L6_1,753.0,374.806657417034,21.6849042368092
264759.398793608,3841955.26470531,621.600416741261,L6_1,753.0,357.296033746866,22.710211786239
264759.398793608,3841955.26470531,621.600416741261,L6_1,753.0,338.909878893189,23.6547079601597
264759.398793608,3841955.26470531,621.600416741261,L6_1,753.0,319.604416296828,24.497887605909
264759.398793608,3841955.26470531,621.600416741261,L6_1,753.0,299.333680570649,25.2134806155267
264759.398793608,3841955.26470531,621.600416741261,L6_1,753.0,278.049408058161,25.7718014835726
264759.398793608,3841955.26470531,621.600416741261,L6_1,753.0,255.708451005632,26.1431630909451
264759.398793608,3841955.26470531,621.600416741261,L6_1,753.0,233.018253536091,26.3147729342675
264759.398793608,3841955.26470531,621.600416741261,L6_1,753.0,209.193546193073,26.28129128025
264759.398793608,3841955.26470531,621.600416741261,L6_1,753.0,184.177603482904,26.0331192181526
264759.398793608,3841955.26470531,621.600416741261,L6_1,753.0,157.910863637227,25.5701380076981
264759.398793608,3841955.26470531,621.600416741261,L6_1,753.0,130.330786799265,24.9021390575999
264759.398793608,3841955.26470531,621.600416741261,L6_1,753.0,101.371706119406,24.0483401203201
264759.398793608,3841955.26470531,621.600416741261,L6_1,753.0,70.9646714055538,23.036158370927
264759.398793608,3841955.26470531,621.600416741261,L6_1,753.0,39.0372849560089,21.8994188760808
264759.398793608,3841955.26470531,621.600416741261,L6_1,753.0,,
264759.398793608,3841955.26470531,621.600416741261,L6_1,753.0,,
264759.398793608,3841955.26470531,621.600416741261,L6_1,753.0,,
264759.398793608,3841955.26470531,621.600416741261,L6_1,753.0,,
264759.398793608,3841955.26470531,621.600416741261,L6_1,753.0,,
264759.398793608,3841955.26470531,621.600416741261,L6_1,753.0,,
264759.398793608,3841955.26470531,621.600416741261,L6_1,753.0,,
264759.398793608,3841955.26470531,621.600416741261,L6_1,753.0,,
264759.398793608,3841955.26470531,621.600416741261,L6_1,753.0,,
264759.398793608,3841955.26470531,621.600416741261,L6_1,753.0,,
264759.398793608,3841955.26470531,621.600416741261,L6_1,753.0,,
264759.398793608,3841955.26470531,621.600416741261,L6_1,753.0,,
264759.398793608,3841955.26470531,621.600416741261,L6_1,753.0,,
264759.398793608,3841955.26470531,621.600416741261,L6_1,753.0,,
264759.398793608,3841955.26470531,621.600416741261,L6_1,753.0,,
264759.398793608,3841955.26470531,621.600416741261,L6_1,753.0,,
264759.398793608,3841955.26470531,621.600416741261,L6_1,753.0,,
264759.398793608,3841955.26470531,621.600416741261,L6_1,753.0,,
264759.398793608,3841955.26470531,621.600416741261,L6_1,753.0,,
264759.398793608,3841955.26470531,621.600416741261,L6_1,753.0,,
264759.398793608,3841955.26470531,621.600416741261,L6_1,753.0,,
264764.766761211,3841958.94117352,621.741667196934,L6_1,759.5,621.741667196934,9.39236178401534
264764.766761211,3841958.94117352,621.741667196934,L6_1,759.5,616.56873408121,9.06582986289581
264764.766761211,3841958.94117352,621.741667196934,L6_1,759.5,611.137154309701,7.57171530437814
264764.766761211,3841958.94117352,621.741667196934,L6_1,759.5,605.433995549616,5.79137665920557
264764.766761211,3841958.94117352,621.741667196934,L6_1,759.5,599.445678851527,4.99307035266247
264764.766761211,3841958.94117352,621.741667196934,L6_1,759.5,593.157946318534,5.12490004373151
264764.766761211,3841958.94117352,621.741667196934,L6_1,759.5,586.55582715889,5.77544670983777
264764.766761211,3841958.94117352,621.741667196934,L6_1,759.5,579.623602041265,6.51172883249367
264764.766761211,3841958.94117352,621.741667196934,L6_1,759.5,572.344765667758,7.04954153124789
264764.766761211,3841958.94117352,621.741667196934,L6_1,759.5,564.701987475576,7.32655222109978
264764.766761211,3841958.94117352,621.741667196934,L6_1,759.5,556.677070373785,7.43498760912185
264764.766761211,3841958.94117352,621.741667196934,L6_1,759.5,548.250907416905,7.51851183710213
264764.766761211,3841958.94117352,621.741667196934,L6_1,759.5,539.40343631218,7.70586761952961
264764.766761211,3841958.94117352,621.741667196934,L6_1,759.5,530.113591652219,8.0842670361583
264764.766761211,3841958.94117352,621.741667196934,L6_1,759.5,520.35925475926,8.69591157076123
264764.766761211,3841958.94117352,621.741667196934,L6_1,759.5,510.117201021653,9.54340471271367
264764.766761211,3841958.94117352,621.741667196934,L6_1,759.5,499.363044597166,10.5972598588228
264764.766761211,3841958.94117352,621.741667196934,L6_1,759.5,488.071180351455,11.8053990109241
264764.766761211,3841958.94117352,621.741667196934,L6_1,759.5,476.214722893457,13.105711467949
264764.766761211,3841958.94117352,621.741667196934,L6_1,759.5,463.76544256256,14.4395361338216
264764.766761211,3841958.94117352,621.741667196934,L6_1,759.5,450.693698215119,15.7616680786066
264764.766761211,3841958.94117352,621.741667196934,L6_1,759.5,436.968366650305,17.0440175839058
264764.766761211,3841958.94117352,621.741667196934,L6_1,759.5,422.55676850725,18.2734926964138
264764.766761211,3841958.94117352,621.741667196934,L6_1,759.5,407.424590457042,19.446765964289
264764.766761211,3841958.94117352,621.741667196934,L6_1,759.5,391.535803504325,20.5643806025208
264764.766761211,3841958.94117352,621.741667196934,L6_1,759.5,374.852577203971,21.6255681359116
264764.766761211,3841958.94117352,621.741667196934,L6_1,759.5,357.3351895886,22.6244603748158
264764.766761211,3841958.94117352,621.741667196934,L6_1,759.5,338.94193259246,23.5480646217927
264764.766761211,3841958.94117352,621.741667196934,L6_1,759.5,319.629012746513,24.3760278442677
264764.766761211,3841958.94117352,621.741667196934,L6_1,759.5,299.350446908269,25.0818602614714
264764.766761211,3841958.94117352,621.741667196934,L6_1,759.5,278.057952778112,25.635386466604
264764.766761211,3841958.94117352,621.741667196934,L6_1,759.5,255.708451005632,26.0062468714066
264764.766761211,3841958.94117352,621.741667196934,L6_1,759.5,233.018253536091,26.1808219192124
264764.766761211,3841958.94117352,621.741667196934,L6_1,759.5,209.193546193073,26.1529790078588
264764.766761211,3841958.94117352,621.741667196934,L6_1,759.5,184.177603482904,25.9124471571319
264764.766761211,3841958.94117352,621.741667196934,L6_1,759.5,157.910863637227,25.4584827969626
264764.766761211,3841958.94117352,621.741667196934,L6_1,759.5,130.330786799265,24.8003362858946
264764.766761211,3841958.94117352,621.741667196934,L6_1,759.5,101.371706119406,23.956754655171
264764.766761211,3841958.94117352,621.741667196934,L6_1,759.5,70.9646714055538,22.954789120641
264764.766761211,3841958.94117352,621.741667196934,L6_1,759.5,39.0372849560089,21.8279986701884
264764.766761211,3841958.94117352,621.741667196934,L6_1,759.5,,
264764.766761211,3841958.94117352,621.741667196934,L6_1,759.5,,
264764.766761211,3841958.94117352,621.741667196934,L6_1,759.5,,
264764.766761211,3841958.94117352,621.741667196934,L6_1,759.5,,
264764.766761211,3841958.94117352,621.741667196934,L6_1,759.5,,
264764.766761211,3841958.94117352,621.741667196934,L6_1,759.5,,
264764.766761211,3841958.94117352,621.741667196934,L6_1,759.5,,
264764.766761211,3841958.94117352,621.741667196934,L6_1,759.5,,
264764.766761211,3841958.94117352,621.741667196934,L6_1,759.5,,
264764.766761211,3841958.94117352,621.741667196934,L6_1,759.5,,
264764.766761211,3841958.94117352,621.741667196934,L6_1,759.5,,
264764.766761211,3841958.94117352,621.741667196934,L6_1,759.5,,
264764.766761211,3841958.94117352,621.741667196934,L6_1,759.5,,
264764.766761211,3841958.94117352,621.741667196934,L6_1,759.5,,
264764.766761211,3841958.94117352,621.741667196934,L6_1,759.5,,
264764.766761211,3841958.94117352,621.741667196934,L6_1,759.5,,
264764.766761211,3841958.94117352,621.741667196934,L6_1,759.5,,
264764.766761211,3841958.94117352,621.741667196934,L6_1,759.5,,
264764.766761211,3841958.94117352,621.741667196934,L6_1,759.5,,
264764.766761211,3841958.94117352,621.741667196934,L6_1,759.5,,
264764.766761211,3841958.94117352,621.741667196934,L6_1,759.5,,
264769.72180823,3841962.33483649,621.891252551173,L6_1,765.5,621.891252551173,8.65961962391058
264769.72180823,3841962.33483649,621.891252551173,L6_1,765.5,616.716204160528,8.52325940441716
264769.72180823,3841962.33483649,621.891252551173,L6_1,765.5,611.282403350351,7.41141730293394
264769.72180823,3841962.33483649,621.891252551173,L6_1,765.5,605.576912499665,5.86291441787638
264769.72180823,3841962.33483649,621.891252551173,L6_1,765.5,599.586147106444,5.12943588349494
264769.72180823,3841962.33483649,621.891252551173,L6_1,765.5,593.295843443563,5.24521239525179
264769.72180823,3841962.33483649,621.891252551173,L6_1,765.5,586.691024597537,5.83948482868361
264769.72180823,3841962.33483649,621.891252551173,L6_1,765.5,579.75596480921,6.51114098868465
264769.72180823,3841962.33483649,621.891252551173,L6_1,765.5,572.474152031467,7.005175660075
264769.72180823,3841962.33483649,621.891252551173,L6_1,765.5,564.828248614837,7.27101406246158
264769.72180823,3841962.33483649,621.891252551173,L6_1,765.5,556.800050027375,7.39657568268302
264769.72180823,3841962.33483649,621.891252551173,L6_1,765.5,548.37044151054,7.51553903567595
264769.72180823,3841962.33483649,621.891252551173,L6_1,765.5,539.519352567864,7.74676184228904
264769.72180823,3841962.33483649,621.891252551173,L6_1,765.5,530.225709178053,8.16961311602446
264769.72180823,3841962.33483649,621.891252551173,L6_1,765.5,520.467383618752,8.82080725358455
264769.72180823,3841962.33483649,621.891252551173,L6_1,765.5,510.221141781486,9.69917516316522
264769.72180823,3841962.33483649,621.891252551173,L6_1,765.5,499.462587852357,10.7725358966724
264769.72180823,3841962.33483649,621.891252551173,L6_1,765.5,488.166106226771,11.9871550992496
264769.72180823,3841962.33483649,621.891252551173,L6_1,765.5,476.304800519906,13.2806193170598
264769.72180823,3841962.33483649,621.891252551173,L6_1,765.5,463.850429527697,14.5954686729493
264769.72180823,3841962.33483649,621.891252551173,L6_1,765.5,450.773339985878,15.8889459871556
264769.72180823,3841962.33483649,621.891252551173,L6_1,765.5,437.042395966969,17.1361157645174
264769.72180823,3841962.33483649,621.891252551173,L6_1,765.5,422.624904747113,18.3271797517555
264769.72180823,3841962.33483649,621.891252551173,L6_1,765.5,407.486538966265,19.4618046068266
264769.72180823,3841962.33483649,621.891252551173,L6_1,765.5,391.591254896375,20.5429690478662
264769.72180823,3841962.33483649,621.891252551173,L6_1,765.5,374.90120662299,21.5716875629289
264769.72180823,3841962.33483649,621.891252551173,L6_1,765.5,357.376655935936,22.543228437962
264769.72180823,3841962.33483649,621.891252551173,L6_1,765.5,338.975877714529,23.4451728741178
264769.72180823,3841962.33483649,621.891252551173,L6_1,765.5,319.655060582052,24.2572804899245
264769.72180823,3841962.33483649,621.891252551173,L6_1,765.5,299.368202592951,24.9528148476648
264769.72180823,3841962.33483649,621.891252551173,L6_1,765.5,278.067001704395,25.5010895144604
264769.72180823,3841962.33483649,621.891252551173,L6_1,765.5,255.708451005632,25.8710468490954
264769.72180823,3841962.33483649,621.891252551173,L6_1,765.5,233.018253536091,26.0482204907798
264769.72180823,3841962.33483649,621.891252551173,L6_1,765.5,209.193546193073,26.0256726287049
264769.72180823,3841962.33483649,621.891252551173,L6_1,765.5,184.177603482904,25.7924629427204
264769.72180823,3841962.33483649,621.891252551173,L6_1,765.5,157.910863637227,25.3472229393491
264769.72180823,3841962.33483649,621.891252551173,L6_1,765.5,130.330786799265,24.6986604504448
264769.72180823,3841962.33483649,621.891252551173,L6_1,765.5,101.371706119406,23.8650664144639
264769.72180823,3841962.33483649,621.891252551173,L6_1,765.5,70.9646714055538,22.8731292852073
264769.72180823,3841962.33483649,621.891252551173,L6_1,765.5,39.0372849560089,21.7561396772016
264769.72180823,3841962.33483649,621.891252551173,L6_1,765.5,,
264769.72180823,3841962.33483649,621.891252551173,L6_1,765.5,,
264769.72180823,3841962.33483649,621.891252551173,L6_1,765.5,,
264769.72180823,3841962.33483649,621.891252551173,L6_1,765.5,,
264769.72180823,3841962.33483649,621.891252551173,L6_1,765.5,,
264769.72180823,3841962.33483649,621.891252551173,L6_1,765.5,,
264769.72180823,3841962.33483649,621.891252551173,L6_1,765.5,,
264769.72180823,3841962.33483649,621.891252551173,L6_1,765.5,,
264769.72180823,3841962.33483649,621.891252551173,L6_1,765.5,,
264769.72180823,3841962.33483649,621.891252551173,L6_1,765.5,,
264769.72180823,3841962.33483649,621.891252551173,L6_1,765.5,,
264769.72180823,3841962.33483649,621.891252551173,L6_1,765.5,,
264769.72180823,3841962.33483649,621.891252551173,L6_1,765.5,,
264769.72180823,3841962.33483649,621.891252551173,L6_1,765.5,,
264769.72180823,3841962.33483649,621.891252551173,L6_1,765.5,,
264769.72180823,3841962.33483649,621.891252551173,L6_1,765.5,,
264769.72180823,3841962.33483649,621.891252551173,L6_1,765.5,,
264769.72180823,3841962.33483649,621.891252551173,L6_1,765.5,,
264769.72180823,3841962.33483649,621.891252551173,L6_1,765.5,,
264769.72180823,3841962.33483649,621.891252551173,L6_1,765.5,,
264769.72180823,3841962.33483649,621.891252551173,L6_1,765.5,,
264775.089775833,3841966.0113047,622.049175737427,L6_1,772.0,622.049175737427,7.77854819529088
264775.089775833,3841966.0113047,622.049175737427,L6_1,772.0,616.871894167222,7.43417157519774
264775.089775833,3841966.0113047,622.049175737427,L6_1,772.0,611.435748518508,6.15970777947561
264775.089775833,3841966.0113047,622.049175737427,L6_1,772.0,605.727795587358,4.86177814383176
264775.089775833,3841966.0113047,622.049175737427,L6_1,772.0,599.73444500965,4.43919692004893
264775.089775833,3841966.0113047,622.049175737427,L6_1,772.0,593.441426903057,4.75082462456764
264775.089775833,3841966.0113047,622.049175737427,L6_1,772.0,586.833757891134,5.45469152581371
264775.089775833,3841966.0113047,622.049175737427,L6_1,772.0,579.895705428615,6.19295100640102
264775.089775833,3841966.0113047,622.049175737427,L6_1,772.0,572.61075034297,6.74036705682495
264775.089775833,3841966.0113047,622.049175737427,L6_1,772.0,564.961547503043,7.06473235475263
264775.089775833,3841966.0113047,622.049175737427,L6_1,772.0,556.929884521119,7.25917286396074
264775.089775833,3841966.0113047,622.049175737427,L6_1,772.0,548.4966383901,7.45256419166722
264775.089775833,3841966.0113047,622.049175737427,L6_1,772.0,539.641729952529,7.75610814975621
264775.089775833,3841966.0113047,622.049175737427,L6_1,772.0,530.34407609308,8.24325981809285
264775.089775833,3841966.0113047,622.049175737427,L6_1,772.0,520.581539540658,8.9472561841669
264775.089775833,3841966.0113047,622.049175737427,L6_1,772.0,510.330876160616,9.86484369896572
264775.089775833,3841966.0113047,622.049175737427,L6_1,772.0,499.567679611571,10.9624018872725
264775.089775833,3841966.0113047,622.049175737427,L6_1,772.0,488.266323235074,12.1855000615172
264775.089775833,3841966.0113047,622.049175737427,L6_1,772.0,476.399899039752,13.4722267485177
264775.089775833,3841966.0113047,622.049175737427,L6_1,772.0,463.940153634664,14.7670188129881
264775.089775833,3841966.0113047,622.049175737427,L6_1,772.0,450.857420959321,16.0301305577054
264775.089775833,3841966.0113047,622.049175737427,L6_1,772.0,437.120551650212,17.2401919199504
264775.089775833,3841966.0113047,622.049175737427,L6_1,772.0,422.696838875647,18.3909638067079
264775.089775833,3841966.0113047,622.049175737427,L6_1,772.0,407.551940462353,19.4852503024253
264775.089775833,3841966.0113047,622.049175737427,L6_1,772.0,391.649797128396,20.5285175518478
264775.089775833,3841966.0113047,622.049175737427,L6_1,772.0,374.95254662774,21.5235619457731
264775.089775833,3841966.0113047,622.049175737427,L6_1,772.0,357.420433602051,22.4667646927743
264775.089775833,3841966.0113047,622.049175737427,L6_1,772.0,339.011714925078,23.3462426968418
264775.089775833,3841966.0113047,622.049175737427,L6_1,772.0,319.682560314256,24.1418249626652
264775.089775833,3841966.0113047,622.049175737427,L6_1,772.0,299.386947972893,24.82649797035
264775.089775833,3841966.0113047,622.049175737427,L6_1,772.0,278.076555014462,25.3690412585395
264775.089775833,3841966.0113047,622.049175737427,L6_1,772.0,255.708451005632,25.7376726577768
264775.089775833,3841966.0113047,622.049175737427,L6_1,772.0,233.018253536091,25.9170591501669
264775.089775833,3841966.0113047,622.049175737427,L6_1,772.0,209.193546193073,25.8994450534047
264775.089775833,3841966.0113047,622.049175737427,L6_1,772.0,184.177603482904,25.6732238285504
264775.089775833,3841966.0113047,622.049175737427,L6_1,772.0,157.910863637227,25.2364021832287
264775.089775833,3841966.0113047,622.049175737427,L6_1,772.0,130.330786799265,24.5971435940986
264775.089775833,3841966.0113047,622.049175737427,L6_1,772.0,101.371706119406,23.773297443206
264775.089775833,3841966.0113047,622.049175737427,L6_1,772.0,70.9646714055538,22.7911926274705
264775.089775833,3841966.0113047,622.049175737427,L6_1,772.0,39.0372849560089,21.6838509411208
264775.089775833,3841966.0113047,622.049175737427,L6_1,772.0,,
264775.089775833,3841966.0113047,622.049175737427,L6_1,772.0,,
264775.089775833,3841966.0113047,622.049175737427,L6_1,772.0,,
264775.089775833,3841966.0113047,622.049175737427,L6_1,772.0,,
264775.089775833,3841966.0113047,622.049175737427,L6_1,772.0,,
264775.089775833,3841966.0113047,622.049175737427,L6_1,772.0,,
264775.089775833,3841966.0113047,622.049175737427,L6_1,772.0,,
264775.089775833,3841966.0113047,622.049175737427,L6_1,772.0,,
264775.089775833,3841966.0113047,622.049175737427,L6_1,772.0,,
264775.089775833,3841966.0113047,622.049175737427,L6_1,772.0,,
264775.089775833,3841966.0113047,622.049175737427,L6_1,772.0,,
264775.089775833,3841966.0113047,622.049175737427,L6_1,772.0,,
264775.089775833,3841966.0113047,622.049175737427,L6_1,772.0,,
264775.089775833,3841966.0113047,622.049175737427,L6_1,772.0,,
264775.089775833,3841966.0113047,622.049175737427,L6_1,772.0,,
264775.089775833,3841966.0113047,622.049175737427,L6_1,772.0,,
264775.089775833,3841966.0113047,622.049175737427,L6_1,772.0,,
264775.089775833,3841966.0113047,622.049175737427,L6_1,772.0,,
264775.089775833,3841966.0113047,622.049175737427,L6_1,772.0,,
264775.089775833,3841966.0113047,622.049175737427,L6_1,772.0,,
264775.089775833,3841966.0113047,622.049175737427,L6_1,772.0,,
264780.0448151,3841969.40497284,622.20709892368,L6_1,778.0,622.20709892368,7.9878899169636
264780.0448151,3841969.40497284,622.20709892368,L6_1,778.0,617.027584173916,7.09396764684246
264780.0448151,3841969.40497284,622.20709892368,L6_1,778.0,611.589093686665,5.1758781539141
264780.0448151,3841969.40497284,622.20709892368,L6_1,778.0,605.87867867505,3.88490682929374
264780.0448151,3841969.40497284,622.20709892368,L6_1,778.0,599.882742912855,3.65470288961945
264780.0448151,3841969.40497284,622.20709892368,L6_1,778.0,593.58701036255,4.11368424088328
264780.0448151,3841969.40497284,622.20709892368,L6_1,778.0,586.97649118473,4.91739844449941
264780.0448151,3841969.40497284,622.20709892368,L6_1,778.0,580.035446048019,5.7344267821276
264780.0448151,3841969.40497284,622.20709892368,L6_1,778.0,572.747348654473,6.35885572336488
264780.0448151,3841969.40497284,622.20709892368,L6_1,778.0,565.094846391249,6.76960814774952
264780.0448151,3841969.40497284,622.20709892368,L6_1,778.0,557.059719014864,7.06049728918902
264780.0448151,3841969.40497284,622.20709892368,L6_1,778.0,548.622835269659,7.35270273728179
264780.0448151,3841969.40497284,622.20709892368,L6_1,778.0,539.764107337195,7.74825079026849
264780.0448151,3841969.40497284,622.20709892368,L6_1,778.0,530.462443008107,8.31441383849718
264780.0448151,3841969.40497284,622.20709892368,L6_1,778.0,520.695695462565,9.08139878860254
264780.0448151,3841969.40497284,622.20709892368,L6_1,778.0,510.440610539745,10.0445550163766
264780.0448151,3841969.40497284,622.20709892368,L6_1,778.0,499.672771370785,11.1695625347664
264780.0448151,3841969.40497284,622.20709892368,L6_1,778.0,488.366540243377,12.402054233096
264780.0448151,3841969.40497284,622.20709892368,L6_1,778.0,476.494997559598,13.6813649949415
264780.0448151,3841969.40497284,622.20709892368,L6_1,778.0,464.02987774163,14.9544862716895
264780.0448151,3841969.40497284,622.20709892368,L6_1,778.0,450.941501932764,16.1851994378242
264780.0448151,3841969.40497284,622.20709892368,L6_1,778.0,437.198707333455,17.3560552636538
264780.0448151,3841969.40497284,622.20709892368,L6_1,778.0,422.76877300418,18.4645834313149
264780.0448151,3841969.40497284,622.20709892368,L6_1,778.0,407.617341958442,19.5168246824141
264780.0448151,3841969.40497284,622.20709892368,L6_1,778.0,391.708339360416,20.520759854055
264780.0448151,3841969.40497284,622.20709892368,L6_1,778.0,375.003886632489,21.4809493628039
264780.0448151,3841969.40497284,622.20709892368,L6_1,778.0,357.464211268166,22.394848219144
264780.0448151,3841969.40497284,622.20709892368,L6_1,778.0,339.047552135627,23.251069365352
264780.0448151,3841969.40497284,622.20709892368,L6_1,778.0,319.710060046461,24.0294776980651
264780.0448151,3841969.40497284,622.20709892368,L6_1,778.0,299.405693352836,24.7027438516152
264780.0448151,3841969.40497284,622.20709892368,L6_1,778.0,278.086108324531,25.239078129871
264780.0448151,3841969.40497284,622.20709892368,L6_1,778.0,255.708451005632,25.6059559851419
264780.0448151,3841969.40497284,622.20709892368,L6_1,778.0,233.018253536091,25.7871676757936
264780.0448151,3841969.40497284,622.20709892368,L6_1,778.0,209.193546193073,25.7741361299706
264780.0448151,3841969.40497284,622.20709892368,L6_1,778.0,184.177603482904,25.5545829282492
264780.0448151,3841969.40497284,622.20709892368,L6_1,778.0,157.910863637227,25.1258896894905
264780.0448151,3841969.40497284,622.20709892368,L6_1,778.0,130.330786799265,24.4956786094842
264780.0448151,3841969.40497284,622.20709892368,L6_1,778.0,101.371706119406,23.6813590461963
264780.0448151,3841969.40497284,622.20709892368,L6_1,778.0,70.9646714055538,22.7089058277865
264780.0448151,3841969.40497284,622.20709892368,L6_1,778.0,39.0372849560089,21.6110752025119
264780.0448151,3841969.40497284,622.20709892368,L6_1,778.0,,
264780.0448151,3841969.40497284,622.20709892368,L6_1,778.0,,
264780.0448151,3841969.40497284,622.20709892368,L6_1,778.0,,
264780.0448151,3841969.40497284,622.20709892368,L6_1,778.0,,
264780.0448151,3841969.40497284,622.20709892368,L6_1,778.0,,
264780.0448151,3841969.40497284,622.20709892368,L6_1,778.0,,
264780.0448151,3841969.40497284,622.20709892368,L6_1,778.0,,
264780.0448151,3841969.40497284,622.20709892368,L6_1,778.0,,
264780.0448151,3841969.40497284,622.20709892368,L6_1,778.0,,
264780.0448151,3841969.40497284,622.20709892368,L6_1,778.0,,
264780.0448151,3841969.40497284,622.20709892368,L6_1,778.0,,
264780.0448151,3841969.40497284,622.20709892368,L6_1,778.0,,
264780.0448151,3841969.40497284,622.20709892368,L6_1,778.0,,
264780.0448151,3841969.40497284,622.20709892368,L6_1,778.0,,
264780.0448151,3841969.40497284,622.20709892368,L6_1,778.0,,
264780.0448151,3841969.40497284,622.20709892368,L6_1,778.0,,
264780.0448151,3841969.40497284,622.20709892368,L6_1,778.0,,
264780.0448151,3841969.40497284,622.20709892368,L6_1,778.0,,
264780.0448151,3841969.40497284,622.20709892368,L6_1,778.0,,
264780.0448151,3841969.40497284,622.20709892368,L6_1,778.0,,
264780.0448151,3841969.40497284,622.20709892368,L6_1,778.0,,
264785.412765909,3841973.08145227,622.365022109933,L6_1,784.5,622.365022109933,10.9514196050095
264785.412765909,3841973.08145227,622.365022109933,L6_1,784.5,617.18327418061,8.2108877199728
264785.412765909,3841973.08145227,622.365022109933,L6_1,784.5,611.742438854821,4.68263549851478
264785.412765909,3841973.08145227,622.365022109933,L6_1,784.5,606.029561762743,3.23322805835396
264785.412765909,3841973.08145227,622.365022109933,L6_1,784.5,600.031040816061,3.06862684624362
264785.412765909,3841973.08145227,622.365022109933,L6_1,784.5,593.732593822044,3.56391763692631
264785.412765909,3841973.08145227,622.365022109933,L6_1,784.5,587.119224478327,4.38493140120141
264785.412765909,3841973.08145227,622.365022109933,L6_1,784.5,580.175186667424,5.23413343369816
264785.412765909,3841973.08145227,622.365022109933,L6_1,784.5,572.883946965975,5.92245302911398
264785.412765909,3841973.08145227,622.365022109933,L6_1,784.5,565.228145279455,6.4269217583704
264785.412765909,3841973.08145227,622.365022109933,L6_1,784.5,557.189553508608,6.82917133215427
264785.412765909,3841973.08145227,622.365022109933,L6_1,784.5,548.749032149219,7.23576247120622
264785.412765909,3841973.08145227,622.365022109933,L6_1,784.5,539.88648472186,7.73698113274347
264785.412765909,3841973.08145227,622.365022109933,L6_1,784.5,530.580809923134,8.39304914989137
264785.412765909,3841973.08145227,622.365022109933,L6_1,784.5,520.809851384471,9.23081066183457
264785.412765909,3841973.08145227,622.365022109933,L6_1,784.5,510.550344918875,10.244218531964
264785.412765909,3841973.08145227,622.365022109933,L6_1,784.5,499.777863129999,11.3985949137124
264785.412765909,3841973.08145227,622.365022109933,L6_1,784.5,488.46675725168,12.6402533850169
264785.412765909,3841973.08145227,622.365022109933,L6_1,784.5,476.590096079444,13.9105102803342
264785.412765909,3841973.08145227,622.365022109933,L6_1,784.5,464.119601848597,15.159589469672
264785.412765909,3841973.08145227,622.365022109933,L6_1,784.5,451.025582906207,16.3553139033852
264785.412765909,3841973.08145227,622.365022109933,L6_1,784.5,437.276863016698,17.4844828052539
264785.412765909,3841973.08145227,622.365022109933,L6_1,784.5,422.840707132713,18.548563518173
264785.412765909,3841973.08145227,622.365022109933,L6_1,784.5,407.68274345453,19.556893915029
264785.412765909,3841973.08145227,622.365022109933,L6_1,784.5,391.766881592437,20.51996481959
264785.412765909,3841973.08145227,622.365022109933,L6_1,784.5,375.055226637239,21.444058792604
264785.412765909,3841973.08145227,622.365022109933,L6_1,784.5,357.507988934281,22.3276513986707
264785.412765909,3841973.08145227,622.365022109933,L6_1,784.5,339.083389346176,23.1598014306965
264785.412765909,3841973.08145227,622.365022109933,L6_1,784.5,319.737559778665,23.9203702441389
264785.412765909,3841973.08145227,622.365022109933,L6_1,784.5,299.424438732779,24.5816710980569
264785.412765909,3841973.08145227,622.365022109933,L6_1,784.5,278.095661634598,25.1113074200555
264785.412765909,3841973.08145227,622.365022109933,L6_1,784.5,255.708451005632,25.4759926933539
264785.412765909,3841973.08145227,622.365022109933,L6_1,784.5,233.018253536091,25.6586290688971
264785.412765909,3841973.08145227,622.365022109933,L6_1,784.5,209.193546193073,25.6498152072223
264785.412765909,3841973.08145227,622.365022109933,L6_1,784.5,184.177603482904,25.4365960041612
264785.412765909,3841973.08145227,622.365022109933,L6_1,784.5,157.910863637227,25.0157289526252
264785.412765909,3841973.08145227,622.365022109933,L6_1,784.5,130.330786799265,24.3942977492024
264785.412765909,3841973.08145227,622.365022109933,L6_1,784.5,101.371706119406,23.5892745426627
264785.412765909,3841973.08145227,622.365022109933,L6_1,784.5,70.9646714055538,22.6262859704471
264785.412765909,3841973.08145227,622.365022109933,L6_1,784.5,39.0372849560089,21.5378240106932
264785.412765909,3841973.08145227,622.365022109933,L6_1,784.5,,
264785.412765909,3841973.08145227,622.365022109933,L6_1,784.5,,
264785.412765909,3841973.08145227,622.365022109933,L6_1,784.5,,
264785.412765909,3841973.08145227,622.365022109933,L6_1,784.5,,
264785.412765909,3841973.08145227,622.365022109933,L6_1,784.5,,
264785.412765909,3841973.08145227,622.365022109933,L6_1,784.5,,
264785.412765909,3841973.08145227,622.365022109933,L6_1,784.5,,
264785.412765909,3841973.08145227,622.365022109933,L6_1,784.5,,
264785.412765909,3841973.08145227,622.365022109933,L6_1,784.5,,
264785.412765909,3841973.08145227,622.365022109933,L6_1,784.5,,
264785.412765909,3841973.08145227,622.365022109933,L6_1,784.5,,
264785.412765909,3841973.08145227,622.365022109933,L6_1,784.5,,
264785.412765909,3841973.08145227,622.365022109933,L6_1,784.5,,
264785.412765909,3841973.08145227,622.365022109933,L6_1,784.5,,
264785.412765909,3841973.08145227,622.365022109933,L6_1,784.5,,
264785.412765909,3841973.08145227,622.365022109933,L6_1,784.5,,
264785.412765909,3841973.08145227,622.365022109933,L6_1,784.5,,
264785.412765909,3841973.08145227,622.365022109933,L6_1,784.5,,
264785.412765909,3841973.08145227,622.365022109933,L6_1,784.5,,
264785.412765909,3841973.08145227,622.365022109933,L6_1,784.5,,
264785.412765909,3841973.08145227,622.365022109933,L6_1,784.5,,
264790.367797425,3841976.47512559,622.607225650883,L6_1,790.5,622.607225650883,10.1762849080078
264790.367797425,3841976.47512559,622.607225650883,L6_1,790.5,617.422052740025,7.68512926046795
264790.367797425,3841976.47512559,622.607225650883,L6_1,790.5,611.977621183625,4.45621576517181
264790.367797425,3841976.47512559,622.607225650883,L6_1,790.5,606.260968049404,3.10902955463807
264790.367797425,3841976.47512559,622.607225650883,L6_1,790.5,600.258482258472,2.9311417485728
264790.367797425,3841976.47512559,622.607225650883,L6_1,790.5,593.955872177994,3.35048520466859
264790.367797425,3841976.47512559,622.607225650883,L6_1,790.5,587.338131593492,4.07684896238794
264790.367797425,3841976.47512559,622.607225650883,L6_1,790.5,580.389503979765,4.86708880071921
264790.367797425,3841976.47512559,622.607225650883,L6_1,790.5,573.093444985352,5.56188791475846
264790.367797425,3841976.47512559,622.607225650883,L6_1,790.5,565.432583041217,6.13061328105304
264790.367797425,3841976.47512559,622.607225650883,L6_1,790.5,557.388677999877,6.63068047665203
264790.367797425,3841976.47512559,622.607225650883,L6_1,790.5,548.942577706469,7.1461747777939
264790.367797425,3841976.47512559,622.607225650883,L6_1,790.5,540.07417239839,7.75185894272496
264790.367797425,3841976.47512559,622.607225650883,L6_1,790.5,530.762346824908,8.49861353177037
264790.367797425,3841976.47512559,622.607225650883,L6_1,790.5,520.984929972752,9.40815397918905
264790.367797425,3841976.47512559,622.607225650883,L6_1,790.5,510.718642277988,10.4718937046113
264790.367797425,3841976.47512559,622.607225650883,L6_1,790.5,499.939040198485,11.6543991626272
264790.367797425,3841976.47512559,622.607225650883,L6_1,790.5,488.620458015008,12.9028541825063
264790.367797425,3841976.47512559,622.607225650883,L6_1,790.5,476.735946722356,14.1610263482287
264790.367797425,3841976.47512559,622.607225650883,L6_1,790.5,464.257209865072,15.3828503755965
264790.367797425,3841976.47512559,622.607225650883,L6_1,790.5,451.154536164924,16.5405363597482
264790.367797425,3841976.47512559,622.607225650883,L6_1,790.5,437.396728779769,17.6253211837693
264790.367797425,3841976.47512559,622.607225650883,L6_1,790.5,422.951031025355,18.6426773505323
264790.367797425,3841976.47512559,622.607225650883,L6_1,790.5,407.783048383221,19.6052300108603
264790.367797425,3841976.47512559,622.607225650883,L6_1,790.5,391.856666608981,20.5259303939623
264790.367797425,3841976.47512559,622.607225650883,L6_1,790.5,375.133965746028,21.412719107505
264790.367797425,3841976.47512559,622.607225650883,L6_1,790.5,357.575129839928,22.265031639253
264790.367797425,3841976.47512559,622.607225650883,L6_1,790.5,339.138352138522,23.0723185835836
264790.367797425,3841976.47512559,622.607225650883,L6_1,790.5,319.779735552047,23.8143890282618
264790.367797425,3841976.47512559,622.607225650883,L6_1,790.5,299.453188136247,24.4631679220273
264790.367797425,3841976.47512559,622.607225650883,L6_1,790.5,278.110313349658,24.9856250540498
264790.367797425,3841976.47512559,622.607225650883,L6_1,790.5,255.708451005632,25.3476745848157
264790.367797425,3841976.47512559,622.607225650883,L6_1,790.5,233.018253536091,25.531327213379
264790.367797425,3841976.47512559,622.607225650883,L6_1,790.5,209.193546193073,25.52636867639
264790.367797425,3841976.47512559,622.607225650883,L6_1,790.5,184.177603482904,25.3191550419701
264790.367797425,3841976.47512559,622.607225650883,L6_1,790.5,157.910863637227,24.9058200211556
264790.367797425,3841976.47512559,622.607225650883,L6_1,790.5,130.330786799265,24.2929126549697
264790.367797425,3841976.47512559,622.607225650883,L6_1,790.5,101.371706119406,23.4969680704161
264790.367797425,3841976.47512559,622.607225650883,L6_1,790.5,70.9646714055538,22.5432702860685
264790.367797425,3841976.47512559,622.607225650883,L6_1,790.5,39.0372849560089,21.4640487213674
264790.367797425,3841976.47512559,622.607225650883,L6_1,790.5,,
264790.367797425,3841976.47512559,622.607225650883,L6_1,790.5,,
264790.367797425,3841976.47512559,622.607225650883,L6_1,790.5,,
264790.367797425,3841976.47512559,622.607225650883,L6_1,790.5,,
264790.367797425,3841976.47512559,622.607225650883,L6_1,790.5,,
264790.367797425,3841976.47512559,622.607225650883,L6_1,790.5,,
264790.367797425,3841976.47512559,622.607225650883,L6_1,790.5,,
264790.367797425,3841976.47512559,622.607225650883,L6_1,790.5,,
264790.367797425,3841976.47512559,622.607225650883,L6_1,790.5,,
264790.367797425,3841976.47512559,622.607225650883,L6_1,790.5,,
264790.367797425,3841976.47512559,622.607225650883,L6_1,790.5,,
264790.367797425,3841976.47512559,622.607225650883,L6_1,790.5,,
264790.367797425,3841976.47512559,622.607225650883,L6_1,790.5,,
264790.367797425,3841976.47512559,622.607225650883,L6_1,790.5,,
264790.367797425,3841976.47512559,622.607225650883,L6_1,790.5,,
264790.367797425,3841976.47512559,622.607225650883,L6_1,790.5,,
264790.367797425,3841976.47512559,622.607225650883,L6_1,790.5,,
264790.367797425,3841976.47512559,622.607225650883,L6_1,790.5,,
264790.367797425,3841976.47512559,622.607225650883,L6_1,790.5,,
264790.367797425,3841976.47512559,622.607225650883,L6_1,790.5,,
264790.367797425,3841976.47512559,622.607225650883,L6_1,790.5,,
264795.735748234,3841980.15160501,622.93397794359,L6_1,797.0,622.93397794359,6.46556603368659
264795.735748234,3841980.15160501,622.93397794359,L6_1,797.0,617.74418445384,5.90047556337567
264795.735748234,3841980.15160501,622.93397794359,L6_1,797.0,612.294901289602,4.53899576226726
264795.735748234,3841980.15160501,622.93397794359,L6_1,797.0,606.573153967153,3.49492273624856
264795.735748234,3841980.15160501,622.93397794359,L6_1,797.0,600.565319278581,3.21333436876488
264795.735748234,3841980.15160501,622.93397794359,L6_1,797.0,594.25709285558,3.45403590720748
264795.735748234,3841980.15160501,622.93397794359,L6_1,797.0,587.63345511143,4.00199043620934
264795.735748234,3841980.15160501,622.93397794359,L6_1,797.0,580.678635480072,4.67095316631404
264795.735748234,3841980.15160501,622.93397794359,L6_1,797.0,573.376074867146,5.32949263335477
264795.735748234,3841980.15160501,622.93397794359,L6_1,797.0,565.708386223574,5.93367475182735
264795.735748234,3841980.15160501,622.93397794359,L6_1,797.0,557.657313147823,6.51131261262792
264795.735748234,3841980.15160501,622.93397794359,L6_1,797.0,549.203686418285,7.1213675525767
264795.735748234,3841980.15160501,622.93397794359,L6_1,797.0,540.32737835227,7.82183105580625
264795.735748234,3841980.15160501,622.93397794359,L6_1,797.0,531.007254882954,8.65283381358275
264795.735748234,3841980.15160501,622.93397794359,L6_1,797.0,521.221125240172,9.629311171925
264795.735748234,3841980.15160501,622.93397794359,L6_1,797.0,510.945689115251,10.7388504115912
264795.735748234,3841980.15160501,622.93397794359,L6_1,797.0,500.156481184084,11.9446955545126
264795.735748234,3841980.15160501,622.93397794359,L6_1,797.0,488.827812856359,13.1949451753027
264795.735748234,3841980.15160501,622.93397794359,L6_1,797.0,476.932711112247,14.4361426334852
264795.735748234,3841980.15160501,622.93397794359,L6_1,797.0,464.44285428093,15.6262526443389
264795.735748234,3841980.15160501,622.93397794359,L6_1,797.0,451.328504608047,16.7420585316826
264795.735748234,3841980.15160501,622.93397794359,L6_1,797.0,437.55843745152,17.7792838102086
264795.735748234,3841980.15160501,622.93397794359,L6_1,797.0,423.099866937167,18.7473627376975
264795.735748234,3841980.15160501,622.93397794359,L6_1,797.0,407.918367897095,19.6621186069614
264795.735748234,3841980.15160501,622.93397794359,L6_1,797.0,391.977793905021,20.5388623580953
264795.735748234,3841980.15160501,622.93397794359,L6_1,797.0,375.240191213342,21.387095895739
264795.735748234,3841980.15160501,622.93397794359,L6_1,797.0,357.66570838708,22.2071330594536
264795.735748234,3841980.15160501,622.93397794359,L6_1,797.0,339.212501419504,22.9887531188518
264795.735748234,3841980.15160501,622.93397794359,L6_1,797.0,319.83663410355,23.7116574750429
264795.735748234,3841980.15160501,622.93397794359,L6_1,797.0,299.491973421798,24.3473485009195
264795.735748234,3841980.15160501,622.93397794359,L6_1,797.0,278.130079705959,24.8621351083141
264795.735748234,3841980.15160501,622.93397794359,L6_1,797.0,255.708451005632,25.2210939682975
264795.735748234,3841980.15160501,622.93397794359,L6_1,797.0,233.018253536091,25.4053417440738
264795.735748234,3841980.15160501,622.93397794359,L6_1,797.0,209.193546193073,25.403863243943
264795.735748234,3841980.15160501,622.93397794359,L6_1,797.0,184.177603482904,25.2023141081355
264795.735748234,3841980.15160501,622.93397794359,L6_1,797.0,157.910863637227,24.7962052417833
264795.735748234,3841980.15160501,622.93397794359,L6_1,797.0,130.330786799265,24.1915549966574
264795.735748234,3841980.15160501,622.93397794359,L6_1,797.0,101.371706119406,23.4044622481008
264795.735748234,3841980.15160501,622.93397794359,L6_1,797.0,70.9646714055538,22.4598747526997
264795.735748234,3841980.15160501,622.93397794359,L6_1,797.0,39.0372849560089,21.3897599069849
264795.735748234,3841980.15160501,622.93397794359,L6_1,797.0,,
264795.735748234,3841980.15160501,622.93397794359,L6_1,797.0,,
264795.735748234,3841980.15160501,622.93397794359,L6_1,797.0,,
264795.735748234,3841980.15160501,622.93397794359,L6_1,797.0,,
264795.735748234,3841980.15160501,622.93397794359,L6_1,797.0,,
264795.735748234,3841980.15160501,622.93397794359,L6_1,797.0,,
264795.735748234,3841980.15160501,622.93397794359,L6_1,797.0,,
264795.735748234,3841980.15160501,622.93397794359,L6_1,797.0,,
264795.735748234,3841980.15160501,622.93397794359,L6_1,797.0,,
264795.735748234,3841980.15160501,622.93397794359,L6_1,797.0,,
264795.735748234,3841980.15160501,622.93397794359,L6_1,797.0,,
264795.735748234,3841980.15160501,622.93397794359,L6_1,797.0,,
264795.735748234,3841980.15160501,622.93397794359,L6_1,797.0,,
264795.735748234,3841980.15160501,622.93397794359,L6_1,797.0,,
264795.735748234,3841980.15160501,622.93397794359,L6_1,797.0,,
264795.735748234,3841980.15160501,622.93397794359,L6_1,797.0,,
264795.735748234,3841980.15160501,622.93397794359,L6_1,797.0,,
264795.735748234,3841980.15160501,622.93397794359,L6_1,797.0,,
264795.735748234,3841980.15160501,622.93397794359,L6_1,797.0,,
264795.735748234,3841980.15160501,622.93397794359,L6_1,797.0,,
264795.735748234,3841980.15160501,622.93397794359,L6_1,797.0,,
264800.690223953,3841983.54536409,623.260730236296,L6_1,803.0,623.260730236296,6.08584164702543
264800.690223953,3841983.54536409,623.260730236296,L6_1,803.0,618.066316167654,6.04034785620127
264800.690223953,3841983.54536409,623.260730236296,L6_1,803.0,612.612181395579,5.36226798948746
264800.690223953,3841983.54536409,623.260730236296,L6_1,803.0,606.885339884901,4.34471740483964
264800.690223953,3841983.54536409,623.260730236296,L6_1,803.0,600.872156298689,3.80312339288388
264800.690223953,3841983.54536409,623.260730236296,L6_1,803.0,594.558313533166,3.77379940051008
264800.690223953,3841983.54536409,623.260730236296,L6_1,803.0,587.928778629367,4.10744071835924
264800.690223953,3841983.54536409,623.260730236296,L6_1,803.0,580.967766980379,4.64346896969889
264800.690223953,3841983.54536409,623.260730236296,L6_1,803.0,573.65870474894,5.25505491652086
264800.690223953,3841983.54536409,623.260730236296,L6_1,803.0,565.98418940593,5.8785288707702
264800.690223953,3841983.54536409,623.260730236296,L6_1,803.0,557.92594829577,6.51418225109088
264800.690223953,3841983.54536409,623.260730236296,L6_1,803.0,549.464795130101,7.19935281276586
264800.690223953,3841983.54536409,623.260730236296,L6_1,803.0,540.580584306149,7.97749735923046
264800.690223953,3841983.54536409,623.260730236296,L6_1,803.0,531.252162940999,8.87851855486803
264800.690223953,3841983.54536409,623.260730236296,L6_1,803.0,521.457320507592,9.91004085755205
264800.690223953,3841983.54536409,623.260730236296,L6_1,803.0,511.172735952514,11.0551215479824
264800.690223953,3841983.54536409,623.260730236296,L6_1,803.0,500.373922169683,12.2752891164107
264800.690223953,3841983.54536409,623.260730236296,L6_1,803.0,489.03516769771,13.5194891293556
264800.690223953,3841983.54536409,623.260730236296,L6_1,803.0,477.129475502138,14.7370920959663
264800.690223953,3841983.54536409,623.260730236296,L6_1,803.0,464.628498696788,15.8900942842446
264800.690223953,3841983.54536409,623.260730236296,L6_1,803.0,451.50247305117,16.9597525197203
264800.690223953,3841983.54536409,623.260730236296,L6_1,803.0,437.720146123271,17.9461084236625
264800.690223953,3841983.54536409,623.260730236296,L6_1,803.0,423.248702848978,18.8623674437512
264800.690223953,3841983.54536409,623.260730236296,L6_1,803.0,408.053687410969,19.7273739614594
264800.690223953,3841983.54536409,623.260730236296,L6_1,803.0,392.098921201061,20.5586485979173
264800.690223953,3841983.54536409,623.260730236296,L6_1,803.0,375.346416680657,21.367134565348
264800.690223953,3841983.54536409,623.260730236296,L6_1,803.0,357.756286934232,22.1539350888072
264800.690223953,3841983.54536409,623.260730236296,L6_1,803.0,339.286650700487,22.9090935457782
264800.690223953,3841983.54536409,623.260730236296,L6_1,803.0,319.893532655054,23.6121633095266
264800.690223953,3841983.54536409,623.260730236296,L6_1,803.0,299.530758707349,24.2341910358577
264800.690223953,3841983.54536409,623.260730236296,L6_1,803.0,278.14984606226,24.7407928956573
264800.690223953,3841983.54536409,623.260730236296,L6_1,803.0,255.708451005632,25.0961878075991
264800.690223953,3841983.54536409,623.260730236296,L6_1,803.0,233.018253536091,25.280603504745
264800.690223953,3841983.54536409,623.260730236296,L6_1,803.0,209.193546193073,25.2822232010544
264800.690223953,3841983.54536409,623.260730236296,L6_1,803.0,184.177603482904,25.0859952700438
264800.690223953,3841983.54536409,623.260730236296,L6_1,803.0,157.910863637227,24.6868084846022
264800.690223953,3841983.54536409,623.260730236296,L6_1,803.0,130.330786799265,24.0901522716532
264800.690223953,3841983.54536409,623.260730236296,L6_1,803.0,101.371706119406,23.3116945375883
264800.690223953,3841983.54536409,623.260730236296,L6_1,803.0,70.9646714055538,22.3760460637335
264800.690223953,3841983.54536409,623.260730236296,L6_1,803.0,39.0372849560089,21.314910870487
264800.690223953,3841983.54536409,623.260730236296,L6_1,803.0,,
264800.690223953,3841983.54536409,623.260730236296,L6_1,803.0,,
264800.690223953,3841983.54536409,623.260730236296,L6_1,803.0,,
264800.690223953,3841983.54536409,623.260730236296,L6_1,803.0,,
264800.690223953,3841983.54536409,623.260730236296,L6_1,803.0,,
264800.690223953,3841983.54536409,623.260730236296,L6_1,803.0,,
264800.690223953,3841983.54536409,623.260730236296,L6_1,803.0,,
264800.690223953,3841983.54536409,623.260730236296,L6_1,803.0,,
264800.690223953,3841983.54536409,623.260730236296,L6_1,803.0,,
264800.690223953,3841983.54536409,623.260730236296,L6_1,803.0,,
264800.690223953,3841983.54536409,623.260730236296,L6_1,803.0,,
264800.690223953,3841983.54536409,623.260730236296,L6_1,803.0,,
264800.690223953,3841983.54536409,623.260730236296,L6_1,803.0,,
264800.690223953,3841983.54536409,623.260730236296,L6_1,803.0,,
264800.690223953,3841983.54536409,623.260730236296,L6_1,803.0,,
264800.690223953,3841983.54536409,623.260730236296,L6_1,803.0,,
264800.690223953,3841983.54536409,623.260730236296,L6_1,803.0,,
264800.690223953,3841983.54536409,623.260730236296,L6_1,803.0,,
264800.690223953,3841983.54536409,623.260730236296,L6_1,803.0,,
264800.690223953,3841983.54536409,623.260730236296,L6_1,803.0,,
264800.690223953,3841983.54536409,623.260730236296,L6_1,803.0,,
264806.056970536,3841987.22202934,623.587482529003,L6_1,809.5,623.587482529003,8.44785803839618
264806.056970536,3841987.22202934,623.587482529003,L6_1,809.5,618.388447881468,8.14795268019233
264806.056970536,3841987.22202934,623.587482529003,L6_1,809.5,612.929461501557,7.05787250815247
264806.056970536,3841987.22202934,623.587482529003,L6_1,809.5,607.19752580265,5.63166924297565
264806.056970536,3841987.22202934,623.587482529003,L6_1,809.5,601.178993318797,4.65721043634733
264806.056970536,3841987.22202934,623.587482529003,L6_1,809.5,594.859534210752,4.29477666582261
264806.056970536,3841987.22202934,623.587482529003,L6_1,809.5,588.224102147305,4.40644133281358
264806.056970536,3841987.22202934,623.587482529003,L6_1,809.5,581.256898480686,4.81598707165688
264806.056970536,3841987.22202934,623.587482529003,L6_1,809.5,573.941334630735,5.37917411827642
264806.056970536,3841987.22202934,623.587482529003,L6_1,809.5,566.259992588287,6.00901552413806
264806.056970536,3841987.22202934,623.587482529003,L6_1,809.5,558.194583443716,6.68255107788141
264806.056970536,3841987.22202934,623.587482529003,L6_1,809.5,549.725903841917,7.42000356746968
264806.056970536,3841987.22202934,623.587482529003,L6_1,809.5,540.833790260028,8.25309120981515
264806.056970536,3841987.22202934,623.587482529003,L6_1,809.5,531.497070999045,9.20290839240343
264806.056970536,3841987.22202934,623.587482529003,L6_1,809.5,521.693515775012,10.2704143623548
264806.056970536,3841987.22202934,623.587482529003,L6_1,809.5,511.399782789778,11.4344330673601
264806.056970536,3841987.22202934,623.587482529003,L6_1,809.5,500.591363155282,12.6549225214866
264806.056970536,3841987.22202934,623.587482529003,L6_1,809.5,489.242522539061,13.8816899520021
264806.056970536,3841987.22202934,623.587482529003,L6_1,809.5,477.326239892029,15.0667787718468
264806.056970536,3841987.22202934,623.587482529003,L6_1,809.5,464.814143112645,16.1758984331445
264806.056970536,3841987.22202934,623.587482529003,L6_1,809.5,451.676441494293,17.1943711687088
264806.056970536,3841987.22202934,623.587482529003,L6_1,809.5,437.881854795023,18.1261494367943
264806.056970536,3841987.22202934,623.587482529003,L6_1,809.5,423.397538760789,18.9878582935889
264806.056970536,3841987.22202934,623.587482529003,L6_1,809.5,408.189006924843,19.8010881525846
264806.056970536,3841987.22202934,623.587482529003,L6_1,809.5,392.220048497101,20.5853615849069
264806.056970536,3841987.22202934,623.587482529003,L6_1,809.5,375.452642147971,21.3529117588765
264806.056970536,3841987.22202934,623.587482529003,L6_1,809.5,357.846865481385,22.1055267782554
264806.056970536,3841987.22202934,623.587482529003,L6_1,809.5,339.360799981469,22.8334396268111
264806.056970536,3841987.22202934,623.587482529003,L6_1,809.5,319.950431206557,23.516011169347
264806.056970536,3841987.22202934,623.587482529003,L6_1,809.5,299.5695439929,24.1237995317466
264806.056970536,3841987.22202934,623.587482529003,L6_1,809.5,278.16961241856,24.6216961706173
264806.056970536,3841987.22202934,623.587482529003,L6_1,809.5,255.708451005632,24.9730444381701
264806.056970536,3841987.22202934,623.587482529003,L6_1,809.5,233.018253536091,25.1571896482808
264806.056970536,3841987.22202934,623.587482529003,L6_1,809.5,209.193546193073,25.1615134031735
264806.056970536,3841987.22202934,623.587482529003,L6_1,809.5,184.177603482904,24.9702518037616
264806.056970536,3841987.22202934,623.587482529003,L6_1,809.5,157.910863637227,24.5776720810467
264806.056970536,3841987.22202934,623.587482529003,L6_1,809.5,130.330786799265,23.9887366252583
264806.056970536,3841987.22202934,623.587482529003,L6_1,809.5,101.371706119406,23.2186882828513
264806.056970536,3841987.22202934,623.587482529003,L6_1,809.5,70.9646714055538,22.2917994801001
264806.056970536,3841987.22202934,623.587482529003,L6_1,809.5,39.0372849560089,21.239511945186
264806.056970536,3841987.22202934,623.587482529003,L6_1,809.5,,
264806.056970536,3841987.22202934,623.587482529003,L6_1,809.5,,
264806.056970536,3841987.22202934,623.587482529003,L6_1,809.5,,
264806.056970536,3841987.22202934,623.587482529003,L6_1,809.5,,
264806.056970536,3841987.22202934,623.587482529003,L6_1,809.5,,
264806.056970536,3841987.22202934,623.587482529003,L6_1,809.5,,
264806.056970536,3841987.22202934,623.587482529003,L6_1,809.5,,
264806.056970536,3841987.22202934,623.587482529003,L6_1,809.5,,
264806.056970536,3841987.22202934,623.587482529003,L6_1,809.5,,
264806.056970536,3841987.22202934,623.587482529003,L6_1,809.5,,
264806.056970536,3841987.22202934,623.587482529003,L6_1,809.5,,
264806.056970536,3841987.22202934,623.587482529003,L6_1,809.5,,
264806.056970536,3841987.22202934,623.587482529003,L6_1,809.5,,
264806.056970536,3841987.22202934,623.587482529003,L6_1,809.5,,
264806.056970536,3841987.22202934,623.587482529003,L6_1,809.5,,
264806.056970536,3841987.22202934,623.587482529003,L6_1,809.5,,
264806.056970536,3841987.22202934,623.587482529003,L6_1,809.5,,
264806.056970536,3841987.22202934,623.587482529003,L6_1,809.5,,
264806.056970536,3841987.22202934,623.587482529003,L6_1,809.5,,
264806.056970536,3841987.22202934,623.587482529003,L6_1,809.5,,
264806.056970536,3841987.22202934,623.587482529003,L6_1,809.5,,
264811.010890459,3841990.61587419,623.942799345168,L6_1,815.5,623.942799345168,8.7530008259021
264811.010890459,3841990.61587419,623.942799345168,L6_1,815.5,618.738740190024,8.58043198862027
264811.010890459,3841990.61587419,623.942799345168,L6_1,815.5,613.274478077124,7.77657805142491
264811.010890459,3841990.61587419,623.942799345168,L6_1,815.5,607.537002858578,6.45123151114809
264811.010890459,3841990.61587419,623.942799345168,L6_1,815.5,601.512653879105,5.3390393950598
264811.010890459,3841990.61587419,623.942799345168,L6_1,815.5,595.187087450658,4.79922141445542
264811.010890459,3841990.61587419,623.942799345168,L6_1,815.5,588.54524270079,4.78022883939792
264811.010890459,3841990.61587419,623.942799345168,L6_1,815.5,581.571305713427,5.12096657759846
264811.010890459,3841990.61587419,623.942799345168,L6_1,815.5,574.248671876697,5.66726881145002
264811.010890459,3841990.61587419,623.942799345168,L6_1,815.5,566.55990634813,6.31378100678566
264811.010890459,3841990.61587419,623.942799345168,L6_1,815.5,558.486702543134,7.02040973080818
264811.010890459,3841990.61587419,623.942799345168,L6_1,815.5,550.009838547889,7.79541302610568
264811.010890459,3841990.61587419,623.942799345168,L6_1,815.5,541.109131352882,8.66275689142555
264811.010890459,3841990.61587419,623.942799345168,L6_1,815.5,531.763388798124,9.63818045078748
264811.010890459,3841990.61587419,623.942799345168,L6_1,815.5,521.950359115628,10.7188832837422
264811.010890459,3841990.61587419,623.942799345168,L6_1,815.5,511.646677949008,11.8814989726446
264811.010890459,3841990.61587419,623.942799345168,L6_1,815.5,500.827812724056,13.0854740633066
264811.010890459,3841990.61587419,623.942799345168,L6_1,815.5,489.468004237857,14.2816920711919
264811.010890459,3841990.61587419,623.942799345168,L6_1,815.5,477.540205327348,15.4245145642584
264811.010890459,3841990.61587419,623.942799345168,L6_1,815.5,465.016016471314,16.4827313401421
264811.010890459,3841990.61587419,623.942799345168,L6_1,815.5,451.865618172478,17.4450471768761
264811.010890459,3841990.61587419,623.942799345168,L6_1,815.5,438.0576999587,18.3187333987666
264811.010890459,3841990.61587419,623.942799345168,L6_1,815.5,423.559385834233,19.123381390592
264811.010890459,3841990.61587419,623.942799345168,L6_1,815.5,408.336156003543,19.8829975077027
264811.010890459,3841990.61587419,623.942799345168,L6_1,815.5,392.351764681318,20.6188816012557
264811.010890459,3841990.61587419,623.942799345168,L6_1,815.5,375.568153792982,21.3444059883037
264811.010890459,3841990.61587419,623.942799345168,L6_1,815.5,357.945362360229,22.0619403955741
264811.010890459,3841990.61587419,623.942799345168,L6_1,815.5,339.441431355839,22.7618425842095
264811.010890459,3841990.61587419,623.942799345168,L6_1,815.5,320.012303801229,23.4232420064832
264811.010890459,3841990.61587419,623.942799345168,L6_1,815.5,299.611719868888,24.0161865315127
264811.010890459,3841990.61587419,623.942799345168,L6_1,815.5,278.191106739931,24.5048351099455
264811.010890459,3841990.61587419,623.942799345168,L6_1,815.5,255.708451005632,24.8516465550043
264811.010890459,3841990.61587419,623.942799345168,L6_1,815.5,233.018253536091,25.0350712791979
264811.010890459,3841990.61587419,623.942799345168,L6_1,815.5,209.193546193073,25.0416907150502
264811.010890459,3841990.61587419,623.942799345168,L6_1,815.5,184.177603482904,24.8550309080635
264811.010890459,3841990.61587419,623.942799345168,L6_1,815.5,157.910863637227,24.4687383127183
264811.010890459,3841990.61587419,623.942799345168,L6_1,815.5,130.330786799265,23.887251801077
264811.010890459,3841990.61587419,623.942799345168,L6_1,815.5,101.371706119406,23.1253891376482
264811.010890459,3841990.61587419,623.942799345168,L6_1,815.5,70.9646714055538,22.2070865393986
264811.010890459,3841990.61587419,623.942799345168,L6_1,815.5,39.0372849560089,21.1635237507243
264811.010890459,3841990.61587419,623.942799345168,L6_1,815.5,,
264811.010890459,3841990.61587419,623.942799345168,L6_1,815.5,,
264811.010890459,3841990.61587419,623.942799345168,L6_1,815.5,,
264811.010890459,3841990.61587419,623.942799345168,L6_1,815.5,,
264811.010890459,3841990.61587419,623.942799345168,L6_1,815.5,,
264811.010890459,3841990.61587419,623.942799345168,L6_1,815.5,,
264811.010890459,3841990.61587419,623.942799345168,L6_1,815.5,,
264811.010890459,3841990.61587419,623.942799345168,L6_1,815.5,,
264811.010890459,3841990.61587419,623.942799345168,L6_1,815.5,,
264811.010890459,3841990.61587419,623.942799345168,L6_1,815.5,,
264811.010890459,3841990.61587419,623.942799345168,L6_1,815.5,,
264811.010890459,3841990.61587419,623.942799345168,L6_1,815.5,,
264811.010890459,3841990.61587419,623.942799345168,L6_1,815.5,,
264811.010890459,3841990.61587419,623.942799345168,L6_1,815.5,,
264811.010890459,3841990.61587419,623.942799345168,L6_1,815.5,,
264811.010890459,3841990.61587419,623.942799345168,L6_1,815.5,,
264811.010890459,3841990.61587419,623.942799345168,L6_1,815.5,,
264811.010890459,3841990.61587419,623.942799345168,L6_1,815.5,,
264811.010890459,3841990.61587419,623.942799345168,L6_1,815.5,,
264811.010890459,3841990.61587419,623.942799345168,L6_1,815.5,,
264811.010890459,3841990.61587419,623.942799345168,L6_1,815.5,,
264816.377637042,3841994.29253944,624.326728014241,L6_1,822.0,624.326728014241,6.62262428608716
264816.377637042,3841994.29253944,624.326728014241,L6_1,822.0,619.11723975349,6.97919147200218
264816.377637042,3841994.29253944,624.326728014241,L6_1,822.0,613.647277079702,7.25529885309302
264816.377637042,3841994.29253944,624.326728014241,L6_1,822.0,607.903816272224,6.66890462549493
264816.377637042,3841994.29253944,624.326728014241,L6_1,822.0,601.873182424373,5.80742309712735
264816.377637042,3841994.29253944,624.326728014241,L6_1,822.0,595.541016884129,5.28516195470398
264816.377637042,3841994.29253944,624.326728014241,L6_1,822.0,588.892243066872,5.23727222842012
264816.377637042,3841994.29253944,624.326728014241,L6_1,822.0,581.911030558753,5.5678564924527
264816.377637042,3841994.29253944,624.326728014241,L6_1,822.0,574.580757425228,6.13004073542791
264816.377637042,3841994.29253944,624.326728014241,L6_1,822.0,566.883970635027,6.80732949456268
264816.377637042,3841994.29253944,624.326728014241,L6_1,822.0,558.802344505316,7.54634515790945
264816.377637042,3841994.29253944,624.326728014241,L6_1,822.0,550.316637069119,8.3458838613254
264816.377637042,3841994.29253944,624.326728014241,L6_1,822.0,541.406644261112,9.22531376536192
264816.377637042,3841994.29253944,624.326728014241,L6_1,822.0,532.051151812705,10.1993414253068
264816.377637042,3841994.29253944,624.326728014241,L6_1,822.0,522.227884741878,11.2658338551845
264816.377637042,3841994.29253944,624.326728014241,L6_1,822.0,511.913454317509,12.4025338173422
264816.377637042,3841994.29253944,624.326728014241,L6_1,822.0,501.083302371922,13.5700567267872
264816.377637042,3841994.29253944,624.326728014241,L6_1,822.0,489.711642829055,14.7206435983217
264816.377637042,3841994.29253944,624.326728014241,L6_1,822.0,477.771400309045,15.8103851519681
264816.377637042,3841994.29253944,624.326728014241,L6_1,822.0,465.234145663035,16.8102115163544
264816.377637042,3841994.29253944,624.326728014241,L6_1,822.0,452.070028284724,17.7112684983857
264816.377637042,3841994.29253944,624.326728014241,L6_1,822.0,438.247705037497,18.5233804425495
264816.377637042,3841994.29253944,624.326728014241,L6_1,822.0,423.734265627909,19.2685520218343
264816.377637042,3841994.29253944,624.326728014241,L6_1,822.0,408.495154247842,19.9728253552127
264816.377637042,3841994.29253944,624.326728014241,L6_1,822.0,392.494087298772,20.6590319783773
264816.377637042,3841994.29253944,624.326728014241,L6_1,822.0,375.692967002247,21.341525382867
264816.377637042,3841994.29253944,624.326728014241,L6_1,822.0,358.051790690897,22.0231508656043
264816.377637042,3841994.29253944,624.326728014241,L6_1,822.0,339.528555563979,22.6943269887035
264816.377637042,3841994.29253944,624.326728014241,L6_1,822.0,320.079158680716,23.3339137340012
264816.377637042,3841994.29253944,624.326728014241,L6_1,822.0,299.657291953289,23.9114277570904
264816.377637042,3841994.29253944,624.326728014241,L6_1,822.0,278.214331889491,24.3902919015637
264816.377637042,3841994.29253944,624.326728014241,L6_1,822.0,255.708451005632,24.732073877838
264816.377637042,3841994.29253944,624.326728014241,L6_1,822.0,233.018253536091,24.9143203946691
264816.377637042,3841994.29253944,624.326728014241,L6_1,822.0,209.193546193073,24.9228174556883
264816.377637042,3841994.29253944,624.326728014241,L6_1,822.0,184.177603482904,24.7403836795085
264816.377637042,3841994.29253944,624.326728014241,L6_1,822.0,157.910863637227,24.3600470238377
264816.377637042,3841994.29253944,624.326728014241,L6_1,822.0,130.330786799265,23.785728242694
264816.377637042,3841994.29253944,624.326728014241,L6_1,822.0,101.371706119406,23.031819813319
264816.377637042,3841994.29253944,624.326728014241,L6_1,822.0,70.9646714055538,22.1219242038517
264816.377637042,3841994.29253944,624.326728014241,L6_1,822.0,39.0372849560089,21.0869576050423
264816.377637042,3841994.29253944,624.326728014241,L6_1,822.0,,
264816.377637042,3841994.29253944,624.326728014241,L6_1,822.0,,
264816.377637042,3841994.29253944,624.326728014241,L6_1,822.0,,
264816.377637042,3841994.29253944,624.326728014241,L6_1,822.0,,
264816.377637042,3841994.29253944,624.326728014241,L6_1,822.0,,
264816.377637042,3841994.29253944,624.326728014241,L6_1,822.0,,
264816.377637042,3841994.29253944,624.326728014241,L6_1,822.0,,
264816.377637042,3841994.29253944,624.326728014241,L6_1,822.0,,
264816.377637042,3841994.29253944,624.326728014241,L6_1,822.0,,
264816.377637042,3841994.29253944,624.326728014241,L6_1,822.0,,
264816.377637042,3841994.29253944,624.326728014241,L6_1,822.0,,
264816.377637042,3841994.29253944,624.326728014241,L6_1,822.0,,
264816.377637042,3841994.29253944,624.326728014241,L6_1,822.0,,
264816.377637042,3841994.29253944,624.326728014241,L6_1,822.0,,
264816.377637042,3841994.29253944,624.326728014241,L6_1,822.0,,
264816.377637042,3841994.29253944,624.326728014241,L6_1,822.0,,
264816.377637042,3841994.29253944,624.326728014241,L6_1,822.0,,
264816.377637042,3841994.29253944,624.326728014241,L6_1,822.0,,
264816.377637042,3841994.29253944,624.326728014241,L6_1,822.0,,
264816.377637042,3841994.29253944,624.326728014241,L6_1,822.0,,
264816.377637042,3841994.29253944,624.326728014241,L6_1,822.0,,
264821.332098955,3841997.68637543,624.710656683313,L6_1,828.0,624.710656683313,6.98214955711192
264821.332098955,3841997.68637543,624.710656683313,L6_1,828.0,619.495739316955,7.30039774409542
264821.332098955,3841997.68637543,624.710656683313,L6_1,828.0,614.02007608228,7.5336876935137
264821.332098955,3841997.68637543,624.710656683313,L6_1,828.0,608.27062968587,6.96256245442151
264821.332098955,3841997.68637543,624.710656683313,L6_1,828.0,602.23371096964,6.12804677050189
264821.332098955,3841997.68637543,624.710656683313,L6_1,828.0,595.894946317599,5.6381471885873
264821.332098955,3841997.68637543,624.710656683313,L6_1,828.0,589.239243432955,5.6381909563527
264821.332098955,3841997.68637543,624.710656683313,L6_1,828.0,582.250755404079,6.03352130558549
264821.332098955,3841997.68637543,624.710656683313,L6_1,828.0,574.91284297376,6.66962018140807
264821.332098955,3841997.68637543,624.710656683313,L6_1,828.0,567.208034921924,7.41714711178363
264821.332098955,3841997.68637543,624.710656683313,L6_1,828.0,559.117986467497,8.20932707868791
264821.332098955,3841997.68637543,624.710656683313,L6_1,828.0,550.623435590349,9.03626137173346
264821.332098955,3841997.68637543,624.710656683313,L6_1,828.0,541.704157169342,9.91608220304256
264821.332098955,3841997.68637543,624.710656683313,L6_1,828.0,532.338914827286,10.8681987734465
264821.332098955,3841997.68637543,624.710656683313,L6_1,828.0,522.505410368127,11.8972199446361
264821.332098955,3841997.68637543,624.710656683313,L6_1,828.0,512.18023068601,12.9865066364876
264821.332098955,3841997.68637543,624.710656683313,L6_1,828.0,501.338792019787,14.1001323908528
264821.332098955,3841997.68637543,624.710656683313,L6_1,828.0,489.955281420253,15.1921568166863
264821.332098955,3841997.68637543,624.710656683313,L6_1,828.0,478.002595290742,16.2198077750902
264821.332098955,3841997.68637543,624.710656683313,L6_1,828.0,465.452274854755,17.1551907936069
264821.332098955,3841997.68637543,624.710656683313,L6_1,828.0,452.27443839697,17.9909725830599
264821.332098955,3841997.68637543,624.710656683313,L6_1,828.0,438.437710116295,18.7388147511334
264821.332098955,3841997.68637543,624.710656683313,L6_1,828.0,423.909145421586,19.4226385216033
264821.332098955,3841997.68637543,624.710656683313,L6_1,828.0,408.654152492142,20.0702068485394
264821.332098955,3841997.68637543,624.710656683313,L6_1,828.0,392.636409916225,20.7056824260091
264821.332098955,3841997.68637543,624.710656683313,L6_1,828.0,375.817780211513,21.3442774401865
264821.332098955,3841997.68637543,624.710656683313,L6_1,828.0,358.158219021565,21.9892362044302
264821.332098955,3841997.68637543,624.710656683313,L6_1,828.0,339.61567977212,22.6309927033408
264821.332098955,3841997.68637543,624.710656683313,L6_1,828.0,320.146013560202,23.2481187781303
264821.332098955,3841997.68637543,624.710656683313,L6_1,828.0,299.702864037689,23.8095901755162
264821.332098955,3841997.68637543,624.710656683313,L6_1,828.0,278.23755703905,24.2780983784689
264821.332098955,3841997.68637543,624.710656683313,L6_1,828.0,255.708451005632,24.6143340669571
264821.332098955,3841997.68637543,624.710656683313,L6_1,828.0,233.018253536091,24.794932758602
264821.332098955,3841997.68637543,624.710656683313,L6_1,828.0,209.193546193073,24.8048719562029
264821.332098955,3841997.68637543,624.710656683313,L6_1,828.0,184.177603482904,24.6262752983685
264821.332098955,3841997.68637543,624.710656683313,L6_1,828.0,157.910863637227,24.2515573400119
264821.332098955,3841997.68637543,624.710656683313,L6_1,828.0,130.330786799265,23.6841193719611
264821.332098955,3841997.68637543,624.710656683313,L6_1,828.0,101.371706119406,22.9379326945811
264821.332098955,3841997.68637543,624.710656683313,L6_1,828.0,70.9646714055538,22.0362667402528
264821.332098955,3841997.68637543,624.710656683313,L6_1,828.0,39.0372849560089,21.0097745610116
264821.332098955,3841997.68637543,624.710656683313,L6_1,828.0,,
264821.332098955,3841997.68637543,624.710656683313,L6_1,828.0,,
264821.332098955,3841997.68637543,624.710656683313,L6_1,828.0,,
264821.332098955,3841997.68637543,624.710656683313,L6_1,828.0,,
264821.332098955,3841997.68637543,624.710656683313,L6_1,828.0,,
264821.332098955,3841997.68637543,624.710656683313,L6_1,828.0,,
264821.332098955,3841997.68637543,624.710656683313,L6_1,828.0,,
264821.332098955,3841997.68637543,624.710656683313,L6_1,828.0,,
264821.332098955,3841997.68637543,624.710656683313,L6_1,828.0,,
264821.332098955,3841997.68637543,624.710656683313,L6_1,828.0,,
264821.332098955,3841997.68637543,624.710656683313,L6_1,828.0,,
264821.332098955,3841997.68637543,624.710656683313,L6_1,828.0,,
264821.332098955,3841997.68637543,624.710656683313,L6_1,828.0,,
264821.332098955,3841997.68637543,624.710656683313,L6_1,828.0,,
264821.332098955,3841997.68637543,624.710656683313,L6_1,828.0,,
264821.332098955,3841997.68637543,624.710656683313,L6_1,828.0,,
264821.332098955,3841997.68637543,624.710656683313,L6_1,828.0,,
264821.332098955,3841997.68637543,624.710656683313,L6_1,828.0,,
264821.332098955,3841997.68637543,624.710656683313,L6_1,828.0,,
264821.332098955,3841997.68637543,624.710656683313,L6_1,828.0,,
264821.332098955,3841997.68637543,624.710656683313,L6_1,828.0,,
264826.700019852,3842001.36302149,625.094585352386,L6_1,834.5,625.094585352386,9.18558221641992
264826.700019852,3842001.36302149,625.094585352386,L6_1,834.5,619.874238880421,9.18453466078127
264826.700019852,3842001.36302149,625.094585352386,L6_1,834.5,614.392875084858,8.55473409295014
264826.700019852,3842001.36302149,625.094585352386,L6_1,834.5,608.637443099516,7.20856256516111
264826.700019852,3842001.36302149,625.094585352386,L6_1,834.5,602.594239514908,6.09782948363299
264826.700019852,3842001.36302149,625.094585352386,L6_1,834.5,596.248875751069,5.65156647651861
264826.700019852,3842001.36302149,625.094585352386,L6_1,834.5,589.586243799038,5.81004638225902
264826.700019852,3842001.36302149,625.094585352386,L6_1,834.5,582.590480249406,6.38487099449156
264826.700019852,3842001.36302149,625.094585352386,L6_1,834.5,575.244928522292,7.18677594365533
264826.700019852,3842001.36302149,625.094585352386,L6_1,834.5,567.532099208822,8.06955942475958
264826.700019852,3842001.36302149,625.094585352386,L6_1,834.5,559.433628429679,8.95428042695195
264826.700019852,3842001.36302149,625.094585352386,L6_1,834.5,550.930234111578,9.82499092338348
264826.700019852,3842001.36302149,625.094585352386,L6_1,834.5,542.001670077573,10.7034461203772
264826.700019852,3842001.36302149,625.094585352386,L6_1,834.5,532.626677841867,11.6206169963493
264826.700019852,3842001.36302149,625.094585352386,L6_1,834.5,522.782935994376,12.5947158429755
264826.700019852,3842001.36302149,625.094585352386,L6_1,834.5,512.447007054511,13.6196987761247
264826.700019852,3842001.36302149,625.094585352386,L6_1,834.5,501.594281667652,14.6656318302909
264826.700019852,3842001.36302149,625.094585352386,L6_1,834.5,490.19892001145,15.6889974427802
264826.700019852,3842001.36302149,625.094585352386,L6_1,834.5,478.233790272438,16.6476873283778
264826.700019852,3842001.36302149,625.094585352386,L6_1,834.5,465.670404046476,17.514137453464
264826.700019852,3842001.36302149,625.094585352386,L6_1,834.5,452.478848509216,18.2817382386523
264826.700019852,3842001.36302149,625.094585352386,L6_1,834.5,438.627715195092,18.9633885933397
264826.700019852,3842001.36302149,625.094585352386,L6_1,834.5,424.084025215262,19.584528260624
264826.700019852,3842001.36302149,625.094585352386,L6_1,834.5,408.813150736441,20.1744024744424
264826.700019852,3842001.36302149,625.094585352386,L6_1,834.5,392.778732533679,20.7583574216312
264826.700019852,3842001.36302149,625.094585352386,L6_1,834.5,375.942593420778,21.3523753718083
264826.700019852,3842001.36302149,625.094585352386,L6_1,834.5,358.264647352233,21.9600446102027
264826.700019852,3842001.36302149,625.094585352386,L6_1,834.5,339.70280398026,22.5717814736458
264826.700019852,3842001.36302149,625.094585352386,L6_1,834.5,320.212868439689,23.1658608792861
264826.700019852,3842001.36302149,625.094585352386,L6_1,834.5,299.748436122089,23.7107149092672
264826.700019852,3842001.36302149,625.094585352386,L6_1,834.5,278.260782188609,24.1683128474923
264826.700019852,3842001.36302149,625.094585352386,L6_1,834.5,255.708451005632,24.4984893336906
264826.700019852,3842001.36302149,625.094585352386,L6_1,834.5,233.018253536091,24.6769679151782
264826.700019852,3842001.36302149,625.094585352386,L6_1,834.5,209.193546193073,24.6879078607602
264826.700019852,3842001.36302149,625.094585352386,L6_1,834.5,184.177603482904,24.5127516325532
264826.700019852,3842001.36302149,625.094585352386,L6_1,834.5,157.910863637227,24.143306620413
264826.700019852,3842001.36302149,625.094585352386,L6_1,834.5,130.330786799265,23.582454282276
264826.700019852,3842001.36302149,625.094585352386,L6_1,834.5,101.371706119406,22.8437497694973
264826.700019852,3842001.36302149,625.094585352386,L6_1,834.5,70.9646714055538,21.9501298973708
264826.700019852,3842001.36302149,625.094585352386,L6_1,834.5,39.0372849560089,20.9319849875265
264826.700019852,3842001.36302149,625.094585352386,L6_1,834.5,,
264826.700019852,3842001.36302149,625.094585352386,L6_1,834.5,,
264826.700019852,3842001.36302149,625.094585352386,L6_1,834.5,,
264826.700019852,3842001.36302149,625.094585352386,L6_1,834.5,,
264826.700019852,3842001.36302149,625.094585352386,L6_1,834.5,,
264826.700019852,3842001.36302149,625.094585352386,L6_1,834.5,,
264826.700019852,3842001.36302149,625.094585352386,L6_1,834.5,,
264826.700019852,3842001.36302149,625.094585352386,L6_1,834.5,,
264826.700019852,3842001.36302149,625.094585352386,L6_1,834.5,,
264826.700019852,3842001.36302149,625.094585352386,L6_1,834.5,,
264826.700019852,3842001.36302149,625.094585352386,L6_1,834.5,,
264826.700019852,3842001.36302149,625.094585352386,L6_1,834.5,,
264826.700019852,3842001.36302149,625.094585352386,L6_1,834.5,,
264826.700019852,3842001.36302149,625.094585352386,L6_1,834.5,,
264826.700019852,3842001.36302149,625.094585352386,L6_1,834.5,,
264826.700019852,3842001.36302149,625.094585352386,L6_1,834.5,,
264826.700019852,3842001.36302149,625.094585352386,L6_1,834.5,,
264826.700019852,3842001.36302149,625.094585352386,L6_1,834.5,,
264826.700019852,3842001.36302149,625.094585352386,L6_1,834.5,,
264826.700019852,3842001.36302149,625.094585352386,L6_1,834.5,,
264826.700019852,3842001.36302149,625.094585352386,L6_1,834.5,,
264831.655023757,3842004.75684863,625.377172229532,L6_1,840.5,625.377172229532,11.6306947841643
264831.655023757,3842004.75684863,625.377172229532,L6_1,840.5,620.1528297184,11.0637918796367
264831.655023757,3842004.75684863,625.377172229532,L6_1,840.5,614.66727008171,9.04227529834933
264831.655023757,3842004.75684863,625.377172229532,L6_1,840.5,608.907432463186,6.72194178755374
264831.655023757,3842004.75684863,625.377172229532,L6_1,840.5,602.859602963736,5.43911532631615
264831.655023757,3842004.75684863,625.377172229532,L6_1,840.5,596.509381989314,5.17200733694967
264831.655023757,3842004.75684863,625.377172229532,L6_1,840.5,589.84164996617,5.61092921640651
264831.655023757,3842004.75684863,625.377172229532,L6_1,840.5,582.840531341869,6.4742387388038
264831.655023757,3842004.75684863,625.377172229532,L6_1,840.5,575.489356786353,7.5338859318435
264831.655023757,3842004.75684863,625.377172229532,L6_1,840.5,567.770623503062,8.62490481120878
264831.655023757,3842004.75684863,625.377172229532,L6_1,840.5,559.665953555605,9.65658055802647
264831.655023757,3842004.75684863,625.377172229532,L6_1,840.5,551.156050110776,10.607318528686
264831.655023757,3842004.75684863,625.377172229532,L6_1,840.5,542.220651493706,11.5041802776734
264831.655023757,3842004.75684863,625.377172229532,L6_1,840.5,532.838482945782,12.393737798339
264831.655023757,3842004.75684863,625.377172229532,L6_1,840.5,522.987205970461,13.312942536661
264831.655023757,3842004.75684863,625.377172229532,L6_1,840.5,512.643365146375,14.2706670180087
264831.655023757,3842004.75684863,625.377172229532,L6_1,840.5,501.782332281084,15.2455789226258
264831.655023757,3842004.75684863,625.377172229532,L6_1,840.5,490.378247772529,16.1976581763611
264831.655023757,3842004.75684863,625.377172229532,L6_1,840.5,478.403959038546,17.0856088921337
264831.655023757,3842004.75684863,625.377172229532,L6_1,840.5,465.830955867864,17.8819751793899
264831.655023757,3842004.75684863,625.377172229532,L6_1,840.5,452.629302538648,18.5806043878373
264831.655023757,3842004.75684863,625.377172229532,L6_1,840.5,438.767566542971,19.1954437754597
264831.655023757,3842004.75684863,625.377172229532,L6_1,840.5,424.21274374751,19.7533542018625
264831.655023757,3842004.75684863,625.377172229532,L6_1,840.5,408.930179812277,20.285016820303
264831.655023757,3842004.75684863,625.377172229532,L6_1,840.5,392.883487680281,20.8169370757832
264831.655023757,3842004.75684863,625.377172229532,L6_1,840.5,376.034460941686,21.3658471667089
264831.655023757,3842004.75684863,625.377172229532,L6_1,840.5,358.342982866161,21.9356711666622
264831.655023757,3842004.75684863,625.377172229532,L6_1,840.5,339.766930886859,22.5168103681696
264831.655023757,3842004.75684863,625.377172229532,L6_1,840.5,320.262076308593,23.0872440652926
264831.655023757,3842004.75684863,625.377172229532,L6_1,840.5,299.781979001413,23.6148787630461
264831.655023757,3842004.75684863,625.377172229532,L6_1,840.5,278.277876828875,24.0609815574062
264831.655023757,3842004.75684863,625.377172229532,L6_1,840.5,255.708451005632,24.384559802383
264831.655023757,3842004.75684863,625.377172229532,L6_1,840.5,233.018253536091,24.5604246240666
264831.655023757,3842004.75684863,625.377172229532,L6_1,840.5,209.193546193073,24.5719080027775
264831.655023757,3842004.75684863,625.377172229532,L6_1,840.5,184.177603482904,24.3997812810365
264831.655023757,3842004.75684863,625.377172229532,L6_1,840.5,157.910863637227,24.0352509061086
264831.655023757,3842004.75684863,625.377172229532,L6_1,840.5,130.330786799265,23.4806867896251
264831.655023757,3842004.75684863,625.377172229532,L6_1,840.5,101.371706119406,22.7492287298748
264831.655023757,3842004.75684863,625.377172229532,L6_1,840.5,70.9646714055538,21.8634772029098
264831.655023757,3842004.75684863,625.377172229532,L6_1,840.5,39.0372849560089,20.8535544187477
264831.655023757,3842004.75684863,625.377172229532,L6_1,840.5,,
264831.655023757,3842004.75684863,625.377172229532,L6_1,840.5,,
264831.655023757,3842004.75684863,625.377172229532,L6_1,840.5,,
264831.655023757,3842004.75684863,625.377172229532,L6_1,840.5,,
264831.655023757,3842004.75684863,625.377172229532,L6_1,840.5,,
264831.655023757,3842004.75684863,625.377172229532,L6_1,840.5,,
264831.655023757,3842004.75684863,625.377172229532,L6_1,840.5,,
264831.655023757,3842004.75684863,625.377172229532,L6_1,840.5,,
264831.655023757,3842004.75684863,625.377172229532,L6_1,840.5,,
264831.655023757,3842004.75684863,625.377172229532,L6_1,840.5,,
264831.655023757,3842004.75684863,625.377172229532,L6_1,840.5,,
264831.655023757,3842004.75684863,625.377172229532,L6_1,840.5,,
264831.655023757,3842004.75684863,625.377172229532,L6_1,840.5,,
264831.655023757,3842004.75684863,625.377172229532,L6_1,840.5,,
264831.655023757,3842004.75684863,625.377172229532,L6_1,840.5,,
264831.655023757,3842004.75684863,625.377172229532,L6_1,840.5,,
264831.655023757,3842004.75684863,625.377172229532,L6_1,840.5,,
264831.655023757,3842004.75684863,625.377172229532,L6_1,840.5,,
264831.655023757,3842004.75684863,625.377172229532,L6_1,840.5,,
264831.655023757,3842004.75684863,625.377172229532,L6_1,840.5,,
264831.655023757,3842004.75684863,625.377172229532,L6_1,840.5,,
264837.022944654,3842008.43349469,625.558405850918,L6_1,847.0,625.558405850918,13.6491490820661
264837.022944654,3842008.43349469,625.558405850918,L6_1,847.0,620.331500529167,12.3259226542059
264837.022944654,3842008.43349469,625.558405850918,L6_1,847.0,614.843249941327,8.62819352863983
264837.022944654,3842008.43349469,625.558405850918,L6_1,847.0,609.080586824096,5.50718213965196
264837.022944654,3842008.43349469,625.558405850918,L6_1,847.0,603.029790551003,4.28062154843341
264837.022944654,3842008.43349469,625.558405850918,L6_1,847.0,596.676454464255,4.27419417339094
264837.022944654,3842008.43349469,625.558405850918,L6_1,847.0,590.00545157317,5.02153682822028
264837.022944654,3842008.43349469,625.558405850918,L6_1,847.0,583.000898537531,6.21087719264985
264837.022944654,3842008.43349469,625.558405850918,L6_1,847.0,575.64611785011,7.58225540142069
264837.022944654,3842008.43349469,625.558405850918,L6_1,847.0,567.923598128317,8.94228142462316
264837.022944654,3842008.43349469,625.558405850918,L6_1,847.0,559.814952420435,10.1808166381789
264837.022944654,3842008.43349469,625.558405850918,L6_1,847.0,551.300874427159,11.2648818058087
264837.022944654,3842008.43349469,625.558405850918,L6_1,847.0,542.36109253422,12.2227145225067
264837.022944654,3842008.43349469,625.558405850918,L6_1,847.0,532.974321546633,13.1153848906335
264837.022944654,3842008.43349469,625.558405850918,L6_1,847.0,523.118212009667,14.0002908309323
264837.022944654,3842008.43349469,625.558405850918,L6_1,847.0,512.769296995852,14.9040660104644
264837.022944654,3842008.43349469,625.558405850918,L6_1,847.0,501.902936231347,15.816541172294
264837.022944654,3842008.43349469,625.558405850918,L6_1,847.0,490.493257428617,16.7029513718528
264837.022944654,3842008.43349469,625.558405850918,L6_1,847.0,478.51309468575,17.5238542975054
264837.022944654,3842008.43349469,625.558405850918,L6_1,847.0,465.933923805739,18.2525036272188
264837.022944654,3842008.43349469,625.558405850918,L6_1,847.0,452.725794381729,18.8835886766363
264837.022944654,3842008.43349469,625.558405850918,L6_1,847.0,438.857258486517,19.4323849914983
264837.022944654,3842008.43349469,625.558405850918,L6_1,847.0,424.295295796545,19.9273941009489
264837.022944654,3842008.43349469,625.558405850918,L6_1,847.0,409.005234972075,20.400888554378
264837.022944654,3842008.43349469,625.558405850918,L6_1,847.0,392.950671106381,20.8806320204785
264837.022944654,3842008.43349469,625.558405850918,L6_1,847.0,376.093379047402,21.3841599767254
264837.022944654,3842008.43349469,625.558405850918,L6_1,847.0,358.393222385475,21.9157663563454
264837.022944654,3842008.43349469,625.558405850918,L6_1,847.0,339.808057890451,22.465863722144
264837.022944654,3842008.43349469,625.558405850918,L6_1,847.0,320.293635170675,23.0121494862836
264837.022944654,3842008.43349469,625.558405850918,L6_1,847.0,299.803491314911,23.5220308772261
264837.022944654,3842008.43349469,625.558405850918,L6_1,847.0,278.288840266359,23.9560985976998
264837.022944654,3842008.43349469,625.558405850918,L6_1,847.0,255.708451005632,24.2725666182474
264837.022944654,3842008.43349469,625.558405850918,L6_1,847.0,233.018253536091,24.4453380056052
264837.022944654,3842008.43349469,625.558405850918,L6_1,847.0,209.193546193073,24.4569120899534
264837.022944654,3842008.43349469,625.558405850918,L6_1,847.0,184.177603482904,24.2874023202124
264837.022944654,3842008.43349469,625.558405850918,L6_1,847.0,157.910863637227,23.9274235820937
264837.022944654,3842008.43349469,625.558405850918,L6_1,847.0,130.330786799265,23.3788440233641
264837.022944654,3842008.43349469,625.558405850918,L6_1,847.0,101.371706119406,22.6543898832645
264837.022944654,3842008.43349469,625.558405850918,L6_1,847.0,70.9646714055538,21.7763227855901
264837.022944654,3842008.43349469,625.558405850918,L6_1,847.0,39.0372849560089,20.7744922299526
264837.022944654,3842008.43349469,625.558405850918,L6_1,847.0,,
264837.022944654,3842008.43349469,625.558405850918,L6_1,847.0,,
264837.022944654,3842008.43349469,625.558405850918,L6_1,847.0,,
264837.022944654,3842008.43349469,625.558405850918,L6_1,847.0,,
264837.022944654,3842008.43349469,625.558405850918,L6_1,847.0,,
264837.022944654,3842008.43349469,625.558405850918,L6_1,847.0,,
264837.022944654,3842008.43349469,625.558405850918,L6_1,847.0,,
264837.022944654,3842008.43349469,625.558405850918,L6_1,847.0,,
264837.022944654,3842008.43349469,625.558405850918,L6_1,847.0,,
264837.022944654,3842008.43349469,625.558405850918,L6_1,847.0,,
264837.022944654,3842008.43349469,625.558405850918,L6_1,847.0,,
264837.022944654,3842008.43349469,625.558405850918,L6_1,847.0,,
264837.022944654,3842008.43349469,625.558405850918,L6_1,847.0,,
264837.022944654,3842008.43349469,625.558405850918,L6_1,847.0,,
264837.022944654,3842008.43349469,625.558405850918,L6_1,847.0,,
264837.022944654,3842008.43349469,625.558405850918,L6_1,847.0,,
264837.022944654,3842008.43349469,625.558405850918,L6_1,847.0,,
264837.022944654,3842008.43349469,625.558405850918,L6_1,847.0,,
264837.022944654,3842008.43349469,625.558405850918,L6_1,847.0,,
264837.022944654,3842008.43349469,625.558405850918,L6_1,847.0,,
264837.022944654,3842008.43349469,625.558405850918,L6_1,847.0,,
264841.977940807,3842011.827327,625.739639472304,L6_1,853.0,625.739639472304,16.6367070540412
264841.977940807,3842011.827327,625.739639472304,L6_1,853.0,620.510171339933,13.6347044139639
264841.977940807,3842011.827327,625.739639472304,L6_1,853.0,615.019229800944,7.8595337823184
264841.977940807,3842011.827327,625.739639472304,L6_1,853.0,609.253741185005,4.37790203090697
264841.977940807,3842011.827327,625.739639472304,L6_1,853.0,603.199978138269,3.31059102812996
264841.977940807,3842011.827327,625.739639472304,L6_1,853.0,596.843526939196,3.4651893406998
264841.977940807,3842011.827327,625.739639472304,L6_1,853.0,590.16925318017,4.37289537325267
264841.977940807,3842011.827327,625.739639472304,L6_1,853.0,583.161265733192,5.76104004121962
264841.977940807,3842011.827327,625.739639472304,L6_1,853.0,575.802878913866,7.36630316859804
264841.977940807,3842011.827327,625.739639472304,L6_1,853.0,568.076572753573,8.96987419549159
264841.977940807,3842011.827327,625.739639472304,L6_1,853.0,559.963951285265,10.4317436707456
264841.977940807,3842011.827327,625.739639472304,L6_1,853.0,551.445698743542,11.6917413002124
264841.977940807,3842011.827327,625.739639472304,L6_1,853.0,542.501533574733,12.7631706650096
264841.977940807,3842011.827327,625.739639472304,L6_1,853.0,533.110160147484,13.7093257192441
264841.977940807,3842011.827327,625.739639472304,L6_1,853.0,523.249218048872,14.6015678578676
264841.977940807,3842011.827327,625.739639472304,L6_1,853.0,512.895228845329,15.4827122793098
264841.977940807,3842011.827327,625.739639472304,L6_1,853.0,502.02354018161,16.3548826827583
264841.977940807,3842011.827327,625.739639472304,L6_1,853.0,490.608267084704,17.1905758687104
264841.977940807,3842011.827327,625.739639472304,L6_1,853.0,478.622230332953,17.9541426028552
264841.977940807,3842011.827327,625.739639472304,L6_1,853.0,466.036891743614,18.6211202101206
264841.977940807,3842011.827327,625.739639472304,L6_1,853.0,452.822286224809,19.1882334317796
264841.977940807,3842011.827327,625.739639472304,L6_1,853.0,438.946950430063,19.672959732727
264841.977940807,3842011.827327,625.739639472304,L6_1,853.0,424.37784784558,20.1060457320298
264841.977940807,3842011.827327,625.739639472304,L6_1,853.0,409.080290131873,20.5217495314061
264841.977940807,3842011.827327,625.739639472304,L6_1,853.0,393.017854532481,20.949335773963
264841.977940807,3842011.827327,625.739639472304,L6_1,853.0,376.152297153119,21.4072881128376
264841.977940807,3842011.827327,625.739639472304,L6_1,853.0,358.443461904788,21.9003463846388
264841.977940807,3842011.827327,625.739639472304,L6_1,853.0,339.849184894042,22.4189718795396
264841.977940807,3842011.827327,625.739639472304,L6_1,853.0,320.325194032758,22.9406114851582
264841.977940807,3842011.827327,625.739639472304,L6_1,853.0,299.825003628409,23.4321987924246
264841.977940807,3842011.827327,625.739639472304,L6_1,853.0,278.299803703844,23.8536811536169
264841.977940807,3842011.827327,625.739639472304,L6_1,853.0,255.708451005632,24.1625104037865
264841.977940807,3842011.827327,625.739639472304,L6_1,853.0,233.018253536091,24.3316895586561
264841.977940807,3842011.827327,625.739639472304,L6_1,853.0,209.193546193073,24.3428861032702
264841.977940807,3842011.827327,625.739639472304,L6_1,853.0,184.177603482904,24.175569294633
264841.977940807,3842011.827327,625.739639472304,L6_1,853.0,157.910863637227,23.8197762166149
264841.977940807,3842011.827327,625.739639472304,L6_1,853.0,130.330786799265,23.2768780325975
264841.977940807,3842011.827327,625.739639472304,L6_1,853.0,101.371706119406,22.5591856922337
264841.977940807,3842011.827327,625.739639472304,L6_1,853.0,70.9646714055538,21.6886232582555
264841.977940807,3842011.827327,625.739639472304,L6_1,853.0,39.0372849560089,20.6947647328329
264841.977940807,3842011.827327,625.739639472304,L6_1,853.0,,
264841.977940807,3842011.827327,625.739639472304,L6_1,853.0,,
264841.977940807,3842011.827327,625.739639472304,L6_1,853.0,,
264841.977940807,3842011.827327,625.739639472304,L6_1,853.0,,
264841.977940807,3842011.827327,625.739639472304,L6_1,853.0,,
264841.977940807,3842011.827327,625.739639472304,L6_1,853.0,,
264841.977940807,3842011.827327,625.739639472304,L6_1,853.0,,
264841.977940807,3842011.827327,625.739639472304,L6_1,853.0,,
264841.977940807,3842011.827327,625.739639472304,L6_1,853.0,,
264841.977940807,3842011.827327,625.739639472304,L6_1,853.0,,
264841.977940807,3842011.827327,625.739639472304,L6_1,853.0,,
264841.977940807,3842011.827327,625.739639472304,L6_1,853.0,,
264841.977940807,3842011.827327,625.739639472304,L6_1,853.0,,
264841.977940807,3842011.827327,625.739639472304,L6_1,853.0,,
264841.977940807,3842011.827327,625.739639472304,L6_1,853.0,,
264841.977940807,3842011.827327,625.739639472304,L6_1,853.0,,
264841.977940807,3842011.827327,625.739639472304,L6_1,853.0,,
264841.977940807,3842011.827327,625.739639472304,L6_1,853.0,,
264841.977940807,3842011.827327,625.739639472304,L6_1,853.0,,
264841.977940807,3842011.827327,625.739639472304,L6_1,853.0,,
264841.977940807,3842011.827327,625.739639472304,L6_1,853.0,,
264847.34584491,3842015.50398428,625.92087309369,L6_1,859.5,625.92087309369,23.1190501111556
264847.34584491,3842015.50398428,625.92087309369,L6_1,859.5,620.6888421507,16.0158536087519
264847.34584491,3842015.50398428,625.92087309369,L6_1,859.5,615.195209660561,7.25547840100658
264847.34584491,3842015.50398428,625.92087309369,L6_1,859.5,609.426895545914,3.68925659607772
264847.34584491,3842015.50398428,625.92087309369,L6_1,859.5,603.370165725535,2.74620441128497
264847.34584491,3842015.50398428,625.92087309369,L6_1,859.5,597.010599414138,2.92253051001862
264847.34584491,3842015.50398428,625.92087309369,L6_1,859.5,590.33305478717,3.81089007774293
264847.34584491,3842015.50398428,625.92087309369,L6_1,859.5,583.321632928854,5.21233469043846
264847.34584491,3842015.50398428,625.92087309369,L6_1,859.5,575.959639977622,6.9054243060792
264847.34584491,3842015.50398428,625.92087309369,L6_1,859.5,568.229547378828,8.67089473200553
264847.34584491,3842015.50398428,625.92087309369,L6_1,859.5,560.112950150095,10.3373278990611
264847.34584491,3842015.50398428,625.92087309369,L6_1,859.5,551.590523059925,11.8018950253254
264847.34584491,3842015.50398428,625.92087309369,L6_1,859.5,542.641974615247,13.0427850586944
264847.34584491,3842015.50398428,625.92087309369,L6_1,859.5,533.245998748335,14.1063897044866
264847.34584491,3842015.50398428,625.92087309369,L6_1,859.5,523.380224088077,15.0645634916896
264847.34584491,3842015.50398428,625.92087309369,L6_1,859.5,513.021160694806,15.9699885496707
264847.34584491,3842015.50398428,625.92087309369,L6_1,859.5,502.144144131872,16.8361925592101
264847.34584491,3842015.50398428,625.92087309369,L6_1,859.5,490.723276740791,17.6447694865733
264847.34584491,3842015.50398428,625.92087309369,L6_1,859.5,478.731365980156,18.3664518805252
264847.34584491,3842015.50398428,625.92087309369,L6_1,859.5,466.13985968149,18.9814539475213
264847.34584491,3842015.50398428,625.92087309369,L6_1,859.5,452.918778067889,19.4904326277879
264847.34584491,3842015.50398428,625.92087309369,L6_1,859.5,439.036642373609,19.9144556330725
264847.34584491,3842015.50398428,625.92087309369,L6_1,859.5,424.460399894615,20.2874621600405
264847.34584491,3842015.50398428,625.92087309369,L6_1,859.5,409.155345291672,20.6463053980133
264847.34584491,3842015.50398428,625.92087309369,L6_1,859.5,393.085037958581,21.0221230080349
264847.34584491,3842015.50398428,625.92087309369,L6_1,859.5,376.211215258835,21.4345662677901
264847.34584491,3842015.50398428,625.92087309369,L6_1,859.5,358.493701424102,21.888938700416
264847.34584491,3842015.50398428,625.92087309369,L6_1,859.5,339.890311897633,22.3758093809185
264847.34584491,3842015.50398428,625.92087309369,L6_1,859.5,320.35675289484,22.8724177800463
264847.34584491,3842015.50398428,625.92087309369,L6_1,859.5,299.846515941907,23.3452572377591
264847.34584491,3842015.50398428,625.92087309369,L6_1,859.5,278.310767141328,23.753669069978
264847.34584491,3842015.50398428,625.92087309369,L6_1,859.5,255.708451005632,24.0543755729433
264847.34584491,3842015.50398428,625.92087309369,L6_1,859.5,233.018253536091,24.2194904906248
264847.34584491,3842015.50398428,625.92087309369,L6_1,859.5,209.193546193073,24.2298550201883
264847.34584491,3842015.50398428,625.92087309369,L6_1,859.5,184.177603482904,24.0643120042755
264847.34584491,3842015.50398428,625.92087309369,L6_1,859.5,157.910863637227,23.7123372553469
264847.34584491,3842015.50398428,625.92087309369,L6_1,859.5,130.330786799265,23.1748122930359
264847.34584491,3842015.50398428,625.92087309369,L6_1,859.5,101.371706119406,22.4636345582286
264847.34584491,3842015.50398428,625.92087309369,L6_1,859.5,70.9646714055538,21.6003922996117
264847.34584491,3842015.50398428,625.92087309369,L6_1,859.5,39.0372849560089,20.6143818628512
264847.34584491,3842015.50398428,625.92087309369,L6_1,859.5,,
264847.34584491,3842015.50398428,625.92087309369,L6_1,859.5,,
264847.34584491,3842015.50398428,625.92087309369,L6_1,859.5,,
264847.34584491,3842015.50398428,625.92087309369,L6_1,859.5,,
264847.34584491,3842015.50398428,625.92087309369,L6_1,859.5,,
264847.34584491,3842015.50398428,625.92087309369,L6_1,859.5,,
264847.34584491,3842015.50398428,625.92087309369,L6_1,859.5,,
264847.34584491,3842015.50398428,625.92087309369,L6_1,859.5,,
264847.34584491,3842015.50398428,625.92087309369,L6_1,859.5,,
264847.34584491,3842015.50398428,625.92087309369,L6_1,859.5,,
264847.34584491,3842015.50398428,625.92087309369,L6_1,859.5,,
264847.34584491,3842015.50398428,625.92087309369,L6_1,859.5,,
264847.34584491,3842015.50398428,625.92087309369,L6_1,859.5,,
264847.34584491,3842015.50398428,625.92087309369,L6_1,859.5,,
264847.34584491,3842015.50398428,625.92087309369,L6_1,859.5,,
264847.34584491,3842015.50398428,625.92087309369,L6_1,859.5,,
264847.34584491,3842015.50398428,625.92087309369,L6_1,859.5,,
264847.34584491,3842015.50398428,625.92087309369,L6_1,859.5,,
264847.34584491,3842015.50398428,625.92087309369,L6_1,859.5,,
264847.34584491,3842015.50398428,625.92087309369,L6_1,859.5,,
264847.34584491,3842015.50398428,625.92087309369,L6_1,859.5,,
264852.300833312,3842018.89782177,626.079660829272,L6_1,865.5,626.079660829272,22.9191560398024
264852.300833312,3842018.89782177,626.079660829272,L6_1,865.5,620.845384481198,16.2228825239866
264852.300833312,3842018.89782177,626.079660829272,L6_1,865.5,615.34939431572,7.63156438618767
264852.300833312,3842018.89782177,626.079660829272,L6_1,865.5,609.578604641967,3.90619226575289
264852.300833312,3842018.89782177,626.079660829272,L6_1,865.5,603.519275484528,2.79088903524989
264852.300833312,3842018.89782177,626.079660829272,L6_1,865.5,597.156979869216,2.79474735876752
264852.300833312,3842018.89782177,626.079660829272,L6_1,865.5,590.476569473139,3.49485589630413
264852.300833312,3842018.89782177,626.079660829272,L6_1,865.5,583.462138557258,4.73283952958041
264852.300833312,3842018.89782177,626.079660829272,L6_1,865.5,576.096986095582,6.35044330134378
264852.300833312,3842018.89782177,626.079660829272,L6_1,865.5,568.363576010823,8.15622350578834
264852.300833312,3842018.89782177,626.079660829272,L6_1,865.5,560.243495421826,9.9606066068789
264852.300833312,3842018.89782177,626.079660829272,L6_1,865.5,551.71741080338,11.6173307446697
264852.300833312,3842018.89782177,626.079660829272,L6_1,865.5,542.76502195401,13.0573933015453
264852.300833312,3842018.89782177,626.079660829272,L6_1,865.5,533.365013662173,14.2912297669611
264852.300833312,3842018.89782177,626.079660829272,L6_1,865.5,523.495004955743,15.3728294543438
264852.300833312,3842018.89782177,626.079660829272,L6_1,865.5,513.131495813992,16.3529216288985
264852.300833312,3842018.89782177,626.079660829272,L6_1,865.5,502.249811215154,17.2518629243797
264852.300833312,3842018.89782177,626.079660829272,L6_1,865.5,490.824042386374,18.0605136093361
264852.300833312,3842018.89782177,626.079660829272,L6_1,865.5,478.826985116154,18.7581905207113
264852.300833312,3842018.89782177,626.079660829272,L6_1,865.5,466.230074982424,19.3323473449435
264852.300833312,3842018.89782177,626.079660829272,L6_1,865.5,453.003319342007,19.7897770059216
264852.300833312,3842018.89782177,626.079660829272,L6_1,865.5,439.115225919569,20.1567961398916
264852.300833312,3842018.89782177,626.079660829272,L6_1,865.5,424.532727826009,20.471678600618
264852.300833312,3842018.89782177,626.079660829272,L6_1,865.5,409.221104827772,20.7746043426088
264852.300833312,3842018.89782177,626.079660829272,L6_1,865.5,393.143900679622,21.0990247297066
264852.300833312,3842018.89782177,626.079660829272,L6_1,865.5,376.262836324065,21.4659977750615
264852.300833312,3842018.89782177,626.079660829272,L6_1,865.5,358.53771875073,21.8815207274302
264852.300833312,3842018.89782177,626.079660829272,L6_1,865.5,339.926345298729,22.3363427101377
264852.300833312,3842018.89782177,626.079660829272,L6_1,865.5,320.384403174127,22.807534001241
264852.300833312,3842018.89782177,626.079660829272,L6_1,865.5,299.865363943296,23.2611778458508
264852.300833312,3842018.89782177,626.079660829272,L6_1,865.5,278.320372750922,23.6560295904021
264852.300833312,3842018.89782177,626.079660829272,L6_1,865.5,255.708451005632,23.9481142149696
264852.300833312,3842018.89782177,626.079660829272,L6_1,865.5,233.018253536091,24.1086805383713
264852.300833312,3842018.89782177,626.079660829272,L6_1,865.5,209.193546193073,24.1177550180854
264852.300833312,3842018.89782177,626.079660829272,L6_1,865.5,184.177603482904,23.9535696651349
264852.300833312,3842018.89782177,626.079660829272,L6_1,865.5,157.910863637227,23.6050487018284
264852.300833312,3842018.89782177,626.079660829272,L6_1,865.5,130.330786799265,23.0725908413743
264852.300833312,3842018.89782177,626.079660829272,L6_1,865.5,101.371706119406,22.3676854470998
264852.300833312,3842018.89782177,626.079660829272,L6_1,865.5,70.9646714055538,21.5115853321448
264852.300833312,3842018.89782177,626.079660829272,L6_1,865.5,39.0372849560089,20.5333060897526
264852.300833312,3842018.89782177,626.079660829272,L6_1,865.5,,
264852.300833312,3842018.89782177,626.079660829272,L6_1,865.5,,
264852.300833312,3842018.89782177,626.079660829272,L6_1,865.5,,
264852.300833312,3842018.89782177,626.079660829272,L6_1,865.5,,
264852.300833312,3842018.89782177,626.079660829272,L6_1,865.5,,
264852.300833312,3842018.89782177,626.079660829272,L6_1,865.5,,
264852.300833312,3842018.89782177,626.079660829272,L6_1,865.5,,
264852.300833312,3842018.89782177,626.079660829272,L6_1,865.5,,
264852.300833312,3842018.89782177,626.079660829272,L6_1,865.5,,
264852.300833312,3842018.89782177,626.079660829272,L6_1,865.5,,
264852.300833312,3842018.89782177,626.079660829272,L6_1,865.5,,
264852.300833312,3842018.89782177,626.079660829272,L6_1,865.5,,
264852.300833312,3842018.89782177,626.079660829272,L6_1,865.5,,
264852.300833312,3842018.89782177,626.079660829272,L6_1,865.5,,
264852.300833312,3842018.89782177,626.079660829272,L6_1,865.5,,
264852.300833312,3842018.89782177,626.079660829272,L6_1,865.5,,
264852.300833312,3842018.89782177,626.079660829272,L6_1,865.5,,
264852.300833312,3842018.89782177,626.079660829272,L6_1,865.5,,
264852.300833312,3842018.89782177,626.079660829272,L6_1,865.5,,
264852.300833312,3842018.89782177,626.079660829272,L6_1,865.5,,
264852.300833312,3842018.89782177,626.079660829272,L6_1,865.5,,
264857.668737414,3842022.57447904,626.215928461914,L6_1,872.0,626.215928461914,16.6918160723044
264857.668737414,3842022.57447904,626.215928461914,L6_1,872.0,620.979725163789,14.5280575148532
264857.668737414,3842022.57447904,626.215928461914,L6_1,872.0,615.481711700757,9.24852380489439
264857.668737414,3842022.57447904,626.215928461914,L6_1,872.0,609.708797564574,5.1938860706938
264857.668737414,3842022.57447904,626.215928461914,L6_1,872.0,603.647237721581,3.48067201035679
264857.668737414,3842022.57447904,626.215928461914,L6_1,872.0,597.282599886439,3.05804687967038
264857.668737414,3842022.57447904,626.215928461914,L6_1,872.0,590.59973015954,3.41273691422342
264857.668737414,3842022.57447904,626.215928461914,L6_1,872.0,583.582716946295,4.35616442471358
264857.668737414,3842022.57447904,626.215928461914,L6_1,872.0,576.214853072389,5.77053242437071
264857.668737414,3842022.57447904,626.215928461914,L6_1,872.0,568.478596004787,7.5021805796895
264857.668737414,3842022.57447904,626.215928461914,L6_1,872.0,560.355526083805,9.36227186530461
264857.668737414,3842022.57447904,626.215928461914,L6_1,872.0,551.826302666774,11.1737201053175
264857.668737414,3842022.57447904,626.215928461914,L6_1,872.0,542.870618078892,12.8196980959579
264857.668737414,3842022.57447904,626.215928461914,L6_1,872.0,533.467149261615,14.2614969795277
264857.668737414,3842022.57447904,626.215928461914,L6_1,872.0,523.593507003475,15.5171914270521
264857.668737414,3842022.57447904,626.215928461914,L6_1,872.0,513.226182632427,16.621065609357
264857.668737414,3842022.57447904,626.215928461914,L6_1,872.0,502.340492042828,17.592807998632
264857.668737414,3842022.57447904,626.215928461914,L6_1,872.0,490.910516923748,18.4307980607138
264857.668737414,3842022.57447904,626.215928461914,L6_1,872.0,478.909043048714,19.1242477922726
264857.668737414,3842022.57447904,626.215928461914,L6_1,872.0,466.307495479928,19.6701483421872
264857.668737414,3842022.57447904,626.215928461914,L6_1,872.0,453.075870532704,20.08364857557
264857.668737414,3842022.57447904,626.215928461914,L6_1,872.0,439.182664338118,20.3980748257371
264857.668737414,3842022.57447904,626.215928461914,L6_1,872.0,424.594797833802,20.6572804547167
264857.668737414,3842022.57447904,626.215928461914,L6_1,872.0,409.277538004271,20.9055809268373
264857.668737414,3842022.57447904,626.215928461914,L6_1,872.0,393.194415183264,21.1792328210118
264857.668737414,3842022.57447904,626.215928461914,L6_1,872.0,376.307136221205,21.5009717329467
264857.668737414,3842022.57447904,626.215928461914,L6_1,872.0,358.575493311045,21.8776376326362
264857.668737414,3842022.57447904,626.215928461914,L6_1,872.0,339.957268255376,22.3002435221711
264857.668737414,3842022.57447904,626.215928461914,L6_1,872.0,320.408131946923,22.7457356644767
264857.668737414,3842022.57447904,626.215928461914,L6_1,872.0,299.881538823048,23.179819075056
264857.668737414,3842022.57447904,626.215928461914,L6_1,872.0,278.328616042979,23.5606848439209
264857.668737414,3842022.57447904,626.215928461914,L6_1,872.0,255.708451005632,23.8436948112325
264857.668737414,3842022.57447904,626.215928461914,L6_1,872.0,233.018253536091,23.9992585927539
264857.668737414,3842022.57447904,626.215928461914,L6_1,872.0,209.193546193073,24.0066022998197
264857.668737414,3842022.57447904,626.215928461914,L6_1,872.0,184.177603482904,23.8433660141007
264857.668737414,3842022.57447904,626.215928461914,L6_1,872.0,157.910863637227,23.4979349668668
264857.668737414,3842022.57447904,626.215928461914,L6_1,872.0,130.330786799265,22.9702355071448
264857.668737414,3842022.57447904,626.215928461914,L6_1,872.0,101.371706119406,22.2713550974271
264857.668737414,3842022.57447904,626.215928461914,L6_1,872.0,70.9646714055538,21.4222136481987
264857.668737414,3842022.57447904,626.215928461914,L6_1,872.0,39.0372849560089,20.4515445173463
264857.668737414,3842022.57447904,626.215928461914,L6_1,872.0,,
264857.668737414,3842022.57447904,626.215928461914,L6_1,872.0,,
264857.668737414,3842022.57447904,626.215928461914,L6_1,872.0,,
264857.668737414,3842022.57447904,626.215928461914,L6_1,872.0,,
264857.668737414,3842022.57447904,626.215928461914,L6_1,872.0,,
264857.668737414,3842022.57447904,626.215928461914,L6_1,872.0,,
264857.668737414,3842022.57447904,626.215928461914,L6_1,872.0,,
264857.668737414,3842022.57447904,626.215928461914,L6_1,872.0,,
264857.668737414,3842022.57447904,626.215928461914,L6_1,872.0,,
264857.668737414,3842022.57447904,626.215928461914,L6_1,872.0,,
264857.668737414,3842022.57447904,626.215928461914,L6_1,872.0,,
264857.668737414,3842022.57447904,626.215928461914,L6_1,872.0,,
264857.668737414,3842022.57447904,626.215928461914,L6_1,872.0,,
264857.668737414,3842022.57447904,626.215928461914,L6_1,872.0,,
264857.668737414,3842022.57447904,626.215928461914,L6_1,872.0,,
264857.668737414,3842022.57447904,626.215928461914,L6_1,872.0,,
264857.668737414,3842022.57447904,626.215928461914,L6_1,872.0,,
264857.668737414,3842022.57447904,626.215928461914,L6_1,872.0,,
264857.668737414,3842022.57447904,626.215928461914,L6_1,872.0,,
264857.668737414,3842022.57447904,626.215928461914,L6_1,872.0,,
264857.668737414,3842022.57447904,626.215928461914,L6_1,872.0,,
264862.623440406,3842025.96829673,626.352196094556,L6_1,878.0,626.352196094556,16.3622993226271
264862.623440406,3842025.96829673,626.352196094556,L6_1,878.0,621.11406584638,15.585302063598
264862.623440406,3842025.96829673,626.352196094556,L6_1,878.0,615.614029085795,11.8308639007486
264862.623440406,3842025.96829673,626.352196094556,L6_1,878.0,609.83899048718,7.28524703197866
264862.623440406,3842025.96829673,626.352196094556,L6_1,878.0,603.775199958635,4.63160879709938
264862.623440406,3842025.96829673,626.352196094556,L6_1,878.0,597.408219903662,3.54576163510193
264862.623440406,3842025.96829673,626.352196094556,L6_1,878.0,590.722890845941,3.4565446840632
264862.623440406,3842025.96829673,626.352196094556,L6_1,878.0,583.703295335333,4.06721837361753
264862.623440406,3842025.96829673,626.352196094556,L6_1,878.0,576.332720049196,5.23757536825787
264862.623440406,3842025.96829673,626.352196094556,L6_1,878.0,568.593615998751,6.83382858966006
264862.623440406,3842025.96829673,626.352196094556,L6_1,878.0,560.467556745785,8.6821289592916
264862.623440406,3842025.96829673,626.352196094556,L6_1,878.0,551.935194530169,10.596887848797
264862.623440406,3842025.96829673,626.352196094556,L6_1,878.0,542.976214203774,12.4272563178697
264862.623440406,3842025.96829673,626.352196094556,L6_1,878.0,533.569284861058,14.0849061090563
264862.623440406,3842025.96829673,626.352196094556,L6_1,878.0,523.692009051206,15.5412220803832
264862.623440406,3842025.96829673,626.352196094556,L6_1,878.0,513.320869450862,16.8013235085279
264862.623440406,3842025.96829673,626.352196094556,L6_1,878.0,502.431172870501,17.8754313241544
264862.623440406,3842025.96829673,626.352196094556,L6_1,878.0,490.996991461122,18.76567534921
264862.623440406,3842025.96829673,626.352196094556,L6_1,878.0,478.991100981274,19.4708382789513
264862.623440406,3842025.96829673,626.352196094556,L6_1,878.0,466.384915977433,19.9986983846871
264862.623440406,3842025.96829673,626.352196094556,L6_1,878.0,453.1484217234,20.3743830091195
264862.623440406,3842025.96829673,626.352196094556,L6_1,878.0,439.250102756666,20.6396520080834
264862.623440406,3842025.96829673,626.352196094556,L6_1,878.0,424.656867841595,20.8449913574565
264862.623440406,3842025.96829673,626.352196094556,L6_1,878.0,409.333971180771,21.0395498447952
264862.623440406,3842025.96829673,626.352196094556,L6_1,878.0,393.244929686905,21.2628026550766
264862.623440406,3842025.96829673,626.352196094556,L6_1,878.0,376.351436118346,21.539396070167
264862.623440406,3842025.96829673,626.352196094556,L6_1,878.0,358.613267871359,21.8771283616339
264862.623440406,3842025.96829673,626.352196094556,L6_1,878.0,339.988191212022,22.2673269533481
264862.623440406,3842025.96829673,626.352196094556,L6_1,878.0,320.431860719719,22.6868435572331
264862.623440406,3842025.96829673,626.352196094556,L6_1,878.0,299.897713702801,23.101019929991
264862.623440406,3842025.96829673,626.352196094556,L6_1,878.0,278.336859335036,23.4675015514202
264862.623440406,3842025.96829673,626.352196094556,L6_1,878.0,255.708451005632,23.7409973522461
264862.623440406,3842025.96829673,626.352196094556,L6_1,878.0,233.018253536091,23.891105587199
264862.623440406,3842025.96829673,626.352196094556,L6_1,878.0,209.193546193073,23.89628631283
264862.623440406,3842025.96829673,626.352196094556,L6_1,878.0,184.177603482904,23.7336030449454
264862.623440406,3842025.96829673,626.352196094556,L6_1,878.0,157.910863637227,23.3909122299659
264862.623440406,3842025.96829673,626.352196094556,L6_1,878.0,130.330786799265,22.8676762888738
264862.623440406,3842025.96829673,626.352196094556,L6_1,878.0,101.371706119406,22.1745868734041
264862.623440406,3842025.96829673,626.352196094556,L6_1,878.0,70.9646714055538,21.332232573573
264862.623440406,3842025.96829673,626.352196094556,L6_1,878.0,39.0372849560089,20.3690625373203
264862.623440406,3842025.96829673,626.352196094556,L6_1,878.0,,
264862.623440406,3842025.96829673,626.352196094556,L6_1,878.0,,
264862.623440406,3842025.96829673,626.352196094556,L6_1,878.0,,
264862.623440406,3842025.96829673,626.352196094556,L6_1,878.0,,
264862.623440406,3842025.96829673,626.352196094556,L6_1,878.0,,
264862.623440406,3842025.96829673,626.352196094556,L6_1,878.0,,
264862.623440406,3842025.96829673,626.352196094556,L6_1,878.0,,
264862.623440406,3842025.96829673,626.352196094556,L6_1,878.0,,
264862.623440406,3842025.96829673,626.352196094556,L6_1,878.0,,
264862.623440406,3842025.96829673,626.352196094556,L6_1,878.0,,
264862.623440406,3842025.96829673,626.352196094556,L6_1,878.0,,
264862.623440406,3842025.96829673,626.352196094556,L6_1,878.0,,
264862.623440406,3842025.96829673,626.352196094556,L6_1,878.0,,
264862.623440406,3842025.96829673,626.352196094556,L6_1,878.0,,
264862.623440406,3842025.96829673,626.352196094556,L6_1,878.0,,
264862.623440406,3842025.96829673,626.352196094556,L6_1,878.0,,
264862.623440406,3842025.96829673,626.352196094556,L6_1,878.0,,
264862.623440406,3842025.96829673,626.352196094556,L6_1,878.0,,
264862.623440406,3842025.96829673,626.352196094556,L6_1,878.0,,
264862.623440406,3842025.96829673,626.352196094556,L6_1,878.0,,
264862.623440406,3842025.96829673,626.352196094556,L6_1,878.0,,
264867.990726119,3842029.64491112,626.488463727198,L6_1,884.5,626.488463727198,19.0176799929957
264867.990726119,3842029.64491112,626.488463727198,L6_1,884.5,621.248406528971,18.3596359779157
264867.990726119,3842029.64491112,626.488463727198,L6_1,884.5,615.746346470832,14.9436364608955
264867.990726119,3842029.64491112,626.488463727198,L6_1,884.5,609.969183409786,9.80259151479281
264867.990726119,3842029.64491112,626.488463727198,L6_1,884.5,603.903162195688,6.00780049194184
264867.990726119,3842029.64491112,626.488463727198,L6_1,884.5,597.533839920885,4.11956320408336
264867.990726119,3842029.64491112,626.488463727198,L6_1,884.5,590.846051532342,3.55679313065233
264867.990726119,3842029.64491112,626.488463727198,L6_1,884.5,583.823873724371,3.84993858146112
264867.990726119,3842029.64491112,626.488463727198,L6_1,884.5,576.450587026003,4.78033020902302
264867.990726119,3842029.64491112,626.488463727198,L6_1,884.5,568.708635992715,6.21400007343112
264867.990726119,3842029.64491112,626.488463727198,L6_1,884.5,560.579587407764,8.00161549399003
264867.990726119,3842029.64491112,626.488463727198,L6_1,884.5,552.044086393564,9.96988207431471
264867.990726119,3842029.64491112,626.488463727198,L6_1,884.5,543.081810328655,11.9510516276399
264867.990726119,3842029.64491112,626.488463727198,L6_1,884.5,533.6714204605,13.813684092226
264867.990726119,3842029.64491112,626.488463727198,L6_1,884.5,523.790511098938,15.4786804884546
264867.990726119,3842029.64491112,626.488463727198,L6_1,884.5,513.415556269297,16.9132017107256
264867.990726119,3842029.64491112,626.488463727198,L6_1,884.5,502.521853698175,18.1098922196262
264867.990726119,3842029.64491112,626.488463727198,L6_1,884.5,491.083465998496,19.0698439384147
264867.990726119,3842029.64491112,626.488463727198,L6_1,884.5,479.073158913834,19.7997332741965
264867.990726119,3842029.64491112,626.488463727198,L6_1,884.5,466.462336474938,20.3183109558195
264867.990726119,3842029.64491112,626.488463727198,L6_1,884.5,453.220972914097,20.6616273936869
264867.990726119,3842029.64491112,626.488463727198,L6_1,884.5,439.317541175215,20.8809142583946
264867.990726119,3842029.64491112,626.488463727198,L6_1,884.5,424.718937849388,21.0341370570106
264867.990726119,3842029.64491112,626.488463727198,L6_1,884.5,409.39040435727,21.1758707180103
264867.990726119,3842029.64491112,626.488463727198,L6_1,884.5,393.295444190546,21.3491696552952
264867.990726119,3842029.64491112,626.488463727198,L6_1,884.5,376.395736015486,21.5807963707323
264867.990726119,3842029.64491112,626.488463727198,L6_1,884.5,358.651042431673,21.8796109597062
264867.990726119,3842029.64491112,626.488463727198,L6_1,884.5,340.019114168669,22.2373002994109
264867.990726119,3842029.64491112,626.488463727198,L6_1,884.5,320.455589492515,22.6306471381181
264867.990726119,3842029.64491112,626.488463727198,L6_1,884.5,299.913888582553,23.0246426177776
264867.990726119,3842029.64491112,626.488463727198,L6_1,884.5,278.345102627093,23.3764025334928
264867.990726119,3842029.64491112,626.488463727198,L6_1,884.5,255.708451005632,23.6399912803865
264867.990726119,3842029.64491112,626.488463727198,L6_1,884.5,233.018253536091,23.7842215338157
264867.990726119,3842029.64491112,626.488463727198,L6_1,884.5,209.193546193073,23.7868227048765
264867.990726119,3842029.64491112,626.488463727198,L6_1,884.5,184.177603482904,23.6243022003441
264867.990726119,3842029.64491112,626.488463727198,L6_1,884.5,157.910863637227,23.2840021398619
264867.990726119,3842029.64491112,626.488463727198,L6_1,884.5,130.330786799265,22.7649318891603
264867.990726119,3842029.64491112,626.488463727198,L6_1,884.5,101.371706119406,22.0773952739203
264867.990726119,3842029.64491112,626.488463727198,L6_1,884.5,70.9646714055538,21.2416525611029
264867.990726119,3842029.64491112,626.488463727198,L6_1,884.5,39.0372849560089,20.2858666874663
264867.990726119,3842029.64491112,626.488463727198,L6_1,884.5,,
264867.990726119,3842029.64491112,626.488463727198,L6_1,884.5,,
264867.990726119,3842029.64491112,626.488463727198,L6_1,884.5,,
264867.990726119,3842029.64491112,626.488463727198,L6_1,884.5,,
264867.990726119,3842029.64491112,626.488463727198,L6_1,884.5,,
264867.990726119,3842029.64491112,626.488463727198,L6_1,884.5,,
264867.990726119,3842029.64491112,626.488463727198,L6_1,884.5,,
264867.990726119,3842029.64491112,626.488463727198,L6_1,884.5,,
264867.990726119,3842029.64491112,626.488463727198,L6_1,884.5,,
264867.990726119,3842029.64491112,626.488463727198,L6_1,884.5,,
264867.990726119,3842029.64491112,626.488463727198,L6_1,884.5,,
264867.990726119,3842029.64491112,626.488463727198,L6_1,884.5,,
264867.990726119,3842029.64491112,626.488463727198,L6_1,884.5,,
264867.990726119,3842029.64491112,626.488463727198,L6_1,884.5,,
264867.990726119,3842029.64491112,626.488463727198,L6_1,884.5,,
264867.990726119,3842029.64491112,626.488463727198,L6_1,884.5,,
264867.990726119,3842029.64491112,626.488463727198,L6_1,884.5,,
264867.990726119,3842029.64491112,626.488463727198,L6_1,884.5,,
264867.990726119,3842029.64491112,626.488463727198,L6_1,884.5,,
264867.990726119,3842029.64491112,626.488463727198,L6_1,884.5,,
264867.990726119,3842029.64491112,626.488463727198,L6_1,884.5,,
264872.945143701,3842033.03870902,626.754561899709,L6_1,890.5,626.754561899709,16.2842149673828
264872.945143701,3842033.03870902,626.754561899709,L6_1,890.5,621.510741827811,16.3116791529503
264872.945143701,3842033.03870902,626.754561899709,L6_1,890.5,616.004730752317,14.6324805262934
264872.945143701,3842033.03870902,626.754561899709,L6_1,890.5,610.223419123049,10.5366078339366
264872.945143701,3842033.03870902,626.754561899709,L6_1,890.5,604.153041912317,6.65624461259575
264872.945143701,3842033.03870902,626.754561899709,L6_1,890.5,597.779145841049,4.41636789680972
264872.945143701,3842033.03870902,626.754561899709,L6_1,890.5,591.086554966217,3.5725478629141
264872.945143701,3842033.03870902,626.754561899709,L6_1,890.5,584.059334547644,3.65239824028871
264872.945143701,3842033.03870902,626.754561899709,L6_1,890.5,576.680753108142,4.40182126154293
264872.945143701,3842033.03870902,626.754561899709,L6_1,890.5,568.933242596665,5.69293613491386
264872.945143701,3842033.03870902,626.754561899709,L6_1,890.5,560.798356559614,7.40773167545715
264872.945143701,3842033.03870902,626.754561899709,L6_1,890.5,552.256726220711,9.39860064437201
264872.945143701,3842033.03870902,626.754561899709,L6_1,890.5,543.288014364862,11.4962526664986
264872.945143701,3842033.03870902,626.754561899709,L6_1,890.5,533.870866916221,13.5378089617968
264872.945143701,3842033.03870902,626.754561899709,L6_1,890.5,523.982862095148,15.3982161326447
264872.945143701,3842033.03870902,626.754561899709,L6_1,890.5,513.600457033022,17.004762423239
264872.945143701,3842033.03870902,626.754561899709,L6_1,890.5,502.698931717789,18.3278075041849
264872.945143701,3842033.03870902,626.754561899709,L6_1,890.5,491.252330136794,19.3631784590932
264872.945143701,3842033.03870902,626.754561899709,L6_1,890.5,479.23339847675,20.1229727500559
264872.945143701,3842033.03870902,626.754561899709,L6_1,890.5,466.613520233703,20.6360134914438
264872.945143701,3842033.03870902,626.754561899709,L6_1,890.5,453.362648078504,20.9492869563851
264872.945143701,3842033.03870902,626.754561899709,L6_1,890.5,439.449232315545,21.1238597163364
264872.945143701,3842033.03870902,626.754561899709,L6_1,890.5,424.840145764438,21.2255801088301
264872.945143701,3842033.03870902,626.754561899709,L6_1,890.5,409.500604885776,21.3147488285774
264872.945143701,3842033.03870902,626.754561899709,L6_1,890.5,393.394086963181,21.4381791951833
264872.945143701,3842033.03870902,626.754561899709,L6_1,890.5,376.482243144456,21.624837880735
264872.945143701,3842033.03870902,626.754561899709,L6_1,890.5,358.724807134794,21.8846780744449
264872.945143701,3842033.03870902,626.754561899709,L6_1,890.5,340.07949932465,22.2097548774627
264872.945143701,3842033.03870902,626.754561899709,L6_1,890.5,320.501926123998,22.5767716422602
264872.945143701,3842033.03870902,626.754561899709,L6_1,890.5,299.945474263314,22.9503646659748
264872.945143701,3842033.03870902,626.754561899709,L6_1,890.5,278.361199809596,23.2871190368977
264872.945143701,3842033.03870902,626.754561899709,L6_1,890.5,255.708451005632,23.5404489056991
264872.945143701,3842033.03870902,626.754561899709,L6_1,890.5,233.018253536091,23.6784152899705
264872.945143701,3842033.03870902,626.754561899709,L6_1,890.5,209.193546193073,23.6780564171221
264872.945143701,3842033.03870902,626.754561899709,L6_1,890.5,184.177603482904,23.5153363781976
264872.945143701,3842033.03870902,626.754561899709,L6_1,890.5,157.910863637227,23.1770988318353
264872.945143701,3842033.03870902,626.754561899709,L6_1,890.5,130.330786799265,22.6619154259404
264872.945143701,3842033.03870902,626.754561899709,L6_1,890.5,101.371706119406,21.9797121921089
264872.945143701,3842033.03870902,626.754561899709,L6_1,890.5,70.9646714055538,21.1504213379627
264872.945143701,3842033.03870902,626.754561899709,L6_1,890.5,39.0372849560089,20.2019164993081
264872.945143701,3842033.03870902,626.754561899709,L6_1,890.5,,
264872.945143701,3842033.03870902,626.754561899709,L6_1,890.5,,
264872.945143701,3842033.03870902,626.754561899709,L6_1,890.5,,
264872.945143701,3842033.03870902,626.754561899709,L6_1,890.5,,
264872.945143701,3842033.03870902,626.754561899709,L6_1,890.5,,
264872.945143701,3842033.03870902,626.754561899709,L6_1,890.5,,
264872.945143701,3842033.03870902,626.754561899709,L6_1,890.5,,
264872.945143701,3842033.03870902,626.754561899709,L6_1,890.5,,
264872.945143701,3842033.03870902,626.754561899709,L6_1,890.5,,
264872.945143701,3842033.03870902,626.754561899709,L6_1,890.5,,
264872.945143701,3842033.03870902,626.754561899709,L6_1,890.5,,
264872.945143701,3842033.03870902,626.754561899709,L6_1,890.5,,
264872.945143701,3842033.03870902,626.754561899709,L6_1,890.5,,
264872.945143701,3842033.03870902,626.754561899709,L6_1,890.5,,
264872.945143701,3842033.03870902,626.754561899709,L6_1,890.5,,
264872.945143701,3842033.03870902,626.754561899709,L6_1,890.5,,
264872.945143701,3842033.03870902,626.754561899709,L6_1,890.5,,
264872.945143701,3842033.03870902,626.754561899709,L6_1,890.5,,
264872.945143701,3842033.03870902,626.754561899709,L6_1,890.5,,
264872.945143701,3842033.03870902,626.754561899709,L6_1,890.5,,
264872.945143701,3842033.03870902,626.754561899709,L6_1,890.5,,
264878.312429415,3842036.71532341,627.15071432134,L6_1,897.0,627.15071432134,10.1760386895402
264878.312429415,3842036.71532341,627.15071432134,L6_1,897.0,621.901292288695,10.7237991917932
264878.312429415,3842036.71532341,627.15071432134,L6_1,897.0,616.389399154418,10.9107818192279
264878.312429415,3842036.71532341,627.15071432134,L6_1,897.0,610.601911363426,9.0291797178556
264878.312429415,3842036.71532341,627.15071432134,L6_1,897.0,604.525049182886,6.29344516197747
264878.312429415,3842036.71532341,627.15071432134,L6_1,897.0,598.144343893318,4.33949679333432
264878.312429415,3842036.71532341,627.15071432134,L6_1,897.0,591.444603339272,3.48085581776396
264878.312429415,3842036.71532341,627.15071432134,L6_1,897.0,584.409875757523,3.46962702030212
264878.312429415,3842036.71532341,627.15071432134,L6_1,897.0,577.023411796687,4.10469691179153
264878.312429415,3842036.71532341,627.15071432134,L6_1,897.0,569.26762463781,5.28660032347955
264878.312429415,3842036.71532341,627.15071432134,L6_1,897.0,561.124048120988,6.93387583985072
264878.312429415,3842036.71532341,627.15071432134,L6_1,897.0,552.573292778325,8.93055183054893
264878.312429415,3842036.71532341,627.15071432134,L6_1,897.0,543.59499966853,11.1156614423942
264878.312429415,3842036.71532341,627.15071432134,L6_1,897.0,534.167791903244,13.305979773595
264878.312429415,3842036.71532341,627.15071432134,L6_1,897.0,524.269223749694,15.3384728488651
264878.312429415,3842036.71532341,627.15071432134,L6_1,897.0,513.875727188467,17.1031375860163
264878.312429415,3842036.71532341,627.15071432134,L6_1,897.0,502.962555799178,18.546417443722
264878.312429415,3842036.71532341,627.15071432134,L6_1,897.0,491.503725840425,19.6557425710106
264878.312429415,3842036.71532341,627.15071432134,L6_1,897.0,479.471954383734,20.4459701936604
264878.312429415,3842036.71532341,627.15071432134,L6_1,897.0,466.838594354209,20.9544443994651
264878.312429415,3842036.71532341,627.15071432134,L6_1,897.0,453.573566323207,21.2384536990158
264878.312429415,3842036.71532341,627.15071432134,L6_1,897.0,439.645286890655,21.3687779379613
264878.312429415,3842036.71532341,627.15071432134,L6_1,897.0,425.020593486476,21.4192330160813
264878.312429415,3842036.71532341,627.15071432134,L6_1,897.0,409.664665412088,21.4559502562417
264878.312429415,3842036.71532341,627.15071432134,L6_1,897.0,393.54094093398,21.5295688370264
264878.312429415,3842036.71532341,627.15071432134,L6_1,897.0,376.611030231967,21.6712863976704
264878.312429415,3842036.71532341,627.15071432134,L6_1,897.0,358.834623994853,21.8921462634178
264878.312429415,3842036.71532341,627.15071432134,L6_1,897.0,340.169397445884,22.1845618638625
264878.312429415,3842036.71532341,627.15071432134,L6_1,897.0,320.570909569466,22.525137921903
264878.312429415,3842036.71532341,627.15071432134,L6_1,897.0,299.992497299228,22.878147293164
264878.312429415,3842036.71532341,627.15071432134,L6_1,897.0,278.385164415477,23.1996421532789
264878.312429415,3842036.71532341,627.15071432134,L6_1,897.0,255.708451005632,23.4423806583774
264878.312429415,3842036.71532341,627.15071432134,L6_1,897.0,233.018253536091,23.5737079823296
264878.312429415,3842036.71532341,627.15071432134,L6_1,897.0,209.193546193073,23.5700128300379
264878.312429415,3842036.71532341,627.15071432134,L6_1,897.0,184.177603482904,23.4067306662074
264878.312429415,3842036.71532341,627.15071432134,L6_1,897.0,157.910863637227,23.0702238865349
264878.312429415,3842036.71532341,627.15071432134,L6_1,897.0,130.330786799265,22.5586427471298
264878.312429415,3842036.71532341,627.15071432134,L6_1,897.0,101.371706119406,21.8815479486157
264878.312429415,3842036.71532341,627.15071432134,L6_1,897.0,70.9646714055538,21.0585451680481
264878.312429415,3842036.71532341,627.15071432134,L6_1,897.0,39.0372849560089,20.1172153182519
264878.312429415,3842036.71532341,627.15071432134,L6_1,897.0,,
264878.312429415,3842036.71532341,627.15071432134,L6_1,897.0,,
264878.312429415,3842036.71532341,627.15071432134,L6_1,897.0,,
264878.312429415,3842036.71532341,627.15071432134,L6_1,897.0,,
264878.312429415,3842036.71532341,627.15071432134,L6_1,897.0,,
264878.312429415,3842036.71532341,627.15071432134,L6_1,897.0,,
264878.312429415,3842036.71532341,627.15071432134,L6_1,897.0,,
264878.312429415,3842036.71532341,627.15071432134,L6_1,897.0,,
264878.312429415,3842036.71532341,627.15071432134,L6_1,897.0,,
264878.312429415,3842036.71532341,627.15071432134,L6_1,897.0,,
264878.312429415,3842036.71532341,627.15071432134,L6_1,897.0,,
264878.312429415,3842036.71532341,627.15071432134,L6_1,897.0,,
264878.312429415,3842036.71532341,627.15071432134,L6_1,897.0,,
264878.312429415,3842036.71532341,627.15071432134,L6_1,897.0,,
264878.312429415,3842036.71532341,627.15071432134,L6_1,897.0,,
264878.312429415,3842036.71532341,627.15071432134,L6_1,897.0,,
264878.312429415,3842036.71532341,627.15071432134,L6_1,897.0,,
264878.312429415,3842036.71532341,627.15071432134,L6_1,897.0,,
264878.312429415,3842036.71532341,627.15071432134,L6_1,897.0,,
264878.312429415,3842036.71532341,627.15071432134,L6_1,897.0,,
264878.312429415,3842036.71532341,627.15071432134,L6_1,897.0,,
264883.267115204,3842040.10908489,627.54686674297,L6_1,903.0,627.54686674297,7.51010690374534
264883.267115204,3842040.10908489,627.54686674297,L6_1,903.0,622.291842749579,7.9321660123582
264883.267115204,3842040.10908489,627.54686674297,L6_1,903.0,616.774067556518,8.3068695063136
264883.267115204,3842040.10908489,627.54686674297,L6_1,903.0,610.980403603804,7.36295621331999
264883.267115204,3842040.10908489,627.54686674297,L6_1,903.0,604.897056453454,5.55193196506576
264883.267115204,3842040.10908489,627.54686674297,L6_1,903.0,598.509541945587,4.05053609306371
264883.267115204,3842040.10908489,627.54686674297,L6_1,903.0,591.802651712326,3.32523883958934
264883.267115204,3842040.10908489,627.54686674297,L6_1,903.0,584.760416967402,3.31233995430354
264883.267115204,3842040.10908489,627.54686674297,L6_1,903.0,577.366070485232,3.89222245873145
264883.267115204,3842040.10908489,627.54686674297,L6_1,903.0,569.602006678954,5.00585926666774
264883.267115204,3842040.10908489,627.54686674297,L6_1,903.0,561.449739682362,6.60722192871026
264883.267115204,3842040.10908489,627.54686674297,L6_1,903.0,552.88985933594,8.60973227072231
264883.267115204,3842040.10908489,627.54686674297,L6_1,903.0,543.901984972197,10.8636971974087
264883.267115204,3842040.10908489,627.54686674297,L6_1,903.0,534.464716890267,13.1737364410077
264883.267115204,3842040.10908489,627.54686674297,L6_1,903.0,524.55558540424,15.3482496199153
264883.267115204,3842040.10908489,627.54686674297,L6_1,903.0,514.150997343912,17.2463421710478
264883.267115204,3842040.10908489,627.54686674297,L6_1,903.0,503.226179880567,18.7925644714632
264883.267115204,3842040.10908489,627.54686674297,L6_1,903.0,491.755121544056,19.9649602847618
264883.267115204,3842040.10908489,627.54686674297,L6_1,903.0,479.710510290719,20.7791635546299
264883.267115204,3842040.10908489,627.54686674297,L6_1,903.0,467.063668474714,21.2793041450355
264883.267115204,3842040.10908489,627.54686674297,L6_1,903.0,453.78448456791,21.5318361630669
264883.267115204,3842040.10908489,627.54686674297,L6_1,903.0,439.841341465766,21.6166130309664
264883.267115204,3842040.10908489,627.54686674297,L6_1,903.0,425.201041208514,21.6150708659229
264883.267115204,3842040.10908489,627.54686674297,L6_1,903.0,409.8287259384,21.5989677193783
264883.267115204,3842040.10908489,627.54686674297,L6_1,903.0,393.68779490478,21.6226345238126
264883.267115204,3842040.10908489,627.54686674297,L6_1,903.0,376.739817319479,21.7193977146775
264883.267115204,3842040.10908489,627.54686674297,L6_1,903.0,358.944440854913,21.9013112734004
264883.267115204,3842040.10908489,627.54686674297,L6_1,903.0,340.259295567118,22.1610874118547
264883.267115204,3842040.10908489,627.54686674297,L6_1,903.0,320.639893014934,22.4751937281732
264883.267115204,3842040.10908489,627.54686674297,L6_1,903.0,300.039520335141,22.8075176982042
264883.267115204,3842040.10908489,627.54686674297,L6_1,903.0,278.409129021358,23.1135703120842
264883.267115204,3842040.10908489,627.54686674297,L6_1,903.0,255.708451005632,23.3454569484438
264883.267115204,3842040.10908489,627.54686674297,L6_1,903.0,233.018253536091,23.4698339325117
264883.267115204,3842040.10908489,627.54686674297,L6_1,903.0,209.193546193073,23.4624770471793
264883.267115204,3842040.10908489,627.54686674297,L6_1,903.0,184.177603482904,23.298313898062
264883.267115204,3842040.10908489,627.54686674297,L6_1,903.0,157.910863637227,22.9632439192964
264883.267115204,3842040.10908489,627.54686674297,L6_1,903.0,130.330786799265,22.4550108312356
264883.267115204,3842040.10908489,627.54686674297,L6_1,903.0,101.371706119406,21.7828219133944
264883.267115204,3842040.10908489,627.54686674297,L6_1,903.0,70.9646714055538,20.9659618572106
264883.267115204,3842040.10908489,627.54686674297,L6_1,903.0,39.0372849560089,20.0317192619699
264883.267115204,3842040.10908489,627.54686674297,L6_1,903.0,,
264883.267115204,3842040.10908489,627.54686674297,L6_1,903.0,,
264883.267115204,3842040.10908489,627.54686674297,L6_1,903.0,,
264883.267115204,3842040.10908489,627.54686674297,L6_1,903.0,,
264883.267115204,3842040.10908489,627.54686674297,L6_1,903.0,,
264883.267115204,3842040.10908489,627.54686674297,L6_1,903.0,,
264883.267115204,3842040.10908489,627.54686674297,L6_1,903.0,,
264883.267115204,3842040.10908489,627.54686674297,L6_1,903.0,,
264883.267115204,3842040.10908489,627.54686674297,L6_1,903.0,,
264883.267115204,3842040.10908489,627.54686674297,L6_1,903.0,,
264883.267115204,3842040.10908489,627.54686674297,L6_1,903.0,,
264883.267115204,3842040.10908489,627.54686674297,L6_1,903.0,,
264883.267115204,3842040.10908489,627.54686674297,L6_1,903.0,,
264883.267115204,3842040.10908489,627.54686674297,L6_1,903.0,,
264883.267115204,3842040.10908489,627.54686674297,L6_1,903.0,,
264883.267115204,3842040.10908489,627.54686674297,L6_1,903.0,,
264883.267115204,3842040.10908489,627.54686674297,L6_1,903.0,,
264883.267115204,3842040.10908489,627.54686674297,L6_1,903.0,,
264883.267115204,3842040.10908489,627.54686674297,L6_1,903.0,,
264883.267115204,3842040.10908489,627.54686674297,L6_1,903.0,,
264883.267115204,3842040.10908489,627.54686674297,L6_1,903.0,,
264888.634982033,3842043.78562039,627.943019164601,L6_1,909.5,627.943019164601,7.02156937336221
264888.634982033,3842043.78562039,627.943019164601,L6_1,909.5,622.682393210463,7.02618071505089
264888.634982033,3842043.78562039,627.943019164601,L6_1,909.5,617.158735958618,6.87192076090212
264888.634982033,3842043.78562039,627.943019164601,L6_1,909.5,611.358895844181,6.09934919449778
264888.634982033,3842043.78562039,627.943019164601,L6_1,909.5,605.269063724022,4.80716576206159
264888.634982033,3842043.78562039,627.943019164601,L6_1,909.5,598.874739997856,3.70142173771177
264888.634982033,3842043.78562039,627.943019164601,L6_1,909.5,592.16070008538,3.15759992326056
264888.634982033,3842043.78562039,627.943019164601,L6_1,909.5,585.110958177281,3.19623886856978
264888.634982033,3842043.78562039,627.943019164601,L6_1,909.5,577.708729173777,3.76703587347149
264888.634982033,3842043.78562039,627.943019164601,L6_1,909.5,569.936388720098,4.85071928634389
264888.634982033,3842043.78562039,627.943019164601,L6_1,909.5,561.775431243735,6.4314167376525
264888.634982033,3842043.78562039,627.943019164601,L6_1,909.5,553.206425893554,8.44646076607257
264888.634982033,3842043.78562039,627.943019164601,L6_1,909.5,544.208970275864,10.7569842312745
264888.634982033,3842043.78562039,627.943019164601,L6_1,909.5,534.761641877289,13.1610321859873
264888.634982033,3842043.78562039,627.943019164601,L6_1,909.5,524.841947058786,15.447056927759
264888.634982033,3842043.78562039,627.943019164601,L6_1,909.5,514.426267499357,17.450651517668
264888.634982033,3842043.78562039,627.943019164601,L6_1,909.5,503.489803961957,19.0781866640494
264888.634982033,3842043.78562039,627.943019164601,L6_1,909.5,492.006517247687,20.2986912209819
264888.634982033,3842043.78562039,627.943019164601,L6_1,909.5,479.949066197703,21.1272485810162
264888.634982033,3842043.78562039,627.943019164601,L6_1,909.5,467.28874259522,21.613136677372
264888.634982033,3842043.78562039,627.943019164601,L6_1,909.5,453.995402812613,21.8306608065433
264888.634982033,3842043.78562039,627.943019164601,L6_1,909.5,440.037396040876,21.8678608511478
264888.634982033,3842043.78562039,627.943019164601,L6_1,909.5,425.381488930552,21.8132285241644
264888.634982033,3842043.78562039,627.943019164601,L6_1,909.5,409.992786464711,21.7437875367296
264888.634982033,3842043.78562039,627.943019164601,L6_1,909.5,393.834648875579,21.7173254144383
264888.634982033,3842043.78562039,627.943019164601,L6_1,909.5,376.86860440699,21.769135335359
264888.634982033,3842043.78562039,627.943019164601,L6_1,909.5,359.054257714972,21.9121670571262
264888.634982033,3842043.78562039,627.943019164601,L6_1,909.5,340.349193688352,22.1393547259406
264888.634982033,3842043.78562039,627.943019164601,L6_1,909.5,320.708876460402,22.426984195941
264888.634982033,3842043.78562039,627.943019164601,L6_1,909.5,300.086543371054,22.7385321719206
264888.634982033,3842043.78562039,627.943019164601,L6_1,909.5,278.433093627239,23.0289607315664
264888.634982033,3842043.78562039,627.943019164601,L6_1,909.5,255.708451005632,23.2497290403213
264888.634982033,3842043.78562039,627.943019164601,L6_1,909.5,233.018253536091,23.3668359820475
264888.634982033,3842043.78562039,627.943019164601,L6_1,909.5,209.193546193073,23.3554838738016
264888.634982033,3842043.78562039,627.943019164601,L6_1,909.5,184.177603482904,23.19011294182
264888.634982033,3842043.78562039,627.943019164601,L6_1,909.5,157.910863637227,22.8561790174537
264888.634982033,3842043.78562039,627.943019164601,L6_1,909.5,130.330786799265,22.3510345781686
264888.634982033,3842043.78562039,627.943019164601,L6_1,909.5,101.371706119406,21.6835445481279
264888.634982033,3842043.78562039,627.943019164601,L6_1,909.5,70.9646714055538,20.8726779034967
264888.634982033,3842043.78562039,627.943019164601,L6_1,909.5,39.0372849560089,19.9454323611759
264888.634982033,3842043.78562039,627.943019164601,L6_1,909.5,,
264888.634982033,3842043.78562039,627.943019164601,L6_1,909.5,,
264888.634982033,3842043.78562039,627.943019164601,L6_1,909.5,,
264888.634982033,3842043.78562039,627.943019164601,L6_1,909.5,,
264888.634982033,3842043.78562039,627.943019164601,L6_1,909.5,,
264888.634982033,3842043.78562039,627.943019164601,L6_1,909.5,,
264888.634982033,3842043.78562039,627.943019164601,L6_1,909.5,,
264888.634982033,3842043.78562039,627.943019164601,L6_1,909.5,,
264888.634982033,3842043.78562039,627.943019164601,L6_1,909.5,,
264888.634982033,3842043.78562039,627.943019164601,L6_1,909.5,,
264888.634982033,3842043.78562039,627.943019164601,L6_1,909.5,,
264888.634982033,3842043.78562039,627.943019164601,L6_1,909.5,,
264888.634982033,3842043.78562039,627.943019164601,L6_1,909.5,,
264888.634982033,3842043.78562039,627.943019164601,L6_1,909.5,,
264888.634982033,3842043.78562039,627.943019164601,L6_1,909.5,,
264888.634982033,3842043.78562039,627.943019164601,L6_1,909.5,,
264888.634982033,3842043.78562039,627.943019164601,L6_1,909.5,,
264888.634982033,3842043.78562039,627.943019164601,L6_1,909.5,,
264888.634982033,3842043.78562039,627.943019164601,L6_1,909.5,,
264888.634982033,3842043.78562039,627.943019164601,L6_1,909.5,,
264888.634982033,3842043.78562039,627.943019164601,L6_1,909.5,,
264893.58993603,3842047.17934546,628.339171586232,L6_1,915.5,628.339171586232,7.02745469427028
264893.58993603,3842047.17934546,628.339171586232,L6_1,915.5,623.072943671347,6.87490755565758
264893.58993603,3842047.17934546,628.339171586232,L6_1,915.5,617.543404360719,6.41005637349368
264893.58993603,3842047.17934546,628.339171586232,L6_1,915.5,611.737388084559,5.51262828425628
264893.58993603,3842047.17934546,628.339171586232,L6_1,915.5,605.641070994591,4.36728469603391
264893.58993603,3842047.17934546,628.339171586232,L6_1,915.5,599.239938050124,3.46546976202823
264893.58993603,3842047.17934546,628.339171586232,L6_1,915.5,592.518748458435,3.05322312789897
264893.58993603,3842047.17934546,628.339171586232,L6_1,915.5,585.461499387161,3.15055100714387
264893.58993603,3842047.17934546,628.339171586232,L6_1,915.5,578.051387862323,3.73803303860478
264893.58993603,3842047.17934546,628.339171586232,L6_1,915.5,570.270770761243,4.82161015245585
264893.58993603,3842047.17934546,628.339171586232,L6_1,915.5,562.101122805109,6.40570325865738
264893.58993603,3842047.17934546,628.339171586232,L6_1,915.5,553.522992451169,8.44363611424394
264893.58993603,3842047.17934546,628.339171586232,L6_1,915.5,544.515955579531,10.8040239293634
264893.58993603,3842047.17934546,628.339171586232,L6_1,915.5,535.058566864312,13.2809507955965
264893.58993603,3842047.17934546,628.339171586232,L6_1,915.5,525.128308713331,15.6497153232551
264893.58993603,3842047.17934546,628.339171586232,L6_1,915.5,514.701537654802,17.7296496482104
264893.58993603,3842047.17934546,628.339171586232,L6_1,915.5,503.753428043346,19.413736542144
264893.58993603,3842047.17934546,628.339171586232,L6_1,915.5,492.257912951318,20.6637092821482
264893.58993603,3842047.17934546,628.339171586232,L6_1,915.5,480.187622104688,21.4937408032567
264893.58993603,3842047.17934546,628.339171586232,L6_1,915.5,467.513816715726,21.9570453648151
264893.58993603,3842047.17934546,628.339171586232,L6_1,915.5,454.206321057316,22.1344895149649
264893.58993603,3842047.17934546,628.339171586232,L6_1,915.5,440.233450615986,22.121243280512
264893.58993603,3842047.17934546,628.339171586232,L6_1,915.5,425.56193665259,22.0120728298637
264893.58993603,3842047.17934546,628.339171586232,L6_1,915.5,410.156846991023,21.8887242553805
264893.58993603,3842047.17934546,628.339171586232,L6_1,915.5,393.981502846378,21.8120644375797
264893.58993603,3842047.17934546,628.339171586232,L6_1,915.5,376.997391494501,21.8191009490089
264893.58993603,3842047.17934546,628.339171586232,L6_1,915.5,359.164074575031,21.9235146672965
264893.58993603,3842047.17934546,628.339171586232,L6_1,915.5,340.439091809586,22.1183546886667
264893.58993603,3842047.17934546,628.339171586232,L6_1,915.5,320.77785990587,22.3796689543675
264893.58993603,3842047.17934546,628.339171586232,L6_1,915.5,300.133566406967,22.6704963435394
264893.58993603,3842047.17934546,628.339171586232,L6_1,915.5,278.45705823312,22.9452460740036
264893.58993603,3842047.17934546,628.339171586232,L6_1,915.5,255.708451005632,23.154746514023
264893.58993603,3842047.17934546,628.339171586232,L6_1,915.5,233.018253536091,23.2643673336639
264893.58993603,3842047.17934546,628.339171586232,L6_1,915.5,209.193546193073,23.2487653441099
264893.58993603,3842047.17934546,628.339171586232,L6_1,915.5,184.177603482904,23.0819183464934
264893.58993603,3842047.17934546,628.339171586232,L6_1,915.5,157.910863637227,22.7488678997118
264893.58993603,3842047.17934546,628.339171586232,L6_1,915.5,130.330786799265,22.2465944654415
264893.58993603,3842047.17934546,628.339171586232,L6_1,915.5,101.371706119406,21.5836287051315
264893.58993603,3842047.17934546,628.339171586232,L6_1,915.5,70.9646714055538,20.7786323641223
264893.58993603,3842047.17934546,628.339171586232,L6_1,915.5,39.0372849560089,19.85831105652
264893.58993603,3842047.17934546,628.339171586232,L6_1,915.5,,
264893.58993603,3842047.17934546,628.339171586232,L6_1,915.5,,
264893.58993603,3842047.17934546,628.339171586232,L6_1,915.5,,
264893.58993603,3842047.17934546,628.339171586232,L6_1,915.5,,
264893.58993603,3842047.17934546,628.339171586232,L6_1,915.5,,
264893.58993603,3842047.17934546,628.339171586232,L6_1,915.5,,
264893.58993603,3842047.17934546,628.339171586232,L6_1,915.5,,
264893.58993603,3842047.17934546,628.339171586232,L6_1,915.5,,
264893.58993603,3842047.17934546,628.339171586232,L6_1,915.5,,
264893.58993603,3842047.17934546,628.339171586232,L6_1,915.5,,
264893.58993603,3842047.17934546,628.339171586232,L6_1,915.5,,
264893.58993603,3842047.17934546,628.339171586232,L6_1,915.5,,
264893.58993603,3842047.17934546,628.339171586232,L6_1,915.5,,
264893.58993603,3842047.17934546,628.339171586232,L6_1,915.5,,
264893.58993603,3842047.17934546,628.339171586232,L6_1,915.5,,
264893.58993603,3842047.17934546,628.339171586232,L6_1,915.5,,
264893.58993603,3842047.17934546,628.339171586232,L6_1,915.5,,
264893.58993603,3842047.17934546,628.339171586232,L6_1,915.5,,
264893.58993603,3842047.17934546,628.339171586232,L6_1,915.5,,
264893.58993603,3842047.17934546,628.339171586232,L6_1,915.5,,
264893.58993603,3842047.17934546,628.339171586232,L6_1,915.5,,
264898.95780286,3842050.85588096,628.735324007862,L6_1,922.0,628.735324007862,7.48353400002199
264898.95780286,3842050.85588096,628.735324007862,L6_1,922.0,623.463494132231,7.38942006560473
264898.95780286,3842050.85588096,628.735324007862,L6_1,922.0,617.928072762819,6.71533963216298
264898.95780286,3842050.85588096,628.735324007862,L6_1,922.0,612.115880324936,5.44441927074968
264898.95780286,3842050.85588096,628.735324007862,L6_1,922.0,606.013078265159,4.20006024986882
264898.95780286,3842050.85588096,628.735324007862,L6_1,922.0,599.605136102393,3.36147685484891
264898.95780286,3842050.85588096,628.735324007862,L6_1,922.0,592.876796831489,3.03084686706044
264898.95780286,3842050.85588096,628.735324007862,L6_1,922.0,585.81204059704,3.18489732832419
264898.95780286,3842050.85588096,628.735324007862,L6_1,922.0,578.394046550868,3.80754704867885
264898.95780286,3842050.85588096,628.735324007862,L6_1,922.0,570.605152802387,4.91561023720506
264898.95780286,3842050.85588096,628.735324007862,L6_1,922.0,562.426814366483,6.52389160536078
264898.95780286,3842050.85588096,628.735324007862,L6_1,922.0,553.839559008783,8.59421491154542
264898.95780286,3842050.85588096,628.735324007862,L6_1,922.0,544.822940883198,10.9992277873159
264898.95780286,3842050.85588096,628.735324007862,L6_1,922.0,535.355491851334,13.5307104433776
264898.95780286,3842050.85588096,628.735324007862,L6_1,922.0,525.414670367877,15.9562575344015
264898.95780286,3842050.85588096,628.735324007862,L6_1,922.0,514.976807810247,18.0852090888167
264898.95780286,3842050.85588096,628.735324007862,L6_1,922.0,504.017052124736,19.8017198341377
264898.95780286,3842050.85588096,628.735324007862,L6_1,922.0,492.509308654948,21.0622831924461
264898.95780286,3842050.85588096,628.735324007862,L6_1,922.0,480.426178011672,21.8802932446349
264898.95780286,3842050.85588096,628.735324007862,L6_1,922.0,467.738890836232,22.3120503454078
264898.95780286,3842050.85588096,628.735324007862,L6_1,922.0,454.417239302019,22.4438603830733
264898.95780286,3842050.85588096,628.735324007862,L6_1,922.0,440.429505191097,22.3769957619387
264898.95780286,3842050.85588096,628.735324007862,L6_1,922.0,425.742384374627,22.2116815757475
264898.95780286,3842050.85588096,628.735324007862,L6_1,922.0,410.320907517335,22.0337936387078
264898.95780286,3842050.85588096,628.735324007862,L6_1,922.0,394.128356817178,21.9068584591002
264898.95780286,3842050.85588096,628.735324007862,L6_1,922.0,377.126178582013,21.86931616295
264898.95780286,3842050.85588096,628.735324007862,L6_1,922.0,359.27389143509,21.9353974480804
264898.95780286,3842050.85588096,628.735324007862,L6_1,922.0,340.52898993082,22.098150236581
264898.95780286,3842050.85588096,628.735324007862,L6_1,922.0,320.846843351337,22.3333221294381
264898.95780286,3842050.85588096,628.735324007862,L6_1,922.0,300.18058944288,22.6034866532018
264898.95780286,3842050.85588096,628.735324007862,L6_1,922.0,278.481022839,22.8624977066341
264898.95780286,3842050.85588096,628.735324007862,L6_1,922.0,255.708451005632,23.0605697415749
264898.95780286,3842050.85588096,628.735324007862,L6_1,922.0,233.018253536091,23.1624753592564
264898.95780286,3842050.85588096,628.735324007862,L6_1,922.0,209.193546193073,23.1423566783666
264898.95780286,3842050.85588096,628.735324007862,L6_1,922.0,184.177603482904,22.9737549094555
264898.95780286,3842050.85588096,628.735324007862,L6_1,922.0,157.910863637227,22.6413266433609
264898.95780286,3842050.85588096,628.735324007862,L6_1,922.0,130.330786799265,22.1417002955393
264898.95780286,3842050.85588096,628.735324007862,L6_1,922.0,101.371706119406,21.4830798866439
264898.95780286,3842050.85588096,628.735324007862,L6_1,922.0,70.9646714055538,20.6838279260379
264898.95780286,3842050.85588096,628.735324007862,L6_1,922.0,39.0372849560089,19.7703560485411
264898.95780286,3842050.85588096,628.735324007862,L6_1,922.0,,
264898.95780286,3842050.85588096,628.735324007862,L6_1,922.0,,
264898.95780286,3842050.85588096,628.735324007862,L6_1,922.0,,
264898.95780286,3842050.85588096,628.735324007862,L6_1,922.0,,
264898.95780286,3842050.85588096,628.735324007862,L6_1,922.0,,
264898.95780286,3842050.85588096,628.735324007862,L6_1,922.0,,
264898.95780286,3842050.85588096,628.735324007862,L6_1,922.0,,
264898.95780286,3842050.85588096,628.735324007862,L6_1,922.0,,
264898.95780286,3842050.85588096,628.735324007862,L6_1,922.0,,
264898.95780286,3842050.85588096,628.735324007862,L6_1,922.0,,
264898.95780286,3842050.85588096,628.735324007862,L6_1,922.0,,
264898.95780286,3842050.85588096,628.735324007862,L6_1,922.0,,
264898.95780286,3842050.85588096,628.735324007862,L6_1,922.0,,
264898.95780286,3842050.85588096,628.735324007862,L6_1,922.0,,
264898.95780286,3842050.85588096,628.735324007862,L6_1,922.0,,
264898.95780286,3842050.85588096,628.735324007862,L6_1,922.0,,
264898.95780286,3842050.85588096,628.735324007862,L6_1,922.0,,
264898.95780286,3842050.85588096,628.735324007862,L6_1,922.0,,
264898.95780286,3842050.85588096,628.735324007862,L6_1,922.0,,
264898.95780286,3842050.85588096,628.735324007862,L6_1,922.0,,
264898.95780286,3842050.85588096,628.735324007862,L6_1,922.0,,
264903.912477022,3842054.24965021,629.131476429493,L6_1,928.0,629.131476429493,9.2272950413571
264903.912477022,3842054.24965021,629.131476429493,L6_1,928.0,623.854044593116,8.86570299660331
264903.912477022,3842054.24965021,629.131476429493,L6_1,928.0,618.31274116492,7.52660772295212
264903.912477022,3842054.24965021,629.131476429493,L6_1,928.0,612.494372565314,5.71424398364775
264903.912477022,3842054.24965021,629.131476429493,L6_1,928.0,606.385085535728,4.27206486878024
264903.912477022,3842054.24965021,629.131476429493,L6_1,928.0,599.970334154662,3.41597281706965
264903.912477022,3842054.24965021,629.131476429493,L6_1,928.0,593.234845204543,3.12103379960055
264903.912477022,3842054.24965021,629.131476429493,L6_1,928.0,586.162581806919,3.31752798610293
264903.912477022,3842054.24965021,629.131476429493,L6_1,928.0,578.736705239413,3.9798507305586
264903.912477022,3842054.24965021,629.131476429493,L6_1,928.0,570.939534843532,5.12460563079931
264903.912477022,3842054.24965021,629.131476429493,L6_1,928.0,562.752505927856,6.76837126962133
264903.912477022,3842054.24965021,629.131476429493,L6_1,928.0,554.156125566397,8.87512631373192
264903.912477022,3842054.24965021,629.131476429493,L6_1,928.0,545.129926186865,11.318480241618
264903.912477022,3842054.24965021,629.131476429493,L6_1,928.0,535.652416838357,13.8887162720496
264903.912477022,3842054.24965021,629.131476429493,L6_1,928.0,525.701032022423,16.3494064449735
264903.912477022,3842054.24965021,629.131476429493,L6_1,928.0,515.252077965692,18.5043813200271
264903.912477022,3842054.24965021,629.131476429493,L6_1,928.0,504.280676206125,20.2324927185129
264903.912477022,3842054.24965021,629.131476429493,L6_1,928.0,492.760704358579,21.4868866455977
264903.912477022,3842054.24965021,629.131476429493,L6_1,928.0,480.664733918656,22.2806354314422
264903.912477022,3842054.24965021,629.131476429493,L6_1,928.0,467.963964956737,22.6726808987108
264903.912477022,3842054.24965021,629.131476429493,L6_1,928.0,454.628157546723,22.7539315350055
264903.912477022,3842054.24965021,629.131476429493,L6_1,928.0,440.625559766207,22.6308702099618
264903.912477022,3842054.24965021,629.131476429493,L6_1,928.0,425.922832096665,22.408394889691
264903.912477022,3842054.24965021,629.131476429493,L6_1,928.0,410.484968043647,22.1758976133298
264903.912477022,3842054.24965021,629.131476429493,L6_1,928.0,394.275210787977,21.9991308853223
264903.912477022,3842054.24965021,629.131476429493,L6_1,928.0,377.254965669524,21.9176655554675
264903.912477022,3842054.24965021,629.131476429493,L6_1,928.0,359.383708295149,21.9460949037498
264903.912477022,3842054.24965021,629.131476429493,L6_1,928.0,340.618888052054,22.0773528757483
264903.912477022,3842054.24965021,629.131476429493,L6_1,928.0,320.915826796805,22.2868265009263
264903.912477022,3842054.24965021,629.131476429493,L6_1,928.0,300.227612478794,22.5366057794974
264903.912477022,3842054.24965021,629.131476429493,L6_1,928.0,278.504987444881,22.7799980817265
264903.912477022,3842054.24965021,629.131476429493,L6_1,928.0,255.708451005632,22.966641475832
264903.912477022,3842054.24965021,629.131476429493,L6_1,928.0,233.018253536091,23.0607350449087
264903.912477022,3842054.24965021,629.131476429493,L6_1,928.0,209.193546193073,23.0359327646863
264903.912477022,3842054.24965021,629.131476429493,L6_1,928.0,184.177603482904,22.8653795985615
264903.912477022,3842054.24965021,629.131476429493,L6_1,928.0,157.910863637227,22.5333726921581
264903.912477022,3842054.24965021,629.131476429493,L6_1,928.0,130.330786799265,22.0362132032395
264903.912477022,3842054.24965021,629.131476429493,L6_1,928.0,101.371706119406,21.3817968834601
264903.912477022,3842054.24965021,629.131476429493,L6_1,928.0,70.9646714055538,20.5881917944054
264903.912477022,3842054.24965021,629.131476429493,L6_1,928.0,39.0372849560089,19.6815174248866
264903.912477022,3842054.24965021,629.131476429493,L6_1,928.0,,
264903.912477022,3842054.24965021,629.131476429493,L6_1,928.0,,
264903.912477022,3842054.24965021,629.131476429493,L6_1,928.0,,
264903.912477022,3842054.24965021,629.131476429493,L6_1,928.0,,
264903.912477022,3842054.24965021,629.131476429493,L6_1,928.0,,
264903.912477022,3842054.24965021,629.131476429493,L6_1,928.0,,
264903.912477022,3842054.24965021,629.131476429493,L6_1,928.0,,
264903.912477022,3842054.24965021,629.131476429493,L6_1,928.0,,
264903.912477022,3842054.24965021,629.131476429493,L6_1,928.0,,
264903.912477022,3842054.24965021,629.131476429493,L6_1,928.0,,
264903.912477022,3842054.24965021,629.131476429493,L6_1,928.0,,
264903.912477022,3842054.24965021,629.131476429493,L6_1,928.0,,
264903.912477022,3842054.24965021,629.131476429493,L6_1,928.0,,
264903.912477022,3842054.24965021,629.131476429493,L6_1,928.0,,
264903.912477022,3842054.24965021,629.131476429493,L6_1,928.0,,
264903.912477022,3842054.24965021,629.131476429493,L6_1,928.0,,
264903.912477022,3842054.24965021,629.131476429493,L6_1,928.0,,
264903.912477022,3842054.24965021,629.131476429493,L6_1,928.0,,
264903.912477022,3842054.24965021,629.131476429493,L6_1,928.0,,
264903.912477022,3842054.24965021,629.131476429493,L6_1,928.0,,
264903.912477022,3842054.24965021,629.131476429493,L6_1,928.0,,
264909.279737545,3842057.92628141,629.527628851123,L6_1,934.5,629.527628851123,13.5303206957028
264909.279737545,3842057.92628141,629.527628851123,L6_1,934.5,624.244595054,11.9518720879955
264909.279737545,3842057.92628141,629.527628851123,L6_1,934.5,618.69740956702,8.89209183253913
264909.279737545,3842057.92628141,629.527628851123,L6_1,934.5,612.872864805691,6.29909943807841
264909.279737545,3842057.92628141,629.527628851123,L6_1,934.5,606.757092806296,4.5773661808323
264909.279737545,3842057.92628141,629.527628851123,L6_1,934.5,600.335532206931,3.63760710674384
264909.279737545,3842057.92628141,629.527628851123,L6_1,934.5,593.592893577598,3.33527981463303
264909.279737545,3842057.92628141,629.527628851123,L6_1,934.5,586.513123016798,3.55548761966934
264909.279737545,3842057.92628141,629.527628851123,L6_1,934.5,579.079363927958,4.25493013717614
264909.279737545,3842057.92628141,629.527628851123,L6_1,934.5,571.273916884676,5.44111474713786
264909.279737545,3842057.92628141,629.527628851123,L6_1,934.5,563.07819748923,7.12505787587513
264909.279737545,3842057.92628141,629.527628851123,L6_1,934.5,554.472692124012,9.26776909187206
264909.279737545,3842057.92628141,629.527628851123,L6_1,934.5,545.436911490533,11.7416728143362
264909.279737545,3842057.92628141,629.527628851123,L6_1,934.5,535.949341825379,14.3364296226642
264909.279737545,3842057.92628141,629.527628851123,L6_1,934.5,525.987393676969,16.8143169231959
264909.279737545,3842057.92628141,629.527628851123,L6_1,934.5,515.527348121137,18.9766770901044
264909.279737545,3842057.92628141,629.527628851123,L6_1,934.5,504.544300287514,20.6993895936594
264909.279737545,3842057.92628141,629.527628851123,L6_1,934.5,493.01210006221,21.9336200419587
264909.279737545,3842057.92628141,629.527628851123,L6_1,934.5,480.903289825641,22.6926061905685
264909.279737545,3842057.92628141,629.527628851123,L6_1,934.5,468.189039077243,23.0377664582445
264909.279737545,3842057.92628141,629.527628851123,L6_1,934.5,454.839075791426,23.0640688251224
264909.279737545,3842057.92628141,629.527628851123,L6_1,934.5,440.821614341317,22.8825248212306
264909.279737545,3842057.92628141,629.527628851123,L6_1,934.5,426.103279818703,22.6020406913705
264909.279737545,3842057.92628141,629.527628851123,L6_1,934.5,410.649028569958,22.3149725416658
264909.279737545,3842057.92628141,629.527628851123,L6_1,934.5,394.422064758777,22.0888924313361
264909.279737545,3842057.92628141,629.527628851123,L6_1,934.5,377.383752757036,21.9642103345712
264909.279737545,3842057.92628141,629.527628851123,L6_1,934.5,359.493525155208,21.9556997319203
264909.279737545,3842057.92628141,629.527628851123,L6_1,934.5,340.708786173288,22.0560713993764
264909.279737545,3842057.92628141,629.527628851123,L6_1,934.5,320.984810242273,22.2402929190722
264909.279737545,3842057.92628141,629.527628851123,L6_1,934.5,300.274635514707,22.4699547740557
264909.279737545,3842057.92628141,629.527628851123,L6_1,934.5,278.528952050762,22.6978299306018
264909.279737545,3842057.92628141,629.527628851123,L6_1,934.5,255.708451005632,22.8730221544596
264909.279737545,3842057.92628141,629.527628851123,L6_1,934.5,233.018253536091,22.9591871307168
264909.279737545,3842057.92628141,629.527628851123,L6_1,934.5,209.193546193073,22.9295202811927
264909.279737545,3842057.92628141,629.527628851123,L6_1,934.5,184.177603482904,22.7568090214065
264909.279737545,3842057.92628141,629.527628851123,L6_1,934.5,157.910863637227,22.4250157291416
264909.279737545,3842057.92628141,629.527628851123,L6_1,934.5,130.330786799265,21.9301376991333
264909.279737545,3842057.92628141,629.527628851123,L6_1,934.5,101.371706119406,21.279780499812
264909.279737545,3842057.92628141,629.527628851123,L6_1,934.5,70.9646714055538,20.4917223321955
264909.279737545,3842057.92628141,629.527628851123,L6_1,934.5,39.0372849560089,19.5917927880746
264909.279737545,3842057.92628141,629.527628851123,L6_1,934.5,,
264909.279737545,3842057.92628141,629.527628851123,L6_1,934.5,,
264909.279737545,3842057.92628141,629.527628851123,L6_1,934.5,,
264909.279737545,3842057.92628141,629.527628851123,L6_1,934.5,,
264909.279737545,3842057.92628141,629.527628851123,L6_1,934.5,,
264909.279737545,3842057.92628141,629.527628851123,L6_1,934.5,,
264909.279737545,3842057.92628141,629.527628851123,L6_1,934.5,,
264909.279737545,3842057.92628141,629.527628851123,L6_1,934.5,,
264909.279737545,3842057.92628141,629.527628851123,L6_1,934.5,,
264909.279737545,3842057.92628141,629.527628851123,L6_1,934.5,,
264909.279737545,3842057.92628141,629.527628851123,L6_1,934.5,,
264909.279737545,3842057.92628141,629.527628851123,L6_1,934.5,,
264909.279737545,3842057.92628141,629.527628851123,L6_1,934.5,,
264909.279737545,3842057.92628141,629.527628851123,L6_1,934.5,,
264909.279737545,3842057.92628141,629.527628851123,L6_1,934.5,,
264909.279737545,3842057.92628141,629.527628851123,L6_1,934.5,,
264909.279737545,3842057.92628141,629.527628851123,L6_1,934.5,,
264909.279737545,3842057.92628141,629.527628851123,L6_1,934.5,,
264909.279737545,3842057.92628141,629.527628851123,L6_1,934.5,,
264909.279737545,3842057.92628141,629.527628851123,L6_1,934.5,,
264909.279737545,3842057.92628141,629.527628851123,L6_1,934.5,,
264914.234131873,3842061.32009483,629.788030130838,L6_1,940.5,629.788030130838,14.733506222569
264914.234131873,3842061.32009483,629.788030130838,L6_1,940.5,624.501314019364,13.169617917206
264914.234131873,3842061.32009483,629.788030130838,L6_1,940.5,618.950262102315,9.95728843572586
264914.234131873,3842061.32009483,629.788030130838,L6_1,940.5,613.121657589415,7.07702044839194
264914.234131873,3842061.32009483,629.788030130838,L6_1,940.5,607.001622850869,5.12178218135725
264914.234131873,3842061.32009483,629.788030130838,L6_1,940.5,600.575586375396,4.04394160587905
264914.234131873,3842061.32009483,629.788030130838,L6_1,940.5,593.82824807615,3.68218212743611
264914.234131873,3842061.32009483,629.788030130838,L6_1,940.5,586.743542861941,3.89390809132521
264914.234131873,3842061.32009483,629.788030130838,L6_1,940.5,579.304602387022,4.61321401913483
264914.234131873,3842061.32009483,629.788030130838,L6_1,940.5,571.493714888357,5.83121163259012
264914.234131873,3842061.32009483,629.788030130838,L6_1,940.5,563.292283014758,7.5479624970593
264914.234131873,3842061.32009483,629.788030130838,L6_1,940.5,554.68077954748,9.71851645911915
264914.234131873,3842061.32009483,629.788030130838,L6_1,940.5,545.638700906837,12.2133087424057
264914.234131873,3842061.32009483,629.788030130838,L6_1,940.5,536.144518334163,14.8219968254159
264914.234131873,3842061.32009483,629.788030130838,L6_1,940.5,526.175626632855,17.3065167718416
264914.234131873,3842061.32009483,629.788030130838,L6_1,940.5,515.708290346481,19.4663865282062
264914.234131873,3842061.32009483,629.788030130838,L6_1,940.5,504.717587245789,21.1749502190899
264914.234131873,3842061.32009483,629.788030130838,L6_1,940.5,493.177348990062,22.3817954573362
264914.234131873,3842061.32009483,629.788030130838,L6_1,940.5,481.060098821549,23.1006451522135
264914.234131873,3842061.32009483,629.788030130838,L6_1,940.5,468.33698614461,23.3954883384984
264914.234131873,3842061.32009483,629.788030130838,L6_1,940.5,454.977717833824,23.365174382184
264914.234131873,3842061.32009483,629.788030130838,L6_1,940.5,440.950486107499,23.1248671240799
264914.234131873,3842061.32009483,629.788030130838,L6_1,940.5,426.221892794857,22.7870466020251
264914.234131873,3842061.32009483,629.788030130838,L6_1,940.5,410.756869816584,22.4466248753492
264914.234131873,3842061.32009483,629.788030130838,L6_1,940.5,394.518595689397,22.172671931086
264914.234131873,3842061.32009483,629.788030130838,L6_1,940.5,377.46840785585,22.0062170502133
264914.234131873,3842061.32009483,629.788030130838,L6_1,940.5,359.565710630626,21.9620590155109
264914.234131873,3842061.32009483,629.788030130838,L6_1,940.5,340.767878544141,22.0326080139052
264914.234131873,3842061.32009483,629.788030130838,L6_1,940.5,321.030154853332,22.1923810951007
264914.234131873,3842061.32009483,629.788030130838,L6_1,940.5,300.305544977982,22.4024731243986
264914.234131873,3842061.32009483,629.788030130838,L6_1,940.5,278.544704608865,22.6151599643024
264914.234131873,3842061.32009483,629.788030130838,L6_1,940.5,255.708451005632,22.7790620999147
264914.234131873,3842061.32009483,629.788030130838,L6_1,940.5,233.018253536091,22.8573360519892
264914.234131873,3842061.32009483,629.788030130838,L6_1,940.5,209.193546193073,22.8227467964402
264914.234131873,3842061.32009483,629.788030130838,L6_1,940.5,184.177603482904,22.6477632736997
264914.234131873,3842061.32009483,629.788030130838,L6_1,940.5,157.910863637227,22.3160516462129
264914.234131873,3842061.32009483,629.788030130838,L6_1,940.5,130.330786799265,21.8233290304245
264914.234131873,3842061.32009483,629.788030130838,L6_1,940.5,101.371706119406,21.1769276632222
264914.234131873,3842061.32009483,629.788030130838,L6_1,940.5,70.9646714055538,20.3943495955654
264914.234131873,3842061.32009483,629.788030130838,L6_1,940.5,39.0372849560089,19.5011380283686
264914.234131873,3842061.32009483,629.788030130838,L6_1,940.5,,
264914.234131873,3842061.32009483,629.788030130838,L6_1,940.5,,
264914.234131873,3842061.32009483,629.788030130838,L6_1,940.5,,
264914.234131873,3842061.32009483,629.788030130838,L6_1,940.5,,
264914.234131873,3842061.32009483,629.788030130838,L6_1,940.5,,
264914.234131873,3842061.32009483,629.788030130838,L6_1,940.5,,
264914.234131873,3842061.32009483,629.788030130838,L6_1,940.5,,
264914.234131873,3842061.32009483,629.788030130838,L6_1,940.5,,
264914.234131873,3842061.32009483,629.788030130838,L6_1,940.5,,
264914.234131873,3842061.32009483,629.788030130838,L6_1,940.5,,
264914.234131873,3842061.32009483,629.788030130838,L6_1,940.5,,
264914.234131873,3842061.32009483,629.788030130838,L6_1,940.5,,
264914.234131873,3842061.32009483,629.788030130838,L6_1,940.5,,
264914.234131873,3842061.32009483,629.788030130838,L6_1,940.5,,
264914.234131873,3842061.32009483,629.788030130838,L6_1,940.5,,
264914.234131873,3842061.32009483,629.788030130838,L6_1,940.5,,
264914.234131873,3842061.32009483,629.788030130838,L6_1,940.5,,
264914.234131873,3842061.32009483,629.788030130838,L6_1,940.5,,
264914.234131873,3842061.32009483,629.788030130838,L6_1,940.5,,
264914.234131873,3842061.32009483,629.788030130838,L6_1,940.5,,
264914.234131873,3842061.32009483,629.788030130838,L6_1,940.5,,
264919.601392396,3842064.99672604,629.912294138911,L6_1,947.0,629.912294138911,12.1389186544607
264919.601392396,3842064.99672604,629.912294138911,L6_1,947.0,624.623820819712,12.0122532710705
264919.601392396,3842064.99672604,629.912294138911,L6_1,947.0,619.070923834553,10.5883246691635
264919.601392396,3842064.99672604,629.912294138911,L6_1,947.0,613.240382000136,8.0559726804071
264919.601392396,3842064.99672604,629.912294138911,L6_1,947.0,607.118313073998,5.92622754871377
264919.601392396,3842064.99672604,629.912294138911,L6_1,947.0,600.690140701554,4.64498713292015
264919.601392396,3842064.99672604,629.912294138911,L6_1,947.0,593.940559710487,4.16094991587008
264919.601392396,3842064.99672604,629.912294138911,L6_1,947.0,586.853499669866,4.32224810173898
264919.601392396,3842064.99672604,629.912294138911,L6_1,947.0,579.412086627215,5.03495989034029
264919.601392396,3842064.99672604,629.912294138911,L6_1,947.0,571.598602932431,6.26714277940005
264919.601392396,3842064.99672604,629.912294138911,L6_1,947.0,563.394445052908,8.00363072449645
264919.601392396,3842064.99672604,629.912294138911,L6_1,947.0,554.780079279409,10.1915650143055
264919.601392396,3842064.99672604,629.912294138911,L6_1,947.0,545.734995217235,12.6989780823538
264919.601392396,3842064.99672604,629.912294138911,L6_1,947.0,536.237656951952,15.3155379703533
264919.601392396,3842064.99672604,629.912294138911,L6_1,947.0,526.265451773405,17.8024164311892
264919.601392396,3842064.99672604,629.912294138911,L6_1,947.0,515.794636335931,19.956450080039
264919.601392396,3842064.99672604,629.912294138911,L6_1,947.0,504.800280126582,21.6477789076507
264919.601392396,3842064.99672604,629.912294138911,L6_1,947.0,493.256206106767,22.8243165789022
264919.601392396,3842064.99672604,629.912294138911,L6_1,947.0,481.134928385961,23.5005936612653
264919.601392396,3842064.99672604,629.912294138911,L6_1,947.0,468.407586779114,23.7435347738528
264919.601392396,3842064.99672604,629.912294138911,L6_1,947.0,455.043878091925,23.656024257982
264919.601392396,3842064.99672604,629.912294138911,L6_1,947.0,441.011983970377,23.3572838511092
264919.601392396,3842064.99672604,629.912294138911,L6_1,947.0,426.278495142751,22.9631306185671
264919.601392396,3842064.99672604,629.912294138911,L6_1,947.0,410.808331873744,22.5707475137762
264919.601392396,3842064.99672604,629.912294138911,L6_1,947.0,394.564660441286,22.2504523060017
264919.601392396,3842064.99672604,629.912294138911,L6_1,947.0,377.508805437206,22.0437128932727
264919.601392396,3842064.99672604,629.912294138911,L6_1,947.0,359.600157682922,21.9652198291992
264919.601392396,3842064.99672604,629.912294138911,L6_1,947.0,340.796077540923,22.0070149428308
264919.601392396,3842064.99672604,629.912294138911,L6_1,947.0,321.051793391825,22.1431401787486
264919.601392396,3842064.99672604,629.912294138911,L6_1,947.0,300.320295035272,22.3342033420433
264919.601392396,3842064.99672604,629.912294138911,L6_1,947.0,278.55222176089,22.5320220761445
264919.601392396,3842064.99672604,629.912294138911,L6_1,947.0,255.708451005632,22.6847863027223
264919.601392396,3842064.99672604,629.912294138911,L6_1,947.0,233.018253536091,22.7551986823346
264919.601392396,3842064.99672604,629.912294138911,L6_1,947.0,209.193546193073,22.7156222713788
264919.601392396,3842064.99672604,629.912294138911,L6_1,947.0,184.177603482904,22.5382466846309
264919.601392396,3842064.99672604,629.912294138911,L6_1,947.0,157.910863637227,22.2064804558267
264919.601392396,3842064.99672604,629.912294138911,L6_1,947.0,130.330786799265,21.7157846174841
264919.601392396,3842064.99672604,629.912294138911,L6_1,947.0,101.371706119406,21.0732344570791
264919.601392396,3842064.99672604,629.912294138911,L6_1,947.0,70.9646714055538,20.296069558326
264919.601392396,3842064.99672604,629.912294138911,L6_1,947.0,39.0372849560089,19.4095494428835
264919.601392396,3842064.99672604,629.912294138911,L6_1,947.0,,
264919.601392396,3842064.99672604,629.912294138911,L6_1,947.0,,
264919.601392396,3842064.99672604,629.912294138911,L6_1,947.0,,
264919.601392396,3842064.99672604,629.912294138911,L6_1,947.0,,
264919.601392396,3842064.99672604,629.912294138911,L6_1,947.0,,
264919.601392396,3842064.99672604,629.912294138911,L6_1,947.0,,
264919.601392396,3842064.99672604,629.912294138911,L6_1,947.0,,
264919.601392396,3842064.99672604,629.912294138911,L6_1,947.0,,
264919.601392396,3842064.99672604,629.912294138911,L6_1,947.0,,
264919.601392396,3842064.99672604,629.912294138911,L6_1,947.0,,
264919.601392396,3842064.99672604,629.912294138911,L6_1,947.0,,
264919.601392396,3842064.99672604,629.912294138911,L6_1,947.0,,
264919.601392396,3842064.99672604,629.912294138911,L6_1,947.0,,
264919.601392396,3842064.99672604,629.912294138911,L6_1,947.0,,
264919.601392396,3842064.99672604,629.912294138911,L6_1,947.0,,
264919.601392396,3842064.99672604,629.912294138911,L6_1,947.0,,
264919.601392396,3842064.99672604,629.912294138911,L6_1,947.0,,
264919.601392396,3842064.99672604,629.912294138911,L6_1,947.0,,
264919.601392396,3842064.99672604,629.912294138911,L6_1,947.0,,
264919.601392396,3842064.99672604,629.912294138911,L6_1,947.0,,
264919.601392396,3842064.99672604,629.912294138911,L6_1,947.0,,
264924.555503015,3842068.39058622,630.036558146984,L6_1,953.0,630.036558146984,12.5107014450549
264924.555503015,3842068.39058622,630.036558146984,L6_1,953.0,624.746327620061,12.6427884696364
264924.555503015,3842068.39058622,630.036558146984,L6_1,953.0,619.191585566791,11.6957242486818
264924.555503015,3842068.39058622,630.036558146984,L6_1,953.0,613.359106410858,9.25053201606398
264924.555503015,3842068.39058622,630.036558146984,L6_1,953.0,607.235003297127,6.87493411420585
264924.555503015,3842068.39058622,630.036558146984,L6_1,953.0,600.804695027711,5.3350892909759
264924.555503015,3842068.39058622,630.036558146984,L6_1,953.0,594.052871344824,4.68484364913438
264924.555503015,3842068.39058622,630.036558146984,L6_1,953.0,586.963456477792,4.76221317433639
264924.555503015,3842068.39058622,630.036558146984,L6_1,953.0,579.519570867409,5.44197574166249
264924.555503015,3842068.39058622,630.036558146984,L6_1,953.0,571.703490976506,6.66733212601177
264924.555503015,3842068.39058622,630.036558146984,L6_1,953.0,563.496607091058,8.40778504856635
264924.555503015,3842068.39058622,630.036558146984,L6_1,953.0,554.879379011338,10.603382270643
264924.555503015,3842068.39058622,630.036558146984,L6_1,953.0,545.831289527632,13.1204119281325
264924.555503015,3842068.39058622,630.036558146984,L6_1,953.0,536.330795569741,15.7479435211359
264924.555503015,3842068.39058622,630.036558146984,L6_1,953.0,526.355276913955,18.2442393550989
264924.555503015,3842068.39058622,630.036558146984,L6_1,953.0,515.88098232538,20.4007080293111
264924.555503015,3842068.39058622,630.036558146984,L6_1,953.0,504.882973007376,22.0822261008555
264924.555503015,3842068.39058622,630.036558146984,L6_1,953.0,493.335063223472,23.2342439066086
264924.555503015,3842068.39058622,630.036558146984,L6_1,953.0,481.209757950373,23.8723015427584
264924.555503015,3842068.39058622,630.036558146984,L6_1,953.0,468.478187413618,24.0668365863377
264924.555503015,3842068.39058622,630.036558146984,L6_1,953.0,455.110038350027,23.9252663105691
264924.555503015,3842068.39058622,630.036558146984,L6_1,953.0,441.073481833255,23.5711295174945
264924.555503015,3842068.39058622,630.036558146984,L6_1,953.0,426.335097490645,23.1236257393289
264924.555503015,3842068.39058622,630.036558146984,L6_1,953.0,410.859793930904,22.6821488559765
264924.555503015,3842068.39058622,630.036558146984,L6_1,953.0,394.610725193176,22.3181580646687
264924.555503015,3842068.39058622,630.036558146984,L6_1,953.0,377.549203018562,22.0734696361931
264924.555503015,3842068.39058622,630.036558146984,L6_1,953.0,359.634604735218,21.9626232907884
264924.555503015,3842068.39058622,630.036558146984,L6_1,953.0,340.824276537705,21.9772682414551
264924.555503015,3842068.39058622,630.036558146984,L6_1,953.0,321.073431930318,22.0909800853585
264924.555503015,3842068.39058622,630.036558146984,L6_1,953.0,300.335045092561,22.2639095075044
264924.555503015,3842068.39058622,630.036558146984,L6_1,953.0,278.559738912916,22.4474625296642
264924.555503015,3842068.39058622,630.036558146984,L6_1,953.0,255.708451005632,22.5894688979788
264924.555503015,3842068.39058622,630.036558146984,L6_1,953.0,233.018253536091,22.6522258070601
264924.555503015,3842068.39058622,630.036558146984,L6_1,953.0,209.193546193073,22.6077349235723
264924.555503015,3842068.39058622,630.036558146984,L6_1,953.0,184.177603482904,22.4279581501744
264924.555503015,3842068.39058622,630.036558146984,L6_1,953.0,157.910863637227,22.0960848168304
264924.555503015,3842068.39058622,630.036558146984,L6_1,953.0,130.330786799265,21.607351537108
264924.555503015,3842068.39058622,630.036558146984,L6_1,953.0,101.371706119406,20.9685973401769
264924.555503015,3842068.39058622,630.036558146984,L6_1,953.0,70.9646714055538,20.1968115914039
264924.555503015,3842068.39058622,630.036558146984,L6_1,953.0,39.0372849560089,19.3169791553985
264924.555503015,3842068.39058622,630.036558146984,L6_1,953.0,,
264924.555503015,3842068.39058622,630.036558146984,L6_1,953.0,,
264924.555503015,3842068.39058622,630.036558146984,L6_1,953.0,,
264924.555503015,3842068.39058622,630.036558146984,L6_1,953.0,,
264924.555503015,3842068.39058622,630.036558146984,L6_1,953.0,,
264924.555503015,3842068.39058622,630.036558146984,L6_1,953.0,,
264924.555503015,3842068.39058622,630.036558146984,L6_1,953.0,,
264924.555503015,3842068.39058622,630.036558146984,L6_1,953.0,,
264924.555503015,3842068.39058622,630.036558146984,L6_1,953.0,,
264924.555503015,3842068.39058622,630.036558146984,L6_1,953.0,,
264924.555503015,3842068.39058622,630.036558146984,L6_1,953.0,,
264924.555503015,3842068.39058622,630.036558146984,L6_1,953.0,,
264924.555503015,3842068.39058622,630.036558146984,L6_1,953.0,,
264924.555503015,3842068.39058622,630.036558146984,L6_1,953.0,,
264924.555503015,3842068.39058622,630.036558146984,L6_1,953.0,,
264924.555503015,3842068.39058622,630.036558146984,L6_1,953.0,,
264924.555503015,3842068.39058622,630.036558146984,L6_1,953.0,,
264924.555503015,3842068.39058622,630.036558146984,L6_1,953.0,,
264924.555503015,3842068.39058622,630.036558146984,L6_1,953.0,,
264924.555503015,3842068.39058622,630.036558146984,L6_1,953.0,,
264924.555503015,3842068.39058622,630.036558146984,L6_1,953.0,,
264929.922148834,3842072.06731874,630.160822155058,L6_1,959.5,630.160822155058,15.2019399770115
264929.922148834,3842072.06731874,630.160822155058,L6_1,959.5,624.868834420409,14.8370694913334
264929.922148834,3842072.06731874,630.160822155058,L6_1,959.5,619.312247299028,13.2674628749541
264929.922148834,3842072.06731874,630.160822155058,L6_1,959.5,613.477830821579,10.5280426347017
264929.922148834,3842072.06731874,630.160822155058,L6_1,959.5,607.351693520256,7.82177341488375
264929.922148834,3842072.06731874,630.160822155058,L6_1,959.5,600.919249353868,6.00542019767937
264929.922148834,3842072.06731874,630.160822155058,L6_1,959.5,594.16518297916,5.17705849216437
264929.922148834,3842072.06731874,630.160822155058,L6_1,959.5,587.073413285717,5.15494499759587
264929.922148834,3842072.06731874,630.160822155058,L6_1,959.5,579.627055107602,5.78374547958054
264929.922148834,3842072.06731874,630.160822155058,L6_1,959.5,571.808379020581,6.98518780586655
264929.922148834,3842072.06731874,630.160822155058,L6_1,959.5,563.598769129208,8.71712822342846
264929.922148834,3842072.06731874,630.160822155058,L6_1,959.5,554.978678743268,10.915262845388
264929.922148834,3842072.06731874,630.160822155058,L6_1,959.5,545.92758383803,13.4450206999365
264929.922148834,3842072.06731874,630.160822155058,L6_1,959.5,536.42393418753,16.0934908843967
264929.922148834,3842072.06731874,630.160822155058,L6_1,959.5,526.445102054506,18.6129034854447
264929.922148834,3842072.06731874,630.160822155058,L6_1,959.5,515.96732831483,20.7858075419742
264929.922148834,3842072.06731874,630.160822155058,L6_1,959.5,504.96566588817,22.4694628183665
264929.922148834,3842072.06731874,630.160822155058,L6_1,959.5,493.413920340177,23.606062243485
264929.922148834,3842072.06731874,630.160822155058,L6_1,959.5,481.284587514785,24.2125206115431
264929.922148834,3842072.06731874,630.160822155058,L6_1,959.5,468.548788048123,24.3635968919572
264929.922148834,3842072.06731874,630.160822155058,L6_1,959.5,455.176198608128,24.171974535636
264929.922148834,3842072.06731874,630.160822155058,L6_1,959.5,441.134979696133,23.7659677088617
264929.922148834,3842072.06731874,630.160822155058,L6_1,959.5,426.391699838539,23.2683516343958
264929.922148834,3842072.06731874,630.160822155058,L6_1,959.5,410.911255988064,22.7807709940284
264929.922148834,3842072.06731874,630.160822155058,L6_1,959.5,394.656789945066,22.3757807658848
264929.922148834,3842072.06731874,630.160822155058,L6_1,959.5,377.589600599918,22.0954912777601
264929.922148834,3842072.06731874,630.160822155058,L6_1,959.5,359.669051787513,21.9542709630818
264929.922148834,3842072.06731874,630.160822155058,L6_1,959.5,340.852475534488,21.9433631868372
264929.922148834,3842072.06731874,630.160822155058,L6_1,959.5,321.095070468811,22.0358904111046
264929.922148834,3842072.06731874,630.160822155058,L6_1,959.5,300.34979514985,22.1915786786875
264929.922148834,3842072.06731874,630.160822155058,L6_1,959.5,278.567256064941,22.3614691052133
264929.922148834,3842072.06731874,630.160822155058,L6_1,959.5,255.708451005632,22.4930997000756
264929.922148834,3842072.06731874,630.160822155058,L6_1,959.5,233.018253536091,22.5484083757154
264929.922148834,3842072.06731874,630.160822155058,L6_1,959.5,209.193546193073,22.4990758115403
264929.922148834,3842072.06731874,630.160822155058,L6_1,959.5,184.177603482904,22.3168885052642
264929.922148834,3842072.06731874,630.160822155058,L6_1,959.5,157.910863637227,21.9848550243563
264929.922148834,3842072.06731874,630.160822155058,L6_1,959.5,130.330786799265,21.4980196033242
264929.922148834,3842072.06731874,630.160822155058,L6_1,959.5,101.371706119406,20.8630070246067
264929.922148834,3842072.06731874,630.160822155058,L6_1,959.5,70.9646714055538,20.0965680209039
264929.922148834,3842072.06731874,630.160822155058,L6_1,959.5,39.0372849560089,19.2234207216432
264929.922148834,3842072.06731874,630.160822155058,L6_1,959.5,,
264929.922148834,3842072.06731874,630.160822155058,L6_1,959.5,,
264929.922148834,3842072.06731874,630.160822155058,L6_1,959.5,,
264929.922148834,3842072.06731874,630.160822155058,L6_1,959.5,,
264929.922148834,3842072.06731874,630.160822155058,L6_1,959.5,,
264929.922148834,3842072.06731874,630.160822155058,L6_1,959.5,,
264929.922148834,3842072.06731874,630.160822155058,L6_1,959.5,,
264929.922148834,3842072.06731874,630.160822155058,L6_1,959.5,,
264929.922148834,3842072.06731874,630.160822155058,L6_1,959.5,,
264929.922148834,3842072.06731874,630.160822155058,L6_1,959.5,,
264929.922148834,3842072.06731874,630.160822155058,L6_1,959.5,,
264929.922148834,3842072.06731874,630.160822155058,L6_1,959.5,,
264929.922148834,3842072.06731874,630.160822155058,L6_1,959.5,,
264929.922148834,3842072.06731874,630.160822155058,L6_1,959.5,,
264929.922148834,3842072.06731874,630.160822155058,L6_1,959.5,,
264929.922148834,3842072.06731874,630.160822155058,L6_1,959.5,,
264929.922148834,3842072.06731874,630.160822155058,L6_1,959.5,,
264929.922148834,3842072.06731874,630.160822155058,L6_1,959.5,,
264929.922148834,3842072.06731874,630.160822155058,L6_1,959.5,,
264929.922148834,3842072.06731874,630.160822155058,L6_1,959.5,,
264929.922148834,3842072.06731874,630.160822155058,L6_1,959.5,,
264934.875975743,3842075.46122568,630.22381707923,L6_1,965.5,630.22381707923,15.2631496787645
264934.875975743,3842075.46122568,630.22381707923,L6_1,965.5,624.930938538233,15.0691201023013
264934.875975743,3842075.46122568,630.22381707923,L6_1,965.5,619.373416070185,13.7213436979806
264934.875975743,3842075.46122568,630.22381707923,L6_1,965.5,613.538017478736,11.021157641158
264934.875975743,3842075.46122568,630.22381707923,L6_1,965.5,607.410848957713,8.26273847189173
264934.875975743,3842075.46122568,630.22381707923,L6_1,965.5,600.97732201064,6.36322116069197
264934.875975743,3842075.46122568,630.22381707923,L6_1,965.5,594.222118716213,5.45829169187266
264934.875975743,3842075.46122568,630.22381707923,L6_1,965.5,587.129155257065,5.37844045951771
264934.875975743,3842075.46122568,630.22381707923,L6_1,965.5,579.681543624959,5.9664245248887
264934.875975743,3842075.46122568,630.22381707923,L6_1,965.5,571.861551411248,7.14080688151493
264934.875975743,3842075.46122568,630.22381707923,L6_1,965.5,563.650559586851,8.85956835432238
264934.875975743,3842075.46122568,630.22381707923,L6_1,965.5,555.029018171235,11.0610595706198
264934.875975743,3842075.46122568,630.22381707923,L6_1,965.5,545.976399684837,13.6126848406873
264934.875975743,3842075.46122568,630.22381707923,L6_1,965.5,536.47115027412,16.2987717542377
264934.875975743,3842075.46122568,630.22381707923,L6_1,965.5,526.490638392867,18.8622911764431
264934.875975743,3842075.46122568,630.22381707923,L6_1,965.5,516.011100917551,21.073084569926
264934.875975743,3842075.46122568,630.22381707923,L6_1,965.5,505.00758656847,22.7779570410512
264934.875975743,3842075.46122568,630.22381707923,L6_1,965.5,493.453896501934,23.9146521765948
264934.875975743,3842075.46122568,630.22381707923,L6_1,965.5,481.322521932072,24.5015853649684
264934.875975743,3842075.46122568,630.22381707923,L6_1,965.5,468.584578633717,24.6185831751735
264934.875975743,3842075.46122568,630.22381707923,L6_1,965.5,455.209738170443,24.3844034636091
264934.875975743,3842075.46122568,630.22381707923,L6_1,965.5,441.166155684007,23.9327394367881
264934.875975743,3842075.46122568,630.22381707923,L6_1,965.5,426.420394073248,23.3902975405444
264934.875975743,3842075.46122568,630.22381707923,L6_1,965.5,410.937344381951,22.8611467843551
264934.875975743,3842075.46122568,630.22381707923,L6_1,965.5,394.68014220609,22.4190320267549
264934.875975743,3842075.46122568,630.22381707923,L6_1,965.5,377.610079921435,22.1064082964775
264934.875975743,3842075.46122568,630.22381707923,L6_1,965.5,359.686514522548,21.9375064179685
264934.875975743,3842075.46122568,630.22381707923,L6_1,965.5,340.866770853716,21.9032099102223
264934.875975743,3842075.46122568,630.22381707923,L6_1,965.5,321.106040001443,21.9762347836157
264934.875975743,3842075.46122568,630.22381707923,L6_1,965.5,300.357272606556,22.1159395171393
264934.875975743,3842075.46122568,630.22381707923,L6_1,965.5,278.571066841925,22.273067775622
264934.875975743,3842075.46122568,630.22381707923,L6_1,965.5,255.708451005632,22.3949331834759
264934.875975743,3842075.46122568,630.22381707923,L6_1,965.5,233.018253536091,22.4431782091859
264934.875975743,3842075.46122568,630.22381707923,L6_1,965.5,209.193546193073,22.389222105817
264934.875975743,3842075.46122568,630.22381707923,L6_1,965.5,184.177603482904,22.2047285644461
264934.875975743,3842075.46122568,630.22381707923,L6_1,965.5,157.910863637227,21.872569039122
264934.875975743,3842075.46122568,630.22381707923,L6_1,965.5,130.330786799265,21.3876318983294
264934.875975743,3842075.46122568,630.22381707923,L6_1,965.5,101.371706119406,20.7563571360517
264934.875975743,3842075.46122568,630.22381707923,L6_1,965.5,70.9646714055538,19.9952726041834
264934.875975743,3842075.46122568,630.22381707923,L6_1,965.5,39.0372849560089,19.1288362802472
264934.875975743,3842075.46122568,630.22381707923,L6_1,965.5,,
264934.875975743,3842075.46122568,630.22381707923,L6_1,965.5,,
264934.875975743,3842075.46122568,630.22381707923,L6_1,965.5,,
264934.875975743,3842075.46122568,630.22381707923,L6_1,965.5,,
264934.875975743,3842075.46122568,630.22381707923,L6_1,965.5,,
264934.875975743,3842075.46122568,630.22381707923,L6_1,965.5,,
264934.875975743,3842075.46122568,630.22381707923,L6_1,965.5,,
264934.875975743,3842075.46122568,630.22381707923,L6_1,965.5,,
264934.875975743,3842075.46122568,630.22381707923,L6_1,965.5,,
264934.875975743,3842075.46122568,630.22381707923,L6_1,965.5,,
264934.875975743,3842075.46122568,630.22381707923,L6_1,965.5,,
264934.875975743,3842075.46122568,630.22381707923,L6_1,965.5,,
264934.875975743,3842075.46122568,630.22381707923,L6_1,965.5,,
264934.875975743,3842075.46122568,630.22381707923,L6_1,965.5,,
264934.875975743,3842075.46122568,630.22381707923,L6_1,965.5,,
264934.875975743,3842075.46122568,630.22381707923,L6_1,965.5,,
264934.875975743,3842075.46122568,630.22381707923,L6_1,965.5,,
264934.875975743,3842075.46122568,630.22381707923,L6_1,965.5,,
264934.875975743,3842075.46122568,630.22381707923,L6_1,965.5,,
264934.875975743,3842075.46122568,630.22381707923,L6_1,965.5,,
264934.875975743,3842075.46122568,630.22381707923,L6_1,965.5,,
264940.242621562,3842079.1379582,630.225469018409,L6_1,972.0,630.225469018409,12.9876668241387
264940.242621562,3842079.1379582,630.225469018409,L6_1,972.0,624.932567117467,13.4366163565041
264940.242621562,3842079.1379582,630.225469018409,L6_1,972.0,619.375020121478,12.9790869971918
264940.242621562,3842079.1379582,630.225469018409,L6_1,972.0,613.53959577569,10.6479461668688
264940.242621562,3842079.1379582,630.225469018409,L6_1,972.0,607.412400212613,8.1287756458111
264940.242621562,3842079.1379582,630.225469018409,L6_1,972.0,600.978844871381,6.35703112691535
264940.242621562,3842079.1379582,630.225469018409,L6_1,972.0,594.223611763088,5.49438118182971
264940.242621562,3842079.1379582,630.225469018409,L6_1,972.0,587.13061699938,5.41194158874729
264940.242621562,3842079.1379582,630.225469018409,L6_1,972.0,579.682972497487,5.97901722108885
264940.242621562,3842079.1379582,630.225469018409,L6_1,972.0,571.8629457705,7.13038378279882
264940.242621562,3842079.1379582,630.225469018409,L6_1,972.0,563.651917707163,8.83637205738563
264940.242621562,3842079.1379582,630.225469018409,L6_1,972.0,555.030338240659,11.0450214923846
264940.242621562,3842079.1379582,630.225469018409,L6_1,972.0,545.97767980083,13.6286583661156
264940.242621562,3842079.1379582,630.225469018409,L6_1,972.0,536.472388439009,16.3685313071798
264940.242621562,3842079.1379582,630.225469018409,L6_1,972.0,526.491832509097,18.9958563196097
264940.242621562,3842079.1379582,630.225469018409,L6_1,972.0,516.01224878269,21.2646093319136
264940.242621562,3842079.1379582,630.225469018409,L6_1,972.0,505.008685869963,23.0087147527856
264940.242621562,3842079.1379582,630.225469018409,L6_1,972.0,493.454944811599,24.1603850941507
264940.242621562,3842079.1379582,630.225469018409,L6_1,972.0,481.323516700316,24.7395798508848
264940.242621562,3842079.1379582,630.225469018409,L6_1,972.0,468.58551718347,24.8318009630956
264940.242621562,3842079.1379582,630.225469018409,L6_1,972.0,455.210617690782,24.5625705307478
264940.242621562,3842079.1379582,630.225469018409,L6_1,972.0,441.166973223459,24.0714933043166
264940.242621562,3842079.1379582,630.225469018409,L6_1,972.0,426.421146532769,23.4895313332767
264940.242621562,3842079.1379582,630.225469018409,L6_1,972.0,410.938028507546,22.9233436422081
264940.242621562,3842079.1379582,630.225469018409,L6_1,972.0,394.680754581061,22.4479634909057
264940.242621562,3842079.1379582,630.225469018409,L6_1,972.0,377.610616958252,22.1062495548521
264940.242621562,3842079.1379582,630.225469018409,L6_1,972.0,359.686972454303,21.9123348464026
264940.242621562,3842079.1379582,630.225469018409,L6_1,972.0,340.867145725156,21.8567936231357
264940.242621562,3842079.1379582,630.225469018409,L6_1,972.0,321.106327659551,21.9119852371402
264940.242621562,3842079.1379582,630.225469018409,L6_1,972.0,300.357468690667,22.036957279044
264940.242621562,3842079.1379582,630.225469018409,L6_1,972.0,278.571166773338,22.1822224754645
264940.242621562,3842079.1379582,630.225469018409,L6_1,972.0,255.708451005632,22.294935942374
264940.242621562,3842079.1379582,630.225469018409,L6_1,972.0,233.018253536091,22.3365061633422
264940.242621562,3842079.1379582,630.225469018409,L6_1,972.0,209.193546193073,22.2781487733798
264940.242621562,3842079.1379582,630.225469018409,L6_1,972.0,184.177603482904,22.0914567599364
264940.242621562,3842079.1379582,630.225469018409,L6_1,972.0,157.910863637227,21.7592083619711
264940.242621562,3842079.1379582,630.225469018409,L6_1,972.0,130.330786799265,21.2761725687019
264940.242621562,3842079.1379582,630.225469018409,L6_1,972.0,101.371706119406,20.6486341450156
264940.242621562,3842079.1379582,630.225469018409,L6_1,972.0,70.9646714055538,19.8929142459371
264940.242621562,3842079.1379582,630.225469018409,L6_1,972.0,39.0372849560089,19.0332170993831
264940.242621562,3842079.1379582,630.225469018409,L6_1,972.0,,
264940.242621562,3842079.1379582,630.225469018409,L6_1,972.0,,
264940.242621562,3842079.1379582,630.225469018409,L6_1,972.0,,
264940.242621562,3842079.1379582,630.225469018409,L6_1,972.0,,
264940.242621562,3842079.1379582,630.225469018409,L6_1,972.0,,
264940.242621562,3842079.1379582,630.225469018409,L6_1,972.0,,
264940.242621562,3842079.1379582,630.225469018409,L6_1,972.0,,
264940.242621562,3842079.1379582,630.225469018409,L6_1,972.0,,
264940.242621562,3842079.1379582,630.225469018409,L6_1,972.0,,
264940.242621562,3842079.1379582,630.225469018409,L6_1,972.0,,
264940.242621562,3842079.1379582,630.225469018409,L6_1,972.0,,
264940.242621562,3842079.1379582,630.225469018409,L6_1,972.0,,
264940.242621562,3842079.1379582,630.225469018409,L6_1,972.0,,
264940.242621562,3842079.1379582,630.225469018409,L6_1,972.0,,
264940.242621562,3842079.1379582,630.225469018409,L6_1,972.0,,
264940.242621562,3842079.1379582,630.225469018409,L6_1,972.0,,
264940.242621562,3842079.1379582,630.225469018409,L6_1,972.0,,
264940.242621562,3842079.1379582,630.225469018409,L6_1,972.0,,
264940.242621562,3842079.1379582,630.225469018409,L6_1,972.0,,
264940.242621562,3842079.1379582,630.225469018409,L6_1,972.0,,
264940.242621562,3842079.1379582,630.225469018409,L6_1,972.0,,
264945.19698876,3842082.53178973,630.227120957587,L6_1,978.0,630.227120957587,14.1189106352905
264945.19698876,3842082.53178973,630.227120957587,L6_1,978.0,624.934195696701,14.1232226910253
264945.19698876,3842082.53178973,630.227120957587,L6_1,978.0,619.376624172771,12.8563475898792
264945.19698876,3842082.53178973,630.227120957587,L6_1,978.0,613.541174072645,10.2214072695392
264945.19698876,3842082.53178973,630.227120957587,L6_1,978.0,607.413951467512,7.79189706615125
264945.19698876,3842082.53178973,630.227120957587,L6_1,978.0,600.980367732122,6.15340650876708
264945.19698876,3842082.53178973,630.227120957587,L6_1,978.0,594.225104809963,5.36091011692398
264945.19698876,3842082.53178973,630.227120957587,L6_1,978.0,587.132078741696,5.29280820706874
264945.19698876,3842082.53178973,630.227120957587,L6_1,978.0,579.684401370016,5.84387130169765
264945.19698876,3842082.53178973,630.227120957587,L6_1,978.0,571.864340129752,6.97051728556074
264945.19698876,3842082.53178973,630.227120957587,L6_1,978.0,563.653275827474,8.6605715624273
264945.19698876,3842082.53178973,630.227120957587,L6_1,978.0,555.031658310083,10.8755999282023
264945.19698876,3842082.53178973,630.227120957587,L6_1,978.0,545.978959916822,13.4952503741753
264945.19698876,3842082.53178973,630.227120957587,L6_1,978.0,536.473626603898,16.2983916081489
264945.19698876,3842082.53178973,630.227120957587,L6_1,978.0,526.493026625328,19.0034605365377
264945.19698876,3842082.53178973,630.227120957587,L6_1,978.0,516.013396647829,21.3464533072446
264945.19698876,3842082.53178973,630.227120957587,L6_1,978.0,505.009785171455,23.1462379146317
264945.19698876,3842082.53178973,630.227120957587,L6_1,978.0,493.455993121263,24.3280170225163
264945.19698876,3842082.53178973,630.227120957587,L6_1,978.0,481.324511468561,24.9126775715922
264945.19698876,3842082.53178973,630.227120957587,L6_1,978.0,468.586455733224,24.9913806827516
264945.19698876,3842082.53178973,630.227120957587,L6_1,978.0,455.21149721112,24.6966410534417
264945.19698876,3842082.53178973,630.227120957587,L6_1,978.0,441.167790762911,24.1742403198581
264945.19698876,3842082.53178973,630.227120957587,L6_1,978.0,426.421898992291,23.5596268912069
264945.19698876,3842082.53178973,630.227120957587,L6_1,978.0,410.938712633141,22.9622203440125
264945.19698876,3842082.53178973,630.227120957587,L6_1,978.0,394.681366956032,22.4584652139126
264945.19698876,3842082.53178973,630.227120957587,L6_1,978.0,377.611153995069,22.0917237580459
264945.19698876,3842082.53178973,630.227120957587,L6_1,978.0,359.687430386057,21.8761255498089
264945.19698876,3842082.53178973,630.227120957587,L6_1,978.0,340.867520596595,21.802022892314
264945.19698876,3842082.53178973,630.227120957587,L6_1,978.0,321.10661531766,21.8414982568263
264945.19698876,3842082.53178973,630.227120957587,L6_1,978.0,300.357664774778,21.9533594773624
264945.19698876,3842082.53178973,630.227120957587,L6_1,978.0,278.571266704751,22.0879573076595
264945.19698876,3842082.53178973,630.227120957587,L6_1,978.0,255.708451005632,22.1923594683296
264945.19698876,3842082.53178973,630.227120957587,L6_1,978.0,233.018253536091,22.2278242366064
264945.19698876,3842082.53178973,630.227120957587,L6_1,978.0,209.193546193073,22.165437775747
264945.19698876,3842082.53178973,630.227120957587,L6_1,978.0,184.177603482904,21.9767725374243
264945.19698876,3842082.53178973,630.227120957587,L6_1,978.0,157.910863637227,21.6445632272693
264945.19698876,3842082.53178973,630.227120957587,L6_1,978.0,130.330786799265,21.1635011217377
264945.19698876,3842082.53178973,630.227120957587,L6_1,978.0,101.371706119406,20.5397461095943
264945.19698876,3842082.53178973,630.227120957587,L6_1,978.0,70.9646714055538,19.7894351692674
264945.19698876,3842082.53178973,630.227120957587,L6_1,978.0,39.0372849560089,18.936530524512
264945.19698876,3842082.53178973,630.227120957587,L6_1,978.0,,
264945.19698876,3842082.53178973,630.227120957587,L6_1,978.0,,
264945.19698876,3842082.53178973,630.227120957587,L6_1,978.0,,
264945.19698876,3842082.53178973,630.227120957587,L6_1,978.0,,
264945.19698876,3842082.53178973,630.227120957587,L6_1,978.0,,
264945.19698876,3842082.53178973,630.227120957587,L6_1,978.0,,
264945.19698876,3842082.53178973,630.227120957587,L6_1,978.0,,
264945.19698876,3842082.53178973,630.227120957587,L6_1,978.0,,
264945.19698876,3842082.53178973,630.227120957587,L6_1,978.0,,
264945.19698876,3842082.53178973,630.227120957587,L6_1,978.0,,
264945.19698876,3842082.53178973,630.227120957587,L6_1,978.0,,
264945.19698876,3842082.53178973,630.227120957587,L6_1,978.0,,
264945.19698876,3842082.53178973,630.227120957587,L6_1,978.0,,
264945.19698876,3842082.53178973,630.227120957587,L6_1,978.0,,
264945.19698876,3842082.53178973,630.227120957587,L6_1,978.0,,
264945.19698876,3842082.53178973,630.227120957587,L6_1,978.0,,
264945.19698876,3842082.53178973,630.227120957587,L6_1,978.0,,
264945.19698876,3842082.53178973,630.227120957587,L6_1,978.0,,
264945.19698876,3842082.53178973,630.227120957587,L6_1,978.0,,
264945.19698876,3842082.53178973,630.227120957587,L6_1,978.0,,
264945.19698876,3842082.53178973,630.227120957587,L6_1,978.0,,
264950.564805202,3842086.20835887,630.228772896765,L6_1,984.5,630.228772896765,20.733190594388
264950.564805202,3842086.20835887,630.228772896765,L6_1,984.5,624.935824275935,18.1528946560552
264950.564805202,3842086.20835887,630.228772896765,L6_1,984.5,619.378228224064,13.5716232547596
264950.564805202,3842086.20835887,630.228772896765,L6_1,984.5,613.542752369599,9.95040227868842
264950.564805202,3842086.20835887,630.228772896765,L6_1,984.5,607.415502722411,7.44967732619065
264950.564805202,3842086.20835887,630.228772896765,L6_1,984.5,600.981890592863,5.89475086199037
264950.564805202,3842086.20835887,630.228772896765,L6_1,984.5,594.226597856838,5.1548116002474
264950.564805202,3842086.20835887,630.228772896765,L6_1,984.5,587.133540484012,5.09366025089482
264950.564805202,3842086.20835887,630.228772896765,L6_1,984.5,579.685830242545,5.62422555390404
264950.564805202,3842086.20835887,630.228772896765,L6_1,984.5,571.865734489004,6.72209963079473
264950.564805202,3842086.20835887,630.228772896765,L6_1,984.5,563.654633947786,8.39184341583287
264950.564805202,3842086.20835887,630.228772896765,L6_1,984.5,555.032978379507,10.6089844111841
264950.564805202,3842086.20835887,630.228772896765,L6_1,984.5,545.980240032814,13.2618028193585
264950.564805202,3842086.20835887,630.228772896765,L6_1,984.5,536.474864768787,16.1282184503103
264950.564805202,3842086.20835887,630.228772896765,L6_1,984.5,526.494220741558,18.9146216425764
264950.564805202,3842086.20835887,630.228772896765,L6_1,984.5,516.014544512967,21.3387033754254
264950.564805202,3842086.20835887,630.228772896765,L6_1,984.5,505.010884472948,23.2031901879668
264950.564805202,3842086.20835887,630.228772896765,L6_1,984.5,493.457041430927,24.425036177739
264950.564805202,3842086.20835887,630.228772896765,L6_1,984.5,481.325506236805,25.0251025703745
264950.564805202,3842086.20835887,630.228772896765,L6_1,984.5,468.587394282977,25.0996451241419
264950.564805202,3842086.20835887,630.228772896765,L6_1,984.5,455.212376731458,24.7878897652485
264950.564805202,3842086.20835887,630.228772896765,L6_1,984.5,441.168608302363,24.2416904364207
264950.564805202,3842086.20835887,630.228772896765,L6_1,984.5,426.422651451813,23.6009834944745
264950.564805202,3842086.20835887,630.228772896765,L6_1,984.5,410.939396758735,22.9779942611454
264950.564805202,3842086.20835887,630.228772896765,L6_1,984.5,394.681979331004,22.4506390070637
264950.564805202,3842086.20835887,630.228772896765,L6_1,984.5,377.611691031886,22.0628555503455
264950.564805202,3842086.20835887,630.228772896765,L6_1,984.5,359.687888317812,21.82885137654
264950.564805202,3842086.20835887,630.228772896765,L6_1,984.5,340.867895468034,21.7388381755548
264950.564805202,3842086.20835887,630.228772896765,L6_1,984.5,321.106902975768,21.7646989846363
264950.564805202,3842086.20835887,630.228772896765,L6_1,984.5,300.357860858888,21.8650694747282
264950.564805202,3842086.20835887,630.228772896765,L6_1,984.5,278.571366636165,21.9902037436213
264950.564805202,3842086.20835887,630.228772896765,L6_1,984.5,255.708451005632,22.0871482057914
264950.564805202,3842086.20835887,630.228772896765,L6_1,984.5,233.018253536091,22.1170883852949
264950.564805202,3842086.20835887,630.228772896765,L6_1,984.5,209.193546193073,22.0510523721979
264950.564805202,3842086.20835887,630.228772896765,L6_1,984.5,184.177603482904,21.8606443988942
264950.564805202,3842086.20835887,630.228772896765,L6_1,984.5,157.910863637227,21.5286068598811
264950.564805202,3842086.20835887,630.228772896765,L6_1,984.5,130.330786799265,21.049595317265
264950.564805202,3842086.20835887,630.228772896765,L6_1,984.5,101.371706119406,20.429674745177
264950.564805202,3842086.20835887,630.228772896765,L6_1,984.5,70.9646714055538,19.6848203165496
264950.564805202,3842086.20835887,630.228772896765,L6_1,984.5,39.0372849560089,18.8387650679147
264950.564805202,3842086.20835887,630.228772896765,L6_1,984.5,,
264950.564805202,3842086.20835887,630.228772896765,L6_1,984.5,,
264950.564805202,3842086.20835887,630.228772896765,L6_1,984.5,,
264950.564805202,3842086.20835887,630.228772896765,L6_1,984.5,,
264950.564805202,3842086.20835887,630.228772896765,L6_1,984.5,,
264950.564805202,3842086.20835887,630.228772896765,L6_1,984.5,,
264950.564805202,3842086.20835887,630.228772896765,L6_1,984.5,,
264950.564805202,3842086.20835887,630.228772896765,L6_1,984.5,,
264950.564805202,3842086.20835887,630.228772896765,L6_1,984.5,,
264950.564805202,3842086.20835887,630.228772896765,L6_1,984.5,,
264950.564805202,3842086.20835887,630.228772896765,L6_1,984.5,,
264950.564805202,3842086.20835887,630.228772896765,L6_1,984.5,,
264950.564805202,3842086.20835887,630.228772896765,L6_1,984.5,,
264950.564805202,3842086.20835887,630.228772896765,L6_1,984.5,,
264950.564805202,3842086.20835887,630.228772896765,L6_1,984.5,,
264950.564805202,3842086.20835887,630.228772896765,L6_1,984.5,,
264950.564805202,3842086.20835887,630.228772896765,L6_1,984.5,,
264950.564805202,3842086.20835887,630.228772896765,L6_1,984.5,,
264950.564805202,3842086.20835887,630.228772896765,L6_1,984.5,,
264950.564805202,3842086.20835887,630.228772896765,L6_1,984.5,,
264950.564805202,3842086.20835887,630.228772896765,L6_1,984.5,,
264955.519712688,3842089.602115,630.337342768683,L6_1,990.5,630.337342768683,19.8075324816226
264955.519712688,3842089.602115,630.337342768683,L6_1,990.5,625.042858869693,17.3081257825509
264955.519712688,3842089.602115,630.337342768683,L6_1,990.5,619.483650775755,12.9631340099556
264955.519712688,3842089.602115,630.337342768683,L6_1,990.5,613.646482277119,9.58214655709159
264955.519712688,3842089.602115,630.337342768683,L6_1,990.5,607.517455353551,7.2211852037587
264955.519712688,3842089.602115,630.337342768683,L6_1,990.5,601.081977083806,5.72179222684584
264955.519712688,3842089.602115,630.337342768683,L6_1,990.5,594.324724900573,4.98620465319447
264955.519712688,3842089.602115,630.337342768683,L6_1,990.5,587.229610108178,4.90186724970306
264955.519712688,3842089.602115,630.337342768683,L6_1,990.5,579.779739576163,5.39604074937757
264955.519712688,3842089.602115,630.337342768683,L6_1,990.5,571.957375517548,6.45523496479975
264955.519712688,3842089.602115,630.337342768683,L6_1,990.5,563.743893256002,8.0950918579056
264955.519712688,3842089.602115,630.337342768683,L6_1,990.5,555.119736881379,10.3026860849874
264955.519712688,3842089.602115,630.337342768683,L6_1,990.5,546.064372688024,12.9752861144085
264955.519712688,3842089.602115,630.337342768683,L6_1,990.5,536.556240285002,15.8920938630651
264955.519712688,3842089.602115,630.337342768683,L6_1,990.5,526.572701261828,18.750188321845
264955.519712688,3842089.602115,630.337342768683,L6_1,990.5,516.089985287496,21.2507530347007
264955.519712688,3842089.602115,630.337342768683,L6_1,990.5,505.083133514448,23.1805745493401
264955.519712688,3842089.602115,630.337342768683,L6_1,990.5,493.525939152747,24.4473097872053
264955.519712688,3842089.602115,630.337342768683,L6_1,990.5,481.390885072961,25.0702464450639
264955.519712688,3842089.602115,630.337342768683,L6_1,990.5,468.649078289185,25.1492928960195
264955.519712688,3842089.602115,630.337342768683,L6_1,990.5,455.270181166221,24.8293396138889
264955.519712688,3842089.602115,630.337342768683,L6_1,990.5,441.222339187109,24.2676628829305
264955.519712688,3842089.602115,630.337342768683,L6_1,990.5,426.472105109041,23.6083428068948
264955.519712688,3842089.602115,630.337342768683,L6_1,990.5,410.98435932707,22.966289697211
264955.519712688,3842089.602115,630.337342768683,L6_1,990.5,394.722226256,22.420885663375
264955.519712688,3842089.602115,630.337342768683,L6_1,990.5,377.646986531376,22.0167083603294
264955.519712688,3842089.602115,630.337342768683,L6_1,990.5,359.717984820522,21.7681383792884
264955.519712688,3842089.602115,630.337342768683,L6_1,990.5,340.892533024124,21.6653362339801
264955.519712688,3842089.602115,630.337342768683,L6_1,990.5,321.125808637907,21.6800739791451
264955.519712688,3842089.602115,630.337342768683,L6_1,990.5,300.370748032379,21.7709033243113
264955.519712688,3842089.602115,630.337342768683,L6_1,990.5,278.577934396574,21.8880547620603
264955.519712688,3842089.602115,630.337342768683,L6_1,990.5,255.708451005632,21.9786147759567
264955.519712688,3842089.602115,630.337342768683,L6_1,990.5,233.018253536091,22.0037802001499
264955.519712688,3842089.602115,630.337342768683,L6_1,990.5,209.193546193073,21.9346061387382
264955.519712688,3842089.602115,630.337342768683,L6_1,990.5,184.177603482904,21.7427928842857
264955.519712688,3842089.602115,630.337342768683,L6_1,990.5,157.910863637227,21.4111451769237
264955.519712688,3842089.602115,630.337342768683,L6_1,990.5,130.330786799265,20.9343259715713
264955.519712688,3842089.602115,630.337342768683,L6_1,990.5,101.371706119406,20.3183387972111
264955.519712688,3842089.602115,630.337342768683,L6_1,990.5,70.9646714055538,19.5790225689816
264955.519712688,3842089.602115,630.337342768683,L6_1,990.5,39.0372849560089,18.7398977561816
264955.519712688,3842089.602115,630.337342768683,L6_1,990.5,,
264955.519712688,3842089.602115,630.337342768683,L6_1,990.5,,
264955.519712688,3842089.602115,630.337342768683,L6_1,990.5,,
264955.519712688,3842089.602115,630.337342768683,L6_1,990.5,,
264955.519712688,3842089.602115,630.337342768683,L6_1,990.5,,
264955.519712688,3842089.602115,630.337342768683,L6_1,990.5,,
264955.519712688,3842089.602115,630.337342768683,L6_1,990.5,,
264955.519712688,3842089.602115,630.337342768683,L6_1,990.5,,
264955.519712688,3842089.602115,630.337342768683,L6_1,990.5,,
264955.519712688,3842089.602115,630.337342768683,L6_1,990.5,,
264955.519712688,3842089.602115,630.337342768683,L6_1,990.5,,
264955.519712688,3842089.602115,630.337342768683,L6_1,990.5,,
264955.519712688,3842089.602115,630.337342768683,L6_1,990.5,,
264955.519712688,3842089.602115,630.337342768683,L6_1,990.5,,
264955.519712688,3842089.602115,630.337342768683,L6_1,990.5,,
264955.519712688,3842089.602115,630.337342768683,L6_1,990.5,,
264955.519712688,3842089.602115,630.337342768683,L6_1,990.5,,
264955.519712688,3842089.602115,630.337342768683,L6_1,990.5,,
264955.519712688,3842089.602115,630.337342768683,L6_1,990.5,,
264955.519712688,3842089.602115,630.337342768683,L6_1,990.5,,
264955.519712688,3842089.602115,630.337342768683,L6_1,990.5,,
264960.887529131,3842093.27868414,630.552782689703,L6_1,997.0,630.552782689703,12.5600280871608
264960.887529131,3842093.27868414,630.552782689703,L6_1,997.0,625.255252271457,12.4889873018584
264960.887529131,3842093.27868414,630.552782689703,L6_1,997.0,619.6928453323,11.4162284298083
264960.887529131,3842093.27868414,630.552782689703,L6_1,997.0,613.852318046185,9.26996663543403
264960.887529131,3842093.27868414,630.552782689703,L6_1,997.0,607.719764395764,7.18176986361901
264960.887529131,3842093.27868414,630.552782689703,L6_1,997.0,601.280583062821,5.68635150810943
264960.887529131,3842093.27868414,630.552782689703,L6_1,997.0,594.519442663232,4.90176771341896
264960.887529131,3842093.27868414,630.552782689703,L6_1,997.0,587.420245243664,4.76516778513218
264960.887529131,3842093.27868414,630.552782689703,L6_1,997.0,579.966087953116,5.20990830974701
264960.887529131,3842093.27868414,630.552782689703,L6_1,997.0,572.139222798042,6.22333763520835
264960.887529131,3842093.27868414,630.552782689703,L6_1,997.0,563.921014385214,7.82539023698863
264960.887529131,3842093.27868414,630.552782689703,L6_1,997.0,555.291895551744,10.0111070956694
264960.887529131,3842093.27868414,630.552782689703,L6_1,997.0,546.231320776601,12.6861539598576
264960.887529131,3842093.27868414,630.552782689703,L6_1,997.0,536.717717262701,15.6332123200919
264960.887529131,3842093.27868414,630.552782689703,L6_1,997.0,526.728433573105,18.543971168355
264960.887529131,3842093.27868414,630.552782689703,L6_1,997.0,516.23968569903,21.1067843185035
264960.887529131,3842093.27868414,630.552782689703,L6_1,997.0,505.226500431252,23.0943119746673
264960.887529131,3842093.27868414,630.552782689703,L6_1,997.0,493.662655900084,24.4046140258245
264960.887529131,3842093.27868414,630.552782689703,L6_1,997.0,481.520619142358,25.0538025823562
264960.887529131,3842093.27868414,630.552782689703,L6_1,997.0,468.771480546745,25.1435278068789
264960.887529131,3842093.27868414,630.552782689703,L6_1,997.0,455.384885021352,24.8227665409331
264960.887529131,3842093.27868414,630.552782689703,L6_1,997.0,441.328959719689,24.2531447144692
264960.887529131,3842093.27868414,630.552782689703,L6_1,997.0,426.570238152944,23.5822608004988
264960.887529131,3842093.27868414,630.552782689703,L6_1,997.0,411.073580507861,22.9274232422378
264960.887529131,3842093.27868414,630.552782689703,L6_1,997.0,394.802089980523,22.3693848340993
264960.887529131,3842093.27868414,630.552782689703,L6_1,997.0,377.717024926819,21.9533790345613
264960.887529131,3842093.27868414,630.552782689703,L6_1,997.0,359.77770662043,21.6940293984975
264960.887529131,3842093.27868414,630.552782689703,L6_1,997.0,340.941422398721,21.5815241526799
264960.887529131,3842093.27868414,630.552782689703,L6_1,997.0,321.163323965927,21.5876068067152
264960.887529131,3842093.27868414,630.552782689703,L6_1,997.0,300.396320611493,21.6708294635275
264960.887529131,3842093.27868414,630.552782689703,L6_1,997.0,278.590967089337,21.7814702512645
264960.887529131,3842093.27868414,630.552782689703,L6_1,997.0,255.708451005632,21.8667158676361
264960.887529131,3842093.27868414,630.552782689703,L6_1,997.0,233.018253536091,21.8878563876638
264960.887529131,3842093.27868414,630.552782689703,L6_1,997.0,209.193546193073,21.8160580827846
264960.887529131,3842093.27868414,630.552782689703,L6_1,997.0,184.177603482904,21.6231806053939
264960.887529131,3842093.27868414,630.552782689703,L6_1,997.0,157.910863637227,21.292145299129
264960.887529131,3842093.27868414,630.552782689703,L6_1,997.0,130.330786799265,20.8176652497841
264960.887529131,3842093.27868414,630.552782689703,L6_1,997.0,101.371706119406,20.2057154863841
264960.887529131,3842093.27868414,630.552782689703,L6_1,997.0,70.9646714055538,19.4720242853239
264960.887529131,3842093.27868414,630.552782689703,L6_1,997.0,39.0372849560089,18.6399160234563
264960.887529131,3842093.27868414,630.552782689703,L6_1,997.0,,
264960.887529131,3842093.27868414,630.552782689703,L6_1,997.0,,
264960.887529131,3842093.27868414,630.552782689703,L6_1,997.0,,
264960.887529131,3842093.27868414,630.552782689703,L6_1,997.0,,
264960.887529131,3842093.27868414,630.552782689703,L6_1,997.0,,
264960.887529131,3842093.27868414,630.552782689703,L6_1,997.0,,
264960.887529131,3842093.27868414,630.552782689703,L6_1,997.0,,
264960.887529131,3842093.27868414,630.552782689703,L6_1,997.0,,
264960.887529131,3842093.27868414,630.552782689703,L6_1,997.0,,
264960.887529131,3842093.27868414,630.552782689703,L6_1,997.0,,
264960.887529131,3842093.27868414,630.552782689703,L6_1,997.0,,
264960.887529131,3842093.27868414,630.552782689703,L6_1,997.0,,
264960.887529131,3842093.27868414,630.552782689703,L6_1,997.0,,
264960.887529131,3842093.27868414,630.552782689703,L6_1,997.0,,
264960.887529131,3842093.27868414,630.552782689703,L6_1,997.0,,
264960.887529131,3842093.27868414,630.552782689703,L6_1,997.0,,
264960.887529131,3842093.27868414,630.552782689703,L6_1,997.0,,
264960.887529131,3842093.27868414,630.552782689703,L6_1,997.0,,
264960.887529131,3842093.27868414,630.552782689703,L6_1,997.0,,
264960.887529131,3842093.27868414,630.552782689703,L6_1,997.0,,
264960.887529131,3842093.27868414,630.552782689703,L6_1,997.0,,
264965.842428865,3842096.67244545,630.768222610723,L6_1,1003.0,630.768222610723,11.2478115912013
264965.842428865,3842096.67244545,630.768222610723,L6_1,1003.0,625.467645673221,11.6578984940003
264965.842428865,3842096.67244545,630.768222610723,L6_1,1003.0,619.902039888845,11.4085160765012
264965.842428865,3842096.67244545,630.768222610723,L6_1,1003.0,614.05815381525,9.56832332599898
264965.842428865,3842096.67244545,630.768222610723,L6_1,1003.0,607.922073437976,7.41923382113432
264965.842428865,3842096.67244545,630.768222610723,L6_1,1003.0,601.479189041837,5.79658949157001
264965.842428865,3842096.67244545,630.768222610723,L6_1,1003.0,594.714160425892,4.91276303189831
264965.842428865,3842096.67244545,630.768222610723,L6_1,1003.0,587.610880379149,4.70657699085176
264965.842428865,3842096.67244545,630.768222610723,L6_1,1003.0,580.15243633007,5.09720234867821
264965.842428865,3842096.67244545,630.768222610723,L6_1,1003.0,572.321070078536,6.06317765251313
264965.842428865,3842096.67244545,630.768222610723,L6_1,1003.0,564.098135514425,7.62291484438868
264965.842428865,3842096.67244545,630.768222610723,L6_1,1003.0,555.46405422211,9.77557768771649
264965.842428865,3842096.67244545,630.768222610723,L6_1,1003.0,546.398268865178,12.4337500101045
264965.842428865,3842096.67244545,630.768222610723,L6_1,1003.0,536.879194240399,15.3853956655294
264965.842428865,3842096.67244545,630.768222610723,L6_1,1003.0,526.884165884382,18.3215754094291
264965.842428865,3842096.67244545,630.768222610723,L6_1,1003.0,516.389386110564,20.9233211362984
264965.842428865,3842096.67244545,630.768222610723,L6_1,1003.0,505.369867348055,22.952829447834
264965.842428865,3842096.67244545,630.768222610723,L6_1,1003.0,493.799372647421,24.2993319500867
264965.842428865,3842096.67244545,630.768222610723,L6_1,1003.0,481.650353211755,24.9743320519836
264965.842428865,3842096.67244545,630.768222610723,L6_1,1003.0,468.893882804305,25.0789210519998
264965.842428865,3842096.67244545,630.768222610723,L6_1,1003.0,455.499588876483,24.7639953269462
264965.842428865,3842096.67244545,630.768222610723,L6_1,1003.0,441.43558025227,24.1939435624793
264965.842428865,3842096.67244545,630.768222610723,L6_1,1003.0,426.668371196846,23.5189080918921
264965.842428865,3842096.67244545,630.768222610723,L6_1,1003.0,411.162801688652,22.8580699186848
264965.842428865,3842096.67244545,630.768222610723,L6_1,1003.0,394.881953705047,22.2933396522148
264965.842428865,3842096.67244545,630.768222610723,L6_1,1003.0,377.787063322262,21.8705643073254
264965.842428865,3842096.67244545,630.768222610723,L6_1,1003.0,359.837428420338,21.6046464533513
264965.842428865,3842096.67244545,630.768222610723,L6_1,1003.0,340.990311773318,21.4858850975318
264965.842428865,3842096.67244545,630.768222610723,L6_1,1003.0,321.200839293946,21.4860886134123
264965.842428865,3842096.67244545,630.768222610723,L6_1,1003.0,300.421893190606,21.5638921365321
264965.842428865,3842096.67244545,630.768222610723,L6_1,1003.0,278.603999782099,21.6696972953609
264965.842428865,3842096.67244545,630.768222610723,L6_1,1003.0,255.708451005632,21.750865810135
264965.842428865,3842096.67244545,630.768222610723,L6_1,1003.0,233.018253536091,21.768871834475
264965.842428865,3842096.67244545,630.768222610723,L6_1,1003.0,209.193546193073,21.6950815160826
264965.842428865,3842096.67244545,630.768222610723,L6_1,1003.0,184.177603482904,21.5015756692277
264965.842428865,3842096.67244545,630.768222610723,L6_1,1003.0,157.910863637227,21.1714475014651
264965.842428865,3842096.67244545,630.768222610723,L6_1,1003.0,130.330786799265,20.6995081256292
264965.842428865,3842096.67244545,630.768222610723,L6_1,1003.0,101.371706119406,20.0917434354908
264965.842428865,3842096.67244545,630.768222610723,L6_1,1003.0,70.9646714055538,19.3637957067952
264965.842428865,3842096.67244545,630.768222610723,L6_1,1003.0,39.0372849560089,18.5388096548619
264965.842428865,3842096.67244545,630.768222610723,L6_1,1003.0,,
264965.842428865,3842096.67244545,630.768222610723,L6_1,1003.0,,
264965.842428865,3842096.67244545,630.768222610723,L6_1,1003.0,,
264965.842428865,3842096.67244545,630.768222610723,L6_1,1003.0,,
264965.842428865,3842096.67244545,630.768222610723,L6_1,1003.0,,
264965.842428865,3842096.67244545,630.768222610723,L6_1,1003.0,,
264965.842428865,3842096.67244545,630.768222610723,L6_1,1003.0,,
264965.842428865,3842096.67244545,630.768222610723,L6_1,1003.0,,
264965.842428865,3842096.67244545,630.768222610723,L6_1,1003.0,,
264965.842428865,3842096.67244545,630.768222610723,L6_1,1003.0,,
264965.842428865,3842096.67244545,630.768222610723,L6_1,1003.0,,
264965.842428865,3842096.67244545,630.768222610723,L6_1,1003.0,,
264965.842428865,3842096.67244545,630.768222610723,L6_1,1003.0,,
264965.842428865,3842096.67244545,630.768222610723,L6_1,1003.0,,
264965.842428865,3842096.67244545,630.768222610723,L6_1,1003.0,,
264965.842428865,3842096.67244545,630.768222610723,L6_1,1003.0,,
264965.842428865,3842096.67244545,630.768222610723,L6_1,1003.0,,
264965.842428865,3842096.67244545,630.768222610723,L6_1,1003.0,,
264965.842428865,3842096.67244545,630.768222610723,L6_1,1003.0,,
264965.842428865,3842096.67244545,630.768222610723,L6_1,1003.0,,
264965.842428865,3842096.67244545,630.768222610723,L6_1,1003.0,,
264971.210228513,3842100.3490258,630.983662531742,L6_1,1009.5,630.983662531742,14.3380736752567
264971.210228513,3842100.3490258,630.983662531742,L6_1,1009.5,625.680039074985,14.1209642038545
264971.210228513,3842100.3490258,630.983662531742,L6_1,1009.5,620.111234445391,12.8418697282808
264971.210228513,3842100.3490258,630.983662531742,L6_1,1009.5,614.263989584316,10.3883007595272
264971.210228513,3842100.3490258,630.983662531742,L6_1,1009.5,608.124382480188,7.85477829588809
264971.210228513,3842100.3490258,630.983662531742,L6_1,1009.5,601.677795020853,6.00876083688538
264971.210228513,3842100.3490258,630.983662531742,L6_1,1009.5,594.908878188552,5.00106273863769
264971.210228513,3842100.3490258,630.983662531742,L6_1,1009.5,587.801515514635,4.72091332408692
264971.210228513,3842100.3490258,630.983662531742,L6_1,1009.5,580.338784707023,5.05854799863887
264971.210228513,3842100.3490258,630.983662531742,L6_1,1009.5,572.50291735903,5.97854226001587
264971.210228513,3842100.3490258,630.983662531742,L6_1,1009.5,564.275256643637,7.49439984881321
264971.210228513,3842100.3490258,630.983662531742,L6_1,1009.5,555.636212892475,9.60620860029124
264971.210228513,3842100.3490258,630.983662531742,L6_1,1009.5,546.565216953755,12.231287108398
264971.210228513,3842100.3490258,630.983662531742,L6_1,1009.5,537.040671218098,15.1634969521518
264971.210228513,3842100.3490258,630.983662531742,L6_1,1009.5,527.039898195659,18.0973981870182
264971.210228513,3842100.3490258,630.983662531742,L6_1,1009.5,516.539086522098,20.7125789798956
264971.210228513,3842100.3490258,630.983662531742,L6_1,1009.5,505.513234264859,22.765406484582
264971.210228513,3842100.3490258,630.983662531742,L6_1,1009.5,493.936089394758,24.1379397791966
264971.210228513,3842100.3490258,630.983662531742,L6_1,1009.5,481.780087281151,24.8360925211032
264971.210228513,3842100.3490258,630.983662531742,L6_1,1009.5,469.016285061865,24.9581662476189
264971.210228513,3842100.3490258,630.983662531742,L6_1,1009.5,455.614292731614,24.6546943872342
264971.210228513,3842100.3490258,630.983662531742,L6_1,1009.5,441.542200784851,24.0910848557838
264971.210228513,3842100.3490258,630.983662531742,L6_1,1009.5,426.766504240749,23.4189169053172
264971.210228513,3842100.3490258,630.983662531742,L6_1,1009.5,411.252022869443,22.7586238834195
264971.210228513,3842100.3490258,630.983662531742,L6_1,1009.5,394.961817429571,22.1929986011999
264971.210228513,3842100.3490258,630.983662531742,L6_1,1009.5,377.857101717705,21.7684201090269
264971.210228513,3842100.3490258,630.983662531742,L6_1,1009.5,359.897150220246,21.5000834173483
264971.210228513,3842100.3490258,630.983662531742,L6_1,1009.5,341.039201147914,21.378469102817
264971.210228513,3842100.3490258,630.983662531742,L6_1,1009.5,321.238354621966,21.3755372764703
264971.210228513,3842100.3490258,630.983662531742,L6_1,1009.5,300.44746576972,21.4500848345482
264971.210228513,3842100.3490258,630.983662531742,L6_1,1009.5,278.617032474862,21.5527107450577
264971.210228513,3842100.3490258,630.983662531742,L6_1,1009.5,255.708451005632,21.6310260718217
264971.210228513,3842100.3490258,630.983662531742,L6_1,1009.5,233.018253536091,21.6467810624005
264971.210228513,3842100.3490258,630.983662531742,L6_1,1009.5,209.193546193073,21.5716300041378
264971.210228513,3842100.3490258,630.983662531742,L6_1,1009.5,184.177603482904,21.3779344748824
264971.210228513,3842100.3490258,630.983662531742,L6_1,1009.5,157.910863637227,21.0490129026718
264971.210228513,3842100.3490258,630.983662531742,L6_1,1009.5,130.330786799265,20.5798217504509
264971.210228513,3842100.3490258,630.983662531742,L6_1,1009.5,101.371706119406,19.9763963645015
264971.210228513,3842100.3490258,630.983662531742,L6_1,1009.5,70.9646714055538,19.2543167229559
264971.210228513,3842100.3490258,630.983662531742,L6_1,1009.5,39.0372849560089,18.436563873026
264971.210228513,3842100.3490258,630.983662531742,L6_1,1009.5,,
264971.210228513,3842100.3490258,630.983662531742,L6_1,1009.5,,
264971.210228513,3842100.3490258,630.983662531742,L6_1,1009.5,,
264971.210228513,3842100.3490258,630.983662531742,L6_1,1009.5,,
264971.210228513,3842100.3490258,630.983662531742,L6_1,1009.5,,
264971.210228513,3842100.3490258,630.983662531742,L6_1,1009.5,,
264971.210228513,3842100.3490258,630.983662531742,L6_1,1009.5,,
264971.210228513,3842100.3490258,630.983662531742,L6_1,1009.5,,
264971.210228513,3842100.3490258,630.983662531742,L6_1,1009.5,,
264971.210228513,3842100.3490258,630.983662531742,L6_1,1009.5,,
264971.210228513,3842100.3490258,630.983662531742,L6_1,1009.5,,
264971.210228513,3842100.3490258,630.983662531742,L6_1,1009.5,,
264971.210228513,3842100.3490258,630.983662531742,L6_1,1009.5,,
264971.210228513,3842100.3490258,630.983662531742,L6_1,1009.5,,
264971.210228513,3842100.3490258,630.983662531742,L6_1,1009.5,,
264971.210228513,3842100.3490258,630.983662531742,L6_1,1009.5,,
264971.210228513,3842100.3490258,630.983662531742,L6_1,1009.5,,
264971.210228513,3842100.3490258,630.983662531742,L6_1,1009.5,,
264971.210228513,3842100.3490258,630.983662531742,L6_1,1009.5,,
264971.210228513,3842100.3490258,630.983662531742,L6_1,1009.5,,
264971.210228513,3842100.3490258,630.983662531742,L6_1,1009.5,,
264976.165120496,3842103.74279228,631.24252405737,L6_1,1015.5,631.24252405737,15.5343725896021
264976.165120496,3842103.74279228,631.24252405737,L6_1,1015.5,625.935240059806,15.1288792500701
264976.165120496,3842103.74279228,631.24252405737,L6_1,1015.5,620.362591862363,13.5187393395143
264976.165120496,3842103.74279228,631.24252405737,L6_1,1015.5,614.511311255048,10.8186526209339
264976.165120496,3842103.74279228,631.24252405737,L6_1,1015.5,608.367466617368,8.11308194634046
264976.165120496,3842103.74279228,631.24252405737,L6_1,1015.5,601.916429747803,6.15902471096838
264976.165120496,3842103.74279228,631.24252405737,L6_1,1015.5,595.142841034761,5.08607441747831
264976.165120496,3842103.74279228,631.24252405737,L6_1,1015.5,588.030572886066,4.76243750843807
264976.165120496,3842103.74279228,631.24252405737,L6_1,1015.5,580.562691329936,5.06465996707534
264976.165120496,3842103.74279228,631.24252405737,L6_1,1015.5,572.721415696,5.9500242554395
264976.165120496,3842103.74279228,631.24252405737,L6_1,1015.5,564.488076280367,7.42865333963677
264976.165120496,3842103.74279228,631.24252405737,L6_1,1015.5,555.843069893953,9.49987571097268
264976.165120496,3842103.74279228,631.24252405737,L6_1,1015.5,546.765813188218,12.0830454175776
264976.165120496,3842103.74279228,631.24252405737,L6_1,1015.5,537.234693647196,14.977142266928
264976.165120496,3842103.74279228,631.24252405737,L6_1,1015.5,527.227018129123,17.8833280176414
264976.165120496,3842103.74279228,631.24252405737,L6_1,1015.5,516.718958835146,20.4857404576207
264976.165120496,3842103.74279228,631.24252405737,L6_1,1015.5,505.68549657647,22.5406291567615
264976.165120496,3842103.74279228,631.24252405737,L6_1,1015.5,494.100361204861,23.9258207338158
264976.165120496,3842103.74279228,631.24252405737,L6_1,1015.5,481.935969064671,24.6415875164369
264976.165120496,3842103.74279228,631.24252405737,L6_1,1015.5,469.163357317472,24.7816352206759
264976.165120496,3842103.74279228,631.24252405737,L6_1,1015.5,455.752114982913,24.493900739623
264976.165120496,3842103.74279228,631.24252405737,L6_1,1015.5,441.670310531625,23.9429185422313
264976.165120496,3842103.74279228,631.24252405737,L6_1,1015.5,426.884415857774,23.2803870586912
264976.165120496,3842103.74279228,631.24252405737,L6_1,1015.5,411.35922645023,22.6272027259776
264976.165120496,3842103.74279228,631.24252405737,L6_1,1015.5,395.057777572308,22.0666311820098
264976.165120496,3842103.74279228,631.24252405737,L6_1,1015.5,377.941256250491,21.6454189972489
264976.165120496,3842103.74279228,631.24252405737,L6_1,1015.5,359.968908862583,21.3790313260237
264976.165120496,3842103.74279228,631.24252405737,L6_1,1015.5,341.097944105279,21.2581785918141
264976.165120496,3842103.74279228,631.24252405737,L6_1,1015.5,321.28343111011,21.255044330009
264976.165120496,3842103.74279228,631.24252405737,L6_1,1015.5,300.478192465183,21.3286663561859
264976.165120496,3842103.74279228,631.24252405737,L6_1,1015.5,278.632691888009,21.4299204994406
264976.165120496,3842103.74279228,631.24252405737,L6_1,1015.5,255.708451005632,21.5067404150631
264976.165120496,3842103.74279228,631.24252405737,L6_1,1015.5,233.018253536091,21.5212393511495
264976.165120496,3842103.74279228,631.24252405737,L6_1,1015.5,209.193546193073,21.4454473804404
264976.165120496,3842103.74279228,631.24252405737,L6_1,1015.5,184.177603482904,21.2520731564575
264976.165120496,3842103.74279228,631.24252405737,L6_1,1015.5,157.910863637227,20.9247181909872
264976.165120496,3842103.74279228,631.24252405737,L6_1,1015.5,130.330786799265,20.4585320017643
264976.165120496,3842103.74279228,631.24252405737,L6_1,1015.5,101.371706119406,19.8596341226301
264976.165120496,3842103.74279228,631.24252405737,L6_1,1015.5,70.9646714055538,19.143571139368
264976.165120496,3842103.74279228,631.24252405737,L6_1,1015.5,39.0372849560089,18.3331805653486
264976.165120496,3842103.74279228,631.24252405737,L6_1,1015.5,,
264976.165120496,3842103.74279228,631.24252405737,L6_1,1015.5,,
264976.165120496,3842103.74279228,631.24252405737,L6_1,1015.5,,
264976.165120496,3842103.74279228,631.24252405737,L6_1,1015.5,,
264976.165120496,3842103.74279228,631.24252405737,L6_1,1015.5,,
264976.165120496,3842103.74279228,631.24252405737,L6_1,1015.5,,
264976.165120496,3842103.74279228,631.24252405737,L6_1,1015.5,,
264976.165120496,3842103.74279228,631.24252405737,L6_1,1015.5,,
264976.165120496,3842103.74279228,631.24252405737,L6_1,1015.5,,
264976.165120496,3842103.74279228,631.24252405737,L6_1,1015.5,,
264976.165120496,3842103.74279228,631.24252405737,L6_1,1015.5,,
264976.165120496,3842103.74279228,631.24252405737,L6_1,1015.5,,
264976.165120496,3842103.74279228,631.24252405737,L6_1,1015.5,,
264976.165120496,3842103.74279228,631.24252405737,L6_1,1015.5,,
264976.165120496,3842103.74279228,631.24252405737,L6_1,1015.5,,
264976.165120496,3842103.74279228,631.24252405737,L6_1,1015.5,,
264976.165120496,3842103.74279228,631.24252405737,L6_1,1015.5,,
264976.165120496,3842103.74279228,631.24252405737,L6_1,1015.5,,
264976.165120496,3842103.74279228,631.24252405737,L6_1,1015.5,,
264976.165120496,3842103.74279228,631.24252405737,L6_1,1015.5,,
264976.165120496,3842103.74279228,631.24252405737,L6_1,1015.5,,
264981.532920144,3842107.41937263,631.544903396835,L6_1,1022.0,631.544903396835,14.0415776866385
264981.532920144,3842107.41937263,631.544903396835,L6_1,1022.0,626.233343476425,14.0751292483074
264981.532920144,3842107.41937263,631.544903396835,L6_1,1022.0,620.656205559994,13.1031506017746
264981.532920144,3842107.41937263,631.544903396835,L6_1,1022.0,614.800210747741,10.6812214739098
264981.532920144,3842107.41937263,631.544903396835,L6_1,1022.0,608.651416194876,8.08755438418217
264981.532920144,3842107.41937263,631.544903396835,L6_1,1022.0,602.195181914367,6.1708003462107
264981.532920144,3842107.41937263,631.544903396835,L6_1,1022.0,595.416135919833,5.10643778605672
264981.532920144,3842107.41937263,631.544903396835,L6_1,1022.0,588.298137625573,4.77825068222132
264981.532920144,3842107.41937263,631.544903396835,L6_1,1022.0,580.824239416599,5.06739990637159
264981.532920144,3842107.41937263,631.544903396835,L6_1,1022.0,572.976646297177,5.93287838488959
264981.532920144,3842107.41937263,631.544903396835,L6_1,1022.0,564.736673521783,7.38479367220505
264981.532920144,3842107.41937263,631.544903396835,L6_1,1022.0,556.08470210762,9.42122980611922
264981.532920144,3842107.41937263,631.544903396835,L6_1,1022.0,547.000132122749,11.9611269914366
264981.532920144,3842107.41937263,631.544903396835,L6_1,1022.0,537.461333638634,14.8069340866273
264981.532920144,3842107.41937263,631.544903396835,L6_1,1022.0,527.445595230313,17.6679902229857
264981.532920144,3842107.41937263,631.544903396835,L6_1,1022.0,516.929069901577,20.2376831490503
264981.532920144,3842107.41937263,631.544903396835,L6_1,1022.0,505.886718306403,22.2773809893328
264981.532920144,3842107.41937263,631.544903396835,L6_1,1022.0,494.292249131471,23.6639038712022
264981.532920144,3842107.41937263,631.544903396835,L6_1,1022.0,482.118056497793,24.3924631000885
264981.532920144,3842107.41937263,631.544903396835,L6_1,1022.0,469.33515423243,24.5509706862884
264981.532920144,3842107.41937263,631.544903396835,L6_1,1022.0,455.913106853799,24.2829594321261
264981.532920144,3842107.41937263,631.544903396835,L6_1,1022.0,441.819957106237,23.7504344801898
264981.532920144,3842107.41937263,631.544903396835,L6_1,1022.0,427.022149871296,23.1039988026698
264981.532920144,3842107.41937263,631.544903396835,L6_1,1022.0,411.484452274609,22.4642501547715
264981.532920144,3842107.41937263,631.544903396835,L6_1,1022.0,395.169869798087,21.9145111250002
264981.532920144,3842107.41937263,631.544903396835,L6_1,1022.0,378.039558197739,21.5017167244947
264981.532920144,3842107.41937263,631.544903396835,L6_1,1022.0,360.052731017374,21.24156645178
264981.532920144,3842107.41937263,631.544903396835,L6_1,1022.0,341.16656247799,21.1250359138903
264981.532920144,3842107.41937263,631.544903396835,L6_1,1022.0,321.336085511637,21.1245950512939
264981.532920144,3842107.41937263,631.544903396835,L6_1,1022.0,300.514084696967,21.199598233583
264981.532920144,3842107.41937263,631.544903396835,L6_1,1022.0,278.650983841563,21.3012742796436
264981.532920144,3842107.41937263,631.544903396835,L6_1,1022.0,255.708451005632,21.3779495607236
264981.532920144,3842107.41937263,631.544903396835,L6_1,1022.0,233.018253536091,21.3921857821582
264981.532920144,3842107.41937263,631.544903396835,L6_1,1022.0,209.193546193073,21.316475312626
264981.532920144,3842107.41937263,631.544903396835,L6_1,1022.0,184.177603482904,21.1239386523266
264981.532920144,3842107.41937263,631.544903396835,L6_1,1022.0,157.910863637227,20.7985175395598
264981.532920144,3842107.41937263,631.544903396835,L6_1,1022.0,130.330786799265,20.3356008540063
264981.532920144,3842107.41937263,631.544903396835,L6_1,1022.0,101.371706119406,19.7414265958557
264981.532920144,3842107.41937263,631.544903396835,L6_1,1022.0,70.9646714055538,19.03153680854
264981.532920144,3842107.41937263,631.544903396835,L6_1,1022.0,39.0372849560089,18.2286441745758
264981.532920144,3842107.41937263,631.544903396835,L6_1,1022.0,,
264981.532920144,3842107.41937263,631.544903396835,L6_1,1022.0,,
264981.532920144,3842107.41937263,631.544903396835,L6_1,1022.0,,
264981.532920144,3842107.41937263,631.544903396835,L6_1,1022.0,,
264981.532920144,3842107.41937263,631.544903396835,L6_1,1022.0,,
264981.532920144,3842107.41937263,631.544903396835,L6_1,1022.0,,
264981.532920144,3842107.41937263,631.544903396835,L6_1,1022.0,,
264981.532920144,3842107.41937263,631.544903396835,L6_1,1022.0,,
264981.532920144,3842107.41937263,631.544903396835,L6_1,1022.0,,
264981.532920144,3842107.41937263,631.544903396835,L6_1,1022.0,,
264981.532920144,3842107.41937263,631.544903396835,L6_1,1022.0,,
264981.532920144,3842107.41937263,631.544903396835,L6_1,1022.0,,
264981.532920144,3842107.41937263,631.544903396835,L6_1,1022.0,,
264981.532920144,3842107.41937263,631.544903396835,L6_1,1022.0,,
264981.532920144,3842107.41937263,631.544903396835,L6_1,1022.0,,
264981.532920144,3842107.41937263,631.544903396835,L6_1,1022.0,,
264981.532920144,3842107.41937263,631.544903396835,L6_1,1022.0,,
264981.532920144,3842107.41937263,631.544903396835,L6_1,1022.0,,
264981.532920144,3842107.41937263,631.544903396835,L6_1,1022.0,,
264981.532920144,3842107.41937263,631.544903396835,L6_1,1022.0,,
264981.532920144,3842107.41937263,631.544903396835,L6_1,1022.0,,
264986.487804373,3842110.81314429,631.847282736301,L6_1,1028.0,631.847282736301,15.8973786704651
264986.487804373,3842110.81314429,631.847282736301,L6_1,1028.0,626.531446893044,15.521925221459
264986.487804373,3842110.81314429,631.847282736301,L6_1,1028.0,620.949819257624,13.7121873050118
264986.487804373,3842110.81314429,631.847282736301,L6_1,1028.0,615.089110240434,10.7184818258262
264986.487804373,3842110.81314429,631.847282736301,L6_1,1028.0,608.935365772384,7.93188063476703
264986.487804373,3842110.81314429,631.847282736301,L6_1,1028.0,602.473934080931,6.00810533710344
264986.487804373,3842110.81314429,631.847282736301,L6_1,1028.0,595.689430804906,4.98663735554704
264986.487804373,3842110.81314429,631.847282736301,L6_1,1028.0,588.56570236508,4.69573099801879
264986.487804373,3842110.81314429,631.847282736301,L6_1,1028.0,581.085787503262,5.00537883137914
264986.487804373,3842110.81314429,631.847282736301,L6_1,1028.0,573.231876898353,5.87717148235991
264986.487804373,3842110.81314429,631.847282736301,L6_1,1028.0,564.985270763199,7.32366523684968
264986.487804373,3842110.81314429,631.847282736301,L6_1,1028.0,556.326334321287,9.34176066823077
264986.487804373,3842110.81314429,631.847282736301,L6_1,1028.0,547.23445105728,11.8477190737199
264986.487804373,3842110.81314429,631.847282736301,L6_1,1028.0,537.687973630072,14.6450854179426
264986.487804373,3842110.81314429,631.847282736301,L6_1,1028.0,527.664172331504,17.4516688815454
264986.487804373,3842110.81314429,631.847282736301,L6_1,1028.0,517.139180968008,19.9738051297904
264986.487804373,3842110.81314429,631.847282736301,L6_1,1028.0,506.087940036336,21.9831041270175
264986.487804373,3842110.81314429,631.847282736301,L6_1,1028.0,494.484137058082,23.359350662028
264986.487804373,3842110.81314429,631.847282736301,L6_1,1028.0,482.300143930914,24.0943561218042
264986.487804373,3842110.81314429,631.847282736301,L6_1,1028.0,469.506951147388,24.2699604915458
264986.487804373,3842110.81314429,631.847282736301,L6_1,1028.0,456.074098724686,24.024030671143
264986.487804373,3842110.81314429,631.847282736301,L6_1,1028.0,441.969603680848,23.514593553892
264986.487804373,3842110.81314429,631.847282736301,L6_1,1028.0,427.159883884819,22.8899332050601
264986.487804373,3842110.81314429,631.847282736301,L6_1,1028.0,411.609678098988,22.2694916759947
264986.487804373,3842110.81314429,631.847282736301,L6_1,1028.0,395.281962023866,21.7361331277127
264986.487804373,3842110.81314429,631.847282736301,L6_1,1028.0,378.137860144987,21.3367199740377
264986.487804373,3842110.81314429,631.847282736301,L6_1,1028.0,360.136553172165,21.0870891965113
264986.487804373,3842110.81314429,631.847282736301,L6_1,1028.0,341.235180850701,20.9784761971093
264986.487804373,3842110.81314429,631.847282736301,L6_1,1028.0,321.388739913165,20.9836836419518
264986.487804373,3842110.81314429,631.847282736301,L6_1,1028.0,300.549976928751,21.0624464318373
264986.487804373,3842110.81314429,631.847282736301,L6_1,1028.0,278.669275795117,21.1664115624527
264986.487804373,3842110.81314429,631.847282736301,L6_1,1028.0,255.708451005632,21.2443595708783
264986.487804373,3842110.81314429,631.847282736301,L6_1,1028.0,233.018253536091,21.2593887702171
264986.487804373,3842110.81314429,631.847282736301,L6_1,1028.0,209.193546193073,21.184544328067
264986.487804373,3842110.81314429,631.847282736301,L6_1,1028.0,184.177603482904,20.9934164613021
264986.487804373,3842110.81314429,631.847282736301,L6_1,1028.0,157.910863637227,20.6703393752376
264986.487804373,3842110.81314429,631.847282736301,L6_1,1028.0,130.330786799265,20.210989263913
264986.487804373,3842110.81314429,631.847282736301,L6_1,1028.0,101.371706119406,19.6217618183977
264986.487804373,3842110.81314429,631.847282736301,L6_1,1028.0,70.9646714055538,18.9182218795459
264986.487804373,3842110.81314429,631.847282736301,L6_1,1028.0,39.0372849560089,18.1229742194897
264986.487804373,3842110.81314429,631.847282736301,L6_1,1028.0,,
264986.487804373,3842110.81314429,631.847282736301,L6_1,1028.0,,
264986.487804373,3842110.81314429,631.847282736301,L6_1,1028.0,,
264986.487804373,3842110.81314429,631.847282736301,L6_1,1028.0,,
264986.487804373,3842110.81314429,631.847282736301,L6_1,1028.0,,
264986.487804373,3842110.81314429,631.847282736301,L6_1,1028.0,,
264986.487804373,3842110.81314429,631.847282736301,L6_1,1028.0,,
264986.487804373,3842110.81314429,631.847282736301,L6_1,1028.0,,
264986.487804373,3842110.81314429,631.847282736301,L6_1,1028.0,,
264986.487804373,3842110.81314429,631.847282736301,L6_1,1028.0,,
264986.487804373,3842110.81314429,631.847282736301,L6_1,1028.0,,
264986.487804373,3842110.81314429,631.847282736301,L6_1,1028.0,,
264986.487804373,3842110.81314429,631.847282736301,L6_1,1028.0,,
264986.487804373,3842110.81314429,631.847282736301,L6_1,1028.0,,
264986.487804373,3842110.81314429,631.847282736301,L6_1,1028.0,,
264986.487804373,3842110.81314429,631.847282736301,L6_1,1028.0,,
264986.487804373,3842110.81314429,631.847282736301,L6_1,1028.0,,
264986.487804373,3842110.81314429,631.847282736301,L6_1,1028.0,,
264986.487804373,3842110.81314429,631.847282736301,L6_1,1028.0,,
264986.487804373,3842110.81314429,631.847282736301,L6_1,1028.0,,
264986.487804373,3842110.81314429,631.847282736301,L6_1,1028.0,,
264991.855587223,3842114.48973586,632.149662075766,L6_1,1034.5,632.149662075766,21.1231504214246
264991.855587223,3842114.48973586,632.149662075766,L6_1,1034.5,626.829550309663,19.568454759607
264991.855587223,3842114.48973586,632.149662075766,L6_1,1034.5,621.243432955255,15.4721886028337
264991.855587223,3842114.48973586,632.149662075766,L6_1,1034.5,615.378009733127,10.9383233737294
264991.855587223,3842114.48973586,632.149662075766,L6_1,1034.5,609.219315349892,7.585461589867
264991.855587223,3842114.48973586,632.149662075766,L6_1,1034.5,602.752686247495,5.58909604857269
264991.855587223,3842114.48973586,632.149662075766,L6_1,1034.5,595.962725689979,4.64583651458322
264991.855587223,3842114.48973586,632.149662075766,L6_1,1034.5,588.833267104587,4.44261925310768
264991.855587223,3842114.48973586,632.149662075766,L6_1,1034.5,581.347335589925,4.81543985289637
264991.855587223,3842114.48973586,632.149662075766,L6_1,1034.5,573.48710749953,5.72695549899212
264991.855587223,3842114.48973586,632.149662075766,L6_1,1034.5,565.233868004615,7.19488628351782
264991.855587223,3842114.48973586,632.149662075766,L6_1,1034.5,556.567966534955,9.2164578415109
264991.855587223,3842114.48973586,632.149662075766,L6_1,1034.5,547.468769991811,11.7044282951238
264991.855587223,3842114.48973586,632.149662075766,L6_1,1034.5,537.914613621511,14.4615065298686
264991.855587223,3842114.48973586,632.149662075766,L6_1,1034.5,527.882749432695,17.2134034474372
264991.855587223,3842114.48973586,632.149662075766,L6_1,1034.5,517.349292034439,19.6815573007345
264991.855587223,3842114.48973586,632.149662075766,L6_1,1034.5,506.289161766269,21.6517059514533
264991.855587223,3842114.48973586,632.149662075766,L6_1,1034.5,494.676024984692,23.0101913000999
264991.855587223,3842114.48973586,632.149662075766,L6_1,1034.5,482.482231364035,23.7474456611586
264991.855587223,3842114.48973586,632.149662075766,L6_1,1034.5,469.678748062346,23.9396201856533
264991.855587223,3842114.48973586,632.149662075766,L6_1,1034.5,456.235090595572,23.7182580121275
264991.855587223,3842114.48973586,632.149662075766,L6_1,1034.5,442.119250255459,23.2363658508552
264991.855587223,3842114.48973586,632.149662075766,L6_1,1034.5,427.297617898341,22.638905000738
264991.855587223,3842114.48973586,632.149662075766,L6_1,1034.5,411.734903923367,22.0434023623087
264991.855587223,3842114.48973586,632.149662075766,L6_1,1034.5,395.394054249644,21.5317817712185
264991.855587223,3842114.48973586,632.149662075766,L6_1,1034.5,378.236162092235,21.1505736550072
264991.855587223,3842114.48973586,632.149662075766,L6_1,1034.5,360.220375326956,20.9156469640347
264991.855587223,3842114.48973586,632.149662075766,L6_1,1034.5,341.303799223413,20.8184838263847
264991.855587223,3842114.48973586,632.149662075766,L6_1,1034.5,321.441394314692,20.8322569839356
264991.855587223,3842114.48973586,632.149662075766,L6_1,1034.5,300.585869160536,20.917137638689
264991.855587223,3842114.48973586,632.149662075766,L6_1,1034.5,278.687567748671,21.0252511826009
264991.855587223,3842114.48973586,632.149662075766,L6_1,1034.5,255.708451005632,21.1058895615029
264991.855587223,3842114.48973586,632.149662075766,L6_1,1034.5,233.018253536091,21.1227720211793
264991.855587223,3842114.48973586,632.149662075766,L6_1,1034.5,209.193546193073,21.0495842015312
264991.855587223,3842114.48973586,632.149662075766,L6_1,1034.5,184.177603482904,20.8604446637728
264991.855587223,3842114.48973586,632.149662075766,L6_1,1034.5,157.910863637227,20.540131756696
264991.855587223,3842114.48973586,632.149662075766,L6_1,1034.5,130.330786799265,20.0846554298777
264991.855587223,3842114.48973586,632.149662075766,L6_1,1034.5,101.371706119406,19.5006075444678
264991.855587223,3842114.48973586,632.149662075766,L6_1,1034.5,70.9646714055538,18.803602121644
264991.855587223,3842114.48973586,632.149662075766,L6_1,1034.5,39.0372849560089,18.0161536769604
264991.855587223,3842114.48973586,632.149662075766,L6_1,1034.5,,
264991.855587223,3842114.48973586,632.149662075766,L6_1,1034.5,,
264991.855587223,3842114.48973586,632.149662075766,L6_1,1034.5,,
264991.855587223,3842114.48973586,632.149662075766,L6_1,1034.5,,
264991.855587223,3842114.48973586,632.149662075766,L6_1,1034.5,,
264991.855587223,3842114.48973586,632.149662075766,L6_1,1034.5,,
264991.855587223,3842114.48973586,632.149662075766,L6_1,1034.5,,
264991.855587223,3842114.48973586,632.149662075766,L6_1,1034.5,,
264991.855587223,3842114.48973586,632.149662075766,L6_1,1034.5,,
264991.855587223,3842114.48973586,632.149662075766,L6_1,1034.5,,
264991.855587223,3842114.48973586,632.149662075766,L6_1,1034.5,,
264991.855587223,3842114.48973586,632.149662075766,L6_1,1034.5,,
264991.855587223,3842114.48973586,632.149662075766,L6_1,1034.5,,
264991.855587223,3842114.48973586,632.149662075766,L6_1,1034.5,,
264991.855587223,3842114.48973586,632.149662075766,L6_1,1034.5,,
264991.855587223,3842114.48973586,632.149662075766,L6_1,1034.5,,
264991.855587223,3842114.48973586,632.149662075766,L6_1,1034.5,,
264991.855587223,3842114.48973586,632.149662075766,L6_1,1034.5,,
264991.855587223,3842114.48973586,632.149662075766,L6_1,1034.5,,
264991.855587223,3842114.48973586,632.149662075766,L6_1,1034.5,,
264991.855587223,3842114.48973586,632.149662075766,L6_1,1034.5,,
264996.8104637,3842117.88351269,632.578615502555,L6_1,1040.5,632.578615502555,25.7617528484906
264996.8104637,3842117.88351269,632.578615502555,L6_1,1040.5,627.25243793923,23.1832175124631
264996.8104637,3842117.88351269,632.578615502555,L6_1,1040.5,621.659951497738,16.8330417133144
264996.8104637,3842117.88351269,632.578615502555,L6_1,1040.5,615.787840734171,10.7141137477599
264996.8104637,3842117.88351269,632.578615502555,L6_1,1040.5,609.622124432427,6.87253573061248
264996.8104637,3842117.88351269,632.578615502555,L6_1,1040.5,603.148122315594,4.89240608790812
264996.8104637,3842117.88351269,632.578615502555,L6_1,1040.5,596.350420092921,4.09229469273438
264996.8104637,3842117.88351269,632.578615502555,L6_1,1040.5,589.212832759113,4.02416566473694
264996.8104637,3842117.88351269,632.578615502555,L6_1,1040.5,581.718366058616,4.49736879754691
264996.8104637,3842117.88351269,632.578615502555,L6_1,1040.5,573.849176023093,5.47945526616604
264996.8104637,3842117.88351269,632.578615502555,L6_1,1040.5,565.586526485794,6.9955837217292
264996.8104637,3842117.88351269,632.578615502555,L6_1,1040.5,556.910744471631,9.0440224104095
264996.8104637,3842117.88351269,632.578615502555,L6_1,1040.5,547.801173356759,11.532746845773
264996.8104637,3842117.88351269,632.578615502555,L6_1,1040.5,538.236123686143,14.2611933718282
264996.8104637,3842117.88351269,632.578615502555,L6_1,1040.5,528.192821531997,16.9615813785492
264996.8104637,3842117.88351269,632.578615502555,L6_1,1040.5,517.647354270143,19.3716764217845
264996.8104637,3842117.88351269,632.578615502555,L6_1,1040.5,506.574613645197,21.2946683633999
264996.8104637,3842117.88351269,632.578615502555,L6_1,1040.5,494.948235989004,22.6271193444267
264996.8104637,3842117.88351269,632.578615502555,L6_1,1040.5,482.74053945,23.3606502207133
264996.8104637,3842117.88351269,632.578615502555,L6_1,1040.5,469.922458084047,23.5667567139631
264996.8104637,3842117.88351269,632.578615502555,L6_1,1040.5,456.463472649796,23.3704838749978
264996.8104637,3842117.88351269,632.578615502555,L6_1,1040.5,442.331537943832,22.9189988191688
264996.8104637,3842117.88351269,632.578615502555,L6_1,1040.5,427.493006502571,22.3529808032067
264996.8104637,3842117.88351269,632.578615502555,L6_1,1040.5,411.912548489246,21.7872280811612
264996.8104637,3842117.88351269,632.578615502555,L6_1,1040.5,395.553067575255,21.3021480676673
264996.8104637,3842117.88351269,632.578615502555,L6_1,1040.5,378.375612615564,20.9436041923836
264996.8104637,3842117.88351269,632.578615502555,L6_1,1040.5,360.339284907889,20.7273363019026
264996.8104637,3842117.88351269,632.578615502555,L6_1,1040.5,341.40114081483,20.6450211477855
264996.8104637,3842117.88351269,632.578615502555,L6_1,1040.5,321.516089517118,20.6702091428281
264996.8104637,3842117.88351269,632.578615502555,L6_1,1040.5,300.63678565452,20.7635388758519
264996.8104637,3842117.88351269,632.578615502555,L6_1,1040.5,278.713516598793,20.8776585809622
264996.8104637,3842117.88351269,632.578615502555,L6_1,1040.5,255.708451005632,20.9624219284804
264996.8104637,3842117.88351269,632.578615502555,L6_1,1040.5,233.018253536091,20.9822441314833
264996.8104637,3842117.88351269,632.578615502555,L6_1,1040.5,209.193546193073,20.9115285279272
264996.8104637,3842117.88351269,632.578615502555,L6_1,1040.5,184.177603482904,20.7249806324978
264996.8104637,3842117.88351269,632.578615502555,L6_1,1040.5,157.910863637227,20.4078770204526
264996.8104637,3842117.88351269,632.578615502555,L6_1,1040.5,130.330786799265,19.9566037334905
264996.8104637,3842117.88351269,632.578615502555,L6_1,1040.5,101.371706119406,19.3779840671418
264996.8104637,3842117.88351269,632.578615502555,L6_1,1040.5,70.9646714055538,18.6877081120274
264996.8104637,3842117.88351269,632.578615502555,L6_1,1040.5,39.0372849560089,17.9082199929146
264996.8104637,3842117.88351269,632.578615502555,L6_1,1040.5,,
264996.8104637,3842117.88351269,632.578615502555,L6_1,1040.5,,
264996.8104637,3842117.88351269,632.578615502555,L6_1,1040.5,,
264996.8104637,3842117.88351269,632.578615502555,L6_1,1040.5,,
264996.8104637,3842117.88351269,632.578615502555,L6_1,1040.5,,
264996.8104637,3842117.88351269,632.578615502555,L6_1,1040.5,,
264996.8104637,3842117.88351269,632.578615502555,L6_1,1040.5,,
264996.8104637,3842117.88351269,632.578615502555,L6_1,1040.5,,
264996.8104637,3842117.88351269,632.578615502555,L6_1,1040.5,,
264996.8104637,3842117.88351269,632.578615502555,L6_1,1040.5,,
264996.8104637,3842117.88351269,632.578615502555,L6_1,1040.5,,
264996.8104637,3842117.88351269,632.578615502555,L6_1,1040.5,,
264996.8104637,3842117.88351269,632.578615502555,L6_1,1040.5,,
264996.8104637,3842117.88351269,632.578615502555,L6_1,1040.5,,
264996.8104637,3842117.88351269,632.578615502555,L6_1,1040.5,,
264996.8104637,3842117.88351269,632.578615502555,L6_1,1040.5,,
264996.8104637,3842117.88351269,632.578615502555,L6_1,1040.5,,
264996.8104637,3842117.88351269,632.578615502555,L6_1,1040.5,,
264996.8104637,3842117.88351269,632.578615502555,L6_1,1040.5,,
264996.8104637,3842117.88351269,632.578615502555,L6_1,1040.5,,
264996.8104637,3842117.88351269,632.578615502555,L6_1,1040.5,,
265002.17824655,3842121.56010426,633.134209214848,L6_1,1047.0,633.134209214848,28.2189661012422
265002.17824655,3842121.56010426,633.134209214848,L6_1,1047.0,627.80017504382,25.4592978937036
265002.17824655,3842121.56010426,633.134209214848,L6_1,1047.0,622.19943916424,17.5894724379108
265002.17824655,3842121.56010426,633.134209214848,L6_1,1047.0,616.318666490681,10.0616622943876
265002.17824655,3842121.56010426,633.134209214848,L6_1,1047.0,610.143855183445,5.8985366420795
265002.17824655,3842121.56010426,633.134209214848,L6_1,1047.0,603.660303310846,4.02761071054401
265002.17824655,3842121.56010426,633.134209214848,L6_1,1047.0,596.852573844618,3.40385056188842
265002.17824655,3842121.56010426,633.134209214848,L6_1,1047.0,589.704457905078,3.48470433584343
265002.17824655,3842121.56010426,633.134209214848,L6_1,1047.0,582.198936168561,4.0717195433546
265002.17824655,3842121.56010426,633.134209214848,L6_1,1047.0,574.318138345218,5.14071966268199
265002.17824655,3842121.56010426,633.134209214848,L6_1,1047.0,566.043300630708,6.72332359126798
265002.17824655,3842121.56010426,633.134209214848,L6_1,1047.0,557.354721030473,8.81715709705517
265002.17824655,3842121.56010426,633.134209214848,L6_1,1047.0,548.231712450226,11.3230659154977
265002.17824655,3842121.56010426,633.134209214848,L6_1,1047.0,538.652553440967,14.0344274391445
265002.17824655,3842121.56010426,633.134209214848,L6_1,1047.0,528.594436481244,16.68816462334
265002.17824655,3842121.56010426,633.134209214848,L6_1,1047.0,518.033413673536,19.0387824132874
265002.17824655,3842121.56010426,633.134209214848,L6_1,1047.0,506.944339725442,20.9092866218571
265002.17824655,3842121.56010426,633.134209214848,L6_1,1047.0,495.300812079943,22.2094552208792
265002.17824655,3842121.56010426,633.134209214848,L6_1,1047.0,483.075108052169,22.9344726740027
265002.17824655,3842121.56010426,633.134209214848,L6_1,1047.0,470.238118823007,23.1523630139059
265002.17824655,3842121.56010426,633.134209214848,L6_1,1047.0,456.759280132387,22.9817604593941
265002.17824655,3842121.56010426,633.134209214848,L6_1,1047.0,442.606499507235,22.5633967109349
265002.17824655,3842121.56010426,633.134209214848,L6_1,1047.0,427.746079850827,22.0328522753867
265002.17824655,3842121.56010426,633.134209214848,L6_1,1047.0,412.142639211597,21.5014541874761
265002.17824655,3842121.56010426,633.134209214848,L6_1,1047.0,395.759026540406,21.0475439901605
265002.17824655,3842121.56010426,633.134209214848,L6_1,1047.0,378.556233235656,20.7159898561765
265002.17824655,3842121.56010426,633.134209214848,L6_1,1047.0,360.493300265668,20.5222382419805
265002.17824655,3842121.56010426,633.134209214848,L6_1,1047.0,341.527220647181,20.4581005718755
265002.17824655,3842121.56010426,633.134209214848,L6_1,1047.0,321.612837047769,20.4975062116977
265002.17824655,3842121.56010426,633.134209214848,L6_1,1047.0,300.702734268387,20.6015878565978
265002.17824655,3842121.56010426,633.134209214848,L6_1,1047.0,278.747126350035,20.7235559338071
265002.17824655,3842121.56010426,633.134209214848,L6_1,1047.0,255.708451005632,20.813872930503
265002.17824655,3842121.56010426,633.134209214848,L6_1,1047.0,233.018253536091,20.8377224402633
265002.17824655,3842121.56010426,633.134209214848,L6_1,1047.0,209.193546193073,20.7703011903905
265002.17824655,3842121.56010426,633.134209214848,L6_1,1047.0,184.177603482904,20.5869578172571
265002.17824655,3842121.56010426,633.134209214848,L6_1,1047.0,157.910863637227,20.2735190816453
265002.17824655,3842121.56010426,633.134209214848,L6_1,1047.0,130.330786799265,19.8267890791173
265002.17824655,3842121.56010426,633.134209214848,L6_1,1047.0,101.371706119406,19.2538569721204
265002.17824655,3842121.56010426,633.134209214848,L6_1,1047.0,70.9646714055538,18.5705150834692
265002.17824655,3842121.56010426,633.134209214848,L6_1,1047.0,39.0372849560089,17.7991561868987
265002.17824655,3842121.56010426,633.134209214848,L6_1,1047.0,,
265002.17824655,3842121.56010426,633.134209214848,L6_1,1047.0,,
265002.17824655,3842121.56010426,633.134209214848,L6_1,1047.0,,
265002.17824655,3842121.56010426,633.134209214848,L6_1,1047.0,,
265002.17824655,3842121.56010426,633.134209214848,L6_1,1047.0,,
265002.17824655,3842121.56010426,633.134209214848,L6_1,1047.0,,
265002.17824655,3842121.56010426,633.134209214848,L6_1,1047.0,,
265002.17824655,3842121.56010426,633.134209214848,L6_1,1047.0,,
265002.17824655,3842121.56010426,633.134209214848,L6_1,1047.0,,
265002.17824655,3842121.56010426,633.134209214848,L6_1,1047.0,,
265002.17824655,3842121.56010426,633.134209214848,L6_1,1047.0,,
265002.17824655,3842121.56010426,633.134209214848,L6_1,1047.0,,
265002.17824655,3842121.56010426,633.134209214848,L6_1,1047.0,,
265002.17824655,3842121.56010426,633.134209214848,L6_1,1047.0,,
265002.17824655,3842121.56010426,633.134209214848,L6_1,1047.0,,
265002.17824655,3842121.56010426,633.134209214848,L6_1,1047.0,,
265002.17824655,3842121.56010426,633.134209214848,L6_1,1047.0,,
265002.17824655,3842121.56010426,633.134209214848,L6_1,1047.0,,
265002.17824655,3842121.56010426,633.134209214848,L6_1,1047.0,,
265002.17824655,3842121.56010426,633.134209214848,L6_1,1047.0,,
265002.17824655,3842121.56010426,633.134209214848,L6_1,1047.0,,
265007.133115275,3842124.95388627,633.689802927141,L6_1,1053.0,633.689802927141,34.542814369024
265007.133115275,3842124.95388627,633.689802927141,L6_1,1053.0,628.34791214841,30.0066844405862
265007.133115275,3842124.95388627,633.689802927141,L6_1,1053.0,622.738926830742,18.7985932361764
265007.133115275,3842124.95388627,633.689802927141,L6_1,1053.0,616.849492247191,9.56472154605048
265007.133115275,3842124.95388627,633.689802927141,L6_1,1053.0,610.665585934463,5.08385956433457
265007.133115275,3842124.95388627,633.689802927141,L6_1,1053.0,604.172484306098,3.29535012335764
265007.133115275,3842124.95388627,633.689802927141,L6_1,1053.0,597.354727596314,2.79576870272357
265007.133115275,3842124.95388627,633.689802927141,L6_1,1053.0,590.196083051042,2.97853605580547
265007.133115275,3842124.95388627,633.689802927141,L6_1,1053.0,582.679506278506,3.64977480499469
265007.133115275,3842124.95388627,633.689802927141,L6_1,1053.0,574.787100667343,4.79313160357684
265007.133115275,3842124.95388627,633.689802927141,L6_1,1053.0,566.500074775623,6.4414651405243
265007.133115275,3842124.95388627,633.689802927141,L6_1,1053.0,557.798697589316,8.5860092844665
265007.133115275,3842124.95388627,633.689802927141,L6_1,1053.0,548.662251543693,11.1153916375668
265007.133115275,3842124.95388627,633.689802927141,L6_1,1053.0,539.06898319579,13.8129713049171
265007.133115275,3842124.95388627,633.689802927141,L6_1,1053.0,528.996051430491,16.4183465248936
265007.133115275,3842124.95388627,633.689802927141,L6_1,1053.0,518.419473076928,18.7030591016554
265007.133115275,3842124.95388627,633.689802927141,L6_1,1053.0,507.314065805686,20.5119232929863
265007.133115275,3842124.95388627,633.689802927141,L6_1,1053.0,495.653388170883,21.7704598781345
265007.133115275,3842124.95388627,633.689802927141,L6_1,1053.0,483.409676654339,22.4794923254657
265007.133115275,3842124.95388627,633.689802927141,L6_1,1053.0,470.553779561967,22.7046820406301
265007.133115275,3842124.95388627,633.689802927141,L6_1,1053.0,457.055087614978,22.5583520931235
265007.133115275,3842124.95388627,633.689802927141,L6_1,1053.0,442.881461070639,22.1742240846639
265007.133115275,3842124.95388627,633.689802927141,L6_1,1053.0,427.999153199082,21.6819378947487
265007.133115275,3842124.95388627,633.689802927141,L6_1,1053.0,412.372729933949,21.1885492622928
265007.133115275,3842124.95388627,633.689802927141,L6_1,1053.0,395.964985505558,20.7697371013536
265007.133115275,3842124.95388627,633.689802927141,L6_1,1053.0,378.736853855748,20.4689825981088
265007.133115275,3842124.95388627,633.689802927141,L6_1,1053.0,360.647315623447,20.3012247126179
265007.133115275,3842124.95388627,633.689802927141,L6_1,1053.0,341.653300479531,20.2583172566247
265007.133115275,3842124.95388627,633.689802927141,L6_1,1053.0,321.70958457842,20.3145405987866
265007.133115275,3842124.95388627,633.689802927141,L6_1,1053.0,300.768682882253,20.4315348230751
265007.133115275,3842124.95388627,633.689802927141,L6_1,1053.0,278.780736101277,20.5631009169432
265007.133115275,3842124.95388627,633.689802927141,L6_1,1053.0,255.708451005632,20.6603413609544
265007.133115275,3842124.95388627,633.689802927141,L6_1,1053.0,233.018253536091,20.6892708044666
265007.133115275,3842124.95388627,633.689802927141,L6_1,1053.0,209.193546193073,20.6259523450268
265007.133115275,3842124.95388627,633.689802927141,L6_1,1053.0,184.177603482904,20.4464240579556
265007.133115275,3842124.95388627,633.689802927141,L6_1,1053.0,157.910863637227,20.1371071189743
265007.133115275,3842124.95388627,633.689802927141,L6_1,1053.0,130.330786799265,19.6952638575869
265007.133115275,3842124.95388627,633.689802927141,L6_1,1053.0,101.371706119406,19.1282816681293
265007.133115275,3842124.95388627,633.689802927141,L6_1,1053.0,70.9646714055538,18.4520802410393
265007.133115275,3842124.95388627,633.689802927141,L6_1,1053.0,39.0372849560089,17.6890187067402
265007.133115275,3842124.95388627,633.689802927141,L6_1,1053.0,,
265007.133115275,3842124.95388627,633.689802927141,L6_1,1053.0,,
265007.133115275,3842124.95388627,633.689802927141,L6_1,1053.0,,
265007.133115275,3842124.95388627,633.689802927141,L6_1,1053.0,,
265007.133115275,3842124.95388627,633.689802927141,L6_1,1053.0,,
265007.133115275,3842124.95388627,633.689802927141,L6_1,1053.0,,
265007.133115275,3842124.95388627,633.689802927141,L6_1,1053.0,,
265007.133115275,3842124.95388627,633.689802927141,L6_1,1053.0,,
265007.133115275,3842124.95388627,633.689802927141,L6_1,1053.0,,
265007.133115275,3842124.95388627,633.689802927141,L6_1,1053.0,,
265007.133115275,3842124.95388627,633.689802927141,L6_1,1053.0,,
265007.133115275,3842124.95388627,633.689802927141,L6_1,1053.0,,
265007.133115275,3842124.95388627,633.689802927141,L6_1,1053.0,,
265007.133115275,3842124.95388627,633.689802927141,L6_1,1053.0,,
265007.133115275,3842124.95388627,633.689802927141,L6_1,1053.0,,
265007.133115275,3842124.95388627,633.689802927141,L6_1,1053.0,,
265007.133115275,3842124.95388627,633.689802927141,L6_1,1053.0,,
265007.133115275,3842124.95388627,633.689802927141,L6_1,1053.0,,
265007.133115275,3842124.95388627,633.689802927141,L6_1,1053.0,,
265007.133115275,3842124.95388627,633.689802927141,L6_1,1053.0,,
265007.133115275,3842124.95388627,633.689802927141,L6_1,1053.0,,
265012.50088133,3842128.63048906,634.245396639433,L6_1,1059.5,634.245396639433,48.7035798773144
265012.50088133,3842128.63048906,634.245396639433,L6_1,1059.5,628.895649252999,38.8003516915069
265012.50088133,3842128.63048906,634.245396639433,L6_1,1059.5,623.278414497244,20.8930166365009
265012.50088133,3842128.63048906,634.245396639433,L6_1,1059.5,617.380318003701,9.43353449525789
265012.50088133,3842128.63048906,634.245396639433,L6_1,1059.5,611.187316685481,4.54593641934906
265012.50088133,3842128.63048906,634.245396639433,L6_1,1059.5,604.684665301349,2.77293046105359
265012.50088133,3842128.63048906,634.245396639433,L6_1,1059.5,597.856881348011,2.33468814620502
265012.50088133,3842128.63048906,634.245396639433,L6_1,1059.5,590.687708197006,2.56694939214543
265012.50088133,3842128.63048906,634.245396639433,L6_1,1059.5,583.160076388451,3.28474322930339
265012.50088133,3842128.63048906,634.245396639433,L6_1,1059.5,575.256062989469,4.48039792592644
265012.50088133,3842128.63048906,634.245396639433,L6_1,1059.5,566.956848920537,6.18485699940318
265012.50088133,3842128.63048906,634.245396639433,L6_1,1059.5,558.242674148158,8.37748877054282
265012.50088133,3842128.63048906,634.245396639433,L6_1,1059.5,549.092790637161,10.9291715911039
265012.50088133,3842128.63048906,634.245396639433,L6_1,1059.5,539.485412950613,13.6094080026278
265012.50088133,3842128.63048906,634.245396639433,L6_1,1059.5,529.397666379739,16.1591804714405
265012.50088133,3842128.63048906,634.245396639433,L6_1,1059.5,518.80553248032,18.3679185305828
265012.50088133,3842128.63048906,634.245396639433,L6_1,1059.5,507.683791885931,20.1041113998902
265012.50088133,3842128.63048906,634.245396639433,L6_1,1059.5,496.005964261822,21.3109595351836
265012.50088133,3842128.63048906,634.245396639433,L6_1,1059.5,483.744245256508,21.9963884913056
265012.50088133,3842128.63048906,634.245396639433,L6_1,1059.5,470.869440300928,22.2244074666646
265012.50088133,3842128.63048906,634.245396639433,L6_1,1059.5,457.350895097569,22.10095030622
265012.50088133,3842128.63048906,634.245396639433,L6_1,1059.5,443.156422634042,21.7521114229643
265012.50088133,3842128.63048906,634.245396639433,L6_1,1059.5,428.252226547338,21.3007628554552
265012.50088133,3842128.63048906,634.245396639433,L6_1,1059.5,412.6028206563,20.8489149696575
265012.50088133,3842128.63048906,634.245396639433,L6_1,1059.5,396.17094447071,20.4690087777155
265012.50088133,3842128.63048906,634.245396639433,L6_1,1059.5,378.91747447584,20.2027598125612
265012.50088133,3842128.63048906,634.245396639433,L6_1,1059.5,360.801330981226,20.0643896339156
265012.50088133,3842128.63048906,634.245396639433,L6_1,1059.5,341.779380311882,20.0457009808721
265012.50088133,3842128.63048906,634.245396639433,L6_1,1059.5,321.806332109071,20.1212950332171
265012.50088133,3842128.63048906,634.245396639433,L6_1,1059.5,300.834631496119,20.2533301547457
265012.50088133,3842128.63048906,634.245396639433,L6_1,1059.5,278.81434585252,20.3962233116676
265012.50088133,3842128.63048906,634.245396639433,L6_1,1059.5,255.708451005632,20.5017459764985
265012.50088133,3842128.63048906,634.245396639433,L6_1,1059.5,233.018253536091,20.5368054555082
265012.50088133,3842128.63048906,634.245396639433,L6_1,1059.5,209.193546193073,20.478402700373
265012.50088133,3842128.63048906,634.245396639433,L6_1,1059.5,184.177603482904,20.3033090058188
265012.50088133,3842128.63048906,634.245396639433,L6_1,1059.5,157.910863637227,19.9985821858412
265012.50088133,3842128.63048906,634.245396639433,L6_1,1059.5,130.330786799265,19.5619807944547
265012.50088133,3842128.63048906,634.245396639433,L6_1,1059.5,101.371706119406,19.0012221787318
265012.50088133,3842128.63048906,634.245396639433,L6_1,1059.5,70.9646714055538,18.3323778667774
265012.50088133,3842128.63048906,634.245396639433,L6_1,1059.5,39.0372849560089,17.5777902509243
265012.50088133,3842128.63048906,634.245396639433,L6_1,1059.5,,
265012.50088133,3842128.63048906,634.245396639433,L6_1,1059.5,,
265012.50088133,3842128.63048906,634.245396639433,L6_1,1059.5,,
265012.50088133,3842128.63048906,634.245396639433,L6_1,1059.5,,
265012.50088133,3842128.63048906,634.245396639433,L6_1,1059.5,,
265012.50088133,3842128.63048906,634.245396639433,L6_1,1059.5,,
265012.50088133,3842128.63048906,634.245396639433,L6_1,1059.5,,
265012.50088133,3842128.63048906,634.245396639433,L6_1,1059.5,,
265012.50088133,3842128.63048906,634.245396639433,L6_1,1059.5,,
265012.50088133,3842128.63048906,634.245396639433,L6_1,1059.5,,
265012.50088133,3842128.63048906,634.245396639433,L6_1,1059.5,,
265012.50088133,3842128.63048906,634.245396639433,L6_1,1059.5,,
265012.50088133,3842128.63048906,634.245396639433,L6_1,1059.5,,
265012.50088133,3842128.63048906,634.245396639433,L6_1,1059.5,,
265012.50088133,3842128.63048906,634.245396639433,L6_1,1059.5,,
265012.50088133,3842128.63048906,634.245396639433,L6_1,1059.5,,
265012.50088133,3842128.63048906,634.245396639433,L6_1,1059.5,,
265012.50088133,3842128.63048906,634.245396639433,L6_1,1059.5,,
265012.50088133,3842128.63048906,634.245396639433,L6_1,1059.5,,
265012.50088133,3842128.63048906,634.245396639433,L6_1,1059.5,,
265012.50088133,3842128.63048906,634.245396639433,L6_1,1059.5,,
265017.455742304,3842132.02427624,634.90968414562,L6_1,1065.5,634.90968414562,54.6364582099125
265017.455742304,3842132.02427624,634.90968414562,L6_1,1065.5,629.550543120953,43.7574663581815
265017.455742304,3842132.02427624,634.90968414562,L6_1,1065.5,623.923445045053,23.1435584220373
265017.455742304,3842132.02427624,634.90968414562,L6_1,1065.5,618.014992065358,9.812705888557
265017.455742304,3842132.02427624,634.90968414562,L6_1,1065.5,611.811116436678,4.36127829196755
265017.455742304,3842132.02427624,634.90968414562,L6_1,1065.5,605.297047026564,2.4958707108008
265017.455742304,3842132.02427624,634.90968414562,L6_1,1065.5,598.457274145944,2.05888567648365
265017.455742304,3842132.02427624,634.90968414562,L6_1,1065.5,591.275512621293,2.30256502636531
265017.455742304,3842132.02427624,634.90968414562,L6_1,1065.5,583.73466302041,3.03980086873642
265017.455742304,3842132.02427624,634.90968414562,L6_1,1065.5,575.816770939482,4.26862252159535
265017.455742304,3842132.02427624,634.90968414562,L6_1,1065.5,567.502984254509,6.01612103014217
265017.455742304,3842132.02427624,634.90968414562,L6_1,1065.5,558.773508235286,8.24643221449633
265017.455742304,3842132.02427624,634.90968414562,L6_1,1065.5,549.607558415103,10.8090474009892
265017.455742304,3842132.02427624,634.90968414562,L6_1,1065.5,539.98331110391,13.4577507376171
265017.455742304,3842132.02427624,634.90968414562,L6_1,1065.5,529.877851427157,15.9354923202075
265017.455742304,3842132.02427624,634.90968414562,L6_1,1065.5,519.267118766567,18.0514645873635
265017.455742304,3842132.02427624,634.90968414562,L6_1,1065.5,508.125849472948,19.6996052311809
265017.455742304,3842132.02427624,634.90968414562,L6_1,1065.5,496.427516714647,20.8420109862722
265017.455742304,3842132.02427624,634.90968414562,L6_1,1065.5,484.144267318432,21.4944146710134
265017.455742304,3842132.02427624,634.90968414562,L6_1,1065.5,471.246855452405,21.7193670513992
265017.455742304,3842132.02427624,634.90968414562,L6_1,1065.5,457.704572993078,21.6161104684299
265017.455742304,3842132.02427624,634.90968414562,L6_1,1065.5,443.485176410784,21.3024391791433
265017.455742304,3842132.02427624,634.90968414562,L6_1,1065.5,428.554809999375,20.8936443773531
265017.455742304,3842132.02427624,634.90968414562,L6_1,1065.5,412.877925267396,20.4859462780046
265017.455742304,3842132.02427624,634.90968414562,L6_1,1065.5,396.417196298818,20.1479754193698
265017.455742304,3842132.02427624,634.90968414562,L6_1,1065.5,379.133430881811,19.9193016839978
265017.455742304,3842132.02427624,634.90968414562,L6_1,1065.5,360.985477193953,19.8132088200707
265017.455742304,3842132.02427624,634.90968414562,L6_1,1065.5,341.930125821703,19.8213345007824
265017.455742304,3842132.02427624,634.90968414562,L6_1,1065.5,321.92200688084,19.9185527796543
265017.455742304,3842132.02427624,634.90968414562,L6_1,1065.5,300.913481992934,20.0675332730142
265017.455742304,3842132.02427624,634.90968414562,L6_1,1065.5,278.854530860633,20.2233212171469
265017.455742304,3842132.02427624,634.90968414562,L6_1,1065.5,255.708451005632,20.3383772942088
265017.455742304,3842132.02427624,634.90968414562,L6_1,1065.5,233.018253536091,20.3805468643886
265017.455742304,3842132.02427624,634.90968414562,L6_1,1065.5,209.193546193073,20.3278233673184
265017.455742304,3842132.02427624,634.90968414562,L6_1,1065.5,184.177603482904,20.1577524204015
265017.455742304,3842132.02427624,634.90968414562,L6_1,1065.5,157.910863637227,19.8580639695688
265017.455742304,3842132.02427624,634.90968414562,L6_1,1065.5,130.330786799265,19.4270451556286
265017.455742304,3842132.02427624,634.90968414562,L6_1,1065.5,101.371706119406,18.8727731008675
265017.455742304,3842132.02427624,634.90968414562,L6_1,1065.5,70.9646714055538,18.2114936422005
265017.455742304,3842132.02427624,634.90968414562,L6_1,1065.5,39.0372849560089,17.4655495657231
265017.455742304,3842132.02427624,634.90968414562,L6_1,1065.5,,
265017.455742304,3842132.02427624,634.90968414562,L6_1,1065.5,,
265017.455742304,3842132.02427624,634.90968414562,L6_1,1065.5,,
265017.455742304,3842132.02427624,634.90968414562,L6_1,1065.5,,
265017.455742304,3842132.02427624,634.90968414562,L6_1,1065.5,,
265017.455742304,3842132.02427624,634.90968414562,L6_1,1065.5,,
265017.455742304,3842132.02427624,634.90968414562,L6_1,1065.5,,
265017.455742304,3842132.02427624,634.90968414562,L6_1,1065.5,,
265017.455742304,3842132.02427624,634.90968414562,L6_1,1065.5,,
265017.455742304,3842132.02427624,634.90968414562,L6_1,1065.5,,
265017.455742304,3842132.02427624,634.90968414562,L6_1,1065.5,,
265017.455742304,3842132.02427624,634.90968414562,L6_1,1065.5,,
265017.455742304,3842132.02427624,634.90968414562,L6_1,1065.5,,
265017.455742304,3842132.02427624,634.90968414562,L6_1,1065.5,,
265017.455742304,3842132.02427624,634.90968414562,L6_1,1065.5,,
265017.455742304,3842132.02427624,634.90968414562,L6_1,1065.5,,
265017.455742304,3842132.02427624,634.90968414562,L6_1,1065.5,,
265017.455742304,3842132.02427624,634.90968414562,L6_1,1065.5,,
265017.455742304,3842132.02427624,634.90968414562,L6_1,1065.5,,
265017.455742304,3842132.02427624,634.90968414562,L6_1,1065.5,,
265017.455742304,3842132.02427624,634.90968414562,L6_1,1065.5,,
265022.82350836,3842135.70087902,635.683008052871,L6_1,1072.0,635.683008052871,49.2689307674973
265022.82350836,3842135.70087902,635.683008052871,L6_1,1072.0,630.312931514659,42.8143899887201
265022.82350836,3842135.70087902,635.683008052871,L6_1,1072.0,624.674351149536,24.967662548521
265022.82350836,3842135.70087902,635.683008052871,L6_1,1072.0,618.753841766158,10.5349049787921
265022.82350836,3842135.70087902,635.683008052871,L6_1,1072.0,612.53730691361,4.43789582278233
265022.82350836,3842135.70087902,635.683008052871,L6_1,1072.0,606.009945318435,2.40271697813388
265022.82350836,3842135.70087902,635.683008052871,L6_1,1072.0,599.156215643501,1.93124896121506
265022.82350836,3842135.70087902,635.683008052871,L6_1,1072.0,591.95979948482,2.17027476806977
265022.82350836,3842135.70087902,635.683008052871,L6_1,1072.0,584.403562518206,2.91797095231691
265022.82350836,3842135.70087902,635.683008052871,L6_1,1072.0,576.46951370326,4.17281530960971
265022.82350836,3842135.70087902,635.683008052871,L6_1,1072.0,568.138762447568,5.9554332565737
265022.82350836,3842135.70087902,635.683008052871,L6_1,1072.0,559.39147362909,8.21231204493238
265022.82350836,3842135.70087902,635.683008052871,L6_1,1072.0,550.206820369689,10.7698569374694
265022.82350836,3842135.70087902,635.683008052871,L6_1,1072.0,540.562934447318,13.3667377532208
265022.82350836,3842135.70087902,635.683008052871,L6_1,1072.0,530.436854228828,15.7506737458812
265022.82350836,3842135.70087902,635.683008052871,L6_1,1072.0,519.804469999414,17.7536552147929
265022.82350836,3842135.70087902,635.683008052871,L6_1,1072.0,508.640466558529,19.2968507847844
265022.82350836,3842135.70087902,635.683008052871,L6_1,1072.0,496.9182629456,20.3618622599459
265022.82350836,3842135.70087902,635.683008052871,L6_1,1072.0,484.609949152024,20.9722557032519
265022.82350836,3842135.70087902,635.683008052871,L6_1,1072.0,471.68621966877,21.1888314070737
265022.82350836,3842135.70087902,635.683008052871,L6_1,1072.0,458.116303711353,21.1035861240015
265022.82350836,3842135.70087902,635.683008052871,L6_1,1072.0,443.867891956065,20.825265467955
265022.82350836,3842135.70087902,635.683008052871,L6_1,1072.0,428.907059613012,20.4607849904188
265022.82350836,3842135.70087902,635.683008052871,L6_1,1072.0,413.198185652807,20.0998803417597
265022.82350836,3842135.70087902,635.683008052871,L6_1,1072.0,396.703867994592,19.8068476509611
265022.82350836,3842135.70087902,635.683008052871,L6_1,1072.0,379.384834453466,19.6187645471106
265022.82350836,3842135.70087902,635.683008052871,L6_1,1072.0,361.199849235284,19.5477774794525
265022.82350836,3842135.70087902,635.683008052871,L6_1,1072.0,342.105614756192,19.5852567418446
265022.82350836,3842135.70087902,635.683008052871,L6_1,1072.0,322.056668553146,19.7063063660506
265022.82350836,3842135.70087902,635.683008052871,L6_1,1072.0,301.005275039948,19.8741011324645
265022.82350836,3842135.70087902,635.683008052871,L6_1,1072.0,278.901311851089,20.0443267027897
265022.82350836,3842135.70087902,635.683008052871,L6_1,1072.0,255.708451005632,20.170153269053
265022.82350836,3842135.70087902,635.683008052871,L6_1,1072.0,233.018253536091,20.2204089210423
265022.82350836,3842135.70087902,635.683008052871,L6_1,1072.0,209.193546193073,20.1741320700138
265022.82350836,3842135.70087902,635.683008052871,L6_1,1072.0,184.177603482904,20.0096812729619
265022.82350836,3842135.70087902,635.683008052871,L6_1,1072.0,157.910863637227,19.7154917505886
265022.82350836,3842135.70087902,635.683008052871,L6_1,1072.0,130.330786799265,19.2904095823795
265022.82350836,3842135.70087902,635.683008052871,L6_1,1072.0,101.371706119406,18.7428987847932
265022.82350836,3842135.70087902,635.683008052871,L6_1,1072.0,70.9646714055538,18.089401985504
265022.82350836,3842135.70087902,635.683008052871,L6_1,1072.0,39.0372849560089,17.3522799784665
265022.82350836,3842135.70087902,635.683008052871,L6_1,1072.0,,
265022.82350836,3842135.70087902,635.683008052871,L6_1,1072.0,,
265022.82350836,3842135.70087902,635.683008052871,L6_1,1072.0,,
265022.82350836,3842135.70087902,635.683008052871,L6_1,1072.0,,
265022.82350836,3842135.70087902,635.683008052871,L6_1,1072.0,,
265022.82350836,3842135.70087902,635.683008052871,L6_1,1072.0,,
265022.82350836,3842135.70087902,635.683008052871,L6_1,1072.0,,
265022.82350836,3842135.70087902,635.683008052871,L6_1,1072.0,,
265022.82350836,3842135.70087902,635.683008052871,L6_1,1072.0,,
265022.82350836,3842135.70087902,635.683008052871,L6_1,1072.0,,
265022.82350836,3842135.70087902,635.683008052871,L6_1,1072.0,,
265022.82350836,3842135.70087902,635.683008052871,L6_1,1072.0,,
265022.82350836,3842135.70087902,635.683008052871,L6_1,1072.0,,
265022.82350836,3842135.70087902,635.683008052871,L6_1,1072.0,,
265022.82350836,3842135.70087902,635.683008052871,L6_1,1072.0,,
265022.82350836,3842135.70087902,635.683008052871,L6_1,1072.0,,
265022.82350836,3842135.70087902,635.683008052871,L6_1,1072.0,,
265022.82350836,3842135.70087902,635.683008052871,L6_1,1072.0,,
265022.82350836,3842135.70087902,635.683008052871,L6_1,1072.0,,
265022.82350836,3842135.70087902,635.683008052871,L6_1,1072.0,,
265022.82350836,3842135.70087902,635.683008052871,L6_1,1072.0,,
265027.777811848,3842139.0946854,636.456331960122,L6_1,1078.0,636.456331960122,51.3751356662263
265027.777811848,3842139.0946854,636.456331960122,L6_1,1078.0,631.075319908365,44.9334870267539
265027.777811848,3842139.0946854,636.456331960122,L6_1,1078.0,625.42525725402,26.5412411793122
265027.777811848,3842139.0946854,636.456331960122,L6_1,1078.0,619.492691466958,11.1950803395216
265027.777811848,3842139.0946854,636.456331960122,L6_1,1078.0,613.263497390542,4.60543283272791
265027.777811848,3842139.0946854,636.456331960122,L6_1,1078.0,606.722843610306,2.41621725664126
265027.777811848,3842139.0946854,636.456331960122,L6_1,1078.0,599.855157141058,1.90873555924742
265027.777811848,3842139.0946854,636.456331960122,L6_1,1078.0,592.644086348347,2.14739869521132
265027.777811848,3842139.0946854,636.456331960122,L6_1,1078.0,585.072462016001,2.91301341787801
265027.777811848,3842139.0946854,636.456331960122,L6_1,1078.0,577.122256467038,4.19862715487697
265027.777811848,3842139.0946854,636.456331960122,L6_1,1078.0,568.774540640627,6.01379897323103
265027.777811848,3842139.0946854,636.456331960122,L6_1,1078.0,560.009439022895,8.28516983170007
265027.777811848,3842139.0946854,636.456331960122,L6_1,1078.0,550.806082324276,10.8170540535794
265027.777811848,3842139.0946854,636.456331960122,L6_1,1078.0,541.142557790726,13.3371427922312
265027.777811848,3842139.0946854,636.456331960122,L6_1,1078.0,530.995857030499,15.6030639153444
265027.777811848,3842139.0946854,636.456331960122,L6_1,1078.0,520.341821232261,17.472966675237
265027.777811848,3842139.0946854,636.456331960122,L6_1,1078.0,509.15508364411,18.8960744200428
265027.777811848,3842139.0946854,636.456331960122,L6_1,1078.0,497.409009176553,19.8729166572718
265027.777811848,3842139.0946854,636.456331960122,L6_1,1078.0,485.075630985617,20.4340930648768
265027.777811848,3842139.0946854,636.456331960122,L6_1,1078.0,472.125583885134,20.6380235901138
265027.777811848,3842139.0946854,636.456331960122,L6_1,1078.0,458.528034429628,20.5689128021174
265027.777811848,3842139.0946854,636.456331960122,L6_1,1078.0,444.250607501346,20.3258906956139
265027.777811848,3842139.0946854,636.456331960122,L6_1,1078.0,429.25930922665,20.0069259092344
265027.777811848,3842139.0946854,636.456331960122,L6_1,1078.0,413.518446038219,19.6947623390416
265027.777811848,3842139.0946854,636.456331960122,L6_1,1078.0,396.990539690366,19.4489618947562
265027.777811848,3842139.0946854,636.456331960122,L6_1,1078.0,379.636238025121,19.3038333920603
265027.777811848,3842139.0946854,636.456331960122,L6_1,1078.0,361.414221276614,19.2702102666799
265027.777811848,3842139.0946854,636.456331960122,L6_1,1078.0,342.281103690681,19.3390985189558
265027.777811848,3842139.0946854,636.456331960122,L6_1,1078.0,322.191330225452,19.4857910849146
265027.777811848,3842139.0946854,636.456331960122,L6_1,1078.0,301.097068086961,19.6739518429174
265027.777811848,3842139.0946854,636.456331960122,L6_1,1078.0,278.948092841546,19.859911452959
265027.777811848,3842139.0946854,636.456331960122,L6_1,1078.0,255.708451005632,19.9975713309149
265027.777811848,3842139.0946854,636.456331960122,L6_1,1078.0,233.018253536091,20.056770730071
265027.777811848,3842139.0946854,636.456331960122,L6_1,1078.0,209.193546193073,20.0176236060607
265027.777811848,3842139.0946854,636.456331960122,L6_1,1078.0,184.177603482904,19.8593277898342
265027.777811848,3842139.0946854,636.456331960122,L6_1,1078.0,157.910863637227,19.5710532473214
265027.777811848,3842139.0946854,636.456331960122,L6_1,1078.0,130.330786799265,19.1522324407942
265027.777811848,3842139.0946854,636.456331960122,L6_1,1078.0,101.371706119406,18.6117364168766
265027.777811848,3842139.0946854,636.456331960122,L6_1,1078.0,70.9646714055538,17.9662230354542
265027.777811848,3842139.0946854,636.456331960122,L6_1,1078.0,39.0372849560089,17.2380853882723
265027.777811848,3842139.0946854,636.456331960122,L6_1,1078.0,,
265027.777811848,3842139.0946854,636.456331960122,L6_1,1078.0,,
265027.777811848,3842139.0946854,636.456331960122,L6_1,1078.0,,
265027.777811848,3842139.0946854,636.456331960122,L6_1,1078.0,,
265027.777811848,3842139.0946854,636.456331960122,L6_1,1078.0,,
265027.777811848,3842139.0946854,636.456331960122,L6_1,1078.0,,
265027.777811848,3842139.0946854,636.456331960122,L6_1,1078.0,,
265027.777811848,3842139.0946854,636.456331960122,L6_1,1078.0,,
265027.777811848,3842139.0946854,636.456331960122,L6_1,1078.0,,
265027.777811848,3842139.0946854,636.456331960122,L6_1,1078.0,,
265027.777811848,3842139.0946854,636.456331960122,L6_1,1078.0,,
265027.777811848,3842139.0946854,636.456331960122,L6_1,1078.0,,
265027.777811848,3842139.0946854,636.456331960122,L6_1,1078.0,,
265027.777811848,3842139.0946854,636.456331960122,L6_1,1078.0,,
265027.777811848,3842139.0946854,636.456331960122,L6_1,1078.0,,
265027.777811848,3842139.0946854,636.456331960122,L6_1,1078.0,,
265027.777811848,3842139.0946854,636.456331960122,L6_1,1078.0,,
265027.777811848,3842139.0946854,636.456331960122,L6_1,1078.0,,
265027.777811848,3842139.0946854,636.456331960122,L6_1,1078.0,,
265027.777811848,3842139.0946854,636.456331960122,L6_1,1078.0,,
265027.777811848,3842139.0946854,636.456331960122,L6_1,1078.0,,
265033.144370018,3842142.77132978,637.229655867374,L6_1,1084.5,637.229655867374,60.5941916152617
265033.144370018,3842142.77132978,637.229655867374,L6_1,1084.5,631.837708302071,50.0224883118419
265033.144370018,3842142.77132978,637.229655867374,L6_1,1084.5,626.176163358504,27.7505523011004
265033.144370018,3842142.77132978,637.229655867374,L6_1,1084.5,620.231541167758,11.6923615502603
265033.144370018,3842142.77132978,637.229655867374,L6_1,1084.5,613.989687867475,4.81756692231855
265033.144370018,3842142.77132978,637.229655867374,L6_1,1084.5,607.435741902177,2.50923415603344
265033.144370018,3842142.77132978,637.229655867374,L6_1,1084.5,600.554098638615,1.97041850504943
265033.144370018,3842142.77132978,637.229655867374,L6_1,1084.5,593.328373211875,2.2174214893355
265033.144370018,3842142.77132978,637.229655867374,L6_1,1084.5,585.741361513797,3.01309458345463
265033.144370018,3842142.77132978,637.229655867374,L6_1,1084.5,577.774999230816,4.3379498652746
265033.144370018,3842142.77132978,637.229655867374,L6_1,1084.5,569.410318833686,6.18417226076342
265033.144370018,3842142.77132978,637.229655867374,L6_1,1084.5,560.627404416699,8.45601660077968
265033.144370018,3842142.77132978,637.229655867374,L6_1,1084.5,551.405344278863,10.9382037630284
265033.144370018,3842142.77132978,637.229655867374,L6_1,1084.5,541.722181134135,13.3539049410929
265033.144370018,3842142.77132978,637.229655867374,L6_1,1084.5,531.55485983217,15.4772287905895
265033.144370018,3842142.77132978,637.229655867374,L6_1,1084.5,520.879172465108,17.195711780686
265033.144370018,3842142.77132978,637.229655867374,L6_1,1084.5,509.669700729692,18.4864728612087
265033.144370018,3842142.77132978,637.229655867374,L6_1,1084.5,497.899755407505,19.3674403161115
265033.144370018,3842142.77132978,637.229655867374,L6_1,1084.5,485.54131281921,19.8748680381838
265033.144370018,3842142.77132978,637.229655867374,L6_1,1084.5,472.564948101499,20.0639325226695
265033.144370018,3842142.77132978,637.229655867374,L6_1,1084.5,458.939765147903,20.0104907062716
265033.144370018,3842142.77132978,637.229655867374,L6_1,1084.5,444.633323046627,19.8035975979423
265033.144370018,3842142.77132978,637.229655867374,L6_1,1084.5,429.611558840287,19.5318483580007
265033.144370018,3842142.77132978,637.229655867374,L6_1,1084.5,413.83870642363,19.2706213832645
265033.144370018,3842142.77132978,637.229655867374,L6_1,1084.5,397.277211386141,19.0744440970725
265033.144370018,3842142.77132978,637.229655867374,L6_1,1084.5,379.887641596777,18.9746485383026
265033.144370018,3842142.77132978,637.229655867374,L6_1,1084.5,361.628593317944,18.9806216143132
265033.144370018,3842142.77132978,637.229655867374,L6_1,1084.5,342.45659262517,19.0829313979898
265033.144370018,3842142.77132978,637.229655867374,L6_1,1084.5,322.325991897758,19.257031618649
265033.144370018,3842142.77132978,637.229655867374,L6_1,1084.5,301.188861133975,19.4670662879492
265033.144370018,3842142.77132978,637.229655867374,L6_1,1084.5,278.994873832002,19.6700215850067
265033.144370018,3842142.77132978,637.229655867374,L6_1,1084.5,255.708451005632,19.8205544584037
265033.144370018,3842142.77132978,637.229655867374,L6_1,1084.5,233.018253536091,19.8895452107186
265033.144370018,3842142.77132978,637.229655867374,L6_1,1084.5,209.193546193073,19.8582128821154
265033.144370018,3842142.77132978,637.229655867374,L6_1,1084.5,184.177603482904,19.7066165022013
265033.144370018,3842142.77132978,637.229655867374,L6_1,1084.5,157.910863637227,19.4246858000059
265033.144370018,3842142.77132978,637.229655867374,L6_1,1084.5,130.330786799265,19.0124649202356
265033.144370018,3842142.77132978,637.229655867374,L6_1,1084.5,101.371706119406,18.4792507469644
265033.144370018,3842142.77132978,637.229655867374,L6_1,1084.5,70.9646714055538,17.8419321483392
265033.144370018,3842142.77132978,637.229655867374,L6_1,1084.5,39.0372849560089,17.1229489916617
265033.144370018,3842142.77132978,637.229655867374,L6_1,1084.5,,
265033.144370018,3842142.77132978,637.229655867374,L6_1,1084.5,,
265033.144370018,3842142.77132978,637.229655867374,L6_1,1084.5,,
265033.144370018,3842142.77132978,637.229655867374,L6_1,1084.5,,
265033.144370018,3842142.77132978,637.229655867374,L6_1,1084.5,,
265033.144370018,3842142.77132978,637.229655867374,L6_1,1084.5,,
265033.144370018,3842142.77132978,637.229655867374,L6_1,1084.5,,
265033.144370018,3842142.77132978,637.229655867374,L6_1,1084.5,,
265033.144370018,3842142.77132978,637.229655867374,L6_1,1084.5,,
265033.144370018,3842142.77132978,637.229655867374,L6_1,1084.5,,
265033.144370018,3842142.77132978,637.229655867374,L6_1,1084.5,,
265033.144370018,3842142.77132978,637.229655867374,L6_1,1084.5,,
265033.144370018,3842142.77132978,637.229655867374,L6_1,1084.5,,
265033.144370018,3842142.77132978,637.229655867374,L6_1,1084.5,,
265033.144370018,3842142.77132978,637.229655867374,L6_1,1084.5,,
265033.144370018,3842142.77132978,637.229655867374,L6_1,1084.5,,
265033.144370018,3842142.77132978,637.229655867374,L6_1,1084.5,,
265033.144370018,3842142.77132978,637.229655867374,L6_1,1084.5,,
265033.144370018,3842142.77132978,637.229655867374,L6_1,1084.5,,
265033.144370018,3842142.77132978,637.229655867374,L6_1,1084.5,,
265033.144370018,3842142.77132978,637.229655867374,L6_1,1084.5,,
265038.098116021,3842146.16515535,637.964740685908,L6_1,1090.5,637.964740685908,63.6801632416079
265038.098116021,3842146.16515535,637.964740685908,L6_1,1090.5,632.562398343055,52.7514085901181
265038.098116021,3842146.16515535,637.964740685908,L6_1,1090.5,626.88993888306,29.5148260184018
265038.098116021,3842146.16515535,637.964740685908,L6_1,1090.5,620.933856450065,12.5402900748739
265038.098116021,3842146.16515535,637.964740685908,L6_1,1090.5,614.679969895421,5.18185180208717
265038.098116021,3842146.16515535,637.964740685908,L6_1,1090.5,608.113389013044,2.68991219424076
265038.098116021,3842146.16515535,637.964740685908,L6_1,1090.5,601.218479086549,2.10222418645495
265038.098116021,3842146.16515535,637.964740685908,L6_1,1090.5,593.978823663728,2.35804999201927
265038.098116021,3842146.16515535,637.964740685908,L6_1,1090.5,586.377185469767,3.1897831784463
265038.098116021,3842146.16515535,637.964740685908,L6_1,1090.5,578.395465366108,4.55605046577107
265038.098116021,3842146.16515535,637.964740685908,L6_1,1090.5,570.014659257265,6.42557804789805
265038.098116021,3842146.16515535,637.964740685908,L6_1,1090.5,561.214812842981,8.6793246615613
265038.098116021,3842146.16515535,637.964740685908,L6_1,1090.5,551.974974107982,11.0870275387289
265038.098116021,3842146.16515535,637.964740685908,L6_1,1090.5,542.273143436234,13.3749455918088
265038.098116021,3842146.16515535,637.964740685908,L6_1,1090.5,532.086221230898,15.3393911095373
265038.098116021,3842146.16515535,637.964740685908,L6_1,1090.5,521.389952915295,16.898235009532
265038.098116021,3842146.16515535,637.964740685908,L6_1,1090.5,510.158871183912,18.0540676635266
265038.098116021,3842146.16515535,637.964740685908,L6_1,1090.5,498.366235365959,18.8393148562791
265038.098116021,3842146.16515535,637.964740685908,L6_1,1090.5,485.98396775711,19.2940508277396
265038.098116021,3842146.16515535,637.964740685908,L6_1,1090.5,472.982586767817,19.46948163499
265038.098116021,3842146.16515535,637.964740685908,L6_1,1090.5,459.331136729061,19.4329943825111
265038.098116021,3842146.16515535,637.964740685908,L6_1,1090.5,444.997114188366,19.2636293576894
265038.098116021,3842146.16515535,637.964740685908,L6_1,1090.5,429.946390520636,19.0406447749402
265038.098116021,3842146.16515535,637.964740685908,L6_1,1090.5,414.14313066952,18.8320258099873
265038.098116021,3842146.16515535,637.964740685908,L6_1,1090.5,397.549707825849,18.6871957232567
265038.098116021,3842146.16515535,637.964740685908,L6_1,1090.5,380.126613839993,18.6344292352425
265038.098116021,3842146.16515535,637.964740685908,L6_1,1090.5,361.832365154845,18.6816023862719
265038.098116021,3842146.16515535,637.964740685908,L6_1,1090.5,342.62340403544,18.8187979944448
265038.098116021,3842146.16515535,637.964740685908,L6_1,1090.5,322.453994860064,19.0216031535637
265038.098116021,3842146.16515535,637.964740685908,L6_1,1090.5,301.27611522592,19.2546378866681
265038.098116021,3842146.16515535,637.964740685908,L6_1,1090.5,279.039341610068,19.4755544750672
265038.098116021,3842146.16515535,637.964740685908,L6_1,1090.5,255.708451005632,19.6397842000551
265038.098116021,3842146.16515535,637.964740685908,L6_1,1090.5,233.018253536091,19.7192580473009
265038.098116021,3842146.16515535,637.964740685908,L6_1,1090.5,209.193546193073,19.6963071336911
265038.098116021,3842146.16515535,637.964740685908,L6_1,1090.5,184.177603482904,19.5518688088954
265038.098116021,3842146.16515535,637.964740685908,L6_1,1090.5,157.910863637227,19.2766503658082
265038.098116021,3842146.16515535,637.964740685908,L6_1,1090.5,130.330786799265,18.8713213592877
265038.098116021,3842146.16515535,637.964740685908,L6_1,1090.5,101.371706119406,18.3456194792159
265038.098116021,3842146.16515535,637.964740685908,L6_1,1090.5,70.9646714055538,17.7166786547771
265038.098116021,3842146.16515535,637.964740685908,L6_1,1090.5,39.0372849560089,17.0069970803632
265038.098116021,3842146.16515535,637.964740685908,L6_1,1090.5,,
265038.098116021,3842146.16515535,637.964740685908,L6_1,1090.5,,
265038.098116021,3842146.16515535,637.964740685908,L6_1,1090.5,,
265038.098116021,3842146.16515535,637.964740685908,L6_1,1090.5,,
265038.098116021,3842146.16515535,637.964740685908,L6_1,1090.5,,
265038.098116021,3842146.16515535,637.964740685908,L6_1,1090.5,,
265038.098116021,3842146.16515535,637.964740685908,L6_1,1090.5,,
265038.098116021,3842146.16515535,637.964740685908,L6_1,1090.5,,
265038.098116021,3842146.16515535,637.964740685908,L6_1,1090.5,,
265038.098116021,3842146.16515535,637.964740685908,L6_1,1090.5,,
265038.098116021,3842146.16515535,637.964740685908,L6_1,1090.5,,
265038.098116021,3842146.16515535,637.964740685908,L6_1,1090.5,,
265038.098116021,3842146.16515535,637.964740685908,L6_1,1090.5,,
265038.098116021,3842146.16515535,637.964740685908,L6_1,1090.5,,
265038.098116021,3842146.16515535,637.964740685908,L6_1,1090.5,,
265038.098116021,3842146.16515535,637.964740685908,L6_1,1090.5,,
265038.098116021,3842146.16515535,637.964740685908,L6_1,1090.5,,
265038.098116021,3842146.16515535,637.964740685908,L6_1,1090.5,,
265038.098116021,3842146.16515535,637.964740685908,L6_1,1090.5,,
265038.098116021,3842146.16515535,637.964740685908,L6_1,1090.5,,
265038.098116021,3842146.16515535,637.964740685908,L6_1,1090.5,,
265043.464674192,3842149.84179972,638.661532088738,L6_1,1097.0,638.661532088738,59.536141054948
265043.464674192,3842149.84179972,638.661532088738,L6_1,1097.0,633.249336472565,52.8662383965092
265043.464674192,3842149.84179972,638.661532088738,L6_1,1097.0,627.566531075583,32.2263985442021
265043.464674192,3842149.84179972,638.661532088738,L6_1,1097.0,621.599585408752,13.9317297724169
265043.464674192,3842149.84179972,638.661532088738,L6_1,1097.0,615.334292458579,5.75411310698478
265043.464674192,3842149.84179972,638.661532088738,L6_1,1097.0,608.755734860898,2.97190016475884
265043.464674192,3842149.84179972,638.661532088738,L6_1,1097.0,601.848249383332,2.30477232745996
265043.464674192,3842149.84179972,638.661532088738,L6_1,1097.0,594.595389631888,2.56245814341026
265043.464674192,3842149.84179972,638.661532088738,L6_1,1097.0,586.979886892873,3.42873148705409
265043.464674192,3842149.84179972,638.661532088738,L6_1,1097.0,578.983609016906,4.83038267271289
265043.464674192,3842149.84179972,638.661532088738,L6_1,1097.0,570.587517247141,6.70765936898083
265043.464674192,3842149.84179972,638.661532088738,L6_1,1097.0,561.771620888888,8.91911047764051
265043.464674192,3842149.84179972,638.661532088738,L6_1,1097.0,552.514929712722,11.2257669001153
265043.464674192,3842149.84179972,638.661532088738,L6_1,1097.0,542.795403977748,13.3650319200085
265043.464674192,3842149.84179972,638.661532088738,L6_1,1097.0,532.589901956025,15.159975010211
265043.464674192,3842149.84179972,638.661532088738,L6_1,1097.0,521.874124833216,16.5578182809059
265043.464674192,3842149.84179972,638.661532088738,L6_1,1097.0,510.622558854266,17.5826376458525
265043.464674192,3842149.84179972,638.661532088738,L6_1,1097.0,498.808414576369,18.2776711320391
265043.464674192,3842149.84179972,638.661532088738,L6_1,1097.0,486.403563084577,18.6847915464857
265043.464674192,3842149.84179972,638.661532088738,L6_1,1097.0,473.378469018196,18.8506298929981
265043.464674192,3842149.84179972,638.661532088738,L6_1,1097.0,459.702120248496,18.8342213206792
265043.464674192,3842149.84179972,638.661532088738,L6_1,1097.0,445.34195404031,18.70490892474
265043.464674192,3842149.84179972,638.661532088738,L6_1,1097.0,430.263779521715,18.5328768246041
265043.464674192,3842149.84179972,638.661532088738,L6_1,1097.0,414.431696277191,18.3788651951993
265043.464674192,3842149.84179972,638.661532088738,L6_1,1097.0,397.80800887044,18.2872504149692
265043.464674192,3842149.84179972,638.661532088738,L6_1,1097.0,380.353137093352,18.2832514122662
265043.464674192,3842149.84179972,638.661532088738,L6_1,1097.0,362.025521727409,18.3732184651626
265043.464674192,3842149.84179972,638.661532088738,L6_1,1097.0,342.781525593169,18.5467310981492
265043.464674192,3842149.84179972,638.661532088738,L6_1,1097.0,322.575329652217,18.7794991159837
265043.464674192,3842149.84179972,638.661532088738,L6_1,1097.0,301.358823914218,19.0366242584759
265043.464674192,3842149.84179972,638.661532088738,L6_1,1097.0,279.081492889319,19.2764399496955
265043.464674192,3842149.84179972,638.661532088738,L6_1,1097.0,255.708451005632,19.4551736547349
265043.464674192,3842149.84179972,638.661532088738,L6_1,1097.0,233.018253536091,19.5458172504308
265043.464674192,3842149.84179972,638.661532088738,L6_1,1097.0,209.193546193073,19.531818434554
265043.464674192,3842149.84179972,638.661532088738,L6_1,1097.0,184.177603482904,19.3950073593044
265043.464674192,3842149.84179972,638.661532088738,L6_1,1097.0,157.910863637227,19.1268837364845
265043.464674192,3842149.84179972,638.661532088738,L6_1,1097.0,130.330786799265,18.7287531657729
265043.464674192,3842149.84179972,638.661532088738,L6_1,1097.0,101.371706119406,18.2108073130599
265043.464674192,3842149.84179972,638.661532088738,L6_1,1097.0,70.9646714055538,17.5904387582571
265043.464674192,3842149.84179972,638.661532088738,L6_1,1097.0,39.0372849560089,16.8902147896984
265043.464674192,3842149.84179972,638.661532088738,L6_1,1097.0,,
265043.464674192,3842149.84179972,638.661532088738,L6_1,1097.0,,
265043.464674192,3842149.84179972,638.661532088738,L6_1,1097.0,,
265043.464674192,3842149.84179972,638.661532088738,L6_1,1097.0,,
265043.464674192,3842149.84179972,638.661532088738,L6_1,1097.0,,
265043.464674192,3842149.84179972,638.661532088738,L6_1,1097.0,,
265043.464674192,3842149.84179972,638.661532088738,L6_1,1097.0,,
265043.464674192,3842149.84179972,638.661532088738,L6_1,1097.0,,
265043.464674192,3842149.84179972,638.661532088738,L6_1,1097.0,,
265043.464674192,3842149.84179972,638.661532088738,L6_1,1097.0,,
265043.464674192,3842149.84179972,638.661532088738,L6_1,1097.0,,
265043.464674192,3842149.84179972,638.661532088738,L6_1,1097.0,,
265043.464674192,3842149.84179972,638.661532088738,L6_1,1097.0,,
265043.464674192,3842149.84179972,638.661532088738,L6_1,1097.0,,
265043.464674192,3842149.84179972,638.661532088738,L6_1,1097.0,,
265043.464674192,3842149.84179972,638.661532088738,L6_1,1097.0,,
265043.464674192,3842149.84179972,638.661532088738,L6_1,1097.0,,
265043.464674192,3842149.84179972,638.661532088738,L6_1,1097.0,,
265043.464674192,3842149.84179972,638.661532088738,L6_1,1097.0,,
265043.464674192,3842149.84179972,638.661532088738,L6_1,1097.0,,
265043.464674192,3842149.84179972,638.661532088738,L6_1,1097.0,,
265048.418420195,3842153.23562529,639.358323491569,L6_1,1103.0,639.358323491569,62.519004777334
265048.418420195,3842153.23562529,639.358323491569,L6_1,1103.0,633.936274602074,55.7636430078574
265048.418420195,3842153.23562529,639.358323491569,L6_1,1103.0,628.243123268105,34.274519478354
265048.418420195,3842153.23562529,639.358323491569,L6_1,1103.0,622.265314367438,14.9660432161348
265048.418420195,3842153.23562529,639.358323491569,L6_1,1103.0,615.988615021737,6.26304858104891
265048.418420195,3842153.23562529,639.358323491569,L6_1,1103.0,609.398080708751,3.26376746472675
265048.418420195,3842153.23562529,639.358323491569,L6_1,1103.0,602.478019680115,2.52688923193887
265048.418420195,3842153.23562529,639.358323491569,L6_1,1103.0,595.211955600048,2.78171936188576
265048.418420195,3842153.23562529,639.358323491569,L6_1,1103.0,587.582588315978,3.67070636483369
265048.418420195,3842153.23562529,639.358323491569,L6_1,1103.0,579.571752667704,5.08876300358296
265048.418420195,3842153.23562529,639.358323491569,L6_1,1103.0,571.160375237016,6.94902143501796
265048.418420195,3842153.23562529,639.358323491569,L6_1,1103.0,562.328428934795,9.09247910257177
265048.418420195,3842153.23562529,639.358323491569,L6_1,1103.0,553.054885317461,11.2787782218579
265048.418420195,3842153.23562529,639.358323491569,L6_1,1103.0,543.317664519262,13.2624309024319
265048.418420195,3842153.23562529,639.358323491569,L6_1,1103.0,533.093582681152,14.8938794329414
265048.418420195,3842153.23562529,639.358323491569,L6_1,1103.0,522.358296751137,16.1451327862812
265048.418420195,3842153.23562529,639.358323491569,L6_1,1103.0,511.086246524621,17.055775406323
265048.418420195,3842153.23562529,639.358323491569,L6_1,1103.0,499.250593786779,17.675619804917
265048.418420195,3842153.23562529,639.358323491569,L6_1,1103.0,486.823158412045,18.0465703388825
265048.418420195,3842153.23562529,639.358323491569,L6_1,1103.0,473.774351268575,18.2106636260297
265048.418420195,3842153.23562529,639.358323491569,L6_1,1103.0,460.073103767931,18.2193650900855
265048.418420195,3842153.23562529,639.358323491569,L6_1,1103.0,445.686793892254,18.1332561563173
265048.418420195,3842153.23562529,639.358323491569,L6_1,1103.0,430.581168522794,18.0142199429044
265048.418420195,3842153.23562529,639.358323491569,L6_1,1103.0,414.720261884861,17.9162651329635
265048.418420195,3842153.23562529,639.358323491569,L6_1,1103.0,398.066309915031,17.8790186570635
265048.418420195,3842153.23562529,639.358323491569,L6_1,1103.0,380.57966034671,17.9247906604168
265048.418420195,3842153.23562529,639.358323491569,L6_1,1103.0,362.218678299973,18.0584588888599
265048.418420195,3842153.23562529,639.358323491569,L6_1,1103.0,342.939647150899,18.2691138281483
265048.418420195,3842153.23562529,639.358323491569,L6_1,1103.0,322.696664444371,18.5325871239302
265048.418420195,3842153.23562529,639.358323491569,L6_1,1103.0,301.441532602516,18.8144650733327
265048.418420195,3842153.23562529,639.358323491569,L6_1,1103.0,279.123644168569,19.0737770241326
265048.418420195,3842153.23562529,639.358323491569,L6_1,1103.0,255.708451005632,19.2675724398748
265048.418420195,3842153.23562529,639.358323491569,L6_1,1103.0,233.018253536091,19.3698889319302
265048.418420195,3842153.23562529,639.358323491569,L6_1,1103.0,209.193546193073,19.3652678068736
265048.418420195,3842153.23562529,639.358323491569,L6_1,1103.0,184.177603482904,19.2364440939102
265048.418420195,3842153.23562529,639.358323491569,L6_1,1103.0,157.910863637227,18.9757142730009
265048.418420195,3842153.23562529,639.358323491569,L6_1,1103.0,130.330786799265,18.5850268531264
265048.418420195,3842153.23562529,639.358323491569,L6_1,1103.0,101.371706119406,18.0750351057857
265048.418420195,3842153.23562529,639.358323491569,L6_1,1103.0,70.9646714055538,17.4633969235486
265048.418420195,3842153.23562529,639.358323491569,L6_1,1103.0,,
265048.418420195,3842153.23562529,639.358323491569,L6_1,1103.0,,
265048.418420195,3842153.23562529,639.358323491569,L6_1,1103.0,,
265048.418420195,3842153.23562529,639.358323491569,L6_1,1103.0,,
265048.418420195,3842153.23562529,639.358323491569,L6_1,1103.0,,
265048.418420195,3842153.23562529,639.358323491569,L6_1,1103.0,,
265048.418420195,3842153.23562529,639.358323491569,L6_1,1103.0,,
265048.418420195,3842153.23562529,639.358323491569,L6_1,1103.0,,
265048.418420195,3842153.23562529,639.358323491569,L6_1,1103.0,,
265048.418420195,3842153.23562529,639.358323491569,L6_1,1103.0,,
265048.418420195,3842153.23562529,639.358323491569,L6_1,1103.0,,
265048.418420195,3842153.23562529,639.358323491569,L6_1,1103.0,,
265048.418420195,3842153.23562529,639.358323491569,L6_1,1103.0,,
265048.418420195,3842153.23562529,639.358323491569,L6_1,1103.0,,
265048.418420195,3842153.23562529,639.358323491569,L6_1,1103.0,,
265048.418420195,3842153.23562529,639.358323491569,L6_1,1103.0,,
265048.418420195,3842153.23562529,639.358323491569,L6_1,1103.0,,
265048.418420195,3842153.23562529,639.358323491569,L6_1,1103.0,,
265048.418420195,3842153.23562529,639.358323491569,L6_1,1103.0,,
265048.418420195,3842153.23562529,639.358323491569,L6_1,1103.0,,
265048.418420195,3842153.23562529,639.358323491569,L6_1,1103.0,,
265048.418420195,3842153.23562529,639.358323491569,L6_1,1103.0,,
265053.784978365,3842156.91226966,640.055114894399,L6_1,1109.5,640.055114894399,71.9980335325238
265053.784978365,3842156.91226966,640.055114894399,L6_1,1109.5,634.623212731584,60.2163040399619
265053.784978365,3842156.91226966,640.055114894399,L6_1,1109.5,628.919715460628,34.4059029494031
265053.784978365,3842156.91226966,640.055114894399,L6_1,1109.5,622.931043326124,15.1173345982405
265053.784978365,3842156.91226966,640.055114894399,L6_1,1109.5,616.642937584895,6.54627021950996
265053.784978365,3842156.91226966,640.055114894399,L6_1,1109.5,610.040426556604,3.51525633701329
265053.784978365,3842156.91226966,640.055114894399,L6_1,1109.5,603.107789976899,2.74728918753649
265053.784978365,3842156.91226966,640.055114894399,L6_1,1109.5,595.828521568208,2.99860594896537
265053.784978365,3842156.91226966,640.055114894399,L6_1,1109.5,588.185289739084,3.89330901693782
265053.784978365,3842156.91226966,640.055114894399,L6_1,1109.5,580.159896318502,5.30076287965239
265053.784978365,3842156.91226966,640.055114894399,L6_1,1109.5,571.733233226892,7.11274981727846
265053.784978365,3842156.91226966,640.055114894399,L6_1,1109.5,562.885236980701,9.16036784682032
265053.784978365,3842156.91226966,640.055114894399,L6_1,1109.5,553.594840922201,11.2098366957659
265053.784978365,3842156.91226966,640.055114894399,L6_1,1109.5,543.839925060776,13.0372341336544
265053.784978365,3842156.91226966,640.055114894399,L6_1,1109.5,533.597263406279,14.5185540125019
265053.784978365,3842156.91226966,640.055114894399,L6_1,1109.5,522.842468669058,15.6442211750061
265053.784978365,3842156.91226966,640.055114894399,L6_1,1109.5,511.549934194975,16.4626752630425
265053.784978365,3842156.91226966,640.055114894399,L6_1,1109.5,499.692772997189,17.0261104230348
265053.784978365,3842156.91226966,640.055114894399,L6_1,1109.5,487.242753739513,17.3749744550287
265053.784978365,3842156.91226966,640.055114894399,L6_1,1109.5,474.170233518953,17.5469681477411
265053.784978365,3842156.91226966,640.055114894399,L6_1,1109.5,460.444087287366,17.5869942094872
265053.784978365,3842156.91226966,640.055114894399,L6_1,1109.5,446.031633744199,17.5479828723357
265053.784978365,3842156.91226966,640.055114894399,L6_1,1109.5,430.898557523873,17.4844236688298
265053.784978365,3842156.91226966,640.055114894399,L6_1,1109.5,415.008827492531,17.4442100606645
265053.784978365,3842156.91226966,640.055114894399,L6_1,1109.5,398.324610959623,17.4625899232264
265053.784978365,3842156.91226966,640.055114894399,L6_1,1109.5,380.806183600068,17.5591620065445
265053.784978365,3842156.91226966,640.055114894399,L6_1,1109.5,362.411834872536,17.7374199079013
265053.784978365,3842156.91226966,640.055114894399,L6_1,1109.5,343.097768708628,17.9860017506769
265053.784978365,3842156.91226966,640.055114894399,L6_1,1109.5,322.817999236524,18.2808748343318
265053.784978365,3842156.91226966,640.055114894399,L6_1,1109.5,301.524241290815,18.5881219739189
265053.784978365,3842156.91226966,640.055114894399,L6_1,1109.5,279.16579544782,18.8674911988534
265053.784978365,3842156.91226966,640.055114894399,L6_1,1109.5,255.708451005632,19.0768861917058
265053.784978365,3842156.91226966,640.055114894399,L6_1,1109.5,233.018253536091,19.1913751704908
265053.784978365,3842156.91226966,640.055114894399,L6_1,1109.5,209.193546193073,19.1965649339166
265053.784978365,3842156.91226966,640.055114894399,L6_1,1109.5,184.177603482904,19.0761017109445
265053.784978365,3842156.91226966,640.055114894399,L6_1,1109.5,157.910863637227,18.8230797094752
265053.784978365,3842156.91226966,640.055114894399,L6_1,1109.5,130.330786799265,18.440095122827
265053.784978365,3842156.91226966,640.055114894399,L6_1,1109.5,101.371706119406,17.9382689161078
265053.784978365,3842156.91226966,640.055114894399,L6_1,1109.5,70.9646714055538,17.335530251267
265053.784978365,3842156.91226966,640.055114894399,L6_1,1109.5,,
265053.784978365,3842156.91226966,640.055114894399,L6_1,1109.5,,
265053.784978365,3842156.91226966,640.055114894399,L6_1,1109.5,,
265053.784978365,3842156.91226966,640.055114894399,L6_1,1109.5,,
265053.784978365,3842156.91226966,640.055114894399,L6_1,1109.5,,
265053.784978365,3842156.91226966,640.055114894399,L6_1,1109.5,,
265053.784978365,3842156.91226966,640.055114894399,L6_1,1109.5,,
265053.784978365,3842156.91226966,640.055114894399,L6_1,1109.5,,
265053.784978365,3842156.91226966,640.055114894399,L6_1,1109.5,,
265053.784978365,3842156.91226966,640.055114894399,L6_1,1109.5,,
265053.784978365,3842156.91226966,640.055114894399,L6_1,1109.5,,
265053.784978365,3842156.91226966,640.055114894399,L6_1,1109.5,,
265053.784978365,3842156.91226966,640.055114894399,L6_1,1109.5,,
265053.784978365,3842156.91226966,640.055114894399,L6_1,1109.5,,
265053.784978365,3842156.91226966,640.055114894399,L6_1,1109.5,,
265053.784978365,3842156.91226966,640.055114894399,L6_1,1109.5,,
265053.784978365,3842156.91226966,640.055114894399,L6_1,1109.5,,
265053.784978365,3842156.91226966,640.055114894399,L6_1,1109.5,,
265053.784978365,3842156.91226966,640.055114894399,L6_1,1109.5,,
265053.784978365,3842156.91226966,640.055114894399,L6_1,1109.5,,
265053.784978365,3842156.91226966,640.055114894399,L6_1,1109.5,,
265053.784978365,3842156.91226966,640.055114894399,L6_1,1109.5,,
265058.738724368,3842160.30609524,640.403381357521,L6_1,1115.5,640.403381357521,76.8821390824769
265058.738724368,3842160.30609524,640.403381357521,L6_1,1115.5,634.966554385594,62.0055694099994
265058.738724368,3842160.30609524,640.403381357521,L6_1,1115.5,629.25788606507,33.9835234849241
265058.738724368,3842160.30609524,640.403381357521,L6_1,1115.5,623.263784328521,14.9823176810223
265058.738724368,3842160.30609524,640.403381357521,L6_1,1115.5,616.969977505143,6.62037637628438
265058.738724368,3842160.30609524,640.403381357521,L6_1,1115.5,610.361480340597,3.62196066174365
265058.738724368,3842160.30609524,640.403381357521,L6_1,1115.5,603.422558317824,2.85091244480947
265058.738724368,3842160.30609524,640.403381357521,L6_1,1115.5,596.136690193912,3.10076670992497
265058.738724368,3842160.30609524,640.403381357521,L6_1,1115.5,588.486528663804,3.99359016047293
265058.738724368,3842160.30609524,640.403381357521,L6_1,1115.5,580.453859057191,5.38868160386691
265058.738724368,3842160.30609524,640.403381357521,L6_1,1115.5,572.019555970248,7.16912741224303
265058.738724368,3842160.30609524,640.403381357521,L6_1,1115.5,563.163537728957,9.16310996457444
265058.738724368,3842160.30609524,640.403381357521,L6_1,1115.5,553.864718575601,11.1419281953748
265058.738724368,3842160.30609524,640.403381357521,L6_1,1115.5,544.100958464578,12.89312912133
265058.738724368,3842160.30609524,640.403381357521,L6_1,1115.5,533.849010348004,14.3046097235372
265058.738724368,3842160.30609524,640.403381357521,L6_1,1115.5,523.084464825601,15.3742101088977
265058.738724368,3842160.30609524,640.403381357521,L6_1,1115.5,511.781692027078,16.1531293522979
265058.738724368,3842160.30609524,640.403381357521,L6_1,1115.5,499.913780588628,16.6937618005024
265058.738724368,3842160.30609524,640.403381357521,L6_1,1115.5,487.452473578257,17.0354996271373
265058.738724368,3842160.30609524,640.403381357521,L6_1,1115.5,474.368101217366,17.213973515901
265058.738724368,3842160.30609524,640.403381357521,L6_1,1115.5,460.629510238431,17.2710991199557
265058.738724368,3842160.30609524,640.403381357521,L6_1,1115.5,446.20398971055,17.2563181337263
265058.738724368,3842160.30609524,640.403381357521,L6_1,1115.5,431.057193156274,17.220716706177
265058.738724368,3842160.30609524,640.403381357521,L6_1,1115.5,415.153056774284,17.2093472771174
265058.738724368,3842160.30609524,640.403381357521,L6_1,1115.5,398.453713573195,17.2554070241625
265058.738724368,3842160.30609524,640.403381357521,L6_1,1115.5,380.919403212052,17.3772163062017
265058.738724368,3842160.30609524,640.403381357521,L6_1,1115.5,362.508377332851,17.5776132932531
265058.738724368,3842160.30609524,640.403381357521,L6_1,1115.5,343.176800159691,17.8450222709804
265058.738724368,3842160.30609524,640.403381357521,L6_1,1115.5,322.878644127872,18.1554798024596
265058.738724368,3842160.30609524,640.403381357521,L6_1,1115.5,301.565580294462,18.4753145377588
265058.738724368,3842160.30609524,640.403381357521,L6_1,1115.5,279.186863269382,18.7646321779693
265058.738724368,3842160.30609524,640.403381357521,L6_1,1115.5,255.708451005632,18.9817639457562
265058.738724368,3842160.30609524,640.403381357521,L6_1,1115.5,233.018253536091,19.1022939837197
265058.738724368,3842160.30609524,640.403381357521,L6_1,1115.5,209.193546193073,19.1123592800802
265058.738724368,3842160.30609524,640.403381357521,L6_1,1115.5,184.177603482904,18.9960565349274
265058.738724368,3842160.30609524,640.403381357521,L6_1,1115.5,157.910863637227,18.7468747662005
265058.738724368,3842160.30609524,640.403381357521,L6_1,1115.5,130.330786799265,18.3677310247737
265058.738724368,3842160.30609524,640.403381357521,L6_1,1115.5,101.371706119406,17.8699780256201
265058.738724368,3842160.30609524,640.403381357521,L6_1,1115.5,70.9646714055538,17.2716792780372
265058.738724368,3842160.30609524,640.403381357521,L6_1,1115.5,,
265058.738724368,3842160.30609524,640.403381357521,L6_1,1115.5,,
265058.738724368,3842160.30609524,640.403381357521,L6_1,1115.5,,
265058.738724368,3842160.30609524,640.403381357521,L6_1,1115.5,,
265058.738724368,3842160.30609524,640.403381357521,L6_1,1115.5,,
265058.738724368,3842160.30609524,640.403381357521,L6_1,1115.5,,
265058.738724368,3842160.30609524,640.403381357521,L6_1,1115.5,,
265058.738724368,3842160.30609524,640.403381357521,L6_1,1115.5,,
265058.738724368,3842160.30609524,640.403381357521,L6_1,1115.5,,
265058.738724368,3842160.30609524,640.403381357521,L6_1,1115.5,,
265058.738724368,3842160.30609524,640.403381357521,L6_1,1115.5,,
265058.738724368,3842160.30609524,640.403381357521,L6_1,1115.5,,
265058.738724368,3842160.30609524,640.403381357521,L6_1,1115.5,,
265058.738724368,3842160.30609524,640.403381357521,L6_1,1115.5,,
265058.738724368,3842160.30609524,640.403381357521,L6_1,1115.5,,
265058.738724368,3842160.30609524,640.403381357521,L6_1,1115.5,,
265058.738724368,3842160.30609524,640.403381357521,L6_1,1115.5,,
265058.738724368,3842160.30609524,640.403381357521,L6_1,1115.5,,
265058.738724368,3842160.30609524,640.403381357521,L6_1,1115.5,,
265058.738724368,3842160.30609524,640.403381357521,L6_1,1115.5,,
265058.738724368,3842160.30609524,640.403381357521,L6_1,1115.5,,
265058.738724368,3842160.30609524,640.403381357521,L6_1,1115.5,,
